=== Job started: Wed Jul 15 08:11:38 PM UTC 2026 ===
=== Node: x3002c0s7b0n0 ===

The following have been reloaded with a version change:
  1) gcc-native/14 => gcc-native/13


The following have been reloaded with a version change:
  1) gcc-native/13 => gcc-native/14.2

[INFO] GTL preloaded: /opt/cray/pe/mpich/9.0.1/ofi/nvidia/23.3/lib/libmpi_gtl_cuda.so
=============================================
  Polaris DDP + Eagle PyTorch + Cray MPICH
=============================================
Node              : x3002c0s7b0n0
ZFP_HOME          : /home/mrest/mpiAllReduceCompressed/zfp-install
GTL               : /opt/cray/pe/mpich/9.0.1/ofi/nvidia/23.3/lib/libmpi_gtl_cuda.so
MPICH_GPU_SUPPORT : 1

PyTorch version   : 2.8.0a0+gitba56102
PyTorch location  : /lus/eagle/projects/UIC-HPC/mrest/pytorch_mpi_build/src/pytorch/torch/__init__.py
CUDA available    : True 4
MPI available     : True
mpi4py            : MPI VERSION    : CRAY MPICH version 9.0.1.498 (ANL base 4.1.2)
mpi4py rank test  : rank 0 OK
=============================================
=== Starting: model=wide_resnet50_2, ws=4, bs=16, gb=64, lr=0.1, sched=cosine, warmup=0, mom=0.9, wd=5e-4, nesterov=true, wd_bn_bias=false, backend=nccl, hook=none, zfp=none at Wed Jul 15 08:12:14 PM UTC 2026 ===

================================================================================
DISTRIBUTED TRAINING LAUNCHER
================================================================================
  Model:      wide_resnet50_2 (CIFAR stem) (from scratch)
  Dataset:    cifar10 (10 classes)
  Image size: 32
  LR:         0.1
  Momentum:   0.9 (nesterov=True)
  Optimizer:  sgd
  Weight dec: 0.0005 (on BN/bias=False)
  Backend:    nccl
  Algorithm:  built-in (no hook)
  Epochs:     20
  Batch/rank: 16
  LR:         0.1
  Scheduler:  cosine
  Warmup:     0
  Grad clip:  None
  Drop last:  True
  Data dir:   ./data
================================================================================


================================================================================
Distributed Training: WIDE_RESNET50_2 on CIFAR10
Backend: NCCL, Algorithm: built-in (no hook)
================================================================================
Ranks: 4, Epochs: 20, Batch/rank: 16, Effective batch: 64
LR: 0.1, Device: cuda:0

[Cache] Pretrained weights cache (TORCH_HOME) = ./data/pretrained_weights_cache
[Setup] Model on cuda:0, wrapped in DDP (static_graph=True)
[Setup] No hook — using DDP built-in NCCL allreduce
[Optim] SGD: lr=0.1 momentum=0.9 nesterov=True wd=0.0005 wd_on_bn_bias=False
[Optim]   group 0: 66,778,816 params, wd=0.0005
[Optim]   group 1: 68,234 params, wd=0.0
[Data] Train batches: 781, Val batches: 625

[Sched] cosine: steps/epoch=781, total_steps=15620, warmup_steps=0 (0 epochs)


[Epoch 1] Training... (lr at epoch start=0.100000)

================================================================================
DISTRIBUTED TRAINING LAUNCHER
================================================================================
  Model:      wide_resnet50_2 (CIFAR stem) (from scratch)
  Dataset:    cifar10 (10 classes)
  Image size: 32
  LR:         0.1
  Momentum:   0.9 (nesterov=True)
  Optimizer:  sgd
  Weight dec: 0.0005 (on BN/bias=False)
  Backend:    nccl
  Algorithm:  built-in (no hook)
  Epochs:     20
  Batch/rank: 16
  LR:         0.1
  Scheduler:  cosine
  Warmup:     0
  Grad clip:  None
  Drop last:  True
  Data dir:   ./data
================================================================================


================================================================================
DISTRIBUTED TRAINING LAUNCHER
================================================================================
  Model:      wide_resnet50_2 (CIFAR stem) (from scratch)
  Dataset:    cifar10 (10 classes)
  Image size: 32
  LR:         0.1
  Momentum:   0.9 (nesterov=True)
  Optimizer:  sgd
  Weight dec: 0.0005 (on BN/bias=False)
  Backend:    nccl
  Algorithm:  built-in (no hook)
  Epochs:     20
  Batch/rank: 16
  LR:         0.1
  Scheduler:  cosine
  Warmup:     0
  Grad clip:  None
  Drop last:  True
  Data dir:   ./data
================================================================================


================================================================================
DISTRIBUTED TRAINING LAUNCHER
================================================================================
  Model:      wide_resnet50_2 (CIFAR stem) (from scratch)
  Dataset:    cifar10 (10 classes)
  Image size: 32
  LR:         0.1
  Momentum:   0.9 (nesterov=True)
  Optimizer:  sgd
  Weight dec: 0.0005 (on BN/bias=False)
  Backend:    nccl
  Algorithm:  built-in (no hook)
  Epochs:     20
  Batch/rank: 16
  LR:         0.1
  Scheduler:  cosine
  Warmup:     0
  Grad clip:  None
  Drop last:  True
  Data dir:   ./data
================================================================================

  Batch [50/781] Loss: 8.9344, Acc: 11.50%, lr: 0.099997
  Batch [100/781] Loss: 5.7903, Acc: 10.38%, lr: 0.099990
  Batch [150/781] Loss: 4.6823, Acc: 11.08%, lr: 0.099977
  Batch [200/781] Loss: 4.0944, Acc: 11.66%, lr: 0.099960
  Batch [250/781] Loss: 3.7193, Acc: 12.82%, lr: 0.099937
  Batch [300/781] Loss: 3.4638, Acc: 13.81%, lr: 0.099909
  Batch [350/781] Loss: 3.2766, Acc: 14.57%, lr: 0.099876
  Batch [400/781] Loss: 3.1312, Acc: 14.97%, lr: 0.099838
  Batch [450/781] Loss: 3.0173, Acc: 15.25%, lr: 0.099795
  Batch [500/781] Loss: 2.9282, Acc: 15.56%, lr: 0.099747
  Batch [550/781] Loss: 2.8531, Acc: 15.90%, lr: 0.099694
  Batch [600/781] Loss: 2.7865, Acc: 16.39%, lr: 0.099636
  Batch [650/781] Loss: 2.7294, Acc: 16.69%, lr: 0.099573
  Batch [700/781] Loss: 2.6763, Acc: 17.07%, lr: 0.099505
  Batch [750/781] Loss: 2.6305, Acc: 17.69%, lr: 0.099432
[Epoch 1] Train Loss: 2.6025, Acc: 17.95%  |  Val Loss: 2.0897, Acc: 30.01%  |  Time: 25.0s
[Epoch 1] t_iter median: 22.29 ms  (fwd 6.96 | bwd+comm 12.23 | opt 2.97 | data 0.11)  |  train-only epoch: 20.9s
  -> Best model saved (30.01%)
[Epoch 1] Summarizing hook timing...
[HOOK_TIMING_SUMMARY] epoch=1 no hook timing samples
[Epoch 1] Hook timing summary done

[Epoch 2] Training... (lr at epoch start=0.099384)
  Batch [50/781] Loss: 1.9856, Acc: 25.50%, lr: 0.099303
  Batch [100/781] Loss: 1.9634, Acc: 26.00%, lr: 0.099217
  Batch [150/781] Loss: 1.9526, Acc: 26.92%, lr: 0.099126
  Batch [200/781] Loss: 1.9423, Acc: 27.91%, lr: 0.099030
  Batch [250/781] Loss: 1.9418, Acc: 27.98%, lr: 0.098929
  Batch [300/781] Loss: 1.9456, Acc: 27.79%, lr: 0.098823
  Batch [350/781] Loss: 1.9362, Acc: 27.70%, lr: 0.098712
  Batch [400/781] Loss: 1.9221, Acc: 28.11%, lr: 0.098596
  Batch [450/781] Loss: 1.9126, Acc: 28.46%, lr: 0.098475
  Batch [500/781] Loss: 1.8961, Acc: 29.07%, lr: 0.098350
  Batch [550/781] Loss: 1.8856, Acc: 29.57%, lr: 0.098219
  Batch [600/781] Loss: 1.8748, Acc: 30.05%, lr: 0.098084
  Batch [650/781] Loss: 1.8672, Acc: 30.16%, lr: 0.097943
  Batch [700/781] Loss: 1.8613, Acc: 30.41%, lr: 0.097798
  Batch [750/781] Loss: 1.8542, Acc: 30.73%, lr: 0.097648
[Epoch 2] Train Loss: 1.8502, Acc: 30.88%  |  Val Loss: 1.7267, Acc: 35.79%  |  Time: 21.2s
[Epoch 2] t_iter median: 22.06 ms  (fwd 6.97 | bwd+comm 12.00 | opt 2.98 | data 0.11)  |  train-only epoch: 17.3s
  -> Best model saved (35.79%)
[Epoch 2] Summarizing hook timing...
[HOOK_TIMING_SUMMARY] epoch=2 no hook timing samples
[Epoch 2] Hook timing summary done

[Epoch 3] Training... (lr at epoch start=0.097553)
  Batch [50/781] Loss: 1.7033, Acc: 35.75%, lr: 0.097395
  Batch [100/781] Loss: 1.6935, Acc: 37.00%, lr: 0.097232
  Batch [150/781] Loss: 1.6910, Acc: 37.00%, lr: 0.097065
  Batch [200/781] Loss: 1.6866, Acc: 37.47%, lr: 0.096893
  Batch [250/781] Loss: 1.6915, Acc: 37.75%, lr: 0.096716
  Batch [300/781] Loss: 1.6960, Acc: 37.60%, lr: 0.096535
  Batch [350/781] Loss: 1.6934, Acc: 37.66%, lr: 0.096348
  Batch [400/781] Loss: 1.6814, Acc: 38.00%, lr: 0.096157
  Batch [450/781] Loss: 1.6693, Acc: 38.78%, lr: 0.095962
  Batch [500/781] Loss: 1.6591, Acc: 39.16%, lr: 0.095761
  Batch [550/781] Loss: 1.6523, Acc: 39.36%, lr: 0.095556
  Batch [600/781] Loss: 1.6465, Acc: 39.57%, lr: 0.095347
  Batch [650/781] Loss: 1.6451, Acc: 39.47%, lr: 0.095133
  Batch [700/781] Loss: 1.6402, Acc: 39.54%, lr: 0.094914
  Batch [750/781] Loss: 1.6354, Acc: 39.73%, lr: 0.094691
[Epoch 3] Train Loss: 1.6336, Acc: 39.92%  |  Val Loss: 1.6126, Acc: 46.16%  |  Time: 21.4s
[Epoch 3] t_iter median: 22.15 ms  (fwd 6.91 | bwd+comm 12.17 | opt 2.98 | data 0.07)  |  train-only epoch: 17.4s
  -> Best model saved (46.16%)
[Epoch 3] Summarizing hook timing...
[HOOK_TIMING_SUMMARY] epoch=3 no hook timing samples
[Epoch 3] Hook timing summary done

[Epoch 4] Training... (lr at epoch start=0.094550)
  Batch [50/781] Loss: 1.5398, Acc: 45.12%, lr: 0.094320
  Batch [100/781] Loss: 1.5483, Acc: 44.00%, lr: 0.094085
  Batch [150/781] Loss: 1.5469, Acc: 44.12%, lr: 0.093845
  Batch [200/781] Loss: 1.5436, Acc: 44.00%, lr: 0.093601
  Batch [250/781] Loss: 1.5277, Acc: 44.83%, lr: 0.093353
  Batch [300/781] Loss: 1.5136, Acc: 45.35%, lr: 0.093100
  Batch [350/781] Loss: 1.5042, Acc: 45.80%, lr: 0.092843
  Batch [400/781] Loss: 1.4997, Acc: 46.02%, lr: 0.092582
  Batch [450/781] Loss: 1.4897, Acc: 46.39%, lr: 0.092316
  Batch [500/781] Loss: 1.4828, Acc: 46.58%, lr: 0.092046
  Batch [550/781] Loss: 1.4812, Acc: 46.85%, lr: 0.091772
  Batch [600/781] Loss: 1.4733, Acc: 47.23%, lr: 0.091494
  Batch [650/781] Loss: 1.4757, Acc: 46.94%, lr: 0.091211
  Batch [700/781] Loss: 1.4658, Acc: 47.45%, lr: 0.090924
  Batch [750/781] Loss: 1.4590, Acc: 47.62%, lr: 0.090633
[Epoch 4] Train Loss: 1.4556, Acc: 47.66%  |  Val Loss: 1.3078, Acc: 54.09%  |  Time: 21.4s
[Epoch 4] t_iter median: 22.37 ms  (fwd 6.95 | bwd+comm 12.31 | opt 2.98 | data 0.11)  |  train-only epoch: 17.6s
  -> Best model saved (54.09%)
[Epoch 4] Summarizing hook timing...
[HOOK_TIMING_SUMMARY] epoch=4 no hook timing samples
[Epoch 4] Hook timing summary done

[Epoch 5] Training... (lr at epoch start=0.090451)
  Batch [50/781] Loss: 1.3825, Acc: 49.50%, lr: 0.090153
  Batch [100/781] Loss: 1.3560, Acc: 51.38%, lr: 0.089852
  Batch [150/781] Loss: 1.3814, Acc: 50.25%, lr: 0.089546
  Batch [200/781] Loss: 1.3954, Acc: 49.69%, lr: 0.089236
  Batch [250/781] Loss: 1.3743, Acc: 50.50%, lr: 0.088923
  Batch [300/781] Loss: 1.3628, Acc: 50.73%, lr: 0.088605
  Batch [350/781] Loss: 1.3607, Acc: 50.57%, lr: 0.088284
  Batch [400/781] Loss: 1.3526, Acc: 50.89%, lr: 0.087958
  Batch [450/781] Loss: 1.3487, Acc: 51.07%, lr: 0.087629
  Batch [500/781] Loss: 1.3451, Acc: 51.15%, lr: 0.087296
  Batch [550/781] Loss: 1.3334, Acc: 51.60%, lr: 0.086959
  Batch [600/781] Loss: 1.3257, Acc: 52.02%, lr: 0.086619
  Batch [650/781] Loss: 1.3215, Acc: 52.27%, lr: 0.086274
  Batch [700/781] Loss: 1.3195, Acc: 52.52%, lr: 0.085927
  Batch [750/781] Loss: 1.3116, Acc: 52.92%, lr: 0.085575
[Epoch 5] Train Loss: 1.3123, Acc: 52.87%  |  Val Loss: 7.9420, Acc: 53.63%  |  Time: 21.4s
[Epoch 5] t_iter median: 22.29 ms  (fwd 6.91 | bwd+comm 12.30 | opt 2.98 | data 0.11)  |  train-only epoch: 17.5s
[Epoch 5] Summarizing hook timing...
[HOOK_TIMING_SUMMARY] epoch=5 no hook timing samples
[Epoch 5] Hook timing summary done

[Epoch 6] Training... (lr at epoch start=0.085355)
  Batch [50/781] Loss: 1.2431, Acc: 55.88%, lr: 0.084998
  Batch [100/781] Loss: 1.2227, Acc: 56.56%, lr: 0.084637
  Batch [150/781] Loss: 1.1840, Acc: 57.79%, lr: 0.084273
  Batch [200/781] Loss: 1.1812, Acc: 57.91%, lr: 0.083905
  Batch [250/781] Loss: 1.1742, Acc: 57.92%, lr: 0.083534
  Batch [300/781] Loss: 1.1606, Acc: 58.58%, lr: 0.083159
  Batch [350/781] Loss: 1.1518, Acc: 58.61%, lr: 0.082781
  Batch [400/781] Loss: 1.1461, Acc: 58.89%, lr: 0.082400
  Batch [450/781] Loss: 1.1410, Acc: 58.92%, lr: 0.082015
  Batch [500/781] Loss: 1.1413, Acc: 59.19%, lr: 0.081627
  Batch [550/781] Loss: 1.1425, Acc: 59.07%, lr: 0.081236
  Batch [600/781] Loss: 1.1381, Acc: 59.19%, lr: 0.080842
  Batch [650/781] Loss: 1.1307, Acc: 59.45%, lr: 0.080445
  Batch [700/781] Loss: 1.1351, Acc: 59.45%, lr: 0.080044
  Batch [750/781] Loss: 1.1288, Acc: 59.67%, lr: 0.079641
[Epoch 6] Train Loss: 1.1237, Acc: 59.84%  |  Val Loss: 0.9463, Acc: 66.40%  |  Time: 21.2s
[Epoch 6] t_iter median: 21.95 ms  (fwd 6.93 | bwd+comm 11.93 | opt 2.98 | data 0.11)  |  train-only epoch: 17.3s
  -> Best model saved (66.40%)
[Epoch 6] Summarizing hook timing...
[HOOK_TIMING_SUMMARY] epoch=6 no hook timing samples
[Epoch 6] Hook timing summary done

[Epoch 7] Training... (lr at epoch start=0.079389)
  Batch [50/781] Loss: 0.9901, Acc: 65.50%, lr: 0.078981
  Batch [100/781] Loss: 0.9960, Acc: 65.12%, lr: 0.078570
  Batch [150/781] Loss: 0.9768, Acc: 65.08%, lr: 0.078156
  Batch [200/781] Loss: 0.9760, Acc: 64.72%, lr: 0.077739
  Batch [250/781] Loss: 0.9811, Acc: 64.70%, lr: 0.077319
  Batch [300/781] Loss: 0.9661, Acc: 65.25%, lr: 0.076897
  Batch [350/781] Loss: 0.9575, Acc: 65.43%, lr: 0.076471
  Batch [400/781] Loss: 0.9527, Acc: 65.72%, lr: 0.076043
  Batch [450/781] Loss: 0.9555, Acc: 65.79%, lr: 0.075613
  Batch [500/781] Loss: 0.9548, Acc: 65.96%, lr: 0.075180
  Batch [550/781] Loss: 0.9508, Acc: 66.18%, lr: 0.074744
  Batch [600/781] Loss: 0.9471, Acc: 66.26%, lr: 0.074306
  Batch [650/781] Loss: 0.9420, Acc: 66.36%, lr: 0.073865
  Batch [700/781] Loss: 0.9370, Acc: 66.55%, lr: 0.073422
  Batch [750/781] Loss: 0.9366, Acc: 66.53%, lr: 0.072977
[Epoch 7] Train Loss: 0.9331, Acc: 66.62%  |  Val Loss: 0.8553, Acc: 70.42%  |  Time: 21.2s
[Epoch 7] t_iter median: 22.08 ms  (fwd 6.84 | bwd+comm 12.17 | opt 2.98 | data 0.07)  |  train-only epoch: 17.3s
  -> Best model saved (70.42%)
[Epoch 7] Summarizing hook timing...
[HOOK_TIMING_SUMMARY] epoch=7 no hook timing samples
[Epoch 7] Hook timing summary done

[Epoch 8] Training... (lr at epoch start=0.072700)
  Batch [50/781] Loss: 0.8625, Acc: 71.75%, lr: 0.072250
  Batch [100/781] Loss: 0.8862, Acc: 70.25%, lr: 0.071799
  Batch [150/781] Loss: 0.8832, Acc: 69.42%, lr: 0.071345
  Batch [200/781] Loss: 0.8822, Acc: 69.03%, lr: 0.070890
  Batch [250/781] Loss: 0.8677, Acc: 69.55%, lr: 0.070432
  Batch [300/781] Loss: 0.8524, Acc: 69.94%, lr: 0.069972
  Batch [350/781] Loss: 0.8513, Acc: 69.91%, lr: 0.069510
  Batch [400/781] Loss: 0.8424, Acc: 70.12%, lr: 0.069046
  Batch [450/781] Loss: 0.8471, Acc: 70.08%, lr: 0.068580
  Batch [500/781] Loss: 0.8418, Acc: 70.38%, lr: 0.068112
  Batch [550/781] Loss: 0.8299, Acc: 70.81%, lr: 0.067643
  Batch [600/781] Loss: 0.8231, Acc: 71.01%, lr: 0.067171
  Batch [650/781] Loss: 0.8147, Acc: 71.34%, lr: 0.066698
  Batch [700/781] Loss: 0.8076, Acc: 71.62%, lr: 0.066223
  Batch [750/781] Loss: 0.8070, Acc: 71.63%, lr: 0.065747
[Epoch 8] Train Loss: 0.8062, Acc: 71.59%  |  Val Loss: 0.7572, Acc: 73.73%  |  Time: 21.5s
[Epoch 8] t_iter median: 22.21 ms  (fwd 6.98 | bwd+comm 12.13 | opt 2.98 | data 0.11)  |  train-only epoch: 17.5s
  -> Best model saved (73.73%)
[Epoch 8] Summarizing hook timing...
[HOOK_TIMING_SUMMARY] epoch=8 no hook timing samples
[Epoch 8] Hook timing summary done

[Epoch 9] Training... (lr at epoch start=0.065451)
  Batch [50/781] Loss: 0.7692, Acc: 73.00%, lr: 0.064972
  Batch [100/781] Loss: 0.7531, Acc: 73.56%, lr: 0.064491
  Batch [150/781] Loss: 0.7544, Acc: 73.38%, lr: 0.064009
  Batch [200/781] Loss: 0.7650, Acc: 73.22%, lr: 0.063526
  Batch [250/781] Loss: 0.7630, Acc: 73.55%, lr: 0.063041
  Batch [300/781] Loss: 0.7716, Acc: 73.10%, lr: 0.062555
  Batch [350/781] Loss: 0.7522, Acc: 73.79%, lr: 0.062068
  Batch [400/781] Loss: 0.7459, Acc: 74.12%, lr: 0.061579
  Batch [450/781] Loss: 0.7443, Acc: 74.01%, lr: 0.061090
  Batch [500/781] Loss: 0.7390, Acc: 74.00%, lr: 0.060599
  Batch [550/781] Loss: 0.7399, Acc: 73.97%, lr: 0.060107
  Batch [600/781] Loss: 0.7344, Acc: 74.19%, lr: 0.059614
  Batch [650/781] Loss: 0.7322, Acc: 74.32%, lr: 0.059120
  Batch [700/781] Loss: 0.7310, Acc: 74.39%, lr: 0.058625
  Batch [750/781] Loss: 0.7284, Acc: 74.39%, lr: 0.058129
[Epoch 9] Train Loss: 0.7278, Acc: 74.42%  |  Val Loss: 0.6470, Acc: 77.84%  |  Time: 21.2s
[Epoch 9] t_iter median: 21.96 ms  (fwd 6.95 | bwd+comm 11.91 | opt 2.98 | data 0.11)  |  train-only epoch: 17.2s
  -> Best model saved (77.84%)
[Epoch 9] Summarizing hook timing...
[HOOK_TIMING_SUMMARY] epoch=9 no hook timing samples
[Epoch 9] Hook timing summary done

[Epoch 10] Training... (lr at epoch start=0.057822)
  Batch [50/781] Loss: 0.6771, Acc: 76.12%, lr: 0.057325
  Batch [100/781] Loss: 0.6703, Acc: 75.88%, lr: 0.056827
  Batch [150/781] Loss: 0.6611, Acc: 76.33%, lr: 0.056329
  Batch [200/781] Loss: 0.6535, Acc: 76.78%, lr: 0.055829
  Batch [250/781] Loss: 0.6590, Acc: 76.47%, lr: 0.055330
  Batch [300/781] Loss: 0.6584, Acc: 76.79%, lr: 0.054830
  Batch [350/781] Loss: 0.6609, Acc: 77.00%, lr: 0.054329
  Batch [400/781] Loss: 0.6609, Acc: 77.19%, lr: 0.053828
  Batch [450/781] Loss: 0.6533, Acc: 77.35%, lr: 0.053326
  Batch [500/781] Loss: 0.6554, Acc: 77.25%, lr: 0.052824
  Batch [550/781] Loss: 0.6557, Acc: 77.25%, lr: 0.052322
  Batch [600/781] Loss: 0.6512, Acc: 77.41%, lr: 0.051820
  Batch [650/781] Loss: 0.6506, Acc: 77.36%, lr: 0.051317
  Batch [700/781] Loss: 0.6480, Acc: 77.55%, lr: 0.050815
  Batch [750/781] Loss: 0.6486, Acc: 77.56%, lr: 0.050312
[Epoch 10] Train Loss: 0.6484, Acc: 77.59%  |  Val Loss: 0.6114, Acc: 79.41%  |  Time: 21.1s
[Epoch 10] t_iter median: 21.97 ms  (fwd 6.91 | bwd+comm 11.96 | opt 2.98 | data 0.12)  |  train-only epoch: 17.3s
  -> Best model saved (79.41%)
[Epoch 10] Summarizing hook timing...
[HOOK_TIMING_SUMMARY] epoch=10 no hook timing samples
[Epoch 10] Hook timing summary done

[Epoch 11] Training... (lr at epoch start=0.050000)
  Batch [50/781] Loss: 0.5237, Acc: 82.75%, lr: 0.049497
  Batch [100/781] Loss: 0.5448, Acc: 81.69%, lr: 0.048994
  Batch [150/781] Loss: 0.5652, Acc: 80.96%, lr: 0.048492
  Batch [200/781] Loss: 0.5838, Acc: 80.22%, lr: 0.047989
  Batch [250/781] Loss: 0.5902, Acc: 79.85%, lr: 0.047487
  Batch [300/781] Loss: 0.5875, Acc: 79.92%, lr: 0.046985
  Batch [350/781] Loss: 0.5954, Acc: 79.59%, lr: 0.046483
  Batch [400/781] Loss: 0.5919, Acc: 79.62%, lr: 0.045982
  Batch [450/781] Loss: 0.5927, Acc: 79.65%, lr: 0.045481
  Batch [500/781] Loss: 0.5909, Acc: 79.70%, lr: 0.044980
  Batch [550/781] Loss: 0.5877, Acc: 79.90%, lr: 0.044480
  Batch [600/781] Loss: 0.5799, Acc: 80.11%, lr: 0.043981
  Batch [650/781] Loss: 0.5822, Acc: 80.08%, lr: 0.043482
  Batch [700/781] Loss: 0.5804, Acc: 80.07%, lr: 0.042984
  Batch [750/781] Loss: 0.5804, Acc: 80.10%, lr: 0.042486
[Epoch 11] Train Loss: 0.5828, Acc: 79.99%  |  Val Loss: 0.5655, Acc: 80.97%  |  Time: 21.1s
[Epoch 11] t_iter median: 21.89 ms  (fwd 6.90 | bwd+comm 11.91 | opt 2.98 | data 0.10)  |  train-only epoch: 17.2s
  -> Best model saved (80.97%)
[Epoch 11] Summarizing hook timing...
[HOOK_TIMING_SUMMARY] epoch=11 no hook timing samples
[Epoch 11] Hook timing summary done

[Epoch 12] Training... (lr at epoch start=0.042178)
  Batch [50/781] Loss: 0.5265, Acc: 81.62%, lr: 0.041682
  Batch [100/781] Loss: 0.5179, Acc: 81.69%, lr: 0.041187
  Batch [150/781] Loss: 0.5248, Acc: 81.46%, lr: 0.040692
  Batch [200/781] Loss: 0.5375, Acc: 81.41%, lr: 0.040199
  Batch [250/781] Loss: 0.5444, Acc: 80.78%, lr: 0.039706
  Batch [300/781] Loss: 0.5593, Acc: 80.46%, lr: 0.039215
  Batch [350/781] Loss: 0.5567, Acc: 80.71%, lr: 0.038724
  Batch [400/781] Loss: 0.5562, Acc: 80.75%, lr: 0.038235
  Batch [450/781] Loss: 0.5544, Acc: 80.69%, lr: 0.037747
  Batch [500/781] Loss: 0.5520, Acc: 80.71%, lr: 0.037260
  Batch [550/781] Loss: 0.5489, Acc: 80.83%, lr: 0.036774
  Batch [600/781] Loss: 0.5440, Acc: 80.94%, lr: 0.036290
  Batch [650/781] Loss: 0.5391, Acc: 81.10%, lr: 0.035807
  Batch [700/781] Loss: 0.5386, Acc: 81.21%, lr: 0.035326
  Batch [750/781] Loss: 0.5402, Acc: 81.15%, lr: 0.034846
[Epoch 12] Train Loss: 0.5398, Acc: 81.20%  |  Val Loss: 0.4950, Acc: 83.29%  |  Time: 21.6s
[Epoch 12] t_iter median: 22.45 ms  (fwd 6.86 | bwd+comm 12.53 | opt 2.98 | data 0.07)  |  train-only epoch: 17.6s
  -> Best model saved (83.29%)
[Epoch 12] Summarizing hook timing...
[HOOK_TIMING_SUMMARY] epoch=12 no hook timing samples
[Epoch 12] Hook timing summary done

[Epoch 13] Training... (lr at epoch start=0.034549)
  Batch [50/781] Loss: 0.5174, Acc: 81.50%, lr: 0.034072
  Batch [100/781] Loss: 0.5012, Acc: 83.06%, lr: 0.033596
  Batch [150/781] Loss: 0.5054, Acc: 82.79%, lr: 0.033122
  Batch [200/781] Loss: 0.5097, Acc: 82.59%, lr: 0.032649
  Batch [250/781] Loss: 0.5040, Acc: 82.83%, lr: 0.032179
  Batch [300/781] Loss: 0.5020, Acc: 82.83%, lr: 0.031710
  Batch [350/781] Loss: 0.4976, Acc: 83.04%, lr: 0.031243
  Batch [400/781] Loss: 0.4937, Acc: 83.27%, lr: 0.030778
  Batch [450/781] Loss: 0.4869, Acc: 83.47%, lr: 0.030314
  Batch [500/781] Loss: 0.4907, Acc: 83.26%, lr: 0.029853
  Batch [550/781] Loss: 0.4875, Acc: 83.38%, lr: 0.029394
  Batch [600/781] Loss: 0.4861, Acc: 83.35%, lr: 0.028937
  Batch [650/781] Loss: 0.4873, Acc: 83.13%, lr: 0.028482
  Batch [700/781] Loss: 0.4945, Acc: 82.90%, lr: 0.028029
  Batch [750/781] Loss: 0.4897, Acc: 83.05%, lr: 0.027579
[Epoch 13] Train Loss: 0.4907, Acc: 83.03%  |  Val Loss: 0.4734, Acc: 83.36%  |  Time: 21.3s
[Epoch 13] t_iter median: 22.29 ms  (fwd 6.88 | bwd+comm 12.35 | opt 2.98 | data 0.07)  |  train-only epoch: 17.5s
  -> Best model saved (83.36%)
[Epoch 13] Summarizing hook timing...
[HOOK_TIMING_SUMMARY] epoch=13 no hook timing samples
[Epoch 13] Hook timing summary done

[Epoch 14] Training... (lr at epoch start=0.027300)
  Batch [50/781] Loss: 0.4989, Acc: 82.25%, lr: 0.026854
  Batch [100/781] Loss: 0.4780, Acc: 83.56%, lr: 0.026409
  Batch [150/781] Loss: 0.4468, Acc: 84.42%, lr: 0.025967
  Batch [200/781] Loss: 0.4511, Acc: 84.38%, lr: 0.025527
  Batch [250/781] Loss: 0.4616, Acc: 84.12%, lr: 0.025090
  Batch [300/781] Loss: 0.4617, Acc: 84.10%, lr: 0.024655
  Batch [350/781] Loss: 0.4676, Acc: 83.88%, lr: 0.024223
  Batch [400/781] Loss: 0.4626, Acc: 83.91%, lr: 0.023794
  Batch [450/781] Loss: 0.4617, Acc: 84.00%, lr: 0.023367
  Batch [500/781] Loss: 0.4624, Acc: 84.04%, lr: 0.022943
  Batch [550/781] Loss: 0.4585, Acc: 84.07%, lr: 0.022521
  Batch [600/781] Loss: 0.4568, Acc: 84.15%, lr: 0.022102
  Batch [650/781] Loss: 0.4556, Acc: 84.22%, lr: 0.021687
  Batch [700/781] Loss: 0.4549, Acc: 84.28%, lr: 0.021274
  Batch [750/781] Loss: 0.4523, Acc: 84.35%, lr: 0.020864
[Epoch 14] Train Loss: 0.4516, Acc: 84.37%  |  Val Loss: 0.4346, Acc: 84.98%  |  Time: 21.3s
[Epoch 14] t_iter median: 22.19 ms  (fwd 6.98 | bwd+comm 12.11 | opt 2.98 | data 0.11)  |  train-only epoch: 17.4s
  -> Best model saved (84.98%)
[Epoch 14] Summarizing hook timing...
[HOOK_TIMING_SUMMARY] epoch=14 no hook timing samples
[Epoch 14] Hook timing summary done

[Epoch 15] Training... (lr at epoch start=0.020611)
  Batch [50/781] Loss: 0.3707, Acc: 86.50%, lr: 0.020205
  Batch [100/781] Loss: 0.3832, Acc: 86.19%, lr: 0.019803
  Batch [150/781] Loss: 0.3949, Acc: 86.00%, lr: 0.019404
  Batch [200/781] Loss: 0.4025, Acc: 85.78%, lr: 0.019008
  Batch [250/781] Loss: 0.3991, Acc: 85.70%, lr: 0.018615
  Batch [300/781] Loss: 0.4002, Acc: 85.92%, lr: 0.018225
  Batch [350/781] Loss: 0.3882, Acc: 86.41%, lr: 0.017838
  Batch [400/781] Loss: 0.3893, Acc: 86.55%, lr: 0.017455
  Batch [450/781] Loss: 0.3917, Acc: 86.47%, lr: 0.017075
  Batch [500/781] Loss: 0.3867, Acc: 86.66%, lr: 0.016698
  Batch [550/781] Loss: 0.3884, Acc: 86.66%, lr: 0.016325
  Batch [600/781] Loss: 0.3894, Acc: 86.60%, lr: 0.015955
  Batch [650/781] Loss: 0.3888, Acc: 86.63%, lr: 0.015588
  Batch [700/781] Loss: 0.3895, Acc: 86.58%, lr: 0.015225
  Batch [750/781] Loss: 0.3869, Acc: 86.62%, lr: 0.014866
[Epoch 15] Train Loss: 0.3866, Acc: 86.63%  |  Val Loss: 0.3934, Acc: 86.17%  |  Time: 21.4s
[Epoch 15] t_iter median: 22.50 ms  (fwd 6.88 | bwd+comm 12.51 | opt 2.98 | data 0.11)  |  train-only epoch: 17.6s
  -> Best model saved (86.17%)
[Epoch 15] Summarizing hook timing...
[HOOK_TIMING_SUMMARY] epoch=15 no hook timing samples
[Epoch 15] Hook timing summary done

[Epoch 16] Training... (lr at epoch start=0.014645)
  Batch [50/781] Loss: 0.3433, Acc: 88.25%, lr: 0.014291
  Batch [100/781] Loss: 0.3516, Acc: 87.88%, lr: 0.013941
  Batch [150/781] Loss: 0.3726, Acc: 87.04%, lr: 0.013594
  Batch [200/781] Loss: 0.3734, Acc: 87.19%, lr: 0.013251
  Batch [250/781] Loss: 0.3557, Acc: 87.88%, lr: 0.012912
  Batch [300/781] Loss: 0.3469, Acc: 87.94%, lr: 0.012577
  Batch [350/781] Loss: 0.3427, Acc: 88.09%, lr: 0.012245
  Batch [400/781] Loss: 0.3456, Acc: 87.94%, lr: 0.011918
  Batch [450/781] Loss: 0.3452, Acc: 87.88%, lr: 0.011594
  Batch [500/781] Loss: 0.3475, Acc: 87.74%, lr: 0.011274
  Batch [550/781] Loss: 0.3477, Acc: 87.74%, lr: 0.010958
  Batch [600/781] Loss: 0.3475, Acc: 87.77%, lr: 0.010646
  Batch [650/781] Loss: 0.3464, Acc: 87.76%, lr: 0.010337
  Batch [700/781] Loss: 0.3434, Acc: 87.89%, lr: 0.010033
  Batch [750/781] Loss: 0.3421, Acc: 87.89%, lr: 0.009733
[Epoch 16] Train Loss: 0.3390, Acc: 88.00%  |  Val Loss: 0.3631, Acc: 87.96%  |  Time: 21.3s
[Epoch 16] t_iter median: 22.35 ms  (fwd 6.87 | bwd+comm 12.36 | opt 2.98 | data 0.11)  |  train-only epoch: 17.5s
  -> Best model saved (87.96%)
[Epoch 16] Summarizing hook timing...
[HOOK_TIMING_SUMMARY] epoch=16 no hook timing samples
[Epoch 16] Hook timing summary done

[Epoch 17] Training... (lr at epoch start=0.009549)
  Batch [50/781] Loss: 0.3458, Acc: 88.12%, lr: 0.009256
  Batch [100/781] Loss: 0.3247, Acc: 88.94%, lr: 0.008966
  Batch [150/781] Loss: 0.3132, Acc: 89.33%, lr: 0.008681
  Batch [200/781] Loss: 0.3092, Acc: 89.41%, lr: 0.008400
  Batch [250/781] Loss: 0.3069, Acc: 89.45%, lr: 0.008123
  Batch [300/781] Loss: 0.3005, Acc: 89.75%, lr: 0.007851
  Batch [350/781] Loss: 0.2946, Acc: 89.91%, lr: 0.007582
  Batch [400/781] Loss: 0.2920, Acc: 89.92%, lr: 0.007318
  Batch [450/781] Loss: 0.2857, Acc: 90.07%, lr: 0.007058
  Batch [500/781] Loss: 0.2836, Acc: 90.08%, lr: 0.006803
  Batch [550/781] Loss: 0.2826, Acc: 90.15%, lr: 0.006552
  Batch [600/781] Loss: 0.2843, Acc: 90.04%, lr: 0.006305
  Batch [650/781] Loss: 0.2822, Acc: 90.13%, lr: 0.006063
  Batch [700/781] Loss: 0.2837, Acc: 90.07%, lr: 0.005825
  Batch [750/781] Loss: 0.2817, Acc: 90.15%, lr: 0.005592
[Epoch 17] Train Loss: 0.2799, Acc: 90.22%  |  Val Loss: 0.3229, Acc: 89.21%  |  Time: 21.2s
[Epoch 17] t_iter median: 22.02 ms  (fwd 6.89 | bwd+comm 12.05 | opt 2.98 | data 0.10)  |  train-only epoch: 17.3s
  -> Best model saved (89.21%)
[Epoch 17] Summarizing hook timing...
[HOOK_TIMING_SUMMARY] epoch=17 no hook timing samples
[Epoch 17] Hook timing summary done

[Epoch 18] Training... (lr at epoch start=0.005450)
  Batch [50/781] Loss: 0.2533, Acc: 91.25%, lr: 0.005224
  Batch [100/781] Loss: 0.2511, Acc: 91.00%, lr: 0.005002
  Batch [150/781] Loss: 0.2416, Acc: 91.58%, lr: 0.004785
  Batch [200/781] Loss: 0.2341, Acc: 91.56%, lr: 0.004573
  Batch [250/781] Loss: 0.2468, Acc: 91.20%, lr: 0.004365
  Batch [300/781] Loss: 0.2431, Acc: 91.31%, lr: 0.004162
  Batch [350/781] Loss: 0.2443, Acc: 91.32%, lr: 0.003963
  Batch [400/781] Loss: 0.2488, Acc: 91.31%, lr: 0.003770
  Batch [450/781] Loss: 0.2458, Acc: 91.38%, lr: 0.003580
  Batch [500/781] Loss: 0.2463, Acc: 91.31%, lr: 0.003396
  Batch [550/781] Loss: 0.2476, Acc: 91.28%, lr: 0.003216
  Batch [600/781] Loss: 0.2473, Acc: 91.27%, lr: 0.003041
  Batch [650/781] Loss: 0.2474, Acc: 91.28%, lr: 0.002871
  Batch [700/781] Loss: 0.2471, Acc: 91.23%, lr: 0.002705
  Batch [750/781] Loss: 0.2484, Acc: 91.22%, lr: 0.002544
[Epoch 18] Train Loss: 0.2488, Acc: 91.22%  |  Val Loss: 0.3142, Acc: 89.66%  |  Time: 21.3s
[Epoch 18] t_iter median: 22.23 ms  (fwd 6.92 | bwd+comm 12.21 | opt 2.98 | data 0.11)  |  train-only epoch: 17.4s
  -> Best model saved (89.66%)
[Epoch 18] Summarizing hook timing...
[HOOK_TIMING_SUMMARY] epoch=18 no hook timing samples
[Epoch 18] Hook timing summary done

[Epoch 19] Training... (lr at epoch start=0.002447)
  Batch [50/781] Loss: 0.1833, Acc: 94.25%, lr: 0.002294
  Batch [100/781] Loss: 0.1913, Acc: 94.00%, lr: 0.002146
  Batch [150/781] Loss: 0.1950, Acc: 93.79%, lr: 0.002003
  Batch [200/781] Loss: 0.2040, Acc: 93.41%, lr: 0.001864
  Batch [250/781] Loss: 0.1988, Acc: 93.60%, lr: 0.001731
  Batch [300/781] Loss: 0.2097, Acc: 93.21%, lr: 0.001602
  Batch [350/781] Loss: 0.2078, Acc: 93.18%, lr: 0.001478
  Batch [400/781] Loss: 0.2073, Acc: 93.22%, lr: 0.001359
  Batch [450/781] Loss: 0.2077, Acc: 93.24%, lr: 0.001245
  Batch [500/781] Loss: 0.2067, Acc: 93.21%, lr: 0.001136
  Batch [550/781] Loss: 0.2065, Acc: 93.20%, lr: 0.001032
  Batch [600/781] Loss: 0.2080, Acc: 93.07%, lr: 0.000933
  Batch [650/781] Loss: 0.2071, Acc: 93.03%, lr: 0.000839
  Batch [700/781] Loss: 0.2069, Acc: 93.07%, lr: 0.000750
  Batch [750/781] Loss: 0.2062, Acc: 93.07%, lr: 0.000665
[Epoch 19] Train Loss: 0.2053, Acc: 93.10%  |  Val Loss: 0.3066, Acc: 89.95%  |  Time: 21.1s
[Epoch 19] t_iter median: 21.97 ms  (fwd 6.91 | bwd+comm 11.97 | opt 2.98 | data 0.11)  |  train-only epoch: 17.2s
  -> Best model saved (89.95%)
[Epoch 19] Summarizing hook timing...
[HOOK_TIMING_SUMMARY] epoch=19 no hook timing samples
[Epoch 19] Hook timing summary done

[Epoch 20] Training... (lr at epoch start=0.000616)
  Batch [50/781] Loss: 0.1565, Acc: 95.38%, lr: 0.000539
  Batch [100/781] Loss: 0.1552, Acc: 94.69%, lr: 0.000468
  Batch [150/781] Loss: 0.1786, Acc: 93.75%, lr: 0.000402
  Batch [200/781] Loss: 0.1775, Acc: 93.94%, lr: 0.000341
  Batch [250/781] Loss: 0.1763, Acc: 94.10%, lr: 0.000285
  Batch [300/781] Loss: 0.1785, Acc: 93.94%, lr: 0.000234
  Batch [350/781] Loss: 0.1814, Acc: 93.77%, lr: 0.000188
  Batch [400/781] Loss: 0.1796, Acc: 93.75%, lr: 0.000147
  Batch [450/781] Loss: 0.1810, Acc: 93.60%, lr: 0.000111
  Batch [500/781] Loss: 0.1842, Acc: 93.50%, lr: 0.000080
  Batch [550/781] Loss: 0.1815, Acc: 93.59%, lr: 0.000054
  Batch [600/781] Loss: 0.1817, Acc: 93.52%, lr: 0.000033
  Batch [650/781] Loss: 0.1822, Acc: 93.43%, lr: 0.000017
  Batch [700/781] Loss: 0.1831, Acc: 93.41%, lr: 0.000007
  Batch [750/781] Loss: 0.1805, Acc: 93.54%, lr: 0.000001
[Epoch 20] Train Loss: 0.1811, Acc: 93.53%  |  Val Loss: 0.3030, Acc: 90.17%  |  Time: 21.5s
[Epoch 20] t_iter median: 22.07 ms  (fwd 6.96 | bwd+comm 12.07 | opt 2.98 | data 0.11)  |  train-only epoch: 17.3s
  -> Best model saved (90.17%)
[Epoch 20] Summarizing hook timing...
[HOOK_TIMING_SUMMARY] epoch=20 no hook timing samples
[Epoch 20] Hook timing summary done

================================================================================
Done in 446.6s | Best val acc: 90.17%
Epoch times (train+val): mean=21.5s  min=21.1s  max=25.0s
Train-only epoch time (epochs 2..N): median=17.41s  min=17.19s  max=17.64s
  -> use this for STRONG scaling (fixed global batch)
  -> use t_iter_median_ms from the CSV for WEAK scaling (fixed local batch)
================================================================================
=== Finished training: model=wide_resnet50_2, dataset=cifar10, batch=16, lr=0.1, scheduler=cosine, backend=nccl, hook=none, zfp_rate=none, status=0 at Wed Jul 15 08:20:01 PM UTC 2026 ===
=== Starting: model=wide_resnet50_2, ws=4, bs=16, gb=64, lr=0.1, sched=cosine, warmup=0, mom=0.9, wd=5e-4, nesterov=true, wd_bn_bias=false, backend=nccl, hook=ring, zfp=none at Wed Jul 15 08:20:01 PM UTC 2026 ===

================================================================================
DISTRIBUTED TRAINING LAUNCHER
================================================================================
  Model:      wide_resnet50_2 (CIFAR stem) (from scratch)
  Dataset:    cifar10 (10 classes)
  Image size: 32
  LR:         0.1
  Momentum:   0.9 (nesterov=True)
  Optimizer:  sgd
  Weight dec: 0.0005 (on BN/bias=False)
  Backend:    nccl
  Algorithm:  ring
  Epochs:     20
  Batch/rank: 16
  LR:         0.1
  Scheduler:  cosine
  Warmup:     0
  Grad clip:  None
  Drop last:  True
  Data dir:   ./data
================================================================================


================================================================================
Distributed Training: WIDE_RESNET50_2 on CIFAR10
Backend: NCCL, Algorithm: ring
================================================================================
Ranks: 4, Epochs: 20, Batch/rank: 16, Effective batch: 64
LR: 0.1, Device: cuda:0

[Cache] Pretrained weights cache (TORCH_HOME) = ./data/pretrained_weights_cache
[Setup] Model on cuda:0, wrapped in DDP (static_graph=True)
[Setup] Hook registered: nccl/ring
[Optim] SGD: lr=0.1 momentum=0.9 nesterov=True wd=0.0005 wd_on_bn_bias=False
[Optim]   group 0: 66,778,816 params, wd=0.0005
[Optim]   group 1: 68,234 params, wd=0.0

================================================================================
DISTRIBUTED TRAINING LAUNCHER
================================================================================
  Model:      wide_resnet50_2 (CIFAR stem) (from scratch)
  Dataset:    cifar10 (10 classes)
  Image size: 32
  LR:         0.1
  Momentum:   0.9 (nesterov=True)
  Optimizer:  sgd
  Weight dec: 0.0005 (on BN/bias=False)
  Backend:    nccl
  Algorithm:  ring
  Epochs:     20
  Batch/rank: 16
  LR:         0.1
  Scheduler:  cosine
  Warmup:     0
  Grad clip:  None
  Drop last:  True
  Data dir:   ./data
================================================================================

[Data] Train batches: 781, Val batches: 625

[Sched] cosine: steps/epoch=781, total_steps=15620, warmup_steps=0 (0 epochs)


[Epoch 1] Training... (lr at epoch start=0.100000)

================================================================================
DISTRIBUTED TRAINING LAUNCHER
================================================================================
  Model:      wide_resnet50_2 (CIFAR stem) (from scratch)
  Dataset:    cifar10 (10 classes)
  Image size: 32
  LR:         0.1
  Momentum:   0.9 (nesterov=True)
  Optimizer:  sgd
  Weight dec: 0.0005 (on BN/bias=False)
  Backend:    nccl
  Algorithm:  ring
  Epochs:     20
  Batch/rank: 16
  LR:         0.1
  Scheduler:  cosine
  Warmup:     0
  Grad clip:  None
  Drop last:  True
  Data dir:   ./data
================================================================================


================================================================================
DISTRIBUTED TRAINING LAUNCHER
================================================================================
  Model:      wide_resnet50_2 (CIFAR stem) (from scratch)
  Dataset:    cifar10 (10 classes)
  Image size: 32
  LR:         0.1
  Momentum:   0.9 (nesterov=True)
  Optimizer:  sgd
  Weight dec: 0.0005 (on BN/bias=False)
  Backend:    nccl
  Algorithm:  ring
  Epochs:     20
  Batch/rank: 16
  LR:         0.1
  Scheduler:  cosine
  Warmup:     0
  Grad clip:  None
  Drop last:  True
  Data dir:   ./data
================================================================================

  Batch [50/781] Loss: 8.1477, Acc: 11.12%, lr: 0.099997
  Batch [100/781] Loss: 5.2451, Acc: 11.88%, lr: 0.099990
  Batch [150/781] Loss: 4.2807, Acc: 12.04%, lr: 0.099977
  Batch [200/781] Loss: 3.7922, Acc: 11.91%, lr: 0.099960
  Batch [250/781] Loss: 3.4992, Acc: 12.38%, lr: 0.099937
  Batch [300/781] Loss: 3.2931, Acc: 12.81%, lr: 0.099909
  Batch [350/781] Loss: 3.1335, Acc: 13.66%, lr: 0.099876
  Batch [400/781] Loss: 3.0043, Acc: 14.48%, lr: 0.099838
  Batch [450/781] Loss: 2.9030, Acc: 15.06%, lr: 0.099795
  Batch [500/781] Loss: 2.8158, Acc: 15.97%, lr: 0.099747
  Batch [550/781] Loss: 2.7440, Acc: 16.92%, lr: 0.099694
  Batch [600/781] Loss: 2.6780, Acc: 17.61%, lr: 0.099636
  Batch [650/781] Loss: 2.6226, Acc: 18.35%, lr: 0.099573
  Batch [700/781] Loss: 2.5718, Acc: 19.11%, lr: 0.099505
  Batch [750/781] Loss: 2.5278, Acc: 19.92%, lr: 0.099432
[Epoch 1] Train Loss: 2.5021, Acc: 20.37%  |  Val Loss: 1.7645, Acc: 35.28%  |  Time: 37.9s
[Epoch 1] t_iter median: 42.69 ms  (fwd 7.06 | bwd+comm 32.17 | opt 3.30 | data 0.11)  |  train-only epoch: 33.9s
  -> Best model saved (35.28%)
[Epoch 1] Summarizing hook timing...

[HOOK_TIMING_SUMMARY] epoch=1
[HOOK_WORK_SUMMARY] label=nccl:ring calls=6241 work_total_ms=23732.168 work_mean_ms=3.803 work_min_ms=1.298 work_max_ms=148.689
[HOOK_TAIL_SUMMARY] label=nccl:ring steps=782 tail_total_ms=16783.747 tail_mean_ms=21.463 tail_min_ms=9.549 tail_max_ms=150.703
[Epoch 1] Hook timing summary done

[Epoch 2] Training... (lr at epoch start=0.099384)
  Batch [50/781] Loss: 1.8887, Acc: 30.50%, lr: 0.099303
  Batch [100/781] Loss: 1.8746, Acc: 30.12%, lr: 0.099217
  Batch [150/781] Loss: 1.8670, Acc: 30.71%, lr: 0.099126
  Batch [200/781] Loss: 1.8579, Acc: 30.75%, lr: 0.099030
  Batch [250/781] Loss: 1.8510, Acc: 31.60%, lr: 0.098929
  Batch [300/781] Loss: 1.8506, Acc: 31.40%, lr: 0.098823
  Batch [350/781] Loss: 1.8422, Acc: 31.36%, lr: 0.098712
  Batch [400/781] Loss: 1.8294, Acc: 32.09%, lr: 0.098596
  Batch [450/781] Loss: 1.8178, Acc: 32.61%, lr: 0.098475
  Batch [500/781] Loss: 1.8063, Acc: 32.99%, lr: 0.098350
  Batch [550/781] Loss: 1.7923, Acc: 33.62%, lr: 0.098219
  Batch [600/781] Loss: 1.7825, Acc: 33.95%, lr: 0.098084
  Batch [650/781] Loss: 1.7757, Acc: 34.27%, lr: 0.097943
  Batch [700/781] Loss: 1.7682, Acc: 34.53%, lr: 0.097798
  Batch [750/781] Loss: 1.7588, Acc: 34.97%, lr: 0.097648
[Epoch 2] Train Loss: 1.7527, Acc: 35.21%  |  Val Loss: 1.6202, Acc: 41.27%  |  Time: 35.7s
[Epoch 2] t_iter median: 40.69 ms  (fwd 7.06 | bwd+comm 30.27 | opt 3.27 | data 0.11)  |  train-only epoch: 31.8s
  -> Best model saved (41.27%)
[Epoch 2] Summarizing hook timing...

[HOOK_TIMING_SUMMARY] epoch=2
[HOOK_WORK_SUMMARY] label=nccl:ring calls=6248 work_total_ms=22484.582 work_mean_ms=3.599 work_min_ms=1.282 work_max_ms=29.504
[HOOK_TAIL_SUMMARY] label=nccl:ring steps=781 tail_total_ms=15826.503 tail_mean_ms=20.264 tail_min_ms=14.797 tail_max_ms=34.532
[Epoch 2] Hook timing summary done

[Epoch 3] Training... (lr at epoch start=0.097553)
  Batch [50/781] Loss: 1.5766, Acc: 44.38%, lr: 0.097395
  Batch [100/781] Loss: 1.5820, Acc: 42.88%, lr: 0.097232
  Batch [150/781] Loss: 1.5819, Acc: 42.62%, lr: 0.097065
  Batch [200/781] Loss: 1.5744, Acc: 42.91%, lr: 0.096893
  Batch [250/781] Loss: 1.5666, Acc: 43.35%, lr: 0.096716
  Batch [300/781] Loss: 1.5722, Acc: 43.21%, lr: 0.096535
  Batch [350/781] Loss: 1.5652, Acc: 43.64%, lr: 0.096348
  Batch [400/781] Loss: 1.5542, Acc: 44.00%, lr: 0.096157
  Batch [450/781] Loss: 1.5407, Acc: 44.40%, lr: 0.095962
  Batch [500/781] Loss: 1.5287, Acc: 44.98%, lr: 0.095761
  Batch [550/781] Loss: 1.5197, Acc: 45.15%, lr: 0.095556
  Batch [600/781] Loss: 1.5115, Acc: 45.43%, lr: 0.095347
  Batch [650/781] Loss: 1.5052, Acc: 45.70%, lr: 0.095133
  Batch [700/781] Loss: 1.4992, Acc: 45.96%, lr: 0.094914
  Batch [750/781] Loss: 1.4911, Acc: 46.26%, lr: 0.094691
[Epoch 3] Train Loss: 1.4877, Acc: 46.32%  |  Val Loss: 1.4527, Acc: 51.08%  |  Time: 37.1s
[Epoch 3] t_iter median: 42.20 ms  (fwd 6.95 | bwd+comm 31.96 | opt 3.20 | data 0.11)  |  train-only epoch: 33.1s
  -> Best model saved (51.08%)
[Epoch 3] Summarizing hook timing...

[HOOK_TIMING_SUMMARY] epoch=3
[HOOK_WORK_SUMMARY] label=nccl:ring calls=6248 work_total_ms=24074.154 work_mean_ms=3.853 work_min_ms=1.294 work_max_ms=29.522
[HOOK_TAIL_SUMMARY] label=nccl:ring steps=781 tail_total_ms=17413.005 tail_mean_ms=22.296 tail_min_ms=15.212 tail_max_ms=33.221
[Epoch 3] Hook timing summary done

[Epoch 4] Training... (lr at epoch start=0.094550)
  Batch [50/781] Loss: 1.3809, Acc: 50.38%, lr: 0.094320
  Batch [100/781] Loss: 1.3737, Acc: 49.06%, lr: 0.094085
  Batch [150/781] Loss: 1.3649, Acc: 49.38%, lr: 0.093845
  Batch [200/781] Loss: 1.3567, Acc: 50.00%, lr: 0.093601
  Batch [250/781] Loss: 1.3298, Acc: 50.92%, lr: 0.093353
  Batch [300/781] Loss: 1.3182, Acc: 51.46%, lr: 0.093100
  Batch [350/781] Loss: 1.3158, Acc: 51.45%, lr: 0.092843
  Batch [400/781] Loss: 1.3055, Acc: 51.97%, lr: 0.092582
  Batch [450/781] Loss: 1.2914, Acc: 52.65%, lr: 0.092316
  Batch [500/781] Loss: 1.2927, Acc: 52.92%, lr: 0.092046
  Batch [550/781] Loss: 1.2901, Acc: 53.15%, lr: 0.091772
  Batch [600/781] Loss: 1.2859, Acc: 53.39%, lr: 0.091494
  Batch [650/781] Loss: 1.2849, Acc: 53.64%, lr: 0.091211
  Batch [700/781] Loss: 1.2763, Acc: 54.03%, lr: 0.090924
  Batch [750/781] Loss: 1.2699, Acc: 54.32%, lr: 0.090633
[Epoch 4] Train Loss: 1.2634, Acc: 54.51%  |  Val Loss: 1.1900, Acc: 60.42%  |  Time: 35.8s
[Epoch 4] t_iter median: 40.45 ms  (fwd 6.98 | bwd+comm 30.06 | opt 3.25 | data 0.11)  |  train-only epoch: 31.8s
  -> Best model saved (60.42%)
[Epoch 4] Summarizing hook timing...

[HOOK_TIMING_SUMMARY] epoch=4
[HOOK_WORK_SUMMARY] label=nccl:ring calls=6248 work_total_ms=22598.291 work_mean_ms=3.617 work_min_ms=1.286 work_max_ms=24.226
[HOOK_TAIL_SUMMARY] label=nccl:ring steps=781 tail_total_ms=15866.148 tail_mean_ms=20.315 tail_min_ms=14.748 tail_max_ms=28.596
[Epoch 4] Hook timing summary done

[Epoch 5] Training... (lr at epoch start=0.090451)
  Batch [50/781] Loss: 1.1163, Acc: 60.50%, lr: 0.090153
  Batch [100/781] Loss: 1.1238, Acc: 60.19%, lr: 0.089852
  Batch [150/781] Loss: 1.1355, Acc: 59.75%, lr: 0.089546
  Batch [200/781] Loss: 1.1449, Acc: 58.84%, lr: 0.089236
  Batch [250/781] Loss: 1.1313, Acc: 59.40%, lr: 0.088923
  Batch [300/781] Loss: 1.1280, Acc: 59.42%, lr: 0.088605
  Batch [350/781] Loss: 1.1249, Acc: 59.55%, lr: 0.088284
  Batch [400/781] Loss: 1.1253, Acc: 59.56%, lr: 0.087958
  Batch [450/781] Loss: 1.1141, Acc: 60.14%, lr: 0.087629
  Batch [500/781] Loss: 1.1133, Acc: 60.30%, lr: 0.087296
  Batch [550/781] Loss: 1.1099, Acc: 60.49%, lr: 0.086959
  Batch [600/781] Loss: 1.1045, Acc: 60.73%, lr: 0.086619
  Batch [650/781] Loss: 1.0998, Acc: 60.83%, lr: 0.086274
  Batch [700/781] Loss: 1.0974, Acc: 60.91%, lr: 0.085927
  Batch [750/781] Loss: 1.0868, Acc: 61.28%, lr: 0.085575
[Epoch 5] Train Loss: 1.0845, Acc: 61.36%  |  Val Loss: 0.9637, Acc: 65.41%  |  Time: 36.7s
[Epoch 5] t_iter median: 42.01 ms  (fwd 7.00 | bwd+comm 31.69 | opt 3.24 | data 0.07)  |  train-only epoch: 32.9s
  -> Best model saved (65.41%)
[Epoch 5] Summarizing hook timing...

[HOOK_TIMING_SUMMARY] epoch=5
[HOOK_WORK_SUMMARY] label=nccl:ring calls=6248 work_total_ms=23759.385 work_mean_ms=3.803 work_min_ms=1.290 work_max_ms=107.771
[HOOK_TAIL_SUMMARY] label=nccl:ring steps=781 tail_total_ms=17145.409 tail_mean_ms=21.953 tail_min_ms=14.809 tail_max_ms=129.792
[Epoch 5] Hook timing summary done

[Epoch 6] Training... (lr at epoch start=0.085355)
  Batch [50/781] Loss: 1.0133, Acc: 63.25%, lr: 0.084998
  Batch [100/781] Loss: 0.9797, Acc: 65.69%, lr: 0.084637
  Batch [150/781] Loss: 0.9606, Acc: 65.83%, lr: 0.084273
  Batch [200/781] Loss: 0.9617, Acc: 66.41%, lr: 0.083905
  Batch [250/781] Loss: 0.9646, Acc: 66.08%, lr: 0.083534
  Batch [300/781] Loss: 0.9573, Acc: 66.33%, lr: 0.083159
  Batch [350/781] Loss: 0.9484, Acc: 66.45%, lr: 0.082781
  Batch [400/781] Loss: 0.9424, Acc: 66.47%, lr: 0.082400
  Batch [450/781] Loss: 0.9436, Acc: 66.35%, lr: 0.082015
  Batch [500/781] Loss: 0.9498, Acc: 66.33%, lr: 0.081627
  Batch [550/781] Loss: 0.9485, Acc: 66.49%, lr: 0.081236
  Batch [600/781] Loss: 0.9516, Acc: 66.34%, lr: 0.080842
  Batch [650/781] Loss: 0.9483, Acc: 66.38%, lr: 0.080445
  Batch [700/781] Loss: 0.9540, Acc: 66.23%, lr: 0.080044
  Batch [750/781] Loss: 0.9505, Acc: 66.27%, lr: 0.079641
[Epoch 6] Train Loss: 0.9495, Acc: 66.29%  |  Val Loss: 1.0532, Acc: 68.39%  |  Time: 38.7s
[Epoch 6] t_iter median: 45.09 ms  (fwd 7.01 | bwd+comm 34.65 | opt 3.29 | data 0.11)  |  train-only epoch: 34.8s
  -> Best model saved (68.39%)
[Epoch 6] Summarizing hook timing...

[HOOK_TIMING_SUMMARY] epoch=6
[HOOK_WORK_SUMMARY] label=nccl:ring calls=6248 work_total_ms=25457.888 work_mean_ms=4.075 work_min_ms=1.297 work_max_ms=30.322
[HOOK_TAIL_SUMMARY] label=nccl:ring steps=781 tail_total_ms=18580.699 tail_mean_ms=23.791 tail_min_ms=15.474 tail_max_ms=34.165
[Epoch 6] Hook timing summary done

[Epoch 7] Training... (lr at epoch start=0.079389)
  Batch [50/781] Loss: 0.8615, Acc: 70.50%, lr: 0.078981
  Batch [100/781] Loss: 0.8976, Acc: 69.12%, lr: 0.078570
  Batch [150/781] Loss: 0.8728, Acc: 69.46%, lr: 0.078156
  Batch [200/781] Loss: 0.8808, Acc: 69.19%, lr: 0.077739
  Batch [250/781] Loss: 0.8811, Acc: 69.10%, lr: 0.077319
  Batch [300/781] Loss: 0.8672, Acc: 69.54%, lr: 0.076897
  Batch [350/781] Loss: 0.8625, Acc: 69.75%, lr: 0.076471
  Batch [400/781] Loss: 0.8597, Acc: 69.81%, lr: 0.076043
  Batch [450/781] Loss: 0.8625, Acc: 69.65%, lr: 0.075613
  Batch [500/781] Loss: 0.8658, Acc: 69.54%, lr: 0.075180
  Batch [550/781] Loss: 0.8661, Acc: 69.82%, lr: 0.074744
  Batch [600/781] Loss: 0.8654, Acc: 70.00%, lr: 0.074306
  Batch [650/781] Loss: 0.8608, Acc: 70.17%, lr: 0.073865
  Batch [700/781] Loss: 0.8572, Acc: 70.31%, lr: 0.073422
  Batch [750/781] Loss: 0.8545, Acc: 70.27%, lr: 0.072977
[Epoch 7] Train Loss: 0.8520, Acc: 70.33%  |  Val Loss: 0.8201, Acc: 71.54%  |  Time: 37.6s
[Epoch 7] t_iter median: 43.05 ms  (fwd 7.04 | bwd+comm 32.63 | opt 3.24 | data 0.11)  |  train-only epoch: 33.7s
  -> Best model saved (71.54%)
[Epoch 7] Summarizing hook timing...

[HOOK_TIMING_SUMMARY] epoch=7
[HOOK_WORK_SUMMARY] label=nccl:ring calls=6248 work_total_ms=24464.690 work_mean_ms=3.916 work_min_ms=1.300 work_max_ms=107.277
[HOOK_TAIL_SUMMARY] label=nccl:ring steps=781 tail_total_ms=17677.325 tail_mean_ms=22.634 tail_min_ms=14.718 tail_max_ms=30.378
[Epoch 7] Hook timing summary done

[Epoch 8] Training... (lr at epoch start=0.072700)
  Batch [50/781] Loss: 0.7784, Acc: 73.25%, lr: 0.072250
  Batch [100/781] Loss: 0.8012, Acc: 72.38%, lr: 0.071799
  Batch [150/781] Loss: 0.7952, Acc: 72.12%, lr: 0.071345
  Batch [200/781] Loss: 0.8022, Acc: 71.59%, lr: 0.070890
  Batch [250/781] Loss: 0.7960, Acc: 72.03%, lr: 0.070432
  Batch [300/781] Loss: 0.7819, Acc: 72.46%, lr: 0.069972
  Batch [350/781] Loss: 0.7860, Acc: 72.38%, lr: 0.069510
  Batch [400/781] Loss: 0.7809, Acc: 72.55%, lr: 0.069046
  Batch [450/781] Loss: 0.7803, Acc: 72.53%, lr: 0.068580
  Batch [500/781] Loss: 0.7800, Acc: 72.61%, lr: 0.068112
  Batch [550/781] Loss: 0.7687, Acc: 73.00%, lr: 0.067643
  Batch [600/781] Loss: 0.7634, Acc: 73.19%, lr: 0.067171
  Batch [650/781] Loss: 0.7577, Acc: 73.43%, lr: 0.066698
  Batch [700/781] Loss: 0.7518, Acc: 73.66%, lr: 0.066223
  Batch [750/781] Loss: 0.7499, Acc: 73.74%, lr: 0.065747
[Epoch 8] Train Loss: 0.7491, Acc: 73.79%  |  Val Loss: 0.7504, Acc: 73.69%  |  Time: 37.0s
[Epoch 8] t_iter median: 42.42 ms  (fwd 6.99 | bwd+comm 32.06 | opt 3.24 | data 0.11)  |  train-only epoch: 33.1s
  -> Best model saved (73.69%)
[Epoch 8] Summarizing hook timing...

[HOOK_TIMING_SUMMARY] epoch=8
[HOOK_WORK_SUMMARY] label=nccl:ring calls=6248 work_total_ms=23985.127 work_mean_ms=3.839 work_min_ms=1.304 work_max_ms=30.624
[HOOK_TAIL_SUMMARY] label=nccl:ring steps=781 tail_total_ms=17458.964 tail_mean_ms=22.355 tail_min_ms=14.998 tail_max_ms=33.598
[Epoch 8] Hook timing summary done

[Epoch 9] Training... (lr at epoch start=0.065451)
  Batch [50/781] Loss: 0.7055, Acc: 76.25%, lr: 0.064972
  Batch [100/781] Loss: 0.6697, Acc: 76.06%, lr: 0.064491
  Batch [150/781] Loss: 0.6802, Acc: 75.58%, lr: 0.064009
  Batch [200/781] Loss: 0.6957, Acc: 75.06%, lr: 0.063526
  Batch [250/781] Loss: 0.6965, Acc: 75.20%, lr: 0.063041
  Batch [300/781] Loss: 0.7089, Acc: 74.83%, lr: 0.062555
  Batch [350/781] Loss: 0.6973, Acc: 75.25%, lr: 0.062068
  Batch [400/781] Loss: 0.6950, Acc: 75.45%, lr: 0.061579
  Batch [450/781] Loss: 0.6976, Acc: 75.50%, lr: 0.061090
  Batch [500/781] Loss: 0.6944, Acc: 75.66%, lr: 0.060599
  Batch [550/781] Loss: 0.6974, Acc: 75.47%, lr: 0.060107
  Batch [600/781] Loss: 0.6941, Acc: 75.61%, lr: 0.059614
  Batch [650/781] Loss: 0.6948, Acc: 75.65%, lr: 0.059120
  Batch [700/781] Loss: 0.6943, Acc: 75.79%, lr: 0.058625
  Batch [750/781] Loss: 0.6932, Acc: 75.83%, lr: 0.058129
[Epoch 9] Train Loss: 0.6923, Acc: 75.84%  |  Val Loss: 0.5781, Acc: 79.99%  |  Time: 35.8s
[Epoch 9] t_iter median: 41.03 ms  (fwd 6.96 | bwd+comm 30.71 | opt 3.24 | data 0.11)  |  train-only epoch: 31.9s
  -> Best model saved (79.99%)
[Epoch 9] Summarizing hook timing...

[HOOK_TIMING_SUMMARY] epoch=9
[HOOK_WORK_SUMMARY] label=nccl:ring calls=6248 work_total_ms=22815.905 work_mean_ms=3.652 work_min_ms=1.268 work_max_ms=28.087
[HOOK_TAIL_SUMMARY] label=nccl:ring steps=781 tail_total_ms=16304.719 tail_mean_ms=20.877 tail_min_ms=15.338 tail_max_ms=31.755
[Epoch 9] Hook timing summary done

[Epoch 10] Training... (lr at epoch start=0.057822)
  Batch [50/781] Loss: 0.6260, Acc: 76.50%, lr: 0.057325
  Batch [100/781] Loss: 0.6485, Acc: 75.75%, lr: 0.056827
  Batch [150/781] Loss: 0.6560, Acc: 76.12%, lr: 0.056329
  Batch [200/781] Loss: 0.6409, Acc: 76.66%, lr: 0.055829
  Batch [250/781] Loss: 0.6356, Acc: 77.10%, lr: 0.055330
  Batch [300/781] Loss: 0.6298, Acc: 77.46%, lr: 0.054830
  Batch [350/781] Loss: 0.6353, Acc: 77.41%, lr: 0.054329
  Batch [400/781] Loss: 0.6318, Acc: 77.61%, lr: 0.053828
  Batch [450/781] Loss: 0.6263, Acc: 77.85%, lr: 0.053326
  Batch [500/781] Loss: 0.6294, Acc: 77.90%, lr: 0.052824
  Batch [550/781] Loss: 0.6309, Acc: 78.07%, lr: 0.052322
  Batch [600/781] Loss: 0.6259, Acc: 78.21%, lr: 0.051820
  Batch [650/781] Loss: 0.6234, Acc: 78.32%, lr: 0.051317
  Batch [700/781] Loss: 0.6227, Acc: 78.33%, lr: 0.050815
  Batch [750/781] Loss: 0.6238, Acc: 78.25%, lr: 0.050312
[Epoch 10] Train Loss: 0.6216, Acc: 78.37%  |  Val Loss: 0.5659, Acc: 81.02%  |  Time: 36.3s
[Epoch 10] t_iter median: 41.71 ms  (fwd 7.04 | bwd+comm 31.36 | opt 3.20 | data 0.10)  |  train-only epoch: 32.4s
  -> Best model saved (81.02%)
[Epoch 10] Summarizing hook timing...

[HOOK_TIMING_SUMMARY] epoch=10
[HOOK_WORK_SUMMARY] label=nccl:ring calls=6248 work_total_ms=23289.918 work_mean_ms=3.728 work_min_ms=1.292 work_max_ms=33.790
[HOOK_TAIL_SUMMARY] label=nccl:ring steps=781 tail_total_ms=16797.446 tail_mean_ms=21.508 tail_min_ms=15.153 tail_max_ms=37.487
[Epoch 10] Hook timing summary done

[Epoch 11] Training... (lr at epoch start=0.050000)
  Batch [50/781] Loss: 0.5230, Acc: 82.25%, lr: 0.049497
  Batch [100/781] Loss: 0.5420, Acc: 81.50%, lr: 0.048994
  Batch [150/781] Loss: 0.5520, Acc: 80.42%, lr: 0.048492
  Batch [200/781] Loss: 0.5620, Acc: 80.31%, lr: 0.047989
  Batch [250/781] Loss: 0.5608, Acc: 80.30%, lr: 0.047487
  Batch [300/781] Loss: 0.5614, Acc: 80.44%, lr: 0.046985
  Batch [350/781] Loss: 0.5719, Acc: 79.98%, lr: 0.046483
  Batch [400/781] Loss: 0.5704, Acc: 80.20%, lr: 0.045982
  Batch [450/781] Loss: 0.5715, Acc: 80.19%, lr: 0.045481
  Batch [500/781] Loss: 0.5692, Acc: 80.28%, lr: 0.044980
  Batch [550/781] Loss: 0.5660, Acc: 80.30%, lr: 0.044480
  Batch [600/781] Loss: 0.5580, Acc: 80.54%, lr: 0.043981
  Batch [650/781] Loss: 0.5577, Acc: 80.50%, lr: 0.043482
  Batch [700/781] Loss: 0.5550, Acc: 80.63%, lr: 0.042984
  Batch [750/781] Loss: 0.5529, Acc: 80.65%, lr: 0.042486
[Epoch 11] Train Loss: 0.5554, Acc: 80.57%  |  Val Loss: 0.5567, Acc: 81.16%  |  Time: 37.6s
[Epoch 11] t_iter median: 43.28 ms  (fwd 7.00 | bwd+comm 32.84 | opt 3.36 | data 0.11)  |  train-only epoch: 33.5s
  -> Best model saved (81.16%)
[Epoch 11] Summarizing hook timing...

[HOOK_TIMING_SUMMARY] epoch=11
[HOOK_WORK_SUMMARY] label=nccl:ring calls=6248 work_total_ms=24247.146 work_mean_ms=3.881 work_min_ms=1.302 work_max_ms=27.481
[HOOK_TAIL_SUMMARY] label=nccl:ring steps=781 tail_total_ms=17595.531 tail_mean_ms=22.529 tail_min_ms=15.277 tail_max_ms=31.223
[Epoch 11] Hook timing summary done

[Epoch 12] Training... (lr at epoch start=0.042178)
  Batch [50/781] Loss: 0.5126, Acc: 81.88%, lr: 0.041682
  Batch [100/781] Loss: 0.4862, Acc: 83.25%, lr: 0.041187
  Batch [150/781] Loss: 0.4924, Acc: 82.88%, lr: 0.040692
  Batch [200/781] Loss: 0.5135, Acc: 82.12%, lr: 0.040199
  Batch [250/781] Loss: 0.5235, Acc: 81.90%, lr: 0.039706
  Batch [300/781] Loss: 0.5274, Acc: 81.79%, lr: 0.039215
  Batch [350/781] Loss: 0.5271, Acc: 81.79%, lr: 0.038724
  Batch [400/781] Loss: 0.5250, Acc: 81.80%, lr: 0.038235
  Batch [450/781] Loss: 0.5262, Acc: 81.65%, lr: 0.037747
  Batch [500/781] Loss: 0.5237, Acc: 81.76%, lr: 0.037260
  Batch [550/781] Loss: 0.5193, Acc: 82.03%, lr: 0.036774
  Batch [600/781] Loss: 0.5132, Acc: 82.25%, lr: 0.036290
  Batch [650/781] Loss: 0.5082, Acc: 82.33%, lr: 0.035807
  Batch [700/781] Loss: 0.5086, Acc: 82.37%, lr: 0.035326
  Batch [750/781] Loss: 0.5103, Acc: 82.25%, lr: 0.034846
[Epoch 12] Train Loss: 0.5095, Acc: 82.38%  |  Val Loss: 0.4889, Acc: 83.12%  |  Time: 36.7s
[Epoch 12] t_iter median: 41.04 ms  (fwd 7.09 | bwd+comm 30.39 | opt 3.46 | data 0.12)  |  train-only epoch: 32.6s
  -> Best model saved (83.12%)
[Epoch 12] Summarizing hook timing...

[HOOK_TIMING_SUMMARY] epoch=12
[HOOK_WORK_SUMMARY] label=nccl:ring calls=6248 work_total_ms=23023.828 work_mean_ms=3.685 work_min_ms=1.298 work_max_ms=34.007
[HOOK_TAIL_SUMMARY] label=nccl:ring steps=781 tail_total_ms=16294.324 tail_mean_ms=20.863 tail_min_ms=14.843 tail_max_ms=37.985
[Epoch 12] Hook timing summary done

[Epoch 13] Training... (lr at epoch start=0.034549)
  Batch [50/781] Loss: 0.5254, Acc: 81.50%, lr: 0.034072
  Batch [100/781] Loss: 0.5003, Acc: 82.62%, lr: 0.033596
  Batch [150/781] Loss: 0.4984, Acc: 82.54%, lr: 0.033122
  Batch [200/781] Loss: 0.4963, Acc: 82.59%, lr: 0.032649
  Batch [250/781] Loss: 0.4942, Acc: 82.95%, lr: 0.032179
  Batch [300/781] Loss: 0.4915, Acc: 83.04%, lr: 0.031710
  Batch [350/781] Loss: 0.4847, Acc: 83.16%, lr: 0.031243
  Batch [400/781] Loss: 0.4789, Acc: 83.25%, lr: 0.030778
  Batch [450/781] Loss: 0.4715, Acc: 83.64%, lr: 0.030314
  Batch [500/781] Loss: 0.4729, Acc: 83.60%, lr: 0.029853
  Batch [550/781] Loss: 0.4709, Acc: 83.81%, lr: 0.029394
  Batch [600/781] Loss: 0.4662, Acc: 83.89%, lr: 0.028937
  Batch [650/781] Loss: 0.4664, Acc: 83.88%, lr: 0.028482
  Batch [700/781] Loss: 0.4737, Acc: 83.71%, lr: 0.028029
  Batch [750/781] Loss: 0.4694, Acc: 83.75%, lr: 0.027579
[Epoch 13] Train Loss: 0.4706, Acc: 83.72%  |  Val Loss: 0.5650, Acc: 80.74%  |  Time: 37.6s
[Epoch 13] t_iter median: 43.81 ms  (fwd 7.05 | bwd+comm 33.27 | opt 3.36 | data 0.11)  |  train-only epoch: 33.6s
[Epoch 13] Summarizing hook timing...

[HOOK_TIMING_SUMMARY] epoch=13
[HOOK_WORK_SUMMARY] label=nccl:ring calls=6248 work_total_ms=24193.863 work_mean_ms=3.872 work_min_ms=1.295 work_max_ms=28.984
[HOOK_TAIL_SUMMARY] label=nccl:ring steps=781 tail_total_ms=17483.910 tail_mean_ms=22.387 tail_min_ms=15.371 tail_max_ms=32.700
[Epoch 13] Hook timing summary done

[Epoch 14] Training... (lr at epoch start=0.027300)
  Batch [50/781] Loss: 0.4862, Acc: 83.50%, lr: 0.026854
  Batch [100/781] Loss: 0.4560, Acc: 84.00%, lr: 0.026409
  Batch [150/781] Loss: 0.4317, Acc: 84.42%, lr: 0.025967
  Batch [200/781] Loss: 0.4404, Acc: 84.25%, lr: 0.025527
  Batch [250/781] Loss: 0.4460, Acc: 84.28%, lr: 0.025090
  Batch [300/781] Loss: 0.4430, Acc: 84.44%, lr: 0.024655
  Batch [350/781] Loss: 0.4471, Acc: 84.39%, lr: 0.024223
  Batch [400/781] Loss: 0.4451, Acc: 84.48%, lr: 0.023794
  Batch [450/781] Loss: 0.4458, Acc: 84.47%, lr: 0.023367
  Batch [500/781] Loss: 0.4441, Acc: 84.47%, lr: 0.022943
  Batch [550/781] Loss: 0.4403, Acc: 84.56%, lr: 0.022521
  Batch [600/781] Loss: 0.4391, Acc: 84.68%, lr: 0.022102
  Batch [650/781] Loss: 0.4363, Acc: 84.75%, lr: 0.021687
  Batch [700/781] Loss: 0.4339, Acc: 84.86%, lr: 0.021274
  Batch [750/781] Loss: 0.4348, Acc: 84.94%, lr: 0.020864
[Epoch 14] Train Loss: 0.4340, Acc: 84.96%  |  Val Loss: 0.4322, Acc: 85.47%  |  Time: 36.6s
[Epoch 14] t_iter median: 41.52 ms  (fwd 7.05 | bwd+comm 31.01 | opt 3.36 | data 0.11)  |  train-only epoch: 32.6s
  -> Best model saved (85.47%)
[Epoch 14] Summarizing hook timing...

[HOOK_TIMING_SUMMARY] epoch=14
[HOOK_WORK_SUMMARY] label=nccl:ring calls=6248 work_total_ms=23158.829 work_mean_ms=3.707 work_min_ms=1.280 work_max_ms=24.020
[HOOK_TAIL_SUMMARY] label=nccl:ring steps=781 tail_total_ms=16429.968 tail_mean_ms=21.037 tail_min_ms=15.117 tail_max_ms=34.745
[Epoch 14] Hook timing summary done

[Epoch 15] Training... (lr at epoch start=0.020611)
  Batch [50/781] Loss: 0.3566, Acc: 87.50%, lr: 0.020205
  Batch [100/781] Loss: 0.3601, Acc: 87.19%, lr: 0.019803
  Batch [150/781] Loss: 0.3672, Acc: 87.12%, lr: 0.019404
  Batch [200/781] Loss: 0.3693, Acc: 86.94%, lr: 0.019008
  Batch [250/781] Loss: 0.3628, Acc: 87.12%, lr: 0.018615
  Batch [300/781] Loss: 0.3734, Acc: 86.81%, lr: 0.018225
  Batch [350/781] Loss: 0.3643, Acc: 87.12%, lr: 0.017838
  Batch [400/781] Loss: 0.3634, Acc: 87.14%, lr: 0.017455
  Batch [450/781] Loss: 0.3683, Acc: 87.10%, lr: 0.017075
  Batch [500/781] Loss: 0.3621, Acc: 87.38%, lr: 0.016698
  Batch [550/781] Loss: 0.3655, Acc: 87.32%, lr: 0.016325
  Batch [600/781] Loss: 0.3668, Acc: 87.26%, lr: 0.015955
  Batch [650/781] Loss: 0.3659, Acc: 87.26%, lr: 0.015588
  Batch [700/781] Loss: 0.3673, Acc: 87.18%, lr: 0.015225
  Batch [750/781] Loss: 0.3655, Acc: 87.22%, lr: 0.014866
[Epoch 15] Train Loss: 0.3663, Acc: 87.13%  |  Val Loss: 0.3842, Acc: 87.32%  |  Time: 36.9s
[Epoch 15] t_iter median: 42.28 ms  (fwd 6.97 | bwd+comm 32.03 | opt 3.19 | data 0.11)  |  train-only epoch: 33.0s
  -> Best model saved (87.32%)
[Epoch 15] Summarizing hook timing...

[HOOK_TIMING_SUMMARY] epoch=15
[HOOK_WORK_SUMMARY] label=nccl:ring calls=6248 work_total_ms=23943.559 work_mean_ms=3.832 work_min_ms=1.262 work_max_ms=30.343
[HOOK_TAIL_SUMMARY] label=nccl:ring steps=781 tail_total_ms=17405.720 tail_mean_ms=22.286 tail_min_ms=15.144 tail_max_ms=34.564
[Epoch 15] Hook timing summary done

[Epoch 16] Training... (lr at epoch start=0.014645)
  Batch [50/781] Loss: 0.3103, Acc: 88.62%, lr: 0.014291
  Batch [100/781] Loss: 0.3320, Acc: 87.69%, lr: 0.013941
  Batch [150/781] Loss: 0.3479, Acc: 87.29%, lr: 0.013594
  Batch [200/781] Loss: 0.3500, Acc: 87.53%, lr: 0.013251
  Batch [250/781] Loss: 0.3342, Acc: 88.12%, lr: 0.012912
  Batch [300/781] Loss: 0.3261, Acc: 88.46%, lr: 0.012577
  Batch [350/781] Loss: 0.3227, Acc: 88.61%, lr: 0.012245
  Batch [400/781] Loss: 0.3247, Acc: 88.55%, lr: 0.011918
  Batch [450/781] Loss: 0.3252, Acc: 88.57%, lr: 0.011594
  Batch [500/781] Loss: 0.3249, Acc: 88.58%, lr: 0.011274
  Batch [550/781] Loss: 0.3238, Acc: 88.64%, lr: 0.010958
  Batch [600/781] Loss: 0.3263, Acc: 88.55%, lr: 0.010646
  Batch [650/781] Loss: 0.3232, Acc: 88.50%, lr: 0.010337
  Batch [700/781] Loss: 0.3200, Acc: 88.66%, lr: 0.010033
  Batch [750/781] Loss: 0.3183, Acc: 88.73%, lr: 0.009733
[Epoch 16] Train Loss: 0.3152, Acc: 88.88%  |  Val Loss: 0.3498, Acc: 88.61%  |  Time: 36.2s
[Epoch 16] t_iter median: 41.82 ms  (fwd 6.98 | bwd+comm 31.55 | opt 3.23 | data 0.10)  |  train-only epoch: 32.3s
  -> Best model saved (88.61%)
[Epoch 16] Summarizing hook timing...

[HOOK_TIMING_SUMMARY] epoch=16
[HOOK_WORK_SUMMARY] label=nccl:ring calls=6248 work_total_ms=23286.178 work_mean_ms=3.727 work_min_ms=1.295 work_max_ms=30.523
[HOOK_TAIL_SUMMARY] label=nccl:ring steps=781 tail_total_ms=16810.598 tail_mean_ms=21.524 tail_min_ms=15.254 tail_max_ms=34.866
[Epoch 16] Hook timing summary done

[Epoch 17] Training... (lr at epoch start=0.009549)
  Batch [50/781] Loss: 0.2927, Acc: 90.00%, lr: 0.009256
  Batch [100/781] Loss: 0.2920, Acc: 89.56%, lr: 0.008966
  Batch [150/781] Loss: 0.2828, Acc: 90.00%, lr: 0.008681
  Batch [200/781] Loss: 0.2863, Acc: 89.47%, lr: 0.008400
  Batch [250/781] Loss: 0.2894, Acc: 89.65%, lr: 0.008123
  Batch [300/781] Loss: 0.2847, Acc: 89.96%, lr: 0.007851
  Batch [350/781] Loss: 0.2773, Acc: 90.38%, lr: 0.007582
  Batch [400/781] Loss: 0.2755, Acc: 90.44%, lr: 0.007318
  Batch [450/781] Loss: 0.2714, Acc: 90.50%, lr: 0.007058
  Batch [500/781] Loss: 0.2709, Acc: 90.47%, lr: 0.006803
  Batch [550/781] Loss: 0.2699, Acc: 90.50%, lr: 0.006552
  Batch [600/781] Loss: 0.2729, Acc: 90.41%, lr: 0.006305
  Batch [650/781] Loss: 0.2701, Acc: 90.60%, lr: 0.006063
  Batch [700/781] Loss: 0.2718, Acc: 90.54%, lr: 0.005825
  Batch [750/781] Loss: 0.2717, Acc: 90.58%, lr: 0.005592
[Epoch 17] Train Loss: 0.2706, Acc: 90.57%  |  Val Loss: 0.3156, Acc: 89.55%  |  Time: 37.2s
[Epoch 17] t_iter median: 42.27 ms  (fwd 7.01 | bwd+comm 31.76 | opt 3.36 | data 0.12)  |  train-only epoch: 33.2s
  -> Best model saved (89.55%)
[Epoch 17] Summarizing hook timing...

[HOOK_TIMING_SUMMARY] epoch=17
[HOOK_WORK_SUMMARY] label=nccl:ring calls=6248 work_total_ms=23849.154 work_mean_ms=3.817 work_min_ms=1.296 work_max_ms=26.045
[HOOK_TAIL_SUMMARY] label=nccl:ring steps=781 tail_total_ms=17139.208 tail_mean_ms=21.945 tail_min_ms=14.817 tail_max_ms=30.039
[Epoch 17] Hook timing summary done

[Epoch 18] Training... (lr at epoch start=0.005450)
  Batch [50/781] Loss: 0.2613, Acc: 90.38%, lr: 0.005224
  Batch [100/781] Loss: 0.2497, Acc: 91.44%, lr: 0.005002
  Batch [150/781] Loss: 0.2380, Acc: 91.71%, lr: 0.004785
  Batch [200/781] Loss: 0.2273, Acc: 92.16%, lr: 0.004573
  Batch [250/781] Loss: 0.2385, Acc: 91.88%, lr: 0.004365
  Batch [300/781] Loss: 0.2368, Acc: 91.83%, lr: 0.004162
  Batch [350/781] Loss: 0.2386, Acc: 91.64%, lr: 0.003963
  Batch [400/781] Loss: 0.2383, Acc: 91.62%, lr: 0.003770
  Batch [450/781] Loss: 0.2331, Acc: 91.79%, lr: 0.003580
  Batch [500/781] Loss: 0.2326, Acc: 91.69%, lr: 0.003396
  Batch [550/781] Loss: 0.2309, Acc: 91.72%, lr: 0.003216
  Batch [600/781] Loss: 0.2288, Acc: 91.77%, lr: 0.003041
  Batch [650/781] Loss: 0.2290, Acc: 91.73%, lr: 0.002871
  Batch [700/781] Loss: 0.2300, Acc: 91.71%, lr: 0.002705
  Batch [750/781] Loss: 0.2313, Acc: 91.62%, lr: 0.002544
[Epoch 18] Train Loss: 0.2314, Acc: 91.65%  |  Val Loss: 0.2917, Acc: 90.46%  |  Time: 36.5s
[Epoch 18] t_iter median: 41.05 ms  (fwd 7.02 | bwd+comm 30.63 | opt 3.31 | data 0.11)  |  train-only epoch: 32.4s
  -> Best model saved (90.46%)
[Epoch 18] Summarizing hook timing...

[HOOK_TIMING_SUMMARY] epoch=18
[HOOK_WORK_SUMMARY] label=nccl:ring calls=6248 work_total_ms=23007.636 work_mean_ms=3.682 work_min_ms=1.303 work_max_ms=33.018
[HOOK_TAIL_SUMMARY] label=nccl:ring steps=781 tail_total_ms=16131.550 tail_mean_ms=20.655 tail_min_ms=15.018 tail_max_ms=36.064
[Epoch 18] Hook timing summary done

[Epoch 19] Training... (lr at epoch start=0.002447)
  Batch [50/781] Loss: 0.1623, Acc: 94.38%, lr: 0.002294
  Batch [100/781] Loss: 0.1742, Acc: 94.12%, lr: 0.002146
  Batch [150/781] Loss: 0.1762, Acc: 94.00%, lr: 0.002003
  Batch [200/781] Loss: 0.1833, Acc: 93.84%, lr: 0.001864
  Batch [250/781] Loss: 0.1784, Acc: 93.95%, lr: 0.001731
  Batch [300/781] Loss: 0.1861, Acc: 93.58%, lr: 0.001602
  Batch [350/781] Loss: 0.1868, Acc: 93.61%, lr: 0.001478
  Batch [400/781] Loss: 0.1885, Acc: 93.61%, lr: 0.001359
  Batch [450/781] Loss: 0.1935, Acc: 93.39%, lr: 0.001245
  Batch [500/781] Loss: 0.1940, Acc: 93.35%, lr: 0.001136
  Batch [550/781] Loss: 0.1953, Acc: 93.26%, lr: 0.001032
  Batch [600/781] Loss: 0.1967, Acc: 93.23%, lr: 0.000933
  Batch [650/781] Loss: 0.1951, Acc: 93.24%, lr: 0.000839
  Batch [700/781] Loss: 0.1961, Acc: 93.19%, lr: 0.000750
  Batch [750/781] Loss: 0.1965, Acc: 93.17%, lr: 0.000665
[Epoch 19] Train Loss: 0.1958, Acc: 93.20%  |  Val Loss: 0.2824, Acc: 90.76%  |  Time: 35.4s
[Epoch 19] t_iter median: 40.26 ms  (fwd 6.95 | bwd+comm 29.85 | opt 3.35 | data 0.12)  |  train-only epoch: 31.4s
  -> Best model saved (90.76%)
[Epoch 19] Summarizing hook timing...

[HOOK_TIMING_SUMMARY] epoch=19
[HOOK_WORK_SUMMARY] label=nccl:ring calls=6248 work_total_ms=21966.714 work_mean_ms=3.516 work_min_ms=1.279 work_max_ms=27.507
[HOOK_TAIL_SUMMARY] label=nccl:ring steps=781 tail_total_ms=15227.351 tail_mean_ms=19.497 tail_min_ms=14.951 tail_max_ms=32.758
[Epoch 19] Hook timing summary done

[Epoch 20] Training... (lr at epoch start=0.000616)
  Batch [50/781] Loss: 0.1753, Acc: 93.75%, lr: 0.000539
  Batch [100/781] Loss: 0.1618, Acc: 94.50%, lr: 0.000468
  Batch [150/781] Loss: 0.1775, Acc: 94.17%, lr: 0.000402
  Batch [200/781] Loss: 0.1754, Acc: 94.22%, lr: 0.000341
  Batch [250/781] Loss: 0.1694, Acc: 94.42%, lr: 0.000285
  Batch [300/781] Loss: 0.1681, Acc: 94.40%, lr: 0.000234
  Batch [350/781] Loss: 0.1692, Acc: 94.14%, lr: 0.000188
  Batch [400/781] Loss: 0.1663, Acc: 94.17%, lr: 0.000147
  Batch [450/781] Loss: 0.1655, Acc: 94.17%, lr: 0.000111
  Batch [500/781] Loss: 0.1690, Acc: 94.11%, lr: 0.000080
  Batch [550/781] Loss: 0.1657, Acc: 94.25%, lr: 0.000054
  Batch [600/781] Loss: 0.1668, Acc: 94.23%, lr: 0.000033
  Batch [650/781] Loss: 0.1674, Acc: 94.15%, lr: 0.000017
  Batch [700/781] Loss: 0.1694, Acc: 94.15%, lr: 0.000007
  Batch [750/781] Loss: 0.1675, Acc: 94.24%, lr: 0.000001
[Epoch 20] Train Loss: 0.1680, Acc: 94.21%  |  Val Loss: 0.2795, Acc: 90.98%  |  Time: 36.6s
[Epoch 20] t_iter median: 41.78 ms  (fwd 6.94 | bwd+comm 31.39 | opt 3.31 | data 0.10)  |  train-only epoch: 32.6s
  -> Best model saved (90.98%)
[Epoch 20] Summarizing hook timing...

[HOOK_TIMING_SUMMARY] epoch=20
[HOOK_WORK_SUMMARY] label=nccl:ring calls=6248 work_total_ms=23336.089 work_mean_ms=3.735 work_min_ms=1.288 work_max_ms=23.515
[HOOK_TAIL_SUMMARY] label=nccl:ring steps=781 tail_total_ms=16653.610 tail_mean_ms=21.323 tail_min_ms=15.308 tail_max_ms=28.836
[Epoch 20] Hook timing summary done

================================================================================
Done in 752.8s | Best val acc: 90.98%
Epoch times (train+val): mean=36.8s  min=35.4s  max=38.7s
Train-only epoch time (epochs 2..N): median=32.59s  min=31.36s  max=34.76s
  -> use this for STRONG scaling (fixed global batch)
  -> use t_iter_median_ms from the CSV for WEAK scaling (fixed local batch)
================================================================================
=== Finished training: model=wide_resnet50_2, dataset=cifar10, batch=16, lr=0.1, scheduler=cosine, backend=nccl, hook=ring, zfp_rate=none, status=0 at Wed Jul 15 08:32:43 PM UTC 2026 ===
=== Starting: model=wide_resnet50_2, ws=4, bs=16, gb=64, lr=0.1, sched=cosine, warmup=0, mom=0.9, wd=5e-4, nesterov=true, wd_bn_bias=false, backend=nccl, hook=ring_zfp_naive, zfp=16 at Wed Jul 15 08:32:43 PM UTC 2026 ===

================================================================================
DISTRIBUTED TRAINING LAUNCHER
================================================================================
  Model:      wide_resnet50_2 (CIFAR stem) (from scratch)
  Dataset:    cifar10 (10 classes)
  Image size: 32
  LR:         0.1
  Momentum:   0.9 (nesterov=True)
  Optimizer:  sgd
  Weight dec: 0.0005 (on BN/bias=False)
  Backend:    nccl
  Algorithm:  ring_zfp_naive
  ZFP rate:   16
  Epochs:     20
  Batch/rank: 16
  LR:         0.1
  Scheduler:  cosine
  Warmup:     0
  Grad clip:  None
  Drop last:  True
  Data dir:   ./data
================================================================================


================================================================================
Distributed Training: WIDE_RESNET50_2 on CIFAR10
Backend: NCCL, Algorithm: ring_zfp_naive
================================================================================
Ranks: 4, Epochs: 20, Batch/rank: 16, Effective batch: 64
LR: 0.1, Device: cuda:0

[Cache] Pretrained weights cache (TORCH_HOME) = ./data/pretrained_weights_cache
[Setup] Model on cuda:0, wrapped in DDP (static_graph=True)
[Setup] Hook registered: nccl/ring_zfp_naive
[Optim] SGD: lr=0.1 momentum=0.9 nesterov=True wd=0.0005 wd_on_bn_bias=False
[Optim]   group 0: 66,778,816 params, wd=0.0005
[Optim]   group 1: 68,234 params, wd=0.0
[Data] Train batches: 781, Val batches: 625

[Sched] cosine: steps/epoch=781, total_steps=15620, warmup_steps=0 (0 epochs)


[Epoch 1] Training... (lr at epoch start=0.100000)

================================================================================
DISTRIBUTED TRAINING LAUNCHER
================================================================================
  Model:      wide_resnet50_2 (CIFAR stem) (from scratch)
  Dataset:    cifar10 (10 classes)
  Image size: 32
  LR:         0.1
  Momentum:   0.9 (nesterov=True)
  Optimizer:  sgd
  Weight dec: 0.0005 (on BN/bias=False)
  Backend:    nccl
  Algorithm:  ring_zfp_naive
  ZFP rate:   16
  Epochs:     20
  Batch/rank: 16
  LR:         0.1
  Scheduler:  cosine
  Warmup:     0
  Grad clip:  None
  Drop last:  True
  Data dir:   ./data
================================================================================


================================================================================
DISTRIBUTED TRAINING LAUNCHER
================================================================================
  Model:      wide_resnet50_2 (CIFAR stem) (from scratch)
  Dataset:    cifar10 (10 classes)
  Image size: 32
  LR:         0.1
  Momentum:   0.9 (nesterov=True)
  Optimizer:  sgd
  Weight dec: 0.0005 (on BN/bias=False)
  Backend:    nccl
  Algorithm:  ring_zfp_naive
  ZFP rate:   16
  Epochs:     20
  Batch/rank: 16
  LR:         0.1
  Scheduler:  cosine
  Warmup:     0
  Grad clip:  None
  Drop last:  True
  Data dir:   ./data
================================================================================


================================================================================
DISTRIBUTED TRAINING LAUNCHER
================================================================================
  Model:      wide_resnet50_2 (CIFAR stem) (from scratch)
  Dataset:    cifar10 (10 classes)
  Image size: 32
  LR:         0.1
  Momentum:   0.9 (nesterov=True)
  Optimizer:  sgd
  Weight dec: 0.0005 (on BN/bias=False)
  Backend:    nccl
  Algorithm:  ring_zfp_naive
  ZFP rate:   16
  Epochs:     20
  Batch/rank: 16
  LR:         0.1
  Scheduler:  cosine
  Warmup:     0
  Grad clip:  None
  Drop last:  True
  Data dir:   ./data
================================================================================

  Batch [50/781] Loss: 7.3516, Acc: 10.38%, lr: 0.099997
  Batch [100/781] Loss: 4.8458, Acc: 10.12%, lr: 0.099990
  Batch [150/781] Loss: 4.0083, Acc: 11.00%, lr: 0.099977
  Batch [200/781] Loss: 3.5797, Acc: 11.56%, lr: 0.099960
  Batch [250/781] Loss: 3.3081, Acc: 12.55%, lr: 0.099937
  Batch [300/781] Loss: 3.1188, Acc: 13.38%, lr: 0.099909
  Batch [350/781] Loss: 2.9732, Acc: 14.02%, lr: 0.099876
  Batch [400/781] Loss: 2.8638, Acc: 14.70%, lr: 0.099838
  Batch [450/781] Loss: 2.7781, Acc: 15.31%, lr: 0.099795
  Batch [500/781] Loss: 2.7038, Acc: 16.16%, lr: 0.099747
  Batch [550/781] Loss: 2.6436, Acc: 16.81%, lr: 0.099694
  Batch [600/781] Loss: 2.5896, Acc: 17.41%, lr: 0.099636
  Batch [650/781] Loss: 2.5452, Acc: 17.92%, lr: 0.099573
  Batch [700/781] Loss: 2.5033, Acc: 18.48%, lr: 0.099505
  Batch [750/781] Loss: 2.4659, Acc: 19.23%, lr: 0.099432
[Epoch 1] Train Loss: 2.4438, Acc: 19.57%  |  Val Loss: 1.8983, Acc: 31.71%  |  Time: 47.1s
[Epoch 1] t_iter median: 54.16 ms  (fwd 6.97 | bwd+comm 43.67 | opt 3.35 | data 0.11)  |  train-only epoch: 43.1s
  -> Best model saved (31.71%)
[Epoch 1] Summarizing hook timing...

[HOOK_TIMING_SUMMARY] epoch=1
[HOOK_WORK_SUMMARY] label=nccl:ring_zfp_naive:rate16 calls=6241 work_total_ms=32910.416 work_mean_ms=5.273 work_min_ms=2.405 work_max_ms=139.848
[HOOK_TAIL_SUMMARY] label=nccl:ring_zfp_naive:rate16 steps=782 tail_total_ms=26093.062 tail_mean_ms=33.367 tail_min_ms=24.889 tail_max_ms=143.276
[Epoch 1] Hook timing summary done

[Epoch 2] Training... (lr at epoch start=0.099384)
  Batch [50/781] Loss: 1.9343, Acc: 28.00%, lr: 0.099303
  Batch [100/781] Loss: 1.9176, Acc: 29.31%, lr: 0.099217
  Batch [150/781] Loss: 1.9181, Acc: 30.00%, lr: 0.099126
  Batch [200/781] Loss: 1.8973, Acc: 30.75%, lr: 0.099030
  Batch [250/781] Loss: 1.8937, Acc: 30.88%, lr: 0.098929
  Batch [300/781] Loss: 1.8954, Acc: 30.96%, lr: 0.098823
  Batch [350/781] Loss: 1.8875, Acc: 31.45%, lr: 0.098712
  Batch [400/781] Loss: 1.8734, Acc: 32.09%, lr: 0.098596
  Batch [450/781] Loss: 1.8647, Acc: 32.36%, lr: 0.098475
  Batch [500/781] Loss: 1.8511, Acc: 32.91%, lr: 0.098350
  Batch [550/781] Loss: 1.8394, Acc: 33.41%, lr: 0.098219
  Batch [600/781] Loss: 1.8272, Acc: 33.72%, lr: 0.098084
  Batch [650/781] Loss: 1.8179, Acc: 34.03%, lr: 0.097943
  Batch [700/781] Loss: 1.8111, Acc: 34.22%, lr: 0.097798
  Batch [750/781] Loss: 1.8023, Acc: 34.51%, lr: 0.097648
[Epoch 2] Train Loss: 1.7985, Acc: 34.61%  |  Val Loss: 1.5732, Acc: 42.24%  |  Time: 48.6s
[Epoch 2] t_iter median: 57.12 ms  (fwd 6.97 | bwd+comm 46.79 | opt 3.20 | data 0.11)  |  train-only epoch: 44.7s
  -> Best model saved (42.24%)
[Epoch 2] Summarizing hook timing...

[HOOK_TIMING_SUMMARY] epoch=2
[HOOK_WORK_SUMMARY] label=nccl:ring_zfp_naive:rate16 calls=6248 work_total_ms=35450.668 work_mean_ms=5.674 work_min_ms=2.386 work_max_ms=34.297
[HOOK_TAIL_SUMMARY] label=nccl:ring_zfp_naive:rate16 steps=781 tail_total_ms=28879.719 tail_mean_ms=36.978 tail_min_ms=27.544 tail_max_ms=49.005
[Epoch 2] Hook timing summary done

[Epoch 3] Training... (lr at epoch start=0.097553)
  Batch [50/781] Loss: 1.6580, Acc: 39.38%, lr: 0.097395
  Batch [100/781] Loss: 1.6422, Acc: 40.88%, lr: 0.097232
  Batch [150/781] Loss: 1.6481, Acc: 40.42%, lr: 0.097065
  Batch [200/781] Loss: 1.6420, Acc: 40.66%, lr: 0.096893
  Batch [250/781] Loss: 1.6453, Acc: 40.17%, lr: 0.096716
  Batch [300/781] Loss: 1.6475, Acc: 40.25%, lr: 0.096535
  Batch [350/781] Loss: 1.6441, Acc: 40.73%, lr: 0.096348
  Batch [400/781] Loss: 1.6377, Acc: 40.66%, lr: 0.096157
  Batch [450/781] Loss: 1.6272, Acc: 41.06%, lr: 0.095962
  Batch [500/781] Loss: 1.6199, Acc: 41.40%, lr: 0.095761
  Batch [550/781] Loss: 1.6148, Acc: 41.39%, lr: 0.095556
  Batch [600/781] Loss: 1.6114, Acc: 41.42%, lr: 0.095347
  Batch [650/781] Loss: 1.6106, Acc: 41.49%, lr: 0.095133
  Batch [700/781] Loss: 1.6076, Acc: 41.66%, lr: 0.094914
  Batch [750/781] Loss: 1.6051, Acc: 41.67%, lr: 0.094691
[Epoch 3] Train Loss: 1.6044, Acc: 41.69%  |  Val Loss: 1.4346, Acc: 47.81%  |  Time: 47.1s
[Epoch 3] t_iter median: 55.18 ms  (fwd 6.95 | bwd+comm 44.80 | opt 3.34 | data 0.12)  |  train-only epoch: 43.2s
  -> Best model saved (47.81%)
[Epoch 3] Summarizing hook timing...

[HOOK_TIMING_SUMMARY] epoch=3
[HOOK_WORK_SUMMARY] label=nccl:ring_zfp_naive:rate16 calls=6248 work_total_ms=33887.754 work_mean_ms=5.424 work_min_ms=2.390 work_max_ms=26.714
[HOOK_TAIL_SUMMARY] label=nccl:ring_zfp_naive:rate16 steps=781 tail_total_ms=27132.292 tail_mean_ms=34.740 tail_min_ms=27.042 tail_max_ms=40.633
[Epoch 3] Hook timing summary done

[Epoch 4] Training... (lr at epoch start=0.094550)
  Batch [50/781] Loss: 1.5635, Acc: 43.00%, lr: 0.094320
  Batch [100/781] Loss: 1.5292, Acc: 43.62%, lr: 0.094085
  Batch [150/781] Loss: 1.5256, Acc: 43.79%, lr: 0.093845
  Batch [200/781] Loss: 1.5262, Acc: 43.62%, lr: 0.093601
  Batch [250/781] Loss: 1.5239, Acc: 43.92%, lr: 0.093353
  Batch [300/781] Loss: 1.5133, Acc: 44.50%, lr: 0.093100
  Batch [350/781] Loss: 1.5098, Acc: 44.79%, lr: 0.092843
  Batch [400/781] Loss: 1.5141, Acc: 44.59%, lr: 0.092582
  Batch [450/781] Loss: 1.5011, Acc: 45.18%, lr: 0.092316
  Batch [500/781] Loss: 1.4992, Acc: 45.17%, lr: 0.092046
  Batch [550/781] Loss: 1.5006, Acc: 45.12%, lr: 0.091772
  Batch [600/781] Loss: 1.4950, Acc: 45.35%, lr: 0.091494
  Batch [650/781] Loss: 1.4966, Acc: 45.12%, lr: 0.091211
  Batch [700/781] Loss: 1.4940, Acc: 45.16%, lr: 0.090924
  Batch [750/781] Loss: 1.4897, Acc: 45.40%, lr: 0.090633
[Epoch 4] Train Loss: 1.4888, Acc: 45.45%  |  Val Loss: 1.5018, Acc: 45.81%  |  Time: 45.9s
[Epoch 4] t_iter median: 53.53 ms  (fwd 6.95 | bwd+comm 43.09 | opt 3.33 | data 0.11)  |  train-only epoch: 42.0s
[Epoch 4] Summarizing hook timing...

[HOOK_TIMING_SUMMARY] epoch=4
[HOOK_WORK_SUMMARY] label=nccl:ring_zfp_naive:rate16 calls=6248 work_total_ms=32653.990 work_mean_ms=5.226 work_min_ms=2.383 work_max_ms=33.190
[HOOK_TAIL_SUMMARY] label=nccl:ring_zfp_naive:rate16 steps=781 tail_total_ms=25935.023 tail_mean_ms=33.207 tail_min_ms=27.339 tail_max_ms=46.939
[Epoch 4] Hook timing summary done

[Epoch 5] Training... (lr at epoch start=0.090451)
  Batch [50/781] Loss: 1.3765, Acc: 51.50%, lr: 0.090153
  Batch [100/781] Loss: 1.4001, Acc: 49.88%, lr: 0.089852
  Batch [150/781] Loss: 1.4255, Acc: 47.96%, lr: 0.089546
  Batch [200/781] Loss: 1.4341, Acc: 47.59%, lr: 0.089236
  Batch [250/781] Loss: 1.4264, Acc: 48.30%, lr: 0.088923
  Batch [300/781] Loss: 1.4199, Acc: 48.46%, lr: 0.088605
  Batch [350/781] Loss: 1.4255, Acc: 48.09%, lr: 0.088284
  Batch [400/781] Loss: 1.4171, Acc: 48.30%, lr: 0.087958
  Batch [450/781] Loss: 1.4111, Acc: 48.38%, lr: 0.087629
  Batch [500/781] Loss: 1.4119, Acc: 48.59%, lr: 0.087296
  Batch [550/781] Loss: 1.4103, Acc: 48.61%, lr: 0.086959
  Batch [600/781] Loss: 1.4069, Acc: 48.77%, lr: 0.086619
  Batch [650/781] Loss: 1.4026, Acc: 49.12%, lr: 0.086274
  Batch [700/781] Loss: 1.4013, Acc: 49.40%, lr: 0.085927
  Batch [750/781] Loss: 1.3906, Acc: 49.73%, lr: 0.085575
[Epoch 5] Train Loss: 1.3912, Acc: 49.70%  |  Val Loss: 1.4024, Acc: 54.79%  |  Time: 46.4s
[Epoch 5] t_iter median: 53.88 ms  (fwd 6.92 | bwd+comm 43.66 | opt 3.21 | data 0.11)  |  train-only epoch: 42.4s
  -> Best model saved (54.79%)
[Epoch 5] Summarizing hook timing...

[HOOK_TIMING_SUMMARY] epoch=5
[HOOK_WORK_SUMMARY] label=nccl:ring_zfp_naive:rate16 calls=6248 work_total_ms=33328.903 work_mean_ms=5.334 work_min_ms=2.400 work_max_ms=125.768
[HOOK_TAIL_SUMMARY] label=nccl:ring_zfp_naive:rate16 steps=781 tail_total_ms=26756.939 tail_mean_ms=34.260 tail_min_ms=27.066 tail_max_ms=141.427
[Epoch 5] Hook timing summary done

[Epoch 6] Training... (lr at epoch start=0.085355)
  Batch [50/781] Loss: 1.3023, Acc: 53.62%, lr: 0.084998
  Batch [100/781] Loss: 1.2870, Acc: 53.88%, lr: 0.084637
  Batch [150/781] Loss: 1.2664, Acc: 54.42%, lr: 0.084273
  Batch [200/781] Loss: 1.2667, Acc: 54.66%, lr: 0.083905
  Batch [250/781] Loss: 1.2681, Acc: 54.20%, lr: 0.083534
  Batch [300/781] Loss: 1.2576, Acc: 54.73%, lr: 0.083159
  Batch [350/781] Loss: 1.2493, Acc: 54.96%, lr: 0.082781
  Batch [400/781] Loss: 1.2445, Acc: 55.58%, lr: 0.082400
  Batch [450/781] Loss: 1.2470, Acc: 55.38%, lr: 0.082015
  Batch [500/781] Loss: 1.2528, Acc: 55.21%, lr: 0.081627
  Batch [550/781] Loss: 1.2532, Acc: 55.07%, lr: 0.081236
  Batch [600/781] Loss: 1.2517, Acc: 54.97%, lr: 0.080842
  Batch [650/781] Loss: 1.2469, Acc: 55.06%, lr: 0.080445
  Batch [700/781] Loss: 1.2527, Acc: 54.81%, lr: 0.080044
  Batch [750/781] Loss: 1.2451, Acc: 55.13%, lr: 0.079641
[Epoch 6] Train Loss: 1.2411, Acc: 55.23%  |  Val Loss: 2.5490, Acc: 48.59%  |  Time: 47.4s
[Epoch 6] t_iter median: 54.57 ms  (fwd 6.98 | bwd+comm 44.14 | opt 3.35 | data 0.12)  |  train-only epoch: 43.2s
[Epoch 6] Summarizing hook timing...

[HOOK_TIMING_SUMMARY] epoch=6
[HOOK_WORK_SUMMARY] label=nccl:ring_zfp_naive:rate16 calls=6248 work_total_ms=33838.486 work_mean_ms=5.416 work_min_ms=2.399 work_max_ms=119.869
[HOOK_TAIL_SUMMARY] label=nccl:ring_zfp_naive:rate16 steps=781 tail_total_ms=27061.882 tail_mean_ms=34.650 tail_min_ms=27.117 tail_max_ms=122.131
[Epoch 6] Hook timing summary done

[Epoch 7] Training... (lr at epoch start=0.079389)
  Batch [50/781] Loss: 1.2550, Acc: 57.00%, lr: 0.078981
  Batch [100/781] Loss: 1.2129, Acc: 57.75%, lr: 0.078570
  Batch [150/781] Loss: 1.1847, Acc: 58.08%, lr: 0.078156
  Batch [200/781] Loss: 1.1820, Acc: 58.16%, lr: 0.077739
  Batch [250/781] Loss: 1.1639, Acc: 58.80%, lr: 0.077319
  Batch [300/781] Loss: 1.1471, Acc: 59.25%, lr: 0.076897
  Batch [350/781] Loss: 1.1395, Acc: 59.45%, lr: 0.076471
  Batch [400/781] Loss: 1.1260, Acc: 59.78%, lr: 0.076043
  Batch [450/781] Loss: 1.1234, Acc: 59.82%, lr: 0.075613
  Batch [500/781] Loss: 1.1180, Acc: 60.14%, lr: 0.075180
  Batch [550/781] Loss: 1.1147, Acc: 60.40%, lr: 0.074744
  Batch [600/781] Loss: 1.1092, Acc: 60.66%, lr: 0.074306
  Batch [650/781] Loss: 1.1030, Acc: 60.88%, lr: 0.073865
  Batch [700/781] Loss: 1.0974, Acc: 61.04%, lr: 0.073422
  Batch [750/781] Loss: 1.0936, Acc: 61.17%, lr: 0.072977
[Epoch 7] Train Loss: 1.0919, Acc: 61.27%  |  Val Loss: 0.8967, Acc: 68.30%  |  Time: 45.8s
[Epoch 7] t_iter median: 53.42 ms  (fwd 6.88 | bwd+comm 43.13 | opt 3.30 | data 0.11)  |  train-only epoch: 41.9s
  -> Best model saved (68.30%)
[Epoch 7] Summarizing hook timing...

[HOOK_TIMING_SUMMARY] epoch=7
[HOOK_WORK_SUMMARY] label=nccl:ring_zfp_naive:rate16 calls=6248 work_total_ms=32680.496 work_mean_ms=5.231 work_min_ms=2.382 work_max_ms=32.662
[HOOK_TAIL_SUMMARY] label=nccl:ring_zfp_naive:rate16 steps=781 tail_total_ms=25956.947 tail_mean_ms=33.236 tail_min_ms=26.982 tail_max_ms=47.999
[Epoch 7] Hook timing summary done

[Epoch 8] Training... (lr at epoch start=0.072700)
  Batch [50/781] Loss: 0.9957, Acc: 66.00%, lr: 0.072250
  Batch [100/781] Loss: 0.9965, Acc: 64.50%, lr: 0.071799
  Batch [150/781] Loss: 0.9875, Acc: 64.38%, lr: 0.071345
  Batch [200/781] Loss: 0.9869, Acc: 64.09%, lr: 0.070890
  Batch [250/781] Loss: 0.9792, Acc: 64.95%, lr: 0.070432
  Batch [300/781] Loss: 0.9702, Acc: 65.27%, lr: 0.069972
  Batch [350/781] Loss: 0.9747, Acc: 65.36%, lr: 0.069510
  Batch [400/781] Loss: 0.9741, Acc: 65.36%, lr: 0.069046
  Batch [450/781] Loss: 0.9765, Acc: 65.32%, lr: 0.068580
  Batch [500/781] Loss: 0.9704, Acc: 65.62%, lr: 0.068112
  Batch [550/781] Loss: 0.9616, Acc: 65.94%, lr: 0.067643
  Batch [600/781] Loss: 0.9592, Acc: 66.07%, lr: 0.067171
  Batch [650/781] Loss: 0.9499, Acc: 66.42%, lr: 0.066698
  Batch [700/781] Loss: 0.9435, Acc: 66.73%, lr: 0.066223
  Batch [750/781] Loss: 0.9406, Acc: 66.77%, lr: 0.065747
[Epoch 8] Train Loss: 0.9403, Acc: 66.69%  |  Val Loss: 0.9199, Acc: 68.40%  |  Time: 45.8s
[Epoch 8] t_iter median: 52.70 ms  (fwd 6.97 | bwd+comm 42.34 | opt 3.25 | data 0.07)  |  train-only epoch: 41.8s
  -> Best model saved (68.40%)
[Epoch 8] Summarizing hook timing...

[HOOK_TIMING_SUMMARY] epoch=8
[HOOK_WORK_SUMMARY] label=nccl:ring_zfp_naive:rate16 calls=6248 work_total_ms=32491.327 work_mean_ms=5.200 work_min_ms=2.380 work_max_ms=27.728
[HOOK_TAIL_SUMMARY] label=nccl:ring_zfp_naive:rate16 steps=781 tail_total_ms=25790.448 tail_mean_ms=33.022 tail_min_ms=27.008 tail_max_ms=44.021
[Epoch 8] Hook timing summary done

[Epoch 9] Training... (lr at epoch start=0.065451)
  Batch [50/781] Loss: 0.9045, Acc: 67.88%, lr: 0.064972
  Batch [100/781] Loss: 0.8649, Acc: 69.62%, lr: 0.064491
  Batch [150/781] Loss: 0.8750, Acc: 69.21%, lr: 0.064009
  Batch [200/781] Loss: 0.8901, Acc: 68.59%, lr: 0.063526
  Batch [250/781] Loss: 0.8859, Acc: 68.72%, lr: 0.063041
  Batch [300/781] Loss: 0.8977, Acc: 68.35%, lr: 0.062555
  Batch [350/781] Loss: 0.8830, Acc: 68.80%, lr: 0.062068
  Batch [400/781] Loss: 0.8742, Acc: 69.12%, lr: 0.061579
  Batch [450/781] Loss: 0.8735, Acc: 69.25%, lr: 0.061090
  Batch [500/781] Loss: 0.8668, Acc: 69.50%, lr: 0.060599
  Batch [550/781] Loss: 0.8680, Acc: 69.39%, lr: 0.060107
  Batch [600/781] Loss: 0.8616, Acc: 69.74%, lr: 0.059614
  Batch [650/781] Loss: 0.8618, Acc: 69.93%, lr: 0.059120
  Batch [700/781] Loss: 0.8634, Acc: 70.01%, lr: 0.058625
  Batch [750/781] Loss: 0.8593, Acc: 70.07%, lr: 0.058129
[Epoch 9] Train Loss: 0.8577, Acc: 70.18%  |  Val Loss: 0.7469, Acc: 73.46%  |  Time: 46.9s
[Epoch 9] t_iter median: 55.34 ms  (fwd 6.94 | bwd+comm 45.02 | opt 3.24 | data 0.11)  |  train-only epoch: 43.1s
  -> Best model saved (73.46%)
[Epoch 9] Summarizing hook timing...

[HOOK_TIMING_SUMMARY] epoch=9
[HOOK_WORK_SUMMARY] label=nccl:ring_zfp_naive:rate16 calls=6248 work_total_ms=33971.124 work_mean_ms=5.437 work_min_ms=2.380 work_max_ms=28.187
[HOOK_TAIL_SUMMARY] label=nccl:ring_zfp_naive:rate16 steps=781 tail_total_ms=27451.944 tail_mean_ms=35.150 tail_min_ms=26.657 tail_max_ms=43.733
[Epoch 9] Hook timing summary done

[Epoch 10] Training... (lr at epoch start=0.057822)
  Batch [50/781] Loss: 0.7378, Acc: 74.25%, lr: 0.057325
  Batch [100/781] Loss: 0.7717, Acc: 72.50%, lr: 0.056827
  Batch [150/781] Loss: 0.7663, Acc: 73.08%, lr: 0.056329
  Batch [200/781] Loss: 0.7683, Acc: 72.88%, lr: 0.055829
  Batch [250/781] Loss: 0.7696, Acc: 73.12%, lr: 0.055330
  Batch [300/781] Loss: 0.7670, Acc: 73.48%, lr: 0.054830
  Batch [350/781] Loss: 0.7800, Acc: 72.98%, lr: 0.054329
  Batch [400/781] Loss: 0.7796, Acc: 72.91%, lr: 0.053828
  Batch [450/781] Loss: 0.7748, Acc: 73.07%, lr: 0.053326
  Batch [500/781] Loss: 0.7749, Acc: 72.94%, lr: 0.052824
  Batch [550/781] Loss: 0.7738, Acc: 72.97%, lr: 0.052322
  Batch [600/781] Loss: 0.7659, Acc: 73.31%, lr: 0.051820
  Batch [650/781] Loss: 0.7623, Acc: 73.48%, lr: 0.051317
  Batch [700/781] Loss: 0.7605, Acc: 73.43%, lr: 0.050815
  Batch [750/781] Loss: 0.7582, Acc: 73.39%, lr: 0.050312
[Epoch 10] Train Loss: 0.7577, Acc: 73.42%  |  Val Loss: 0.6500, Acc: 77.38%  |  Time: 45.6s
[Epoch 10] t_iter median: 53.18 ms  (fwd 6.99 | bwd+comm 42.66 | opt 3.35 | data 0.11)  |  train-only epoch: 41.6s
  -> Best model saved (77.38%)
[Epoch 10] Summarizing hook timing...

[HOOK_TIMING_SUMMARY] epoch=10
[HOOK_WORK_SUMMARY] label=nccl:ring_zfp_naive:rate16 calls=6248 work_total_ms=32244.671 work_mean_ms=5.161 work_min_ms=2.386 work_max_ms=29.764
[HOOK_TAIL_SUMMARY] label=nccl:ring_zfp_naive:rate16 steps=781 tail_total_ms=25605.109 tail_mean_ms=32.785 tail_min_ms=26.737 tail_max_ms=43.637
[Epoch 10] Hook timing summary done

[Epoch 11] Training... (lr at epoch start=0.050000)
  Batch [50/781] Loss: 0.6409, Acc: 77.62%, lr: 0.049497
  Batch [100/781] Loss: 0.6511, Acc: 76.81%, lr: 0.048994
  Batch [150/781] Loss: 0.6611, Acc: 76.12%, lr: 0.048492
  Batch [200/781] Loss: 0.6763, Acc: 75.75%, lr: 0.047989
  Batch [250/781] Loss: 0.6762, Acc: 75.95%, lr: 0.047487
  Batch [300/781] Loss: 0.6757, Acc: 76.04%, lr: 0.046985
  Batch [350/781] Loss: 0.6824, Acc: 75.89%, lr: 0.046483
  Batch [400/781] Loss: 0.6807, Acc: 75.81%, lr: 0.045982
  Batch [450/781] Loss: 0.6774, Acc: 75.97%, lr: 0.045481
  Batch [500/781] Loss: 0.6741, Acc: 76.16%, lr: 0.044980
  Batch [550/781] Loss: 0.6708, Acc: 76.35%, lr: 0.044480
  Batch [600/781] Loss: 0.6613, Acc: 76.65%, lr: 0.043981
  Batch [650/781] Loss: 0.6609, Acc: 76.66%, lr: 0.043482
  Batch [700/781] Loss: 0.6585, Acc: 76.73%, lr: 0.042984
  Batch [750/781] Loss: 0.6555, Acc: 76.83%, lr: 0.042486
[Epoch 11] Train Loss: 0.6559, Acc: 76.78%  |  Val Loss: 0.6357, Acc: 77.82%  |  Time: 47.1s
[Epoch 11] t_iter median: 55.05 ms  (fwd 6.88 | bwd+comm 44.83 | opt 3.24 | data 0.10)  |  train-only epoch: 43.2s
  -> Best model saved (77.82%)
[Epoch 11] Summarizing hook timing...

[HOOK_TIMING_SUMMARY] epoch=11
[HOOK_WORK_SUMMARY] label=nccl:ring_zfp_naive:rate16 calls=6248 work_total_ms=34142.824 work_mean_ms=5.465 work_min_ms=2.378 work_max_ms=29.933
[HOOK_TAIL_SUMMARY] label=nccl:ring_zfp_naive:rate16 steps=781 tail_total_ms=27724.553 tail_mean_ms=35.499 tail_min_ms=27.581 tail_max_ms=44.706
[Epoch 11] Hook timing summary done

[Epoch 12] Training... (lr at epoch start=0.042178)
  Batch [50/781] Loss: 0.5819, Acc: 78.12%, lr: 0.041682
  Batch [100/781] Loss: 0.5824, Acc: 77.75%, lr: 0.041187
  Batch [150/781] Loss: 0.5730, Acc: 78.67%, lr: 0.040692
  Batch [200/781] Loss: 0.5910, Acc: 78.66%, lr: 0.040199
  Batch [250/781] Loss: 0.6011, Acc: 78.42%, lr: 0.039706
  Batch [300/781] Loss: 0.6145, Acc: 77.85%, lr: 0.039215
  Batch [350/781] Loss: 0.6133, Acc: 77.91%, lr: 0.038724
  Batch [400/781] Loss: 0.6137, Acc: 77.94%, lr: 0.038235
  Batch [450/781] Loss: 0.6081, Acc: 78.19%, lr: 0.037747
  Batch [500/781] Loss: 0.6042, Acc: 78.30%, lr: 0.037260
  Batch [550/781] Loss: 0.5994, Acc: 78.67%, lr: 0.036774
  Batch [600/781] Loss: 0.5944, Acc: 78.83%, lr: 0.036290
  Batch [650/781] Loss: 0.5889, Acc: 79.06%, lr: 0.035807
  Batch [700/781] Loss: 0.5860, Acc: 79.28%, lr: 0.035326
  Batch [750/781] Loss: 0.5841, Acc: 79.36%, lr: 0.034846
[Epoch 12] Train Loss: 0.5839, Acc: 79.39%  |  Val Loss: 0.5450, Acc: 81.10%  |  Time: 47.3s
[Epoch 12] t_iter median: 55.32 ms  (fwd 6.87 | bwd+comm 44.91 | opt 3.47 | data 0.11)  |  train-only epoch: 43.3s
  -> Best model saved (81.10%)
[Epoch 12] Summarizing hook timing...

[HOOK_TIMING_SUMMARY] epoch=12
[HOOK_WORK_SUMMARY] label=nccl:ring_zfp_naive:rate16 calls=6248 work_total_ms=33983.077 work_mean_ms=5.439 work_min_ms=2.383 work_max_ms=26.632
[HOOK_TAIL_SUMMARY] label=nccl:ring_zfp_naive:rate16 steps=781 tail_total_ms=27285.145 tail_mean_ms=34.936 tail_min_ms=28.314 tail_max_ms=41.935
[Epoch 12] Hook timing summary done

[Epoch 13] Training... (lr at epoch start=0.034549)
  Batch [50/781] Loss: 0.5869, Acc: 79.38%, lr: 0.034072
  Batch [100/781] Loss: 0.5459, Acc: 81.38%, lr: 0.033596
  Batch [150/781] Loss: 0.5461, Acc: 81.29%, lr: 0.033122
  Batch [200/781] Loss: 0.5525, Acc: 81.03%, lr: 0.032649
  Batch [250/781] Loss: 0.5477, Acc: 81.20%, lr: 0.032179
  Batch [300/781] Loss: 0.5488, Acc: 81.33%, lr: 0.031710
  Batch [350/781] Loss: 0.5476, Acc: 81.27%, lr: 0.031243
  Batch [400/781] Loss: 0.5389, Acc: 81.66%, lr: 0.030778
  Batch [450/781] Loss: 0.5333, Acc: 81.75%, lr: 0.030314
  Batch [500/781] Loss: 0.5311, Acc: 81.72%, lr: 0.029853
  Batch [550/781] Loss: 0.5234, Acc: 82.03%, lr: 0.029394
  Batch [600/781] Loss: 0.5237, Acc: 81.96%, lr: 0.028937
  Batch [650/781] Loss: 0.5249, Acc: 81.92%, lr: 0.028482
  Batch [700/781] Loss: 0.5298, Acc: 81.83%, lr: 0.028029
  Batch [750/781] Loss: 0.5248, Acc: 82.08%, lr: 0.027579
[Epoch 13] Train Loss: 0.5262, Acc: 82.02%  |  Val Loss: 0.4975, Acc: 82.86%  |  Time: 45.1s
[Epoch 13] t_iter median: 52.31 ms  (fwd 6.94 | bwd+comm 42.02 | opt 3.24 | data 0.11)  |  train-only epoch: 41.1s
  -> Best model saved (82.86%)
[Epoch 13] Summarizing hook timing...

[HOOK_TIMING_SUMMARY] epoch=13
[HOOK_WORK_SUMMARY] label=nccl:ring_zfp_naive:rate16 calls=6248 work_total_ms=32002.856 work_mean_ms=5.122 work_min_ms=2.357 work_max_ms=32.047
[HOOK_TAIL_SUMMARY] label=nccl:ring_zfp_naive:rate16 steps=781 tail_total_ms=25523.720 tail_mean_ms=32.681 tail_min_ms=27.122 tail_max_ms=45.727
[Epoch 13] Hook timing summary done

[Epoch 14] Training... (lr at epoch start=0.027300)
  Batch [50/781] Loss: 0.5332, Acc: 80.62%, lr: 0.026854
  Batch [100/781] Loss: 0.5029, Acc: 82.12%, lr: 0.026409
  Batch [150/781] Loss: 0.4740, Acc: 83.17%, lr: 0.025967
  Batch [200/781] Loss: 0.4696, Acc: 83.09%, lr: 0.025527
  Batch [250/781] Loss: 0.4786, Acc: 83.00%, lr: 0.025090
  Batch [300/781] Loss: 0.4840, Acc: 82.81%, lr: 0.024655
  Batch [350/781] Loss: 0.4873, Acc: 82.80%, lr: 0.024223
  Batch [400/781] Loss: 0.4869, Acc: 82.77%, lr: 0.023794
  Batch [450/781] Loss: 0.4889, Acc: 82.78%, lr: 0.023367
  Batch [500/781] Loss: 0.4869, Acc: 83.01%, lr: 0.022943
  Batch [550/781] Loss: 0.4851, Acc: 83.00%, lr: 0.022521
  Batch [600/781] Loss: 0.4825, Acc: 83.20%, lr: 0.022102
  Batch [650/781] Loss: 0.4790, Acc: 83.34%, lr: 0.021687
  Batch [700/781] Loss: 0.4795, Acc: 83.44%, lr: 0.021274
  Batch [750/781] Loss: 0.4793, Acc: 83.39%, lr: 0.020864
[Epoch 14] Train Loss: 0.4783, Acc: 83.37%  |  Val Loss: 0.4426, Acc: 84.36%  |  Time: 47.8s
[Epoch 14] t_iter median: 55.49 ms  (fwd 6.90 | bwd+comm 45.20 | opt 3.24 | data 0.10)  |  train-only epoch: 43.8s
  -> Best model saved (84.36%)
[Epoch 14] Summarizing hook timing...

[HOOK_TIMING_SUMMARY] epoch=14
[HOOK_WORK_SUMMARY] label=nccl:ring_zfp_naive:rate16 calls=6248 work_total_ms=34745.769 work_mean_ms=5.561 work_min_ms=2.367 work_max_ms=29.048
[HOOK_TAIL_SUMMARY] label=nccl:ring_zfp_naive:rate16 steps=781 tail_total_ms=28277.802 tail_mean_ms=36.207 tail_min_ms=27.151 tail_max_ms=44.819
[Epoch 14] Hook timing summary done

[Epoch 15] Training... (lr at epoch start=0.020611)
  Batch [50/781] Loss: 0.4282, Acc: 85.00%, lr: 0.020205
  Batch [100/781] Loss: 0.4125, Acc: 85.31%, lr: 0.019803
  Batch [150/781] Loss: 0.4310, Acc: 85.12%, lr: 0.019404
  Batch [200/781] Loss: 0.4342, Acc: 84.72%, lr: 0.019008
  Batch [250/781] Loss: 0.4313, Acc: 84.92%, lr: 0.018615
  Batch [300/781] Loss: 0.4342, Acc: 84.81%, lr: 0.018225
  Batch [350/781] Loss: 0.4224, Acc: 85.29%, lr: 0.017838
  Batch [400/781] Loss: 0.4194, Acc: 85.42%, lr: 0.017455
  Batch [450/781] Loss: 0.4252, Acc: 85.26%, lr: 0.017075
  Batch [500/781] Loss: 0.4199, Acc: 85.53%, lr: 0.016698
  Batch [550/781] Loss: 0.4223, Acc: 85.48%, lr: 0.016325
  Batch [600/781] Loss: 0.4230, Acc: 85.45%, lr: 0.015955
  Batch [650/781] Loss: 0.4221, Acc: 85.51%, lr: 0.015588
  Batch [700/781] Loss: 0.4210, Acc: 85.55%, lr: 0.015225
  Batch [750/781] Loss: 0.4190, Acc: 85.62%, lr: 0.014866
[Epoch 15] Train Loss: 0.4188, Acc: 85.64%  |  Val Loss: 0.4207, Acc: 85.45%  |  Time: 48.9s
[Epoch 15] t_iter median: 57.44 ms  (fwd 6.86 | bwd+comm 47.26 | opt 3.19 | data 0.07)  |  train-only epoch: 45.1s
  -> Best model saved (85.45%)
[Epoch 15] Summarizing hook timing...

[HOOK_TIMING_SUMMARY] epoch=15
[HOOK_WORK_SUMMARY] label=nccl:ring_zfp_naive:rate16 calls=6248 work_total_ms=36092.542 work_mean_ms=5.777 work_min_ms=2.345 work_max_ms=33.744
[HOOK_TAIL_SUMMARY] label=nccl:ring_zfp_naive:rate16 steps=781 tail_total_ms=29680.716 tail_mean_ms=38.003 tail_min_ms=27.977 tail_max_ms=48.181
[Epoch 15] Hook timing summary done

[Epoch 16] Training... (lr at epoch start=0.014645)
  Batch [50/781] Loss: 0.3566, Acc: 87.50%, lr: 0.014291
  Batch [100/781] Loss: 0.3841, Acc: 87.00%, lr: 0.013941
  Batch [150/781] Loss: 0.4015, Acc: 86.54%, lr: 0.013594
  Batch [200/781] Loss: 0.3995, Acc: 86.28%, lr: 0.013251
  Batch [250/781] Loss: 0.3825, Acc: 86.92%, lr: 0.012912
  Batch [300/781] Loss: 0.3752, Acc: 87.12%, lr: 0.012577
  Batch [350/781] Loss: 0.3708, Acc: 87.27%, lr: 0.012245
  Batch [400/781] Loss: 0.3700, Acc: 87.11%, lr: 0.011918
  Batch [450/781] Loss: 0.3676, Acc: 87.21%, lr: 0.011594
  Batch [500/781] Loss: 0.3701, Acc: 87.21%, lr: 0.011274
  Batch [550/781] Loss: 0.3671, Acc: 87.36%, lr: 0.010958
  Batch [600/781] Loss: 0.3654, Acc: 87.39%, lr: 0.010646
  Batch [650/781] Loss: 0.3637, Acc: 87.34%, lr: 0.010337
  Batch [700/781] Loss: 0.3601, Acc: 87.45%, lr: 0.010033
  Batch [750/781] Loss: 0.3593, Acc: 87.51%, lr: 0.009733
[Epoch 16] Train Loss: 0.3560, Acc: 87.62%  |  Val Loss: 0.3800, Acc: 87.63%  |  Time: 47.8s
[Epoch 16] t_iter median: 55.88 ms  (fwd 6.96 | bwd+comm 45.59 | opt 3.19 | data 0.11)  |  train-only epoch: 43.9s
  -> Best model saved (87.63%)
[Epoch 16] Summarizing hook timing...

[HOOK_TIMING_SUMMARY] epoch=16
[HOOK_WORK_SUMMARY] label=nccl:ring_zfp_naive:rate16 calls=6248 work_total_ms=34773.119 work_mean_ms=5.565 work_min_ms=2.364 work_max_ms=31.988
[HOOK_TAIL_SUMMARY] label=nccl:ring_zfp_naive:rate16 steps=781 tail_total_ms=28343.750 tail_mean_ms=36.292 tail_min_ms=28.005 tail_max_ms=46.386
[Epoch 16] Hook timing summary done

[Epoch 17] Training... (lr at epoch start=0.009549)
  Batch [50/781] Loss: 0.3408, Acc: 87.00%, lr: 0.009256
  Batch [100/781] Loss: 0.3297, Acc: 88.31%, lr: 0.008966
  Batch [150/781] Loss: 0.3254, Acc: 88.71%, lr: 0.008681
  Batch [200/781] Loss: 0.3286, Acc: 88.53%, lr: 0.008400
  Batch [250/781] Loss: 0.3277, Acc: 88.72%, lr: 0.008123
  Batch [300/781] Loss: 0.3232, Acc: 88.79%, lr: 0.007851
  Batch [350/781] Loss: 0.3160, Acc: 89.05%, lr: 0.007582
  Batch [400/781] Loss: 0.3119, Acc: 89.16%, lr: 0.007318
  Batch [450/781] Loss: 0.3067, Acc: 89.29%, lr: 0.007058
  Batch [500/781] Loss: 0.3047, Acc: 89.31%, lr: 0.006803
  Batch [550/781] Loss: 0.3036, Acc: 89.42%, lr: 0.006552
  Batch [600/781] Loss: 0.3052, Acc: 89.41%, lr: 0.006305
  Batch [650/781] Loss: 0.3034, Acc: 89.38%, lr: 0.006063
  Batch [700/781] Loss: 0.3034, Acc: 89.36%, lr: 0.005825
  Batch [750/781] Loss: 0.3025, Acc: 89.40%, lr: 0.005592
[Epoch 17] Train Loss: 0.3005, Acc: 89.45%  |  Val Loss: 0.3397, Acc: 88.83%  |  Time: 49.0s
[Epoch 17] t_iter median: 57.71 ms  (fwd 6.97 | bwd+comm 47.46 | opt 3.19 | data 0.07)  |  train-only epoch: 45.1s
  -> Best model saved (88.83%)
[Epoch 17] Summarizing hook timing...

[HOOK_TIMING_SUMMARY] epoch=17
[HOOK_WORK_SUMMARY] label=nccl:ring_zfp_naive:rate16 calls=6248 work_total_ms=36034.937 work_mean_ms=5.767 work_min_ms=2.346 work_max_ms=32.631
[HOOK_TAIL_SUMMARY] label=nccl:ring_zfp_naive:rate16 steps=781 tail_total_ms=29619.985 tail_mean_ms=37.926 tail_min_ms=27.637 tail_max_ms=46.959
[Epoch 17] Hook timing summary done

[Epoch 18] Training... (lr at epoch start=0.005450)
  Batch [50/781] Loss: 0.2790, Acc: 90.00%, lr: 0.005224
  Batch [100/781] Loss: 0.2718, Acc: 89.69%, lr: 0.005002
  Batch [150/781] Loss: 0.2600, Acc: 90.46%, lr: 0.004785
  Batch [200/781] Loss: 0.2511, Acc: 90.75%, lr: 0.004573
  Batch [250/781] Loss: 0.2592, Acc: 90.53%, lr: 0.004365
  Batch [300/781] Loss: 0.2562, Acc: 90.77%, lr: 0.004162
  Batch [350/781] Loss: 0.2602, Acc: 90.61%, lr: 0.003963
  Batch [400/781] Loss: 0.2609, Acc: 90.48%, lr: 0.003770
  Batch [450/781] Loss: 0.2601, Acc: 90.50%, lr: 0.003580
  Batch [500/781] Loss: 0.2602, Acc: 90.49%, lr: 0.003396
  Batch [550/781] Loss: 0.2595, Acc: 90.58%, lr: 0.003216
  Batch [600/781] Loss: 0.2595, Acc: 90.61%, lr: 0.003041
  Batch [650/781] Loss: 0.2605, Acc: 90.65%, lr: 0.002871
  Batch [700/781] Loss: 0.2608, Acc: 90.62%, lr: 0.002705
  Batch [750/781] Loss: 0.2627, Acc: 90.61%, lr: 0.002544
[Epoch 18] Train Loss: 0.2625, Acc: 90.60%  |  Val Loss: 0.3215, Acc: 89.28%  |  Time: 49.2s
[Epoch 18] t_iter median: 57.86 ms  (fwd 6.93 | bwd+comm 47.40 | opt 3.36 | data 0.11)  |  train-only epoch: 45.2s
  -> Best model saved (89.28%)
[Epoch 18] Summarizing hook timing...

[HOOK_TIMING_SUMMARY] epoch=18
[HOOK_WORK_SUMMARY] label=nccl:ring_zfp_naive:rate16 calls=6248 work_total_ms=35877.626 work_mean_ms=5.742 work_min_ms=2.347 work_max_ms=33.718
[HOOK_TAIL_SUMMARY] label=nccl:ring_zfp_naive:rate16 steps=781 tail_total_ms=29231.597 tail_mean_ms=37.428 tail_min_ms=27.458 tail_max_ms=47.912
[Epoch 18] Hook timing summary done

[Epoch 19] Training... (lr at epoch start=0.002447)
  Batch [50/781] Loss: 0.1870, Acc: 94.62%, lr: 0.002294
  Batch [100/781] Loss: 0.2156, Acc: 92.69%, lr: 0.002146
  Batch [150/781] Loss: 0.2149, Acc: 92.67%, lr: 0.002003
  Batch [200/781] Loss: 0.2244, Acc: 92.00%, lr: 0.001864
  Batch [250/781] Loss: 0.2162, Acc: 92.20%, lr: 0.001731
  Batch [300/781] Loss: 0.2229, Acc: 92.00%, lr: 0.001602
  Batch [350/781] Loss: 0.2220, Acc: 92.11%, lr: 0.001478
  Batch [400/781] Loss: 0.2222, Acc: 92.23%, lr: 0.001359
  Batch [450/781] Loss: 0.2247, Acc: 92.15%, lr: 0.001245
  Batch [500/781] Loss: 0.2244, Acc: 92.16%, lr: 0.001136
  Batch [550/781] Loss: 0.2227, Acc: 92.17%, lr: 0.001032
  Batch [600/781] Loss: 0.2240, Acc: 92.02%, lr: 0.000933
  Batch [650/781] Loss: 0.2227, Acc: 92.10%, lr: 0.000839
  Batch [700/781] Loss: 0.2221, Acc: 92.20%, lr: 0.000750
  Batch [750/781] Loss: 0.2227, Acc: 92.17%, lr: 0.000665
[Epoch 19] Train Loss: 0.2220, Acc: 92.21%  |  Val Loss: 0.3076, Acc: 89.53%  |  Time: 46.0s
[Epoch 19] t_iter median: 54.17 ms  (fwd 6.88 | bwd+comm 43.88 | opt 3.24 | data 0.11)  |  train-only epoch: 42.2s
  -> Best model saved (89.53%)
[Epoch 19] Summarizing hook timing...

[HOOK_TIMING_SUMMARY] epoch=19
[HOOK_WORK_SUMMARY] label=nccl:ring_zfp_naive:rate16 calls=6248 work_total_ms=33051.221 work_mean_ms=5.290 work_min_ms=2.342 work_max_ms=28.391
[HOOK_TAIL_SUMMARY] label=nccl:ring_zfp_naive:rate16 steps=781 tail_total_ms=26525.123 tail_mean_ms=33.963 tail_min_ms=26.488 tail_max_ms=45.030
[Epoch 19] Hook timing summary done

[Epoch 20] Training... (lr at epoch start=0.000616)
  Batch [50/781] Loss: 0.1981, Acc: 93.50%, lr: 0.000539
  Batch [100/781] Loss: 0.1920, Acc: 93.38%, lr: 0.000468
  Batch [150/781] Loss: 0.2071, Acc: 92.67%, lr: 0.000402
  Batch [200/781] Loss: 0.2036, Acc: 92.59%, lr: 0.000341
  Batch [250/781] Loss: 0.1972, Acc: 92.92%, lr: 0.000285
  Batch [300/781] Loss: 0.1972, Acc: 92.94%, lr: 0.000234
  Batch [350/781] Loss: 0.2006, Acc: 92.61%, lr: 0.000188
  Batch [400/781] Loss: 0.1993, Acc: 92.58%, lr: 0.000147
  Batch [450/781] Loss: 0.1982, Acc: 92.53%, lr: 0.000111
  Batch [500/781] Loss: 0.2021, Acc: 92.53%, lr: 0.000080
  Batch [550/781] Loss: 0.2012, Acc: 92.58%, lr: 0.000054
  Batch [600/781] Loss: 0.2002, Acc: 92.67%, lr: 0.000033
  Batch [650/781] Loss: 0.2001, Acc: 92.67%, lr: 0.000017
  Batch [700/781] Loss: 0.2006, Acc: 92.69%, lr: 0.000007
  Batch [750/781] Loss: 0.1985, Acc: 92.79%, lr: 0.000001
[Epoch 20] Train Loss: 0.1996, Acc: 92.79%  |  Val Loss: 0.3030, Acc: 89.74%  |  Time: 46.8s
[Epoch 20] t_iter median: 54.74 ms  (fwd 6.99 | bwd+comm 44.30 | opt 3.36 | data 0.11)  |  train-only epoch: 42.8s
  -> Best model saved (89.74%)
[Epoch 20] Summarizing hook timing...

[HOOK_TIMING_SUMMARY] epoch=20
[HOOK_WORK_SUMMARY] label=nccl:ring_zfp_naive:rate16 calls=6248 work_total_ms=33484.988 work_mean_ms=5.359 work_min_ms=2.371 work_max_ms=27.617
[HOOK_TAIL_SUMMARY] label=nccl:ring_zfp_naive:rate16 steps=781 tail_total_ms=26835.548 tail_mean_ms=34.360 tail_min_ms=26.416 tail_max_ms=43.473
[Epoch 20] Hook timing summary done

================================================================================
Done in 957.5s | Best val acc: 89.74%
Epoch times (train+val): mean=47.1s  min=45.1s  max=49.2s
Train-only epoch time (epochs 2..N): median=43.16s  min=41.12s  max=45.19s
  -> use this for STRONG scaling (fixed global batch)
  -> use t_iter_median_ms from the CSV for WEAK scaling (fixed local batch)
================================================================================
=== Finished training: model=wide_resnet50_2, dataset=cifar10, batch=16, lr=0.1, scheduler=cosine, backend=nccl, hook=ring_zfp_naive, zfp_rate=16, status=0 at Wed Jul 15 08:48:49 PM UTC 2026 ===
=== Starting: model=wide_resnet50_2, ws=4, bs=16, gb=64, lr=0.1, sched=cosine, warmup=0, mom=0.9, wd=5e-4, nesterov=true, wd_bn_bias=false, backend=nccl, hook=ring_zfp_online_coll, zfp=16 at Wed Jul 15 08:48:49 PM UTC 2026 ===

================================================================================
DISTRIBUTED TRAINING LAUNCHER
================================================================================
  Model:      wide_resnet50_2 (CIFAR stem) (from scratch)
  Dataset:    cifar10 (10 classes)
  Image size: 32
  LR:         0.1
  Momentum:   0.9 (nesterov=True)
  Optimizer:  sgd
  Weight dec: 0.0005 (on BN/bias=False)
  Backend:    nccl
  Algorithm:  ring_zfp_online_coll
  ZFP rate:   16
  Epochs:     20
  Batch/rank: 16
  LR:         0.1
  Scheduler:  cosine
  Warmup:     0
  Grad clip:  None
  Drop last:  True
  Data dir:   ./data
================================================================================


================================================================================
Distributed Training: WIDE_RESNET50_2 on CIFAR10
Backend: NCCL, Algorithm: ring_zfp_online_coll
================================================================================
Ranks: 4, Epochs: 20, Batch/rank: 16, Effective batch: 64
LR: 0.1, Device: cuda:0

[Cache] Pretrained weights cache (TORCH_HOME) = ./data/pretrained_weights_cache
[Setup] Model on cuda:0, wrapped in DDP (static_graph=True)
================================================================================
DISTRIBUTED TRAINING LAUNCHER
================================================================================
  Model:      wide_resnet50_2 (CIFAR stem) (from scratch)
  Dataset:    cifar10 (10 classes)
  Image size: 32
  LR:         0.1
  Momentum:   0.9 (nesterov=True)
  Optimizer:  sgd
  Weight dec: 0.0005 (on BN/bias=False)
  Backend:    nccl
  Algorithm:  ring_zfp_online_coll
  ZFP rate:   16
  Epochs:     20
  Batch/rank: 16
  LR:         0.1
  Scheduler:  cosine
  Warmup:     0
  Grad clip:  None
  Drop last:  True
  Data dir:   ./data
================================================================================


================================================================================
DISTRIBUTED TRAINING LAUNCHER
================================================================================
  Model:      wide_resnet50_2 (CIFAR stem) (from scratch)
  Dataset:    cifar10 (10 classes)
  Image size: 32
  LR:         0.1
  Momentum:   0.9 (nesterov=True)
  Optimizer:  sgd
  Weight dec: 0.0005 (on BN/bias=False)
  Backend:    nccl
  Algorithm:  ring_zfp_online_coll
  ZFP rate:   16
  Epochs:     20
  Batch/rank: 16
  LR:         0.1
  Scheduler:  cosine
  Warmup:     0
  Grad clip:  None
  Drop last:  True
  Data dir:   ./data
================================================================================



================================================================================
DISTRIBUTED TRAINING LAUNCHER
================================================================================
  Model:      wide_resnet50_2 (CIFAR stem) (from scratch)
  Dataset:    cifar10 (10 classes)
  Image size: 32
  LR:         0.1
  Momentum:   0.9 (nesterov=True)
  Optimizer:  sgd
  Weight dec: 0.0005 (on BN/bias=False)
  Backend:    nccl
  Algorithm:  ring_zfp_online_coll
  ZFP rate:   16
  Epochs:     20
  Batch/rank: 16
  LR:         0.1
  Scheduler:  cosine
  Warmup:     0
  Grad clip:  None
  Drop last:  True
  Data dir:   ./data
================================================================================

[rank1]: Traceback (most recent call last):
[rank1]:   File "/home/mrest/mpiAllReduceCompressed/interface.py", line 211, in <module>
[rank1]:     train(config)
[rank1]:   File "/home/mrest/mpiAllReduceCompressed/ddp_training.py", line 505, in train
[rank1]:     result = get_comm_hook(
[rank1]:              ^^^^^^^^^^^^^^
[rank1]:   File "/home/mrest/mpiAllReduceCompressed/communication_strategy.py", line 2523, in get_comm_hook
[rank1]:     raise ValueError(
[rank1]: ValueError: Unknown hook: nccl/ring_zfp_online_coll. Available: ['nccl/default', 'nccl/ring', 'nccl/ring_zfp_naive', 'nccl/recursive_doubling', 'nccl/recursive_doubling_zfp_naive', 'mpi/default', 'mpi/ring', 'mpi/ring_zfp_naive', 'mpi/recursive_doubling', 'mpi/recursive_doubling_zfp_naive', 'mpi/ring_zfp_online_coll', 'mpi/recursive_doubling_zfp_online_coll', 'nccl/default_sync', 'nccl/default_clone', 'nccl/default_cpu_stage', 'mpi/default_sync', 'mpi/default_clone', 'mpi/default_cpu_stage']
[rank2]: Traceback (most recent call last):
[rank2]:   File "/home/mrest/mpiAllReduceCompressed/interface.py", line 211, in <module>
[rank2]:     train(config)
[rank2]:   File "/home/mrest/mpiAllReduceCompressed/ddp_training.py", line 505, in train
[rank2]:     result = get_comm_hook(
[rank2]:              ^^^^^^^^^^^^^^
[rank2]:   File "/home/mrest/mpiAllReduceCompressed/communication_strategy.py", line 2523, in get_comm_hook
[rank2]:     raise ValueError(
[rank2]: ValueError: Unknown hook: nccl/ring_zfp_online_coll. Available: ['nccl/default', 'nccl/ring', 'nccl/ring_zfp_naive', 'nccl/recursive_doubling', 'nccl/recursive_doubling_zfp_naive', 'mpi/default', 'mpi/ring', 'mpi/ring_zfp_naive', 'mpi/recursive_doubling', 'mpi/recursive_doubling_zfp_naive', 'mpi/ring_zfp_online_coll', 'mpi/recursive_doubling_zfp_online_coll', 'nccl/default_sync', 'nccl/default_clone', 'nccl/default_cpu_stage', 'mpi/default_sync', 'mpi/default_clone', 'mpi/default_cpu_stage']
[rank3]: Traceback (most recent call last):
[rank3]:   File "/home/mrest/mpiAllReduceCompressed/interface.py", line 211, in <module>
[rank3]:     train(config)
[rank3]:   File "/home/mrest/mpiAllReduceCompressed/ddp_training.py", line 505, in train
[rank3]:     result = get_comm_hook(
[rank3]:              ^^^^^^^^^^^^^^
[rank3]:   File "/home/mrest/mpiAllReduceCompressed/communication_strategy.py", line 2523, in get_comm_hook
[rank3]:     raise ValueError(
[rank3]: ValueError: Unknown hook: nccl/ring_zfp_online_coll. Available: ['nccl/default', 'nccl/ring', 'nccl/ring_zfp_naive', 'nccl/recursive_doubling', 'nccl/recursive_doubling_zfp_naive', 'mpi/default', 'mpi/ring', 'mpi/ring_zfp_naive', 'mpi/recursive_doubling', 'mpi/recursive_doubling_zfp_naive', 'mpi/ring_zfp_online_coll', 'mpi/recursive_doubling_zfp_online_coll', 'nccl/default_sync', 'nccl/default_clone', 'nccl/default_cpu_stage', 'mpi/default_sync', 'mpi/default_clone', 'mpi/default_cpu_stage']
[rank0]: Traceback (most recent call last):
[rank0]:   File "/home/mrest/mpiAllReduceCompressed/interface.py", line 211, in <module>
[rank0]:     train(config)
[rank0]:   File "/home/mrest/mpiAllReduceCompressed/ddp_training.py", line 505, in train
[rank0]:     result = get_comm_hook(
[rank0]:              ^^^^^^^^^^^^^^
[rank0]:   File "/home/mrest/mpiAllReduceCompressed/communication_strategy.py", line 2523, in get_comm_hook
[rank0]:     raise ValueError(
[rank0]: ValueError: Unknown hook: nccl/ring_zfp_online_coll. Available: ['nccl/default', 'nccl/ring', 'nccl/ring_zfp_naive', 'nccl/recursive_doubling', 'nccl/recursive_doubling_zfp_naive', 'mpi/default', 'mpi/ring', 'mpi/ring_zfp_naive', 'mpi/recursive_doubling', 'mpi/recursive_doubling_zfp_naive', 'mpi/ring_zfp_online_coll', 'mpi/recursive_doubling_zfp_online_coll', 'nccl/default_sync', 'nccl/default_clone', 'nccl/default_cpu_stage', 'mpi/default_sync', 'mpi/default_clone', 'mpi/default_cpu_stage']
[rank0]:[W715 20:48:56.356151309 ProcessGroupNCCL.cpp:1538] Warning: WARNING: destroy_process_group() was not called before program exit, which can leak resources. For more info, please see https://pytorch.org/docs/stable/distributed.html#shutdown (function operator())
x3002c0s7b0n0.hsn.cm.polaris.alcf.anl.gov: rank 1 exited with code 1
=== Finished training: model=wide_resnet50_2, dataset=cifar10, batch=16, lr=0.1, scheduler=cosine, backend=nccl, hook=ring_zfp_online_coll, zfp_rate=16, status=1 at Wed Jul 15 08:48:58 PM UTC 2026 ===
=== Stopping job because training failed ===
