=== Job started: Mon Aug  3 11:02:52 PM UTC 2026 ===
=== Node: x3002c0s7b1n0 ===
=============================================
  Polaris NCCL test — GTL NOT loaded
=============================================
Node              : x3002c0s7b1n0
GTL               : NOT loaded (NCCL test)
MPICH_GPU_SUPPORT : NOT set (NCCL test)

PyTorch version   : 2.8.0
PyTorch location  : /soft/applications/conda/2025-09-28/mconda3/lib/python3.12/site-packages/torch/__init__.py
CUDA available    : True 4
cuDNN             : 91300
MPI available     : True
mpi4py            : MPI VERSION    : CRAY MPICH version 9.0.1.498 (ANL base 4.1.2)
mpi4py rank test  : rank 0 OK
ZFP_HOME          : /home/mrest/mpiAllReduceCompressed/zfp-install
ZFP lib           : lrwxrwxrwx 1 mrest users 11 May 17 22:11 /home/mrest/mpiAllReduceCompressed/zfp-install/lib64/libzfp.so -> libzfp.so.1
ZFP include       : -rw-r--r-- 1 mrest users 35180 May 17 18:17 /home/mrest/mpiAllReduceCompressed/zfp-install/include/zfp.h
=============================================
MASTER_ADDR=x3002c0s7b1n0.hsn.cm.polaris.alcf.anl.gov
MASTER_PORT=29500
python 3.12.11 | packaged by conda-forge | (main, Jun  4 2025, 14:45:31) [GCC 13.3.0]
torchvision._C spec: ModuleSpec(name='torchvision._C', loader=<_frozen_importlib_external.ExtensionFileLoader object at 0x146f6b9fc5c0>, origin='/soft/applications/conda/2025-09-28/mconda3/lib/python3.12/site-packages/torchvision/_C.so')
origin: /soft/applications/conda/2025-09-28/mconda3/lib/python3.12/site-packages/torchvision/_C.so
=== Starting: model=wide_resnet50_2, ws=8, bs=8, gb=64, lr=0.05, sched=cosine, warmup=0, epochs=5, mom=0.9, wd=5e-4, nesterov=true, wd_bn_bias=false, backend=nccl, hook=none, zfp=none at Mon Aug  3 11:03:17 PM UTC 2026 ===

================================================================================
DISTRIBUTED TRAINING LAUNCHER
================================================================================
  Model:      wide_resnet50_2 (CIFAR stem) (from scratch)
  Dataset:    cifar10 (10 classes)
  Image size: 32
  LR:         0.05
  Momentum:   0.9 (nesterov=True)
  Optimizer:  sgd

================================================================================
DISTRIBUTED TRAINING LAUNCHER
================================================================================
  Model:      wide_resnet50_2 (CIFAR stem) (from scratch)
  Dataset:    cifar10 (10 classes)
  Image size: 32
  LR:         0.05
  Momentum:   0.9 (nesterov=True)
  Optimizer:  sgd
  Weight dec: 0.0005 (on BN/bias=False)
  Backend:    nccl
  Algorithm:  built-in (no hook)
  Epochs:     5
  Batch/rank: 8
  LR:         0.05
  Scheduler:  cosine
  Warmup:     0
  Grad clip:  None
  Drop last:  True
  Data dir:   ./data
================================================================================


================================================================================
DISTRIBUTED TRAINING LAUNCHER
================================================================================
  Model:      wide_resnet50_2 (CIFAR stem) (from scratch)
  Dataset:    cifar10 (10 classes)
  Image size: 32
  LR:         0.05
  Momentum:   0.9 (nesterov=True)
  Optimizer:  sgd
  Weight dec: 0.0005 (on BN/bias=False)
  Backend:    nccl
  Algorithm:  built-in (no hook)
  Epochs:     5
  Batch/rank: 8
  LR:         0.05
  Scheduler:  cosine
  Warmup:     0
  Grad clip:  None
  Drop last:  True
  Data dir:   ./data
================================================================================

  Weight dec: 0.0005 (on BN/bias=False)
  Backend:    nccl
  Algorithm:  built-in (no hook)
  Epochs:     5
  Batch/rank: 8
  LR:         0.05
  Scheduler:  cosine
  Warmup:     0
  Grad clip:  None
  Drop last:  True
  Data dir:   ./data
================================================================================


================================================================================
DISTRIBUTED TRAINING LAUNCHER
================================================================================
  Model:      wide_resnet50_2 (CIFAR stem) (from scratch)
  Dataset:    cifar10 (10 classes)
  Image size: 32
  LR:         0.05
  Momentum:   0.9 (nesterov=True)
  Optimizer:  sgd
  Weight dec: 0.0005 (on BN/bias=False)
  Backend:    nccl
  Algorithm:  built-in (no hook)
  Epochs:     5
  Batch/rank: 8
  LR:         0.05
  Scheduler:  cosine
  Warmup:     0
  Grad clip:  None
  Drop last:  True
  Data dir:   ./data
================================================================================


================================================================================
DISTRIBUTED TRAINING LAUNCHER
================================================================================
  Model:      wide_resnet50_2 (CIFAR stem) (from scratch)
  Dataset:    cifar10 (10 classes)
  Image size: 32
  LR:         0.05
  Momentum:   0.9 (nesterov=True)

================================================================================
DISTRIBUTED TRAINING LAUNCHER
================================================================================
  Model:      wide_resnet50_2 (CIFAR stem) (from scratch)
  Dataset:    cifar10 (10 classes)
  Image size: 32
  LR:         0.05
  Momentum:   0.9 (nesterov=True)
  Optimizer:  sgd
  Weight dec: 0.0005 (on BN/bias=False)
  Backend:    nccl
  Algorithm:  built-in (no hook)
  Epochs:     5
  Batch/rank: 8
  LR:         0.05
  Scheduler:  cosine
  Warmup:     0
  Grad clip:  None
  Drop last:  True
  Data dir:   ./data
================================================================================


================================================================================
DISTRIBUTED TRAINING LAUNCHER
================================================================================
  Model:      wide_resnet50_2 (CIFAR stem) (from scratch)
  Dataset:    cifar10 (10 classes)
  Image size: 32
  LR:         0.05
  Momentum:   0.9 (nesterov=True)
  Optimizer:  sgd
  Weight dec: 0.0005 (on BN/bias=False)
  Backend:    nccl
  Algorithm:  built-in (no hook)
  Epochs:     5
  Batch/rank: 8
  LR:         0.05
  Scheduler:  cosine
  Warmup:     0
  Grad clip:  None
  Drop last:  True
  Data dir:   ./data
================================================================================


================================================================================
DISTRIBUTED TRAINING LAUNCHER
================================================================================
  Model:      wide_resnet50_2 (CIFAR stem) (from scratch)
  Dataset:    cifar10 (10 classes)
  Image size: 32
  LR:         0.05
  Momentum:   0.9 (nesterov=True)
  Optimizer:  sgd
  Weight dec: 0.0005 (on BN/bias=False)
  Backend:    nccl
  Algorithm:  built-in (no hook)
  Epochs:     5
  Batch/rank: 8
  LR:         0.05
  Scheduler:  cosine
  Warmup:     0
  Grad clip:  None
  Drop last:  True
  Data dir:   ./data
================================================================================

  Optimizer:  sgd
  Weight dec: 0.0005 (on BN/bias=False)
  Backend:    nccl
  Algorithm:  built-in (no hook)
  Epochs:     5
  Batch/rank: 8
  LR:         0.05
  Scheduler:  cosine
  Warmup:     0
  Grad clip:  None
  Drop last:  True
  Data dir:   ./data
================================================================================


================================================================================
Distributed Training: WIDE_RESNET50_2 on CIFAR10
Backend: NCCL, Algorithm: built-in (no hook)
================================================================================
Ranks: 8, Epochs: 5, Batch/rank: 8, Effective batch: 64
LR: 0.05, Device: cuda:0

[Cache] Pretrained weights cache (TORCH_HOME) = /eagle/UIC-HPC/matilderestelli/pretrained_weights_cache
[Setup] Model on cuda:0, wrapped in DDP (static_graph=True)
[Setup] No hook — using DDP built-in NCCL allreduce
[Optim] SGD: lr=0.05 momentum=0.9 nesterov=True wd=0.0005 wd_on_bn_bias=False
[Optim]   group 0: 66,778,816 params, wd=0.0005
[Optim]   group 1: 68,234 params, wd=0.0
[Data] Train batches: 781, Val batches: 1250

[Sched] cosine: steps/epoch=781, total_steps=3905, warmup_steps=0 (0 epochs)


[Epoch 1] Training... (lr at epoch start=0.050000)
  Batch [50/781] Loss: 7.4978, Acc: 13.00%, lr: 0.049980
  Batch [100/781] Loss: 4.9259, Acc: 12.75%, lr: 0.049919
  Batch [150/781] Loss: 4.0243, Acc: 15.17%, lr: 0.049818
  Batch [200/781] Loss: 3.5911, Acc: 15.50%, lr: 0.049677
  Batch [250/781] Loss: 3.3058, Acc: 16.50%, lr: 0.049496
  Batch [300/781] Loss: 3.1077, Acc: 17.25%, lr: 0.049275
  Batch [350/781] Loss: 2.9598, Acc: 18.04%, lr: 0.049015
  Batch [400/781] Loss: 2.8341, Acc: 18.88%, lr: 0.048717
  Batch [450/781] Loss: 2.7475, Acc: 19.69%, lr: 0.048380
  Batch [500/781] Loss: 2.6651, Acc: 20.93%, lr: 0.048005
  Batch [550/781] Loss: 2.5937, Acc: 21.55%, lr: 0.047592
  Batch [600/781] Loss: 2.5269, Acc: 22.33%, lr: 0.047144
  Batch [650/781] Loss: 2.4723, Acc: 23.35%, lr: 0.046659
  Batch [700/781] Loss: 2.4289, Acc: 23.79%, lr: 0.046139
  Batch [750/781] Loss: 2.3864, Acc: 24.50%, lr: 0.045586
[Epoch 1] Train Loss: 2.3640, Acc: 24.81%  |  Val Loss: 2.4954, Acc: 32.76%  |  Time: 109.8s
[Epoch 1] t_iter median: 120.62 ms  (fwd 7.68 | bwd+comm 109.82 | opt 2.96 | data 0.12)  |  train-only epoch: 101.5s
  -> Best model saved (32.76%)
[Epoch 1] Summarizing hook timing...
[HOOK_TIMING_SUMMARY] epoch=1 no hook timing samples
[Epoch 1] Hook timing summary done

[Epoch 2] Training... (lr at epoch start=0.045225)
  Batch [50/781] Loss: 1.7680, Acc: 34.50%, lr: 0.044618
  Batch [100/781] Loss: 1.7724, Acc: 33.88%, lr: 0.043979
  Batch [150/781] Loss: 1.7495, Acc: 35.08%, lr: 0.043309
  Batch [200/781] Loss: 1.7449, Acc: 35.06%, lr: 0.042610
  Batch [250/781] Loss: 1.7487, Acc: 35.40%, lr: 0.041882
  Batch [300/781] Loss: 1.7500, Acc: 35.29%, lr: 0.041127
  Batch [350/781] Loss: 1.7439, Acc: 35.25%, lr: 0.040346
  Batch [400/781] Loss: 1.7312, Acc: 35.97%, lr: 0.039540
  Batch [450/781] Loss: 1.7223, Acc: 36.42%, lr: 0.038710
  Batch [500/781] Loss: 1.7126, Acc: 36.65%, lr: 0.037858
  Batch [550/781] Loss: 1.6954, Acc: 37.30%, lr: 0.036986
  Batch [600/781] Loss: 1.6834, Acc: 37.62%, lr: 0.036094
  Batch [650/781] Loss: 1.6749, Acc: 37.87%, lr: 0.035184
  Batch [700/781] Loss: 1.6658, Acc: 38.18%, lr: 0.034257
  Batch [750/781] Loss: 1.6515, Acc: 38.65%, lr: 0.033316
[Epoch 2] Train Loss: 1.6449, Acc: 38.88%  |  Val Loss: 1.6090, Acc: 44.68%  |  Time: 101.8s
[Epoch 2] t_iter median: 119.35 ms  (fwd 7.56 | bwd+comm 108.70 | opt 2.97 | data 0.12)  |  train-only epoch: 93.7s
  -> Best model saved (44.68%)
[Epoch 2] Summarizing hook timing...
[HOOK_TIMING_SUMMARY] epoch=2 no hook timing samples
[Epoch 2] Hook timing summary done

[Epoch 3] Training... (lr at epoch start=0.032725)
  Batch [50/781] Loss: 1.4631, Acc: 45.75%, lr: 0.031763
  Batch [100/781] Loss: 1.4425, Acc: 48.00%, lr: 0.030790
  Batch [150/781] Loss: 1.4439, Acc: 47.58%, lr: 0.029807
  Batch [200/781] Loss: 1.4463, Acc: 46.94%, lr: 0.028816
  Batch [250/781] Loss: 1.4618, Acc: 46.20%, lr: 0.027820
  Batch [300/781] Loss: 1.4763, Acc: 46.04%, lr: 0.026819
  Batch [350/781] Loss: 1.4578, Acc: 46.93%, lr: 0.025814
  Batch [400/781] Loss: 1.4533, Acc: 47.12%, lr: 0.024809
  Batch [450/781] Loss: 1.4373, Acc: 47.81%, lr: 0.023804
  Batch [500/781] Loss: 1.4300, Acc: 48.17%, lr: 0.022801
  Batch [550/781] Loss: 1.4176, Acc: 48.55%, lr: 0.021801
  Batch [600/781] Loss: 1.4054, Acc: 48.98%, lr: 0.020806
  Batch [650/781] Loss: 1.4051, Acc: 49.13%, lr: 0.019819
  Batch [700/781] Loss: 1.3938, Acc: 49.55%, lr: 0.018839
  Batch [750/781] Loss: 1.3877, Acc: 49.75%, lr: 0.017870
[Epoch 3] Train Loss: 1.3837, Acc: 49.95%  |  Val Loss: 1.2331, Acc: 57.78%  |  Time: 102.2s
[Epoch 3] t_iter median: 119.62 ms  (fwd 7.55 | bwd+comm 108.95 | opt 2.97 | data 0.11)  |  train-only epoch: 94.0s
  -> Best model saved (57.78%)
[Epoch 3] Summarizing hook timing...
[HOOK_TIMING_SUMMARY] epoch=3 no hook timing samples
[Epoch 3] Hook timing summary done

[Epoch 4] Training... (lr at epoch start=0.017275)
  Batch [50/781] Loss: 1.2570, Acc: 55.00%, lr: 0.016325
  Batch [100/781] Loss: 1.2366, Acc: 55.38%, lr: 0.015389
  Batch [150/781] Loss: 1.2366, Acc: 55.58%, lr: 0.014468
  Batch [200/781] Loss: 1.2363, Acc: 55.25%, lr: 0.013565
  Batch [250/781] Loss: 1.2229, Acc: 55.40%, lr: 0.012680
  Batch [300/781] Loss: 1.2193, Acc: 56.04%, lr: 0.011816
  Batch [350/781] Loss: 1.2146, Acc: 55.86%, lr: 0.010972
  Batch [400/781] Loss: 1.2054, Acc: 56.53%, lr: 0.010151
  Batch [450/781] Loss: 1.1924, Acc: 57.06%, lr: 0.009354
  Batch [500/781] Loss: 1.1888, Acc: 57.10%, lr: 0.008583
  Batch [550/781] Loss: 1.1793, Acc: 57.48%, lr: 0.007838
  Batch [600/781] Loss: 1.1770, Acc: 57.62%, lr: 0.007121
  Batch [650/781] Loss: 1.1706, Acc: 58.10%, lr: 0.006433
  Batch [700/781] Loss: 1.1625, Acc: 58.48%, lr: 0.005774
  Batch [750/781] Loss: 1.1516, Acc: 58.82%, lr: 0.005147
[Epoch 4] Train Loss: 1.1501, Acc: 58.80%  |  Val Loss: 0.9773, Acc: 65.60%  |  Time: 112.0s
[Epoch 4] t_iter median: 134.85 ms  (fwd 7.49 | bwd+comm 124.23 | opt 2.97 | data 0.12)  |  train-only epoch: 103.9s
  -> Best model saved (65.60%)
[Epoch 4] Summarizing hook timing...
[HOOK_TIMING_SUMMARY] epoch=4 no hook timing samples
[Epoch 4] Hook timing summary done

[Epoch 5] Training... (lr at epoch start=0.004775)
  Batch [50/781] Loss: 0.9335, Acc: 67.50%, lr: 0.004200
  Batch [100/781] Loss: 0.9886, Acc: 66.12%, lr: 0.003659
  Batch [150/781] Loss: 0.9976, Acc: 64.75%, lr: 0.003153
  Batch [200/781] Loss: 0.9968, Acc: 64.19%, lr: 0.002682
  Batch [250/781] Loss: 0.9827, Acc: 64.70%, lr: 0.002247
  Batch [300/781] Loss: 0.9737, Acc: 64.83%, lr: 0.001849
  Batch [350/781] Loss: 0.9751, Acc: 64.93%, lr: 0.001488
  Batch [400/781] Loss: 0.9733, Acc: 65.22%, lr: 0.001165
  Batch [450/781] Loss: 0.9640, Acc: 65.61%, lr: 0.000881
  Batch [500/781] Loss: 0.9556, Acc: 66.15%, lr: 0.000636
  Batch [550/781] Loss: 0.9492, Acc: 66.50%, lr: 0.000430
  Batch [600/781] Loss: 0.9484, Acc: 66.73%, lr: 0.000265
  Batch [650/781] Loss: 0.9464, Acc: 66.79%, lr: 0.000139
  Batch [700/781] Loss: 0.9391, Acc: 67.09%, lr: 0.000053
  Batch [750/781] Loss: 0.9282, Acc: 67.37%, lr: 0.000008
[Epoch 5] Train Loss: 0.9311, Acc: 67.19%  |  Val Loss: 0.8969, Acc: 68.59%  |  Time: 101.9s
[Epoch 5] t_iter median: 119.40 ms  (fwd 7.57 | bwd+comm 108.78 | opt 2.97 | data 0.12)  |  train-only epoch: 93.7s
  -> Best model saved (68.59%)
[Epoch 5] Summarizing hook timing...
[HOOK_TIMING_SUMMARY] epoch=5 no hook timing samples
[Epoch 5] Hook timing summary done

================================================================================
Done in 532.1s | Best val acc: 68.59%
Epoch times (train+val): mean=105.5s  min=101.8s  max=112.0s
Train-only epoch time (epochs 2..N): median=93.88s  min=93.67s  max=103.94s
  -> use this for STRONG scaling (fixed global batch)
  -> use t_iter_median_ms from the CSV for WEAK scaling (fixed local batch)
================================================================================
=== Finished: model=wide_resnet50_2, dataset=cifar10, batch=8, lr=0.05, scheduler=cosine, backend=nccl, hook=none, zfp_rate=none, status=0 at Mon Aug  3 11:12:33 PM UTC 2026 ===
=== Starting: model=wide_resnet50_2, ws=8, bs=8, gb=64, lr=0.05, sched=cosine, warmup=0, epochs=5, mom=0.9, wd=5e-4, nesterov=true, wd_bn_bias=false, backend=nccl, hook=ring, zfp=none at Mon Aug  3 11:12:33 PM UTC 2026 ===

================================================================================
DISTRIBUTED TRAINING LAUNCHER
================================================================================
  Model:      wide_resnet50_2 (CIFAR stem) (from scratch)
  Dataset:    cifar10 (10 classes)
  Image size: 32
  LR:         0.05
  Momentum:   0.9 (nesterov=True)
  Optimizer:  sgd
  Weight dec: 0.0005 (on BN/bias=False)
  Backend:    nccl
  Algorithm:  ring
  Epochs:     5
  Batch/rank: 8
  LR:         0.05
  Scheduler:  cosine
  Warmup:     0
  Grad clip:  None
  Drop last:  True
  Data dir:   ./data
================================================================================


================================================================================
DISTRIBUTED TRAINING LAUNCHER
================================================================================
  Model:      wide_resnet50_2 (CIFAR stem) (from scratch)
  Dataset:    cifar10 (10 classes)
  Image size: 32
  LR:         0.05
  Momentum:   0.9 (nesterov=True)
  Optimizer:  sgd
  Weight dec: 0.0005 (on BN/bias=False)
  Backend:    nccl
  Algorithm:  ring
  Epochs:     5
  Batch/rank: 8
  LR:         0.05
  Scheduler:  cosine
  Warmup:     0
  Grad clip:  None
  Drop last:  True
  Data dir:   ./data
================================================================================


================================================================================
DISTRIBUTED TRAINING LAUNCHER
================================================================================
  Model:      wide_resnet50_2 (CIFAR stem) (from scratch)
  Dataset:    cifar10 (10 classes)
  Image size: 32
  LR:         0.05
  Momentum:   0.9 (nesterov=True)
  Optimizer:  sgd
  Weight dec: 0.0005 (on BN/bias=False)
  Backend:    nccl
  Algorithm:  ring
  Epochs:     5
  Batch/rank: 8
  LR:         0.05
  Scheduler:  cosine
  Warmup:     0
  Grad clip:  None
  Drop last:  True
  Data dir:   ./data
================================================================================


================================================================================
DISTRIBUTED TRAINING LAUNCHER
================================================================================
  Model:      wide_resnet50_2 (CIFAR stem) (from scratch)
  Dataset:    cifar10 (10 classes)
  Image size: 32
  LR:         0.05
  Momentum:   0.9 (nesterov=True)
  Optimizer:  sgd
  Weight dec: 0.0005 (on BN/bias=False)
  Backend:    nccl
  Algorithm:  ring
  Epochs:     5
  Batch/rank: 8
  LR:         0.05
  Scheduler:  cosine
  Warmup:     0
  Grad clip:  None
  Drop last:  True
  Data dir:   ./data
================================================================================


================================================================================
DISTRIBUTED TRAINING LAUNCHER
================================================================================
  Model:      wide_resnet50_2 (CIFAR stem) (from scratch)
  Dataset:    cifar10 (10 classes)
  Image size: 32

================================================================================
DISTRIBUTED TRAINING LAUNCHER
================================================================================
  Model:      wide_resnet50_2 (CIFAR stem) (from scratch)
  Dataset:    cifar10 (10 classes)
  Image size: 32
  LR:         0.05
  Momentum:   0.9 (nesterov=True)
  Optimizer:  sgd
  Weight dec: 0.0005 (on BN/bias=False)
  Backend:    nccl
  Algorithm:  ring
  Epochs:     5
  Batch/rank: 8
  LR:         0.05
  Scheduler:  cosine
  Warmup:     0
  Grad clip:  None
  Drop last:  True
  Data dir:   ./data
================================================================================

  LR:         0.05
  Momentum:   0.9 (nesterov=True)
  Optimizer:  sgd
  Weight dec: 0.0005 (on BN/bias=False)
  Backend:    nccl
  Algorithm:  ring
  Epochs:     5
  Batch/rank: 8
  LR:         0.05
  Scheduler:  cosine
  Warmup:     0
  Grad clip:  None
  Drop last:  True
  Data dir:   ./data
================================================================================


================================================================================
DISTRIBUTED TRAINING LAUNCHER
================================================================================
  Model:      wide_resnet50_2 (CIFAR stem) (from scratch)
  Dataset:    cifar10 (10 classes)
  Image size: 32
  LR:         0.05
  Momentum:   0.9 (nesterov=True)
  Optimizer:  sgd
  Weight dec: 0.0005 (on BN/bias=False)
  Backend:    nccl
  Algorithm:  ring
  Epochs:     5
  Batch/rank: 8
  LR:         0.05
  Scheduler:  cosine
  Warmup:     0
  Grad clip:  None
  Drop last:  True
  Data dir:   ./data
================================================================================


================================================================================
DISTRIBUTED TRAINING LAUNCHER
================================================================================
  Model:      wide_resnet50_2 (CIFAR stem) (from scratch)
  Dataset:    cifar10 (10 classes)
  Image size: 32
  LR:         0.05
  Momentum:   0.9 (nesterov=True)
  Optimizer:  sgd
  Weight dec: 0.0005 (on BN/bias=False)
  Backend:    nccl
  Algorithm:  ring
  Epochs:     5
  Batch/rank: 8
  LR:         0.05
  Scheduler:  cosine
  Warmup:     0
  Grad clip:  None
  Drop last:  True
  Data dir:   ./data
================================================================================


================================================================================
Distributed Training: WIDE_RESNET50_2 on CIFAR10
Backend: NCCL, Algorithm: ring
================================================================================
Ranks: 8, Epochs: 5, Batch/rank: 8, Effective batch: 64
LR: 0.05, Device: cuda:0

[Cache] Pretrained weights cache (TORCH_HOME) = /eagle/UIC-HPC/matilderestelli/pretrained_weights_cache
[Setup] Model on cuda:0, wrapped in DDP (static_graph=True)
[Setup] Hook registered: nccl/ring
[Optim] SGD: lr=0.05 momentum=0.9 nesterov=True wd=0.0005 wd_on_bn_bias=False
[Optim]   group 0: 66,778,816 params, wd=0.0005
[Optim]   group 1: 68,234 params, wd=0.0
[Data] Train batches: 781, Val batches: 1250

[Sched] cosine: steps/epoch=781, total_steps=3905, warmup_steps=0 (0 epochs)


[Epoch 1] Training... (lr at epoch start=0.050000)
  Batch [50/781] Loss: 7.8893, Acc: 10.25%, lr: 0.049980
  Batch [100/781] Loss: 5.1460, Acc: 10.25%, lr: 0.049919
  Batch [150/781] Loss: 4.1947, Acc: 11.75%, lr: 0.049818
  Batch [200/781] Loss: 3.7180, Acc: 12.62%, lr: 0.049677
  Batch [250/781] Loss: 3.4146, Acc: 14.45%, lr: 0.049496
  Batch [300/781] Loss: 3.1986, Acc: 15.08%, lr: 0.049275
  Batch [350/781] Loss: 3.0365, Acc: 16.32%, lr: 0.049015
  Batch [400/781] Loss: 2.9015, Acc: 17.72%, lr: 0.048717
  Batch [450/781] Loss: 2.8073, Acc: 18.69%, lr: 0.048380
  Batch [500/781] Loss: 2.7173, Acc: 19.93%, lr: 0.048005
  Batch [550/781] Loss: 2.6408, Acc: 20.66%, lr: 0.047592
  Batch [600/781] Loss: 2.5667, Acc: 21.83%, lr: 0.047144
  Batch [650/781] Loss: 2.5105, Acc: 22.79%, lr: 0.046659
  Batch [700/781] Loss: 2.4626, Acc: 23.36%, lr: 0.046139
  Batch [750/781] Loss: 2.4170, Acc: 23.87%, lr: 0.045586
[Epoch 1] Train Loss: 2.3884, Acc: 24.31%  |  Val Loss: 2.0133, Acc: 38.55%  |  Time: 127.3s
[Epoch 1] t_iter median: 149.06 ms  (fwd 7.45 | bwd+comm 138.19 | opt 3.32 | data 0.12)  |  train-only epoch: 119.2s
  -> Best model saved (38.55%)
[Epoch 1] Summarizing hook timing...

[HOOK_TIMING_SUMMARY] epoch=1
[HOOK_WORK_SUMMARY] label=nccl:ring calls=6234 work_total_ms=106810.126 work_mean_ms=17.133 work_min_ms=7.535 work_max_ms=165.619
[HOOK_TAIL_SUMMARY] label=nccl:ring steps=782 tail_total_ms=99157.393 tail_mean_ms=126.800 tail_min_ms=21.267 tail_max_ms=171.929
[Epoch 1] Hook timing summary done

[Epoch 2] Training... (lr at epoch start=0.045225)
  Batch [50/781] Loss: 1.7593, Acc: 36.75%, lr: 0.044618
  Batch [100/781] Loss: 1.7506, Acc: 36.38%, lr: 0.043979
  Batch [150/781] Loss: 1.7256, Acc: 37.42%, lr: 0.043309
  Batch [200/781] Loss: 1.7162, Acc: 36.94%, lr: 0.042610
  Batch [250/781] Loss: 1.7045, Acc: 38.20%, lr: 0.041882
  Batch [300/781] Loss: 1.7006, Acc: 38.46%, lr: 0.041127
  Batch [350/781] Loss: 1.6950, Acc: 38.43%, lr: 0.040346
  Batch [400/781] Loss: 1.6800, Acc: 38.75%, lr: 0.039540
  Batch [450/781] Loss: 1.6653, Acc: 39.25%, lr: 0.038710
  Batch [500/781] Loss: 1.6493, Acc: 40.00%, lr: 0.037858
  Batch [550/781] Loss: 1.6308, Acc: 40.59%, lr: 0.036986
  Batch [600/781] Loss: 1.6185, Acc: 41.06%, lr: 0.036094
  Batch [650/781] Loss: 1.6051, Acc: 41.31%, lr: 0.035184
  Batch [700/781] Loss: 1.5943, Acc: 41.52%, lr: 0.034257
  Batch [750/781] Loss: 1.5786, Acc: 42.20%, lr: 0.033316
[Epoch 2] Train Loss: 1.5717, Acc: 42.62%  |  Val Loss: 1.3054, Acc: 51.73%  |  Time: 127.9s
[Epoch 2] t_iter median: 152.93 ms  (fwd 7.58 | bwd+comm 141.91 | opt 3.29 | data 0.13)  |  train-only epoch: 119.9s
  -> Best model saved (51.73%)
[Epoch 2] Summarizing hook timing...

[HOOK_TIMING_SUMMARY] epoch=2
[HOOK_WORK_SUMMARY] label=nccl:ring calls=6248 work_total_ms=109800.045 work_mean_ms=17.574 work_min_ms=7.616 work_max_ms=43.390
[HOOK_TAIL_SUMMARY] label=nccl:ring steps=781 tail_total_ms=102274.740 tail_mean_ms=130.954 tail_min_ms=117.196 tail_max_ms=183.567
[Epoch 2] Hook timing summary done

[Epoch 3] Training... (lr at epoch start=0.032725)
  Batch [50/781] Loss: 1.2900, Acc: 50.75%, lr: 0.031763
  Batch [100/781] Loss: 1.2909, Acc: 53.12%, lr: 0.030790
  Batch [150/781] Loss: 1.2845, Acc: 52.50%, lr: 0.029807
  Batch [200/781] Loss: 1.3088, Acc: 52.19%, lr: 0.028816
  Batch [250/781] Loss: 1.3143, Acc: 51.75%, lr: 0.027820
  Batch [300/781] Loss: 1.3233, Acc: 51.29%, lr: 0.026819
  Batch [350/781] Loss: 1.3069, Acc: 51.75%, lr: 0.025814
  Batch [400/781] Loss: 1.3011, Acc: 52.47%, lr: 0.024809
  Batch [450/781] Loss: 1.2909, Acc: 53.08%, lr: 0.023804
  Batch [500/781] Loss: 1.2775, Acc: 53.62%, lr: 0.022801
  Batch [550/781] Loss: 1.2678, Acc: 54.11%, lr: 0.021801
  Batch [600/781] Loss: 1.2588, Acc: 54.65%, lr: 0.020806
  Batch [650/781] Loss: 1.2604, Acc: 54.56%, lr: 0.019819
  Batch [700/781] Loss: 1.2453, Acc: 55.25%, lr: 0.018839
  Batch [750/781] Loss: 1.2359, Acc: 55.57%, lr: 0.017870
[Epoch 3] Train Loss: 1.2300, Acc: 55.83%  |  Val Loss: 0.9484, Acc: 66.36%  |  Time: 125.2s
[Epoch 3] t_iter median: 147.79 ms  (fwd 7.56 | bwd+comm 136.76 | opt 3.34 | data 0.12)  |  train-only epoch: 117.0s
  -> Best model saved (66.36%)
[Epoch 3] Summarizing hook timing...

[HOOK_TIMING_SUMMARY] epoch=3
[HOOK_WORK_SUMMARY] label=nccl:ring calls=6248 work_total_ms=106758.366 work_mean_ms=17.087 work_min_ms=7.601 work_max_ms=35.535
[HOOK_TAIL_SUMMARY] label=nccl:ring steps=781 tail_total_ms=99184.205 tail_mean_ms=126.996 tail_min_ms=114.789 tail_max_ms=153.513
[Epoch 3] Hook timing summary done

[Epoch 4] Training... (lr at epoch start=0.017275)
  Batch [50/781] Loss: 1.0944, Acc: 58.00%, lr: 0.016325
  Batch [100/781] Loss: 1.0658, Acc: 60.12%, lr: 0.015389
  Batch [150/781] Loss: 1.0575, Acc: 60.00%, lr: 0.014468
  Batch [200/781] Loss: 1.0608, Acc: 60.75%, lr: 0.013565
  Batch [250/781] Loss: 1.0495, Acc: 61.35%, lr: 0.012680
  Batch [300/781] Loss: 1.0394, Acc: 61.92%, lr: 0.011816
  Batch [350/781] Loss: 1.0345, Acc: 62.29%, lr: 0.010972
  Batch [400/781] Loss: 1.0229, Acc: 62.84%, lr: 0.010151
  Batch [450/781] Loss: 1.0072, Acc: 63.83%, lr: 0.009354
  Batch [500/781] Loss: 1.0045, Acc: 64.00%, lr: 0.008583
  Batch [550/781] Loss: 0.9995, Acc: 64.27%, lr: 0.007838
  Batch [600/781] Loss: 0.9980, Acc: 64.29%, lr: 0.007121
  Batch [650/781] Loss: 0.9916, Acc: 64.63%, lr: 0.006433
  Batch [700/781] Loss: 0.9845, Acc: 64.88%, lr: 0.005774
  Batch [750/781] Loss: 0.9743, Acc: 65.20%, lr: 0.005147
[Epoch 4] Train Loss: 0.9686, Acc: 65.36%  |  Val Loss: 0.7880, Acc: 72.46%  |  Time: 124.3s
[Epoch 4] t_iter median: 148.36 ms  (fwd 7.58 | bwd+comm 137.39 | opt 3.32 | data 0.12)  |  train-only epoch: 116.3s
  -> Best model saved (72.46%)
[Epoch 4] Summarizing hook timing...

[HOOK_TIMING_SUMMARY] epoch=4
[HOOK_WORK_SUMMARY] label=nccl:ring calls=6248 work_total_ms=106247.055 work_mean_ms=17.005 work_min_ms=7.577 work_max_ms=36.141
[HOOK_TAIL_SUMMARY] label=nccl:ring steps=781 tail_total_ms=98771.370 tail_mean_ms=126.468 tail_min_ms=115.572 tail_max_ms=146.213
[Epoch 4] Hook timing summary done

[Epoch 5] Training... (lr at epoch start=0.004775)
  Batch [50/781] Loss: 0.8246, Acc: 68.75%, lr: 0.004200
  Batch [100/781] Loss: 0.8511, Acc: 69.38%, lr: 0.003659
  Batch [150/781] Loss: 0.8583, Acc: 69.83%, lr: 0.003153
  Batch [200/781] Loss: 0.8467, Acc: 69.44%, lr: 0.002682
  Batch [250/781] Loss: 0.8208, Acc: 70.65%, lr: 0.002247
  Batch [300/781] Loss: 0.8113, Acc: 71.25%, lr: 0.001849
  Batch [350/781] Loss: 0.8138, Acc: 71.50%, lr: 0.001488
  Batch [400/781] Loss: 0.8165, Acc: 71.28%, lr: 0.001165
  Batch [450/781] Loss: 0.8080, Acc: 71.56%, lr: 0.000881
  Batch [500/781] Loss: 0.8005, Acc: 71.83%, lr: 0.000636
  Batch [550/781] Loss: 0.7941, Acc: 72.18%, lr: 0.000430
  Batch [600/781] Loss: 0.7958, Acc: 72.10%, lr: 0.000265
  Batch [650/781] Loss: 0.7950, Acc: 72.10%, lr: 0.000139
  Batch [700/781] Loss: 0.7935, Acc: 72.29%, lr: 0.000053
  Batch [750/781] Loss: 0.7865, Acc: 72.52%, lr: 0.000008
[Epoch 5] Train Loss: 0.7863, Acc: 72.60%  |  Val Loss: 0.7044, Acc: 75.09%  |  Time: 123.8s
[Epoch 5] t_iter median: 147.96 ms  (fwd 7.52 | bwd+comm 137.02 | opt 3.32 | data 0.12)  |  train-only epoch: 115.7s
  -> Best model saved (75.09%)
[Epoch 5] Summarizing hook timing...

[HOOK_TIMING_SUMMARY] epoch=5
[HOOK_WORK_SUMMARY] label=nccl:ring calls=6248 work_total_ms=105455.563 work_mean_ms=16.878 work_min_ms=7.656 work_max_ms=32.747
[HOOK_TAIL_SUMMARY] label=nccl:ring steps=781 tail_total_ms=98069.391 tail_mean_ms=125.569 tail_min_ms=116.547 tail_max_ms=143.744
[Epoch 5] Hook timing summary done

================================================================================
Done in 632.9s | Best val acc: 75.09%
Epoch times (train+val): mean=125.7s  min=123.8s  max=127.9s
Train-only epoch time (epochs 2..N): median=116.65s  min=115.67s  max=119.88s
  -> use this for STRONG scaling (fixed global batch)
  -> use t_iter_median_ms from the CSV for WEAK scaling (fixed local batch)
================================================================================
=== Finished: model=wide_resnet50_2, dataset=cifar10, batch=8, lr=0.05, scheduler=cosine, backend=nccl, hook=ring, zfp_rate=none, status=0 at Mon Aug  3 11:23:17 PM UTC 2026 ===
=== Starting: model=wide_resnet50_2, ws=8, bs=8, gb=64, lr=0.05, sched=cosine, warmup=0, epochs=5, mom=0.9, wd=5e-4, nesterov=true, wd_bn_bias=false, backend=nccl, hook=ring_zfp_naive, zfp=16 at Mon Aug  3 11:23:17 PM UTC 2026 ===

================================================================================
DISTRIBUTED TRAINING LAUNCHER
================================================================================
  Model:      wide_resnet50_2 (CIFAR stem) (from scratch)
  Dataset:    cifar10 (10 classes)
  Image size: 32
  LR:         0.05
  Momentum:   0.9 (nesterov=True)
  Optimizer:  sgd
  Weight dec: 0.0005 (on BN/bias=False)
  Backend:    nccl
  Algorithm:  ring_zfp_naive
  ZFP rate:   16
  Epochs:     5
  Batch/rank: 8
  LR:         0.05
  Scheduler:  cosine
  Warmup:     0
  Grad clip:  None
  Drop last:  True
  Data dir:   ./data
================================================================================


================================================================================
DISTRIBUTED TRAINING LAUNCHER
================================================================================
  Model:      wide_resnet50_2 (CIFAR stem) (from scratch)
  Dataset:    cifar10 (10 classes)
  Image size: 32
  LR:         0.05
  Momentum:   0.9 (nesterov=True)
  Optimizer:  sgd
  Weight dec: 0.0005 (on BN/bias=False)
  Backend:    nccl
  Algorithm:  ring_zfp_naive
  ZFP rate:   16
  Epochs:     5
  Batch/rank: 8
  LR:         0.05
  Scheduler:  cosine
  Warmup:     0
  Grad clip:  None
  Drop last:  True
  Data dir:   ./data
================================================================================


================================================================================
DISTRIBUTED TRAINING LAUNCHER
================================================================================
  Model:      wide_resnet50_2 (CIFAR stem) (from scratch)
  Dataset:    cifar10 (10 classes)
  Image size: 32
  LR:         0.05
  Momentum:   0.9 (nesterov=True)
  Optimizer:  sgd
  Weight dec: 0.0005 (on BN/bias=False)
  Backend:    nccl
  Algorithm:  ring_zfp_naive
  ZFP rate:   16
  Epochs:     5
  Batch/rank: 8
  LR:         0.05
  Scheduler:  cosine
  Warmup:     0
  Grad clip:  None
  Drop last:  True
  Data dir:   ./data
================================================================================


================================================================================
DISTRIBUTED TRAINING LAUNCHER
================================================================================
  Model:      wide_resnet50_2 (CIFAR stem) (from scratch)
  Dataset:    cifar10 (10 classes)
  Image size: 32
  LR:         0.05
  Momentum:   0.9 (nesterov=True)
  Optimizer:  sgd
  Weight dec: 0.0005 (on BN/bias=False)
  Backend:    nccl
  Algorithm:  ring_zfp_naive
  ZFP rate:   16
  Epochs:     5
  Batch/rank: 8
  LR:         0.05
  Scheduler:  cosine
  Warmup:     0
  Grad clip:  None
  Drop last:  True
  Data dir:   ./data
================================================================================


================================================================================
DISTRIBUTED TRAINING LAUNCHER
================================================================================
  Model:      wide_resnet50_2 (CIFAR stem) (from scratch)
  Dataset:    cifar10 (10 classes)
  Image size: 32
  LR:         0.05
  Momentum:   0.9 (nesterov=True)
  Optimizer:  sgd
  Weight dec: 0.0005 (on BN/bias=False)
  Backend:    nccl
  Algorithm:  ring_zfp_naive
  ZFP rate:   16
  Epochs:     5
  Batch/rank: 8
================================================================================
DISTRIBUTED TRAINING LAUNCHER
================================================================================
  Model:      wide_resnet50_2 (CIFAR stem) (from scratch)
  Dataset:    cifar10 (10 classes)
  Image size: 32
  LR:         0.05
  Momentum:   0.9 (nesterov=True)

  LR:         0.05
  Scheduler:  cosine
  Warmup:     0
  Grad clip:  None
  Drop last:  True
  Data dir:   ./data
================================================================================


================================================================================
DISTRIBUTED TRAINING LAUNCHER
================================================================================
  Model:      wide_resnet50_2 (CIFAR stem) (from scratch)
  Dataset:    cifar10 (10 classes)
  Image size: 32
  LR:         0.05
  Momentum:   0.9 (nesterov=True)
  Optimizer:  sgd
  Weight dec: 0.0005 (on BN/bias=False)
  Backend:    nccl
  Algorithm:  ring_zfp_naive
  ZFP rate:   16
  Epochs:     5
  Batch/rank: 8
  LR:         0.05
  Scheduler:  cosine
  Warmup:     0
  Grad clip:  None
  Drop last:  True
  Data dir:   ./data
================================================================================


================================================================================
DISTRIBUTED TRAINING LAUNCHER
================================================================================
  Model:      wide_resnet50_2 (CIFAR stem) (from scratch)
  Dataset:    cifar10 (10 classes)
  Image size: 32
  LR:         0.05
  Momentum:   0.9 (nesterov=True)
  Optimizer:  sgd
  Weight dec: 0.0005 (on BN/bias=False)
  Backend:    nccl
  Algorithm:  ring_zfp_naive
  ZFP rate:   16
  Epochs:     5
  Batch/rank: 8
  LR:         0.05
  Scheduler:  cosine
  Warmup:     0
  Grad clip:  None
  Drop last:  True
  Data dir:   ./data
================================================================================

  Optimizer:  sgd
  Weight dec: 0.0005 (on BN/bias=False)
  Backend:    nccl
  Algorithm:  ring_zfp_naive
  ZFP rate:   16
  Epochs:     5
  Batch/rank: 8
  LR:         0.05
  Scheduler:  cosine
  Warmup:     0
  Grad clip:  None
  Drop last:  True
  Data dir:   ./data
================================================================================


================================================================================
Distributed Training: WIDE_RESNET50_2 on CIFAR10
Backend: NCCL, Algorithm: ring_zfp_naive
================================================================================
Ranks: 8, Epochs: 5, Batch/rank: 8, Effective batch: 64
LR: 0.05, Device: cuda:0

[Cache] Pretrained weights cache (TORCH_HOME) = /eagle/UIC-HPC/matilderestelli/pretrained_weights_cache
[Setup] Model on cuda:0, wrapped in DDP (static_graph=True)
[Setup] Hook registered: nccl/ring_zfp_naive
[Optim] SGD: lr=0.05 momentum=0.9 nesterov=True wd=0.0005 wd_on_bn_bias=False
[Optim]   group 0: 66,778,816 params, wd=0.0005
[Optim]   group 1: 68,234 params, wd=0.0
[Data] Train batches: 781, Val batches: 1250

[Sched] cosine: steps/epoch=781, total_steps=3905, warmup_steps=0 (0 epochs)


[Epoch 1] Training... (lr at epoch start=0.050000)
  Batch [50/781] Loss: 8.0878, Acc: 9.75%, lr: 0.049980
  Batch [100/781] Loss: 5.2038, Acc: 11.50%, lr: 0.049919
  Batch [150/781] Loss: 4.1876, Acc: 14.50%, lr: 0.049818
  Batch [200/781] Loss: 3.6719, Acc: 16.25%, lr: 0.049677
  Batch [250/781] Loss: 3.3667, Acc: 17.35%, lr: 0.049496
  Batch [300/781] Loss: 3.1539, Acc: 18.67%, lr: 0.049275
  Batch [350/781] Loss: 2.9952, Acc: 19.46%, lr: 0.049015
  Batch [400/781] Loss: 2.8573, Acc: 21.03%, lr: 0.048717
  Batch [450/781] Loss: 2.7633, Acc: 21.78%, lr: 0.048380
  Batch [500/781] Loss: 2.6732, Acc: 22.65%, lr: 0.048005
  Batch [550/781] Loss: 2.5993, Acc: 23.39%, lr: 0.047592
  Batch [600/781] Loss: 2.5291, Acc: 24.31%, lr: 0.047144
  Batch [650/781] Loss: 2.4814, Acc: 24.75%, lr: 0.046659
  Batch [700/781] Loss: 2.4362, Acc: 25.23%, lr: 0.046139
  Batch [750/781] Loss: 2.3941, Acc: 25.73%, lr: 0.045586
[Epoch 1] Train Loss: 2.3676, Acc: 26.17%  |  Val Loss: 2.2856, Acc: 38.93%  |  Time: 106.8s
[Epoch 1] t_iter median: 122.43 ms  (fwd 7.51 | bwd+comm 111.45 | opt 3.32 | data 0.12)  |  train-only epoch: 98.8s
  -> Best model saved (38.93%)
[Epoch 1] Summarizing hook timing...

[HOOK_TIMING_SUMMARY] epoch=1
[HOOK_WORK_SUMMARY] label=nccl:ring_zfp_naive:rate16 calls=6234 work_total_ms=86761.979 work_mean_ms=13.918 work_min_ms=7.600 work_max_ms=136.843
[HOOK_TAIL_SUMMARY] label=nccl:ring_zfp_naive:rate16 steps=782 tail_total_ms=79269.097 tail_mean_ms=101.367 tail_min_ms=36.220 tail_max_ms=149.184
[Epoch 1] Hook timing summary done

[Epoch 2] Training... (lr at epoch start=0.045225)
  Batch [50/781] Loss: 1.7222, Acc: 38.00%, lr: 0.044618
  Batch [100/781] Loss: 1.7546, Acc: 37.12%, lr: 0.043979
  Batch [150/781] Loss: 1.7321, Acc: 38.08%, lr: 0.043309
  Batch [200/781] Loss: 1.7195, Acc: 37.94%, lr: 0.042610
  Batch [250/781] Loss: 1.7126, Acc: 38.25%, lr: 0.041882
  Batch [300/781] Loss: 1.7184, Acc: 37.71%, lr: 0.041127
  Batch [350/781] Loss: 1.7170, Acc: 37.54%, lr: 0.040346
  Batch [400/781] Loss: 1.7028, Acc: 37.88%, lr: 0.039540
  Batch [450/781] Loss: 1.6925, Acc: 38.14%, lr: 0.038710
  Batch [500/781] Loss: 1.6745, Acc: 38.75%, lr: 0.037858
  Batch [550/781] Loss: 1.6639, Acc: 39.14%, lr: 0.036986
  Batch [600/781] Loss: 1.6557, Acc: 39.38%, lr: 0.036094
  Batch [650/781] Loss: 1.6472, Acc: 39.75%, lr: 0.035184
  Batch [700/781] Loss: 1.6429, Acc: 40.05%, lr: 0.034257
  Batch [750/781] Loss: 1.6286, Acc: 40.70%, lr: 0.033316
[Epoch 2] Train Loss: 1.6234, Acc: 40.81%  |  Val Loss: 1.8581, Acc: 47.52%  |  Time: 106.2s
[Epoch 2] t_iter median: 124.51 ms  (fwd 7.51 | bwd+comm 113.55 | opt 3.27 | data 0.12)  |  train-only epoch: 98.2s
  -> Best model saved (47.52%)
[Epoch 2] Summarizing hook timing...

[HOOK_TIMING_SUMMARY] epoch=2
[HOOK_WORK_SUMMARY] label=nccl:ring_zfp_naive:rate16 calls=6248 work_total_ms=88294.823 work_mean_ms=14.132 work_min_ms=7.625 work_max_ms=40.322
[HOOK_TAIL_SUMMARY] label=nccl:ring_zfp_naive:rate16 steps=781 tail_total_ms=80746.469 tail_mean_ms=103.389 tail_min_ms=90.245 tail_max_ms=121.625
[Epoch 2] Hook timing summary done

[Epoch 3] Training... (lr at epoch start=0.032725)
  Batch [50/781] Loss: 1.4284, Acc: 47.75%, lr: 0.031763
  Batch [100/781] Loss: 1.4240, Acc: 47.88%, lr: 0.030790
  Batch [150/781] Loss: 1.4192, Acc: 48.00%, lr: 0.029807
  Batch [200/781] Loss: 1.4256, Acc: 47.81%, lr: 0.028816
  Batch [250/781] Loss: 1.4344, Acc: 47.35%, lr: 0.027820
  Batch [300/781] Loss: 1.4501, Acc: 47.21%, lr: 0.026819
  Batch [350/781] Loss: 1.4343, Acc: 48.07%, lr: 0.025814
  Batch [400/781] Loss: 1.4270, Acc: 48.06%, lr: 0.024809
  Batch [450/781] Loss: 1.4152, Acc: 48.50%, lr: 0.023804
  Batch [500/781] Loss: 1.4003, Acc: 49.15%, lr: 0.022801
  Batch [550/781] Loss: 1.3921, Acc: 49.43%, lr: 0.021801
  Batch [600/781] Loss: 1.3815, Acc: 50.00%, lr: 0.020806
  Batch [650/781] Loss: 1.3855, Acc: 49.96%, lr: 0.019819
  Batch [700/781] Loss: 1.3720, Acc: 50.55%, lr: 0.018839
  Batch [750/781] Loss: 1.3662, Acc: 50.55%, lr: 0.017870
[Epoch 3] Train Loss: 1.3615, Acc: 50.72%  |  Val Loss: 1.3071, Acc: 59.56%  |  Time: 109.2s
[Epoch 3] t_iter median: 130.35 ms  (fwd 7.47 | bwd+comm 119.48 | opt 3.26 | data 0.07)  |  train-only epoch: 101.2s
  -> Best model saved (59.56%)
[Epoch 3] Summarizing hook timing...

[HOOK_TIMING_SUMMARY] epoch=3
[HOOK_WORK_SUMMARY] label=nccl:ring_zfp_naive:rate16 calls=6248 work_total_ms=91395.990 work_mean_ms=14.628 work_min_ms=7.642 work_max_ms=40.459
[HOOK_TAIL_SUMMARY] label=nccl:ring_zfp_naive:rate16 steps=781 tail_total_ms=84089.718 tail_mean_ms=107.669 tail_min_ms=91.619 tail_max_ms=130.039
[Epoch 3] Hook timing summary done

[Epoch 4] Training... (lr at epoch start=0.017275)
  Batch [50/781] Loss: 1.1864, Acc: 54.75%, lr: 0.016325
  Batch [100/781] Loss: 1.2126, Acc: 54.88%, lr: 0.015389
  Batch [150/781] Loss: 1.1967, Acc: 55.83%, lr: 0.014468
  Batch [200/781] Loss: 1.2128, Acc: 55.94%, lr: 0.013565
  Batch [250/781] Loss: 1.1951, Acc: 56.00%, lr: 0.012680
  Batch [300/781] Loss: 1.1859, Acc: 56.58%, lr: 0.011816
  Batch [350/781] Loss: 1.1756, Acc: 56.89%, lr: 0.010972
  Batch [400/781] Loss: 1.1643, Acc: 57.06%, lr: 0.010151
  Batch [450/781] Loss: 1.1434, Acc: 58.11%, lr: 0.009354
  Batch [500/781] Loss: 1.1377, Acc: 58.38%, lr: 0.008583
  Batch [550/781] Loss: 1.1360, Acc: 58.66%, lr: 0.007838
  Batch [600/781] Loss: 1.1300, Acc: 59.40%, lr: 0.007121
  Batch [650/781] Loss: 1.1217, Acc: 59.75%, lr: 0.006433
  Batch [700/781] Loss: 1.1111, Acc: 60.05%, lr: 0.005774
  Batch [750/781] Loss: 1.1020, Acc: 60.22%, lr: 0.005147
[Epoch 4] Train Loss: 1.1005, Acc: 60.18%  |  Val Loss: 1.7865, Acc: 64.80%  |  Time: 103.2s
[Epoch 4] t_iter median: 120.74 ms  (fwd 7.42 | bwd+comm 109.92 | opt 3.25 | data 0.11)  |  train-only epoch: 95.3s
  -> Best model saved (64.80%)
[Epoch 4] Summarizing hook timing...

[HOOK_TIMING_SUMMARY] epoch=4
[HOOK_WORK_SUMMARY] label=nccl:ring_zfp_naive:rate16 calls=6248 work_total_ms=85526.916 work_mean_ms=13.689 work_min_ms=7.584 work_max_ms=37.669
[HOOK_TAIL_SUMMARY] label=nccl:ring_zfp_naive:rate16 steps=781 tail_total_ms=78265.499 tail_mean_ms=100.212 tail_min_ms=90.509 tail_max_ms=121.134
[Epoch 4] Hook timing summary done

[Epoch 5] Training... (lr at epoch start=0.004775)
  Batch [50/781] Loss: 0.9091, Acc: 67.50%, lr: 0.004200
  Batch [100/781] Loss: 0.9453, Acc: 67.50%, lr: 0.003659
  Batch [150/781] Loss: 0.9576, Acc: 66.58%, lr: 0.003153
  Batch [200/781] Loss: 0.9414, Acc: 66.25%, lr: 0.002682
  Batch [250/781] Loss: 0.9333, Acc: 66.90%, lr: 0.002247
  Batch [300/781] Loss: 0.9381, Acc: 66.88%, lr: 0.001849
  Batch [350/781] Loss: 0.9444, Acc: 66.71%, lr: 0.001488
  Batch [400/781] Loss: 0.9460, Acc: 66.69%, lr: 0.001165
  Batch [450/781] Loss: 0.9381, Acc: 66.75%, lr: 0.000881
  Batch [500/781] Loss: 0.9349, Acc: 66.88%, lr: 0.000636
  Batch [550/781] Loss: 0.9245, Acc: 67.34%, lr: 0.000430
  Batch [600/781] Loss: 0.9199, Acc: 67.60%, lr: 0.000265
  Batch [650/781] Loss: 0.9194, Acc: 67.69%, lr: 0.000139
  Batch [700/781] Loss: 0.9136, Acc: 67.91%, lr: 0.000053
  Batch [750/781] Loss: 0.9081, Acc: 68.10%, lr: 0.000008
[Epoch 5] Train Loss: 0.9079, Acc: 68.17%  |  Val Loss: 1.1492, Acc: 69.20%  |  Time: 104.5s
[Epoch 5] t_iter median: 121.61 ms  (fwd 7.54 | bwd+comm 110.65 | opt 3.32 | data 0.12)  |  train-only epoch: 96.4s
  -> Best model saved (69.20%)
[Epoch 5] Summarizing hook timing...

[HOOK_TIMING_SUMMARY] epoch=5
[HOOK_WORK_SUMMARY] label=nccl:ring_zfp_naive:rate16 calls=6248 work_total_ms=86361.124 work_mean_ms=13.822 work_min_ms=7.584 work_max_ms=37.538
[HOOK_TAIL_SUMMARY] label=nccl:ring_zfp_naive:rate16 steps=781 tail_total_ms=78793.350 tail_mean_ms=100.888 tail_min_ms=90.192 tail_max_ms=118.964
[Epoch 5] Hook timing summary done

================================================================================
Done in 534.6s | Best val acc: 69.20%
Epoch times (train+val): mean=106.0s  min=103.2s  max=109.2s
Train-only epoch time (epochs 2..N): median=97.31s  min=95.26s  max=101.21s
  -> use this for STRONG scaling (fixed global batch)
  -> use t_iter_median_ms from the CSV for WEAK scaling (fixed local batch)
================================================================================
=== Finished: model=wide_resnet50_2, dataset=cifar10, batch=8, lr=0.05, scheduler=cosine, backend=nccl, hook=ring_zfp_naive, zfp_rate=16, status=0 at Mon Aug  3 11:32:22 PM UTC 2026 ===
=== Starting: model=wide_resnet50_2, ws=8, bs=8, gb=64, lr=0.05, sched=cosine, warmup=0, epochs=5, mom=0.9, wd=5e-4, nesterov=true, wd_bn_bias=false, backend=nccl, hook=ring_zfp_online_coll, zfp=16 at Mon Aug  3 11:32:22 PM UTC 2026 ===

================================================================================
DISTRIBUTED TRAINING LAUNCHER
================================================================================
  Model:      wide_resnet50_2 (CIFAR stem) (from scratch)
  Dataset:    cifar10 (10 classes)
  Image size: 32
  LR:         0.05
  Momentum:   0.9 (nesterov=True)
  Optimizer:  sgd
  Weight dec: 0.0005 (on BN/bias=False)
  Backend:    nccl
  Algorithm:  ring_zfp_online_coll
  ZFP rate:   16
  Epochs:     5
  Batch/rank: 8
  LR:         0.05
  Scheduler:  cosine
  Warmup:     0
  Grad clip:  None
  Drop last:  True
  Data dir:   ./data
================================================================================


================================================================================
DISTRIBUTED TRAINING LAUNCHER
================================================================================
  Model:      wide_resnet50_2 (CIFAR stem) (from scratch)
  Dataset:    cifar10 (10 classes)
  Image size: 32
  LR:         0.05
  Momentum:   0.9 (nesterov=True)
  Optimizer:  sgd
  Weight dec: 0.0005 (on BN/bias=False)
  Backend:    nccl
  Algorithm:  ring_zfp_online_coll
  ZFP rate:   16
  Epochs:     5
  Batch/rank: 8
  LR:         0.05
  Scheduler:  cosine
  Warmup:     0
  Grad clip:  None
  Drop last:  True
  Data dir:   ./data
================================================================================


================================================================================
DISTRIBUTED TRAINING LAUNCHER
================================================================================
  Model:      wide_resnet50_2 (CIFAR stem) (from scratch)
  Dataset:    cifar10 (10 classes)
  Image size: 32
  LR:         0.05
  Momentum:   0.9 (nesterov=True)
  Optimizer:  sgd
  Weight dec: 0.0005 (on BN/bias=False)
  Backend:    nccl
  Algorithm:  ring_zfp_online_coll
  ZFP rate:   16
  Epochs:     5
  Batch/rank: 8
  LR:         0.05
  Scheduler:  cosine
  Warmup:     0
  Grad clip:  None
  Drop last:  True
  Data dir:   ./data
================================================================================


================================================================================
DISTRIBUTED TRAINING LAUNCHER
================================================================================
  Model:      wide_resnet50_2 (CIFAR stem) (from scratch)
  Dataset:    cifar10 (10 classes)
  Image size: 32
  LR:         0.05
  Momentum:   0.9 (nesterov=True)
  Optimizer:  sgd
  Weight dec: 0.0005 (on BN/bias=False)
  Backend:    nccl
  Algorithm:  ring_zfp_online_coll
  ZFP rate:   16
  Epochs:     5
  Batch/rank: 8
  LR:         0.05
  Scheduler:  cosine
  Warmup:     0
  Grad clip:  None
  Drop last:  True
  Data dir:   ./data
================================================================================


================================================================================
DISTRIBUTED TRAINING LAUNCHER
================================================================================
  Model:      wide_resnet50_2 (CIFAR stem) (from scratch)
  Dataset:    cifar10 (10 classes)
  Image size: 32
  LR:         0.05
  Momentum:   0.9 (nesterov=True)
  Optimizer:  sgd

================================================================================
DISTRIBUTED TRAINING LAUNCHER
================================================================================
  Model:      wide_resnet50_2 (CIFAR stem) (from scratch)
  Dataset:    cifar10 (10 classes)
  Image size: 32
  LR:         0.05  Weight dec: 0.0005 (on BN/bias=False)
  Backend:    nccl
  Algorithm:  ring_zfp_online_coll
  ZFP rate:   16
  Epochs:     5
  Batch/rank: 8
  LR:         0.05
  Scheduler:  cosine
  Warmup:     0
  Grad clip:  None
  Drop last:  True
  Data dir:   ./data
================================================================================


  Momentum:   0.9 (nesterov=True)
  Optimizer:  sgd
  Weight dec: 0.0005 (on BN/bias=False)
  Backend:    nccl
  Algorithm:  ring_zfp_online_coll
  ZFP rate:   16
  Epochs:     5
  Batch/rank: 8
  LR:         0.05
  Scheduler:  cosine
  Warmup:     0
  Grad clip:  None
  Drop last:  True
  Data dir:   ./data
================================================================================


================================================================================
DISTRIBUTED TRAINING LAUNCHER
================================================================================
  Model:      wide_resnet50_2 (CIFAR stem) (from scratch)
  Dataset:    cifar10 (10 classes)
  Image size: 32
  LR:         0.05
  Momentum:   0.9 (nesterov=True)
  Optimizer:  sgd
  Weight dec: 0.0005 (on BN/bias=False)
  Backend:    nccl
  Algorithm:  ring_zfp_online_coll
  ZFP rate:   16
  Epochs:     5
  Batch/rank: 8
  LR:         0.05
  Scheduler:  cosine
  Warmup:     0
  Grad clip:  None
  Drop last:  True
  Data dir:   ./data
================================================================================


================================================================================
DISTRIBUTED TRAINING LAUNCHER
================================================================================
  Model:      wide_resnet50_2 (CIFAR stem) (from scratch)
  Dataset:    cifar10 (10 classes)
  Image size: 32
  LR:         0.05
  Momentum:   0.9 (nesterov=True)
  Optimizer:  sgd
  Weight dec: 0.0005 (on BN/bias=False)
  Backend:    nccl
  Algorithm:  ring_zfp_online_coll
  ZFP rate:   16
  Epochs:     5
  Batch/rank: 8
  LR:         0.05
  Scheduler:  cosine
  Warmup:     0
  Grad clip:  None
  Drop last:  True
  Data dir:   ./data
================================================================================


================================================================================
Distributed Training: WIDE_RESNET50_2 on CIFAR10
Backend: NCCL, Algorithm: ring_zfp_online_coll
================================================================================
Ranks: 8, Epochs: 5, Batch/rank: 8, Effective batch: 64
LR: 0.05, Device: cuda:0

[Cache] Pretrained weights cache (TORCH_HOME) = /eagle/UIC-HPC/matilderestelli/pretrained_weights_cache
[Setup] Model on cuda:0, wrapped in DDP (static_graph=True)
[Setup] Hook registered: nccl/ring_zfp_online_coll
[Optim] SGD: lr=0.05 momentum=0.9 nesterov=True wd=0.0005 wd_on_bn_bias=False
[Optim]   group 0: 66,778,816 params, wd=0.0005
[Optim]   group 1: 68,234 params, wd=0.0
[Data] Train batches: 781, Val batches: 1250

[Sched] cosine: steps/epoch=781, total_steps=3905, warmup_steps=0 (0 epochs)


[Epoch 1] Training... (lr at epoch start=0.050000)
  Batch [50/781] Loss: 27.7933, Acc: 11.75%, lr: 0.049980
  Batch [100/781] Loss: 18.2347, Acc: 12.25%, lr: 0.049919
  Batch [150/781] Loss: 13.6788, Acc: 12.92%, lr: 0.049818
  Batch [200/781] Loss: 11.5037, Acc: 13.19%, lr: 0.049677
  Batch [250/781] Loss: 10.0214, Acc: 14.15%, lr: 0.049496
  Batch [300/781] Loss: 9.0011, Acc: 14.50%, lr: 0.049275
  Batch [350/781] Loss: 8.2761, Acc: 14.96%, lr: 0.049015
  Batch [400/781] Loss: 7.6585, Acc: 15.38%, lr: 0.048717
  Batch [450/781] Loss: 7.1727, Acc: 15.67%, lr: 0.048380
  Batch [500/781] Loss: 6.7859, Acc: 15.93%, lr: 0.048005
  Batch [550/781] Loss: 6.4045, Acc: 16.41%, lr: 0.047592
  Batch [600/781] Loss: 6.0713, Acc: 17.10%, lr: 0.047144
  Batch [650/781] Loss: 5.8035, Acc: 17.58%, lr: 0.046659
  Batch [700/781] Loss: 5.5672, Acc: 18.02%, lr: 0.046139
  Batch [750/781] Loss: 5.3542, Acc: 18.45%, lr: 0.045586
[Epoch 1] Train Loss: 5.2329, Acc: 18.65%  |  Val Loss: 4.3470, Acc: 26.59%  |  Time: 106.8s
[Epoch 1] t_iter median: 122.87 ms  (fwd 7.46 | bwd+comm 111.96 | opt 3.32 | data 0.14)  |  train-only epoch: 98.8s
  -> Best model saved (26.59%)
[Epoch 1] Summarizing hook timing...

[HOOK_TIMING_SUMMARY] epoch=1
[HOOK_WORK_SUMMARY] label=nccl:hier_zfp_online_coll:rate16 calls=6234 work_total_ms=86200.272 work_mean_ms=13.827 work_min_ms=4.702 work_max_ms=378.575
[HOOK_TAIL_SUMMARY] label=nccl:ring_zfp_online_coll:rate16 steps=782 tail_total_ms=77660.251 tail_mean_ms=99.310 tail_min_ms=7.293 tail_max_ms=516.912
[Epoch 1] Hook timing summary done

[Epoch 2] Training... (lr at epoch start=0.045225)
  Batch [50/781] Loss: 2.2553, Acc: 22.25%, lr: 0.044618
  Batch [100/781] Loss: 2.3681, Acc: 22.25%, lr: 0.043979
  Batch [150/781] Loss: 2.3104, Acc: 23.17%, lr: 0.043309
  Batch [200/781] Loss: 2.2696, Acc: 24.38%, lr: 0.042610
  Batch [250/781] Loss: 2.2592, Acc: 25.20%, lr: 0.041882
  Batch [300/781] Loss: 2.2452, Acc: 25.29%, lr: 0.041127
  Batch [350/781] Loss: 2.2334, Acc: 25.46%, lr: 0.040346
  Batch [400/781] Loss: 2.2109, Acc: 25.75%, lr: 0.039540
  Batch [450/781] Loss: 2.1762, Acc: 26.14%, lr: 0.038710
  Batch [500/781] Loss: 2.1589, Acc: 26.23%, lr: 0.037858
  Batch [550/781] Loss: 2.1285, Acc: 26.98%, lr: 0.036986
  Batch [600/781] Loss: 2.1115, Acc: 27.42%, lr: 0.036094
  Batch [650/781] Loss: 2.0980, Acc: 27.56%, lr: 0.035184
  Batch [700/781] Loss: 2.0930, Acc: 27.91%, lr: 0.034257
  Batch [750/781] Loss: 2.0752, Acc: 28.47%, lr: 0.033316
[Epoch 2] Train Loss: 2.0707, Acc: 28.78%  |  Val Loss: 3.7285, Acc: 34.86%  |  Time: 105.2s
[Epoch 2] t_iter median: 122.34 ms  (fwd 7.50 | bwd+comm 111.43 | opt 3.28 | data 0.15)  |  train-only epoch: 97.2s
  -> Best model saved (34.86%)
[Epoch 2] Summarizing hook timing...

[HOOK_TIMING_SUMMARY] epoch=2
[HOOK_WORK_SUMMARY] label=nccl:hier_zfp_online_coll:rate16 calls=6248 work_total_ms=87333.193 work_mean_ms=13.978 work_min_ms=5.555 work_max_ms=30.727
[HOOK_TAIL_SUMMARY] label=nccl:ring_zfp_online_coll:rate16 steps=781 tail_total_ms=79312.799 tail_mean_ms=101.553 tail_min_ms=96.487 tail_max_ms=112.430
[Epoch 2] Hook timing summary done

[Epoch 3] Training... (lr at epoch start=0.032725)
  Batch [50/781] Loss: 1.8070, Acc: 33.00%, lr: 0.031763
  Batch [100/781] Loss: 1.8044, Acc: 33.75%, lr: 0.030790
  Batch [150/781] Loss: 1.8015, Acc: 33.75%, lr: 0.029807
  Batch [200/781] Loss: 1.8198, Acc: 33.06%, lr: 0.028816
  Batch [250/781] Loss: 1.8225, Acc: 33.05%, lr: 0.027820
  Batch [300/781] Loss: 1.8355, Acc: 32.75%, lr: 0.026819
  Batch [350/781] Loss: 1.8355, Acc: 32.46%, lr: 0.025814
  Batch [400/781] Loss: 1.8294, Acc: 32.66%, lr: 0.024809
  Batch [450/781] Loss: 1.8193, Acc: 33.22%, lr: 0.023804
  Batch [500/781] Loss: 1.8141, Acc: 33.50%, lr: 0.022801
  Batch [550/781] Loss: 1.8029, Acc: 33.77%, lr: 0.021801
  Batch [600/781] Loss: 1.7953, Acc: 34.00%, lr: 0.020806
  Batch [650/781] Loss: 1.8034, Acc: 33.69%, lr: 0.019819
  Batch [700/781] Loss: 1.7944, Acc: 34.14%, lr: 0.018839
  Batch [750/781] Loss: 1.7933, Acc: 34.20%, lr: 0.017870
[Epoch 3] Train Loss: 1.7898, Acc: 34.33%  |  Val Loss: 2.3892, Acc: 40.13%  |  Time: 104.4s
[Epoch 3] t_iter median: 123.00 ms  (fwd 7.47 | bwd+comm 112.10 | opt 3.27 | data 0.12)  |  train-only epoch: 96.3s
  -> Best model saved (40.13%)
[Epoch 3] Summarizing hook timing...

[HOOK_TIMING_SUMMARY] epoch=3
[HOOK_WORK_SUMMARY] label=nccl:hier_zfp_online_coll:rate16 calls=6248 work_total_ms=86197.982 work_mean_ms=13.796 work_min_ms=5.078 work_max_ms=26.744
[HOOK_TAIL_SUMMARY] label=nccl:ring_zfp_online_coll:rate16 steps=781 tail_total_ms=77744.922 tail_mean_ms=99.545 tail_min_ms=95.979 tail_max_ms=104.051
[Epoch 3] Hook timing summary done

[Epoch 4] Training... (lr at epoch start=0.017275)
  Batch [50/781] Loss: 1.7152, Acc: 37.50%, lr: 0.016325
  Batch [100/781] Loss: 1.7250, Acc: 35.38%, lr: 0.015389
  Batch [150/781] Loss: 1.7300, Acc: 34.92%, lr: 0.014468
  Batch [200/781] Loss: 1.7298, Acc: 35.50%, lr: 0.013565
  Batch [250/781] Loss: 1.7298, Acc: 35.65%, lr: 0.012680
  Batch [300/781] Loss: 1.7235, Acc: 35.75%, lr: 0.011816
  Batch [350/781] Loss: 1.7283, Acc: 36.00%, lr: 0.010972
  Batch [400/781] Loss: 1.7215, Acc: 36.16%, lr: 0.010151
  Batch [450/781] Loss: 1.7090, Acc: 36.78%, lr: 0.009354
  Batch [500/781] Loss: 1.7119, Acc: 36.73%, lr: 0.008583
  Batch [550/781] Loss: 1.7056, Acc: 37.30%, lr: 0.007838
  Batch [600/781] Loss: 1.7015, Acc: 37.62%, lr: 0.007121
  Batch [650/781] Loss: 1.7000, Acc: 37.65%, lr: 0.006433
  Batch [700/781] Loss: 1.6971, Acc: 37.89%, lr: 0.005774
  Batch [750/781] Loss: 1.6914, Acc: 37.85%, lr: 0.005147
[Epoch 4] Train Loss: 1.6899, Acc: 37.87%  |  Val Loss: 2.1827, Acc: 43.40%  |  Time: 104.2s
[Epoch 4] t_iter median: 122.88 ms  (fwd 7.79 | bwd+comm 111.51 | opt 3.47 | data 0.14)  |  train-only epoch: 96.2s
  -> Best model saved (43.40%)
[Epoch 4] Summarizing hook timing...

[HOOK_TIMING_SUMMARY] epoch=4
[HOOK_WORK_SUMMARY] label=nccl:hier_zfp_online_coll:rate16 calls=6248 work_total_ms=85707.212 work_mean_ms=13.718 work_min_ms=4.725 work_max_ms=23.700
[HOOK_TAIL_SUMMARY] label=nccl:ring_zfp_online_coll:rate16 steps=781 tail_total_ms=77526.809 tail_mean_ms=99.266 tail_min_ms=95.260 tail_max_ms=104.997
[Epoch 4] Hook timing summary done

[Epoch 5] Training... (lr at epoch start=0.004775)
  Batch [50/781] Loss: 1.5997, Acc: 43.75%, lr: 0.004200
  Batch [100/781] Loss: 1.6323, Acc: 42.12%, lr: 0.003659
  Batch [150/781] Loss: 1.6370, Acc: 40.75%, lr: 0.003153
  Batch [200/781] Loss: 1.6396, Acc: 40.00%, lr: 0.002682
  Batch [250/781] Loss: 1.6252, Acc: 40.50%, lr: 0.002247
  Batch [300/781] Loss: 1.6174, Acc: 40.71%, lr: 0.001849
  Batch [350/781] Loss: 1.6237, Acc: 40.18%, lr: 0.001488
  Batch [400/781] Loss: 1.6221, Acc: 39.91%, lr: 0.001165
  Batch [450/781] Loss: 1.6174, Acc: 40.19%, lr: 0.000881
  Batch [500/781] Loss: 1.6144, Acc: 40.33%, lr: 0.000636
  Batch [550/781] Loss: 1.6104, Acc: 40.39%, lr: 0.000430
  Batch [600/781] Loss: 1.6161, Acc: 40.10%, lr: 0.000265
  Batch [650/781] Loss: 1.6129, Acc: 40.19%, lr: 0.000139
  Batch [700/781] Loss: 1.6092, Acc: 40.36%, lr: 0.000053
  Batch [750/781] Loss: 1.6041, Acc: 40.60%, lr: 0.000008
[Epoch 5] Train Loss: 1.6064, Acc: 40.56%  |  Val Loss: 1.7033, Acc: 45.56%  |  Time: 104.1s
[Epoch 5] t_iter median: 122.49 ms  (fwd 7.63 | bwd+comm 111.36 | opt 3.35 | data 0.14)  |  train-only epoch: 96.0s
  -> Best model saved (45.56%)
[Epoch 5] Summarizing hook timing...

[HOOK_TIMING_SUMMARY] epoch=5
[HOOK_WORK_SUMMARY] label=nccl:hier_zfp_online_coll:rate16 calls=6248 work_total_ms=85825.953 work_mean_ms=13.737 work_min_ms=4.744 work_max_ms=115.202
[HOOK_TAIL_SUMMARY] label=nccl:ring_zfp_online_coll:rate16 steps=781 tail_total_ms=77467.988 tail_mean_ms=99.191 tail_min_ms=95.951 tail_max_ms=191.658
[Epoch 5] Hook timing summary done

================================================================================
Done in 529.3s | Best val acc: 45.56%
Epoch times (train+val): mean=104.9s  min=104.1s  max=106.8s
Train-only epoch time (epochs 2..N): median=96.28s  min=96.00s  max=97.20s
  -> use this for STRONG scaling (fixed global batch)
  -> use t_iter_median_ms from the CSV for WEAK scaling (fixed local batch)
================================================================================
=== Finished: model=wide_resnet50_2, dataset=cifar10, batch=8, lr=0.05, scheduler=cosine, backend=nccl, hook=ring_zfp_online_coll, zfp_rate=16, status=0 at Mon Aug  3 11:41:23 PM UTC 2026 ===
=== Starting: model=wide_resnet50_2, ws=8, bs=8, gb=64, lr=0.05, sched=cosine, warmup=0, epochs=5, mom=0.9, wd=5e-4, nesterov=true, wd_bn_bias=false, backend=nccl, hook=ring_zfp_online_coll, zfp=10 at Mon Aug  3 11:41:23 PM UTC 2026 ===

================================================================================
DISTRIBUTED TRAINING LAUNCHER
================================================================================
  Model:      wide_resnet50_2 (CIFAR stem) (from scratch)
  Dataset:    cifar10 (10 classes)
  Image size: 32
  LR:         0.05
  Momentum:   0.9 (nesterov=True)
  Optimizer:  sgd
================================================================================
DISTRIBUTED TRAINING LAUNCHER
================================================================================
  Model:      wide_resnet50_2 (CIFAR stem) (from scratch)
  Dataset:    cifar10 (10 classes)
  Image size: 32
  LR:         0.05
  Momentum:   0.9 (nesterov=True)
  Optimizer:  sgd
  Weight dec: 0.0005 (on BN/bias=False)
  Backend:    nccl
  Algorithm:  ring_zfp_online_coll
  ZFP rate:   10
  Epochs:     5
  Batch/rank: 8
  LR:         0.05
  Scheduler:  cosine
  Warmup:     0
  Grad clip:  None
  Drop last:  True
  Data dir:   ./data
================================================================================


  Weight dec: 0.0005 (on BN/bias=False)
  Backend:    nccl
  Algorithm:  ring_zfp_online_coll
  ZFP rate:   10
  Epochs:     5
  Batch/rank: 8
  LR:         0.05
  Scheduler:  cosine
  Warmup:     0
  Grad clip:  None
  Drop last:  True
  Data dir:   ./data
================================================================================


================================================================================
DISTRIBUTED TRAINING LAUNCHER
================================================================================
  Model:      wide_resnet50_2 (CIFAR stem) (from scratch)
  Dataset:    cifar10 (10 classes)
  Image size: 32
  LR:         0.05
  Momentum:   0.9 (nesterov=True)
  Optimizer:  sgd
  Weight dec: 0.0005 (on BN/bias=False)
  Backend:    nccl
  Algorithm:  ring_zfp_online_coll
  ZFP rate:   10
  Epochs:     5
  Batch/rank: 8
  LR:         0.05
  Scheduler:  cosine
  Warmup:     0
  Grad clip:  None
  Drop last:  True
  Data dir:   ./data
================================================================================


================================================================================
DISTRIBUTED TRAINING LAUNCHER
================================================================================
  Model:      wide_resnet50_2 (CIFAR stem) (from scratch)
  Dataset:    cifar10 (10 classes)
  Image size: 32
  LR:         0.05
  Momentum:   0.9 (nesterov=True)
  Optimizer:  sgd
  Weight dec: 0.0005 (on BN/bias=False)
  Backend:    nccl
  Algorithm:  ring_zfp_online_coll
  ZFP rate:   10
  Epochs:     5
  Batch/rank: 8
  LR:         0.05
  Scheduler:  cosine
  Warmup:     0
  Grad clip:  None
  Drop last:  True
  Data dir:   ./data
================================================================================


================================================================================
DISTRIBUTED TRAINING LAUNCHER
================================================================================
  Model:      wide_resnet50_2 (CIFAR stem) (from scratch)
  Dataset:    cifar10 (10 classes)
  Image size: 32
  LR:         0.05
  Momentum:   0.9 (nesterov=True)
  Optimizer:  sgd
  Weight dec: 0.0005 (on BN/bias=False)
  Backend:    nccl
  Algorithm:  ring_zfp_online_coll
  ZFP rate:   10
  Epochs:     5
  Batch/rank: 8

================================================================================
DISTRIBUTED TRAINING LAUNCHER
================================================================================
  Model:      wide_resnet50_2 (CIFAR stem) (from scratch)
  Dataset:    cifar10 (10 classes)
  Image size: 32
  LR:         0.05
  Momentum:   0.9 (nesterov=True)
  Optimizer:  sgd
  Weight dec: 0.0005 (on BN/bias=False)
  Backend:    nccl
  Algorithm:  ring_zfp_online_coll
  ZFP rate:   10
  Epochs:     5
  Batch/rank: 8
  LR:         0.05
  Scheduler:  cosine
  Warmup:     0
  Grad clip:  None
  Drop last:  True
  Data dir:   ./data
================================================================================

  LR:         0.05
  Scheduler:  cosine
  Warmup:     0
  Grad clip:  None
  Drop last:  True
  Data dir:   ./data
================================================================================


================================================================================
DISTRIBUTED TRAINING LAUNCHER
================================================================================
  Model:      wide_resnet50_2 (CIFAR stem) (from scratch)
  Dataset:    cifar10 (10 classes)
  Image size: 32
  LR:         0.05
  Momentum:   0.9 (nesterov=True)
  Optimizer:  sgd
  Weight dec: 0.0005 (on BN/bias=False)

================================================================================
DISTRIBUTED TRAINING LAUNCHER
================================================================================
  Model:      wide_resnet50_2 (CIFAR stem) (from scratch)
  Dataset:    cifar10 (10 classes)
  Image size: 32
  LR:         0.05
  Momentum:   0.9 (nesterov=True)
  Optimizer:  sgd
  Weight dec: 0.0005 (on BN/bias=False)
  Backend:    nccl
  Algorithm:  ring_zfp_online_coll
  ZFP rate:   10
  Epochs:     5
  Batch/rank: 8
  LR:         0.05
  Scheduler:  cosine
  Warmup:     0
  Grad clip:  None
  Drop last:  True
  Data dir:   ./data
================================================================================

  Backend:    nccl
  Algorithm:  ring_zfp_online_coll
  ZFP rate:   10
  Epochs:     5
  Batch/rank: 8
  LR:         0.05
  Scheduler:  cosine
  Warmup:     0
  Grad clip:  None
  Drop last:  True
  Data dir:   ./data
================================================================================


================================================================================
Distributed Training: WIDE_RESNET50_2 on CIFAR10
Backend: NCCL, Algorithm: ring_zfp_online_coll
================================================================================
Ranks: 8, Epochs: 5, Batch/rank: 8, Effective batch: 64
LR: 0.05, Device: cuda:0

[Cache] Pretrained weights cache (TORCH_HOME) = /eagle/UIC-HPC/matilderestelli/pretrained_weights_cache
[Setup] Model on cuda:0, wrapped in DDP (static_graph=True)
[Setup] Hook registered: nccl/ring_zfp_online_coll
[Optim] SGD: lr=0.05 momentum=0.9 nesterov=True wd=0.0005 wd_on_bn_bias=False
[Optim]   group 0: 66,778,816 params, wd=0.0005
[Optim]   group 1: 68,234 params, wd=0.0
[Data] Train batches: 781, Val batches: 1250

[Sched] cosine: steps/epoch=781, total_steps=3905, warmup_steps=0 (0 epochs)


[Epoch 1] Training... (lr at epoch start=0.050000)
  Batch [50/781] Loss: 27.5059, Acc: 12.00%, lr: 0.049980
  Batch [100/781] Loss: 18.3839, Acc: 11.25%, lr: 0.049919
  Batch [150/781] Loss: 14.1652, Acc: 12.25%, lr: 0.049818
  Batch [200/781] Loss: 11.8420, Acc: 13.06%, lr: 0.049677
  Batch [250/781] Loss: 10.2872, Acc: 13.80%, lr: 0.049496
  Batch [300/781] Loss: 9.1787, Acc: 14.42%, lr: 0.049275
  Batch [350/781] Loss: 8.4024, Acc: 15.07%, lr: 0.049015
  Batch [400/781] Loss: 7.7386, Acc: 15.50%, lr: 0.048717
  Batch [450/781] Loss: 7.2032, Acc: 15.83%, lr: 0.048380
  Batch [500/781] Loss: 6.7751, Acc: 15.88%, lr: 0.048005
  Batch [550/781] Loss: 6.4156, Acc: 16.48%, lr: 0.047592
  Batch [600/781] Loss: 6.0918, Acc: 17.17%, lr: 0.047144
  Batch [650/781] Loss: 5.8247, Acc: 17.48%, lr: 0.046659
  Batch [700/781] Loss: 5.5882, Acc: 17.68%, lr: 0.046139
  Batch [750/781] Loss: 5.3801, Acc: 18.07%, lr: 0.045586
[Epoch 1] Train Loss: 5.2659, Acc: 18.26%  |  Val Loss: 3.8009, Acc: 25.97%  |  Time: 83.5s
[Epoch 1] t_iter median: 92.84 ms  (fwd 7.46 | bwd+comm 81.91 | opt 3.31 | data 0.13)  |  train-only epoch: 75.5s
  -> Best model saved (25.97%)
[Epoch 1] Summarizing hook timing...

[HOOK_TIMING_SUMMARY] epoch=1
[HOOK_WORK_SUMMARY] label=nccl:hier_zfp_online_coll:rate10 calls=6234 work_total_ms=62986.011 work_mean_ms=10.104 work_min_ms=4.091 work_max_ms=359.676
[HOOK_TAIL_SUMMARY] label=nccl:ring_zfp_online_coll:rate10 steps=782 tail_total_ms=54454.110 tail_mean_ms=69.634 tail_min_ms=6.821 tail_max_ms=493.981
[Epoch 1] Hook timing summary done

[Epoch 2] Training... (lr at epoch start=0.045225)
  Batch [50/781] Loss: 2.3394, Acc: 21.75%, lr: 0.044618
  Batch [100/781] Loss: 2.3845, Acc: 22.62%, lr: 0.043979
  Batch [150/781] Loss: 2.3344, Acc: 23.08%, lr: 0.043309
  Batch [200/781] Loss: 2.2840, Acc: 23.94%, lr: 0.042610
  Batch [250/781] Loss: 2.2729, Acc: 24.45%, lr: 0.041882
  Batch [300/781] Loss: 2.2569, Acc: 24.79%, lr: 0.041127
  Batch [350/781] Loss: 2.2537, Acc: 24.57%, lr: 0.040346
  Batch [400/781] Loss: 2.2320, Acc: 24.62%, lr: 0.039540
  Batch [450/781] Loss: 2.1988, Acc: 25.11%, lr: 0.038710
  Batch [500/781] Loss: 2.1797, Acc: 25.50%, lr: 0.037858
  Batch [550/781] Loss: 2.1554, Acc: 26.00%, lr: 0.036986
  Batch [600/781] Loss: 2.1382, Acc: 26.38%, lr: 0.036094
  Batch [650/781] Loss: 2.1240, Acc: 26.42%, lr: 0.035184
  Batch [700/781] Loss: 2.1137, Acc: 26.77%, lr: 0.034257
  Batch [750/781] Loss: 2.0932, Acc: 27.12%, lr: 0.033316
[Epoch 2] Train Loss: 2.0879, Acc: 27.34%  |  Val Loss: 2.8782, Acc: 33.51%  |  Time: 80.8s
[Epoch 2] t_iter median: 92.92 ms  (fwd 7.58 | bwd+comm 81.85 | opt 3.36 | data 0.13)  |  train-only epoch: 72.9s
  -> Best model saved (33.51%)
[Epoch 2] Summarizing hook timing...

[HOOK_TIMING_SUMMARY] epoch=2
[HOOK_WORK_SUMMARY] label=nccl:hier_zfp_online_coll:rate10 calls=6248 work_total_ms=62736.566 work_mean_ms=10.041 work_min_ms=4.029 work_max_ms=18.731
[HOOK_TAIL_SUMMARY] label=nccl:ring_zfp_online_coll:rate10 steps=781 tail_total_ms=54133.146 tail_mean_ms=69.313 tail_min_ms=66.778 tail_max_ms=71.092
[Epoch 2] Hook timing summary done

[Epoch 3] Training... (lr at epoch start=0.032725)
  Batch [50/781] Loss: 1.8134, Acc: 35.25%, lr: 0.031763
  Batch [100/781] Loss: 1.8341, Acc: 34.00%, lr: 0.030790
  Batch [150/781] Loss: 1.8237, Acc: 35.00%, lr: 0.029807
  Batch [200/781] Loss: 1.8486, Acc: 33.56%, lr: 0.028816
  Batch [250/781] Loss: 1.8425, Acc: 33.35%, lr: 0.027820
  Batch [300/781] Loss: 1.8619, Acc: 32.92%, lr: 0.026819
  Batch [350/781] Loss: 1.8595, Acc: 32.89%, lr: 0.025814
  Batch [400/781] Loss: 1.8468, Acc: 33.16%, lr: 0.024809
  Batch [450/781] Loss: 1.8392, Acc: 33.17%, lr: 0.023804
  Batch [500/781] Loss: 1.8328, Acc: 33.40%, lr: 0.022801
  Batch [550/781] Loss: 1.8233, Acc: 33.73%, lr: 0.021801
  Batch [600/781] Loss: 1.8180, Acc: 34.15%, lr: 0.020806
  Batch [650/781] Loss: 1.8295, Acc: 33.58%, lr: 0.019819
  Batch [700/781] Loss: 1.8197, Acc: 33.80%, lr: 0.018839
  Batch [750/781] Loss: 1.8160, Acc: 33.97%, lr: 0.017870
[Epoch 3] Train Loss: 1.8129, Acc: 34.09%  |  Val Loss: 1.9707, Acc: 39.65%  |  Time: 80.7s
[Epoch 3] t_iter median: 92.82 ms  (fwd 7.59 | bwd+comm 81.78 | opt 3.33 | data 0.13)  |  train-only epoch: 72.8s
  -> Best model saved (39.65%)
[Epoch 3] Summarizing hook timing...

[HOOK_TIMING_SUMMARY] epoch=3
[HOOK_WORK_SUMMARY] label=nccl:hier_zfp_online_coll:rate10 calls=6248 work_total_ms=62736.580 work_mean_ms=10.041 work_min_ms=4.209 work_max_ms=18.510
[HOOK_TAIL_SUMMARY] label=nccl:ring_zfp_online_coll:rate10 steps=781 tail_total_ms=54155.223 tail_mean_ms=69.341 tail_min_ms=66.904 tail_max_ms=74.026
[Epoch 3] Hook timing summary done

[Epoch 4] Training... (lr at epoch start=0.017275)
  Batch [50/781] Loss: 1.7575, Acc: 36.50%, lr: 0.016325
  Batch [100/781] Loss: 1.7698, Acc: 35.62%, lr: 0.015389
  Batch [150/781] Loss: 1.7725, Acc: 35.17%, lr: 0.014468
  Batch [200/781] Loss: 1.7615, Acc: 35.44%, lr: 0.013565
  Batch [250/781] Loss: 1.7537, Acc: 36.10%, lr: 0.012680
  Batch [300/781] Loss: 1.7408, Acc: 36.46%, lr: 0.011816
  Batch [350/781] Loss: 1.7446, Acc: 36.75%, lr: 0.010972
  Batch [400/781] Loss: 1.7412, Acc: 36.75%, lr: 0.010151
  Batch [450/781] Loss: 1.7288, Acc: 37.39%, lr: 0.009354
  Batch [500/781] Loss: 1.7308, Acc: 37.17%, lr: 0.008583
  Batch [550/781] Loss: 1.7229, Acc: 37.64%, lr: 0.007838
  Batch [600/781] Loss: 1.7187, Acc: 38.00%, lr: 0.007121
  Batch [650/781] Loss: 1.7207, Acc: 37.85%, lr: 0.006433
  Batch [700/781] Loss: 1.7157, Acc: 38.05%, lr: 0.005774
  Batch [750/781] Loss: 1.7100, Acc: 37.98%, lr: 0.005147
[Epoch 4] Train Loss: 1.7066, Acc: 38.01%  |  Val Loss: 1.9822, Acc: 43.07%  |  Time: 80.6s
[Epoch 4] t_iter median: 92.56 ms  (fwd 7.39 | bwd+comm 81.72 | opt 3.32 | data 0.11)  |  train-only epoch: 72.7s
  -> Best model saved (43.07%)
[Epoch 4] Summarizing hook timing...

[HOOK_TIMING_SUMMARY] epoch=4
[HOOK_WORK_SUMMARY] label=nccl:hier_zfp_online_coll:rate10 calls=6248 work_total_ms=62654.579 work_mean_ms=10.028 work_min_ms=4.193 work_max_ms=18.702
[HOOK_TAIL_SUMMARY] label=nccl:ring_zfp_online_coll:rate10 steps=781 tail_total_ms=53956.138 tail_mean_ms=69.086 tail_min_ms=67.211 tail_max_ms=73.841
[Epoch 4] Hook timing summary done

[Epoch 5] Training... (lr at epoch start=0.004775)
  Batch [50/781] Loss: 1.6141, Acc: 42.25%, lr: 0.004200
  Batch [100/781] Loss: 1.6488, Acc: 41.62%, lr: 0.003659
  Batch [150/781] Loss: 1.6554, Acc: 39.00%, lr: 0.003153
  Batch [200/781] Loss: 1.6660, Acc: 37.88%, lr: 0.002682
  Batch [250/781] Loss: 1.6584, Acc: 38.50%, lr: 0.002247
  Batch [300/781] Loss: 1.6448, Acc: 39.38%, lr: 0.001849
  Batch [350/781] Loss: 1.6460, Acc: 38.93%, lr: 0.001488
  Batch [400/781] Loss: 1.6416, Acc: 39.03%, lr: 0.001165
  Batch [450/781] Loss: 1.6409, Acc: 38.97%, lr: 0.000881
  Batch [500/781] Loss: 1.6407, Acc: 39.23%, lr: 0.000636
  Batch [550/781] Loss: 1.6378, Acc: 39.32%, lr: 0.000430
  Batch [600/781] Loss: 1.6389, Acc: 39.27%, lr: 0.000265
  Batch [650/781] Loss: 1.6346, Acc: 39.27%, lr: 0.000139
  Batch [700/781] Loss: 1.6288, Acc: 39.71%, lr: 0.000053
  Batch [750/781] Loss: 1.6195, Acc: 40.17%, lr: 0.000008
[Epoch 5] Train Loss: 1.6227, Acc: 40.22%  |  Val Loss: 1.7003, Acc: 44.51%  |  Time: 80.9s
[Epoch 5] t_iter median: 92.85 ms  (fwd 7.63 | bwd+comm 81.78 | opt 3.31 | data 0.14)  |  train-only epoch: 72.9s
  -> Best model saved (44.51%)
[Epoch 5] Summarizing hook timing...

[HOOK_TIMING_SUMMARY] epoch=5
[HOOK_WORK_SUMMARY] label=nccl:hier_zfp_online_coll:rate10 calls=6248 work_total_ms=62827.504 work_mean_ms=10.056 work_min_ms=4.248 work_max_ms=106.380
[HOOK_TAIL_SUMMARY] label=nccl:ring_zfp_online_coll:rate10 steps=781 tail_total_ms=54233.192 tail_mean_ms=69.441 tail_min_ms=66.817 tail_max_ms=167.748
[Epoch 5] Hook timing summary done

================================================================================
Done in 410.9s | Best val acc: 44.51%
Epoch times (train+val): mean=81.3s  min=80.6s  max=83.5s
Train-only epoch time (epochs 2..N): median=72.84s  min=72.65s  max=72.89s
  -> use this for STRONG scaling (fixed global batch)
  -> use t_iter_median_ms from the CSV for WEAK scaling (fixed local batch)
================================================================================
=== Finished: model=wide_resnet50_2, dataset=cifar10, batch=8, lr=0.05, scheduler=cosine, backend=nccl, hook=ring_zfp_online_coll, zfp_rate=10, status=0 at Mon Aug  3 11:48:26 PM UTC 2026 ===
=== Starting: model=wide_resnet50_2, ws=8, bs=8, gb=64, lr=0.05, sched=cosine, warmup=0, epochs=5, mom=0.9, wd=5e-4, nesterov=true, wd_bn_bias=false, backend=nccl, hook=ring_zfp_online_coll, zfp=8 at Mon Aug  3 11:48:26 PM UTC 2026 ===

================================================================================
DISTRIBUTED TRAINING LAUNCHER
================================================================================
  Model:      wide_resnet50_2 (CIFAR stem) (from scratch)
  Dataset:    cifar10 (10 classes)
  Image size: 32
  LR:         0.05
  Momentum:   0.9 (nesterov=True)
  Optimizer:  sgd
  Weight dec: 0.0005 (on BN/bias=False)
  Backend:    nccl
  Algorithm:  ring_zfp_online_coll
  ZFP rate:   8
  Epochs:     5

================================================================================
DISTRIBUTED TRAINING LAUNCHER
================================================================================
  Model:      wide_resnet50_2 (CIFAR stem) (from scratch)
  Dataset:    cifar10 (10 classes)
  Image size: 32
  LR:         0.05
  Momentum:   0.9 (nesterov=True)
  Optimizer:  sgd
  Weight dec: 0.0005 (on BN/bias=False)
  Backend:    nccl
  Algorithm:  ring_zfp_online_coll
  ZFP rate:   8
  Epochs:     5
  Batch/rank: 8
  LR:         0.05
  Scheduler:  cosine
  Warmup:     0
  Grad clip:  None
  Drop last:  True
  Data dir:   ./data
================================================================================


================================================================================
DISTRIBUTED TRAINING LAUNCHER
================================================================================
  Model:      wide_resnet50_2 (CIFAR stem) (from scratch)
  Dataset:    cifar10 (10 classes)
  Image size: 32
  LR:         0.05
  Momentum:   0.9 (nesterov=True)
  Optimizer:  sgd
  Weight dec: 0.0005 (on BN/bias=False)
  Backend:    nccl
  Algorithm:  ring_zfp_online_coll
  ZFP rate:   8
  Epochs:     5
  Batch/rank: 8
  LR:         0.05
  Scheduler:  cosine
  Warmup:     0
  Grad clip:  None
  Drop last:  True
  Data dir:   ./data
================================================================================

  Batch/rank: 8
  LR:         0.05
  Scheduler:  cosine
  Warmup:     0
  Grad clip:  None
  Drop last:  True
  Data dir:   ./data
================================================================================


================================================================================
DISTRIBUTED TRAINING LAUNCHER
================================================================================
  Model:      wide_resnet50_2 (CIFAR stem) (from scratch)
  Dataset:    cifar10 (10 classes)
  Image size: 32
  LR:         0.05
  Momentum:   0.9 (nesterov=True)
  Optimizer:  sgd
  Weight dec: 0.0005 (on BN/bias=False)
  Backend:    nccl
  Algorithm:  ring_zfp_online_coll
  ZFP rate:   8
  Epochs:     5
  Batch/rank: 8
  LR:         0.05
  Scheduler:  cosine
  Warmup:     0
  Grad clip:  None
  Drop last:  True
  Data dir:   ./data
================================================================================


================================================================================
DISTRIBUTED TRAINING LAUNCHER
================================================================================
  Model:      wide_resnet50_2 (CIFAR stem) (from scratch)
  Dataset:    cifar10 (10 classes)
  Image size: 32
  LR:         0.05
  Momentum:   0.9 (nesterov=True)
  Optimizer:  sgd
  Weight dec: 0.0005 (on BN/bias=False)
  Backend:    nccl

================================================================================
DISTRIBUTED TRAINING LAUNCHER
================================================================================
  Model:      wide_resnet50_2 (CIFAR stem) (from scratch)
  Dataset:    cifar10 (10 classes)
  Image size: 32
  LR:         0.05
  Momentum:   0.9 (nesterov=True)
  Optimizer:  sgd
  Weight dec: 0.0005 (on BN/bias=False)
  Backend:    nccl
  Algorithm:  ring_zfp_online_coll
  ZFP rate:   8
  Epochs:     5
  Batch/rank: 8
  LR:         0.05
  Scheduler:  cosine
  Warmup:     0
  Grad clip:  None
  Drop last:  True
  Data dir:   ./data
================================================================================

  Algorithm:  ring_zfp_online_coll
  ZFP rate:   8
  Epochs:     5
  Batch/rank: 8
  LR:         0.05
  Scheduler:  cosine
  Warmup:     0
  Grad clip:  None
  Drop last:  True
  Data dir:   ./data
================================================================================


================================================================================
DISTRIBUTED TRAINING LAUNCHER
================================================================================
  Model:      wide_resnet50_2 (CIFAR stem) (from scratch)
  Dataset:    cifar10 (10 classes)
  Image size: 32
  LR:         0.05
  Momentum:   0.9 (nesterov=True)
  Optimizer:  sgd
  Weight dec: 0.0005 (on BN/bias=False)
  Backend:    nccl
  Algorithm:  ring_zfp_online_coll
  ZFP rate:   8
  Epochs:     5
  Batch/rank: 8
  LR:         0.05
  Scheduler:  cosine
  Warmup:     0
  Grad clip:  None
  Drop last:  True
  Data dir:   ./data
================================================================================


================================================================================
DISTRIBUTED TRAINING LAUNCHER
================================================================================
  Model:      wide_resnet50_2 (CIFAR stem) (from scratch)
  Dataset:    cifar10 (10 classes)
  Image size: 32
  LR:         0.05
  Momentum:   0.9 (nesterov=True)
  Optimizer:  sgd
  Weight dec: 0.0005 (on BN/bias=False)
  Backend:    nccl
  Algorithm:  ring_zfp_online_coll
  ZFP rate:   8
  Epochs:     5
  Batch/rank: 8
  LR:         0.05
  Scheduler:  cosine
  Warmup:     0
  Grad clip:  None
  Drop last:  True
  Data dir:   ./data
================================================================================


================================================================================
Distributed Training: WIDE_RESNET50_2 on CIFAR10
Backend: NCCL, Algorithm: ring_zfp_online_coll
================================================================================
Ranks: 8, Epochs: 5, Batch/rank: 8, Effective batch: 64
LR: 0.05, Device: cuda:0

[Cache] Pretrained weights cache (TORCH_HOME) = /eagle/UIC-HPC/matilderestelli/pretrained_weights_cache
[Setup] Model on cuda:0, wrapped in DDP (static_graph=True)
[Setup] Hook registered: nccl/ring_zfp_online_coll
[Optim] SGD: lr=0.05 momentum=0.9 nesterov=True wd=0.0005 wd_on_bn_bias=False
[Optim]   group 0: 66,778,816 params, wd=0.0005
[Optim]   group 1: 68,234 params, wd=0.0
[Data] Train batches: 781, Val batches: 1250

[Sched] cosine: steps/epoch=781, total_steps=3905, warmup_steps=0 (0 epochs)


[Epoch 1] Training... (lr at epoch start=0.050000)
  Batch [50/781] Loss: 26.3504, Acc: 12.75%, lr: 0.049980
  Batch [100/781] Loss: 18.0087, Acc: 12.25%, lr: 0.049919
  Batch [150/781] Loss: 13.6906, Acc: 13.08%, lr: 0.049818
  Batch [200/781] Loss: 11.8575, Acc: 13.12%, lr: 0.049677
  Batch [250/781] Loss: 10.4346, Acc: 13.90%, lr: 0.049496
  Batch [300/781] Loss: 9.3510, Acc: 14.33%, lr: 0.049275
  Batch [350/781] Loss: 8.5191, Acc: 15.46%, lr: 0.049015
  Batch [400/781] Loss: 7.8682, Acc: 15.88%, lr: 0.048717
  Batch [450/781] Loss: 7.3409, Acc: 16.31%, lr: 0.048380
  Batch [500/781] Loss: 6.9317, Acc: 16.77%, lr: 0.048005
  Batch [550/781] Loss: 6.5634, Acc: 17.30%, lr: 0.047592
  Batch [600/781] Loss: 6.2363, Acc: 17.77%, lr: 0.047144
  Batch [650/781] Loss: 5.9678, Acc: 18.04%, lr: 0.046659
  Batch [700/781] Loss: 5.7256, Acc: 18.29%, lr: 0.046139
  Batch [750/781] Loss: 5.5147, Acc: 18.88%, lr: 0.045586
[Epoch 1] Train Loss: 5.3930, Acc: 19.03%  |  Val Loss: 6.2589, Acc: 28.03%  |  Time: 74.9s
[Epoch 1] t_iter median: 81.85 ms  (fwd 7.80 | bwd+comm 70.58 | opt 3.35 | data 0.14)  |  train-only epoch: 66.8s
  -> Best model saved (28.03%)
[Epoch 1] Summarizing hook timing...

[HOOK_TIMING_SUMMARY] epoch=1
[HOOK_WORK_SUMMARY] label=nccl:hier_zfp_online_coll:rate8 calls=6234 work_total_ms=54259.815 work_mean_ms=8.704 work_min_ms=3.503 work_max_ms=359.143
[HOOK_TAIL_SUMMARY] label=nccl:ring_zfp_online_coll:rate8 steps=782 tail_total_ms=45736.504 tail_mean_ms=58.487 tail_min_ms=7.361 tail_max_ms=494.168
[Epoch 1] Hook timing summary done

[Epoch 2] Training... (lr at epoch start=0.045225)
  Batch [50/781] Loss: 2.4324, Acc: 20.75%, lr: 0.044618
  Batch [100/781] Loss: 2.3708, Acc: 21.25%, lr: 0.043979
  Batch [150/781] Loss: 2.3967, Acc: 22.25%, lr: 0.043309
  Batch [200/781] Loss: 2.3487, Acc: 23.25%, lr: 0.042610
  Batch [250/781] Loss: 2.3473, Acc: 23.80%, lr: 0.041882
  Batch [300/781] Loss: 2.3485, Acc: 24.00%, lr: 0.041127
  Batch [350/781] Loss: 2.3296, Acc: 24.32%, lr: 0.040346
  Batch [400/781] Loss: 2.3039, Acc: 24.75%, lr: 0.039540
  Batch [450/781] Loss: 2.2649, Acc: 25.17%, lr: 0.038710
  Batch [500/781] Loss: 2.2429, Acc: 25.82%, lr: 0.037858
  Batch [550/781] Loss: 2.2201, Acc: 26.45%, lr: 0.036986
  Batch [600/781] Loss: 2.2124, Acc: 26.79%, lr: 0.036094
  Batch [650/781] Loss: 2.1945, Acc: 26.88%, lr: 0.035184
  Batch [700/781] Loss: 2.1825, Acc: 27.09%, lr: 0.034257
  Batch [750/781] Loss: 2.1627, Acc: 27.58%, lr: 0.033316
[Epoch 2] Train Loss: 2.1565, Acc: 27.69%  |  Val Loss: 3.0254, Acc: 33.71%  |  Time: 72.6s
[Epoch 2] t_iter median: 81.93 ms  (fwd 7.59 | bwd+comm 70.86 | opt 3.33 | data 0.14)  |  train-only epoch: 64.3s
  -> Best model saved (33.71%)
[Epoch 2] Summarizing hook timing...

[HOOK_TIMING_SUMMARY] epoch=2
[HOOK_WORK_SUMMARY] label=nccl:hier_zfp_online_coll:rate8 calls=6248 work_total_ms=54050.117 work_mean_ms=8.651 work_min_ms=3.485 work_max_ms=17.849
[HOOK_TAIL_SUMMARY] label=nccl:ring_zfp_online_coll:rate8 steps=781 tail_total_ms=45239.165 tail_mean_ms=57.925 tail_min_ms=55.878 tail_max_ms=60.710
[Epoch 2] Hook timing summary done

[Epoch 3] Training... (lr at epoch start=0.032725)
  Batch [50/781] Loss: 1.8455, Acc: 31.50%, lr: 0.031763
  Batch [100/781] Loss: 1.8529, Acc: 32.50%, lr: 0.030790
  Batch [150/781] Loss: 1.8509, Acc: 34.00%, lr: 0.029807
  Batch [200/781] Loss: 1.8682, Acc: 32.62%, lr: 0.028816
  Batch [250/781] Loss: 1.8665, Acc: 32.20%, lr: 0.027820
  Batch [300/781] Loss: 1.8875, Acc: 31.92%, lr: 0.026819
  Batch [350/781] Loss: 1.8823, Acc: 32.00%, lr: 0.025814
  Batch [400/781] Loss: 1.8812, Acc: 32.16%, lr: 0.024809
  Batch [450/781] Loss: 1.8707, Acc: 32.39%, lr: 0.023804
  Batch [500/781] Loss: 1.8666, Acc: 32.70%, lr: 0.022801
  Batch [550/781] Loss: 1.8533, Acc: 33.23%, lr: 0.021801
  Batch [600/781] Loss: 1.8429, Acc: 33.58%, lr: 0.020806
  Batch [650/781] Loss: 1.8510, Acc: 33.31%, lr: 0.019819
  Batch [700/781] Loss: 1.8406, Acc: 33.79%, lr: 0.018839
  Batch [750/781] Loss: 1.8395, Acc: 33.67%, lr: 0.017870
[Epoch 3] Train Loss: 1.8375, Acc: 33.71%  |  Val Loss: 2.7715, Acc: 37.28%  |  Time: 72.4s
[Epoch 3] t_iter median: 81.93 ms  (fwd 7.69 | bwd+comm 70.85 | opt 3.28 | data 0.13)  |  train-only epoch: 64.3s
  -> Best model saved (37.28%)
[Epoch 3] Summarizing hook timing...

[HOOK_TIMING_SUMMARY] epoch=3
[HOOK_WORK_SUMMARY] label=nccl:hier_zfp_online_coll:rate8 calls=6248 work_total_ms=54246.934 work_mean_ms=8.682 work_min_ms=3.492 work_max_ms=17.396
[HOOK_TAIL_SUMMARY] label=nccl:ring_zfp_online_coll:rate8 steps=781 tail_total_ms=45879.501 tail_mean_ms=58.745 tail_min_ms=56.132 tail_max_ms=64.070
[Epoch 3] Hook timing summary done

[Epoch 4] Training... (lr at epoch start=0.017275)
  Batch [50/781] Loss: 1.7963, Acc: 37.25%, lr: 0.016325
  Batch [100/781] Loss: 1.7855, Acc: 36.62%, lr: 0.015389
  Batch [150/781] Loss: 1.7955, Acc: 35.00%, lr: 0.014468
  Batch [200/781] Loss: 1.7901, Acc: 35.62%, lr: 0.013565
  Batch [250/781] Loss: 1.7811, Acc: 36.40%, lr: 0.012680
  Batch [300/781] Loss: 1.7738, Acc: 36.25%, lr: 0.011816
  Batch [350/781] Loss: 1.7805, Acc: 36.07%, lr: 0.010972
  Batch [400/781] Loss: 1.7736, Acc: 35.84%, lr: 0.010151
  Batch [450/781] Loss: 1.7640, Acc: 36.08%, lr: 0.009354
  Batch [500/781] Loss: 1.7663, Acc: 35.73%, lr: 0.008583
  Batch [550/781] Loss: 1.7631, Acc: 35.91%, lr: 0.007838
  Batch [600/781] Loss: 1.7592, Acc: 36.27%, lr: 0.007121
  Batch [650/781] Loss: 1.7613, Acc: 36.48%, lr: 0.006433
  Batch [700/781] Loss: 1.7592, Acc: 36.39%, lr: 0.005774
  Batch [750/781] Loss: 1.7535, Acc: 36.43%, lr: 0.005147
[Epoch 4] Train Loss: 1.7492, Acc: 36.49%  |  Val Loss: 2.5434, Acc: 39.75%  |  Time: 73.2s
[Epoch 4] t_iter median: 82.82 ms  (fwd 7.73 | bwd+comm 71.60 | opt 3.35 | data 0.14)  |  train-only epoch: 65.0s
  -> Best model saved (39.75%)
[Epoch 4] Summarizing hook timing...

[HOOK_TIMING_SUMMARY] epoch=4
[HOOK_WORK_SUMMARY] label=nccl:hier_zfp_online_coll:rate8 calls=6248 work_total_ms=54791.472 work_mean_ms=8.769 work_min_ms=3.607 work_max_ms=17.727
[HOOK_TAIL_SUMMARY] label=nccl:ring_zfp_online_coll:rate8 steps=781 tail_total_ms=46122.322 tail_mean_ms=59.055 tail_min_ms=56.469 tail_max_ms=63.169
[Epoch 4] Hook timing summary done

[Epoch 5] Training... (lr at epoch start=0.004775)
  Batch [50/781] Loss: 1.6550, Acc: 39.00%, lr: 0.004200
  Batch [100/781] Loss: 1.6944, Acc: 37.88%, lr: 0.003659
  Batch [150/781] Loss: 1.6843, Acc: 38.17%, lr: 0.003153
  Batch [200/781] Loss: 1.7014, Acc: 37.81%, lr: 0.002682
  Batch [250/781] Loss: 1.6931, Acc: 38.15%, lr: 0.002247
  Batch [300/781] Loss: 1.6741, Acc: 38.50%, lr: 0.001849
  Batch [350/781] Loss: 1.6793, Acc: 38.14%, lr: 0.001488
  Batch [400/781] Loss: 1.6746, Acc: 38.12%, lr: 0.001165
  Batch [450/781] Loss: 1.6700, Acc: 38.28%, lr: 0.000881
  Batch [500/781] Loss: 1.6724, Acc: 38.45%, lr: 0.000636
  Batch [550/781] Loss: 1.6667, Acc: 38.55%, lr: 0.000430
  Batch [600/781] Loss: 1.6699, Acc: 38.40%, lr: 0.000265
  Batch [650/781] Loss: 1.6661, Acc: 38.54%, lr: 0.000139
  Batch [700/781] Loss: 1.6613, Acc: 38.75%, lr: 0.000053
  Batch [750/781] Loss: 1.6530, Acc: 39.23%, lr: 0.000008
[Epoch 5] Train Loss: 1.6544, Acc: 39.31%  |  Val Loss: 1.7592, Acc: 42.51%  |  Time: 72.8s
[Epoch 5] t_iter median: 82.11 ms  (fwd 7.62 | bwd+comm 71.08 | opt 3.27 | data 0.13)  |  train-only epoch: 64.6s
  -> Best model saved (42.51%)
[Epoch 5] Summarizing hook timing...

[HOOK_TIMING_SUMMARY] epoch=5
[HOOK_WORK_SUMMARY] label=nccl:hier_zfp_online_coll:rate8 calls=6248 work_total_ms=54542.669 work_mean_ms=8.730 work_min_ms=3.628 work_max_ms=108.874
[HOOK_TAIL_SUMMARY] label=nccl:ring_zfp_online_coll:rate8 steps=781 tail_total_ms=45955.748 tail_mean_ms=58.842 tail_min_ms=56.468 tail_max_ms=160.686
[Epoch 5] Hook timing summary done

================================================================================
Done in 370.3s | Best val acc: 42.51%
Epoch times (train+val): mean=73.2s  min=72.4s  max=74.9s
Train-only epoch time (epochs 2..N): median=64.45s  min=64.29s  max=65.03s
  -> use this for STRONG scaling (fixed global batch)
  -> use t_iter_median_ms from the CSV for WEAK scaling (fixed local batch)
================================================================================
=== Finished: model=wide_resnet50_2, dataset=cifar10, batch=8, lr=0.05, scheduler=cosine, backend=nccl, hook=ring_zfp_online_coll, zfp_rate=8, status=0 at Mon Aug  3 11:54:48 PM UTC 2026 ===
=== Starting: model=wide_resnet50_2, ws=8, bs=8, gb=64, lr=0.05, sched=cosine, warmup=0, epochs=5, mom=0.9, wd=5e-4, nesterov=true, wd_bn_bias=false, backend=nccl, hook=recursive_doubling, zfp=none at Mon Aug  3 11:54:48 PM UTC 2026 ===

================================================================================
DISTRIBUTED TRAINING LAUNCHER
================================================================================
  Model:      wide_resnet50_2 (CIFAR stem) (from scratch)
  Dataset:    cifar10 (10 classes)
  Image size: 32
  LR:         0.05
  Momentum:   0.9 (nesterov=True)
  Optimizer:  sgd
  Weight dec: 0.0005 (on BN/bias=False)
  Backend:    nccl
  Algorithm:  recursive_doubling
  Epochs:     5
  Batch/rank: 8
  LR:         0.05
================================================================================
DISTRIBUTED TRAINING LAUNCHER
================================================================================
  Model:      wide_resnet50_2 (CIFAR stem) (from scratch)
  Dataset:    cifar10 (10 classes)
  Image size: 32
  LR:         0.05
  Momentum:   0.9 (nesterov=True)
  Optimizer:  sgd
  Weight dec: 0.0005 (on BN/bias=False)
  Backend:    nccl
  Algorithm:  recursive_doubling
  Epochs:     5
  Batch/rank: 8
  LR:         0.05
  Scheduler:  cosine
  Warmup:     0
  Grad clip:  None
  Drop last:  True
  Data dir:   ./data
================================================================================


================================================================================
DISTRIBUTED TRAINING LAUNCHER
================================================================================
  Model:      wide_resnet50_2 (CIFAR stem) (from scratch)
  Dataset:    cifar10 (10 classes)
  Image size: 32
  LR:         0.05
  Momentum:   0.9 (nesterov=True)
  Optimizer:  sgd
  Weight dec: 0.0005 (on BN/bias=False)
  Backend:    nccl
  Algorithm:  recursive_doubling
  Epochs:     5
  Batch/rank: 8
  LR:         0.05
  Scheduler:  cosine
  Warmup:     0
  Grad clip:  None
  Drop last:  True
  Data dir:   ./data
================================================================================


================================================================================
DISTRIBUTED TRAINING LAUNCHER
================================================================================
  Model:      wide_resnet50_2 (CIFAR stem) (from scratch)
  Dataset:    cifar10 (10 classes)
  Image size: 32
  LR:         0.05
  Momentum:   0.9 (nesterov=True)
  Optimizer:  sgd
  Weight dec: 0.0005 (on BN/bias=False)
  Backend:    nccl
  Algorithm:  recursive_doubling
  Epochs:     5
  Batch/rank: 8
  LR:         0.05
  Scheduler:  cosine
  Warmup:     0
  Grad clip:  None
  Drop last:  True
  Data dir:   ./data
================================================================================


  Scheduler:  cosine
  Warmup:     0
  Grad clip:  None
  Drop last:  True
  Data dir:   ./data
================================================================================


================================================================================
DISTRIBUTED TRAINING LAUNCHER
================================================================================
  Model:      wide_resnet50_2 (CIFAR stem) (from scratch)
  Dataset:    cifar10 (10 classes)
  Image size: 32
  LR:         0.05
  Momentum:   0.9 (nesterov=True)
  Optimizer:  sgd
  Weight dec: 0.0005 (on BN/bias=False)
  Backend:    nccl
  Algorithm:  recursive_doubling
  Epochs:     5
  Batch/rank: 8
  LR:         0.05
  Scheduler:  cosine
  Warmup:     0
  Grad clip:  None
  Drop last:  True
  Data dir:   ./data
================================================================================


================================================================================
DISTRIBUTED TRAINING LAUNCHER
================================================================================
  Model:      wide_resnet50_2 (CIFAR stem) (from scratch)
  Dataset:    cifar10 (10 classes)
  Image size: 32
  LR:         0.05
  Momentum:   0.9 (nesterov=True)
  Optimizer:  sgd
  Weight dec: 0.0005 (on BN/bias=False)
  Backend:    nccl
  Algorithm:  recursive_doubling
  Epochs:     5
  Batch/rank: 8
  LR:         0.05
  Scheduler:  cosine
  Warmup:     0
  Grad clip:  None
  Drop last:  True
  Data dir:   ./data
================================================================================


================================================================================
DISTRIBUTED TRAINING LAUNCHER
================================================================================
  Model:      wide_resnet50_2 (CIFAR stem) (from scratch)
  Dataset:    cifar10 (10 classes)
  Image size: 32
  LR:         0.05
  Momentum:   0.9 (nesterov=True)
  Optimizer:  sgd
  Weight dec: 0.0005 (on BN/bias=False)
  Backend:    nccl
  Algorithm:  recursive_doubling
  Epochs:     5
  Batch/rank: 8
  LR:         0.05
  Scheduler:  cosine
  Warmup:     0
  Grad clip:  None
  Drop last:  True
  Data dir:   ./data
================================================================================


================================================================================
DISTRIBUTED TRAINING LAUNCHER
================================================================================
  Model:      wide_resnet50_2 (CIFAR stem) (from scratch)
  Dataset:    cifar10 (10 classes)
  Image size: 32
  LR:         0.05
  Momentum:   0.9 (nesterov=True)
  Optimizer:  sgd
  Weight dec: 0.0005 (on BN/bias=False)
  Backend:    nccl
  Algorithm:  recursive_doubling
  Epochs:     5
  Batch/rank: 8
  LR:         0.05
  Scheduler:  cosine
  Warmup:     0
  Grad clip:  None
  Drop last:  True
  Data dir:   ./data
================================================================================


================================================================================
Distributed Training: WIDE_RESNET50_2 on CIFAR10
Backend: NCCL, Algorithm: recursive_doubling
================================================================================
Ranks: 8, Epochs: 5, Batch/rank: 8, Effective batch: 64
LR: 0.05, Device: cuda:0

[Cache] Pretrained weights cache (TORCH_HOME) = /eagle/UIC-HPC/matilderestelli/pretrained_weights_cache
[Setup] Model on cuda:0, wrapped in DDP (static_graph=True)
[Setup] Hook registered: nccl/recursive_doubling
[Optim] SGD: lr=0.05 momentum=0.9 nesterov=True wd=0.0005 wd_on_bn_bias=False
[Optim]   group 0: 66,778,816 params, wd=0.0005
[Optim]   group 1: 68,234 params, wd=0.0
[Data] Train batches: 781, Val batches: 1250

[Sched] cosine: steps/epoch=781, total_steps=3905, warmup_steps=0 (0 epochs)


[Epoch 1] Training... (lr at epoch start=0.050000)
  Batch [50/781] Loss: 7.8976, Acc: 8.75%, lr: 0.049980
  Batch [100/781] Loss: 5.1401, Acc: 10.62%, lr: 0.049919
  Batch [150/781] Loss: 4.1941, Acc: 12.17%, lr: 0.049818
  Batch [200/781] Loss: 3.7295, Acc: 11.50%, lr: 0.049677
  Batch [250/781] Loss: 3.4462, Acc: 12.30%, lr: 0.049496
  Batch [300/781] Loss: 3.2544, Acc: 12.00%, lr: 0.049275
  Batch [350/781] Loss: 3.1119, Acc: 12.54%, lr: 0.049015
  Batch [400/781] Loss: 2.9869, Acc: 13.19%, lr: 0.048717
  Batch [450/781] Loss: 2.8971, Acc: 13.86%, lr: 0.048380
  Batch [500/781] Loss: 2.8113, Acc: 14.95%, lr: 0.048005
  Batch [550/781] Loss: 2.7401, Acc: 15.75%, lr: 0.047592
  Batch [600/781] Loss: 2.6698, Acc: 16.73%, lr: 0.047144
  Batch [650/781] Loss: 2.6099, Acc: 17.79%, lr: 0.046659
  Batch [700/781] Loss: 2.5601, Acc: 18.36%, lr: 0.046139
  Batch [750/781] Loss: 2.5153, Acc: 19.07%, lr: 0.045586
[Epoch 1] Train Loss: 2.4871, Acc: 19.70%  |  Val Loss: 1.7452, Acc: 37.74%  |  Time: 211.2s
[Epoch 1] t_iter median: 247.18 ms  (fwd 7.78 | bwd+comm 235.72 | opt 3.46 | data 0.09)  |  train-only epoch: 203.1s
  -> Best model saved (37.74%)
[Epoch 1] Summarizing hook timing...

[HOOK_TIMING_SUMMARY] epoch=1
[HOOK_WORK_SUMMARY] label=nccl:recursive_doubling calls=6234 work_total_ms=190581.445 work_mean_ms=30.571 work_min_ms=8.667 work_max_ms=302.548
[HOOK_TAIL_SUMMARY] label=nccl:recursive_doubling steps=782 tail_total_ms=183280.281 tail_mean_ms=234.374 tail_min_ms=73.532 tail_max_ms=320.089
[Epoch 1] Hook timing summary done

[Epoch 2] Training... (lr at epoch start=0.045225)
  Batch [50/781] Loss: 1.8224, Acc: 30.00%, lr: 0.044618
  Batch [100/781] Loss: 1.8322, Acc: 30.25%, lr: 0.043979
  Batch [150/781] Loss: 1.7922, Acc: 32.58%, lr: 0.043309
  Batch [200/781] Loss: 1.7812, Acc: 32.94%, lr: 0.042610
  Batch [250/781] Loss: 1.7750, Acc: 33.25%, lr: 0.041882
  Batch [300/781] Loss: 1.7697, Acc: 33.83%, lr: 0.041127
  Batch [350/781] Loss: 1.7581, Acc: 34.00%, lr: 0.040346
  Batch [400/781] Loss: 1.7450, Acc: 34.16%, lr: 0.039540
  Batch [450/781] Loss: 1.7271, Acc: 35.11%, lr: 0.038710
  Batch [500/781] Loss: 1.7131, Acc: 35.50%, lr: 0.037858
  Batch [550/781] Loss: 1.6927, Acc: 36.14%, lr: 0.036986
  Batch [600/781] Loss: 1.6853, Acc: 36.60%, lr: 0.036094
  Batch [650/781] Loss: 1.6740, Acc: 36.92%, lr: 0.035184
  Batch [700/781] Loss: 1.6667, Acc: 37.12%, lr: 0.034257
  Batch [750/781] Loss: 1.6493, Acc: 37.93%, lr: 0.033316
[Epoch 2] Train Loss: 1.6435, Acc: 38.32%  |  Val Loss: 2.2181, Acc: 44.93%  |  Time: 231.0s
[Epoch 2] t_iter median: 277.72 ms  (fwd 7.59 | bwd+comm 266.48 | opt 3.29 | data 0.14)  |  train-only epoch: 223.0s
  -> Best model saved (44.93%)
[Epoch 2] Summarizing hook timing...

[HOOK_TIMING_SUMMARY] epoch=2
[HOOK_WORK_SUMMARY] label=nccl:recursive_doubling calls=6248 work_total_ms=212858.493 work_mean_ms=34.068 work_min_ms=8.326 work_max_ms=82.890
[HOOK_TAIL_SUMMARY] label=nccl:recursive_doubling steps=781 tail_total_ms=205570.144 tail_mean_ms=263.214 tail_min_ms=184.943 tail_max_ms=329.384
[Epoch 2] Hook timing summary done

[Epoch 3] Training... (lr at epoch start=0.032725)
  Batch [50/781] Loss: 1.4268, Acc: 46.00%, lr: 0.031763
  Batch [100/781] Loss: 1.4233, Acc: 48.38%, lr: 0.030790
  Batch [150/781] Loss: 1.4094, Acc: 48.00%, lr: 0.029807
  Batch [200/781] Loss: 1.4177, Acc: 48.62%, lr: 0.028816
  Batch [250/781] Loss: 1.4233, Acc: 47.75%, lr: 0.027820
  Batch [300/781] Loss: 1.4308, Acc: 47.71%, lr: 0.026819
  Batch [350/781] Loss: 1.4099, Acc: 48.36%, lr: 0.025814
  Batch [400/781] Loss: 1.4064, Acc: 48.66%, lr: 0.024809
  Batch [450/781] Loss: 1.3911, Acc: 49.33%, lr: 0.023804
  Batch [500/781] Loss: 1.3819, Acc: 49.90%, lr: 0.022801
  Batch [550/781] Loss: 1.3712, Acc: 50.11%, lr: 0.021801
  Batch [600/781] Loss: 1.3588, Acc: 50.83%, lr: 0.020806
  Batch [650/781] Loss: 1.3593, Acc: 50.88%, lr: 0.019819
  Batch [700/781] Loss: 1.3458, Acc: 51.41%, lr: 0.018839
  Batch [750/781] Loss: 1.3392, Acc: 51.57%, lr: 0.017870
[Epoch 3] Train Loss: 1.3347, Acc: 51.74%  |  Val Loss: 1.6992, Acc: 59.93%  |  Time: 204.8s
[Epoch 3] t_iter median: 233.50 ms  (fwd 7.88 | bwd+comm 222.00 | opt 3.38 | data 0.15)  |  train-only epoch: 196.6s
  -> Best model saved (59.93%)
[Epoch 3] Summarizing hook timing...

[HOOK_TIMING_SUMMARY] epoch=3
[HOOK_WORK_SUMMARY] label=nccl:recursive_doubling calls=6248 work_total_ms=186123.213 work_mean_ms=29.789 work_min_ms=8.155 work_max_ms=74.366
[HOOK_TAIL_SUMMARY] label=nccl:recursive_doubling steps=781 tail_total_ms=178672.862 tail_mean_ms=228.774 tail_min_ms=187.520 tail_max_ms=304.368
[Epoch 3] Hook timing summary done

[Epoch 4] Training... (lr at epoch start=0.017275)
  Batch [50/781] Loss: 1.2333, Acc: 52.50%, lr: 0.016325
  Batch [100/781] Loss: 1.2116, Acc: 54.00%, lr: 0.015389
  Batch [150/781] Loss: 1.1998, Acc: 55.00%, lr: 0.014468
  Batch [200/781] Loss: 1.2019, Acc: 55.75%, lr: 0.013565
  Batch [250/781] Loss: 1.1828, Acc: 56.30%, lr: 0.012680
  Batch [300/781] Loss: 1.1675, Acc: 57.12%, lr: 0.011816
  Batch [350/781] Loss: 1.1520, Acc: 57.86%, lr: 0.010972
  Batch [400/781] Loss: 1.1376, Acc: 58.19%, lr: 0.010151
  Batch [450/781] Loss: 1.1214, Acc: 58.83%, lr: 0.009354
  Batch [500/781] Loss: 1.1228, Acc: 58.85%, lr: 0.008583
  Batch [550/781] Loss: 1.1151, Acc: 59.02%, lr: 0.007838
  Batch [600/781] Loss: 1.1156, Acc: 59.17%, lr: 0.007121
  Batch [650/781] Loss: 1.1121, Acc: 59.42%, lr: 0.006433
  Batch [700/781] Loss: 1.1068, Acc: 59.64%, lr: 0.005774
  Batch [750/781] Loss: 1.0964, Acc: 60.02%, lr: 0.005147
[Epoch 4] Train Loss: 1.0928, Acc: 60.13%  |  Val Loss: 2.8030, Acc: 66.64%  |  Time: 207.7s
[Epoch 4] t_iter median: 237.95 ms  (fwd 7.80 | bwd+comm 226.98 | opt 3.49 | data 0.15)  |  train-only epoch: 199.6s
  -> Best model saved (66.64%)
[Epoch 4] Summarizing hook timing...

[HOOK_TIMING_SUMMARY] epoch=4
[HOOK_WORK_SUMMARY] label=nccl:recursive_doubling calls=6248 work_total_ms=188976.024 work_mean_ms=30.246 work_min_ms=9.181 work_max_ms=74.502
[HOOK_TAIL_SUMMARY] label=nccl:recursive_doubling steps=781 tail_total_ms=181604.034 tail_mean_ms=232.528 tail_min_ms=190.105 tail_max_ms=322.491
[Epoch 4] Hook timing summary done

[Epoch 5] Training... (lr at epoch start=0.004775)
  Batch [50/781] Loss: 0.8827, Acc: 68.50%, lr: 0.004200
  Batch [100/781] Loss: 0.9307, Acc: 67.00%, lr: 0.003659
  Batch [150/781] Loss: 0.9671, Acc: 65.92%, lr: 0.003153
  Batch [200/781] Loss: 0.9424, Acc: 66.31%, lr: 0.002682
  Batch [250/781] Loss: 0.9239, Acc: 67.20%, lr: 0.002247
  Batch [300/781] Loss: 0.9224, Acc: 67.25%, lr: 0.001849
  Batch [350/781] Loss: 0.9220, Acc: 67.50%, lr: 0.001488
  Batch [400/781] Loss: 0.9234, Acc: 67.38%, lr: 0.001165
  Batch [450/781] Loss: 0.9134, Acc: 67.61%, lr: 0.000881
  Batch [500/781] Loss: 0.9043, Acc: 68.00%, lr: 0.000636
  Batch [550/781] Loss: 0.8997, Acc: 68.02%, lr: 0.000430
  Batch [600/781] Loss: 0.8980, Acc: 68.04%, lr: 0.000265
  Batch [650/781] Loss: 0.8976, Acc: 68.08%, lr: 0.000139
  Batch [700/781] Loss: 0.8954, Acc: 68.20%, lr: 0.000053
  Batch [750/781] Loss: 0.8851, Acc: 68.60%, lr: 0.000008
[Epoch 5] Train Loss: 0.8852, Acc: 68.57%  |  Val Loss: 6.7062, Acc: 67.81%  |  Time: 226.5s
[Epoch 5] t_iter median: 289.11 ms  (fwd 7.81 | bwd+comm 277.73 | opt 3.40 | data 0.15)  |  train-only epoch: 218.3s
  -> Best model saved (67.81%)
[Epoch 5] Summarizing hook timing...

[HOOK_TIMING_SUMMARY] epoch=5
[HOOK_WORK_SUMMARY] label=nccl:recursive_doubling calls=6248 work_total_ms=207846.804 work_mean_ms=33.266 work_min_ms=8.958 work_max_ms=115.277
[HOOK_TAIL_SUMMARY] label=nccl:recursive_doubling steps=781 tail_total_ms=200075.800 tail_mean_ms=256.179 tail_min_ms=189.408 tail_max_ms=372.720
[Epoch 5] Hook timing summary done

================================================================================
Done in 1085.7s | Best val acc: 67.81%
Epoch times (train+val): mean=216.3s  min=204.8s  max=231.0s
Train-only epoch time (epochs 2..N): median=208.97s  min=196.61s  max=223.00s
  -> use this for STRONG scaling (fixed global batch)
  -> use t_iter_median_ms from the CSV for WEAK scaling (fixed local batch)
================================================================================
=== Finished: model=wide_resnet50_2, dataset=cifar10, batch=8, lr=0.05, scheduler=cosine, backend=nccl, hook=recursive_doubling, zfp_rate=none, status=0 at Tue Aug  4 12:13:05 AM UTC 2026 ===
=== Starting: model=wide_resnet50_2, ws=8, bs=8, gb=64, lr=0.05, sched=cosine, warmup=0, epochs=5, mom=0.9, wd=5e-4, nesterov=true, wd_bn_bias=false, backend=nccl, hook=recursive_doubling_zfp_naive, zfp=16 at Tue Aug  4 12:13:05 AM UTC 2026 ===

================================================================================
DISTRIBUTED TRAINING LAUNCHER
================================================================================
  Model:      wide_resnet50_2 (CIFAR stem) (from scratch)
  Dataset:    cifar10 (10 classes)
  Image size: 32
  LR:         0.05
  Momentum:   0.9 (nesterov=True)
  Optimizer:  sgd
  Weight dec: 0.0005 (on BN/bias=False)
================================================================================
DISTRIBUTED TRAINING LAUNCHER
================================================================================
  Model:      wide_resnet50_2 (CIFAR stem) (from scratch)
  Dataset:    cifar10 (10 classes)
  Image size: 32
  LR:         0.05
  Momentum:   0.9 (nesterov=True)
  Optimizer:  sgd
  Weight dec: 0.0005 (on BN/bias=False)
  Backend:    nccl
  Algorithm:  recursive_doubling_zfp_naive
  ZFP rate:   16
  Epochs:     5
  Batch/rank: 8
  LR:         0.05
  Scheduler:  cosine
  Warmup:     0
  Grad clip:  None
  Drop last:  True
  Data dir:   ./data
================================================================================


================================================================================
DISTRIBUTED TRAINING LAUNCHER
================================================================================
  Model:      wide_resnet50_2 (CIFAR stem) (from scratch)
  Dataset:    cifar10 (10 classes)
  Image size: 32
  LR:         0.05
  Momentum:   0.9 (nesterov=True)
  Optimizer:  sgd
  Weight dec: 0.0005 (on BN/bias=False)
  Backend:    nccl
  Algorithm:  recursive_doubling_zfp_naive
  ZFP rate:   16
  Epochs:     5
  Batch/rank: 8
  LR:         0.05
  Scheduler:  cosine
  Warmup:     0
  Grad clip:  None
  Drop last:  True
  Data dir:   ./data
================================================================================


  Backend:    nccl
  Algorithm:  recursive_doubling_zfp_naive
  ZFP rate:   16
  Epochs:     5
  Batch/rank: 8
  LR:         0.05
  Scheduler:  cosine
  Warmup:     0
  Grad clip:  None
  Drop last:  True
  Data dir:   ./data
================================================================================


================================================================================
DISTRIBUTED TRAINING LAUNCHER
================================================================================
  Model:      wide_resnet50_2 (CIFAR stem) (from scratch)
  Dataset:    cifar10 (10 classes)
  Image size: 32
  LR:         0.05
  Momentum:   0.9 (nesterov=True)
  Optimizer:  sgd
  Weight dec: 0.0005 (on BN/bias=False)
  Backend:    nccl
  Algorithm:  recursive_doubling_zfp_naive
  ZFP rate:   16
  Epochs:     5
  Batch/rank: 8
  LR:         0.05
  Scheduler:  cosine
  Warmup:     0
  Grad clip:  None
  Drop last:  True
  Data dir:   ./data
================================================================================


================================================================================
DISTRIBUTED TRAINING LAUNCHER
================================================================================

================================================================================
DISTRIBUTED TRAINING LAUNCHER
================================================================================
  Model:      wide_resnet50_2 (CIFAR stem) (from scratch)
  Dataset:    cifar10 (10 classes)
  Image size: 32
  LR:         0.05
  Momentum:   0.9 (nesterov=True)
  Optimizer:  sgd
  Weight dec: 0.0005 (on BN/bias=False)
  Backend:    nccl
  Algorithm:  recursive_doubling_zfp_naive
  ZFP rate:   16
  Epochs:     5
  Batch/rank: 8
  LR:         0.05
  Scheduler:  cosine
  Warmup:     0
  Grad clip:  None
  Drop last:  True
  Data dir:   ./data
================================================================================


================================================================================
DISTRIBUTED TRAINING LAUNCHER
================================================================================
  Model:      wide_resnet50_2 (CIFAR stem) (from scratch)
  Dataset:    cifar10 (10 classes)
  Image size: 32
  LR:         0.05
  Momentum:   0.9 (nesterov=True)
  Optimizer:  sgd
  Weight dec: 0.0005 (on BN/bias=False)
  Backend:    nccl
  Algorithm:  recursive_doubling_zfp_naive
  ZFP rate:   16
  Epochs:     5
  Batch/rank: 8
  LR:         0.05
  Scheduler:  cosine
  Warmup:     0
  Grad clip:  None
  Drop last:  True
  Data dir:   ./data
================================================================================


================================================================================
DISTRIBUTED TRAINING LAUNCHER
================================================================================
  Model:      wide_resnet50_2 (CIFAR stem) (from scratch)
  Dataset:    cifar10 (10 classes)
  Image size: 32
  LR:         0.05
  Momentum:   0.9 (nesterov=True)
  Optimizer:  sgd
  Weight dec: 0.0005 (on BN/bias=False)
  Backend:    nccl
  Algorithm:  recursive_doubling_zfp_naive
  ZFP rate:   16
  Epochs:     5
  Batch/rank: 8
  LR:         0.05
  Scheduler:  cosine
  Warmup:     0
  Grad clip:  None
  Drop last:  True
  Data dir:   ./data
================================================================================

  Model:      wide_resnet50_2 (CIFAR stem) (from scratch)
  Dataset:    cifar10 (10 classes)
  Image size: 32
  LR:         0.05
  Momentum:   0.9 (nesterov=True)
  Optimizer:  sgd
  Weight dec: 0.0005 (on BN/bias=False)
  Backend:    nccl
  Algorithm:  recursive_doubling_zfp_naive
  ZFP rate:   16
  Epochs:     5
  Batch/rank: 8
  LR:         0.05
  Scheduler:  cosine
  Warmup:     0
  Grad clip:  None
  Drop last:  True
  Data dir:   ./data
================================================================================


================================================================================
Distributed Training: WIDE_RESNET50_2 on CIFAR10
Backend: NCCL, Algorithm: recursive_doubling_zfp_naive
================================================================================
Ranks: 8, Epochs: 5, Batch/rank: 8, Effective batch: 64
LR: 0.05, Device: cuda:0

[Cache] Pretrained weights cache (TORCH_HOME) = /eagle/UIC-HPC/matilderestelli/pretrained_weights_cache
[Setup] Model on cuda:0, wrapped in DDP (static_graph=True)
[Setup] Hook registered: nccl/recursive_doubling_zfp_naive
[Optim] SGD: lr=0.05 momentum=0.9 nesterov=True wd=0.0005 wd_on_bn_bias=False
[Optim]   group 0: 66,778,816 params, wd=0.0005
[Optim]   group 1: 68,234 params, wd=0.0
[Data] Train batches: 781, Val batches: 1250

[Sched] cosine: steps/epoch=781, total_steps=3905, warmup_steps=0 (0 epochs)


[Epoch 1] Training... (lr at epoch start=0.050000)
  Batch [50/781] Loss: 8.1166, Acc: 11.50%, lr: 0.049980
  Batch [100/781] Loss: 5.2316, Acc: 12.75%, lr: 0.049919
  Batch [150/781] Loss: 4.2202, Acc: 15.08%, lr: 0.049818
  Batch [200/781] Loss: 3.7030, Acc: 16.69%, lr: 0.049677
  Batch [250/781] Loss: 3.3806, Acc: 18.50%, lr: 0.049496
  Batch [300/781] Loss: 3.1674, Acc: 19.33%, lr: 0.049275
  Batch [350/781] Loss: 2.9935, Acc: 20.04%, lr: 0.049015
  Batch [400/781] Loss: 2.8572, Acc: 21.28%, lr: 0.048717
  Batch [450/781] Loss: 2.7690, Acc: 21.67%, lr: 0.048380
  Batch [500/781] Loss: 2.6816, Acc: 22.65%, lr: 0.048005
  Batch [550/781] Loss: 2.6100, Acc: 23.41%, lr: 0.047592
  Batch [600/781] Loss: 2.5466, Acc: 23.92%, lr: 0.047144
  Batch [650/781] Loss: 2.4950, Acc: 24.50%, lr: 0.046659
  Batch [700/781] Loss: 2.4508, Acc: 24.86%, lr: 0.046139
  Batch [750/781] Loss: 2.4090, Acc: 25.47%, lr: 0.045586
[Epoch 1] Train Loss: 2.3842, Acc: 25.80%  |  Val Loss: 1.6740, Acc: 39.28%  |  Time: 142.7s
[Epoch 1] t_iter median: 165.80 ms  (fwd 7.70 | bwd+comm 154.67 | opt 3.28 | data 0.12)  |  train-only epoch: 134.6s
  -> Best model saved (39.28%)
[Epoch 1] Summarizing hook timing...

[HOOK_TIMING_SUMMARY] epoch=1
[HOOK_WORK_SUMMARY] label=nccl:recursive_doubling_zfp_naive:rate16 calls=6234 work_total_ms=122209.642 work_mean_ms=19.604 work_min_ms=8.249 work_max_ms=232.770
[HOOK_TAIL_SUMMARY] label=nccl:recursive_doubling_zfp_naive:rate16 steps=782 tail_total_ms=114756.059 tail_mean_ms=146.747 tail_min_ms=13.274 tail_max_ms=236.686
[Epoch 1] Hook timing summary done

[Epoch 2] Training... (lr at epoch start=0.045225)
  Batch [50/781] Loss: 1.8143, Acc: 34.75%, lr: 0.044618
  Batch [100/781] Loss: 1.8251, Acc: 34.62%, lr: 0.043979
  Batch [150/781] Loss: 1.7944, Acc: 36.00%, lr: 0.043309
  Batch [200/781] Loss: 1.7878, Acc: 36.12%, lr: 0.042610
  Batch [250/781] Loss: 1.7837, Acc: 36.10%, lr: 0.041882
  Batch [300/781] Loss: 1.7872, Acc: 35.96%, lr: 0.041127
  Batch [350/781] Loss: 1.7762, Acc: 36.21%, lr: 0.040346
  Batch [400/781] Loss: 1.7655, Acc: 36.50%, lr: 0.039540
  Batch [450/781] Loss: 1.7527, Acc: 36.97%, lr: 0.038710
  Batch [500/781] Loss: 1.7427, Acc: 37.02%, lr: 0.037858
  Batch [550/781] Loss: 1.7274, Acc: 37.43%, lr: 0.036986
  Batch [600/781] Loss: 1.7201, Acc: 37.73%, lr: 0.036094
  Batch [650/781] Loss: 1.7113, Acc: 38.17%, lr: 0.035184
  Batch [700/781] Loss: 1.7049, Acc: 38.48%, lr: 0.034257
  Batch [750/781] Loss: 1.6908, Acc: 38.83%, lr: 0.033316
[Epoch 2] Train Loss: 1.6855, Acc: 38.96%  |  Val Loss: 3.9815, Acc: 42.09%  |  Time: 130.5s
[Epoch 2] t_iter median: 159.35 ms  (fwd 7.58 | bwd+comm 148.34 | opt 3.29 | data 0.11)  |  train-only epoch: 122.4s
  -> Best model saved (42.09%)
[Epoch 2] Summarizing hook timing...

[HOOK_TIMING_SUMMARY] epoch=2
[HOOK_WORK_SUMMARY] label=nccl:recursive_doubling_zfp_naive:rate16 calls=6248 work_total_ms=112274.171 work_mean_ms=17.970 work_min_ms=7.294 work_max_ms=39.778
[HOOK_TAIL_SUMMARY] label=nccl:recursive_doubling_zfp_naive:rate16 steps=781 tail_total_ms=104896.733 tail_mean_ms=134.311 tail_min_ms=113.530 tail_max_ms=182.411
[Epoch 2] Hook timing summary done

[Epoch 3] Training... (lr at epoch start=0.032725)
  Batch [50/781] Loss: 1.5056, Acc: 43.25%, lr: 0.031763
  Batch [100/781] Loss: 1.5037, Acc: 45.25%, lr: 0.030790
  Batch [150/781] Loss: 1.5132, Acc: 44.58%, lr: 0.029807
  Batch [200/781] Loss: 1.5171, Acc: 44.81%, lr: 0.028816
  Batch [250/781] Loss: 1.5267, Acc: 43.95%, lr: 0.027820
  Batch [300/781] Loss: 1.5389, Acc: 43.38%, lr: 0.026819
  Batch [350/781] Loss: 1.5225, Acc: 44.39%, lr: 0.025814
  Batch [400/781] Loss: 1.5156, Acc: 44.56%, lr: 0.024809
  Batch [450/781] Loss: 1.5012, Acc: 45.25%, lr: 0.023804
  Batch [500/781] Loss: 1.4846, Acc: 45.77%, lr: 0.022801
  Batch [550/781] Loss: 1.4716, Acc: 45.93%, lr: 0.021801
  Batch [600/781] Loss: 1.4615, Acc: 46.58%, lr: 0.020806
  Batch [650/781] Loss: 1.4620, Acc: 46.63%, lr: 0.019819
  Batch [700/781] Loss: 1.4480, Acc: 47.34%, lr: 0.018839
  Batch [750/781] Loss: 1.4413, Acc: 47.53%, lr: 0.017870
[Epoch 3] Train Loss: 1.4359, Acc: 47.73%  |  Val Loss: 2.1774, Acc: 54.92%  |  Time: 143.1s
[Epoch 3] t_iter median: 169.89 ms  (fwd 7.59 | bwd+comm 158.71 | opt 3.30 | data 0.12)  |  train-only epoch: 134.9s
  -> Best model saved (54.92%)
[Epoch 3] Summarizing hook timing...

[HOOK_TIMING_SUMMARY] epoch=3
[HOOK_WORK_SUMMARY] label=nccl:recursive_doubling_zfp_naive:rate16 calls=6248 work_total_ms=124855.363 work_mean_ms=19.983 work_min_ms=7.439 work_max_ms=42.567
[HOOK_TAIL_SUMMARY] label=nccl:recursive_doubling_zfp_naive:rate16 steps=781 tail_total_ms=117530.880 tail_mean_ms=150.488 tail_min_ms=123.624 tail_max_ms=181.941
[Epoch 3] Hook timing summary done

[Epoch 4] Training... (lr at epoch start=0.017275)
  Batch [50/781] Loss: 1.3425, Acc: 51.25%, lr: 0.016325
  Batch [100/781] Loss: 1.3031, Acc: 52.00%, lr: 0.015389
  Batch [150/781] Loss: 1.2899, Acc: 53.42%, lr: 0.014468
  Batch [200/781] Loss: 1.2989, Acc: 53.56%, lr: 0.013565
  Batch [250/781] Loss: 1.2854, Acc: 53.90%, lr: 0.012680
  Batch [300/781] Loss: 1.2711, Acc: 54.12%, lr: 0.011816
  Batch [350/781] Loss: 1.2721, Acc: 54.11%, lr: 0.010972
  Batch [400/781] Loss: 1.2645, Acc: 54.56%, lr: 0.010151
  Batch [450/781] Loss: 1.2434, Acc: 55.50%, lr: 0.009354
  Batch [500/781] Loss: 1.2351, Acc: 56.02%, lr: 0.008583
  Batch [550/781] Loss: 1.2268, Acc: 56.36%, lr: 0.007838
  Batch [600/781] Loss: 1.2223, Acc: 56.77%, lr: 0.007121
  Batch [650/781] Loss: 1.2164, Acc: 56.96%, lr: 0.006433
  Batch [700/781] Loss: 1.2072, Acc: 57.27%, lr: 0.005774
  Batch [750/781] Loss: 1.1946, Acc: 57.38%, lr: 0.005147
[Epoch 4] Train Loss: 1.1939, Acc: 57.25%  |  Val Loss: 3.5992, Acc: 62.84%  |  Time: 140.7s
[Epoch 4] t_iter median: 168.38 ms  (fwd 7.73 | bwd+comm 157.19 | opt 3.36 | data 0.13)  |  train-only epoch: 132.4s
  -> Best model saved (62.84%)
[Epoch 4] Summarizing hook timing...

[HOOK_TIMING_SUMMARY] epoch=4
[HOOK_WORK_SUMMARY] label=nccl:recursive_doubling_zfp_naive:rate16 calls=6248 work_total_ms=122084.913 work_mean_ms=19.540 work_min_ms=7.594 work_max_ms=41.766
[HOOK_TAIL_SUMMARY] label=nccl:recursive_doubling_zfp_naive:rate16 steps=781 tail_total_ms=114679.180 tail_mean_ms=146.836 tail_min_ms=121.517 tail_max_ms=180.606
[Epoch 4] Hook timing summary done

[Epoch 5] Training... (lr at epoch start=0.004775)
  Batch [50/781] Loss: 0.9973, Acc: 64.50%, lr: 0.004200
  Batch [100/781] Loss: 1.0448, Acc: 64.50%, lr: 0.003659
  Batch [150/781] Loss: 1.0714, Acc: 62.83%, lr: 0.003153
  Batch [200/781] Loss: 1.0526, Acc: 62.56%, lr: 0.002682
  Batch [250/781] Loss: 1.0361, Acc: 63.45%, lr: 0.002247
  Batch [300/781] Loss: 1.0301, Acc: 63.88%, lr: 0.001849
  Batch [350/781] Loss: 1.0271, Acc: 64.00%, lr: 0.001488
  Batch [400/781] Loss: 1.0313, Acc: 63.66%, lr: 0.001165
  Batch [450/781] Loss: 1.0222, Acc: 63.89%, lr: 0.000881
  Batch [500/781] Loss: 1.0121, Acc: 64.17%, lr: 0.000636
  Batch [550/781] Loss: 1.0076, Acc: 64.30%, lr: 0.000430
  Batch [600/781] Loss: 1.0057, Acc: 64.44%, lr: 0.000265
  Batch [650/781] Loss: 1.0037, Acc: 64.48%, lr: 0.000139
  Batch [700/781] Loss: 0.9975, Acc: 64.82%, lr: 0.000053
  Batch [750/781] Loss: 0.9879, Acc: 65.32%, lr: 0.000008
[Epoch 5] Train Loss: 0.9872, Acc: 65.40%  |  Val Loss: 5.3841, Acc: 64.09%  |  Time: 132.7s
[Epoch 5] t_iter median: 148.74 ms  (fwd 7.67 | bwd+comm 137.66 | opt 3.32 | data 0.13)  |  train-only epoch: 124.6s
  -> Best model saved (64.09%)
[Epoch 5] Summarizing hook timing...

[HOOK_TIMING_SUMMARY] epoch=5
[HOOK_WORK_SUMMARY] label=nccl:recursive_doubling_zfp_naive:rate16 calls=6248 work_total_ms=114352.049 work_mean_ms=18.302 work_min_ms=7.008 work_max_ms=44.973
[HOOK_TAIL_SUMMARY] label=nccl:recursive_doubling_zfp_naive:rate16 steps=781 tail_total_ms=106939.511 tail_mean_ms=136.926 tail_min_ms=113.465 tail_max_ms=186.234
[Epoch 5] Hook timing summary done

================================================================================
Done in 694.3s | Best val acc: 64.09%
Epoch times (train+val): mean=137.9s  min=130.5s  max=143.1s
Train-only epoch time (epochs 2..N): median=128.49s  min=122.37s  max=134.92s
  -> use this for STRONG scaling (fixed global batch)
  -> use t_iter_median_ms from the CSV for WEAK scaling (fixed local batch)
================================================================================
=== Finished: model=wide_resnet50_2, dataset=cifar10, batch=8, lr=0.05, scheduler=cosine, backend=nccl, hook=recursive_doubling_zfp_naive, zfp_rate=16, status=0 at Tue Aug  4 12:24:55 AM UTC 2026 ===
=== Starting: model=wide_resnet50_2, ws=8, bs=8, gb=64, lr=0.05, sched=cosine, warmup=0, epochs=5, mom=0.9, wd=5e-4, nesterov=true, wd_bn_bias=false, backend=nccl, hook=recursive_doubling_zfp_online_coll, zfp=16 at Tue Aug  4 12:24:55 AM UTC 2026 ===

================================================================================
DISTRIBUTED TRAINING LAUNCHER
================================================================================
  Model:      wide_resnet50_2 (CIFAR stem) (from scratch)
  Dataset:    cifar10 (10 classes)
  Image size: 32
  LR:         0.05
  Momentum:   0.9 (nesterov=True)
  Optimizer:  sgd
  Weight dec: 0.0005 (on BN/bias=False)
  Backend:    nccl
  Algorithm:  recursive_doubling_zfp_online_coll

================================================================================
DISTRIBUTED TRAINING LAUNCHER
================================================================================
  Model:      wide_resnet50_2 (CIFAR stem) (from scratch)
  Dataset:    cifar10 (10 classes)
  Image size: 32
  LR:         0.05
  Momentum:   0.9 (nesterov=True)
  Optimizer:  sgd
  Weight dec: 0.0005 (on BN/bias=False)
  Backend:    nccl
  Algorithm:  recursive_doubling_zfp_online_coll
  ZFP rate:   16
  Epochs:     5
  Batch/rank: 8
  LR:         0.05
  Scheduler:  cosine
  Warmup:     0
  Grad clip:  None
  Drop last:  True
  Data dir:   ./data
================================================================================


================================================================================
DISTRIBUTED TRAINING LAUNCHER
================================================================================
  Model:      wide_resnet50_2 (CIFAR stem) (from scratch)
  Dataset:    cifar10 (10 classes)
  Image size: 32
  LR:         0.05
  Momentum:   0.9 (nesterov=True)
  Optimizer:  sgd
  Weight dec: 0.0005 (on BN/bias=False)
  Backend:    nccl
  Algorithm:  recursive_doubling_zfp_online_coll
  ZFP rate:   16
  Epochs:     5
  Batch/rank: 8
  LR:         0.05
  Scheduler:  cosine
  Warmup:     0
  Grad clip:  None
  Drop last:  True
  Data dir:   ./data
================================================================================

  ZFP rate:   16
  Epochs:     5
  Batch/rank: 8
  LR:         0.05
  Scheduler:  cosine
  Warmup:     0
  Grad clip:  None
  Drop last:  True
  Data dir:   ./data
================================================================================


================================================================================
DISTRIBUTED TRAINING LAUNCHER
================================================================================
  Model:      wide_resnet50_2 (CIFAR stem) (from scratch)
  Dataset:    cifar10 (10 classes)
  Image size: 32
  LR:         0.05
  Momentum:   0.9 (nesterov=True)
  Optimizer:  sgd
  Weight dec: 0.0005 (on BN/bias=False)
  Backend:    nccl
  Algorithm:  recursive_doubling_zfp_online_coll
  ZFP rate:   16
  Epochs:     5
  Batch/rank: 8
  LR:         0.05
  Scheduler:  cosine
  Warmup:     0
  Grad clip:  None
  Drop last:  True
  Data dir:   ./data
================================================================================


================================================================================
DISTRIBUTED TRAINING LAUNCHER
================================================================================
  Model:      wide_resnet50_2 (CIFAR stem) (from scratch)
  Dataset:    cifar10 (10 classes)
  Image size: 32
  LR:         0.05
  Momentum:   0.9 (nesterov=True)

================================================================================
DISTRIBUTED TRAINING LAUNCHER
================================================================================
  Model:      wide_resnet50_2 (CIFAR stem) (from scratch)
  Dataset:    cifar10 (10 classes)
  Image size: 32
  LR:         0.05
  Momentum:   0.9 (nesterov=True)
  Optimizer:  sgd
  Weight dec: 0.0005 (on BN/bias=False)
  Backend:    nccl
  Algorithm:  recursive_doubling_zfp_online_coll
  ZFP rate:   16
  Epochs:     5
  Batch/rank: 8
  LR:         0.05
  Scheduler:  cosine
  Warmup:     0
  Grad clip:  None
  Drop last:  True
  Data dir:   ./data
================================================================================


================================================================================
DISTRIBUTED TRAINING LAUNCHER
================================================================================
  Model:      wide_resnet50_2 (CIFAR stem) (from scratch)
  Dataset:    cifar10 (10 classes)
  Image size: 32
  LR:         0.05
  Momentum:   0.9 (nesterov=True)
  Optimizer:  sgd
  Weight dec: 0.0005 (on BN/bias=False)
  Backend:    nccl
  Algorithm:  recursive_doubling_zfp_online_coll
  ZFP rate:   16
  Epochs:     5
  Batch/rank: 8
  LR:         0.05
  Scheduler:  cosine
  Warmup:     0
  Grad clip:  None
  Drop last:  True
  Data dir:   ./data
================================================================================

  Optimizer:  sgd
  Weight dec: 0.0005 (on BN/bias=False)
  Backend:    nccl
  Algorithm:  recursive_doubling_zfp_online_coll
  ZFP rate:   16
  Epochs:     5
  Batch/rank: 8
  LR:         0.05
  Scheduler:  cosine
  Warmup:     0
  Grad clip:  None
  Drop last:  True
  Data dir:   ./data
================================================================================


================================================================================
DISTRIBUTED TRAINING LAUNCHER
================================================================================
  Model:      wide_resnet50_2 (CIFAR stem) (from scratch)
  Dataset:    cifar10 (10 classes)
  Image size: 32
  LR:         0.05
  Momentum:   0.9 (nesterov=True)
  Optimizer:  sgd
  Weight dec: 0.0005 (on BN/bias=False)
  Backend:    nccl
  Algorithm:  recursive_doubling_zfp_online_coll
  ZFP rate:   16
  Epochs:     5
  Batch/rank: 8
  LR:         0.05
  Scheduler:  cosine
  Warmup:     0
  Grad clip:  None
  Drop last:  True
  Data dir:   ./data
================================================================================


================================================================================
Distributed Training: WIDE_RESNET50_2 on CIFAR10
Backend: NCCL, Algorithm: recursive_doubling_zfp_online_coll
================================================================================
Ranks: 8, Epochs: 5, Batch/rank: 8, Effective batch: 64
LR: 0.05, Device: cuda:0

[Cache] Pretrained weights cache (TORCH_HOME) = /eagle/UIC-HPC/matilderestelli/pretrained_weights_cache
[Setup] Model on cuda:0, wrapped in DDP (static_graph=True)
[Setup] Hook registered: nccl/recursive_doubling_zfp_online_coll
[Optim] SGD: lr=0.05 momentum=0.9 nesterov=True wd=0.0005 wd_on_bn_bias=False
[Optim]   group 0: 66,778,816 params, wd=0.0005
[Optim]   group 1: 68,234 params, wd=0.0
[Data] Train batches: 781, Val batches: 1250

[Sched] cosine: steps/epoch=781, total_steps=3905, warmup_steps=0 (0 epochs)


[Epoch 1] Training... (lr at epoch start=0.050000)
  Batch [50/781] Loss: 26.7495, Acc: 12.00%, lr: 0.049980
  Batch [100/781] Loss: 17.9009, Acc: 11.38%, lr: 0.049919
  Batch [150/781] Loss: 13.6668, Acc: 12.33%, lr: 0.049818
  Batch [200/781] Loss: 11.5061, Acc: 13.12%, lr: 0.049677
  Batch [250/781] Loss: 10.1350, Acc: 13.80%, lr: 0.049496
  Batch [300/781] Loss: 9.1437, Acc: 14.29%, lr: 0.049275
  Batch [350/781] Loss: 8.3722, Acc: 15.29%, lr: 0.049015
  Batch [400/781] Loss: 7.7098, Acc: 16.22%, lr: 0.048717
  Batch [450/781] Loss: 7.2276, Acc: 16.44%, lr: 0.048380
  Batch [500/781] Loss: 6.8415, Acc: 16.50%, lr: 0.048005
  Batch [550/781] Loss: 6.4795, Acc: 16.93%, lr: 0.047592
  Batch [600/781] Loss: 6.1407, Acc: 17.52%, lr: 0.047144
  Batch [650/781] Loss: 5.8641, Acc: 18.13%, lr: 0.046659
  Batch [700/781] Loss: 5.6248, Acc: 18.39%, lr: 0.046139
  Batch [750/781] Loss: 5.4104, Acc: 18.88%, lr: 0.045586
[Epoch 1] Train Loss: 5.2935, Acc: 19.05%  |  Val Loss: 7.3620, Acc: 27.32%  |  Time: 106.5s
[Epoch 1] t_iter median: 122.17 ms  (fwd 7.59 | bwd+comm 111.13 | opt 3.33 | data 0.15)  |  train-only epoch: 98.4s
  -> Best model saved (27.32%)
[Epoch 1] Summarizing hook timing...

[HOOK_TIMING_SUMMARY] epoch=1
[HOOK_WORK_SUMMARY] label=nccl:hier_zfp_online_coll:rate16 calls=6234 work_total_ms=85947.449 work_mean_ms=13.787 work_min_ms=4.575 work_max_ms=385.184
[HOOK_TAIL_SUMMARY] label=nccl:recursive_doubling_zfp_online_coll:rate16 steps=782 tail_total_ms=77166.825 tail_mean_ms=98.679 tail_min_ms=8.848 tail_max_ms=528.123
[Epoch 1] Hook timing summary done

[Epoch 2] Training... (lr at epoch start=0.045225)
  Batch [50/781] Loss: 2.4490, Acc: 23.75%, lr: 0.044618
  Batch [100/781] Loss: 2.4630, Acc: 22.88%, lr: 0.043979
  Batch [150/781] Loss: 2.3560, Acc: 24.08%, lr: 0.043309
  Batch [200/781] Loss: 2.3185, Acc: 25.12%, lr: 0.042610
  Batch [250/781] Loss: 2.3040, Acc: 25.60%, lr: 0.041882
  Batch [300/781] Loss: 2.2799, Acc: 25.79%, lr: 0.041127
  Batch [350/781] Loss: 2.2701, Acc: 25.64%, lr: 0.040346
  Batch [400/781] Loss: 2.2468, Acc: 26.12%, lr: 0.039540
  Batch [450/781] Loss: 2.2112, Acc: 26.53%, lr: 0.038710
  Batch [500/781] Loss: 2.1946, Acc: 26.52%, lr: 0.037858
  Batch [550/781] Loss: 2.1692, Acc: 27.14%, lr: 0.036986
  Batch [600/781] Loss: 2.1556, Acc: 27.46%, lr: 0.036094
  Batch [650/781] Loss: 2.1415, Acc: 27.67%, lr: 0.035184
  Batch [700/781] Loss: 2.1301, Acc: 27.96%, lr: 0.034257
  Batch [750/781] Loss: 2.1109, Acc: 28.40%, lr: 0.033316
[Epoch 2] Train Loss: 2.1050, Acc: 28.57%  |  Val Loss: 4.6966, Acc: 35.01%  |  Time: 104.7s
[Epoch 2] t_iter median: 123.06 ms  (fwd 7.39 | bwd+comm 112.24 | opt 3.24 | data 0.11)  |  train-only epoch: 96.8s
  -> Best model saved (35.01%)
[Epoch 2] Summarizing hook timing...

[HOOK_TIMING_SUMMARY] epoch=2
[HOOK_WORK_SUMMARY] label=nccl:hier_zfp_online_coll:rate16 calls=6248 work_total_ms=87017.897 work_mean_ms=13.927 work_min_ms=5.030 work_max_ms=24.285
[HOOK_TAIL_SUMMARY] label=nccl:recursive_doubling_zfp_online_coll:rate16 steps=781 tail_total_ms=78969.513 tail_mean_ms=101.113 tail_min_ms=97.048 tail_max_ms=106.386
[Epoch 2] Hook timing summary done

[Epoch 3] Training... (lr at epoch start=0.032725)
  Batch [50/781] Loss: 1.7929, Acc: 33.50%, lr: 0.031763
  Batch [100/781] Loss: 1.8195, Acc: 32.12%, lr: 0.030790
  Batch [150/781] Loss: 1.8069, Acc: 33.75%, lr: 0.029807
  Batch [200/781] Loss: 1.8145, Acc: 33.25%, lr: 0.028816
  Batch [250/781] Loss: 1.8113, Acc: 33.25%, lr: 0.027820
  Batch [300/781] Loss: 1.8288, Acc: 32.96%, lr: 0.026819
  Batch [350/781] Loss: 1.8305, Acc: 33.36%, lr: 0.025814
  Batch [400/781] Loss: 1.8242, Acc: 33.78%, lr: 0.024809
  Batch [450/781] Loss: 1.8134, Acc: 34.14%, lr: 0.023804
  Batch [500/781] Loss: 1.8092, Acc: 34.38%, lr: 0.022801
  Batch [550/781] Loss: 1.8014, Acc: 34.57%, lr: 0.021801
  Batch [600/781] Loss: 1.7928, Acc: 35.00%, lr: 0.020806
  Batch [650/781] Loss: 1.8027, Acc: 34.77%, lr: 0.019819
  Batch [700/781] Loss: 1.7940, Acc: 35.11%, lr: 0.018839
  Batch [750/781] Loss: 1.7935, Acc: 35.02%, lr: 0.017870
[Epoch 3] Train Loss: 1.7919, Acc: 35.05%  |  Val Loss: 2.8092, Acc: 39.88%  |  Time: 108.6s
[Epoch 3] t_iter median: 128.36 ms  (fwd 7.66 | bwd+comm 117.26 | opt 3.31 | data 0.11)  |  train-only epoch: 100.5s
  -> Best model saved (39.88%)
[Epoch 3] Summarizing hook timing...

[HOOK_TIMING_SUMMARY] epoch=3
[HOOK_WORK_SUMMARY] label=nccl:hier_zfp_online_coll:rate16 calls=6248 work_total_ms=90404.196 work_mean_ms=14.469 work_min_ms=5.292 work_max_ms=25.549
[HOOK_TAIL_SUMMARY] label=nccl:recursive_doubling_zfp_online_coll:rate16 steps=781 tail_total_ms=82199.755 tail_mean_ms=105.249 tail_min_ms=100.353 tail_max_ms=110.981
[Epoch 3] Hook timing summary done

[Epoch 4] Training... (lr at epoch start=0.017275)
  Batch [50/781] Loss: 1.7232, Acc: 43.00%, lr: 0.016325
  Batch [100/781] Loss: 1.7161, Acc: 39.25%, lr: 0.015389
  Batch [150/781] Loss: 1.7363, Acc: 37.00%, lr: 0.014468
  Batch [200/781] Loss: 1.7411, Acc: 36.62%, lr: 0.013565
  Batch [250/781] Loss: 1.7346, Acc: 37.20%, lr: 0.012680
  Batch [300/781] Loss: 1.7226, Acc: 37.46%, lr: 0.011816
  Batch [350/781] Loss: 1.7262, Acc: 37.21%, lr: 0.010972
  Batch [400/781] Loss: 1.7239, Acc: 37.47%, lr: 0.010151
  Batch [450/781] Loss: 1.7138, Acc: 37.97%, lr: 0.009354
  Batch [500/781] Loss: 1.7183, Acc: 37.67%, lr: 0.008583
  Batch [550/781] Loss: 1.7128, Acc: 37.70%, lr: 0.007838
  Batch [600/781] Loss: 1.7103, Acc: 37.81%, lr: 0.007121
  Batch [650/781] Loss: 1.7119, Acc: 37.79%, lr: 0.006433
  Batch [700/781] Loss: 1.7066, Acc: 38.05%, lr: 0.005774
  Batch [750/781] Loss: 1.7015, Acc: 38.20%, lr: 0.005147
[Epoch 4] Train Loss: 1.6990, Acc: 38.17%  |  Val Loss: 2.5607, Acc: 42.37%  |  Time: 106.4s
[Epoch 4] t_iter median: 125.10 ms  (fwd 7.86 | bwd+comm 113.74 | opt 3.42 | data 0.15)  |  train-only epoch: 98.3s
  -> Best model saved (42.37%)
[Epoch 4] Summarizing hook timing...

[HOOK_TIMING_SUMMARY] epoch=4
[HOOK_WORK_SUMMARY] label=nccl:hier_zfp_online_coll:rate16 calls=6248 work_total_ms=87699.695 work_mean_ms=14.036 work_min_ms=4.565 work_max_ms=25.026
[HOOK_TAIL_SUMMARY] label=nccl:recursive_doubling_zfp_online_coll:rate16 steps=781 tail_total_ms=79106.428 tail_mean_ms=101.289 tail_min_ms=96.917 tail_max_ms=108.160
[Epoch 4] Hook timing summary done

[Epoch 5] Training... (lr at epoch start=0.004775)
  Batch [50/781] Loss: 1.6335, Acc: 37.00%, lr: 0.004200
  Batch [100/781] Loss: 1.6612, Acc: 39.00%, lr: 0.003659
  Batch [150/781] Loss: 1.6500, Acc: 40.42%, lr: 0.003153
  Batch [200/781] Loss: 1.6574, Acc: 39.19%, lr: 0.002682
  Batch [250/781] Loss: 1.6479, Acc: 39.60%, lr: 0.002247
  Batch [300/781] Loss: 1.6396, Acc: 39.96%, lr: 0.001849
  Batch [350/781] Loss: 1.6409, Acc: 39.57%, lr: 0.001488
  Batch [400/781] Loss: 1.6353, Acc: 39.81%, lr: 0.001165
  Batch [450/781] Loss: 1.6280, Acc: 40.11%, lr: 0.000881
  Batch [500/781] Loss: 1.6272, Acc: 40.40%, lr: 0.000636
  Batch [550/781] Loss: 1.6241, Acc: 40.30%, lr: 0.000430
  Batch [600/781] Loss: 1.6264, Acc: 40.06%, lr: 0.000265
  Batch [650/781] Loss: 1.6230, Acc: 40.25%, lr: 0.000139
  Batch [700/781] Loss: 1.6203, Acc: 40.34%, lr: 0.000053
  Batch [750/781] Loss: 1.6131, Acc: 40.67%, lr: 0.000008
[Epoch 5] Train Loss: 1.6170, Acc: 40.62%  |  Val Loss: 1.8216, Acc: 44.28%  |  Time: 107.7s
[Epoch 5] t_iter median: 124.55 ms  (fwd 7.92 | bwd+comm 113.06 | opt 3.43 | data 0.15)  |  train-only epoch: 99.6s
  -> Best model saved (44.28%)
[Epoch 5] Summarizing hook timing...

[HOOK_TIMING_SUMMARY] epoch=5
[HOOK_WORK_SUMMARY] label=nccl:hier_zfp_online_coll:rate16 calls=6248 work_total_ms=88905.812 work_mean_ms=14.229 work_min_ms=4.435 work_max_ms=118.629
[HOOK_TAIL_SUMMARY] label=nccl:recursive_doubling_zfp_online_coll:rate16 steps=781 tail_total_ms=80272.263 tail_mean_ms=102.781 tail_min_ms=96.029 tail_max_ms=210.385
[Epoch 5] Hook timing summary done

================================================================================
Done in 538.4s | Best val acc: 44.28%
Epoch times (train+val): mean=106.8s  min=104.7s  max=108.6s
Train-only epoch time (epochs 2..N): median=98.93s  min=96.76s  max=100.53s
  -> use this for STRONG scaling (fixed global batch)
  -> use t_iter_median_ms from the CSV for WEAK scaling (fixed local batch)
================================================================================
=== Finished: model=wide_resnet50_2, dataset=cifar10, batch=8, lr=0.05, scheduler=cosine, backend=nccl, hook=recursive_doubling_zfp_online_coll, zfp_rate=16, status=0 at Tue Aug  4 12:34:05 AM UTC 2026 ===
=== Starting: model=wide_resnet50_2, ws=8, bs=8, gb=64, lr=0.05, sched=cosine, warmup=0, epochs=5, mom=0.9, wd=5e-4, nesterov=true, wd_bn_bias=false, backend=nccl, hook=recursive_doubling_zfp_online_coll, zfp=8 at Tue Aug  4 12:34:05 AM UTC 2026 ===

================================================================================
DISTRIBUTED TRAINING LAUNCHER
================================================================================
  Model:      wide_resnet50_2 (CIFAR stem) (from scratch)
  Dataset:    cifar10 (10 classes)
  Image size: 32
  LR:         0.05
  Momentum:   0.9 (nesterov=True)
  Optimizer:  sgd
  Weight dec: 0.0005 (on BN/bias=False)
================================================================================
DISTRIBUTED TRAINING LAUNCHER
================================================================================
  Model:      wide_resnet50_2 (CIFAR stem) (from scratch)
  Dataset:    cifar10 (10 classes)
  Image size: 32
  LR:         0.05
  Momentum:   0.9 (nesterov=True)
  Optimizer:  sgd
  Weight dec: 0.0005 (on BN/bias=False)
  Backend:    nccl
  Algorithm:  recursive_doubling_zfp_online_coll
  ZFP rate:   8
  Epochs:     5
  Batch/rank: 8
  LR:         0.05
  Scheduler:  cosine
  Warmup:     0
  Grad clip:  None
  Drop last:  True
  Data dir:   ./data
================================================================================


  Backend:    nccl
  Algorithm:  recursive_doubling_zfp_online_coll
  ZFP rate:   8
  Epochs:     5
  Batch/rank: 8
  LR:         0.05
  Scheduler:  cosine
  Warmup:     0
  Grad clip:  None
  Drop last:  True
  Data dir:   ./data
================================================================================


================================================================================
DISTRIBUTED TRAINING LAUNCHER
================================================================================
  Model:      wide_resnet50_2 (CIFAR stem) (from scratch)
  Dataset:    cifar10 (10 classes)
  Image size: 32
  LR:         0.05
  Momentum:   0.9 (nesterov=True)
  Optimizer:  sgd
  Weight dec: 0.0005 (on BN/bias=False)
  Backend:    nccl
  Algorithm:  recursive_doubling_zfp_online_coll
  ZFP rate:   8
  Epochs:     5
  Batch/rank: 8
  LR:         0.05
  Scheduler:  cosine
  Warmup:     0
  Grad clip:  None
  Drop last:  True
  Data dir:   ./data
================================================================================


================================================================================
DISTRIBUTED TRAINING LAUNCHER
================================================================================
  Model:      wide_resnet50_2 (CIFAR stem) (from scratch)
  Dataset:    cifar10 (10 classes)
  Image size: 32
  LR:         0.05
  Momentum:   0.9 (nesterov=True)
  Optimizer:  sgd
  Weight dec: 0.0005 (on BN/bias=False)
  Backend:    nccl
  Algorithm:  recursive_doubling_zfp_online_coll
  ZFP rate:   8
  Epochs:     5
  Batch/rank: 8
  LR:         0.05
  Scheduler:  cosine
  Warmup:     0
  Grad clip:  None
  Drop last:  True
  Data dir:   ./data
================================================================================


================================================================================
DISTRIBUTED TRAINING LAUNCHER
================================================================================
  Model:      wide_resnet50_2 (CIFAR stem) (from scratch)
  Dataset:    cifar10 (10 classes)
  Image size: 32
  LR:         0.05
  Momentum:   0.9 (nesterov=True)
  Optimizer:  sgd
  Weight dec: 0.0005 (on BN/bias=False)
  Backend:    nccl
  Algorithm:  recursive_doubling_zfp_online_coll
  ZFP rate:   8
  Epochs:     5
  Batch/rank: 8
  LR:         0.05
  Scheduler:  cosine
  Warmup:     0
  Grad clip:  None
  Drop last:  True
  Data dir:   ./data
================================================================================


================================================================================
DISTRIBUTED TRAINING LAUNCHER
================================================================================
  Model:      wide_resnet50_2 (CIFAR stem) (from scratch)
  Dataset:    cifar10 (10 classes)
  Image size: 32
  LR:         0.05

================================================================================
DISTRIBUTED TRAINING LAUNCHER
================================================================================
  Model:      wide_resnet50_2 (CIFAR stem) (from scratch)
  Dataset:    cifar10 (10 classes)
  Image size: 32
  LR:         0.05
  Momentum:   0.9 (nesterov=True)
  Optimizer:  sgd
  Weight dec: 0.0005 (on BN/bias=False)
  Backend:    nccl
  Algorithm:  recursive_doubling_zfp_online_coll
  ZFP rate:   8
  Epochs:     5
  Batch/rank: 8
  LR:         0.05
  Scheduler:  cosine
  Warmup:     0
  Grad clip:  None
  Drop last:  True
  Data dir:   ./data
================================================================================


================================================================================
DISTRIBUTED TRAINING LAUNCHER
================================================================================
  Model:      wide_resnet50_2 (CIFAR stem) (from scratch)
  Dataset:    cifar10 (10 classes)
  Image size: 32
  LR:         0.05
  Momentum:   0.9 (nesterov=True)
  Optimizer:  sgd
  Weight dec: 0.0005 (on BN/bias=False)
  Backend:    nccl
  Algorithm:  recursive_doubling_zfp_online_coll
  ZFP rate:   8
  Epochs:     5
  Batch/rank: 8
  LR:         0.05
  Scheduler:  cosine
  Warmup:     0
  Grad clip:  None
  Drop last:  True
  Data dir:   ./data
================================================================================

  Momentum:   0.9 (nesterov=True)
  Optimizer:  sgd
  Weight dec: 0.0005 (on BN/bias=False)
  Backend:    nccl
  Algorithm:  recursive_doubling_zfp_online_coll
  ZFP rate:   8
  Epochs:     5
  Batch/rank: 8
  LR:         0.05
  Scheduler:  cosine
  Warmup:     0
  Grad clip:  None
  Drop last:  True
  Data dir:   ./data
================================================================================


================================================================================
Distributed Training: WIDE_RESNET50_2 on CIFAR10
Backend: NCCL, Algorithm: recursive_doubling_zfp_online_coll
================================================================================
Ranks: 8, Epochs: 5, Batch/rank: 8, Effective batch: 64
LR: 0.05, Device: cuda:0

[Cache] Pretrained weights cache (TORCH_HOME) = /eagle/UIC-HPC/matilderestelli/pretrained_weights_cache
[Setup] Model on cuda:0, wrapped in DDP (static_graph=True)
[Setup] Hook registered: nccl/recursive_doubling_zfp_online_coll
[Optim] SGD: lr=0.05 momentum=0.9 nesterov=True wd=0.0005 wd_on_bn_bias=False
[Optim]   group 0: 66,778,816 params, wd=0.0005
[Optim]   group 1: 68,234 params, wd=0.0
[Data] Train batches: 781, Val batches: 1250

[Sched] cosine: steps/epoch=781, total_steps=3905, warmup_steps=0 (0 epochs)


[Epoch 1] Training... (lr at epoch start=0.050000)
  Batch [50/781] Loss: 29.0057, Acc: 11.00%, lr: 0.049980
  Batch [100/781] Loss: 18.2866, Acc: 12.25%, lr: 0.049919
  Batch [150/781] Loss: 14.2650, Acc: 12.00%, lr: 0.049818
  Batch [200/781] Loss: 12.1351, Acc: 12.81%, lr: 0.049677
  Batch [250/781] Loss: 10.5237, Acc: 13.35%, lr: 0.049496
  Batch [300/781] Loss: 9.5098, Acc: 13.54%, lr: 0.049275
  Batch [350/781] Loss: 8.6384, Acc: 14.21%, lr: 0.049015
  Batch [400/781] Loss: 7.9319, Acc: 14.94%, lr: 0.048717
  Batch [450/781] Loss: 7.4241, Acc: 15.58%, lr: 0.048380
  Batch [500/781] Loss: 7.0065, Acc: 15.82%, lr: 0.048005
  Batch [550/781] Loss: 6.6257, Acc: 16.27%, lr: 0.047592
  Batch [600/781] Loss: 6.2941, Acc: 16.69%, lr: 0.047144
  Batch [650/781] Loss: 6.0134, Acc: 16.94%, lr: 0.046659
  Batch [700/781] Loss: 5.7706, Acc: 17.09%, lr: 0.046139
  Batch [750/781] Loss: 5.5380, Acc: 17.68%, lr: 0.045586
[Epoch 1] Train Loss: 5.4109, Acc: 17.97%  |  Val Loss: 2.0155, Acc: 25.16%  |  Time: 77.4s
[Epoch 1] t_iter median: 85.26 ms  (fwd 7.51 | bwd+comm 74.33 | opt 3.31 | data 0.12)  |  train-only epoch: 69.4s
  -> Best model saved (25.16%)
[Epoch 1] Summarizing hook timing...

[HOOK_TIMING_SUMMARY] epoch=1
[HOOK_WORK_SUMMARY] label=nccl:hier_zfp_online_coll:rate8 calls=6234 work_total_ms=57188.794 work_mean_ms=9.174 work_min_ms=3.697 work_max_ms=358.646
[HOOK_TAIL_SUMMARY] label=nccl:recursive_doubling_zfp_online_coll:rate8 steps=782 tail_total_ms=48448.508 tail_mean_ms=61.955 tail_min_ms=9.684 tail_max_ms=500.494
[Epoch 1] Hook timing summary done

[Epoch 2] Training... (lr at epoch start=0.045225)
  Batch [50/781] Loss: 2.2706, Acc: 21.50%, lr: 0.044618
  Batch [100/781] Loss: 2.3152, Acc: 23.38%, lr: 0.043979
  Batch [150/781] Loss: 2.2891, Acc: 24.17%, lr: 0.043309
  Batch [200/781] Loss: 2.2645, Acc: 24.06%, lr: 0.042610
  Batch [250/781] Loss: 2.2446, Acc: 25.20%, lr: 0.041882
  Batch [300/781] Loss: 2.2513, Acc: 24.67%, lr: 0.041127
  Batch [350/781] Loss: 2.2380, Acc: 25.04%, lr: 0.040346
  Batch [400/781] Loss: 2.2291, Acc: 25.59%, lr: 0.039540
  Batch [450/781] Loss: 2.2045, Acc: 26.25%, lr: 0.038710
  Batch [500/781] Loss: 2.1782, Acc: 26.45%, lr: 0.037858
  Batch [550/781] Loss: 2.1578, Acc: 26.70%, lr: 0.036986
  Batch [600/781] Loss: 2.1474, Acc: 26.83%, lr: 0.036094
  Batch [650/781] Loss: 2.1323, Acc: 27.10%, lr: 0.035184
  Batch [700/781] Loss: 2.1179, Acc: 27.43%, lr: 0.034257
  Batch [750/781] Loss: 2.1078, Acc: 27.57%, lr: 0.033316
[Epoch 2] Train Loss: 2.1042, Acc: 27.77%  |  Val Loss: 1.7672, Acc: 35.59%  |  Time: 72.6s
[Epoch 2] t_iter median: 81.19 ms  (fwd 7.50 | bwd+comm 70.33 | opt 3.22 | data 0.11)  |  train-only epoch: 64.6s
  -> Best model saved (35.59%)
[Epoch 2] Summarizing hook timing...

[HOOK_TIMING_SUMMARY] epoch=2
[HOOK_WORK_SUMMARY] label=nccl:hier_zfp_online_coll:rate8 calls=6248 work_total_ms=54941.094 work_mean_ms=8.793 work_min_ms=4.109 work_max_ms=17.333
[HOOK_TAIL_SUMMARY] label=nccl:recursive_doubling_zfp_online_coll:rate8 steps=781 tail_total_ms=47011.340 tail_mean_ms=60.194 tail_min_ms=56.420 tail_max_ms=65.234
[Epoch 2] Hook timing summary done

[Epoch 3] Training... (lr at epoch start=0.032725)
  Batch [50/781] Loss: 1.7885, Acc: 35.25%, lr: 0.031763
  Batch [100/781] Loss: 1.8398, Acc: 33.50%, lr: 0.030790
  Batch [150/781] Loss: 1.8482, Acc: 33.58%, lr: 0.029807
  Batch [200/781] Loss: 1.8546, Acc: 32.50%, lr: 0.028816
  Batch [250/781] Loss: 1.8512, Acc: 32.40%, lr: 0.027820
  Batch [300/781] Loss: 1.8801, Acc: 32.25%, lr: 0.026819
  Batch [350/781] Loss: 1.8798, Acc: 31.89%, lr: 0.025814
  Batch [400/781] Loss: 1.8776, Acc: 31.72%, lr: 0.024809
  Batch [450/781] Loss: 1.8626, Acc: 32.33%, lr: 0.023804
  Batch [500/781] Loss: 1.8561, Acc: 32.20%, lr: 0.022801
  Batch [550/781] Loss: 1.8444, Acc: 32.61%, lr: 0.021801
  Batch [600/781] Loss: 1.8371, Acc: 32.94%, lr: 0.020806
  Batch [650/781] Loss: 1.8488, Acc: 32.63%, lr: 0.019819
  Batch [700/781] Loss: 1.8405, Acc: 33.02%, lr: 0.018839
  Batch [750/781] Loss: 1.8372, Acc: 33.23%, lr: 0.017870
[Epoch 3] Train Loss: 1.8331, Acc: 33.35%  |  Val Loss: 1.6378, Acc: 39.00%  |  Time: 71.6s
[Epoch 3] t_iter median: 81.00 ms  (fwd 7.67 | bwd+comm 69.93 | opt 3.30 | data 0.13)  |  train-only epoch: 63.5s
  -> Best model saved (39.00%)
[Epoch 3] Summarizing hook timing...

[HOOK_TIMING_SUMMARY] epoch=3
[HOOK_WORK_SUMMARY] label=nccl:hier_zfp_online_coll:rate8 calls=6248 work_total_ms=53552.709 work_mean_ms=8.571 work_min_ms=3.564 work_max_ms=17.306
[HOOK_TAIL_SUMMARY] label=nccl:recursive_doubling_zfp_online_coll:rate8 steps=781 tail_total_ms=45295.057 tail_mean_ms=57.996 tail_min_ms=56.304 tail_max_ms=60.652
[Epoch 3] Hook timing summary done

[Epoch 4] Training... (lr at epoch start=0.017275)
  Batch [50/781] Loss: 1.8188, Acc: 34.75%, lr: 0.016325
  Batch [100/781] Loss: 1.7959, Acc: 33.75%, lr: 0.015389
  Batch [150/781] Loss: 1.7743, Acc: 33.83%, lr: 0.014468
  Batch [200/781] Loss: 1.7705, Acc: 33.94%, lr: 0.013565
  Batch [250/781] Loss: 1.7645, Acc: 34.40%, lr: 0.012680
  Batch [300/781] Loss: 1.7578, Acc: 34.58%, lr: 0.011816
  Batch [350/781] Loss: 1.7655, Acc: 34.75%, lr: 0.010972
  Batch [400/781] Loss: 1.7605, Acc: 34.88%, lr: 0.010151
  Batch [450/781] Loss: 1.7445, Acc: 35.72%, lr: 0.009354
  Batch [500/781] Loss: 1.7453, Acc: 35.62%, lr: 0.008583
  Batch [550/781] Loss: 1.7394, Acc: 35.98%, lr: 0.007838
  Batch [600/781] Loss: 1.7364, Acc: 36.38%, lr: 0.007121
  Batch [650/781] Loss: 1.7390, Acc: 36.21%, lr: 0.006433
  Batch [700/781] Loss: 1.7365, Acc: 36.32%, lr: 0.005774
  Batch [750/781] Loss: 1.7297, Acc: 36.33%, lr: 0.005147
[Epoch 4] Train Loss: 1.7264, Acc: 36.40%  |  Val Loss: 1.5697, Acc: 42.99%  |  Time: 71.4s
[Epoch 4] t_iter median: 80.65 ms  (fwd 7.39 | bwd+comm 69.80 | opt 3.31 | data 0.11)  |  train-only epoch: 63.3s
  -> Best model saved (42.99%)
[Epoch 4] Summarizing hook timing...

[HOOK_TIMING_SUMMARY] epoch=4
[HOOK_WORK_SUMMARY] label=nccl:hier_zfp_online_coll:rate8 calls=6248 work_total_ms=53319.793 work_mean_ms=8.534 work_min_ms=3.555 work_max_ms=17.192
[HOOK_TAIL_SUMMARY] label=nccl:recursive_doubling_zfp_online_coll:rate8 steps=781 tail_total_ms=44639.519 tail_mean_ms=57.157 tail_min_ms=55.625 tail_max_ms=64.426
[Epoch 4] Hook timing summary done

[Epoch 5] Training... (lr at epoch start=0.004775)
  Batch [50/781] Loss: 1.6296, Acc: 39.75%, lr: 0.004200
  Batch [100/781] Loss: 1.6604, Acc: 38.75%, lr: 0.003659
  Batch [150/781] Loss: 1.6570, Acc: 39.25%, lr: 0.003153
  Batch [200/781] Loss: 1.6651, Acc: 38.31%, lr: 0.002682
  Batch [250/781] Loss: 1.6576, Acc: 38.65%, lr: 0.002247
  Batch [300/781] Loss: 1.6534, Acc: 38.79%, lr: 0.001849
  Batch [350/781] Loss: 1.6626, Acc: 38.04%, lr: 0.001488
  Batch [400/781] Loss: 1.6656, Acc: 38.12%, lr: 0.001165
  Batch [450/781] Loss: 1.6584, Acc: 38.28%, lr: 0.000881
  Batch [500/781] Loss: 1.6574, Acc: 38.42%, lr: 0.000636
  Batch [550/781] Loss: 1.6545, Acc: 38.50%, lr: 0.000430
  Batch [600/781] Loss: 1.6566, Acc: 38.62%, lr: 0.000265
  Batch [650/781] Loss: 1.6538, Acc: 38.81%, lr: 0.000139
  Batch [700/781] Loss: 1.6503, Acc: 39.12%, lr: 0.000053
  Batch [750/781] Loss: 1.6447, Acc: 39.42%, lr: 0.000008
[Epoch 5] Train Loss: 1.6463, Acc: 39.44%  |  Val Loss: 1.5417, Acc: 43.38%  |  Time: 72.0s
[Epoch 5] t_iter median: 81.15 ms  (fwd 7.70 | bwd+comm 69.96 | opt 3.40 | data 0.14)  |  train-only epoch: 63.8s
  -> Best model saved (43.38%)
[Epoch 5] Summarizing hook timing...

[HOOK_TIMING_SUMMARY] epoch=5
[HOOK_WORK_SUMMARY] label=nccl:hier_zfp_online_coll:rate8 calls=6248 work_total_ms=53520.461 work_mean_ms=8.566 work_min_ms=3.407 work_max_ms=106.694
[HOOK_TAIL_SUMMARY] label=nccl:recursive_doubling_zfp_online_coll:rate8 steps=781 tail_total_ms=45254.620 tail_mean_ms=57.944 tail_min_ms=56.097 tail_max_ms=147.644
[Epoch 5] Hook timing summary done

================================================================================
Done in 369.5s | Best val acc: 43.38%
Epoch times (train+val): mean=73.0s  min=71.4s  max=77.4s
Train-only epoch time (epochs 2..N): median=63.67s  min=63.33s  max=64.64s
  -> use this for STRONG scaling (fixed global batch)
  -> use t_iter_median_ms from the CSV for WEAK scaling (fixed local batch)
================================================================================
=== Finished: model=wide_resnet50_2, dataset=cifar10, batch=8, lr=0.05, scheduler=cosine, backend=nccl, hook=recursive_doubling_zfp_online_coll, zfp_rate=8, status=0 at Tue Aug  4 12:40:27 AM UTC 2026 ===
=== Starting: model=wide_resnet50_2, ws=8, bs=32, gb=256, lr=0.20, sched=cosine, warmup=0, epochs=5, mom=0.9, wd=5e-4, nesterov=true, wd_bn_bias=false, backend=nccl, hook=none, zfp=none at Tue Aug  4 12:40:27 AM UTC 2026 ===

================================================================================
DISTRIBUTED TRAINING LAUNCHER
================================================================================
  Model:      wide_resnet50_2 (CIFAR stem) (from scratch)
  Dataset:    cifar10 (10 classes)
  Image size: 32
  LR:         0.2
  Momentum:   0.9 (nesterov=True)
  Optimizer:  sgd
  Weight dec: 0.0005 (on BN/bias=False)
  Backend:    nccl
  Algorithm:  built-in (no hook)
  Epochs:     5
  Batch/rank: 32
  LR:         0.2
  Scheduler:  cosine
  Warmup:     0
  Grad clip:  None
  Drop last:  True
  Data dir:   ./data
================================================================================


================================================================================
DISTRIBUTED TRAINING LAUNCHER
================================================================================
  Model:      wide_resnet50_2 (CIFAR stem) (from scratch)
  Dataset:    cifar10 (10 classes)
  Image size: 32
  LR:         0.2
  Momentum:   0.9 (nesterov=True)
  Optimizer:  sgd
  Weight dec: 0.0005 (on BN/bias=False)
  Backend:    nccl
  Algorithm:  built-in (no hook)
  Epochs:     5
  Batch/rank: 32
  LR:         0.2
  Scheduler:  cosine
  Warmup:     0
  Grad clip:  None
  Drop last:  True
  Data dir:   ./data
================================================================================


================================================================================
DISTRIBUTED TRAINING LAUNCHER
================================================================================
  Model:      wide_resnet50_2 (CIFAR stem) (from scratch)
  Dataset:    cifar10 (10 classes)
  Image size: 32
  LR:         0.2
  Momentum:   0.9 (nesterov=True)
  Optimizer:  sgd
  Weight dec: 0.0005 (on BN/bias=False)
  Backend:    nccl
  Algorithm:  built-in (no hook)
  Epochs:     5
  Batch/rank: 32
  LR:         0.2
  Scheduler:  cosine
  Warmup:     0
  Grad clip:  None
  Drop last:  True
  Data dir:   ./data
================================================================================


================================================================================
DISTRIBUTED TRAINING LAUNCHER
================================================================================
  Model:      wide_resnet50_2 (CIFAR stem) (from scratch)
  Dataset:    cifar10 (10 classes)
  Image size: 32
  LR:         0.2
  Momentum:   0.9 (nesterov=True)
  Optimizer:  sgd
  Weight dec: 0.0005 (on BN/bias=False)
  Backend:    nccl
  Algorithm:  built-in (no hook)
  Epochs:     5
  Batch/rank: 32
  LR:         0.2
  Scheduler:  cosine
  Warmup:     0
  Grad clip:  None
  Drop last:  True
  Data dir:   ./data
================================================================================


================================================================================
DISTRIBUTED TRAINING LAUNCHER
================================================================================
  Model:      wide_resnet50_2 (CIFAR stem) (from scratch)
  Dataset:    cifar10 (10 classes)
  Image size: 32
  LR:         0.2
  Momentum:   0.9 (nesterov=True)
  Optimizer:  sgd
================================================================================
DISTRIBUTED TRAINING LAUNCHER
================================================================================
  Model:      wide_resnet50_2 (CIFAR stem) (from scratch)
  Dataset:    cifar10 (10 classes)
  Image size: 32
  LR:         0.2
  Momentum:   0.9 (nesterov=True)
  Optimizer:  sgd
  Weight dec: 0.0005 (on BN/bias=False)
  Backend:    nccl
  Algorithm:  built-in (no hook)
  Epochs:     5
  Batch/rank: 32
  LR:         0.2
  Scheduler:  cosine
  Warmup:     0
  Grad clip:  None
  Drop last:  True
  Data dir:   ./data
================================================================================


================================================================================
DISTRIBUTED TRAINING LAUNCHER
================================================================================
  Model:      wide_resnet50_2 (CIFAR stem) (from scratch)
  Dataset:    cifar10 (10 classes)
  Image size: 32
  LR:         0.2
  Momentum:   0.9 (nesterov=True)
  Optimizer:  sgd
  Weight dec: 0.0005 (on BN/bias=False)
  Backend:    nccl
  Algorithm:  built-in (no hook)
  Epochs:     5
  Batch/rank: 32
  LR:         0.2
  Scheduler:  cosine
  Warmup:     0
  Grad clip:  None
  Drop last:  True
  Data dir:   ./data
================================================================================


================================================================================
DISTRIBUTED TRAINING LAUNCHER
================================================================================
  Model:      wide_resnet50_2 (CIFAR stem) (from scratch)
  Dataset:    cifar10 (10 classes)
  Image size: 32
  LR:         0.2
  Momentum:   0.9 (nesterov=True)
  Optimizer:  sgd
  Weight dec: 0.0005 (on BN/bias=False)
  Backend:    nccl
  Algorithm:  built-in (no hook)
  Epochs:     5
  Batch/rank: 32
  LR:         0.2
  Scheduler:  cosine
  Warmup:     0
  Grad clip:  None
  Drop last:  True
  Data dir:   ./data
================================================================================


  Weight dec: 0.0005 (on BN/bias=False)
  Backend:    nccl
  Algorithm:  built-in (no hook)
  Epochs:     5
  Batch/rank: 32
  LR:         0.2
  Scheduler:  cosine
  Warmup:     0
  Grad clip:  None
  Drop last:  True
  Data dir:   ./data
================================================================================


================================================================================
Distributed Training: WIDE_RESNET50_2 on CIFAR10
Backend: NCCL, Algorithm: built-in (no hook)
================================================================================
Ranks: 8, Epochs: 5, Batch/rank: 32, Effective batch: 256
LR: 0.2, Device: cuda:0

[Cache] Pretrained weights cache (TORCH_HOME) = /eagle/UIC-HPC/matilderestelli/pretrained_weights_cache
[Setup] Model on cuda:0, wrapped in DDP (static_graph=True)
[Setup] No hook — using DDP built-in NCCL allreduce
[Optim] SGD: lr=0.2 momentum=0.9 nesterov=True wd=0.0005 wd_on_bn_bias=False
[Optim]   group 0: 66,778,816 params, wd=0.0005
[Optim]   group 1: 68,234 params, wd=0.0
[Data] Train batches: 195, Val batches: 313

[Sched] cosine: steps/epoch=195, total_steps=975, warmup_steps=0 (0 epochs)


[Epoch 1] Training... (lr at epoch start=0.200000)
  Batch [50/195] Loss: 11.8074, Acc: 11.94%, lr: 0.198705
  Batch [100/195] Loss: 7.1328, Acc: 12.66%, lr: 0.194854
  Batch [150/195] Loss: 5.5078, Acc: 13.98%, lr: 0.188546
[Epoch 1] Train Loss: 4.7250, Acc: 15.61%  |  Val Loss: 2.1022, Acc: 19.47%  |  Time: 30.3s
[Epoch 1] t_iter median: 121.44 ms  (fwd 7.49 | bwd+comm 110.85 | opt 2.98 | data 0.12)  |  train-only epoch: 26.4s
  -> Best model saved (19.47%)
[Epoch 1] Summarizing hook timing...
[HOOK_TIMING_SUMMARY] epoch=1 no hook timing samples
[Epoch 1] Hook timing summary done

[Epoch 2] Training... (lr at epoch start=0.180902)
  Batch [50/195] Loss: 2.0903, Acc: 17.75%, lr: 0.170425
  Batch [100/195] Loss: 2.1419, Acc: 19.66%, lr: 0.158125
  Batch [150/195] Loss: 2.1181, Acc: 20.73%, lr: 0.144319
[Epoch 2] Train Loss: 2.0992, Acc: 20.62%  |  Val Loss: 2.1419, Acc: 16.72%  |  Time: 27.3s
[Epoch 2] t_iter median: 122.09 ms  (fwd 7.49 | bwd+comm 111.46 | opt 2.97 | data 0.11)  |  train-only epoch: 24.4s
[Epoch 2] Summarizing hook timing...
[HOOK_TIMING_SUMMARY] epoch=2 no hook timing samples
[Epoch 2] Hook timing summary done

[Epoch 3] Training... (lr at epoch start=0.130902)
  Batch [50/195] Loss: 2.0085, Acc: 21.94%, lr: 0.115246
  Batch [100/195] Loss: 2.0158, Acc: 22.03%, lr: 0.099194
  Batch [150/195] Loss: 2.0038, Acc: 21.71%, lr: 0.083164
[Epoch 3] Train Loss: 2.0068, Acc: 21.75%  |  Val Loss: 1.9781, Acc: 20.75%  |  Time: 26.8s
[Epoch 3] t_iter median: 121.29 ms  (fwd 7.47 | bwd+comm 110.70 | opt 2.97 | data 0.13)  |  train-only epoch: 23.9s
  -> Best model saved (20.75%)
[Epoch 3] Summarizing hook timing...
[HOOK_TIMING_SUMMARY] epoch=3 no hook timing samples
[Epoch 3] Hook timing summary done

[Epoch 4] Training... (lr at epoch start=0.069098)
  Batch [50/195] Loss: 1.9968, Acc: 19.12%, lr: 0.054242
  Batch [100/195] Loss: 1.9848, Acc: 20.25%, lr: 0.040572
  Batch [150/195] Loss: 1.9707, Acc: 21.17%, lr: 0.028440
[Epoch 4] Train Loss: 1.9817, Acc: 21.49%  |  Val Loss: 1.9366, Acc: 23.82%  |  Time: 26.8s
[Epoch 4] t_iter median: 120.44 ms  (fwd 7.48 | bwd+comm 109.87 | opt 2.97 | data 0.12)  |  train-only epoch: 23.9s
  -> Best model saved (23.82%)
[Epoch 4] Summarizing hook timing...
[HOOK_TIMING_SUMMARY] epoch=4 no hook timing samples
[Epoch 4] Hook timing summary done

[Epoch 5] Training... (lr at epoch start=0.019098)
  Batch [50/195] Loss: 1.9525, Acc: 24.19%, lr: 0.010717
  Batch [100/195] Loss: 1.9679, Acc: 25.19%, lr: 0.004649
  Batch [150/195] Loss: 1.9448, Acc: 26.12%, lr: 0.001049
[Epoch 5] Train Loss: 1.9280, Acc: 26.27%  |  Val Loss: 1.8895, Acc: 28.02%  |  Time: 26.5s
[Epoch 5] t_iter median: 119.28 ms  (fwd 7.48 | bwd+comm 108.70 | opt 2.97 | data 0.11)  |  train-only epoch: 23.6s
  -> Best model saved (28.02%)
[Epoch 5] Summarizing hook timing...
[HOOK_TIMING_SUMMARY] epoch=5 no hook timing samples
[Epoch 5] Hook timing summary done

================================================================================
Done in 141.3s | Best val acc: 28.02%
Epoch times (train+val): mean=27.5s  min=26.5s  max=30.3s
Train-only epoch time (epochs 2..N): median=23.92s  min=23.58s  max=24.41s
  -> use this for STRONG scaling (fixed global batch)
  -> use t_iter_median_ms from the CSV for WEAK scaling (fixed local batch)
================================================================================
=== Finished: model=wide_resnet50_2, dataset=cifar10, batch=32, lr=0.20, scheduler=cosine, backend=nccl, hook=none, zfp_rate=none, status=0 at Tue Aug  4 12:43:04 AM UTC 2026 ===
=== Starting: model=wide_resnet50_2, ws=8, bs=32, gb=256, lr=0.20, sched=cosine, warmup=0, epochs=5, mom=0.9, wd=5e-4, nesterov=true, wd_bn_bias=false, backend=nccl, hook=ring, zfp=none at Tue Aug  4 12:43:04 AM UTC 2026 ===

================================================================================
DISTRIBUTED TRAINING LAUNCHER
================================================================================
  Model:      wide_resnet50_2 (CIFAR stem) (from scratch)
  Dataset:    cifar10 (10 classes)
  Image size: 32
  LR:         0.2
  Momentum:   0.9 (nesterov=True)
  Optimizer:  sgd
  Weight dec: 0.0005 (on BN/bias=False)
  Backend:    nccl
  Algorithm:  ring
  Epochs:     5
  Batch/rank: 32
  LR:         0.2
  Scheduler:  cosine
  Warmup:     0
  Grad clip:  None
  Drop last:  True
  Data dir:   ./data
================================================================================


================================================================================
DISTRIBUTED TRAINING LAUNCHER
================================================================================
  Model:      wide_resnet50_2 (CIFAR stem) (from scratch)
  Dataset:    cifar10 (10 classes)
  Image size: 32
  LR:         0.2
  Momentum:   0.9 (nesterov=True)
  Optimizer:  sgd
  Weight dec: 0.0005 (on BN/bias=False)
  Backend:    nccl
  Algorithm:  ring
  Epochs:     5
  Batch/rank: 32
  LR:         0.2
  Scheduler:  cosine
  Warmup:     0
  Grad clip:  None
  Drop last:  True
  Data dir:   ./data
================================================================================


================================================================================
DISTRIBUTED TRAINING LAUNCHER
================================================================================
  Model:      wide_resnet50_2 (CIFAR stem) (from scratch)
  Dataset:    cifar10 (10 classes)
  Image size: 32
  LR:         0.2
  Momentum:   0.9 (nesterov=True)
  Optimizer:  sgd
  Weight dec: 0.0005 (on BN/bias=False)
  Backend:    nccl
  Algorithm:  ring
  Epochs:     5
  Batch/rank: 32
  LR:         0.2
  Scheduler:  cosine
  Warmup:     0
  Grad clip:  None
  Drop last:  True
  Data dir:   ./data
================================================================================


================================================================================
DISTRIBUTED TRAINING LAUNCHER
================================================================================
  Model:      wide_resnet50_2 (CIFAR stem) (from scratch)
  Dataset:    cifar10 (10 classes)
  Image size: 32
  LR:         0.2
  Momentum:   0.9 (nesterov=True)
  Optimizer:  sgd
  Weight dec: 0.0005 (on BN/bias=False)
  Backend:    nccl
  Algorithm:  ring
  Epochs:     5
  Batch/rank: 32
  LR:         0.2
  Scheduler:  cosine
  Warmup:     0
  Grad clip:  None
  Drop last:  True
  Data dir:   ./data
================================================================================


================================================================================
DISTRIBUTED TRAINING LAUNCHER
================================================================================
  Model:      wide_resnet50_2 (CIFAR stem) (from scratch)
  Dataset:    cifar10 (10 classes)
  Image size: 32
  LR:         0.2
  Momentum:   0.9 (nesterov=True)
  Optimizer:  sgd
  Weight dec: 0.0005 (on BN/bias=False)
  Backend:    nccl
================================================================================
DISTRIBUTED TRAINING LAUNCHER
================================================================================
  Model:      wide_resnet50_2 (CIFAR stem) (from scratch)
  Dataset:    cifar10 (10 classes)
  Image size: 32
  LR:         0.2
  Momentum:   0.9 (nesterov=True)
  Optimizer:  sgd
  Weight dec: 0.0005 (on BN/bias=False)
  Backend:    nccl
  Algorithm:  ring
  Epochs:     5
  Batch/rank: 32
  LR:         0.2
  Scheduler:  cosine
  Warmup:     0
  Grad clip:  None
  Drop last:  True
  Data dir:   ./data
================================================================================


  Algorithm:  ring
  Epochs:     5
  Batch/rank: 32
  LR:         0.2
  Scheduler:  cosine
  Warmup:     0
  Grad clip:  None
  Drop last:  True
  Data dir:   ./data
================================================================================


================================================================================
DISTRIBUTED TRAINING LAUNCHER
================================================================================
  Model:      wide_resnet50_2 (CIFAR stem) (from scratch)
  Dataset:    cifar10 (10 classes)
  Image size: 32
  LR:         0.2
  Momentum:   0.9 (nesterov=True)
  Optimizer:  sgd
  Weight dec: 0.0005 (on BN/bias=False)
  Backend:    nccl
  Algorithm:  ring
  Epochs:     5
  Batch/rank: 32
  LR:         0.2
  Scheduler:  cosine
  Warmup:     0
  Grad clip:  None
  Drop last:  True
  Data dir:   ./data
================================================================================


================================================================================
DISTRIBUTED TRAINING LAUNCHER
================================================================================
  Model:      wide_resnet50_2 (CIFAR stem) (from scratch)
  Dataset:    cifar10 (10 classes)
  Image size: 32
  LR:         0.2
  Momentum:   0.9 (nesterov=True)
  Optimizer:  sgd
  Weight dec: 0.0005 (on BN/bias=False)
  Backend:    nccl
  Algorithm:  ring
  Epochs:     5
  Batch/rank: 32
  LR:         0.2
  Scheduler:  cosine
  Warmup:     0
  Grad clip:  None
  Drop last:  True
  Data dir:   ./data
================================================================================


================================================================================
Distributed Training: WIDE_RESNET50_2 on CIFAR10
Backend: NCCL, Algorithm: ring
================================================================================
Ranks: 8, Epochs: 5, Batch/rank: 32, Effective batch: 256
LR: 0.2, Device: cuda:0

[Cache] Pretrained weights cache (TORCH_HOME) = /eagle/UIC-HPC/matilderestelli/pretrained_weights_cache
[Setup] Model on cuda:0, wrapped in DDP (static_graph=True)
[Setup] Hook registered: nccl/ring
[Optim] SGD: lr=0.2 momentum=0.9 nesterov=True wd=0.0005 wd_on_bn_bias=False
[Optim]   group 0: 66,778,816 params, wd=0.0005
[Optim]   group 1: 68,234 params, wd=0.0
[Data] Train batches: 195, Val batches: 313

[Sched] cosine: steps/epoch=195, total_steps=975, warmup_steps=0 (0 epochs)


[Epoch 1] Training... (lr at epoch start=0.200000)
  Batch [50/195] Loss: 10.5790, Acc: 10.88%, lr: 0.198705
  Batch [100/195] Loss: 6.4822, Acc: 10.50%, lr: 0.194854
  Batch [150/195] Loss: 5.0902, Acc: 10.33%, lr: 0.188546
[Epoch 1] Train Loss: 4.4462, Acc: 10.51%  |  Val Loss: 2.3034, Acc: 9.97%  |  Time: 40.0s
[Epoch 1] t_iter median: 162.96 ms  (fwd 7.51 | bwd+comm 152.00 | opt 3.31 | data 0.12)  |  train-only epoch: 36.1s
  -> Best model saved (9.97%)
[Epoch 1] Summarizing hook timing...

[HOOK_TIMING_SUMMARY] epoch=1
[HOOK_WORK_SUMMARY] label=nccl:ring calls=1546 work_total_ms=31186.601 work_mean_ms=20.172 work_min_ms=8.285 work_max_ms=225.573
[HOOK_TAIL_SUMMARY] label=nccl:ring steps=196 tail_total_ms=29380.109 tail_mean_ms=149.899 tail_min_ms=51.650 tail_max_ms=232.193
[Epoch 1] Hook timing summary done

[Epoch 2] Training... (lr at epoch start=0.180902)
  Batch [50/195] Loss: 2.3026, Acc: 10.06%, lr: 0.170425
  Batch [100/195] Loss: 2.3030, Acc: 10.44%, lr: 0.158125
  Batch [150/195] Loss: 2.3008, Acc: 10.23%, lr: 0.144319
[Epoch 2] Train Loss: 2.3011, Acc: 10.26%  |  Val Loss: 2.3022, Acc: 11.05%  |  Time: 42.8s
[Epoch 2] t_iter median: 220.86 ms  (fwd 7.52 | bwd+comm 209.54 | opt 3.35 | data 0.13)  |  train-only epoch: 39.9s
  -> Best model saved (11.05%)
[Epoch 2] Summarizing hook timing...

[HOOK_TIMING_SUMMARY] epoch=2
[HOOK_WORK_SUMMARY] label=nccl:ring calls=1560 work_total_ms=37186.828 work_mean_ms=23.838 work_min_ms=8.301 work_max_ms=48.273
[HOOK_TAIL_SUMMARY] label=nccl:ring steps=195 tail_total_ms=35309.593 tail_mean_ms=181.075 tail_min_ms=131.539 tail_max_ms=215.426
[Epoch 2] Hook timing summary done

[Epoch 3] Training... (lr at epoch start=0.130902)
  Batch [50/195] Loss: 2.2953, Acc: 11.69%, lr: 0.115246
  Batch [100/195] Loss: 2.2968, Acc: 11.94%, lr: 0.099194
  Batch [150/195] Loss: 2.2951, Acc: 11.98%, lr: 0.083164
[Epoch 3] Train Loss: 2.2952, Acc: 11.62%  |  Val Loss: 2.3002, Acc: 11.43%  |  Time: 33.2s
[Epoch 3] t_iter median: 153.30 ms  (fwd 7.50 | bwd+comm 142.44 | opt 3.32 | data 0.12)  |  train-only epoch: 30.4s
  -> Best model saved (11.43%)
[Epoch 3] Summarizing hook timing...

[HOOK_TIMING_SUMMARY] epoch=3
[HOOK_WORK_SUMMARY] label=nccl:ring calls=1560 work_total_ms=27685.597 work_mean_ms=17.747 work_min_ms=8.297 work_max_ms=36.611
[HOOK_TAIL_SUMMARY] label=nccl:ring steps=195 tail_total_ms=25793.088 tail_mean_ms=132.272 tail_min_ms=125.512 tail_max_ms=154.991
[Epoch 3] Hook timing summary done

[Epoch 4] Training... (lr at epoch start=0.069098)
  Batch [50/195] Loss: 2.2931, Acc: 11.62%, lr: 0.054242
  Batch [100/195] Loss: 2.2939, Acc: 11.97%, lr: 0.040572
  Batch [150/195] Loss: 2.2901, Acc: 12.50%, lr: 0.028440
[Epoch 4] Train Loss: 2.2852, Acc: 13.17%  |  Val Loss: 2.2649, Acc: 17.64%  |  Time: 35.2s
[Epoch 4] t_iter median: 159.60 ms  (fwd 7.47 | bwd+comm 148.70 | opt 3.29 | data 0.13)  |  train-only epoch: 32.3s
  -> Best model saved (17.64%)
[Epoch 4] Summarizing hook timing...

[HOOK_TIMING_SUMMARY] epoch=4
[HOOK_WORK_SUMMARY] label=nccl:ring calls=1560 work_total_ms=29657.379 work_mean_ms=19.011 work_min_ms=8.229 work_max_ms=44.269
[HOOK_TAIL_SUMMARY] label=nccl:ring steps=195 tail_total_ms=27714.209 tail_mean_ms=142.124 tail_min_ms=125.653 tail_max_ms=208.417
[Epoch 4] Hook timing summary done

[Epoch 5] Training... (lr at epoch start=0.019098)
  Batch [50/195] Loss: 2.2574, Acc: 15.00%, lr: 0.010717
  Batch [100/195] Loss: 2.2409, Acc: 15.12%, lr: 0.004649
  Batch [150/195] Loss: 2.2313, Acc: 15.48%, lr: 0.001049
[Epoch 5] Train Loss: 2.2248, Acc: 15.71%  |  Val Loss: 2.1893, Acc: 18.06%  |  Time: 39.7s
[Epoch 5] t_iter median: 174.59 ms  (fwd 7.46 | bwd+comm 163.73 | opt 3.32 | data 0.12)  |  train-only epoch: 36.9s
  -> Best model saved (18.06%)
[Epoch 5] Summarizing hook timing...

[HOOK_TIMING_SUMMARY] epoch=5
[HOOK_WORK_SUMMARY] label=nccl:ring calls=1560 work_total_ms=34161.943 work_mean_ms=21.899 work_min_ms=8.261 work_max_ms=46.521
[HOOK_TAIL_SUMMARY] label=nccl:ring steps=195 tail_total_ms=32212.291 tail_mean_ms=165.191 tail_min_ms=126.540 tail_max_ms=213.456
[Epoch 5] Hook timing summary done

================================================================================
Done in 195.6s | Best val acc: 18.06%
Epoch times (train+val): mean=38.2s  min=33.2s  max=42.8s
Train-only epoch time (epochs 2..N): median=34.60s  min=30.37s  max=39.93s
  -> use this for STRONG scaling (fixed global batch)
  -> use t_iter_median_ms from the CSV for WEAK scaling (fixed local batch)
================================================================================
=== Finished: model=wide_resnet50_2, dataset=cifar10, batch=32, lr=0.20, scheduler=cosine, backend=nccl, hook=ring, zfp_rate=none, status=0 at Tue Aug  4 12:46:31 AM UTC 2026 ===
=== Starting: model=wide_resnet50_2, ws=8, bs=32, gb=256, lr=0.20, sched=cosine, warmup=0, epochs=5, mom=0.9, wd=5e-4, nesterov=true, wd_bn_bias=false, backend=nccl, hook=ring_zfp_naive, zfp=16 at Tue Aug  4 12:46:31 AM UTC 2026 ===

================================================================================
DISTRIBUTED TRAINING LAUNCHER
================================================================================
  Model:      wide_resnet50_2 (CIFAR stem) (from scratch)
  Dataset:    cifar10 (10 classes)
  Image size: 32
  LR:         0.2
  Momentum:   0.9 (nesterov=True)
  Optimizer:  sgd
  Weight dec: 0.0005 (on BN/bias=False)
  Backend:    nccl
  Algorithm:  ring_zfp_naive
  ZFP rate:   16
  Epochs:     5
  Batch/rank: 32
  LR:         0.2
  Scheduler:  cosine
  Warmup:     0
  Grad clip:  None
  Drop last:  True
  Data dir:   ./data
================================================================================


================================================================================
DISTRIBUTED TRAINING LAUNCHER
================================================================================
  Model:      wide_resnet50_2 (CIFAR stem) (from scratch)
  Dataset:    cifar10 (10 classes)
  Image size: 32
  LR:         0.2
  Momentum:   0.9 (nesterov=True)
  Optimizer:  sgd
  Weight dec: 0.0005 (on BN/bias=False)
  Backend:    nccl
  Algorithm:  ring_zfp_naive
  ZFP rate:   16
  Epochs:     5
  Batch/rank: 32
  LR:         0.2
  Scheduler:  cosine
  Warmup:     0
  Grad clip:  None
  Drop last:  True
  Data dir:   ./data
================================================================================


================================================================================
DISTRIBUTED TRAINING LAUNCHER
================================================================================
  Model:      wide_resnet50_2 (CIFAR stem) (from scratch)
  Dataset:    cifar10 (10 classes)
  Image size: 32
  LR:         0.2
  Momentum:   0.9 (nesterov=True)
  Optimizer:  sgd
  Weight dec: 0.0005 (on BN/bias=False)
  Backend:    nccl
  Algorithm:  ring_zfp_naive
  ZFP rate:   16
  Epochs:     5
  Batch/rank: 32
  LR:         0.2
  Scheduler:  cosine
  Warmup:     0
  Grad clip:  None
  Drop last:  True
  Data dir:   ./data
================================================================================


================================================================================
DISTRIBUTED TRAINING LAUNCHER
================================================================================
  Model:      wide_resnet50_2 (CIFAR stem) (from scratch)
  Dataset:    cifar10 (10 classes)
  Image size: 32
  LR:         0.2
  Momentum:   0.9 (nesterov=True)
  Optimizer:  sgd
  Weight dec: 0.0005 (on BN/bias=False)
  Backend:    nccl
  Algorithm:  ring_zfp_naive
  ZFP rate:   16
  Epochs:     5
  Batch/rank: 32
  LR:         0.2
  Scheduler:  cosine
  Warmup:     0
  Grad clip:  None
  Drop last:  True
  Data dir:   ./data
================================================================================


================================================================================
DISTRIBUTED TRAINING LAUNCHER
================================================================================
  Model:      wide_resnet50_2 (CIFAR stem) (from scratch)
  Dataset:    cifar10 (10 classes)
  Image size: 32
  LR:         0.2
  Momentum:   0.9 (nesterov=True)
  Optimizer:  sgd
  Weight dec: 0.0005 (on BN/bias=False)
  Backend:    nccl
  Algorithm:  ring_zfp_naive
  ZFP rate:   16
  Epochs:     5
  Batch/rank: 32
  LR:         0.2
  Scheduler:  cosine
  Warmup:     0
  Grad clip:  None
  Drop last:  True
  Data dir:   ./data
================================================================================


================================================================================
DISTRIBUTED TRAINING LAUNCHER
================================================================================
  Model:      wide_resnet50_2 (CIFAR stem) (from scratch)
  Dataset:    cifar10 (10 classes)
  Image size: 32
  LR:         0.2
  Momentum:   0.9 (nesterov=True)
  Optimizer:  sgd
  Weight dec: 0.0005 (on BN/bias=False)
  Backend:    nccl
  Algorithm:  ring_zfp_naive
  ZFP rate:   16
  Epochs:     5
  Batch/rank: 32
  LR:         0.2
  Scheduler:  cosine
  Warmup:     0
  Grad clip:  None
  Drop last:  True
  Data dir:   ./data
================================================================================


================================================================================
DISTRIBUTED TRAINING LAUNCHER
================================================================================
  Model:      wide_resnet50_2 (CIFAR stem) (from scratch)
  Dataset:    cifar10 (10 classes)
  Image size: 32
  LR:         0.2
  Momentum:   0.9 (nesterov=True)
  Optimizer:  sgd
  Weight dec: 0.0005 (on BN/bias=False)
  Backend:    nccl
  Algorithm:  ring_zfp_naive
  ZFP rate:   16
  Epochs:     5
  Batch/rank: 32
  LR:         0.2
  Scheduler:  cosine
  Warmup:     0
  Grad clip:  None
  Drop last:  True
  Data dir:   ./data
================================================================================


================================================================================
DISTRIBUTED TRAINING LAUNCHER
================================================================================
  Model:      wide_resnet50_2 (CIFAR stem) (from scratch)
  Dataset:    cifar10 (10 classes)
  Image size: 32
  LR:         0.2
  Momentum:   0.9 (nesterov=True)
  Optimizer:  sgd
  Weight dec: 0.0005 (on BN/bias=False)
  Backend:    nccl
  Algorithm:  ring_zfp_naive
  ZFP rate:   16
  Epochs:     5
  Batch/rank: 32
  LR:         0.2
  Scheduler:  cosine
  Warmup:     0
  Grad clip:  None
  Drop last:  True
  Data dir:   ./data
================================================================================


================================================================================
Distributed Training: WIDE_RESNET50_2 on CIFAR10
Backend: NCCL, Algorithm: ring_zfp_naive
================================================================================
Ranks: 8, Epochs: 5, Batch/rank: 32, Effective batch: 256
LR: 0.2, Device: cuda:0

[Cache] Pretrained weights cache (TORCH_HOME) = /eagle/UIC-HPC/matilderestelli/pretrained_weights_cache
[Setup] Model on cuda:0, wrapped in DDP (static_graph=True)
[Setup] Hook registered: nccl/ring_zfp_naive
[Optim] SGD: lr=0.2 momentum=0.9 nesterov=True wd=0.0005 wd_on_bn_bias=False
[Optim]   group 0: 66,778,816 params, wd=0.0005
[Optim]   group 1: 68,234 params, wd=0.0
[Data] Train batches: 195, Val batches: 313

[Sched] cosine: steps/epoch=195, total_steps=975, warmup_steps=0 (0 epochs)


[Epoch 1] Training... (lr at epoch start=0.200000)
  Batch [50/195] Loss: 12.1765, Acc: 11.69%, lr: 0.198705
  Batch [100/195] Loss: 7.3090, Acc: 11.53%, lr: 0.194854
  Batch [150/195] Loss: 5.6393, Acc: 11.94%, lr: 0.188546
[Epoch 1] Train Loss: 4.8612, Acc: 12.40%  |  Val Loss: 2.2860, Acc: 12.86%  |  Time: 33.4s
[Epoch 1] t_iter median: 136.15 ms  (fwd 7.47 | bwd+comm 125.21 | opt 3.34 | data 0.12)  |  train-only epoch: 29.5s
  -> Best model saved (12.86%)
[Epoch 1] Summarizing hook timing...

[HOOK_TIMING_SUMMARY] epoch=1
[HOOK_WORK_SUMMARY] label=nccl:ring_zfp_naive:rate16 calls=1546 work_total_ms=24561.003 work_mean_ms=15.887 work_min_ms=7.804 work_max_ms=159.635
[HOOK_TAIL_SUMMARY] label=nccl:ring_zfp_naive:rate16 steps=196 tail_total_ms=22746.921 tail_mean_ms=116.056 tail_min_ms=41.483 tail_max_ms=167.164
[Epoch 1] Hook timing summary done

[Epoch 2] Training... (lr at epoch start=0.180902)
  Batch [50/195] Loss: 2.2131, Acc: 15.75%, lr: 0.170425
  Batch [100/195] Loss: 2.2013, Acc: 17.41%, lr: 0.158125
  Batch [150/195] Loss: 2.1554, Acc: 18.38%, lr: 0.144319
[Epoch 2] Train Loss: 2.1439, Acc: 18.49%  |  Val Loss: 2.1765, Acc: 18.92%  |  Time: 29.5s
[Epoch 2] t_iter median: 130.83 ms  (fwd 7.44 | bwd+comm 119.97 | opt 3.27 | data 0.12)  |  train-only epoch: 26.7s
  -> Best model saved (18.92%)
[Epoch 2] Summarizing hook timing...

[HOOK_TIMING_SUMMARY] epoch=2
[HOOK_WORK_SUMMARY] label=nccl:ring_zfp_naive:rate16 calls=1560 work_total_ms=24071.123 work_mean_ms=15.430 work_min_ms=7.686 work_max_ms=43.530
[HOOK_TAIL_SUMMARY] label=nccl:ring_zfp_naive:rate16 steps=195 tail_total_ms=22231.993 tail_mean_ms=114.010 tail_min_ms=98.147 tail_max_ms=165.241
[Epoch 2] Hook timing summary done

[Epoch 3] Training... (lr at epoch start=0.130902)
  Batch [50/195] Loss: 2.0742, Acc: 21.44%, lr: 0.115246
  Batch [100/195] Loss: 2.0805, Acc: 21.38%, lr: 0.099194
  Batch [150/195] Loss: 2.0670, Acc: 20.92%, lr: 0.083164
[Epoch 3] Train Loss: 2.0643, Acc: 21.19%  |  Val Loss: 2.1932, Acc: 22.31%  |  Time: 30.1s
[Epoch 3] t_iter median: 132.46 ms  (fwd 7.45 | bwd+comm 121.75 | opt 3.22 | data 0.07)  |  train-only epoch: 27.3s
  -> Best model saved (22.31%)
[Epoch 3] Summarizing hook timing...

[HOOK_TIMING_SUMMARY] epoch=3
[HOOK_WORK_SUMMARY] label=nccl:ring_zfp_naive:rate16 calls=1560 work_total_ms=24683.841 work_mean_ms=15.823 work_min_ms=7.790 work_max_ms=48.100
[HOOK_TAIL_SUMMARY] label=nccl:ring_zfp_naive:rate16 steps=195 tail_total_ms=22859.366 tail_mean_ms=117.228 tail_min_ms=99.121 tail_max_ms=163.356
[Epoch 3] Hook timing summary done

[Epoch 4] Training... (lr at epoch start=0.069098)
  Batch [50/195] Loss: 2.0235, Acc: 19.12%, lr: 0.054242
  Batch [100/195] Loss: 1.9943, Acc: 20.41%, lr: 0.040572
  Batch [150/195] Loss: 1.9780, Acc: 21.56%, lr: 0.028440
[Epoch 4] Train Loss: 1.9778, Acc: 22.00%  |  Val Loss: 2.0290, Acc: 24.88%  |  Time: 32.3s
[Epoch 4] t_iter median: 152.00 ms  (fwd 7.50 | bwd+comm 140.48 | opt 3.31 | data 0.13)  |  train-only epoch: 29.4s
  -> Best model saved (24.88%)
[Epoch 4] Summarizing hook timing...

[HOOK_TIMING_SUMMARY] epoch=4
[HOOK_WORK_SUMMARY] label=nccl:ring_zfp_naive:rate16 calls=1560 work_total_ms=26692.567 work_mean_ms=17.111 work_min_ms=7.816 work_max_ms=48.345
[HOOK_TAIL_SUMMARY] label=nccl:ring_zfp_naive:rate16 steps=195 tail_total_ms=24799.027 tail_mean_ms=127.174 tail_min_ms=98.095 tail_max_ms=165.647
[Epoch 4] Hook timing summary done

[Epoch 5] Training... (lr at epoch start=0.019098)
  Batch [50/195] Loss: 1.9636, Acc: 23.38%, lr: 0.010717
  Batch [100/195] Loss: 1.9632, Acc: 23.81%, lr: 0.004649
  Batch [150/195] Loss: 1.9499, Acc: 24.31%, lr: 0.001049
[Epoch 5] Train Loss: 1.9382, Acc: 24.94%  |  Val Loss: 1.9283, Acc: 25.33%  |  Time: 29.4s
[Epoch 5] t_iter median: 131.57 ms  (fwd 7.47 | bwd+comm 120.64 | opt 3.35 | data 0.12)  |  train-only epoch: 26.5s
  -> Best model saved (25.33%)
[Epoch 5] Summarizing hook timing...

[HOOK_TIMING_SUMMARY] epoch=5
[HOOK_WORK_SUMMARY] label=nccl:ring_zfp_naive:rate16 calls=1560 work_total_ms=23798.675 work_mean_ms=15.256 work_min_ms=7.807 work_max_ms=49.284
[HOOK_TAIL_SUMMARY] label=nccl:ring_zfp_naive:rate16 steps=195 tail_total_ms=21893.531 tail_mean_ms=112.275 tail_min_ms=96.448 tail_max_ms=164.866
[Epoch 5] Hook timing summary done

================================================================================
Done in 159.2s | Best val acc: 25.33%
Epoch times (train+val): mean=30.9s  min=29.4s  max=33.4s
Train-only epoch time (epochs 2..N): median=26.98s  min=26.50s  max=29.41s
  -> use this for STRONG scaling (fixed global batch)
  -> use t_iter_median_ms from the CSV for WEAK scaling (fixed local batch)
================================================================================
=== Finished: model=wide_resnet50_2, dataset=cifar10, batch=32, lr=0.20, scheduler=cosine, backend=nccl, hook=ring_zfp_naive, zfp_rate=16, status=0 at Tue Aug  4 12:49:21 AM UTC 2026 ===
=== Starting: model=wide_resnet50_2, ws=8, bs=32, gb=256, lr=0.20, sched=cosine, warmup=0, epochs=5, mom=0.9, wd=5e-4, nesterov=true, wd_bn_bias=false, backend=nccl, hook=ring_zfp_online_coll, zfp=16 at Tue Aug  4 12:49:21 AM UTC 2026 ===

================================================================================
DISTRIBUTED TRAINING LAUNCHER
================================================================================
  Model:      wide_resnet50_2 (CIFAR stem) (from scratch)
  Dataset:    cifar10 (10 classes)
  Image size: 32
  LR:         0.2
  Momentum:   0.9 (nesterov=True)
  Optimizer:  sgd
  Weight dec: 0.0005 (on BN/bias=False)
  Backend:    nccl
  Algorithm:  ring_zfp_online_coll
  ZFP rate:   16
  Epochs:     5
  Batch/rank: 32
  LR:         0.2
  Scheduler:  cosine
  Warmup:     0
  Grad clip:  None
  Drop last:  True
  Data dir:   ./data
================================================================================


================================================================================
DISTRIBUTED TRAINING LAUNCHER
================================================================================
  Model:      wide_resnet50_2 (CIFAR stem) (from scratch)
  Dataset:    cifar10 (10 classes)
  Image size: 32
  LR:         0.2
  Momentum:   0.9 (nesterov=True)
  Optimizer:  sgd
  Weight dec: 0.0005 (on BN/bias=False)
  Backend:    nccl
  Algorithm:  ring_zfp_online_coll
  ZFP rate:   16
  Epochs:     5
  Batch/rank: 32
  LR:         0.2
  Scheduler:  cosine
  Warmup:     0
  Grad clip:  None
  Drop last:  True
  Data dir:   ./data
================================================================================


================================================================================
DISTRIBUTED TRAINING LAUNCHER
================================================================================
  Model:      wide_resnet50_2 (CIFAR stem) (from scratch)
  Dataset:    cifar10 (10 classes)
  Image size: 32
  LR:         0.2
  Momentum:   0.9 (nesterov=True)
  Optimizer:  sgd
  Weight dec: 0.0005 (on BN/bias=False)
  Backend:    nccl
  Algorithm:  ring_zfp_online_coll
  ZFP rate:   16
  Epochs:     5
  Batch/rank: 32
  LR:         0.2
  Scheduler:  cosine
  Warmup:     0
  Grad clip:  None
  Drop last:  True
  Data dir:   ./data
================================================================================


================================================================================
DISTRIBUTED TRAINING LAUNCHER
================================================================================
  Model:      wide_resnet50_2 (CIFAR stem) (from scratch)
  Dataset:    cifar10 (10 classes)
  Image size: 32
  LR:         0.2
  Momentum:   0.9 (nesterov=True)
  Optimizer:  sgd
  Weight dec: 0.0005 (on BN/bias=False)
  Backend:    nccl
  Algorithm:  ring_zfp_online_coll
  ZFP rate:   16
  Epochs:     5
  Batch/rank: 32
  LR:         0.2
  Scheduler:  cosine
  Warmup:     0
  Grad clip:  None
  Drop last:  True
  Data dir:   ./data
================================================================================


================================================================================
DISTRIBUTED TRAINING LAUNCHER
================================================================================
  Model:      wide_resnet50_2 (CIFAR stem) (from scratch)
  Dataset:    cifar10 (10 classes)
  Image size: 32
  LR:         0.2
  Momentum:   0.9 (nesterov=True)
  Optimizer:  sgd

================================================================================
DISTRIBUTED TRAINING LAUNCHER
================================================================================
  Model:      wide_resnet50_2 (CIFAR stem) (from scratch)
  Dataset:    cifar10 (10 classes)
  Image size: 32
  Weight dec: 0.0005 (on BN/bias=False)
  Backend:    nccl
  Algorithm:  ring_zfp_online_coll
  ZFP rate:   16
  Epochs:     5
  Batch/rank: 32
  LR:         0.2
  Scheduler:  cosine
  Warmup:     0
  Grad clip:  None
  Drop last:  True
  Data dir:   ./data
================================================================================

  LR:         0.2
  Momentum:   0.9 (nesterov=True)
  Optimizer:  sgd
  Weight dec: 0.0005 (on BN/bias=False)
  Backend:    nccl
  Algorithm:  ring_zfp_online_coll
  ZFP rate:   16
  Epochs:     5
  Batch/rank: 32
  LR:         0.2
  Scheduler:  cosine
  Warmup:     0
  Grad clip:  None
  Drop last:  True
  Data dir:   ./data
================================================================================


================================================================================
DISTRIBUTED TRAINING LAUNCHER
================================================================================
  Model:      wide_resnet50_2 (CIFAR stem) (from scratch)
  Dataset:    cifar10 (10 classes)
  Image size: 32
  LR:         0.2
  Momentum:   0.9 (nesterov=True)
  Optimizer:  sgd
  Weight dec: 0.0005 (on BN/bias=False)
  Backend:    nccl
  Algorithm:  ring_zfp_online_coll
  ZFP rate:   16
  Epochs:     5
  Batch/rank: 32
  LR:         0.2
  Scheduler:  cosine
  Warmup:     0
  Grad clip:  None
  Drop last:  True
  Data dir:   ./data
================================================================================


================================================================================
DISTRIBUTED TRAINING LAUNCHER
================================================================================
  Model:      wide_resnet50_2 (CIFAR stem) (from scratch)
  Dataset:    cifar10 (10 classes)
  Image size: 32
  LR:         0.2
  Momentum:   0.9 (nesterov=True)
  Optimizer:  sgd
  Weight dec: 0.0005 (on BN/bias=False)
  Backend:    nccl
  Algorithm:  ring_zfp_online_coll
  ZFP rate:   16
  Epochs:     5
  Batch/rank: 32
  LR:         0.2
  Scheduler:  cosine
  Warmup:     0
  Grad clip:  None
  Drop last:  True
  Data dir:   ./data
================================================================================


================================================================================
Distributed Training: WIDE_RESNET50_2 on CIFAR10
Backend: NCCL, Algorithm: ring_zfp_online_coll
================================================================================
Ranks: 8, Epochs: 5, Batch/rank: 32, Effective batch: 256
LR: 0.2, Device: cuda:0

[Cache] Pretrained weights cache (TORCH_HOME) = /eagle/UIC-HPC/matilderestelli/pretrained_weights_cache
[Setup] Model on cuda:0, wrapped in DDP (static_graph=True)
[Setup] Hook registered: nccl/ring_zfp_online_coll
[Optim] SGD: lr=0.2 momentum=0.9 nesterov=True wd=0.0005 wd_on_bn_bias=False
[Optim]   group 0: 66,778,816 params, wd=0.0005
[Optim]   group 1: 68,234 params, wd=0.0
[Data] Train batches: 195, Val batches: 313

[Sched] cosine: steps/epoch=195, total_steps=975, warmup_steps=0 (0 epochs)


[Epoch 1] Training... (lr at epoch start=0.200000)
  Batch [50/195] Loss: 27.8594, Acc: 11.50%, lr: 0.198705
  Batch [100/195] Loss: 15.4395, Acc: 12.69%, lr: 0.194854
  Batch [150/195] Loss: 11.3378, Acc: 13.48%, lr: 0.188546
[Epoch 1] Train Loss: 9.4082, Acc: 14.65%  |  Val Loss: 2.9179, Acc: 18.71%  |  Time: 33.2s
[Epoch 1] t_iter median: 134.54 ms  (fwd 7.63 | bwd+comm 123.34 | opt 3.46 | data 0.14)  |  train-only epoch: 29.3s
  -> Best model saved (18.71%)
[Epoch 1] Summarizing hook timing...

[HOOK_TIMING_SUMMARY] epoch=1
[HOOK_WORK_SUMMARY] label=nccl:hier_zfp_online_coll:rate16 calls=1546 work_total_ms=24033.948 work_mean_ms=15.546 work_min_ms=6.360 work_max_ms=370.404
[HOOK_TAIL_SUMMARY] label=nccl:ring_zfp_online_coll:rate16 steps=196 tail_total_ms=22076.222 tail_mean_ms=112.634 tail_min_ms=10.295 tail_max_ms=502.867
[Epoch 1] Hook timing summary done

[Epoch 2] Training... (lr at epoch start=0.180902)
  Batch [50/195] Loss: 2.5693, Acc: 18.12%, lr: 0.170425
  Batch [100/195] Loss: 2.4164, Acc: 19.50%, lr: 0.158125
  Batch [150/195] Loss: 2.3068, Acc: 21.04%, lr: 0.144319
[Epoch 2] Train Loss: 2.2631, Acc: 21.65%  |  Val Loss: 2.0635, Acc: 26.21%  |  Time: 30.0s
[Epoch 2] t_iter median: 139.37 ms  (fwd 7.45 | bwd+comm 128.55 | opt 3.22 | data 0.12)  |  train-only epoch: 27.2s
  -> Best model saved (26.21%)
[Epoch 2] Summarizing hook timing...

[HOOK_TIMING_SUMMARY] epoch=2
[HOOK_WORK_SUMMARY] label=nccl:hier_zfp_online_coll:rate16 calls=1560 work_total_ms=24573.677 work_mean_ms=15.752 work_min_ms=7.315 work_max_ms=30.651
[HOOK_TAIL_SUMMARY] label=nccl:ring_zfp_online_coll:rate16 steps=195 tail_total_ms=22605.457 tail_mean_ms=115.925 tail_min_ms=105.356 tail_max_ms=121.864
[Epoch 2] Hook timing summary done

[Epoch 3] Training... (lr at epoch start=0.130902)
  Batch [50/195] Loss: 1.9982, Acc: 23.88%, lr: 0.115246
  Batch [100/195] Loss: 1.9962, Acc: 24.78%, lr: 0.099194
  Batch [150/195] Loss: 1.9602, Acc: 25.58%, lr: 0.083164
[Epoch 3] Train Loss: 1.9465, Acc: 26.01%  |  Val Loss: 1.8648, Acc: 30.74%  |  Time: 29.3s
[Epoch 3] t_iter median: 134.90 ms  (fwd 7.46 | bwd+comm 123.92 | opt 3.31 | data 0.12)  |  train-only epoch: 26.5s
  -> Best model saved (30.74%)
[Epoch 3] Summarizing hook timing...

[HOOK_TIMING_SUMMARY] epoch=3
[HOOK_WORK_SUMMARY] label=nccl:hier_zfp_online_coll:rate16 calls=1560 work_total_ms=23702.362 work_mean_ms=15.194 work_min_ms=5.832 work_max_ms=34.292
[HOOK_TAIL_SUMMARY] label=nccl:ring_zfp_online_coll:rate16 steps=195 tail_total_ms=21454.463 tail_mean_ms=110.023 tail_min_ms=104.661 tail_max_ms=116.113
[Epoch 3] Hook timing summary done

[Epoch 4] Training... (lr at epoch start=0.069098)
  Batch [50/195] Loss: 1.8681, Acc: 27.81%, lr: 0.054242
  Batch [100/195] Loss: 1.8516, Acc: 28.41%, lr: 0.040572
  Batch [150/195] Loss: 1.8470, Acc: 28.58%, lr: 0.028440
[Epoch 4] Train Loss: 1.8423, Acc: 28.53%  |  Val Loss: 1.7891, Acc: 32.42%  |  Time: 29.5s
[Epoch 4] t_iter median: 134.78 ms  (fwd 7.61 | bwd+comm 123.61 | opt 3.43 | data 0.14)  |  train-only epoch: 26.6s
  -> Best model saved (32.42%)
[Epoch 4] Summarizing hook timing...

[HOOK_TIMING_SUMMARY] epoch=4
[HOOK_WORK_SUMMARY] label=nccl:hier_zfp_online_coll:rate16 calls=1560 work_total_ms=23800.384 work_mean_ms=15.257 work_min_ms=5.965 work_max_ms=34.197
[HOOK_TAIL_SUMMARY] label=nccl:ring_zfp_online_coll:rate16 steps=195 tail_total_ms=21548.994 tail_mean_ms=110.508 tail_min_ms=106.550 tail_max_ms=113.555
[Epoch 4] Hook timing summary done

[Epoch 5] Training... (lr at epoch start=0.019098)
  Batch [50/195] Loss: 1.8257, Acc: 29.25%, lr: 0.010717
  Batch [100/195] Loss: 1.8097, Acc: 30.16%, lr: 0.004649
  Batch [150/195] Loss: 1.8045, Acc: 31.02%, lr: 0.001049
[Epoch 5] Train Loss: 1.7939, Acc: 31.25%  |  Val Loss: 1.9983, Acc: 31.45%  |  Time: 29.2s
[Epoch 5] t_iter median: 133.71 ms  (fwd 7.63 | bwd+comm 122.52 | opt 3.39 | data 0.15)  |  train-only epoch: 26.3s
[Epoch 5] Summarizing hook timing...

[HOOK_TIMING_SUMMARY] epoch=5
[HOOK_WORK_SUMMARY] label=nccl:hier_zfp_online_coll:rate16 calls=1560 work_total_ms=23591.134 work_mean_ms=15.123 work_min_ms=6.715 work_max_ms=32.397
[HOOK_TAIL_SUMMARY] label=nccl:ring_zfp_online_coll:rate16 steps=195 tail_total_ms=21456.265 tail_mean_ms=110.032 tail_min_ms=106.610 tail_max_ms=115.665
[Epoch 5] Hook timing summary done

================================================================================
Done in 154.9s | Best val acc: 32.42%
Epoch times (train+val): mean=30.2s  min=29.2s  max=33.2s
Train-only epoch time (epochs 2..N): median=26.53s  min=26.34s  max=27.19s
  -> use this for STRONG scaling (fixed global batch)
  -> use t_iter_median_ms from the CSV for WEAK scaling (fixed local batch)
================================================================================
=== Finished: model=wide_resnet50_2, dataset=cifar10, batch=32, lr=0.20, scheduler=cosine, backend=nccl, hook=ring_zfp_online_coll, zfp_rate=16, status=0 at Tue Aug  4 12:52:09 AM UTC 2026 ===
=== Starting: model=wide_resnet50_2, ws=8, bs=32, gb=256, lr=0.20, sched=cosine, warmup=0, epochs=5, mom=0.9, wd=5e-4, nesterov=true, wd_bn_bias=false, backend=nccl, hook=ring_zfp_online_coll, zfp=10 at Tue Aug  4 12:52:09 AM UTC 2026 ===

================================================================================
DISTRIBUTED TRAINING LAUNCHER
================================================================================
  Model:      wide_resnet50_2 (CIFAR stem) (from scratch)
  Dataset:    cifar10 (10 classes)
  Image size: 32
  LR:         0.2
  Momentum:   0.9 (nesterov=True)
  Optimizer:  sgd
  Weight dec: 0.0005 (on BN/bias=False)
  Backend:    nccl
  Algorithm:  ring_zfp_online_coll
  ZFP rate:   10
  Epochs:     5
  Batch/rank: 32
  LR:         0.2
  Scheduler:  cosine
  Warmup:     0
  Grad clip:  None
  Drop last:  True
  Data dir:   ./data
================================================================================


================================================================================
DISTRIBUTED TRAINING LAUNCHER
================================================================================
  Model:      wide_resnet50_2 (CIFAR stem) (from scratch)
  Dataset:    cifar10 (10 classes)
  Image size: 32
  LR:         0.2
  Momentum:   0.9 (nesterov=True)
  Optimizer:  sgd
  Weight dec: 0.0005 (on BN/bias=False)
  Backend:    nccl
  Algorithm:  ring_zfp_online_coll
  ZFP rate:   10
  Epochs:     5
  Batch/rank: 32
  LR:         0.2
  Scheduler:  cosine
  Warmup:     0
  Grad clip:  None
  Drop last:  True
  Data dir:   ./data
================================================================================


================================================================================
DISTRIBUTED TRAINING LAUNCHER
================================================================================
  Model:      wide_resnet50_2 (CIFAR stem) (from scratch)
  Dataset:    cifar10 (10 classes)
  Image size: 32
  LR:         0.2
  Momentum:   0.9 (nesterov=True)
  Optimizer:  sgd
  Weight dec: 0.0005 (on BN/bias=False)
  Backend:    nccl
  Algorithm:  ring_zfp_online_coll
  ZFP rate:   10
  Epochs:     5
  Batch/rank: 32
  LR:         0.2
  Scheduler:  cosine
  Warmup:     0
  Grad clip:  None
  Drop last:  True
  Data dir:   ./data
================================================================================


================================================================================
DISTRIBUTED TRAINING LAUNCHER
================================================================================
  Model:      wide_resnet50_2 (CIFAR stem) (from scratch)
  Dataset:    cifar10 (10 classes)
  Image size: 32
  LR:         0.2
  Momentum:   0.9 (nesterov=True)
  Optimizer:  sgd
  Weight dec: 0.0005 (on BN/bias=False)
  Backend:    nccl
  Algorithm:  ring_zfp_online_coll
  ZFP rate:   10
  Epochs:     5
  Batch/rank: 32
  LR:         0.2
  Scheduler:  cosine
  Warmup:     0
  Grad clip:  None
  Drop last:  True
  Data dir:   ./data
================================================================================


================================================================================
DISTRIBUTED TRAINING LAUNCHER
================================================================================
  Model:      wide_resnet50_2 (CIFAR stem) (from scratch)
  Dataset:    cifar10 (10 classes)
  Image size: 32
  LR:         0.2
  Momentum:   0.9 (nesterov=True)
  Optimizer:  sgd
  Weight dec: 0.0005 (on BN/bias=False)
  Backend:    nccl
  Algorithm:  ring_zfp_online_coll
  ZFP rate:   10
  Epochs:     5
  Batch/rank: 32
  LR:         0.2
  Scheduler:  cosine
  Warmup:     0
  Grad clip:  None
  Drop last:  True
  Data dir:   ./data
================================================================================


================================================================================
DISTRIBUTED TRAINING LAUNCHER
================================================================================
  Model:      wide_resnet50_2 (CIFAR stem) (from scratch)
  Dataset:    cifar10 (10 classes)
  Image size: 32
  LR:         0.2
  Momentum:   0.9 (nesterov=True)
  Optimizer:  sgd
  Weight dec: 0.0005 (on BN/bias=False)
  Backend:    nccl
  Algorithm:  ring_zfp_online_coll
  ZFP rate:   10
  Epochs:     5
  Batch/rank: 32
  LR:         0.2
  Scheduler:  cosine
  Warmup:     0
  Grad clip:  None
  Drop last:  True
  Data dir:   ./data
================================================================================


================================================================================
DISTRIBUTED TRAINING LAUNCHER
================================================================================
  Model:      wide_resnet50_2 (CIFAR stem) (from scratch)
  Dataset:    cifar10 (10 classes)
  Image size: 32
  LR:         0.2
  Momentum:   0.9 (nesterov=True)
  Optimizer:  sgd
  Weight dec: 0.0005 (on BN/bias=False)
  Backend:    nccl
  Algorithm:  ring_zfp_online_coll
  ZFP rate:   10
  Epochs:     5
  Batch/rank: 32
  LR:         0.2
  Scheduler:  cosine
  Warmup:     0
  Grad clip:  None
  Drop last:  True
  Data dir:   ./data
================================================================================


================================================================================
DISTRIBUTED TRAINING LAUNCHER
================================================================================
  Model:      wide_resnet50_2 (CIFAR stem) (from scratch)
  Dataset:    cifar10 (10 classes)
  Image size: 32
  LR:         0.2
  Momentum:   0.9 (nesterov=True)
  Optimizer:  sgd
  Weight dec: 0.0005 (on BN/bias=False)
  Backend:    nccl
  Algorithm:  ring_zfp_online_coll
  ZFP rate:   10
  Epochs:     5
  Batch/rank: 32
  LR:         0.2
  Scheduler:  cosine
  Warmup:     0
  Grad clip:  None
  Drop last:  True
  Data dir:   ./data
================================================================================


================================================================================
Distributed Training: WIDE_RESNET50_2 on CIFAR10
Backend: NCCL, Algorithm: ring_zfp_online_coll
================================================================================
Ranks: 8, Epochs: 5, Batch/rank: 32, Effective batch: 256
LR: 0.2, Device: cuda:0

[Cache] Pretrained weights cache (TORCH_HOME) = /eagle/UIC-HPC/matilderestelli/pretrained_weights_cache
[Setup] Model on cuda:0, wrapped in DDP (static_graph=True)
[Setup] Hook registered: nccl/ring_zfp_online_coll
[Optim] SGD: lr=0.2 momentum=0.9 nesterov=True wd=0.0005 wd_on_bn_bias=False
[Optim]   group 0: 66,778,816 params, wd=0.0005
[Optim]   group 1: 68,234 params, wd=0.0
[Data] Train batches: 195, Val batches: 313

[Sched] cosine: steps/epoch=195, total_steps=975, warmup_steps=0 (0 epochs)


[Epoch 1] Training... (lr at epoch start=0.200000)
  Batch [50/195] Loss: 23.4448, Acc: 10.50%, lr: 0.198705
  Batch [100/195] Loss: 13.5749, Acc: 12.19%, lr: 0.194854
  Batch [150/195] Loss: 10.0645, Acc: 13.81%, lr: 0.188546
[Epoch 1] Train Loss: 8.3192, Acc: 15.53%  |  Val Loss: 2.1011, Acc: 19.94%  |  Time: 26.9s
[Epoch 1] t_iter median: 103.35 ms  (fwd 7.47 | bwd+comm 92.43 | opt 3.32 | data 0.11)  |  train-only epoch: 23.0s
  -> Best model saved (19.94%)
[Epoch 1] Summarizing hook timing...

[HOOK_TIMING_SUMMARY] epoch=1
[HOOK_WORK_SUMMARY] label=nccl:hier_zfp_online_coll:rate10 calls=1546 work_total_ms=18016.198 work_mean_ms=11.653 work_min_ms=5.181 work_max_ms=363.790
[HOOK_TAIL_SUMMARY] label=nccl:ring_zfp_online_coll:rate10 steps=196 tail_total_ms=15951.406 tail_mean_ms=81.385 tail_min_ms=7.270 tail_max_ms=498.607
[Epoch 1] Hook timing summary done

[Epoch 2] Training... (lr at epoch start=0.180902)
  Batch [50/195] Loss: 2.4853, Acc: 19.50%, lr: 0.170425
  Batch [100/195] Loss: 2.4194, Acc: 20.62%, lr: 0.158125
  Batch [150/195] Loss: 2.3634, Acc: 20.92%, lr: 0.144319
[Epoch 2] Train Loss: 2.3192, Acc: 21.27%  |  Val Loss: 2.3332, Acc: 23.92%  |  Time: 23.1s
[Epoch 2] t_iter median: 101.38 ms  (fwd 7.53 | bwd+comm 90.39 | opt 3.32 | data 0.13)  |  train-only epoch: 20.2s
  -> Best model saved (23.92%)
[Epoch 2] Summarizing hook timing...

[HOOK_TIMING_SUMMARY] epoch=2
[HOOK_WORK_SUMMARY] label=nccl:hier_zfp_online_coll:rate10 calls=1560 work_total_ms=17531.656 work_mean_ms=11.238 work_min_ms=5.158 work_max_ms=30.545
[HOOK_TAIL_SUMMARY] label=nccl:ring_zfp_online_coll:rate10 steps=195 tail_total_ms=15324.446 tail_mean_ms=78.587 tail_min_ms=74.990 tail_max_ms=85.546
[Epoch 2] Hook timing summary done

[Epoch 3] Training... (lr at epoch start=0.130902)
  Batch [50/195] Loss: 2.0802, Acc: 25.94%, lr: 0.115246
  Batch [100/195] Loss: 2.0539, Acc: 24.72%, lr: 0.099194
  Batch [150/195] Loss: 2.0063, Acc: 26.12%, lr: 0.083164
[Epoch 3] Train Loss: 1.9868, Acc: 26.91%  |  Val Loss: 2.1121, Acc: 29.89%  |  Time: 23.4s
[Epoch 3] t_iter median: 103.39 ms  (fwd 7.47 | bwd+comm 92.52 | opt 3.27 | data 0.12)  |  train-only epoch: 20.5s
  -> Best model saved (29.89%)
[Epoch 3] Summarizing hook timing...

[HOOK_TIMING_SUMMARY] epoch=3
[HOOK_WORK_SUMMARY] label=nccl:hier_zfp_online_coll:rate10 calls=1560 work_total_ms=17802.176 work_mean_ms=11.412 work_min_ms=5.068 work_max_ms=31.184
[HOOK_TAIL_SUMMARY] label=nccl:ring_zfp_online_coll:rate10 steps=195 tail_total_ms=15525.441 tail_mean_ms=79.618 tail_min_ms=77.208 tail_max_ms=84.366
[Epoch 3] Hook timing summary done

[Epoch 4] Training... (lr at epoch start=0.069098)
  Batch [50/195] Loss: 1.8553, Acc: 28.81%, lr: 0.054242
  Batch [100/195] Loss: 1.8460, Acc: 28.81%, lr: 0.040572
  Batch [150/195] Loss: 1.8349, Acc: 29.67%, lr: 0.028440
[Epoch 4] Train Loss: 1.8281, Acc: 29.63%  |  Val Loss: 2.4159, Acc: 34.60%  |  Time: 23.2s
[Epoch 4] t_iter median: 102.61 ms  (fwd 7.56 | bwd+comm 91.61 | opt 3.30 | data 0.14)  |  train-only epoch: 20.3s
  -> Best model saved (34.60%)
[Epoch 4] Summarizing hook timing...

[HOOK_TIMING_SUMMARY] epoch=4
[HOOK_WORK_SUMMARY] label=nccl:hier_zfp_online_coll:rate10 calls=1560 work_total_ms=17619.430 work_mean_ms=11.295 work_min_ms=5.165 work_max_ms=30.615
[HOOK_TAIL_SUMMARY] label=nccl:ring_zfp_online_coll:rate10 steps=195 tail_total_ms=15414.750 tail_mean_ms=79.050 tail_min_ms=75.119 tail_max_ms=84.939
[Epoch 4] Hook timing summary done

[Epoch 5] Training... (lr at epoch start=0.019098)
  Batch [50/195] Loss: 1.7843, Acc: 33.12%, lr: 0.010717
  Batch [100/195] Loss: 1.7746, Acc: 32.00%, lr: 0.004649
  Batch [150/195] Loss: 1.7752, Acc: 32.27%, lr: 0.001049
[Epoch 5] Train Loss: 1.7702, Acc: 32.82%  |  Val Loss: 2.1407, Acc: 34.38%  |  Time: 23.5s
[Epoch 5] t_iter median: 104.30 ms  (fwd 7.66 | bwd+comm 93.01 | opt 3.47 | data 0.14)  |  train-only epoch: 20.6s
[Epoch 5] Summarizing hook timing...

[HOOK_TIMING_SUMMARY] epoch=5
[HOOK_WORK_SUMMARY] label=nccl:hier_zfp_online_coll:rate10 calls=1560 work_total_ms=17888.815 work_mean_ms=11.467 work_min_ms=5.139 work_max_ms=30.756
[HOOK_TAIL_SUMMARY] label=nccl:ring_zfp_online_coll:rate10 steps=195 tail_total_ms=15756.405 tail_mean_ms=80.802 tail_min_ms=78.511 tail_max_ms=82.816
[Epoch 5] Hook timing summary done

================================================================================
Done in 123.7s | Best val acc: 34.60%
Epoch times (train+val): mean=24.0s  min=23.1s  max=26.9s
Train-only epoch time (epochs 2..N): median=20.40s  min=20.21s  max=20.65s
  -> use this for STRONG scaling (fixed global batch)
  -> use t_iter_median_ms from the CSV for WEAK scaling (fixed local batch)
================================================================================
=== Finished: model=wide_resnet50_2, dataset=cifar10, batch=32, lr=0.20, scheduler=cosine, backend=nccl, hook=ring_zfp_online_coll, zfp_rate=10, status=0 at Tue Aug  4 12:54:24 AM UTC 2026 ===
=== Starting: model=wide_resnet50_2, ws=8, bs=32, gb=256, lr=0.20, sched=cosine, warmup=0, epochs=5, mom=0.9, wd=5e-4, nesterov=true, wd_bn_bias=false, backend=nccl, hook=ring_zfp_online_coll, zfp=8 at Tue Aug  4 12:54:24 AM UTC 2026 ===

================================================================================
DISTRIBUTED TRAINING LAUNCHER
================================================================================
  Model:      wide_resnet50_2 (CIFAR stem) (from scratch)
  Dataset:    cifar10 (10 classes)
  Image size: 32
  LR:         0.2
  Momentum:   0.9 (nesterov=True)
  Optimizer:  sgd
  Weight dec: 0.0005 (on BN/bias=False)
  Backend:    nccl
================================================================================
DISTRIBUTED TRAINING LAUNCHER
================================================================================
  Model:      wide_resnet50_2 (CIFAR stem) (from scratch)
  Dataset:    cifar10 (10 classes)
  Image size: 32
  LR:         0.2
  Momentum:   0.9 (nesterov=True)
  Optimizer:  sgd
  Weight dec: 0.0005 (on BN/bias=False)
  Backend:    nccl
  Algorithm:  ring_zfp_online_coll
  ZFP rate:   8
  Epochs:     5
  Batch/rank: 32
  LR:         0.2
  Scheduler:  cosine
  Warmup:     0
  Grad clip:  None
  Drop last:  True
  Data dir:   ./data
================================================================================


  Algorithm:  ring_zfp_online_coll
  ZFP rate:   8
  Epochs:     5
  Batch/rank: 32
  LR:         0.2
  Scheduler:  cosine
  Warmup:     0
  Grad clip:  None
  Drop last:  True
  Data dir:   ./data
================================================================================


================================================================================
DISTRIBUTED TRAINING LAUNCHER
================================================================================
  Model:      wide_resnet50_2 (CIFAR stem) (from scratch)
  Dataset:    cifar10 (10 classes)
  Image size: 32
  LR:         0.2
  Momentum:   0.9 (nesterov=True)
  Optimizer:  sgd
  Weight dec: 0.0005 (on BN/bias=False)
  Backend:    nccl
  Algorithm:  ring_zfp_online_coll
  ZFP rate:   8
  Epochs:     5
  Batch/rank: 32
  LR:         0.2
  Scheduler:  cosine
  Warmup:     0
  Grad clip:  None
  Drop last:  True
  Data dir:   ./data
================================================================================


================================================================================
DISTRIBUTED TRAINING LAUNCHER
================================================================================
  Model:      wide_resnet50_2 (CIFAR stem) (from scratch)
  Dataset:    cifar10 (10 classes)
  Image size: 32
  LR:         0.2
  Momentum:   0.9 (nesterov=True)
  Optimizer:  sgd
  Weight dec: 0.0005 (on BN/bias=False)
  Backend:    nccl
  Algorithm:  ring_zfp_online_coll
  ZFP rate:   8
  Epochs:     5
  Batch/rank: 32
  LR:         0.2
  Scheduler:  cosine
  Warmup:     0
  Grad clip:  None
  Drop last:  True
  Data dir:   ./data
================================================================================


================================================================================
DISTRIBUTED TRAINING LAUNCHER
================================================================================
  Model:      wide_resnet50_2 (CIFAR stem) (from scratch)
  Dataset:    cifar10 (10 classes)
  Image size: 32
  LR:         0.2
  Momentum:   0.9 (nesterov=True)
  Optimizer:  sgd
  Weight dec: 0.0005 (on BN/bias=False)
  Backend:    nccl
  Algorithm:  ring_zfp_online_coll

================================================================================
DISTRIBUTED TRAINING LAUNCHER
================================================================================
  Model:      wide_resnet50_2 (CIFAR stem) (from scratch)
  Dataset:    cifar10 (10 classes)
  Image size: 32
  LR:         0.2
  Momentum:   0.9 (nesterov=True)
  Optimizer:  sgd
  Weight dec: 0.0005 (on BN/bias=False)
  Backend:    nccl
  Algorithm:  ring_zfp_online_coll
  ZFP rate:   8
  Epochs:     5
  Batch/rank: 32
  LR:         0.2
  Scheduler:  cosine
  Warmup:     0
  Grad clip:  None
  Drop last:  True
  Data dir:   ./data
================================================================================


================================================================================
DISTRIBUTED TRAINING LAUNCHER
================================================================================
  Model:      wide_resnet50_2 (CIFAR stem) (from scratch)
  Dataset:    cifar10 (10 classes)
  Image size: 32
  LR:         0.2
  Momentum:   0.9 (nesterov=True)
  Optimizer:  sgd
  Weight dec: 0.0005 (on BN/bias=False)
  Backend:    nccl
  Algorithm:  ring_zfp_online_coll
  ZFP rate:   8
  Epochs:     5
  Batch/rank: 32
  LR:         0.2
  Scheduler:  cosine
  Warmup:     0
  Grad clip:  None
  Drop last:  True
  Data dir:   ./data
================================================================================

  ZFP rate:   8
  Epochs:     5
  Batch/rank: 32
  LR:         0.2
  Scheduler:  cosine
  Warmup:     0
  Grad clip:  None
  Drop last:  True
  Data dir:   ./data
================================================================================


================================================================================
DISTRIBUTED TRAINING LAUNCHER
================================================================================
  Model:      wide_resnet50_2 (CIFAR stem) (from scratch)
  Dataset:    cifar10 (10 classes)
  Image size: 32
  LR:         0.2
  Momentum:   0.9 (nesterov=True)
  Optimizer:  sgd
  Weight dec: 0.0005 (on BN/bias=False)
  Backend:    nccl
  Algorithm:  ring_zfp_online_coll
  ZFP rate:   8
  Epochs:     5
  Batch/rank: 32
  LR:         0.2
  Scheduler:  cosine
  Warmup:     0
  Grad clip:  None
  Drop last:  True
  Data dir:   ./data
================================================================================


================================================================================
Distributed Training: WIDE_RESNET50_2 on CIFAR10
Backend: NCCL, Algorithm: ring_zfp_online_coll
================================================================================
Ranks: 8, Epochs: 5, Batch/rank: 32, Effective batch: 256
LR: 0.2, Device: cuda:0

[Cache] Pretrained weights cache (TORCH_HOME) = /eagle/UIC-HPC/matilderestelli/pretrained_weights_cache
[Setup] Model on cuda:0, wrapped in DDP (static_graph=True)
[Setup] Hook registered: nccl/ring_zfp_online_coll
[Optim] SGD: lr=0.2 momentum=0.9 nesterov=True wd=0.0005 wd_on_bn_bias=False
[Optim]   group 0: 66,778,816 params, wd=0.0005
[Optim]   group 1: 68,234 params, wd=0.0
[Data] Train batches: 195, Val batches: 313

[Sched] cosine: steps/epoch=195, total_steps=975, warmup_steps=0 (0 epochs)


[Epoch 1] Training... (lr at epoch start=0.200000)
  Batch [50/195] Loss: 29.0123, Acc: 9.69%, lr: 0.198705
  Batch [100/195] Loss: 16.2105, Acc: 10.50%, lr: 0.194854
  Batch [150/195] Loss: 11.7562, Acc: 10.75%, lr: 0.188546
[Epoch 1] Train Loss: 9.6485, Acc: 11.01%  |  Val Loss: 2.2990, Acc: 10.74%  |  Time: 25.2s
[Epoch 1] t_iter median: 94.43 ms  (fwd 7.45 | bwd+comm 83.51 | opt 3.28 | data 0.13)  |  train-only epoch: 21.3s
  -> Best model saved (10.74%)
[Epoch 1] Summarizing hook timing...

[HOOK_TIMING_SUMMARY] epoch=1
[HOOK_WORK_SUMMARY] label=nccl:hier_zfp_online_coll:rate8 calls=1546 work_total_ms=16308.835 work_mean_ms=10.549 work_min_ms=4.364 work_max_ms=354.934
[HOOK_TAIL_SUMMARY] label=nccl:ring_zfp_online_coll:rate8 steps=196 tail_total_ms=14269.709 tail_mean_ms=72.805 tail_min_ms=7.051 tail_max_ms=490.417
[Epoch 1] Hook timing summary done

[Epoch 2] Training... (lr at epoch start=0.180902)
  Batch [50/195] Loss: 2.6389, Acc: 11.12%, lr: 0.170425
  Batch [100/195] Loss: 2.5843, Acc: 11.88%, lr: 0.158125
  Batch [150/195] Loss: 2.5623, Acc: 12.56%, lr: 0.144319
[Epoch 2] Train Loss: 2.5242, Acc: 12.52%  |  Val Loss: 2.2377, Acc: 15.45%  |  Time: 21.4s
[Epoch 2] t_iter median: 93.09 ms  (fwd 7.51 | bwd+comm 82.08 | opt 3.39 | data 0.14)  |  train-only epoch: 18.6s
  -> Best model saved (15.45%)
[Epoch 2] Summarizing hook timing...

[HOOK_TIMING_SUMMARY] epoch=2
[HOOK_WORK_SUMMARY] label=nccl:hier_zfp_online_coll:rate8 calls=1560 work_total_ms=15782.947 work_mean_ms=10.117 work_min_ms=4.342 work_max_ms=29.779
[HOOK_TAIL_SUMMARY] label=nccl:ring_zfp_online_coll:rate8 steps=195 tail_total_ms=13695.804 tail_mean_ms=70.235 tail_min_ms=68.194 tail_max_ms=72.988
[Epoch 2] Hook timing summary done

[Epoch 3] Training... (lr at epoch start=0.130902)
  Batch [50/195] Loss: 2.3113, Acc: 19.31%, lr: 0.115246
  Batch [100/195] Loss: 2.2538, Acc: 19.25%, lr: 0.099194
  Batch [150/195] Loss: 2.2088, Acc: 19.52%, lr: 0.083164
[Epoch 3] Train Loss: 2.1836, Acc: 20.02%  |  Val Loss: 2.0119, Acc: 22.36%  |  Time: 21.4s
[Epoch 3] t_iter median: 93.58 ms  (fwd 7.43 | bwd+comm 82.79 | opt 3.22 | data 0.12)  |  train-only epoch: 18.6s
  -> Best model saved (22.36%)
[Epoch 3] Summarizing hook timing...

[HOOK_TIMING_SUMMARY] epoch=3
[HOOK_WORK_SUMMARY] label=nccl:hier_zfp_online_coll:rate8 calls=1560 work_total_ms=16007.910 work_mean_ms=10.261 work_min_ms=4.334 work_max_ms=27.588
[HOOK_TAIL_SUMMARY] label=nccl:ring_zfp_online_coll:rate8 steps=195 tail_total_ms=13994.925 tail_mean_ms=71.769 tail_min_ms=65.818 tail_max_ms=78.983
[Epoch 3] Hook timing summary done

[Epoch 4] Training... (lr at epoch start=0.069098)
  Batch [50/195] Loss: 2.0533, Acc: 19.94%, lr: 0.054242
  Batch [100/195] Loss: 2.0383, Acc: 21.12%, lr: 0.040572
  Batch [150/195] Loss: 2.0302, Acc: 21.96%, lr: 0.028440
[Epoch 4] Train Loss: 2.0253, Acc: 22.07%  |  Val Loss: 1.9620, Acc: 24.14%  |  Time: 21.5s
[Epoch 4] t_iter median: 93.67 ms  (fwd 7.49 | bwd+comm 82.57 | opt 3.37 | data 0.13)  |  train-only epoch: 18.6s
  -> Best model saved (24.14%)
[Epoch 4] Summarizing hook timing...

[HOOK_TIMING_SUMMARY] epoch=4
[HOOK_WORK_SUMMARY] label=nccl:hier_zfp_online_coll:rate8 calls=1560 work_total_ms=15878.422 work_mean_ms=10.178 work_min_ms=4.344 work_max_ms=28.921
[HOOK_TAIL_SUMMARY] label=nccl:ring_zfp_online_coll:rate8 steps=195 tail_total_ms=13728.662 tail_mean_ms=70.403 tail_min_ms=68.006 tail_max_ms=73.294
[Epoch 4] Hook timing summary done

[Epoch 5] Training... (lr at epoch start=0.019098)
  Batch [50/195] Loss: 2.0089, Acc: 21.44%, lr: 0.010717
  Batch [100/195] Loss: 1.9856, Acc: 22.66%, lr: 0.004649
  Batch [150/195] Loss: 1.9779, Acc: 23.00%, lr: 0.001049
[Epoch 5] Train Loss: 1.9724, Acc: 23.49%  |  Val Loss: 1.9270, Acc: 24.69%  |  Time: 21.4s
[Epoch 5] t_iter median: 93.70 ms  (fwd 7.55 | bwd+comm 82.67 | opt 3.38 | data 0.09)  |  train-only epoch: 18.6s
  -> Best model saved (24.69%)
[Epoch 5] Summarizing hook timing...

[HOOK_TIMING_SUMMARY] epoch=5
[HOOK_WORK_SUMMARY] label=nccl:hier_zfp_online_coll:rate8 calls=1560 work_total_ms=15857.521 work_mean_ms=10.165 work_min_ms=4.350 work_max_ms=29.366
[HOOK_TAIL_SUMMARY] label=nccl:ring_zfp_online_coll:rate8 steps=195 tail_total_ms=13682.186 tail_mean_ms=70.165 tail_min_ms=66.295 tail_max_ms=72.607
[Epoch 5] Hook timing summary done

================================================================================
Done in 115.4s | Best val acc: 24.69%
Epoch times (train+val): mean=22.2s  min=21.4s  max=25.2s
Train-only epoch time (epochs 2..N): median=18.56s  min=18.55s  max=18.58s
  -> use this for STRONG scaling (fixed global batch)
  -> use t_iter_median_ms from the CSV for WEAK scaling (fixed local batch)
================================================================================
=== Finished: model=wide_resnet50_2, dataset=cifar10, batch=32, lr=0.20, scheduler=cosine, backend=nccl, hook=ring_zfp_online_coll, zfp_rate=8, status=0 at Tue Aug  4 12:56:31 AM UTC 2026 ===
=== Starting: model=wide_resnet50_2, ws=8, bs=32, gb=256, lr=0.20, sched=cosine, warmup=0, epochs=5, mom=0.9, wd=5e-4, nesterov=true, wd_bn_bias=false, backend=nccl, hook=recursive_doubling, zfp=none at Tue Aug  4 12:56:31 AM UTC 2026 ===

================================================================================
DISTRIBUTED TRAINING LAUNCHER
================================================================================
  Model:      wide_resnet50_2 (CIFAR stem) (from scratch)
  Dataset:    cifar10 (10 classes)
  Image size: 32
  LR:         0.2
  Momentum:   0.9 (nesterov=True)
  Optimizer:  sgd
  Weight dec: 0.0005 (on BN/bias=False)
  Backend:    nccl
  Algorithm:  recursive_doubling
  Epochs:     5
  Batch/rank: 32
  LR:         0.2
  Scheduler:  cosine
  Warmup:     0
  Grad clip:  None
  Drop last:  True
  Data dir:   ./data
================================================================================


================================================================================
DISTRIBUTED TRAINING LAUNCHER
================================================================================
  Model:      wide_resnet50_2 (CIFAR stem) (from scratch)
  Dataset:    cifar10 (10 classes)
  Image size: 32
  LR:         0.2
  Momentum:   0.9 (nesterov=True)
  Optimizer:  sgd
  Weight dec: 0.0005 (on BN/bias=False)
  Backend:    nccl
  Algorithm:  recursive_doubling
  Epochs:     5
  Batch/rank: 32
  LR:         0.2
  Scheduler:  cosine
  Warmup:     0
  Grad clip:  None
  Drop last:  True
  Data dir:   ./data
================================================================================


================================================================================
DISTRIBUTED TRAINING LAUNCHER
================================================================================
  Model:      wide_resnet50_2 (CIFAR stem) (from scratch)
  Dataset:    cifar10 (10 classes)
  Image size: 32
  LR:         0.2
  Momentum:   0.9 (nesterov=True)
  Optimizer:  sgd
  Weight dec: 0.0005 (on BN/bias=False)
  Backend:    nccl
  Algorithm:  recursive_doubling
  Epochs:     5
  Batch/rank: 32
  LR:         0.2
  Scheduler:  cosine
  Warmup:     0
  Grad clip:  None
  Drop last:  True
  Data dir:   ./data
================================================================================


================================================================================
DISTRIBUTED TRAINING LAUNCHER
================================================================================
  Model:      wide_resnet50_2 (CIFAR stem) (from scratch)
  Dataset:    cifar10 (10 classes)
  Image size: 32
  LR:         0.2
  Momentum:   0.9 (nesterov=True)
  Optimizer:  sgd
  Weight dec: 0.0005 (on BN/bias=False)
  Backend:    nccl
  Algorithm:  recursive_doubling
  Epochs:     5
  Batch/rank: 32
  LR:         0.2
  Scheduler:  cosine
  Warmup:     0
  Grad clip:  None
  Drop last:  True
  Data dir:   ./data
================================================================================


================================================================================
DISTRIBUTED TRAINING LAUNCHER
================================================================================
  Model:      wide_resnet50_2 (CIFAR stem) (from scratch)
  Dataset:    cifar10 (10 classes)
  Image size: 32
  LR:         0.2
  Momentum:   0.9 (nesterov=True)
  Optimizer:  sgd
  Weight dec: 0.0005 (on BN/bias=False)
  Backend:    nccl
  Algorithm:  recursive_doubling
  Epochs:     5
  Batch/rank: 32
  LR:         0.2
  Scheduler:  cosine
  Warmup:     0
  Grad clip:  None
  Drop last:  True
  Data dir:   ./data
================================================================================


================================================================================
DISTRIBUTED TRAINING LAUNCHER
================================================================================
  Model:      wide_resnet50_2 (CIFAR stem) (from scratch)
  Dataset:    cifar10 (10 classes)
  Image size: 32
  LR:         0.2
  Momentum:   0.9 (nesterov=True)
  Optimizer:  sgd
  Weight dec: 0.0005 (on BN/bias=False)
  Backend:    nccl
  Algorithm:  recursive_doubling
  Epochs:     5
  Batch/rank: 32
  LR:         0.2
  Scheduler:  cosine
  Warmup:     0
  Grad clip:  None
  Drop last:  True
  Data dir:   ./data
================================================================================


================================================================================
DISTRIBUTED TRAINING LAUNCHER
================================================================================
  Model:      wide_resnet50_2 (CIFAR stem) (from scratch)
  Dataset:    cifar10 (10 classes)
  Image size: 32
  LR:         0.2
  Momentum:   0.9 (nesterov=True)
  Optimizer:  sgd
  Weight dec: 0.0005 (on BN/bias=False)
  Backend:    nccl
  Algorithm:  recursive_doubling
  Epochs:     5
  Batch/rank: 32
  LR:         0.2
  Scheduler:  cosine
  Warmup:     0
  Grad clip:  None
  Drop last:  True
  Data dir:   ./data
================================================================================


================================================================================
DISTRIBUTED TRAINING LAUNCHER
================================================================================
  Model:      wide_resnet50_2 (CIFAR stem) (from scratch)
  Dataset:    cifar10 (10 classes)
  Image size: 32
  LR:         0.2
  Momentum:   0.9 (nesterov=True)
  Optimizer:  sgd
  Weight dec: 0.0005 (on BN/bias=False)
  Backend:    nccl
  Algorithm:  recursive_doubling
  Epochs:     5
  Batch/rank: 32
  LR:         0.2
  Scheduler:  cosine
  Warmup:     0
  Grad clip:  None
  Drop last:  True
  Data dir:   ./data
================================================================================


================================================================================
Distributed Training: WIDE_RESNET50_2 on CIFAR10
Backend: NCCL, Algorithm: recursive_doubling
================================================================================
Ranks: 8, Epochs: 5, Batch/rank: 32, Effective batch: 256
LR: 0.2, Device: cuda:0

[Cache] Pretrained weights cache (TORCH_HOME) = /eagle/UIC-HPC/matilderestelli/pretrained_weights_cache
[Setup] Model on cuda:0, wrapped in DDP (static_graph=True)
[Setup] Hook registered: nccl/recursive_doubling
[Optim] SGD: lr=0.2 momentum=0.9 nesterov=True wd=0.0005 wd_on_bn_bias=False
[Optim]   group 0: 66,778,816 params, wd=0.0005
[Optim]   group 1: 68,234 params, wd=0.0
[Data] Train batches: 195, Val batches: 313

[Sched] cosine: steps/epoch=195, total_steps=975, warmup_steps=0 (0 epochs)


[Epoch 1] Training... (lr at epoch start=0.200000)
  Batch [50/195] Loss: 8.8960, Acc: 11.06%, lr: 0.198705
  Batch [100/195] Loss: 5.6135, Acc: 10.50%, lr: 0.194854
  Batch [150/195] Loss: 4.5111, Acc: 10.65%, lr: 0.188546
[Epoch 1] Train Loss: 4.0010, Acc: 11.22%  |  Val Loss: 2.3030, Acc: 10.59%  |  Time: 62.2s
[Epoch 1] t_iter median: 276.56 ms  (fwd 7.44 | bwd+comm 265.78 | opt 3.23 | data 0.11)  |  train-only epoch: 58.4s
  -> Best model saved (10.59%)
[Epoch 1] Summarizing hook timing...

[HOOK_TIMING_SUMMARY] epoch=1
[HOOK_WORK_SUMMARY] label=nccl:recursive_doubling calls=1546 work_total_ms=53498.414 work_mean_ms=34.604 work_min_ms=14.246 work_max_ms=303.293
[HOOK_TAIL_SUMMARY] label=nccl:recursive_doubling steps=196 tail_total_ms=51798.583 tail_mean_ms=264.278 tail_min_ms=142.186 tail_max_ms=417.856
[Epoch 1] Hook timing summary done

[Epoch 2] Training... (lr at epoch start=0.180902)
  Batch [50/195] Loss: 2.2934, Acc: 12.19%, lr: 0.170425
  Batch [100/195] Loss: 2.2671, Acc: 13.69%, lr: 0.158125
  Batch [150/195] Loss: 2.2096, Acc: 16.17%, lr: 0.144319
[Epoch 2] Train Loss: 2.1771, Acc: 17.10%  |  Val Loss: 2.0369, Acc: 21.73%  |  Time: 55.8s
[Epoch 2] t_iter median: 283.91 ms  (fwd 7.72 | bwd+comm 272.39 | opt 3.48 | data 0.15)  |  train-only epoch: 52.9s
  -> Best model saved (21.73%)
[Epoch 2] Summarizing hook timing...

[HOOK_TIMING_SUMMARY] epoch=2
[HOOK_WORK_SUMMARY] label=nccl:recursive_doubling calls=1560 work_total_ms=50012.837 work_mean_ms=32.060 work_min_ms=11.091 work_max_ms=74.931
[HOOK_TAIL_SUMMARY] label=nccl:recursive_doubling steps=195 tail_total_ms=48053.668 tail_mean_ms=246.429 tail_min_ms=194.144 tail_max_ms=312.944
[Epoch 2] Hook timing summary done

[Epoch 3] Training... (lr at epoch start=0.130902)
  Batch [50/195] Loss: 2.0267, Acc: 21.81%, lr: 0.115246
  Batch [100/195] Loss: 2.0310, Acc: 21.59%, lr: 0.099194
  Batch [150/195] Loss: 2.0087, Acc: 21.44%, lr: 0.083164
[Epoch 3] Train Loss: 1.9972, Acc: 22.45%  |  Val Loss: 1.8945, Acc: 26.85%  |  Time: 51.7s
[Epoch 3] t_iter median: 228.87 ms  (fwd 7.44 | bwd+comm 217.66 | opt 3.29 | data 0.13)  |  train-only epoch: 48.8s
  -> Best model saved (26.85%)
[Epoch 3] Summarizing hook timing...

[HOOK_TIMING_SUMMARY] epoch=3
[HOOK_WORK_SUMMARY] label=nccl:recursive_doubling calls=1560 work_total_ms=46142.424 work_mean_ms=29.578 work_min_ms=11.163 work_max_ms=72.283
[HOOK_TAIL_SUMMARY] label=nccl:recursive_doubling steps=195 tail_total_ms=44083.433 tail_mean_ms=226.069 tail_min_ms=194.805 tail_max_ms=312.124
[Epoch 3] Hook timing summary done

[Epoch 4] Training... (lr at epoch start=0.069098)
  Batch [50/195] Loss: 1.9319, Acc: 25.25%, lr: 0.054242
  Batch [100/195] Loss: 1.9099, Acc: 25.75%, lr: 0.040572
  Batch [150/195] Loss: 1.8980, Acc: 25.71%, lr: 0.028440
[Epoch 4] Train Loss: 1.8870, Acc: 26.51%  |  Val Loss: 1.8203, Acc: 30.92%  |  Time: 51.5s
[Epoch 4] t_iter median: 227.14 ms  (fwd 7.44 | bwd+comm 216.38 | opt 3.24 | data 0.15)  |  train-only epoch: 48.6s
  -> Best model saved (30.92%)
[Epoch 4] Summarizing hook timing...

[HOOK_TIMING_SUMMARY] epoch=4
[HOOK_WORK_SUMMARY] label=nccl:recursive_doubling calls=1560 work_total_ms=45905.175 work_mean_ms=29.426 work_min_ms=10.851 work_max_ms=66.278
[HOOK_TAIL_SUMMARY] label=nccl:recursive_doubling steps=195 tail_total_ms=44050.973 tail_mean_ms=225.902 tail_min_ms=196.598 tail_max_ms=309.243
[Epoch 4] Hook timing summary done

[Epoch 5] Training... (lr at epoch start=0.019098)
  Batch [50/195] Loss: 1.8456, Acc: 29.38%, lr: 0.010717
  Batch [100/195] Loss: 1.8389, Acc: 29.00%, lr: 0.004649
  Batch [150/195] Loss: 1.8330, Acc: 29.02%, lr: 0.001049
[Epoch 5] Train Loss: 1.8222, Acc: 29.50%  |  Val Loss: 1.7748, Acc: 30.82%  |  Time: 54.4s
[Epoch 5] t_iter median: 265.06 ms  (fwd 7.46 | bwd+comm 253.86 | opt 3.31 | data 0.13)  |  train-only epoch: 51.6s
[Epoch 5] Summarizing hook timing...

[HOOK_TIMING_SUMMARY] epoch=5
[HOOK_WORK_SUMMARY] label=nccl:recursive_doubling calls=1560 work_total_ms=48857.646 work_mean_ms=31.319 work_min_ms=12.049 work_max_ms=62.009
[HOOK_TAIL_SUMMARY] label=nccl:recursive_doubling steps=195 tail_total_ms=46885.512 tail_mean_ms=240.439 tail_min_ms=201.568 tail_max_ms=254.589
[Epoch 5] Hook timing summary done

================================================================================
Done in 279.1s | Best val acc: 30.92%
Epoch times (train+val): mean=55.1s  min=51.5s  max=62.2s
Train-only epoch time (epochs 2..N): median=50.20s  min=48.60s  max=52.87s
  -> use this for STRONG scaling (fixed global batch)
  -> use t_iter_median_ms from the CSV for WEAK scaling (fixed local batch)
================================================================================
=== Finished: model=wide_resnet50_2, dataset=cifar10, batch=32, lr=0.20, scheduler=cosine, backend=nccl, hook=recursive_doubling, zfp_rate=none, status=0 at Tue Aug  4 01:01:21 AM UTC 2026 ===
=== Starting: model=wide_resnet50_2, ws=8, bs=32, gb=256, lr=0.20, sched=cosine, warmup=0, epochs=5, mom=0.9, wd=5e-4, nesterov=true, wd_bn_bias=false, backend=nccl, hook=recursive_doubling_zfp_naive, zfp=16 at Tue Aug  4 01:01:21 AM UTC 2026 ===

================================================================================
DISTRIBUTED TRAINING LAUNCHER
================================================================================
  Model:      wide_resnet50_2 (CIFAR stem) (from scratch)
  Dataset:    cifar10 (10 classes)
  Image size: 32
  LR:         0.2
  Momentum:   0.9 (nesterov=True)
  Optimizer:  sgd
================================================================================
DISTRIBUTED TRAINING LAUNCHER
================================================================================
  Model:      wide_resnet50_2 (CIFAR stem) (from scratch)
  Dataset:    cifar10 (10 classes)
  Image size: 32
  LR:         0.2
  Momentum:   0.9 (nesterov=True)
  Optimizer:  sgd
  Weight dec: 0.0005 (on BN/bias=False)
  Backend:    nccl
  Algorithm:  recursive_doubling_zfp_naive
  ZFP rate:   16
  Epochs:     5
  Batch/rank: 32
  LR:         0.2
  Scheduler:  cosine
  Warmup:     0
  Grad clip:  None
  Drop last:  True
  Data dir:   ./data
================================================================================


  Weight dec: 0.0005 (on BN/bias=False)
  Backend:    nccl
  Algorithm:  recursive_doubling_zfp_naive
  ZFP rate:   16
  Epochs:     5
  Batch/rank: 32
  LR:         0.2
  Scheduler:  cosine
  Warmup:     0
  Grad clip:  None
  Drop last:  True
  Data dir:   ./data
================================================================================


================================================================================
DISTRIBUTED TRAINING LAUNCHER
================================================================================
  Model:      wide_resnet50_2 (CIFAR stem) (from scratch)
  Dataset:    cifar10 (10 classes)
  Image size: 32
  LR:         0.2
  Momentum:   0.9 (nesterov=True)
  Optimizer:  sgd
  Weight dec: 0.0005 (on BN/bias=False)
  Backend:    nccl
  Algorithm:  recursive_doubling_zfp_naive
  ZFP rate:   16
  Epochs:     5
  Batch/rank: 32
  LR:         0.2
  Scheduler:  cosine
  Warmup:     0
  Grad clip:  None
  Drop last:  True
  Data dir:   ./data
================================================================================


================================================================================
DISTRIBUTED TRAINING LAUNCHER
================================================================================
  Model:      wide_resnet50_2 (CIFAR stem) (from scratch)
  Dataset:    cifar10 (10 classes)
  Image size: 32
  LR:         0.2
  Momentum:   0.9 (nesterov=True)
  Optimizer:  sgd
  Weight dec: 0.0005 (on BN/bias=False)
  Backend:    nccl
  Algorithm:  recursive_doubling_zfp_naive
  ZFP rate:   16
  Epochs:     5
  Batch/rank: 32
  LR:         0.2
  Scheduler:  cosine
  Warmup:     0
  Grad clip:  None
  Drop last:  True
  Data dir:   ./data
================================================================================


================================================================================
DISTRIBUTED TRAINING LAUNCHER
================================================================================
  Model:      wide_resnet50_2 (CIFAR stem) (from scratch)
  Dataset:    cifar10 (10 classes)
  Image size: 32
  LR:         0.2
  Momentum:   0.9 (nesterov=True)
  Optimizer:  sgd
  Weight dec: 0.0005 (on BN/bias=False)
  Backend:    nccl
  Algorithm:  recursive_doubling_zfp_naive
  ZFP rate:   16
  Epochs:     5
  Batch/rank: 32
  LR:         0.2
  Scheduler:  cosine
  Warmup:     0
  Grad clip:  None
  Drop last:  True
  Data dir:   ./data
================================================================================


================================================================================
DISTRIBUTED TRAINING LAUNCHER
================================================================================
  Model:      wide_resnet50_2 (CIFAR stem) (from scratch)
  Dataset:    cifar10 (10 classes)
  Image size: 32
  LR:         0.2
  Momentum:   0.9 (nesterov=True)
  Optimizer:  sgd
  Weight dec: 0.0005 (on BN/bias=False)
  Backend:    nccl
  Algorithm:  recursive_doubling_zfp_naive
  ZFP rate:   16
  Epochs:     5
  Batch/rank: 32
  LR:         0.2
  Scheduler:  cosine
  Warmup:     0
  Grad clip:  None
  Drop last:  True
  Data dir:   ./data
================================================================================


================================================================================
DISTRIBUTED TRAINING LAUNCHER
================================================================================
  Model:      wide_resnet50_2 (CIFAR stem) (from scratch)
  Dataset:    cifar10 (10 classes)
  Image size: 32
  LR:         0.2
  Momentum:   0.9 (nesterov=True)
  Optimizer:  sgd
  Weight dec: 0.0005 (on BN/bias=False)
  Backend:    nccl
  Algorithm:  recursive_doubling_zfp_naive
  ZFP rate:   16
  Epochs:     5
  Batch/rank: 32
  LR:         0.2
  Scheduler:  cosine
  Warmup:     0
  Grad clip:  None
  Drop last:  True
  Data dir:   ./data
================================================================================


================================================================================
DISTRIBUTED TRAINING LAUNCHER
================================================================================
  Model:      wide_resnet50_2 (CIFAR stem) (from scratch)
  Dataset:    cifar10 (10 classes)
  Image size: 32
  LR:         0.2
  Momentum:   0.9 (nesterov=True)
  Optimizer:  sgd
  Weight dec: 0.0005 (on BN/bias=False)
  Backend:    nccl
  Algorithm:  recursive_doubling_zfp_naive
  ZFP rate:   16
  Epochs:     5
  Batch/rank: 32
  LR:         0.2
  Scheduler:  cosine
  Warmup:     0
  Grad clip:  None
  Drop last:  True
  Data dir:   ./data
================================================================================


================================================================================
Distributed Training: WIDE_RESNET50_2 on CIFAR10
Backend: NCCL, Algorithm: recursive_doubling_zfp_naive
================================================================================
Ranks: 8, Epochs: 5, Batch/rank: 32, Effective batch: 256
LR: 0.2, Device: cuda:0

[Cache] Pretrained weights cache (TORCH_HOME) = /eagle/UIC-HPC/matilderestelli/pretrained_weights_cache
[Setup] Model on cuda:0, wrapped in DDP (static_graph=True)
[Setup] Hook registered: nccl/recursive_doubling_zfp_naive
[Optim] SGD: lr=0.2 momentum=0.9 nesterov=True wd=0.0005 wd_on_bn_bias=False
[Optim]   group 0: 66,778,816 params, wd=0.0005
[Optim]   group 1: 68,234 params, wd=0.0
[Data] Train batches: 195, Val batches: 313

[Sched] cosine: steps/epoch=195, total_steps=975, warmup_steps=0 (0 epochs)


[Epoch 1] Training... (lr at epoch start=0.200000)
  Batch [50/195] Loss: 12.4460, Acc: 11.19%, lr: 0.198705
  Batch [100/195] Loss: 7.4514, Acc: 10.72%, lr: 0.194854
  Batch [150/195] Loss: 5.7524, Acc: 10.35%, lr: 0.188546
[Epoch 1] Train Loss: 4.9573, Acc: 10.74%  |  Val Loss: 2.3062, Acc: 11.02%  |  Time: 43.2s
[Epoch 1] t_iter median: 190.34 ms  (fwd 7.48 | bwd+comm 179.49 | opt 3.30 | data 0.11)  |  train-only epoch: 39.3s
  -> Best model saved (11.02%)
[Epoch 1] Summarizing hook timing...

[HOOK_TIMING_SUMMARY] epoch=1
[HOOK_WORK_SUMMARY] label=nccl:recursive_doubling_zfp_naive:rate16 calls=1546 work_total_ms=34453.440 work_mean_ms=22.286 work_min_ms=7.924 work_max_ms=242.472
[HOOK_TAIL_SUMMARY] label=nccl:recursive_doubling_zfp_naive:rate16 steps=196 tail_total_ms=32676.106 tail_mean_ms=166.715 tail_min_ms=74.449 tail_max_ms=244.678
[Epoch 1] Hook timing summary done

[Epoch 2] Training... (lr at epoch start=0.180902)
  Batch [50/195] Loss: 2.3028, Acc: 10.88%, lr: 0.170425
  Batch [100/195] Loss: 2.3017, Acc: 10.25%, lr: 0.158125
  Batch [150/195] Loss: 2.2987, Acc: 10.88%, lr: 0.144319
[Epoch 2] Train Loss: 2.2898, Acc: 11.78%  |  Val Loss: 2.2384, Acc: 15.27%  |  Time: 33.2s
[Epoch 2] t_iter median: 151.56 ms  (fwd 7.57 | bwd+comm 140.48 | opt 3.38 | data 0.14)  |  train-only epoch: 30.4s
  -> Best model saved (15.27%)
[Epoch 2] Summarizing hook timing...

[HOOK_TIMING_SUMMARY] epoch=2
[HOOK_WORK_SUMMARY] label=nccl:recursive_doubling_zfp_naive:rate16 calls=1560 work_total_ms=27619.012 work_mean_ms=17.704 work_min_ms=7.286 work_max_ms=36.913
[HOOK_TAIL_SUMMARY] label=nccl:recursive_doubling_zfp_naive:rate16 steps=195 tail_total_ms=25740.897 tail_mean_ms=132.005 tail_min_ms=124.627 tail_max_ms=171.814
[Epoch 2] Hook timing summary done

[Epoch 3] Training... (lr at epoch start=0.130902)
  Batch [50/195] Loss: 2.1726, Acc: 17.81%, lr: 0.115246
  Batch [100/195] Loss: 2.1495, Acc: 18.72%, lr: 0.099194
  Batch [150/195] Loss: 2.1259, Acc: 18.48%, lr: 0.083164
[Epoch 3] Train Loss: 2.1191, Acc: 18.67%  |  Val Loss: 2.0802, Acc: 18.38%  |  Time: 38.2s
[Epoch 3] t_iter median: 180.99 ms  (fwd 7.48 | bwd+comm 170.00 | opt 3.29 | data 0.12)  |  train-only epoch: 35.3s
  -> Best model saved (18.38%)
[Epoch 3] Summarizing hook timing...

[HOOK_TIMING_SUMMARY] epoch=3
[HOOK_WORK_SUMMARY] label=nccl:recursive_doubling_zfp_naive:rate16 calls=1560 work_total_ms=32623.088 work_mean_ms=20.912 work_min_ms=7.741 work_max_ms=37.775
[HOOK_TAIL_SUMMARY] label=nccl:recursive_doubling_zfp_naive:rate16 steps=195 tail_total_ms=30682.396 tail_mean_ms=157.346 tail_min_ms=135.850 tail_max_ms=179.169
[Epoch 3] Hook timing summary done

[Epoch 4] Training... (lr at epoch start=0.069098)
  Batch [50/195] Loss: 2.0728, Acc: 18.56%, lr: 0.054242
  Batch [100/195] Loss: 2.0555, Acc: 19.31%, lr: 0.040572
  Batch [150/195] Loss: 2.0371, Acc: 20.02%, lr: 0.028440
[Epoch 4] Train Loss: 2.0341, Acc: 20.32%  |  Val Loss: 1.9999, Acc: 21.37%  |  Time: 40.2s
[Epoch 4] t_iter median: 190.02 ms  (fwd 7.49 | bwd+comm 178.99 | opt 3.29 | data 0.13)  |  train-only epoch: 37.3s
  -> Best model saved (21.37%)
[Epoch 4] Summarizing hook timing...

[HOOK_TIMING_SUMMARY] epoch=4
[HOOK_WORK_SUMMARY] label=nccl:recursive_doubling_zfp_naive:rate16 calls=1560 work_total_ms=34582.346 work_mean_ms=22.168 work_min_ms=8.870 work_max_ms=46.256
[HOOK_TAIL_SUMMARY] label=nccl:recursive_doubling_zfp_naive:rate16 steps=195 tail_total_ms=32597.868 tail_mean_ms=167.169 tail_min_ms=135.108 tail_max_ms=183.885
[Epoch 4] Hook timing summary done

[Epoch 5] Training... (lr at epoch start=0.019098)
  Batch [50/195] Loss: 2.0008, Acc: 21.38%, lr: 0.010717
  Batch [100/195] Loss: 1.9944, Acc: 21.22%, lr: 0.004649
  Batch [150/195] Loss: 1.9849, Acc: 21.96%, lr: 0.001049
[Epoch 5] Train Loss: 1.9753, Acc: 22.12%  |  Val Loss: 1.9232, Acc: 24.07%  |  Time: 36.2s
[Epoch 5] t_iter median: 167.74 ms  (fwd 7.63 | bwd+comm 156.60 | opt 3.41 | data 0.14)  |  train-only epoch: 33.4s
  -> Best model saved (24.07%)
[Epoch 5] Summarizing hook timing...

[HOOK_TIMING_SUMMARY] epoch=5
[HOOK_WORK_SUMMARY] label=nccl:recursive_doubling_zfp_naive:rate16 calls=1560 work_total_ms=30631.713 work_mean_ms=19.636 work_min_ms=8.141 work_max_ms=44.609
[HOOK_TAIL_SUMMARY] label=nccl:recursive_doubling_zfp_naive:rate16 steps=195 tail_total_ms=28752.362 tail_mean_ms=147.448 tail_min_ms=134.194 tail_max_ms=184.368
[Epoch 5] Hook timing summary done

================================================================================
Done in 195.6s | Best val acc: 24.07%
Epoch times (train+val): mean=38.2s  min=33.2s  max=43.2s
Train-only epoch time (epochs 2..N): median=34.33s  min=30.37s  max=37.32s
  -> use this for STRONG scaling (fixed global batch)
  -> use t_iter_median_ms from the CSV for WEAK scaling (fixed local batch)
================================================================================
=== Finished: model=wide_resnet50_2, dataset=cifar10, batch=32, lr=0.20, scheduler=cosine, backend=nccl, hook=recursive_doubling_zfp_naive, zfp_rate=16, status=0 at Tue Aug  4 01:04:48 AM UTC 2026 ===
=== Starting: model=wide_resnet50_2, ws=8, bs=32, gb=256, lr=0.20, sched=cosine, warmup=0, epochs=5, mom=0.9, wd=5e-4, nesterov=true, wd_bn_bias=false, backend=nccl, hook=recursive_doubling_zfp_online_coll, zfp=16 at Tue Aug  4 01:04:48 AM UTC 2026 ===

================================================================================
DISTRIBUTED TRAINING LAUNCHER
================================================================================
  Model:      wide_resnet50_2 (CIFAR stem) (from scratch)
  Dataset:    cifar10 (10 classes)
  Image size: 32
  LR:         0.2
  Momentum:   0.9 (nesterov=True)
  Optimizer:  sgd
  Weight dec: 0.0005 (on BN/bias=False)
  Backend:    nccl
  Algorithm:  recursive_doubling_zfp_online_coll
  ZFP rate:   16
  Epochs:     5
  Batch/rank: 32
  LR:         0.2
  Scheduler:  cosine
  Warmup:     0
  Grad clip:  None
  Drop last:  True
  Data dir:   ./data
================================================================================


================================================================================
DISTRIBUTED TRAINING LAUNCHER
================================================================================
  Model:      wide_resnet50_2 (CIFAR stem) (from scratch)
  Dataset:    cifar10 (10 classes)
  Image size: 32
  LR:         0.2
  Momentum:   0.9 (nesterov=True)
  Optimizer:  sgd
  Weight dec: 0.0005 (on BN/bias=False)
  Backend:    nccl
  Algorithm:  recursive_doubling_zfp_online_coll
  ZFP rate:   16
  Epochs:     5
  Batch/rank: 32
  LR:         0.2
  Scheduler:  cosine
  Warmup:     0
  Grad clip:  None
  Drop last:  True
  Data dir:   ./data
================================================================================


================================================================================
DISTRIBUTED TRAINING LAUNCHER
================================================================================
  Model:      wide_resnet50_2 (CIFAR stem) (from scratch)
  Dataset:    cifar10 (10 classes)
  Image size: 32
  LR:         0.2
  Momentum:   0.9 (nesterov=True)
  Optimizer:  sgd
  Weight dec: 0.0005 (on BN/bias=False)
  Backend:    nccl
  Algorithm:  recursive_doubling_zfp_online_coll
  ZFP rate:   16
  Epochs:     5
  Batch/rank: 32
  LR:         0.2
  Scheduler:  cosine
  Warmup:     0
  Grad clip:  None
  Drop last:  True
  Data dir:   ./data
================================================================================


================================================================================
DISTRIBUTED TRAINING LAUNCHER
================================================================================
  Model:      wide_resnet50_2 (CIFAR stem) (from scratch)
  Dataset:    cifar10 (10 classes)
  Image size: 32
  LR:         0.2
  Momentum:   0.9 (nesterov=True)
  Optimizer:  sgd
  Weight dec: 0.0005 (on BN/bias=False)
  Backend:    nccl
  Algorithm:  recursive_doubling_zfp_online_coll
  ZFP rate:   16
  Epochs:     5
  Batch/rank: 32
  LR:         0.2
  Scheduler:  cosine
  Warmup:     0
  Grad clip:  None
  Drop last:  True
  Data dir:   ./data
================================================================================


================================================================================
DISTRIBUTED TRAINING LAUNCHER
================================================================================
  Model:      wide_resnet50_2 (CIFAR stem) (from scratch)
  Dataset:    cifar10 (10 classes)
  Image size: 32
  LR:         0.2
  Momentum:   0.9 (nesterov=True)
  Optimizer:  sgd
  Weight dec: 0.0005 (on BN/bias=False)
================================================================================
DISTRIBUTED TRAINING LAUNCHER
================================================================================
  Model:      wide_resnet50_2 (CIFAR stem) (from scratch)
  Dataset:    cifar10 (10 classes)
  Image size: 32
  LR:         0.2
  Momentum:   0.9 (nesterov=True)
  Optimizer:  sgd
  Weight dec: 0.0005 (on BN/bias=False)
  Backend:    nccl
  Algorithm:  recursive_doubling_zfp_online_coll
  ZFP rate:   16
  Epochs:     5
  Batch/rank: 32
  LR:         0.2
  Scheduler:  cosine
  Warmup:     0
  Grad clip:  None
  Drop last:  True
  Data dir:   ./data
================================================================================


  Backend:    nccl
  Algorithm:  recursive_doubling_zfp_online_coll
  ZFP rate:   16
  Epochs:     5
  Batch/rank: 32
  LR:         0.2
  Scheduler:  cosine
  Warmup:     0
  Grad clip:  None
  Drop last:  True
  Data dir:   ./data
================================================================================


================================================================================
DISTRIBUTED TRAINING LAUNCHER
================================================================================
  Model:      wide_resnet50_2 (CIFAR stem) (from scratch)
  Dataset:    cifar10 (10 classes)
  Image size: 32

================================================================================
DISTRIBUTED TRAINING LAUNCHER
================================================================================
  Model:      wide_resnet50_2 (CIFAR stem) (from scratch)
  Dataset:    cifar10 (10 classes)
  Image size: 32
  LR:         0.2
  Momentum:   0.9 (nesterov=True)
  Optimizer:  sgd  LR:         0.2
  Momentum:   0.9 (nesterov=True)
  Optimizer:  sgd
  Weight dec: 0.0005 (on BN/bias=False)
  Backend:    nccl
  Algorithm:  recursive_doubling_zfp_online_coll
  ZFP rate:   16
  Epochs:     5
  Batch/rank: 32
  LR:         0.2
  Scheduler:  cosine
  Warmup:     0
  Grad clip:  None
  Drop last:  True
  Data dir:   ./data
================================================================================


  Weight dec: 0.0005 (on BN/bias=False)
  Backend:    nccl
  Algorithm:  recursive_doubling_zfp_online_coll
  ZFP rate:   16
  Epochs:     5
  Batch/rank: 32
  LR:         0.2
  Scheduler:  cosine
  Warmup:     0
  Grad clip:  None
  Drop last:  True
  Data dir:   ./data
================================================================================


================================================================================
Distributed Training: WIDE_RESNET50_2 on CIFAR10
Backend: NCCL, Algorithm: recursive_doubling_zfp_online_coll
================================================================================
Ranks: 8, Epochs: 5, Batch/rank: 32, Effective batch: 256
LR: 0.2, Device: cuda:0

[Cache] Pretrained weights cache (TORCH_HOME) = /eagle/UIC-HPC/matilderestelli/pretrained_weights_cache
[Setup] Model on cuda:0, wrapped in DDP (static_graph=True)
[Setup] Hook registered: nccl/recursive_doubling_zfp_online_coll
[Optim] SGD: lr=0.2 momentum=0.9 nesterov=True wd=0.0005 wd_on_bn_bias=False
[Optim]   group 0: 66,778,816 params, wd=0.0005
[Optim]   group 1: 68,234 params, wd=0.0
[Data] Train batches: 195, Val batches: 313

[Sched] cosine: steps/epoch=195, total_steps=975, warmup_steps=0 (0 epochs)


[Epoch 1] Training... (lr at epoch start=0.200000)
  Batch [50/195] Loss: 24.3378, Acc: 10.88%, lr: 0.198705
  Batch [100/195] Loss: 13.8506, Acc: 11.16%, lr: 0.194854
  Batch [150/195] Loss: 10.1932, Acc: 11.81%, lr: 0.188546
[Epoch 1] Train Loss: 8.4801, Acc: 12.74%  |  Val Loss: 3.0469, Acc: 18.36%  |  Time: 32.9s
[Epoch 1] t_iter median: 134.06 ms  (fwd 7.44 | bwd+comm 123.20 | opt 3.22 | data 0.12)  |  train-only epoch: 29.0s
  -> Best model saved (18.36%)
[Epoch 1] Summarizing hook timing...

[HOOK_TIMING_SUMMARY] epoch=1
[HOOK_WORK_SUMMARY] label=nccl:hier_zfp_online_coll:rate16 calls=1546 work_total_ms=24092.731 work_mean_ms=15.584 work_min_ms=7.312 work_max_ms=378.420
[HOOK_TAIL_SUMMARY] label=nccl:recursive_doubling_zfp_online_coll:rate16 steps=196 tail_total_ms=22176.274 tail_mean_ms=113.144 tail_min_ms=9.606 tail_max_ms=512.739
[Epoch 1] Hook timing summary done

[Epoch 2] Training... (lr at epoch start=0.180902)
  Batch [50/195] Loss: 2.5323, Acc: 20.75%, lr: 0.170425
  Batch [100/195] Loss: 2.4604, Acc: 21.44%, lr: 0.158125
  Batch [150/195] Loss: 2.3649, Acc: 23.12%, lr: 0.144319
[Epoch 2] Train Loss: 2.2997, Acc: 23.64%  |  Val Loss: 4.2249, Acc: 28.46%  |  Time: 29.2s
[Epoch 2] t_iter median: 133.25 ms  (fwd 7.64 | bwd+comm 121.98 | opt 3.48 | data 0.14)  |  train-only epoch: 26.3s
  -> Best model saved (28.46%)
[Epoch 2] Summarizing hook timing...

[HOOK_TIMING_SUMMARY] epoch=2
[HOOK_WORK_SUMMARY] label=nccl:hier_zfp_online_coll:rate16 calls=1560 work_total_ms=23486.252 work_mean_ms=15.055 work_min_ms=6.077 work_max_ms=32.717
[HOOK_TAIL_SUMMARY] label=nccl:recursive_doubling_zfp_online_coll:rate16 steps=195 tail_total_ms=21393.862 tail_mean_ms=109.712 tail_min_ms=105.605 tail_max_ms=115.059
[Epoch 2] Hook timing summary done

[Epoch 3] Training... (lr at epoch start=0.130902)
  Batch [50/195] Loss: 1.9869, Acc: 27.12%, lr: 0.115246
  Batch [100/195] Loss: 1.9608, Acc: 27.53%, lr: 0.099194
  Batch [150/195] Loss: 1.9218, Acc: 28.58%, lr: 0.083164
[Epoch 3] Train Loss: 1.9057, Acc: 29.23%  |  Val Loss: 4.6310, Acc: 32.76%  |  Time: 29.5s
[Epoch 3] t_iter median: 135.05 ms  (fwd 7.63 | bwd+comm 123.88 | opt 3.44 | data 0.15)  |  train-only epoch: 26.6s
  -> Best model saved (32.76%)
[Epoch 3] Summarizing hook timing...

[HOOK_TIMING_SUMMARY] epoch=3
[HOOK_WORK_SUMMARY] label=nccl:hier_zfp_online_coll:rate16 calls=1560 work_total_ms=23857.507 work_mean_ms=15.293 work_min_ms=6.025 work_max_ms=34.208
[HOOK_TAIL_SUMMARY] label=nccl:recursive_doubling_zfp_online_coll:rate16 steps=195 tail_total_ms=21606.151 tail_mean_ms=110.801 tail_min_ms=104.026 tail_max_ms=114.529
[Epoch 3] Hook timing summary done

[Epoch 4] Training... (lr at epoch start=0.069098)
  Batch [50/195] Loss: 1.8343, Acc: 30.69%, lr: 0.054242
  Batch [100/195] Loss: 1.8248, Acc: 30.75%, lr: 0.040572
  Batch [150/195] Loss: 1.8024, Acc: 31.79%, lr: 0.028440
[Epoch 4] Train Loss: 1.7899, Acc: 31.86%  |  Val Loss: 5.7501, Acc: 35.46%  |  Time: 29.4s
[Epoch 4] t_iter median: 134.77 ms  (fwd 7.52 | bwd+comm 123.76 | opt 3.35 | data 0.13)  |  train-only epoch: 26.6s
  -> Best model saved (35.46%)
[Epoch 4] Summarizing hook timing...

[HOOK_TIMING_SUMMARY] epoch=4
[HOOK_WORK_SUMMARY] label=nccl:hier_zfp_online_coll:rate16 calls=1560 work_total_ms=23817.198 work_mean_ms=15.267 work_min_ms=6.273 work_max_ms=34.200
[HOOK_TAIL_SUMMARY] label=nccl:recursive_doubling_zfp_online_coll:rate16 steps=195 tail_total_ms=21589.403 tail_mean_ms=110.715 tail_min_ms=104.689 tail_max_ms=115.304
[Epoch 4] Hook timing summary done

[Epoch 5] Training... (lr at epoch start=0.019098)
  Batch [50/195] Loss: 1.7615, Acc: 32.88%, lr: 0.010717
  Batch [100/195] Loss: 1.7469, Acc: 33.81%, lr: 0.004649
  Batch [150/195] Loss: 1.7450, Acc: 34.15%, lr: 0.001049
[Epoch 5] Train Loss: 1.7335, Acc: 34.26%  |  Val Loss: 3.3253, Acc: 36.73%  |  Time: 29.8s
[Epoch 5] t_iter median: 136.37 ms  (fwd 7.45 | bwd+comm 125.47 | opt 3.33 | data 0.12)  |  train-only epoch: 26.9s
  -> Best model saved (36.73%)
[Epoch 5] Summarizing hook timing...

[HOOK_TIMING_SUMMARY] epoch=5
[HOOK_WORK_SUMMARY] label=nccl:hier_zfp_online_coll:rate16 calls=1560 work_total_ms=24174.309 work_mean_ms=15.496 work_min_ms=6.153 work_max_ms=34.930
[HOOK_TAIL_SUMMARY] label=nccl:recursive_doubling_zfp_online_coll:rate16 steps=195 tail_total_ms=21827.469 tail_mean_ms=111.936 tail_min_ms=106.709 tail_max_ms=116.223
[Epoch 5] Hook timing summary done

================================================================================
Done in 155.3s | Best val acc: 36.73%
Epoch times (train+val): mean=30.1s  min=29.2s  max=32.9s
Train-only epoch time (epochs 2..N): median=26.59s  min=26.29s  max=26.88s
  -> use this for STRONG scaling (fixed global batch)
  -> use t_iter_median_ms from the CSV for WEAK scaling (fixed local batch)
================================================================================
=== Finished: model=wide_resnet50_2, dataset=cifar10, batch=32, lr=0.20, scheduler=cosine, backend=nccl, hook=recursive_doubling_zfp_online_coll, zfp_rate=16, status=0 at Tue Aug  4 01:07:34 AM UTC 2026 ===
=== Starting: model=wide_resnet50_2, ws=8, bs=32, gb=256, lr=0.20, sched=cosine, warmup=0, epochs=5, mom=0.9, wd=5e-4, nesterov=true, wd_bn_bias=false, backend=nccl, hook=recursive_doubling_zfp_online_coll, zfp=8 at Tue Aug  4 01:07:34 AM UTC 2026 ===

================================================================================
DISTRIBUTED TRAINING LAUNCHER
================================================================================
  Model:      wide_resnet50_2 (CIFAR stem) (from scratch)
  Dataset:    cifar10 (10 classes)
  Image size: 32
  LR:         0.2
  Momentum:   0.9 (nesterov=True)
  Optimizer:  sgd
  Weight dec: 0.0005 (on BN/bias=False)
  Backend:    nccl
  Algorithm:  recursive_doubling_zfp_online_coll
  ZFP rate:   8
  Epochs:     5
  Batch/rank: 32
  LR:         0.2
  Scheduler:  cosine
  Warmup:     0
  Grad clip:  None
  Drop last:  True
  Data dir:   ./data
================================================================================


================================================================================
DISTRIBUTED TRAINING LAUNCHER
================================================================================
  Model:      wide_resnet50_2 (CIFAR stem) (from scratch)
  Dataset:    cifar10 (10 classes)
  Image size: 32
  LR:         0.2
  Momentum:   0.9 (nesterov=True)
  Optimizer:  sgd
  Weight dec: 0.0005 (on BN/bias=False)
  Backend:    nccl
  Algorithm:  recursive_doubling_zfp_online_coll
  ZFP rate:   8
  Epochs:     5
  Batch/rank: 32
  LR:         0.2
  Scheduler:  cosine
  Warmup:     0
  Grad clip:  None
  Drop last:  True
  Data dir:   ./data
================================================================================


================================================================================
DISTRIBUTED TRAINING LAUNCHER
================================================================================
  Model:      wide_resnet50_2 (CIFAR stem) (from scratch)
  Dataset:    cifar10 (10 classes)
  Image size: 32
  LR:         0.2
  Momentum:   0.9 (nesterov=True)
  Optimizer:  sgd
  Weight dec: 0.0005 (on BN/bias=False)
  Backend:    nccl
  Algorithm:  recursive_doubling_zfp_online_coll
  ZFP rate:   8
  Epochs:     5
  Batch/rank: 32
  LR:         0.2
  Scheduler:  cosine
  Warmup:     0
  Grad clip:  None
  Drop last:  True
  Data dir:   ./data
================================================================================


================================================================================
DISTRIBUTED TRAINING LAUNCHER
================================================================================
  Model:      wide_resnet50_2 (CIFAR stem) (from scratch)
  Dataset:    cifar10 (10 classes)
  Image size: 32
  LR:         0.2
  Momentum:   0.9 (nesterov=True)
  Optimizer:  sgd
  Weight dec: 0.0005 (on BN/bias=False)
  Backend:    nccl
  Algorithm:  recursive_doubling_zfp_online_coll
  ZFP rate:   8
  Epochs:     5
  Batch/rank: 32
  LR:         0.2
  Scheduler:  cosine
  Warmup:     0
  Grad clip:  None
  Drop last:  True
  Data dir:   ./data
================================================================================


================================================================================
DISTRIBUTED TRAINING LAUNCHER
================================================================================
  Model:      wide_resnet50_2 (CIFAR stem) (from scratch)
  Dataset:    cifar10 (10 classes)
  Image size: 32
  LR:         0.2
  Momentum:   0.9 (nesterov=True)
  Optimizer:  sgd
  Weight dec: 0.0005 (on BN/bias=False)
  Backend:    nccl
  Algorithm:  recursive_doubling_zfp_online_coll
  ZFP rate:   8
  Epochs:     5
  Batch/rank: 32
  LR:         0.2
  Scheduler:  cosine
  Warmup:     0
  Grad clip:  None
  Drop last:  True
  Data dir:   ./data
================================================================================


================================================================================
DISTRIBUTED TRAINING LAUNCHER
================================================================================
  Model:      wide_resnet50_2 (CIFAR stem) (from scratch)
  Dataset:    cifar10 (10 classes)
  Image size: 32
  LR:         0.2
  Momentum:   0.9 (nesterov=True)
  Optimizer:  sgd
  Weight dec: 0.0005 (on BN/bias=False)
  Backend:    nccl
  Algorithm:  recursive_doubling_zfp_online_coll
  ZFP rate:   8
  Epochs:     5
  Batch/rank: 32
  LR:         0.2
  Scheduler:  cosine
  Warmup:     0
  Grad clip:  None
  Drop last:  True
  Data dir:   ./data
================================================================================


================================================================================
DISTRIBUTED TRAINING LAUNCHER
================================================================================
  Model:      wide_resnet50_2 (CIFAR stem) (from scratch)
  Dataset:    cifar10 (10 classes)
  Image size: 32
  LR:         0.2
  Momentum:   0.9 (nesterov=True)
  Optimizer:  sgd
  Weight dec: 0.0005 (on BN/bias=False)
  Backend:    nccl
  Algorithm:  recursive_doubling_zfp_online_coll
  ZFP rate:   8
  Epochs:     5
  Batch/rank: 32
  LR:         0.2
  Scheduler:  cosine
  Warmup:     0
  Grad clip:  None
  Drop last:  True
  Data dir:   ./data
================================================================================


================================================================================
DISTRIBUTED TRAINING LAUNCHER
================================================================================
  Model:      wide_resnet50_2 (CIFAR stem) (from scratch)
  Dataset:    cifar10 (10 classes)
  Image size: 32
  LR:         0.2
  Momentum:   0.9 (nesterov=True)
  Optimizer:  sgd
  Weight dec: 0.0005 (on BN/bias=False)
  Backend:    nccl
  Algorithm:  recursive_doubling_zfp_online_coll
  ZFP rate:   8
  Epochs:     5
  Batch/rank: 32
  LR:         0.2
  Scheduler:  cosine
  Warmup:     0
  Grad clip:  None
  Drop last:  True
  Data dir:   ./data
================================================================================


================================================================================
Distributed Training: WIDE_RESNET50_2 on CIFAR10
Backend: NCCL, Algorithm: recursive_doubling_zfp_online_coll
================================================================================
Ranks: 8, Epochs: 5, Batch/rank: 32, Effective batch: 256
LR: 0.2, Device: cuda:0

[Cache] Pretrained weights cache (TORCH_HOME) = /eagle/UIC-HPC/matilderestelli/pretrained_weights_cache
[Setup] Model on cuda:0, wrapped in DDP (static_graph=True)
[Setup] Hook registered: nccl/recursive_doubling_zfp_online_coll
[Optim] SGD: lr=0.2 momentum=0.9 nesterov=True wd=0.0005 wd_on_bn_bias=False
[Optim]   group 0: 66,778,816 params, wd=0.0005
[Optim]   group 1: 68,234 params, wd=0.0
[Data] Train batches: 195, Val batches: 313

[Sched] cosine: steps/epoch=195, total_steps=975, warmup_steps=0 (0 epochs)


[Epoch 1] Training... (lr at epoch start=0.200000)
  Batch [50/195] Loss: 22.6262, Acc: 10.12%, lr: 0.198705
  Batch [100/195] Loss: 13.0298, Acc: 10.84%, lr: 0.194854
  Batch [150/195] Loss: 9.7035, Acc: 11.25%, lr: 0.188546
[Epoch 1] Train Loss: 8.1015, Acc: 11.31%  |  Val Loss: 3.8276, Acc: 11.70%  |  Time: 25.3s
[Epoch 1] t_iter median: 94.65 ms  (fwd 7.46 | bwd+comm 83.74 | opt 3.33 | data 0.12)  |  train-only epoch: 21.3s
  -> Best model saved (11.70%)
[Epoch 1] Summarizing hook timing...

[HOOK_TIMING_SUMMARY] epoch=1
[HOOK_WORK_SUMMARY] label=nccl:hier_zfp_online_coll:rate8 calls=1546 work_total_ms=16306.144 work_mean_ms=10.547 work_min_ms=4.414 work_max_ms=366.633
[HOOK_TAIL_SUMMARY] label=nccl:recursive_doubling_zfp_online_coll:rate8 steps=196 tail_total_ms=14206.881 tail_mean_ms=72.484 tail_min_ms=7.793 tail_max_ms=502.638
[Epoch 1] Hook timing summary done

[Epoch 2] Training... (lr at epoch start=0.180902)
  Batch [50/195] Loss: 2.8200, Acc: 11.75%, lr: 0.170425
  Batch [100/195] Loss: 2.7151, Acc: 12.66%, lr: 0.158125
  Batch [150/195] Loss: 2.6565, Acc: 13.50%, lr: 0.144319
[Epoch 2] Train Loss: 2.5898, Acc: 14.29%  |  Val Loss: 4.2851, Acc: 18.69%  |  Time: 21.5s
[Epoch 2] t_iter median: 94.02 ms  (fwd 7.51 | bwd+comm 83.08 | opt 3.31 | data 0.12)  |  train-only epoch: 18.7s
  -> Best model saved (18.69%)
[Epoch 2] Summarizing hook timing...

[HOOK_TIMING_SUMMARY] epoch=2
[HOOK_WORK_SUMMARY] label=nccl:hier_zfp_online_coll:rate8 calls=1560 work_total_ms=15988.739 work_mean_ms=10.249 work_min_ms=4.478 work_max_ms=30.559
[HOOK_TAIL_SUMMARY] label=nccl:recursive_doubling_zfp_online_coll:rate8 steps=195 tail_total_ms=13814.543 tail_mean_ms=70.844 tail_min_ms=68.682 tail_max_ms=73.361
[Epoch 2] Hook timing summary done

[Epoch 3] Training... (lr at epoch start=0.130902)
  Batch [50/195] Loss: 2.2937, Acc: 20.94%, lr: 0.115246
  Batch [100/195] Loss: 2.2900, Acc: 20.16%, lr: 0.099194
  Batch [150/195] Loss: 2.2583, Acc: 20.06%, lr: 0.083164
[Epoch 3] Train Loss: 2.2343, Acc: 20.29%  |  Val Loss: 3.5686, Acc: 22.71%  |  Time: 21.5s
[Epoch 3] t_iter median: 93.78 ms  (fwd 7.54 | bwd+comm 82.75 | opt 3.40 | data 0.14)  |  train-only epoch: 18.6s
  -> Best model saved (22.71%)
[Epoch 3] Summarizing hook timing...

[HOOK_TIMING_SUMMARY] epoch=3
[HOOK_WORK_SUMMARY] label=nccl:hier_zfp_online_coll:rate8 calls=1560 work_total_ms=15879.014 work_mean_ms=10.179 work_min_ms=4.514 work_max_ms=28.207
[HOOK_TAIL_SUMMARY] label=nccl:recursive_doubling_zfp_online_coll:rate8 steps=195 tail_total_ms=13761.337 tail_mean_ms=70.571 tail_min_ms=67.506 tail_max_ms=73.841
[Epoch 3] Hook timing summary done

[Epoch 4] Training... (lr at epoch start=0.069098)
  Batch [50/195] Loss: 2.1000, Acc: 19.12%, lr: 0.054242
  Batch [100/195] Loss: 2.0839, Acc: 20.25%, lr: 0.040572
  Batch [150/195] Loss: 2.0647, Acc: 20.85%, lr: 0.028440
[Epoch 4] Train Loss: 2.0629, Acc: 20.88%  |  Val Loss: 4.5425, Acc: 23.22%  |  Time: 21.6s
[Epoch 4] t_iter median: 94.09 ms  (fwd 7.52 | bwd+comm 83.13 | opt 3.33 | data 0.13)  |  train-only epoch: 18.7s
  -> Best model saved (23.22%)
[Epoch 4] Summarizing hook timing...

[HOOK_TIMING_SUMMARY] epoch=4
[HOOK_WORK_SUMMARY] label=nccl:hier_zfp_online_coll:rate8 calls=1560 work_total_ms=15968.793 work_mean_ms=10.236 work_min_ms=4.482 work_max_ms=28.755
[HOOK_TAIL_SUMMARY] label=nccl:recursive_doubling_zfp_online_coll:rate8 steps=195 tail_total_ms=13854.330 tail_mean_ms=71.048 tail_min_ms=68.930 tail_max_ms=72.984
[Epoch 4] Hook timing summary done

[Epoch 5] Training... (lr at epoch start=0.019098)
  Batch [50/195] Loss: 2.0252, Acc: 21.62%, lr: 0.010717
  Batch [100/195] Loss: 2.0182, Acc: 22.38%, lr: 0.004649
  Batch [150/195] Loss: 2.0207, Acc: 22.27%, lr: 0.001049
[Epoch 5] Train Loss: 2.0217, Acc: 22.53%  |  Val Loss: 3.5253, Acc: 23.90%  |  Time: 21.6s
[Epoch 5] t_iter median: 94.23 ms  (fwd 7.46 | bwd+comm 83.35 | opt 3.33 | data 0.12)  |  train-only epoch: 18.7s
  -> Best model saved (23.90%)
[Epoch 5] Summarizing hook timing...

[HOOK_TIMING_SUMMARY] epoch=5
[HOOK_WORK_SUMMARY] label=nccl:hier_zfp_online_coll:rate8 calls=1560 work_total_ms=16038.653 work_mean_ms=10.281 work_min_ms=4.421 work_max_ms=29.552
[HOOK_TAIL_SUMMARY] label=nccl:recursive_doubling_zfp_online_coll:rate8 steps=195 tail_total_ms=13804.043 tail_mean_ms=70.790 tail_min_ms=68.433 tail_max_ms=74.767
[Epoch 5] Hook timing summary done

================================================================================
Done in 116.0s | Best val acc: 23.90%
Epoch times (train+val): mean=22.3s  min=21.5s  max=25.3s
Train-only epoch time (epochs 2..N): median=18.67s  min=18.61s  max=18.70s
  -> use this for STRONG scaling (fixed global batch)
  -> use t_iter_median_ms from the CSV for WEAK scaling (fixed local batch)
================================================================================
=== Finished: model=wide_resnet50_2, dataset=cifar10, batch=32, lr=0.20, scheduler=cosine, backend=nccl, hook=recursive_doubling_zfp_online_coll, zfp_rate=8, status=0 at Tue Aug  4 01:09:42 AM UTC 2026 ===
=== Starting: model=wide_resnet50_2, ws=8, bs=128, gb=1024, lr=0.80, sched=cosine, warmup=0, epochs=5, mom=0.9, wd=5e-4, nesterov=true, wd_bn_bias=false, backend=nccl, hook=none, zfp=none at Tue Aug  4 01:09:42 AM UTC 2026 ===

================================================================================
DISTRIBUTED TRAINING LAUNCHER
================================================================================
  Model:      wide_resnet50_2 (CIFAR stem) (from scratch)
  Dataset:    cifar10 (10 classes)
  Image size: 32
  LR:         0.8
  Momentum:   0.9 (nesterov=True)
  Optimizer:  sgd
  Weight dec: 0.0005 (on BN/bias=False)
  Backend:    nccl

================================================================================
DISTRIBUTED TRAINING LAUNCHER
================================================================================
  Model:      wide_resnet50_2 (CIFAR stem) (from scratch)
  Dataset:    cifar10 (10 classes)
  Image size: 32
  LR:         0.8
  Momentum:   0.9 (nesterov=True)
  Optimizer:  sgd
  Weight dec: 0.0005 (on BN/bias=False)
  Backend:    nccl
  Algorithm:  built-in (no hook)
  Epochs:     5
  Batch/rank: 128
  LR:         0.8
  Scheduler:  cosine
  Warmup:     0
  Grad clip:  None
  Drop last:  True
  Data dir:   ./data
================================================================================

  Algorithm:  built-in (no hook)
  Epochs:     5
  Batch/rank: 128
  LR:         0.8
  Scheduler:  cosine
  Warmup:     0
  Grad clip:  None
  Drop last:  True
  Data dir:   ./data
================================================================================


================================================================================
DISTRIBUTED TRAINING LAUNCHER
================================================================================
  Model:      wide_resnet50_2 (CIFAR stem) (from scratch)
  Dataset:    cifar10 (10 classes)
  Image size: 32
  LR:         0.8
  Momentum:   0.9 (nesterov=True)
  Optimizer:  sgd
  Weight dec: 0.0005 (on BN/bias=False)
  Backend:    nccl
  Algorithm:  built-in (no hook)
  Epochs:     5
  Batch/rank: 128
  LR:         0.8
  Scheduler:  cosine
  Warmup:     0
  Grad clip:  None
  Drop last:  True
  Data dir:   ./data
================================================================================


================================================================================
DISTRIBUTED TRAINING LAUNCHER
================================================================================
  Model:      wide_resnet50_2 (CIFAR stem) (from scratch)
  Dataset:    cifar10 (10 classes)
  Image size: 32
  LR:         0.8
  Momentum:   0.9 (nesterov=True)
  Optimizer:  sgd
  Weight dec: 0.0005 (on BN/bias=False)
  Backend:    nccl
  Algorithm:  built-in (no hook)
  Epochs:     5
  Batch/rank: 128
  LR:         0.8
  Scheduler:  cosine
  Warmup:     0
  Grad clip:  None
  Drop last:  True
  Data dir:   ./data
================================================================================


================================================================================
DISTRIBUTED TRAINING LAUNCHER
================================================================================
  Model:      wide_resnet50_2 (CIFAR stem) (from scratch)
  Dataset:    cifar10 (10 classes)
  Image size: 32
  LR:         0.8
================================================================================
DISTRIBUTED TRAINING LAUNCHER
================================================================================
  Model:      wide_resnet50_2 (CIFAR stem) (from scratch)
  Dataset:    cifar10 (10 classes)
  Image size: 32
  LR:         0.8
  Momentum:   0.9 (nesterov=True)
  Optimizer:  sgd
  Weight dec: 0.0005 (on BN/bias=False)
  Backend:    nccl
  Algorithm:  built-in (no hook)
  Epochs:     5
  Batch/rank: 128
  LR:         0.8
  Scheduler:  cosine
  Warmup:     0
  Grad clip:  None
  Drop last:  True
  Data dir:   ./data
================================================================================


  Momentum:   0.9 (nesterov=True)
  Optimizer:  sgd
  Weight dec: 0.0005 (on BN/bias=False)
  Backend:    nccl
  Algorithm:  built-in (no hook)
  Epochs:     5
  Batch/rank: 128
  LR:         0.8
  Scheduler:  cosine
  Warmup:     0
  Grad clip:  None
  Drop last:  True
  Data dir:   ./data
================================================================================


================================================================================
DISTRIBUTED TRAINING LAUNCHER
================================================================================
  Model:      wide_resnet50_2 (CIFAR stem) (from scratch)
  Dataset:    cifar10 (10 classes)
  Image size: 32
  LR:         0.8
  Momentum:   0.9 (nesterov=True)
  Optimizer:  sgd
  Weight dec: 0.0005 (on BN/bias=False)
  Backend:    nccl
  Algorithm:  built-in (no hook)
  Epochs:     5
  Batch/rank: 128
  LR:         0.8
  Scheduler:  cosine
  Warmup:     0
  Grad clip:  None
  Drop last:  True
  Data dir:   ./data
================================================================================


================================================================================
DISTRIBUTED TRAINING LAUNCHER
================================================================================
  Model:      wide_resnet50_2 (CIFAR stem) (from scratch)
  Dataset:    cifar10 (10 classes)
  Image size: 32
  LR:         0.8
  Momentum:   0.9 (nesterov=True)
  Optimizer:  sgd
  Weight dec: 0.0005 (on BN/bias=False)
  Backend:    nccl
  Algorithm:  built-in (no hook)
  Epochs:     5
  Batch/rank: 128
  LR:         0.8
  Scheduler:  cosine
  Warmup:     0
  Grad clip:  None
  Drop last:  True
  Data dir:   ./data
================================================================================


================================================================================
Distributed Training: WIDE_RESNET50_2 on CIFAR10
Backend: NCCL, Algorithm: built-in (no hook)
================================================================================
Ranks: 8, Epochs: 5, Batch/rank: 128, Effective batch: 1024
LR: 0.8, Device: cuda:0

[Cache] Pretrained weights cache (TORCH_HOME) = /eagle/UIC-HPC/matilderestelli/pretrained_weights_cache
[Setup] Model on cuda:0, wrapped in DDP (static_graph=True)
[Setup] No hook — using DDP built-in NCCL allreduce
[Optim] SGD: lr=0.8 momentum=0.9 nesterov=True wd=0.0005 wd_on_bn_bias=False
[Optim]   group 0: 66,778,816 params, wd=0.0005
[Optim]   group 1: 68,234 params, wd=0.0
[Data] Train batches: 48, Val batches: 79

[Sched] cosine: steps/epoch=48, total_steps=240, warmup_steps=0 (0 epochs)


[Epoch 1] Training... (lr at epoch start=0.800000)
[Epoch 1] Train Loss: 12.9993, Acc: 9.70%  |  Val Loss: 6.9808, Acc: 9.92%  |  Time: 13.1s
[Epoch 1] t_iter median: 142.69 ms  (fwd 23.06 | bwd+comm 116.55 | opt 2.97 | data 0.14)  |  train-only epoch: 9.8s
  -> Best model saved (9.92%)
[Epoch 1] Summarizing hook timing...
[HOOK_TIMING_SUMMARY] epoch=1 no hook timing samples
[Epoch 1] Hook timing summary done

[Epoch 2] Training... (lr at epoch start=0.723607)
[Epoch 2] Train Loss: 2.3047, Acc: 9.67%  |  Val Loss: 2.3035, Acc: 10.00%  |  Time: 11.0s
[Epoch 2] t_iter median: 175.31 ms  (fwd 23.04 | bwd+comm 149.13 | opt 2.97 | data 0.10)  |  train-only epoch: 8.7s
  -> Best model saved (10.00%)
[Epoch 2] Summarizing hook timing...
[HOOK_TIMING_SUMMARY] epoch=2 no hook timing samples
[Epoch 2] Hook timing summary done

[Epoch 3] Training... (lr at epoch start=0.523607)
[Epoch 3] Train Loss: 2.3035, Acc: 10.01%  |  Val Loss: 2.3028, Acc: 10.00%  |  Time: 9.0s
[Epoch 3] t_iter median: 134.14 ms  (fwd 23.04 | bwd+comm 107.92 | opt 2.98 | data 0.13)  |  train-only epoch: 6.8s
[Epoch 3] Summarizing hook timing...
[HOOK_TIMING_SUMMARY] epoch=3 no hook timing samples
[Epoch 3] Hook timing summary done

[Epoch 4] Training... (lr at epoch start=0.276393)
[Epoch 4] Train Loss: 2.3029, Acc: 10.06%  |  Val Loss: 2.4858, Acc: 9.97%  |  Time: 10.0s
[Epoch 4] t_iter median: 147.38 ms  (fwd 23.03 | bwd+comm 121.22 | opt 2.98 | data 0.13)  |  train-only epoch: 7.7s
[Epoch 4] Summarizing hook timing...
[HOOK_TIMING_SUMMARY] epoch=4 no hook timing samples
[Epoch 4] Hook timing summary done

[Epoch 5] Training... (lr at epoch start=0.076393)
[Epoch 5] Train Loss: 2.3022, Acc: 11.04%  |  Val Loss: 3.2012, Acc: 9.79%  |  Time: 9.3s
[Epoch 5] t_iter median: 133.05 ms  (fwd 23.04 | bwd+comm 106.90 | opt 2.97 | data 0.13)  |  train-only epoch: 7.0s
[Epoch 5] Summarizing hook timing...
[HOOK_TIMING_SUMMARY] epoch=5 no hook timing samples
[Epoch 5] Hook timing summary done

================================================================================
Done in 54.2s | Best val acc: 10.00%
Epoch times (train+val): mean=10.5s  min=9.0s  max=13.1s
Train-only epoch time (epochs 2..N): median=7.33s  min=6.76s  max=8.71s
  -> use this for STRONG scaling (fixed global batch)
  -> use t_iter_median_ms from the CSV for WEAK scaling (fixed local batch)
================================================================================
=== Finished: model=wide_resnet50_2, dataset=cifar10, batch=128, lr=0.80, scheduler=cosine, backend=nccl, hook=none, zfp_rate=none, status=0 at Tue Aug  4 01:10:47 AM UTC 2026 ===
=== Starting: model=wide_resnet50_2, ws=8, bs=128, gb=1024, lr=0.80, sched=cosine, warmup=0, epochs=5, mom=0.9, wd=5e-4, nesterov=true, wd_bn_bias=false, backend=nccl, hook=ring, zfp=none at Tue Aug  4 01:10:47 AM UTC 2026 ===

================================================================================
DISTRIBUTED TRAINING LAUNCHER
================================================================================
  Model:      wide_resnet50_2 (CIFAR stem) (from scratch)
  Dataset:    cifar10 (10 classes)
  Image size: 32
  LR:         0.8
  Momentum:   0.9 (nesterov=True)
  Optimizer:  sgd
  Weight dec: 0.0005 (on BN/bias=False)
  Backend:    nccl
  Algorithm:  ring
  Epochs:     5
  Batch/rank: 128
  LR:         0.8
================================================================================
DISTRIBUTED TRAINING LAUNCHER
================================================================================
  Model:      wide_resnet50_2 (CIFAR stem) (from scratch)
  Dataset:    cifar10 (10 classes)
  Image size: 32
  LR:         0.8
  Momentum:   0.9 (nesterov=True)
  Optimizer:  sgd

================================================================================
DISTRIBUTED TRAINING LAUNCHER
================================================================================
  Model:      wide_resnet50_2 (CIFAR stem) (from scratch)
  Dataset:    cifar10 (10 classes)
  Image size: 32
  LR:         0.8
  Momentum:   0.9 (nesterov=True)
  Optimizer:  sgd
  Weight dec: 0.0005 (on BN/bias=False)
  Backend:    nccl
  Algorithm:  ring
  Epochs:     5
  Batch/rank: 128
  LR:         0.8
  Scheduler:  cosine
  Warmup:     0
  Grad clip:  None
  Drop last:  True
  Data dir:   ./data
================================================================================


  Scheduler:  cosine
  Warmup:     0
  Grad clip:  None
  Drop last:  True
  Data dir:   ./data
================================================================================


================================================================================
DISTRIBUTED TRAINING LAUNCHER
================================================================================
  Model:      wide_resnet50_2 (CIFAR stem) (from scratch)
  Dataset:    cifar10 (10 classes)
  Image size: 32
  LR:         0.8
  Momentum:   0.9 (nesterov=True)
  Optimizer:  sgd
  Weight dec: 0.0005 (on BN/bias=False)
  Backend:    nccl
  Algorithm:  ring
  Epochs:     5
  Batch/rank: 128
  LR:         0.8
  Scheduler:  cosine
  Warmup:     0
  Grad clip:  None
  Drop last:  True
  Data dir:   ./data
================================================================================

  Weight dec: 0.0005 (on BN/bias=False)
  Backend:    nccl
  Algorithm:  ring
  Epochs:     5
  Batch/rank: 128
  LR:         0.8
  Scheduler:  cosine
  Warmup:     0
  Grad clip:  None
  Drop last:  True
  Data dir:   ./data
================================================================================


================================================================================
DISTRIBUTED TRAINING LAUNCHER
================================================================================
  Model:      wide_resnet50_2 (CIFAR stem) (from scratch)
  Dataset:    cifar10 (10 classes)
  Image size: 32
  LR:         0.8
  Momentum:   0.9 (nesterov=True)
  Optimizer:  sgd
  Weight dec: 0.0005 (on BN/bias=False)
  Backend:    nccl
  Algorithm:  ring

================================================================================
DISTRIBUTED TRAINING LAUNCHER
================================================================================
  Model:      wide_resnet50_2 (CIFAR stem) (from scratch)
  Dataset:    cifar10 (10 classes)
  Image size: 32
  LR:         0.8
  Momentum:   0.9 (nesterov=True)
  Optimizer:  sgd
  Weight dec: 0.0005 (on BN/bias=False)
  Backend:    nccl
  Algorithm:  ring
  Epochs:     5
  Batch/rank: 128
  LR:         0.8
  Scheduler:  cosine
  Warmup:     0
  Grad clip:  None
  Drop last:  True
  Data dir:   ./data
================================================================================

  Epochs:     5
  Batch/rank: 128
  LR:         0.8
  Scheduler:  cosine
  Warmup:     0
  Grad clip:  None
  Drop last:  True
  Data dir:   ./data
================================================================================


================================================================================
DISTRIBUTED TRAINING LAUNCHER
================================================================================
  Model:      wide_resnet50_2 (CIFAR stem) (from scratch)
  Dataset:    cifar10 (10 classes)
  Image size: 32
  LR:         0.8
  Momentum:   0.9 (nesterov=True)
  Optimizer:  sgd
  Weight dec: 0.0005 (on BN/bias=False)
  Backend:    nccl
  Algorithm:  ring
  Epochs:     5
  Batch/rank: 128
  LR:         0.8
  Scheduler:  cosine
  Warmup:     0
  Grad clip:  None
  Drop last:  True
  Data dir:   ./data
================================================================================


================================================================================
DISTRIBUTED TRAINING LAUNCHER
================================================================================
  Model:      wide_resnet50_2 (CIFAR stem) (from scratch)
  Dataset:    cifar10 (10 classes)
  Image size: 32
  LR:         0.8
  Momentum:   0.9 (nesterov=True)
  Optimizer:  sgd
  Weight dec: 0.0005 (on BN/bias=False)
  Backend:    nccl
  Algorithm:  ring
  Epochs:     5
  Batch/rank: 128
  LR:         0.8
  Scheduler:  cosine
  Warmup:     0
  Grad clip:  None
  Drop last:  True
  Data dir:   ./data
================================================================================


================================================================================
Distributed Training: WIDE_RESNET50_2 on CIFAR10
Backend: NCCL, Algorithm: ring
================================================================================
Ranks: 8, Epochs: 5, Batch/rank: 128, Effective batch: 1024
LR: 0.8, Device: cuda:0

[Cache] Pretrained weights cache (TORCH_HOME) = /eagle/UIC-HPC/matilderestelli/pretrained_weights_cache
[Setup] Model on cuda:0, wrapped in DDP (static_graph=True)
[Setup] Hook registered: nccl/ring
[Optim] SGD: lr=0.8 momentum=0.9 nesterov=True wd=0.0005 wd_on_bn_bias=False
[Optim]   group 0: 66,778,816 params, wd=0.0005
[Optim]   group 1: 68,234 params, wd=0.0
[Data] Train batches: 48, Val batches: 79

[Sched] cosine: steps/epoch=48, total_steps=240, warmup_steps=0 (0 epochs)


[Epoch 1] Training... (lr at epoch start=0.800000)
[Epoch 1] Train Loss: 13.6219, Acc: 10.16%  |  Val Loss: 2.3863, Acc: 11.48%  |  Time: 15.4s
[Epoch 1] t_iter median: 187.05 ms  (fwd 23.07 | bwd+comm 160.50 | opt 3.36 | data 0.13)  |  train-only epoch: 12.0s
  -> Best model saved (11.48%)
[Epoch 1] Summarizing hook timing...

[HOOK_TIMING_SUMMARY] epoch=1
[HOOK_WORK_SUMMARY] label=nccl:ring calls=370 work_total_ms=8517.458 work_mean_ms=23.020 work_min_ms=8.481 work_max_ms=179.207
[HOOK_TAIL_SUMMARY] label=nccl:ring steps=49 tail_total_ms=8121.384 tail_mean_ms=165.743 tail_min_ms=65.664 tail_max_ms=181.110
[Epoch 1] Hook timing summary done

[Epoch 2] Training... (lr at epoch start=0.723607)
[Epoch 2] Train Loss: 2.3016, Acc: 10.56%  |  Val Loss: 2.3014, Acc: 10.22%  |  Time: 12.1s
[Epoch 2] t_iter median: 196.99 ms  (fwd 23.10 | bwd+comm 170.56 | opt 3.33 | data 0.14)  |  train-only epoch: 9.8s
[Epoch 2] Summarizing hook timing...

[HOOK_TIMING_SUMMARY] epoch=2
[HOOK_WORK_SUMMARY] label=nccl:ring calls=384 work_total_ms=8860.115 work_mean_ms=23.073 work_min_ms=9.116 work_max_ms=66.247
[HOOK_TAIL_SUMMARY] label=nccl:ring steps=48 tail_total_ms=8383.682 tail_mean_ms=174.660 tail_min_ms=160.345 tail_max_ms=178.803
[Epoch 2] Hook timing summary done

[Epoch 3] Training... (lr at epoch start=0.523607)
[Epoch 3] Train Loss: 2.2893, Acc: 11.52%  |  Val Loss: 2.2918, Acc: 11.31%  |  Time: 15.8s
[Epoch 3] t_iter median: 286.65 ms  (fwd 23.10 | bwd+comm 260.16 | opt 3.32 | data 0.15)  |  train-only epoch: 13.5s
[Epoch 3] Summarizing hook timing...

[HOOK_TIMING_SUMMARY] epoch=3
[HOOK_WORK_SUMMARY] label=nccl:ring calls=384 work_total_ms=12579.466 work_mean_ms=32.759 work_min_ms=10.006 work_max_ms=69.872
[HOOK_TAIL_SUMMARY] label=nccl:ring steps=48 tail_total_ms=12114.855 tail_mean_ms=252.393 tail_min_ms=174.720 tail_max_ms=271.679
[Epoch 3] Hook timing summary done

[Epoch 4] Training... (lr at epoch start=0.276393)
[Epoch 4] Train Loss: 2.2869, Acc: 11.64%  |  Val Loss: 2.2868, Acc: 11.43%  |  Time: 12.0s
[Epoch 4] t_iter median: 195.38 ms  (fwd 23.07 | bwd+comm 168.98 | opt 3.33 | data 0.13)  |  train-only epoch: 9.7s
[Epoch 4] Summarizing hook timing...

[HOOK_TIMING_SUMMARY] epoch=4
[HOOK_WORK_SUMMARY] label=nccl:ring calls=384 work_total_ms=8801.769 work_mean_ms=22.921 work_min_ms=8.592 work_max_ms=66.870
[HOOK_TAIL_SUMMARY] label=nccl:ring steps=48 tail_total_ms=8318.903 tail_mean_ms=173.310 tail_min_ms=165.104 tail_max_ms=196.254
[Epoch 4] Hook timing summary done

[Epoch 5] Training... (lr at epoch start=0.076393)
[Epoch 5] Train Loss: 2.2841, Acc: 12.19%  |  Val Loss: 2.2952, Acc: 11.24%  |  Time: 12.7s
[Epoch 5] t_iter median: 200.23 ms  (fwd 23.06 | bwd+comm 173.64 | opt 3.39 | data 0.12)  |  train-only epoch: 10.4s
[Epoch 5] Summarizing hook timing...

[HOOK_TIMING_SUMMARY] epoch=5
[HOOK_WORK_SUMMARY] label=nccl:ring calls=384 work_total_ms=9448.944 work_mean_ms=24.607 work_min_ms=9.270 work_max_ms=67.523
[HOOK_TAIL_SUMMARY] label=nccl:ring steps=48 tail_total_ms=8976.198 tail_mean_ms=187.004 tail_min_ms=168.053 tail_max_ms=224.158
[Epoch 5] Hook timing summary done

================================================================================
Done in 68.8s | Best val acc: 11.48%
Epoch times (train+val): mean=13.6s  min=12.0s  max=15.8s
Train-only epoch time (epochs 2..N): median=10.11s  min=9.74s  max=13.53s
  -> use this for STRONG scaling (fixed global batch)
  -> use t_iter_median_ms from the CSV for WEAK scaling (fixed local batch)
================================================================================
=== Finished: model=wide_resnet50_2, dataset=cifar10, batch=128, lr=0.80, scheduler=cosine, backend=nccl, hook=ring, zfp_rate=none, status=0 at Tue Aug  4 01:12:06 AM UTC 2026 ===
=== Starting: model=wide_resnet50_2, ws=8, bs=128, gb=1024, lr=0.80, sched=cosine, warmup=0, epochs=5, mom=0.9, wd=5e-4, nesterov=true, wd_bn_bias=false, backend=nccl, hook=ring_zfp_naive, zfp=16 at Tue Aug  4 01:12:06 AM UTC 2026 ===

================================================================================
DISTRIBUTED TRAINING LAUNCHER
================================================================================
  Model:      wide_resnet50_2 (CIFAR stem) (from scratch)
  Dataset:    cifar10 (10 classes)
  Image size: 32
  LR:         0.8
  Momentum:   0.9 (nesterov=True)
  Optimizer:  sgd
  Weight dec: 0.0005 (on BN/bias=False)
  Backend:    nccl
  Algorithm:  ring_zfp_naive
  ZFP rate:   16
  Epochs:     5
  Batch/rank: 128
  LR:         0.8
  Scheduler:  cosine
  Warmup:     0
  Grad clip:  None
  Drop last:  True
  Data dir:   ./data
================================================================================


================================================================================
DISTRIBUTED TRAINING LAUNCHER
================================================================================
  Model:      wide_resnet50_2 (CIFAR stem) (from scratch)
  Dataset:    cifar10 (10 classes)
  Image size: 32
  LR:         0.8
  Momentum:   0.9 (nesterov=True)
  Optimizer:  sgd
  Weight dec: 0.0005 (on BN/bias=False)
  Backend:    nccl
  Algorithm:  ring_zfp_naive
  ZFP rate:   16
  Epochs:     5
  Batch/rank: 128
  LR:         0.8
  Scheduler:  cosine
  Warmup:     0
  Grad clip:  None
  Drop last:  True
  Data dir:   ./data
================================================================================


================================================================================
DISTRIBUTED TRAINING LAUNCHER
================================================================================
  Model:      wide_resnet50_2 (CIFAR stem) (from scratch)
  Dataset:    cifar10 (10 classes)
  Image size: 32
  LR:         0.8
  Momentum:   0.9 (nesterov=True)
  Optimizer:  sgd
  Weight dec: 0.0005 (on BN/bias=False)
  Backend:    nccl
  Algorithm:  ring_zfp_naive
  ZFP rate:   16
  Epochs:     5
  Batch/rank: 128
  LR:         0.8
  Scheduler:  cosine
  Warmup:     0
  Grad clip:  None
  Drop last:  True
  Data dir:   ./data
================================================================================


================================================================================
DISTRIBUTED TRAINING LAUNCHER
================================================================================
  Model:      wide_resnet50_2 (CIFAR stem) (from scratch)
  Dataset:    cifar10 (10 classes)
  Image size: 32
  LR:         0.8
  Momentum:   0.9 (nesterov=True)
  Optimizer:  sgd
  Weight dec: 0.0005 (on BN/bias=False)
  Backend:    nccl
  Algorithm:  ring_zfp_naive
  ZFP rate:   16
  Epochs:     5
  Batch/rank: 128
  LR:         0.8
  Scheduler:  cosine
  Warmup:     0
  Grad clip:  None
  Drop last:  True
  Data dir:   ./data
================================================================================


================================================================================
DISTRIBUTED TRAINING LAUNCHER
================================================================================
  Model:      wide_resnet50_2 (CIFAR stem) (from scratch)
  Dataset:    cifar10 (10 classes)
  Image size: 32
  LR:         0.8
  Momentum:   0.9 (nesterov=True)
  Optimizer:  sgd
  Weight dec: 0.0005 (on BN/bias=False)
  Backend:    nccl
  Algorithm:  ring_zfp_naive
  ZFP rate:   16
  Epochs:     5
  Batch/rank: 128
  LR:         0.8
  Scheduler:  cosine
  Warmup:     0
  Grad clip:  None
  Drop last:  True
  Data dir:   ./data
================================================================================


================================================================================
DISTRIBUTED TRAINING LAUNCHER
================================================================================
  Model:      wide_resnet50_2 (CIFAR stem) (from scratch)
  Dataset:    cifar10 (10 classes)
  Image size: 32
  LR:         0.8
  Momentum:   0.9 (nesterov=True)
  Optimizer:  sgd
  Weight dec: 0.0005 (on BN/bias=False)
  Backend:    nccl
  Algorithm:  ring_zfp_naive
  ZFP rate:   16
  Epochs:     5
  Batch/rank: 128
  LR:         0.8
  Scheduler:  cosine
  Warmup:     0
  Grad clip:  None
  Drop last:  True
  Data dir:   ./data
================================================================================


================================================================================
DISTRIBUTED TRAINING LAUNCHER
================================================================================
  Model:      wide_resnet50_2 (CIFAR stem) (from scratch)
  Dataset:    cifar10 (10 classes)
  Image size: 32
  LR:         0.8
  Momentum:   0.9 (nesterov=True)
  Optimizer:  sgd
  Weight dec: 0.0005 (on BN/bias=False)
  Backend:    nccl
  Algorithm:  ring_zfp_naive
  ZFP rate:   16
  Epochs:     5
  Batch/rank: 128
  LR:         0.8
  Scheduler:  cosine
  Warmup:     0
  Grad clip:  None
  Drop last:  True
  Data dir:   ./data
================================================================================


================================================================================
DISTRIBUTED TRAINING LAUNCHER
================================================================================
  Model:      wide_resnet50_2 (CIFAR stem) (from scratch)
  Dataset:    cifar10 (10 classes)
  Image size: 32
  LR:         0.8
  Momentum:   0.9 (nesterov=True)
  Optimizer:  sgd
  Weight dec: 0.0005 (on BN/bias=False)
  Backend:    nccl
  Algorithm:  ring_zfp_naive
  ZFP rate:   16
  Epochs:     5
  Batch/rank: 128
  LR:         0.8
  Scheduler:  cosine
  Warmup:     0
  Grad clip:  None
  Drop last:  True
  Data dir:   ./data
================================================================================


================================================================================
Distributed Training: WIDE_RESNET50_2 on CIFAR10
Backend: NCCL, Algorithm: ring_zfp_naive
================================================================================
Ranks: 8, Epochs: 5, Batch/rank: 128, Effective batch: 1024
LR: 0.8, Device: cuda:0

[Cache] Pretrained weights cache (TORCH_HOME) = /eagle/UIC-HPC/matilderestelli/pretrained_weights_cache
[Setup] Model on cuda:0, wrapped in DDP (static_graph=True)
[Setup] Hook registered: nccl/ring_zfp_naive
[Optim] SGD: lr=0.8 momentum=0.9 nesterov=True wd=0.0005 wd_on_bn_bias=False
[Optim]   group 0: 66,778,816 params, wd=0.0005
[Optim]   group 1: 68,234 params, wd=0.0
[Data] Train batches: 48, Val batches: 79

[Sched] cosine: steps/epoch=48, total_steps=240, warmup_steps=0 (0 epochs)


[Epoch 1] Training... (lr at epoch start=0.800000)
[Epoch 1] Train Loss: 15.4578, Acc: 9.98%  |  Val Loss: 3.9600, Acc: 10.83%  |  Time: 14.5s
[Epoch 1] t_iter median: 175.16 ms  (fwd 23.01 | bwd+comm 148.80 | opt 3.23 | data 0.08)  |  train-only epoch: 11.1s
  -> Best model saved (10.83%)
[Epoch 1] Summarizing hook timing...

[HOOK_TIMING_SUMMARY] epoch=1
[HOOK_WORK_SUMMARY] label=nccl:ring_zfp_naive:rate16 calls=370 work_total_ms=7627.067 work_mean_ms=20.614 work_min_ms=8.224 work_max_ms=125.834
[HOOK_TAIL_SUMMARY] label=nccl:ring_zfp_naive:rate16 steps=49 tail_total_ms=7277.632 tail_mean_ms=148.523 tail_min_ms=71.832 tail_max_ms=157.337
[Epoch 1] Hook timing summary done

[Epoch 2] Training... (lr at epoch start=0.723607)
[Epoch 2] Train Loss: 2.3049, Acc: 9.68%  |  Val Loss: 2.3035, Acc: 10.00%  |  Time: 10.4s
[Epoch 2] t_iter median: 161.59 ms  (fwd 23.02 | bwd+comm 135.26 | opt 3.26 | data 0.13)  |  train-only epoch: 8.2s
[Epoch 2] Summarizing hook timing...

[HOOK_TIMING_SUMMARY] epoch=2
[HOOK_WORK_SUMMARY] label=nccl:ring_zfp_naive:rate16 calls=384 work_total_ms=7216.469 work_mean_ms=18.793 work_min_ms=7.676 work_max_ms=68.211
[HOOK_TAIL_SUMMARY] label=nccl:ring_zfp_naive:rate16 steps=48 tail_total_ms=6769.033 tail_mean_ms=141.022 tail_min_ms=135.508 tail_max_ms=155.622
[Epoch 2] Hook timing summary done

[Epoch 3] Training... (lr at epoch start=0.523607)
[Epoch 3] Train Loss: 2.3037, Acc: 9.99%  |  Val Loss: 2.3028, Acc: 10.00%  |  Time: 10.6s
[Epoch 3] t_iter median: 165.62 ms  (fwd 23.02 | bwd+comm 139.07 | opt 3.33 | data 0.13)  |  train-only epoch: 8.3s
[Epoch 3] Summarizing hook timing...

[HOOK_TIMING_SUMMARY] epoch=3
[HOOK_WORK_SUMMARY] label=nccl:ring_zfp_naive:rate16 calls=384 work_total_ms=7399.707 work_mean_ms=19.270 work_min_ms=8.234 work_max_ms=74.833
[HOOK_TAIL_SUMMARY] label=nccl:ring_zfp_naive:rate16 steps=48 tail_total_ms=6917.817 tail_mean_ms=144.121 tail_min_ms=139.160 tail_max_ms=154.292
[Epoch 3] Hook timing summary done

[Epoch 4] Training... (lr at epoch start=0.276393)
[Epoch 4] Train Loss: 2.3030, Acc: 9.94%  |  Val Loss: 2.3112, Acc: 9.92%  |  Time: 10.4s
[Epoch 4] t_iter median: 160.87 ms  (fwd 23.04 | bwd+comm 134.34 | opt 3.35 | data 0.10)  |  train-only epoch: 8.2s
[Epoch 4] Summarizing hook timing...

[HOOK_TIMING_SUMMARY] epoch=4
[HOOK_WORK_SUMMARY] label=nccl:ring_zfp_naive:rate16 calls=384 work_total_ms=7221.086 work_mean_ms=18.805 work_min_ms=7.596 work_max_ms=76.694
[HOOK_TAIL_SUMMARY] label=nccl:ring_zfp_naive:rate16 steps=48 tail_total_ms=6747.355 tail_mean_ms=140.570 tail_min_ms=137.367 tail_max_ms=156.587
[Epoch 4] Hook timing summary done

[Epoch 5] Training... (lr at epoch start=0.076393)
[Epoch 5] Train Loss: 2.3024, Acc: 11.20%  |  Val Loss: 2.3354, Acc: 10.12%  |  Time: 10.8s
[Epoch 5] t_iter median: 175.59 ms  (fwd 23.04 | bwd+comm 149.21 | opt 3.35 | data 0.13)  |  train-only epoch: 8.5s
[Epoch 5] Summarizing hook timing...

[HOOK_TIMING_SUMMARY] epoch=5
[HOOK_WORK_SUMMARY] label=nccl:ring_zfp_naive:rate16 calls=384 work_total_ms=7594.839 work_mean_ms=19.778 work_min_ms=7.685 work_max_ms=81.659
[HOOK_TAIL_SUMMARY] label=nccl:ring_zfp_naive:rate16 steps=48 tail_total_ms=7126.042 tail_mean_ms=148.459 tail_min_ms=137.887 tail_max_ms=166.368
[Epoch 5] Hook timing summary done

================================================================================
Done in 57.6s | Best val acc: 10.83%
Epoch times (train+val): mean=11.3s  min=10.4s  max=14.5s
Train-only epoch time (epochs 2..N): median=8.25s  min=8.15s  max=8.53s
  -> use this for STRONG scaling (fixed global batch)
  -> use t_iter_median_ms from the CSV for WEAK scaling (fixed local batch)
================================================================================
=== Finished: model=wide_resnet50_2, dataset=cifar10, batch=128, lr=0.80, scheduler=cosine, backend=nccl, hook=ring_zfp_naive, zfp_rate=16, status=0 at Tue Aug  4 01:13:15 AM UTC 2026 ===
=== Starting: model=wide_resnet50_2, ws=8, bs=128, gb=1024, lr=0.80, sched=cosine, warmup=0, epochs=5, mom=0.9, wd=5e-4, nesterov=true, wd_bn_bias=false, backend=nccl, hook=ring_zfp_online_coll, zfp=16 at Tue Aug  4 01:13:15 AM UTC 2026 ===

================================================================================
DISTRIBUTED TRAINING LAUNCHER
================================================================================
  Model:      wide_resnet50_2 (CIFAR stem) (from scratch)
  Dataset:    cifar10 (10 classes)
  Image size: 32
  LR:         0.8
  Momentum:   0.9 (nesterov=True)
  Optimizer:  sgd
  Weight dec: 0.0005 (on BN/bias=False)
  Backend:    nccl
  Algorithm:  ring_zfp_online_coll

================================================================================
DISTRIBUTED TRAINING LAUNCHER
================================================================================
  Model:      wide_resnet50_2 (CIFAR stem) (from scratch)
  Dataset:    cifar10 (10 classes)
  Image size: 32
  LR:         0.8
  Momentum:   0.9 (nesterov=True)
  Optimizer:  sgd
  Weight dec: 0.0005 (on BN/bias=False)
  Backend:    nccl
  Algorithm:  ring_zfp_online_coll
  ZFP rate:   16
  Epochs:     5
  Batch/rank: 128
  LR:         0.8
  Scheduler:  cosine
  Warmup:     0
  Grad clip:  None
  Drop last:  True
  Data dir:   ./data
================================================================================

  ZFP rate:   16
  Epochs:     5
  Batch/rank: 128
  LR:         0.8
  Scheduler:  cosine
  Warmup:     0
  Grad clip:  None
  Drop last:  True
  Data dir:   ./data
================================================================================


================================================================================
DISTRIBUTED TRAINING LAUNCHER
================================================================================
  Model:      wide_resnet50_2 (CIFAR stem) (from scratch)
  Dataset:    cifar10 (10 classes)
  Image size: 32
  LR:         0.8
  Momentum:   0.9 (nesterov=True)
  Optimizer:  sgd
  Weight dec: 0.0005 (on BN/bias=False)
  Backend:    nccl
  Algorithm:  ring_zfp_online_coll
  ZFP rate:   16
  Epochs:     5
  Batch/rank: 128
  LR:         0.8
  Scheduler:  cosine
  Warmup:     0
  Grad clip:  None
  Drop last:  True
  Data dir:   ./data
================================================================================


================================================================================
DISTRIBUTED TRAINING LAUNCHER
================================================================================
  Model:      wide_resnet50_2 (CIFAR stem) (from scratch)
  Dataset:    cifar10 (10 classes)
  Image size: 32
  LR:         0.8
  Momentum:   0.9 (nesterov=True)
  Optimizer:  sgd
  Weight dec: 0.0005 (on BN/bias=False)
  Backend:    nccl
  Algorithm:  ring_zfp_online_coll
  ZFP rate:   16
  Epochs:     5
  Batch/rank: 128
  LR:         0.8
  Scheduler:  cosine
  Warmup:     0
  Grad clip:  None
  Drop last:  True
  Data dir:   ./data
================================================================================


================================================================================
DISTRIBUTED TRAINING LAUNCHER
================================================================================
  Model:      wide_resnet50_2 (CIFAR stem) (from scratch)
  Dataset:    cifar10 (10 classes)
  Image size: 32
  LR:         0.8
  Momentum:   0.9 (nesterov=True)
  Optimizer:  sgd
  Weight dec: 0.0005 (on BN/bias=False)
  Backend:    nccl
  Algorithm:  ring_zfp_online_coll
  ZFP rate:   16
  Epochs:     5
  Batch/rank: 128
  LR:         0.8
  Scheduler:  cosine
  Warmup:     0
  Grad clip:  None
  Drop last:  True
  Data dir:   ./data
================================================================================


================================================================================
DISTRIBUTED TRAINING LAUNCHER
================================================================================
  Model:      wide_resnet50_2 (CIFAR stem) (from scratch)
  Dataset:    cifar10 (10 classes)
  Image size: 32
  LR:         0.8
  Momentum:   0.9 (nesterov=True)
  Optimizer:  sgd
  Weight dec: 0.0005 (on BN/bias=False)
  Backend:    nccl
  Algorithm:  ring_zfp_online_coll
  ZFP rate:   16
  Epochs:     5
  Batch/rank: 128
  LR:         0.8
  Scheduler:  cosine
  Warmup:     0
  Grad clip:  None
  Drop last:  True
  Data dir:   ./data
================================================================================


================================================================================
DISTRIBUTED TRAINING LAUNCHER
================================================================================
  Model:      wide_resnet50_2 (CIFAR stem) (from scratch)
  Dataset:    cifar10 (10 classes)
  Image size: 32
  LR:         0.8
  Momentum:   0.9 (nesterov=True)
  Optimizer:  sgd
  Weight dec: 0.0005 (on BN/bias=False)
  Backend:    nccl
  Algorithm:  ring_zfp_online_coll
  ZFP rate:   16
  Epochs:     5
  Batch/rank: 128
  LR:         0.8
  Scheduler:  cosine
  Warmup:     0
  Grad clip:  None
  Drop last:  True
  Data dir:   ./data
================================================================================


================================================================================
DISTRIBUTED TRAINING LAUNCHER
================================================================================
  Model:      wide_resnet50_2 (CIFAR stem) (from scratch)
  Dataset:    cifar10 (10 classes)
  Image size: 32
  LR:         0.8
  Momentum:   0.9 (nesterov=True)
  Optimizer:  sgd
  Weight dec: 0.0005 (on BN/bias=False)
  Backend:    nccl
  Algorithm:  ring_zfp_online_coll
  ZFP rate:   16
  Epochs:     5
  Batch/rank: 128
  LR:         0.8
  Scheduler:  cosine
  Warmup:     0
  Grad clip:  None
  Drop last:  True
  Data dir:   ./data
================================================================================


================================================================================
Distributed Training: WIDE_RESNET50_2 on CIFAR10
Backend: NCCL, Algorithm: ring_zfp_online_coll
================================================================================
Ranks: 8, Epochs: 5, Batch/rank: 128, Effective batch: 1024
LR: 0.8, Device: cuda:0

[Cache] Pretrained weights cache (TORCH_HOME) = /eagle/UIC-HPC/matilderestelli/pretrained_weights_cache
[Setup] Model on cuda:0, wrapped in DDP (static_graph=True)
[Setup] Hook registered: nccl/ring_zfp_online_coll
[Optim] SGD: lr=0.8 momentum=0.9 nesterov=True wd=0.0005 wd_on_bn_bias=False
[Optim]   group 0: 66,778,816 params, wd=0.0005
[Optim]   group 1: 68,234 params, wd=0.0
[Data] Train batches: 48, Val batches: 79

[Sched] cosine: steps/epoch=48, total_steps=240, warmup_steps=0 (0 epochs)


[Epoch 1] Training... (lr at epoch start=0.800000)
[Epoch 1] Train Loss: 30.4854, Acc: 11.28%  |  Val Loss: 2.3142, Acc: 10.10%  |  Time: 15.4s
[Epoch 1] t_iter median: 181.81 ms  (fwd 23.30 | bwd+comm 155.11 | opt 3.25 | data 0.17)  |  train-only epoch: 12.1s
  -> Best model saved (10.10%)
[Epoch 1] Summarizing hook timing...

[HOOK_TIMING_SUMMARY] epoch=1
[HOOK_WORK_SUMMARY] label=nccl:hier_zfp_online_coll:rate16 calls=370 work_total_ms=8429.509 work_mean_ms=22.782 work_min_ms=7.300 work_max_ms=377.712
[HOOK_TAIL_SUMMARY] label=nccl:ring_zfp_online_coll:rate16 steps=49 tail_total_ms=8170.150 tail_mean_ms=166.738 tail_min_ms=63.800 tail_max_ms=508.779
[Epoch 1] Hook timing summary done

[Epoch 2] Training... (lr at epoch start=0.723607)
[Epoch 2] Train Loss: 2.3471, Acc: 12.19%  |  Val Loss: 2.2926, Acc: 11.55%  |  Time: 11.2s
[Epoch 2] t_iter median: 178.53 ms  (fwd 23.29 | bwd+comm 151.84 | opt 3.30 | data 0.13)  |  train-only epoch: 8.9s
  -> Best model saved (11.55%)
[Epoch 2] Summarizing hook timing...

[HOOK_TIMING_SUMMARY] epoch=2
[HOOK_WORK_SUMMARY] label=nccl:hier_zfp_online_coll:rate16 calls=384 work_total_ms=7981.075 work_mean_ms=20.784 work_min_ms=7.237 work_max_ms=62.526
[HOOK_TAIL_SUMMARY] label=nccl:ring_zfp_online_coll:rate16 steps=48 tail_total_ms=7496.899 tail_mean_ms=156.185 tail_min_ms=132.059 tail_max_ms=159.998
[Epoch 2] Hook timing summary done

[Epoch 3] Training... (lr at epoch start=0.523607)
[Epoch 3] Train Loss: 2.2554, Acc: 15.74%  |  Val Loss: 2.2157, Acc: 16.16%  |  Time: 11.2s
[Epoch 3] t_iter median: 178.78 ms  (fwd 23.29 | bwd+comm 152.06 | opt 3.30 | data 0.08)  |  train-only epoch: 8.9s
  -> Best model saved (16.16%)
[Epoch 3] Summarizing hook timing...

[HOOK_TIMING_SUMMARY] epoch=3
[HOOK_WORK_SUMMARY] label=nccl:hier_zfp_online_coll:rate16 calls=384 work_total_ms=8037.507 work_mean_ms=20.931 work_min_ms=7.341 work_max_ms=62.569
[HOOK_TAIL_SUMMARY] label=nccl:ring_zfp_online_coll:rate16 steps=48 tail_total_ms=7557.357 tail_mean_ms=157.445 tail_min_ms=155.187 tail_max_ms=162.218
[Epoch 3] Hook timing summary done

[Epoch 4] Training... (lr at epoch start=0.276393)
[Epoch 4] Train Loss: 2.1837, Acc: 18.05%  |  Val Loss: 2.1423, Acc: 19.10%  |  Time: 11.7s
[Epoch 4] t_iter median: 189.77 ms  (fwd 23.41 | bwd+comm 162.69 | opt 3.56 | data 0.14)  |  train-only epoch: 9.5s
  -> Best model saved (19.10%)
[Epoch 4] Summarizing hook timing...

[HOOK_TIMING_SUMMARY] epoch=4
[HOOK_WORK_SUMMARY] label=nccl:hier_zfp_online_coll:rate16 calls=384 work_total_ms=8518.300 work_mean_ms=22.183 work_min_ms=7.967 work_max_ms=61.604
[HOOK_TAIL_SUMMARY] label=nccl:ring_zfp_online_coll:rate16 steps=48 tail_total_ms=8026.817 tail_mean_ms=167.225 tail_min_ms=164.389 tail_max_ms=198.904
[Epoch 4] Hook timing summary done

[Epoch 5] Training... (lr at epoch start=0.076393)
[Epoch 5] Train Loss: 2.1507, Acc: 19.71%  |  Val Loss: 2.1431, Acc: 20.86%  |  Time: 11.2s
[Epoch 5] t_iter median: 178.32 ms  (fwd 23.42 | bwd+comm 151.11 | opt 3.55 | data 0.18)  |  train-only epoch: 8.9s
  -> Best model saved (20.86%)
[Epoch 5] Summarizing hook timing...

[HOOK_TIMING_SUMMARY] epoch=5
[HOOK_WORK_SUMMARY] label=nccl:hier_zfp_online_coll:rate16 calls=384 work_total_ms=7929.186 work_mean_ms=20.649 work_min_ms=7.164 work_max_ms=61.572
[HOOK_TAIL_SUMMARY] label=nccl:ring_zfp_online_coll:rate16 steps=48 tail_total_ms=7434.959 tail_mean_ms=154.895 tail_min_ms=145.063 tail_max_ms=157.322
[Epoch 5] Hook timing summary done

================================================================================
Done in 65.2s | Best val acc: 20.86%
Epoch times (train+val): mean=12.1s  min=11.2s  max=15.4s
Train-only epoch time (epochs 2..N): median=8.93s  min=8.89s  max=9.48s
  -> use this for STRONG scaling (fixed global batch)
  -> use t_iter_median_ms from the CSV for WEAK scaling (fixed local batch)
================================================================================
=== Finished: model=wide_resnet50_2, dataset=cifar10, batch=128, lr=0.80, scheduler=cosine, backend=nccl, hook=ring_zfp_online_coll, zfp_rate=16, status=0 at Tue Aug  4 01:14:33 AM UTC 2026 ===
=== Starting: model=wide_resnet50_2, ws=8, bs=128, gb=1024, lr=0.80, sched=cosine, warmup=0, epochs=5, mom=0.9, wd=5e-4, nesterov=true, wd_bn_bias=false, backend=nccl, hook=ring_zfp_online_coll, zfp=10 at Tue Aug  4 01:14:33 AM UTC 2026 ===

================================================================================
DISTRIBUTED TRAINING LAUNCHER
================================================================================
  Model:      wide_resnet50_2 (CIFAR stem) (from scratch)
  Dataset:    cifar10 (10 classes)
  Image size: 32
  LR:         0.8
  Momentum:   0.9 (nesterov=True)
  Optimizer:  sgd
  Weight dec: 0.0005 (on BN/bias=False)
  Backend:    nccl
  Algorithm:  ring_zfp_online_coll
  ZFP rate:   10
  Epochs:     5
  Batch/rank: 128
  LR:         0.8
  Scheduler:  cosine
  Warmup:     0
  Grad clip:  None
  Drop last:  True
  Data dir:   ./data
================================================================================


================================================================================
DISTRIBUTED TRAINING LAUNCHER
================================================================================
  Model:      wide_resnet50_2 (CIFAR stem) (from scratch)
  Dataset:    cifar10 (10 classes)
  Image size: 32
  LR:         0.8
  Momentum:   0.9 (nesterov=True)
  Optimizer:  sgd
  Weight dec: 0.0005 (on BN/bias=False)
  Backend:    nccl
  Algorithm:  ring_zfp_online_coll
  ZFP rate:   10
  Epochs:     5
  Batch/rank: 128
  LR:         0.8
  Scheduler:  cosine
  Warmup:     0
  Grad clip:  None
  Drop last:  True
  Data dir:   ./data
================================================================================


================================================================================
DISTRIBUTED TRAINING LAUNCHER
================================================================================
  Model:      wide_resnet50_2 (CIFAR stem) (from scratch)
  Dataset:    cifar10 (10 classes)
  Image size: 32
  LR:         0.8
  Momentum:   0.9 (nesterov=True)
  Optimizer:  sgd
  Weight dec: 0.0005 (on BN/bias=False)
  Backend:    nccl
  Algorithm:  ring_zfp_online_coll
  ZFP rate:   10
  Epochs:     5
  Batch/rank: 128
  LR:         0.8
  Scheduler:  cosine
  Warmup:     0
  Grad clip:  None
  Drop last:  True
  Data dir:   ./data
================================================================================


================================================================================
DISTRIBUTED TRAINING LAUNCHER
================================================================================
  Model:      wide_resnet50_2 (CIFAR stem) (from scratch)
  Dataset:    cifar10 (10 classes)
  Image size: 32
  LR:         0.8
  Momentum:   0.9 (nesterov=True)
  Optimizer:  sgd
  Weight dec: 0.0005 (on BN/bias=False)
  Backend:    nccl
  Algorithm:  ring_zfp_online_coll
  ZFP rate:   10
  Epochs:     5
  Batch/rank: 128
  LR:         0.8
  Scheduler:  cosine
  Warmup:     0
  Grad clip:  None
  Drop last:  True
  Data dir:   ./data
================================================================================


================================================================================
DISTRIBUTED TRAINING LAUNCHER
================================================================================
  Model:      wide_resnet50_2 (CIFAR stem) (from scratch)
  Dataset:    cifar10 (10 classes)
  Image size: 32
  LR:         0.8
  Momentum:   0.9 (nesterov=True)
  Optimizer:  sgd
  Weight dec: 0.0005 (on BN/bias=False)
================================================================================
DISTRIBUTED TRAINING LAUNCHER
================================================================================
  Model:      wide_resnet50_2 (CIFAR stem) (from scratch)
  Dataset:    cifar10 (10 classes)
  Image size: 32
  LR:         0.8
  Momentum:   0.9 (nesterov=True)
  Optimizer:  sgd
  Weight dec: 0.0005 (on BN/bias=False)
  Backend:    nccl
  Algorithm:  ring_zfp_online_coll
  ZFP rate:   10
  Epochs:     5
  Batch/rank: 128
  LR:         0.8
  Scheduler:  cosine
  Warmup:     0
  Grad clip:  None
  Drop last:  True
  Data dir:   ./data
================================================================================


================================================================================
DISTRIBUTED TRAINING LAUNCHER
================================================================================
  Model:      wide_resnet50_2 (CIFAR stem) (from scratch)
  Dataset:    cifar10 (10 classes)
  Image size: 32
  LR:         0.8
  Momentum:   0.9 (nesterov=True)
  Optimizer:  sgd
  Weight dec: 0.0005 (on BN/bias=False)
  Backend:    nccl
  Algorithm:  ring_zfp_online_coll
  ZFP rate:   10
  Epochs:     5
  Batch/rank: 128
  LR:         0.8
  Scheduler:  cosine
  Warmup:     0
  Grad clip:  None
  Drop last:  True
  Data dir:   ./data
================================================================================


================================================================================
DISTRIBUTED TRAINING LAUNCHER
================================================================================
  Model:      wide_resnet50_2 (CIFAR stem) (from scratch)
  Dataset:    cifar10 (10 classes)
  Image size: 32
  LR:         0.8
  Momentum:   0.9 (nesterov=True)
  Optimizer:  sgd
  Weight dec: 0.0005 (on BN/bias=False)
  Backend:    nccl
  Algorithm:  ring_zfp_online_coll
  ZFP rate:   10
  Epochs:     5
  Batch/rank: 128
  LR:         0.8
  Scheduler:  cosine
  Warmup:     0
  Grad clip:  None
  Drop last:  True
  Data dir:   ./data
================================================================================


  Backend:    nccl
  Algorithm:  ring_zfp_online_coll
  ZFP rate:   10
  Epochs:     5
  Batch/rank: 128
  LR:         0.8
  Scheduler:  cosine
  Warmup:     0
  Grad clip:  None
  Drop last:  True
  Data dir:   ./data
================================================================================


================================================================================
Distributed Training: WIDE_RESNET50_2 on CIFAR10
Backend: NCCL, Algorithm: ring_zfp_online_coll
================================================================================
Ranks: 8, Epochs: 5, Batch/rank: 128, Effective batch: 1024
LR: 0.8, Device: cuda:0

[Cache] Pretrained weights cache (TORCH_HOME) = /eagle/UIC-HPC/matilderestelli/pretrained_weights_cache
[Setup] Model on cuda:0, wrapped in DDP (static_graph=True)
[Setup] Hook registered: nccl/ring_zfp_online_coll
[Optim] SGD: lr=0.8 momentum=0.9 nesterov=True wd=0.0005 wd_on_bn_bias=False
[Optim]   group 0: 66,778,816 params, wd=0.0005
[Optim]   group 1: 68,234 params, wd=0.0
[Data] Train batches: 48, Val batches: 79

[Sched] cosine: steps/epoch=48, total_steps=240, warmup_steps=0 (0 epochs)


[Epoch 1] Training... (lr at epoch start=0.800000)
[Epoch 1] Train Loss: 23.5857, Acc: 11.47%  |  Val Loss: 2.3073, Acc: 10.07%  |  Time: 13.8s
[Epoch 1] t_iter median: 149.47 ms  (fwd 23.36 | bwd+comm 122.68 | opt 3.29 | data 0.09)  |  train-only epoch: 10.5s
  -> Best model saved (10.07%)
[Epoch 1] Summarizing hook timing...

[HOOK_TIMING_SUMMARY] epoch=1
[HOOK_WORK_SUMMARY] label=nccl:hier_zfp_online_coll:rate10 calls=370 work_total_ms=6779.307 work_mean_ms=18.322 work_min_ms=5.304 work_max_ms=386.964
[HOOK_TAIL_SUMMARY] label=nccl:ring_zfp_online_coll:rate10 steps=49 tail_total_ms=6466.679 tail_mean_ms=131.973 tail_min_ms=62.530 tail_max_ms=513.823
[Epoch 1] Hook timing summary done

[Epoch 2] Training... (lr at epoch start=0.723607)
[Epoch 2] Train Loss: 2.3687, Acc: 11.23%  |  Val Loss: 2.3059, Acc: 9.98%  |  Time: 9.9s
[Epoch 2] t_iter median: 151.58 ms  (fwd 23.43 | bwd+comm 124.62 | opt 3.47 | data 0.15)  |  train-only epoch: 7.6s
[Epoch 2] Summarizing hook timing...

[HOOK_TIMING_SUMMARY] epoch=2
[HOOK_WORK_SUMMARY] label=nccl:hier_zfp_online_coll:rate10 calls=384 work_total_ms=6662.431 work_mean_ms=17.350 work_min_ms=5.433 work_max_ms=62.281
[HOOK_TAIL_SUMMARY] label=nccl:ring_zfp_online_coll:rate10 steps=48 tail_total_ms=6153.355 tail_mean_ms=128.195 tail_min_ms=111.861 tail_max_ms=130.202
[Epoch 2] Hook timing summary done

[Epoch 3] Training... (lr at epoch start=0.523607)
[Epoch 3] Train Loss: 2.3144, Acc: 11.83%  |  Val Loss: 2.3031, Acc: 10.27%  |  Time: 9.8s
[Epoch 3] t_iter median: 149.63 ms  (fwd 23.44 | bwd+comm 122.49 | opt 3.56 | data 0.17)  |  train-only epoch: 7.5s
  -> Best model saved (10.27%)
[Epoch 3] Summarizing hook timing...

[HOOK_TIMING_SUMMARY] epoch=3
[HOOK_WORK_SUMMARY] label=nccl:hier_zfp_online_coll:rate10 calls=384 work_total_ms=6576.803 work_mean_ms=17.127 work_min_ms=5.282 work_max_ms=61.607
[HOOK_TAIL_SUMMARY] label=nccl:ring_zfp_online_coll:rate10 steps=48 tail_total_ms=6081.411 tail_mean_ms=126.696 tail_min_ms=125.014 tail_max_ms=138.921
[Epoch 3] Hook timing summary done

[Epoch 4] Training... (lr at epoch start=0.276393)
[Epoch 4] Train Loss: 2.2905, Acc: 12.52%  |  Val Loss: 2.2839, Acc: 11.95%  |  Time: 9.8s
[Epoch 4] t_iter median: 150.04 ms  (fwd 23.45 | bwd+comm 122.85 | opt 3.56 | data 0.17)  |  train-only epoch: 7.6s
  -> Best model saved (11.95%)
[Epoch 4] Summarizing hook timing...

[HOOK_TIMING_SUMMARY] epoch=4
[HOOK_WORK_SUMMARY] label=nccl:hier_zfp_online_coll:rate10 calls=384 work_total_ms=6573.240 work_mean_ms=17.118 work_min_ms=5.262 work_max_ms=61.629
[HOOK_TAIL_SUMMARY] label=nccl:ring_zfp_online_coll:rate10 steps=48 tail_total_ms=6079.589 tail_mean_ms=126.658 tail_min_ms=118.802 tail_max_ms=128.820
[Epoch 4] Hook timing summary done

[Epoch 5] Training... (lr at epoch start=0.076393)
[Epoch 5] Train Loss: 2.2973, Acc: 12.63%  |  Val Loss: 2.2835, Acc: 11.97%  |  Time: 9.8s
[Epoch 5] t_iter median: 149.92 ms  (fwd 23.44 | bwd+comm 122.76 | opt 3.52 | data 0.18)  |  train-only epoch: 7.5s
  -> Best model saved (11.97%)
[Epoch 5] Summarizing hook timing...

[HOOK_TIMING_SUMMARY] epoch=5
[HOOK_WORK_SUMMARY] label=nccl:hier_zfp_online_coll:rate10 calls=384 work_total_ms=6605.677 work_mean_ms=17.202 work_min_ms=5.250 work_max_ms=61.736
[HOOK_TAIL_SUMMARY] label=nccl:ring_zfp_online_coll:rate10 steps=48 tail_total_ms=6093.366 tail_mean_ms=126.945 tail_min_ms=106.837 tail_max_ms=152.264
[Epoch 5] Hook timing summary done

================================================================================
Done in 56.8s | Best val acc: 11.97%
Epoch times (train+val): mean=10.6s  min=9.8s  max=13.8s
Train-only epoch time (epochs 2..N): median=7.55s  min=7.54s  max=7.63s
  -> use this for STRONG scaling (fixed global batch)
  -> use t_iter_median_ms from the CSV for WEAK scaling (fixed local batch)
================================================================================
=== Finished: model=wide_resnet50_2, dataset=cifar10, batch=128, lr=0.80, scheduler=cosine, backend=nccl, hook=ring_zfp_online_coll, zfp_rate=10, status=0 at Tue Aug  4 01:15:42 AM UTC 2026 ===
=== Starting: model=wide_resnet50_2, ws=8, bs=128, gb=1024, lr=0.80, sched=cosine, warmup=0, epochs=5, mom=0.9, wd=5e-4, nesterov=true, wd_bn_bias=false, backend=nccl, hook=ring_zfp_online_coll, zfp=8 at Tue Aug  4 01:15:42 AM UTC 2026 ===

================================================================================
DISTRIBUTED TRAINING LAUNCHER
================================================================================
  Model:      wide_resnet50_2 (CIFAR stem) (from scratch)
  Dataset:    cifar10 (10 classes)
  Image size: 32
  LR:         0.8
  Momentum:   0.9 (nesterov=True)
  Optimizer:  sgd
  Weight dec: 0.0005 (on BN/bias=False)
  Backend:    nccl
  Algorithm:  ring_zfp_online_coll
  ZFP rate:   8
  Epochs:     5
  Batch/rank: 128

================================================================================
DISTRIBUTED TRAINING LAUNCHER
================================================================================
  Model:      wide_resnet50_2 (CIFAR stem) (from scratch)
  Dataset:    cifar10 (10 classes)
  Image size: 32
  LR:         0.8
  Momentum:   0.9 (nesterov=True)
  Optimizer:  sgd
  Weight dec: 0.0005 (on BN/bias=False)
  Backend:    nccl
  Algorithm:  ring_zfp_online_coll
  ZFP rate:   8
  Epochs:     5
  Batch/rank: 128
  LR:         0.8
  Scheduler:  cosine
  Warmup:     0
  Grad clip:  None
  Drop last:  True
  Data dir:   ./data
================================================================================

  LR:         0.8
  Scheduler:  cosine
  Warmup:     0
  Grad clip:  None
  Drop last:  True
  Data dir:   ./data
================================================================================


================================================================================
DISTRIBUTED TRAINING LAUNCHER
================================================================================

================================================================================
DISTRIBUTED TRAINING LAUNCHER
================================================================================
  Model:      wide_resnet50_2 (CIFAR stem) (from scratch)
  Dataset:    cifar10 (10 classes)
  Image size: 32
  LR:         0.8
  Momentum:   0.9 (nesterov=True)
  Optimizer:  sgd
  Weight dec: 0.0005 (on BN/bias=False)
  Backend:    nccl
  Algorithm:  ring_zfp_online_coll
  ZFP rate:   8
  Epochs:     5
  Batch/rank: 128
  LR:         0.8
  Scheduler:  cosine
  Warmup:     0
  Grad clip:  None
  Drop last:  True
  Data dir:   ./data
================================================================================

  Model:      wide_resnet50_2 (CIFAR stem) (from scratch)
  Dataset:    cifar10 (10 classes)
  Image size: 32
  LR:         0.8
  Momentum:   0.9 (nesterov=True)
  Optimizer:  sgd
  Weight dec: 0.0005 (on BN/bias=False)
  Backend:    nccl
  Algorithm:  ring_zfp_online_coll
  ZFP rate:   8
  Epochs:     5
  Batch/rank: 128
  LR:         0.8
  Scheduler:  cosine
  Warmup:     0
  Grad clip:  None
  Drop last:  True
  Data dir:   ./data
================================================================================


================================================================================
DISTRIBUTED TRAINING LAUNCHER
================================================================================
  Model:      wide_resnet50_2 (CIFAR stem) (from scratch)
  Dataset:    cifar10 (10 classes)
  Image size: 32
  LR:         0.8
  Momentum:   0.9 (nesterov=True)
  Optimizer:  sgd
  Weight dec: 0.0005 (on BN/bias=False)
  Backend:    nccl
  Algorithm:  ring_zfp_online_coll
  ZFP rate:   8
  Epochs:     5
  Batch/rank: 128
  LR:         0.8
  Scheduler:  cosine
  Warmup:     0
  Grad clip:  None
  Drop last:  True
  Data dir:   ./data
================================================================================


================================================================================
DISTRIBUTED TRAINING LAUNCHER
================================================================================
  Model:      wide_resnet50_2 (CIFAR stem) (from scratch)
  Dataset:    cifar10 (10 classes)
  Image size: 32
  LR:         0.8
  Momentum:   0.9 (nesterov=True)
  Optimizer:  sgd
  Weight dec: 0.0005 (on BN/bias=False)
  Backend:    nccl
  Algorithm:  ring_zfp_online_coll
  ZFP rate:   8
  Epochs:     5
  Batch/rank: 128
  LR:         0.8
  Scheduler:  cosine
  Warmup:     0
  Grad clip:  None
  Drop last:  True
  Data dir:   ./data
================================================================================


================================================================================
DISTRIBUTED TRAINING LAUNCHER
================================================================================
  Model:      wide_resnet50_2 (CIFAR stem) (from scratch)
  Dataset:    cifar10 (10 classes)
  Image size: 32
  LR:         0.8
  Momentum:   0.9 (nesterov=True)
  Optimizer:  sgd
  Weight dec: 0.0005 (on BN/bias=False)
  Backend:    nccl
  Algorithm:  ring_zfp_online_coll
  ZFP rate:   8
  Epochs:     5
  Batch/rank: 128
  LR:         0.8
  Scheduler:  cosine
  Warmup:     0
  Grad clip:  None
  Drop last:  True
  Data dir:   ./data
================================================================================


================================================================================
DISTRIBUTED TRAINING LAUNCHER
================================================================================
  Model:      wide_resnet50_2 (CIFAR stem) (from scratch)
  Dataset:    cifar10 (10 classes)
  Image size: 32
  LR:         0.8
  Momentum:   0.9 (nesterov=True)
  Optimizer:  sgd
  Weight dec: 0.0005 (on BN/bias=False)
  Backend:    nccl
  Algorithm:  ring_zfp_online_coll
  ZFP rate:   8
  Epochs:     5
  Batch/rank: 128
  LR:         0.8
  Scheduler:  cosine
  Warmup:     0
  Grad clip:  None
  Drop last:  True
  Data dir:   ./data
================================================================================


================================================================================
Distributed Training: WIDE_RESNET50_2 on CIFAR10
Backend: NCCL, Algorithm: ring_zfp_online_coll
================================================================================
Ranks: 8, Epochs: 5, Batch/rank: 128, Effective batch: 1024
LR: 0.8, Device: cuda:0

[Cache] Pretrained weights cache (TORCH_HOME) = /eagle/UIC-HPC/matilderestelli/pretrained_weights_cache
[Setup] Model on cuda:0, wrapped in DDP (static_graph=True)
[Setup] Hook registered: nccl/ring_zfp_online_coll
[Optim] SGD: lr=0.8 momentum=0.9 nesterov=True wd=0.0005 wd_on_bn_bias=False
[Optim]   group 0: 66,778,816 params, wd=0.0005
[Optim]   group 1: 68,234 params, wd=0.0
[Data] Train batches: 48, Val batches: 79

[Sched] cosine: steps/epoch=48, total_steps=240, warmup_steps=0 (0 epochs)


[Epoch 1] Training... (lr at epoch start=0.800000)
[Epoch 1] Train Loss: 21.3553, Acc: 11.36%  |  Val Loss: 2.3064, Acc: 10.17%  |  Time: 13.2s
[Epoch 1] t_iter median: 138.24 ms  (fwd 23.35 | bwd+comm 111.38 | opt 3.30 | data 0.13)  |  train-only epoch: 9.9s
  -> Best model saved (10.17%)
[Epoch 1] Summarizing hook timing...

[HOOK_TIMING_SUMMARY] epoch=1
[HOOK_WORK_SUMMARY] label=nccl:hier_zfp_online_coll:rate8 calls=370 work_total_ms=6248.526 work_mean_ms=16.888 work_min_ms=4.413 work_max_ms=365.039
[HOOK_TAIL_SUMMARY] label=nccl:ring_zfp_online_coll:rate8 steps=49 tail_total_ms=5942.218 tail_mean_ms=121.270 tail_min_ms=63.128 tail_max_ms=497.784
[Epoch 1] Hook timing summary done

[Epoch 2] Training... (lr at epoch start=0.723607)
[Epoch 2] Train Loss: 2.4305, Acc: 11.26%  |  Val Loss: 2.3043, Acc: 9.98%  |  Time: 9.2s
[Epoch 2] t_iter median: 137.51 ms  (fwd 23.32 | bwd+comm 110.83 | opt 3.23 | data 0.14)  |  train-only epoch: 6.9s
[Epoch 2] Summarizing hook timing...

[HOOK_TIMING_SUMMARY] epoch=2
[HOOK_WORK_SUMMARY] label=nccl:hier_zfp_online_coll:rate8 calls=384 work_total_ms=6044.262 work_mean_ms=15.740 work_min_ms=4.362 work_max_ms=62.950
[HOOK_TAIL_SUMMARY] label=nccl:ring_zfp_online_coll:rate8 steps=48 tail_total_ms=5564.523 tail_mean_ms=115.928 tail_min_ms=101.130 tail_max_ms=119.411
[Epoch 2] Hook timing summary done

[Epoch 3] Training... (lr at epoch start=0.523607)
[Epoch 3] Train Loss: 2.4916, Acc: 11.25%  |  Val Loss: 2.3026, Acc: 10.00%  |  Time: 9.4s
[Epoch 3] t_iter median: 140.41 ms  (fwd 23.40 | bwd+comm 113.47 | opt 3.45 | data 0.15)  |  train-only epoch: 7.1s
[Epoch 3] Summarizing hook timing...

[HOOK_TIMING_SUMMARY] epoch=3
[HOOK_WORK_SUMMARY] label=nccl:hier_zfp_online_coll:rate8 calls=384 work_total_ms=6126.369 work_mean_ms=15.954 work_min_ms=4.406 work_max_ms=76.340
[HOOK_TAIL_SUMMARY] label=nccl:ring_zfp_online_coll:rate8 steps=48 tail_total_ms=5627.003 tail_mean_ms=117.229 tail_min_ms=113.721 tail_max_ms=119.435
[Epoch 3] Hook timing summary done

[Epoch 4] Training... (lr at epoch start=0.276393)
[Epoch 4] Train Loss: 2.4658, Acc: 10.90%  |  Val Loss: 2.3453, Acc: 10.49%  |  Time: 9.4s
[Epoch 4] t_iter median: 140.28 ms  (fwd 23.34 | bwd+comm 113.57 | opt 3.31 | data 0.14)  |  train-only epoch: 7.1s
  -> Best model saved (10.49%)
[Epoch 4] Summarizing hook timing...

[HOOK_TIMING_SUMMARY] epoch=4
[HOOK_WORK_SUMMARY] label=nccl:hier_zfp_online_coll:rate8 calls=384 work_total_ms=6156.512 work_mean_ms=16.033 work_min_ms=4.435 work_max_ms=78.800
[HOOK_TAIL_SUMMARY] label=nccl:ring_zfp_online_coll:rate8 steps=48 tail_total_ms=5630.918 tail_mean_ms=117.311 tail_min_ms=113.775 tail_max_ms=131.807
[Epoch 4] Hook timing summary done

[Epoch 5] Training... (lr at epoch start=0.076393)
[Epoch 5] Train Loss: 2.3758, Acc: 10.90%  |  Val Loss: 2.4152, Acc: 11.12%  |  Time: 9.4s
[Epoch 5] t_iter median: 141.31 ms  (fwd 23.33 | bwd+comm 114.60 | opt 3.22 | data 0.13)  |  train-only epoch: 7.1s
  -> Best model saved (11.12%)
[Epoch 5] Summarizing hook timing...

[HOOK_TIMING_SUMMARY] epoch=5
[HOOK_WORK_SUMMARY] label=nccl:hier_zfp_online_coll:rate8 calls=384 work_total_ms=6223.305 work_mean_ms=16.207 work_min_ms=4.625 work_max_ms=62.668
[HOOK_TAIL_SUMMARY] label=nccl:ring_zfp_online_coll:rate8 steps=48 tail_total_ms=5740.851 tail_mean_ms=119.601 tail_min_ms=105.374 tail_max_ms=121.404
[Epoch 5] Hook timing summary done

================================================================================
Done in 53.3s | Best val acc: 11.12%
Epoch times (train+val): mean=10.1s  min=9.2s  max=13.2s
Train-only epoch time (epochs 2..N): median=7.09s  min=6.95s  max=7.12s
  -> use this for STRONG scaling (fixed global batch)
  -> use t_iter_median_ms from the CSV for WEAK scaling (fixed local batch)
================================================================================
=== Finished: model=wide_resnet50_2, dataset=cifar10, batch=128, lr=0.80, scheduler=cosine, backend=nccl, hook=ring_zfp_online_coll, zfp_rate=8, status=0 at Tue Aug  4 01:16:47 AM UTC 2026 ===
=== Starting: model=wide_resnet50_2, ws=8, bs=128, gb=1024, lr=0.80, sched=cosine, warmup=0, epochs=5, mom=0.9, wd=5e-4, nesterov=true, wd_bn_bias=false, backend=nccl, hook=recursive_doubling, zfp=none at Tue Aug  4 01:16:47 AM UTC 2026 ===

================================================================================
DISTRIBUTED TRAINING LAUNCHER
================================================================================
  Model:      wide_resnet50_2 (CIFAR stem) (from scratch)
  Dataset:    cifar10 (10 classes)
  Image size: 32
  LR:         0.8
  Momentum:   0.9 (nesterov=True)
  Optimizer:  sgd
  Weight dec: 0.0005 (on BN/bias=False)
  Backend:    nccl
  Algorithm:  recursive_doubling
  Epochs:     5
  Batch/rank: 128
  LR:         0.8
  Scheduler:  cosine
  Warmup:     0
  Grad clip:  None
  Drop last:  True
  Data dir:   ./data
================================================================================


================================================================================
DISTRIBUTED TRAINING LAUNCHER
================================================================================
  Model:      wide_resnet50_2 (CIFAR stem) (from scratch)
  Dataset:    cifar10 (10 classes)
  Image size: 32
  LR:         0.8
  Momentum:   0.9 (nesterov=True)
  Optimizer:  sgd
  Weight dec: 0.0005 (on BN/bias=False)
  Backend:    nccl
  Algorithm:  recursive_doubling
  Epochs:     5
  Batch/rank: 128
  LR:         0.8
  Scheduler:  cosine
  Warmup:     0
  Grad clip:  None
  Drop last:  True
  Data dir:   ./data
================================================================================


================================================================================
DISTRIBUTED TRAINING LAUNCHER
================================================================================
  Model:      wide_resnet50_2 (CIFAR stem) (from scratch)
  Dataset:    cifar10 (10 classes)
  Image size: 32
  LR:         0.8
  Momentum:   0.9 (nesterov=True)
  Optimizer:  sgd
  Weight dec: 0.0005 (on BN/bias=False)
  Backend:    nccl
  Algorithm:  recursive_doubling
  Epochs:     5
  Batch/rank: 128
  LR:         0.8
  Scheduler:  cosine
  Warmup:     0
  Grad clip:  None
  Drop last:  True
  Data dir:   ./data
================================================================================


================================================================================
DISTRIBUTED TRAINING LAUNCHER
================================================================================
  Model:      wide_resnet50_2 (CIFAR stem) (from scratch)
  Dataset:    cifar10 (10 classes)
  Image size: 32
  LR:         0.8
  Momentum:   0.9 (nesterov=True)
  Optimizer:  sgd
  Weight dec: 0.0005 (on BN/bias=False)
  Backend:    nccl
  Algorithm:  recursive_doubling
  Epochs:     5
  Batch/rank: 128
  LR:         0.8
  Scheduler:  cosine
  Warmup:     0
  Grad clip:  None
  Drop last:  True
  Data dir:   ./data
================================================================================


================================================================================
DISTRIBUTED TRAINING LAUNCHER
================================================================================
  Model:      wide_resnet50_2 (CIFAR stem) (from scratch)
  Dataset:    cifar10 (10 classes)
  Image size: 32
  LR:         0.8
  Momentum:   0.9 (nesterov=True)
  Optimizer:  sgd
  Weight dec: 0.0005 (on BN/bias=False)
  Backend:    nccl
  Algorithm:  recursive_doubling
  Epochs:     5
  Batch/rank: 128
  LR:         0.8
================================================================================
DISTRIBUTED TRAINING LAUNCHER
================================================================================
  Model:      wide_resnet50_2 (CIFAR stem) (from scratch)
  Dataset:    cifar10 (10 classes)
  Image size: 32
  LR:         0.8
  Momentum:   0.9 (nesterov=True)
  Optimizer:  sgd
  Weight dec: 0.0005 (on BN/bias=False)
  Backend:    nccl
  Algorithm:  recursive_doubling
  Epochs:     5
  Batch/rank: 128
  LR:         0.8
  Scheduler:  cosine
  Warmup:     0
  Grad clip:  None
  Drop last:  True
  Data dir:   ./data
================================================================================


  Scheduler:  cosine
  Warmup:     0
  Grad clip:  None
  Drop last:  True
  Data dir:   ./data
================================================================================


================================================================================
DISTRIBUTED TRAINING LAUNCHER
================================================================================
  Model:      wide_resnet50_2 (CIFAR stem) (from scratch)
  Dataset:    cifar10 (10 classes)
  Image size: 32
  LR:         0.8
  Momentum:   0.9 (nesterov=True)
  Optimizer:  sgd
  Weight dec: 0.0005 (on BN/bias=False)
  Backend:    nccl
  Algorithm:  recursive_doubling
  Epochs:     5
  Batch/rank: 128
  LR:         0.8
  Scheduler:  cosine
  Warmup:     0
  Grad clip:  None
  Drop last:  True
  Data dir:   ./data
================================================================================


================================================================================
DISTRIBUTED TRAINING LAUNCHER
================================================================================
  Model:      wide_resnet50_2 (CIFAR stem) (from scratch)
  Dataset:    cifar10 (10 classes)
  Image size: 32
  LR:         0.8
  Momentum:   0.9 (nesterov=True)
  Optimizer:  sgd
  Weight dec: 0.0005 (on BN/bias=False)
  Backend:    nccl
  Algorithm:  recursive_doubling
  Epochs:     5
  Batch/rank: 128
  LR:         0.8
  Scheduler:  cosine
  Warmup:     0
  Grad clip:  None
  Drop last:  True
  Data dir:   ./data
================================================================================


================================================================================
Distributed Training: WIDE_RESNET50_2 on CIFAR10
Backend: NCCL, Algorithm: recursive_doubling
================================================================================
Ranks: 8, Epochs: 5, Batch/rank: 128, Effective batch: 1024
LR: 0.8, Device: cuda:0

[Cache] Pretrained weights cache (TORCH_HOME) = /eagle/UIC-HPC/matilderestelli/pretrained_weights_cache
[Setup] Model on cuda:0, wrapped in DDP (static_graph=True)
[Setup] Hook registered: nccl/recursive_doubling
[Optim] SGD: lr=0.8 momentum=0.9 nesterov=True wd=0.0005 wd_on_bn_bias=False
[Optim]   group 0: 66,778,816 params, wd=0.0005
[Optim]   group 1: 68,234 params, wd=0.0
[Data] Train batches: 48, Val batches: 79

[Sched] cosine: steps/epoch=48, total_steps=240, warmup_steps=0 (0 epochs)


[Epoch 1] Training... (lr at epoch start=0.800000)
[Epoch 1] Train Loss: 12.9523, Acc: 9.98%  |  Val Loss: 3.8481, Acc: 10.14%  |  Time: 22.2s
[Epoch 1] t_iter median: 331.97 ms  (fwd 23.08 | bwd+comm 305.41 | opt 3.36 | data 0.14)  |  train-only epoch: 18.9s
  -> Best model saved (10.14%)
[Epoch 1] Summarizing hook timing...

[HOOK_TIMING_SUMMARY] epoch=1
[HOOK_WORK_SUMMARY] label=nccl:recursive_doubling calls=370 work_total_ms=15346.541 work_mean_ms=41.477 work_min_ms=19.143 work_max_ms=317.154
[HOOK_TAIL_SUMMARY] label=nccl:recursive_doubling steps=49 tail_total_ms=15023.965 tail_mean_ms=306.612 tail_min_ms=142.054 tail_max_ms=384.225
[Epoch 1] Hook timing summary done

[Epoch 2] Training... (lr at epoch start=0.723607)
[Epoch 2] Train Loss: 2.3050, Acc: 9.77%  |  Val Loss: 2.3035, Acc: 10.00%  |  Time: 18.9s
[Epoch 2] t_iter median: 341.73 ms  (fwd 23.16 | bwd+comm 314.86 | opt 3.49 | data 0.15)  |  train-only epoch: 16.7s
[Epoch 2] Summarizing hook timing...

[HOOK_TIMING_SUMMARY] epoch=2
[HOOK_WORK_SUMMARY] label=nccl:recursive_doubling calls=384 work_total_ms=15719.067 work_mean_ms=40.935 work_min_ms=19.759 work_max_ms=73.435
[HOOK_TAIL_SUMMARY] label=nccl:recursive_doubling steps=48 tail_total_ms=15234.355 tail_mean_ms=317.382 tail_min_ms=283.609 tail_max_ms=333.683
[Epoch 2] Hook timing summary done

[Epoch 3] Training... (lr at epoch start=0.523607)
[Epoch 3] Train Loss: 2.3034, Acc: 10.03%  |  Val Loss: 2.3028, Acc: 10.00%  |  Time: 17.4s
[Epoch 3] t_iter median: 294.98 ms  (fwd 23.17 | bwd+comm 268.30 | opt 3.43 | data 0.16)  |  train-only epoch: 15.1s
[Epoch 3] Summarizing hook timing...

[HOOK_TIMING_SUMMARY] epoch=3
[HOOK_WORK_SUMMARY] label=nccl:recursive_doubling calls=384 work_total_ms=14173.355 work_mean_ms=36.910 work_min_ms=14.092 work_max_ms=73.163
[HOOK_TAIL_SUMMARY] label=nccl:recursive_doubling steps=48 tail_total_ms=13702.208 tail_mean_ms=285.463 tail_min_ms=267.138 tail_max_ms=335.220
[Epoch 3] Hook timing summary done

[Epoch 4] Training... (lr at epoch start=0.276393)
[Epoch 4] Train Loss: 2.3031, Acc: 9.88%  |  Val Loss: 2.3175, Acc: 10.00%  |  Time: 18.0s
[Epoch 4] t_iter median: 330.69 ms  (fwd 23.07 | bwd+comm 304.17 | opt 3.26 | data 0.13)  |  train-only epoch: 15.8s
[Epoch 4] Summarizing hook timing...

[HOOK_TIMING_SUMMARY] epoch=4
[HOOK_WORK_SUMMARY] label=nccl:recursive_doubling calls=384 work_total_ms=14831.692 work_mean_ms=38.624 work_min_ms=14.159 work_max_ms=72.952
[HOOK_TAIL_SUMMARY] label=nccl:recursive_doubling steps=48 tail_total_ms=14391.405 tail_mean_ms=299.821 tail_min_ms=268.333 tail_max_ms=315.253
[Epoch 4] Hook timing summary done

[Epoch 5] Training... (lr at epoch start=0.076393)
[Epoch 5] Train Loss: 2.3021, Acc: 11.07%  |  Val Loss: 2.7100, Acc: 9.94%  |  Time: 16.7s
[Epoch 5] t_iter median: 292.69 ms  (fwd 23.07 | bwd+comm 266.19 | opt 3.28 | data 0.15)  |  train-only epoch: 14.4s
[Epoch 5] Summarizing hook timing...

[HOOK_TIMING_SUMMARY] epoch=5
[HOOK_WORK_SUMMARY] label=nccl:recursive_doubling calls=384 work_total_ms=13505.094 work_mean_ms=35.170 work_min_ms=11.997 work_max_ms=71.613
[HOOK_TAIL_SUMMARY] label=nccl:recursive_doubling steps=48 tail_total_ms=13066.425 tail_mean_ms=272.217 tail_min_ms=263.011 tail_max_ms=320.460
[Epoch 5] Hook timing summary done

================================================================================
Done in 94.2s | Best val acc: 10.14%
Epoch times (train+val): mean=18.7s  min=16.7s  max=22.2s
Train-only epoch time (epochs 2..N): median=15.46s  min=14.43s  max=16.69s
  -> use this for STRONG scaling (fixed global batch)
  -> use t_iter_median_ms from the CSV for WEAK scaling (fixed local batch)
================================================================================
=== Finished: model=wide_resnet50_2, dataset=cifar10, batch=128, lr=0.80, scheduler=cosine, backend=nccl, hook=recursive_doubling, zfp_rate=none, status=0 at Tue Aug  4 01:18:34 AM UTC 2026 ===
=== Starting: model=wide_resnet50_2, ws=8, bs=128, gb=1024, lr=0.80, sched=cosine, warmup=0, epochs=5, mom=0.9, wd=5e-4, nesterov=true, wd_bn_bias=false, backend=nccl, hook=recursive_doubling_zfp_naive, zfp=16 at Tue Aug  4 01:18:34 AM UTC 2026 ===

================================================================================
DISTRIBUTED TRAINING LAUNCHER
================================================================================
  Model:      wide_resnet50_2 (CIFAR stem) (from scratch)
  Dataset:    cifar10 (10 classes)
  Image size: 32
  LR:         0.8
  Momentum:   0.9 (nesterov=True)
  Optimizer:  sgd
  Weight dec: 0.0005 (on BN/bias=False)
  Backend:    nccl

================================================================================
DISTRIBUTED TRAINING LAUNCHER
================================================================================
  Model:      wide_resnet50_2 (CIFAR stem) (from scratch)
  Dataset:    cifar10 (10 classes)
  Image size: 32
  LR:         0.8
  Momentum:   0.9 (nesterov=True)
  Optimizer:  sgd
  Weight dec: 0.0005 (on BN/bias=False)
  Backend:    nccl
  Algorithm:  recursive_doubling_zfp_naive
  Algorithm:  recursive_doubling_zfp_naive
  ZFP rate:   16
  Epochs:     5
  Batch/rank: 128
  LR:         0.8
  Scheduler:  cosine
  Warmup:     0
  Grad clip:  None
  Drop last:  True
  Data dir:   ./data
================================================================================


================================================================================
DISTRIBUTED TRAINING LAUNCHER
================================================================================
  Model:      wide_resnet50_2 (CIFAR stem) (from scratch)
  Dataset:    cifar10 (10 classes)
  Image size: 32
  LR:         0.8
  Momentum:   0.9 (nesterov=True)
  Optimizer:  sgd
  Weight dec: 0.0005 (on BN/bias=False)
  Backend:    nccl
  Algorithm:  recursive_doubling_zfp_naive
  ZFP rate:   16
  Epochs:     5
  Batch/rank: 128
  LR:         0.8
  Scheduler:  cosine
  Warmup:     0
  Grad clip:  None
  Drop last:  True
  Data dir:   ./data
================================================================================

  ZFP rate:   16
  Epochs:     5
  Batch/rank: 128
  LR:         0.8
  Scheduler:  cosine
  Warmup:     0
  Grad clip:  None
  Drop last:  True
  Data dir:   ./data
================================================================================


================================================================================
DISTRIBUTED TRAINING LAUNCHER
================================================================================
  Model:      wide_resnet50_2 (CIFAR stem) (from scratch)
  Dataset:    cifar10 (10 classes)
  Image size: 32
  LR:         0.8
  Momentum:   0.9 (nesterov=True)
  Optimizer:  sgd
  Weight dec: 0.0005 (on BN/bias=False)
  Backend:    nccl
  Algorithm:  recursive_doubling_zfp_naive
  ZFP rate:   16
  Epochs:     5
  Batch/rank: 128
  LR:         0.8
  Scheduler:  cosine
  Warmup:     0
  Grad clip:  None
  Drop last:  True
  Data dir:   ./data
================================================================================


================================================================================
DISTRIBUTED TRAINING LAUNCHER
================================================================================
  Model:      wide_resnet50_2 (CIFAR stem) (from scratch)
  Dataset:    cifar10 (10 classes)
  Image size: 32

================================================================================
DISTRIBUTED TRAINING LAUNCHER
================================================================================
  Model:      wide_resnet50_2 (CIFAR stem) (from scratch)
  Dataset:    cifar10 (10 classes)
  Image size: 32
  LR:         0.8
  Momentum:   0.9 (nesterov=True)
  Optimizer:  sgd
  Weight dec: 0.0005 (on BN/bias=False)
  Backend:    nccl
  Algorithm:  recursive_doubling_zfp_naive
  ZFP rate:   16
  Epochs:     5
  Batch/rank: 128
  LR:         0.8
  Scheduler:  cosine
  Warmup:     0
  Grad clip:  None
  Drop last:  True
  Data dir:   ./data
================================================================================


================================================================================
DISTRIBUTED TRAINING LAUNCHER
================================================================================
  Model:      wide_resnet50_2 (CIFAR stem) (from scratch)
  Dataset:    cifar10 (10 classes)
  Image size: 32
  LR:         0.8
  Momentum:   0.9 (nesterov=True)
  Optimizer:  sgd
  Weight dec: 0.0005 (on BN/bias=False)
  Backend:    nccl
  Algorithm:  recursive_doubling_zfp_naive
  ZFP rate:   16
  Epochs:     5
  Batch/rank: 128
  LR:         0.8
  Scheduler:  cosine
  Warmup:     0
  Grad clip:  None
  Drop last:  True
  Data dir:   ./data
================================================================================

  LR:         0.8
  Momentum:   0.9 (nesterov=True)
  Optimizer:  sgd
  Weight dec: 0.0005 (on BN/bias=False)
  Backend:    nccl
  Algorithm:  recursive_doubling_zfp_naive
  ZFP rate:   16
  Epochs:     5
  Batch/rank: 128
  LR:         0.8
  Scheduler:  cosine
  Warmup:     0
  Grad clip:  None
  Drop last:  True
  Data dir:   ./data
================================================================================


================================================================================
DISTRIBUTED TRAINING LAUNCHER
================================================================================
  Model:      wide_resnet50_2 (CIFAR stem) (from scratch)
  Dataset:    cifar10 (10 classes)
  Image size: 32
  LR:         0.8
  Momentum:   0.9 (nesterov=True)
  Optimizer:  sgd
  Weight dec: 0.0005 (on BN/bias=False)
  Backend:    nccl
  Algorithm:  recursive_doubling_zfp_naive
  ZFP rate:   16
  Epochs:     5
  Batch/rank: 128
  LR:         0.8
  Scheduler:  cosine
  Warmup:     0
  Grad clip:  None
  Drop last:  True
  Data dir:   ./data
================================================================================


================================================================================
Distributed Training: WIDE_RESNET50_2 on CIFAR10
Backend: NCCL, Algorithm: recursive_doubling_zfp_naive
================================================================================
Ranks: 8, Epochs: 5, Batch/rank: 128, Effective batch: 1024
LR: 0.8, Device: cuda:0

[Cache] Pretrained weights cache (TORCH_HOME) = /eagle/UIC-HPC/matilderestelli/pretrained_weights_cache
[Setup] Model on cuda:0, wrapped in DDP (static_graph=True)
[Setup] Hook registered: nccl/recursive_doubling_zfp_naive
[Optim] SGD: lr=0.8 momentum=0.9 nesterov=True wd=0.0005 wd_on_bn_bias=False
[Optim]   group 0: 66,778,816 params, wd=0.0005
[Optim]   group 1: 68,234 params, wd=0.0
[Data] Train batches: 48, Val batches: 79

[Sched] cosine: steps/epoch=48, total_steps=240, warmup_steps=0 (0 epochs)


[Epoch 1] Training... (lr at epoch start=0.800000)
[Epoch 1] Train Loss: 13.6589, Acc: 9.81%  |  Val Loss: 9.3025, Acc: 10.72%  |  Time: 17.1s
[Epoch 1] t_iter median: 207.92 ms  (fwd 23.06 | bwd+comm 181.43 | opt 3.25 | data 0.13)  |  train-only epoch: 13.8s
  -> Best model saved (10.72%)
[Epoch 1] Summarizing hook timing...

[HOOK_TIMING_SUMMARY] epoch=1
[HOOK_WORK_SUMMARY] label=nccl:recursive_doubling_zfp_naive:rate16 calls=370 work_total_ms=10192.871 work_mean_ms=27.548 work_min_ms=8.556 work_max_ms=234.552
[HOOK_TAIL_SUMMARY] label=nccl:recursive_doubling_zfp_naive:rate16 steps=49 tail_total_ms=9900.602 tail_mean_ms=202.053 tail_min_ms=128.727 tail_max_ms=292.130
[Epoch 1] Hook timing summary done

[Epoch 2] Training... (lr at epoch start=0.723607)
[Epoch 2] Train Loss: 2.3046, Acc: 9.75%  |  Val Loss: 2.3035, Acc: 10.00%  |  Time: 13.0s
[Epoch 2] t_iter median: 216.47 ms  (fwd 23.06 | bwd+comm 189.73 | opt 3.27 | data 0.12)  |  train-only epoch: 10.8s
[Epoch 2] Summarizing hook timing...

[HOOK_TIMING_SUMMARY] epoch=2
[HOOK_WORK_SUMMARY] label=nccl:recursive_doubling_zfp_naive:rate16 calls=384 work_total_ms=9862.549 work_mean_ms=25.684 work_min_ms=8.186 work_max_ms=68.803
[HOOK_TAIL_SUMMARY] label=nccl:recursive_doubling_zfp_naive:rate16 steps=48 tail_total_ms=9423.137 tail_mean_ms=196.315 tail_min_ms=176.341 tail_max_ms=203.641
[Epoch 2] Hook timing summary done

[Epoch 3] Training... (lr at epoch start=0.523607)
[Epoch 3] Train Loss: 2.3033, Acc: 9.96%  |  Val Loss: 2.3028, Acc: 10.00%  |  Time: 13.2s
[Epoch 3] t_iter median: 221.81 ms  (fwd 23.07 | bwd+comm 195.35 | opt 3.27 | data 0.08)  |  train-only epoch: 11.0s
[Epoch 3] Summarizing hook timing...

[HOOK_TIMING_SUMMARY] epoch=3
[HOOK_WORK_SUMMARY] label=nccl:recursive_doubling_zfp_naive:rate16 calls=384 work_total_ms=10097.405 work_mean_ms=26.295 work_min_ms=8.780 work_max_ms=91.777
[HOOK_TAIL_SUMMARY] label=nccl:recursive_doubling_zfp_naive:rate16 steps=48 tail_total_ms=9654.839 tail_mean_ms=201.142 tail_min_ms=198.199 tail_max_ms=218.909
[Epoch 3] Hook timing summary done

[Epoch 4] Training... (lr at epoch start=0.276393)
[Epoch 4] Train Loss: 2.3030, Acc: 9.83%  |  Val Loss: 2.4245, Acc: 10.04%  |  Time: 13.7s
[Epoch 4] t_iter median: 232.19 ms  (fwd 23.07 | bwd+comm 205.83 | opt 3.27 | data 0.10)  |  train-only epoch: 11.4s
[Epoch 4] Summarizing hook timing...

[HOOK_TIMING_SUMMARY] epoch=4
[HOOK_WORK_SUMMARY] label=nccl:recursive_doubling_zfp_naive:rate16 calls=384 work_total_ms=10523.282 work_mean_ms=27.404 work_min_ms=9.108 work_max_ms=94.479
[HOOK_TAIL_SUMMARY] label=nccl:recursive_doubling_zfp_naive:rate16 steps=48 tail_total_ms=10075.565 tail_mean_ms=209.908 tail_min_ms=189.327 tail_max_ms=230.031
[Epoch 4] Hook timing summary done

[Epoch 5] Training... (lr at epoch start=0.076393)
[Epoch 5] Train Loss: 2.3023, Acc: 11.13%  |  Val Loss: 3.0314, Acc: 10.00%  |  Time: 13.8s
[Epoch 5] t_iter median: 232.62 ms  (fwd 23.15 | bwd+comm 205.81 | opt 3.50 | data 0.17)  |  train-only epoch: 11.5s
[Epoch 5] Summarizing hook timing...

[HOOK_TIMING_SUMMARY] epoch=5
[HOOK_WORK_SUMMARY] label=nccl:recursive_doubling_zfp_naive:rate16 calls=384 work_total_ms=10556.557 work_mean_ms=27.491 work_min_ms=10.828 work_max_ms=93.536
[HOOK_TAIL_SUMMARY] label=nccl:recursive_doubling_zfp_naive:rate16 steps=48 tail_total_ms=10106.884 tail_mean_ms=210.560 tail_min_ms=206.798 tail_max_ms=233.560
[Epoch 5] Hook timing summary done

================================================================================
Done in 71.6s | Best val acc: 10.72%
Epoch times (train+val): mean=14.2s  min=13.0s  max=17.1s
Train-only epoch time (epochs 2..N): median=11.22s  min=10.79s  max=11.52s
  -> use this for STRONG scaling (fixed global batch)
  -> use t_iter_median_ms from the CSV for WEAK scaling (fixed local batch)
================================================================================
=== Finished: model=wide_resnet50_2, dataset=cifar10, batch=128, lr=0.80, scheduler=cosine, backend=nccl, hook=recursive_doubling_zfp_naive, zfp_rate=16, status=0 at Tue Aug  4 01:19:58 AM UTC 2026 ===
=== Starting: model=wide_resnet50_2, ws=8, bs=128, gb=1024, lr=0.80, sched=cosine, warmup=0, epochs=5, mom=0.9, wd=5e-4, nesterov=true, wd_bn_bias=false, backend=nccl, hook=recursive_doubling_zfp_online_coll, zfp=16 at Tue Aug  4 01:19:58 AM UTC 2026 ===

================================================================================
DISTRIBUTED TRAINING LAUNCHER
================================================================================
  Model:      wide_resnet50_2 (CIFAR stem) (from scratch)
  Dataset:    cifar10 (10 classes)
  Image size: 32
  LR:         0.8
  Momentum:   0.9 (nesterov=True)
  Optimizer:  sgd
  Weight dec: 0.0005 (on BN/bias=False)
  Backend:    nccl
  Algorithm:  recursive_doubling_zfp_online_coll
  ZFP rate:   16
  Epochs:     5
  Batch/rank: 128
  LR:         0.8
  Scheduler:  cosine
  Warmup:     0
  Grad clip:  None
  Drop last:  True
================================================================================
DISTRIBUTED TRAINING LAUNCHER
================================================================================
  Model:      wide_resnet50_2 (CIFAR stem) (from scratch)
  Dataset:    cifar10 (10 classes)
  Image size: 32
  LR:         0.8
  Momentum:   0.9 (nesterov=True)
  Optimizer:  sgd
  Weight dec: 0.0005 (on BN/bias=False)
  Backend:    nccl
  Algorithm:  recursive_doubling_zfp_online_coll
  ZFP rate:   16
  Epochs:     5
  Batch/rank: 128
  LR:         0.8
  Scheduler:  cosine
  Warmup:     0
  Grad clip:  None
  Drop last:  True
  Data dir:   ./data
================================================================================


  Data dir:   ./data
================================================================================


================================================================================
DISTRIBUTED TRAINING LAUNCHER
================================================================================
  Model:      wide_resnet50_2 (CIFAR stem) (from scratch)
  Dataset:    cifar10 (10 classes)
  Image size: 32
  LR:         0.8
  Momentum:   0.9 (nesterov=True)
  Optimizer:  sgd
  Weight dec: 0.0005 (on BN/bias=False)
  Backend:    nccl
  Algorithm:  recursive_doubling_zfp_online_coll
  ZFP rate:   16
  Epochs:     5
  Batch/rank: 128
  LR:         0.8
  Scheduler:  cosine
  Warmup:     0
  Grad clip:  None
  Drop last:  True
  Data dir:   ./data
================================================================================


================================================================================
DISTRIBUTED TRAINING LAUNCHER
================================================================================
  Model:      wide_resnet50_2 (CIFAR stem) (from scratch)
  Dataset:    cifar10 (10 classes)
  Image size: 32
  LR:         0.8
  Momentum:   0.9 (nesterov=True)
  Optimizer:  sgd
  Weight dec: 0.0005 (on BN/bias=False)
  Backend:    nccl
  Algorithm:  recursive_doubling_zfp_online_coll
  ZFP rate:   16
  Epochs:     5
  Batch/rank: 128
  LR:         0.8
  Scheduler:  cosine
  Warmup:     0
  Grad clip:  None
  Drop last:  True
  Data dir:   ./data
================================================================================


================================================================================
DISTRIBUTED TRAINING LAUNCHER
================================================================================
  Model:      wide_resnet50_2 (CIFAR stem) (from scratch)
  Dataset:    cifar10 (10 classes)
  Image size: 32
  LR:         0.8
  Momentum:   0.9 (nesterov=True)
  Optimizer:  sgd
  Weight dec: 0.0005 (on BN/bias=False)
  Backend:    nccl
  Algorithm:  recursive_doubling_zfp_online_coll
  ZFP rate:   16
  Epochs:     5
  Batch/rank: 128
  LR:         0.8
  Scheduler:  cosine
  Warmup:     0
  Grad clip:  None
  Drop last:  True
  Data dir:   ./data
================================================================================


================================================================================
DISTRIBUTED TRAINING LAUNCHER
================================================================================
  Model:      wide_resnet50_2 (CIFAR stem) (from scratch)
  Dataset:    cifar10 (10 classes)
  Image size: 32
  LR:         0.8
  Momentum:   0.9 (nesterov=True)
  Optimizer:  sgd
  Weight dec: 0.0005 (on BN/bias=False)
  Backend:    nccl
  Algorithm:  recursive_doubling_zfp_online_coll
  ZFP rate:   16
  Epochs:     5
  Batch/rank: 128
  LR:         0.8
  Scheduler:  cosine
  Warmup:     0
  Grad clip:  None
  Drop last:  True
  Data dir:   ./data
================================================================================


================================================================================
DISTRIBUTED TRAINING LAUNCHER
================================================================================
  Model:      wide_resnet50_2 (CIFAR stem) (from scratch)
  Dataset:    cifar10 (10 classes)
  Image size: 32
================================================================================
DISTRIBUTED TRAINING LAUNCHER
================================================================================
  Model:      wide_resnet50_2 (CIFAR stem) (from scratch)
  Dataset:    cifar10 (10 classes)
  Image size: 32
  LR:         0.8
  Momentum:   0.9 (nesterov=True)
  Optimizer:  sgd
  Weight dec: 0.0005 (on BN/bias=False)

  LR:         0.8
  Momentum:   0.9 (nesterov=True)
  Optimizer:  sgd
  Weight dec: 0.0005 (on BN/bias=False)
  Backend:    nccl
  Algorithm:  recursive_doubling_zfp_online_coll
  ZFP rate:   16
  Epochs:     5
  Batch/rank: 128
  LR:         0.8
  Scheduler:  cosine
  Warmup:     0
  Grad clip:  None
  Drop last:  True
  Data dir:   ./data
================================================================================

  Backend:    nccl
  Algorithm:  recursive_doubling_zfp_online_coll
  ZFP rate:   16
  Epochs:     5
  Batch/rank: 128
  LR:         0.8
  Scheduler:  cosine
  Warmup:     0
  Grad clip:  None
  Drop last:  True
  Data dir:   ./data
================================================================================


================================================================================
Distributed Training: WIDE_RESNET50_2 on CIFAR10
Backend: NCCL, Algorithm: recursive_doubling_zfp_online_coll
================================================================================
Ranks: 8, Epochs: 5, Batch/rank: 128, Effective batch: 1024
LR: 0.8, Device: cuda:0

[Cache] Pretrained weights cache (TORCH_HOME) = /eagle/UIC-HPC/matilderestelli/pretrained_weights_cache
[Setup] Model on cuda:0, wrapped in DDP (static_graph=True)
[Setup] Hook registered: nccl/recursive_doubling_zfp_online_coll
[Optim] SGD: lr=0.8 momentum=0.9 nesterov=True wd=0.0005 wd_on_bn_bias=False
[Optim]   group 0: 66,778,816 params, wd=0.0005
[Optim]   group 1: 68,234 params, wd=0.0
[Data] Train batches: 48, Val batches: 79

[Sched] cosine: steps/epoch=48, total_steps=240, warmup_steps=0 (0 epochs)


[Epoch 1] Training... (lr at epoch start=0.800000)
[Epoch 1] Train Loss: 21.0333, Acc: 10.50%  |  Val Loss: 2.3028, Acc: 10.26%  |  Time: 15.0s
[Epoch 1] t_iter median: 176.98 ms  (fwd 23.35 | bwd+comm 150.28 | opt 3.29 | data 0.13)  |  train-only epoch: 11.8s
  -> Best model saved (10.26%)
[Epoch 1] Summarizing hook timing...

[HOOK_TIMING_SUMMARY] epoch=1
[HOOK_WORK_SUMMARY] label=nccl:hier_zfp_online_coll:rate16 calls=370 work_total_ms=8072.755 work_mean_ms=21.818 work_min_ms=7.213 work_max_ms=378.957
[HOOK_TAIL_SUMMARY] label=nccl:recursive_doubling_zfp_online_coll:rate16 steps=49 tail_total_ms=7772.978 tail_mean_ms=158.632 tail_min_ms=62.899 tail_max_ms=510.135
[Epoch 1] Hook timing summary done

[Epoch 2] Training... (lr at epoch start=0.723607)
[Epoch 2] Train Loss: 2.4390, Acc: 11.30%  |  Val Loss: 2.3042, Acc: 10.00%  |  Time: 11.2s
[Epoch 2] t_iter median: 178.03 ms  (fwd 23.45 | bwd+comm 151.00 | opt 3.47 | data 0.16)  |  train-only epoch: 8.9s
[Epoch 2] Summarizing hook timing...

[HOOK_TIMING_SUMMARY] epoch=2
[HOOK_WORK_SUMMARY] label=nccl:hier_zfp_online_coll:rate16 calls=384 work_total_ms=7930.186 work_mean_ms=20.652 work_min_ms=7.302 work_max_ms=61.877
[HOOK_TAIL_SUMMARY] label=nccl:recursive_doubling_zfp_online_coll:rate16 steps=48 tail_total_ms=7420.260 tail_mean_ms=154.589 tail_min_ms=135.494 tail_max_ms=159.748
[Epoch 2] Hook timing summary done

[Epoch 3] Training... (lr at epoch start=0.523607)
[Epoch 3] Train Loss: 2.3331, Acc: 11.54%  |  Val Loss: 2.3025, Acc: 10.25%  |  Time: 11.4s
[Epoch 3] t_iter median: 185.09 ms  (fwd 23.32 | bwd+comm 158.32 | opt 3.38 | data 0.08)  |  train-only epoch: 9.2s
[Epoch 3] Summarizing hook timing...

[HOOK_TIMING_SUMMARY] epoch=3
[HOOK_WORK_SUMMARY] label=nccl:hier_zfp_online_coll:rate16 calls=384 work_total_ms=8254.878 work_mean_ms=21.497 work_min_ms=7.352 work_max_ms=99.777
[HOOK_TAIL_SUMMARY] label=nccl:recursive_doubling_zfp_online_coll:rate16 steps=48 tail_total_ms=7726.763 tail_mean_ms=160.974 tail_min_ms=152.568 tail_max_ms=178.118
[Epoch 3] Hook timing summary done

[Epoch 4] Training... (lr at epoch start=0.276393)
[Epoch 4] Train Loss: 2.3830, Acc: 10.50%  |  Val Loss: 2.2962, Acc: 10.70%  |  Time: 11.2s
[Epoch 4] t_iter median: 176.95 ms  (fwd 23.43 | bwd+comm 149.90 | opt 3.46 | data 0.17)  |  train-only epoch: 8.9s
  -> Best model saved (10.70%)
[Epoch 4] Summarizing hook timing...

[HOOK_TIMING_SUMMARY] epoch=4
[HOOK_WORK_SUMMARY] label=nccl:hier_zfp_online_coll:rate16 calls=384 work_total_ms=7924.792 work_mean_ms=20.637 work_min_ms=7.150 work_max_ms=64.558
[HOOK_TAIL_SUMMARY] label=nccl:recursive_doubling_zfp_online_coll:rate16 steps=48 tail_total_ms=7430.509 tail_mean_ms=154.802 tail_min_ms=152.432 tail_max_ms=186.327
[Epoch 4] Hook timing summary done

[Epoch 5] Training... (lr at epoch start=0.076393)
[Epoch 5] Train Loss: 2.3153, Acc: 11.57%  |  Val Loss: 2.2985, Acc: 11.21%  |  Time: 11.1s
[Epoch 5] t_iter median: 176.87 ms  (fwd 23.33 | bwd+comm 150.05 | opt 3.30 | data 0.15)  |  train-only epoch: 8.8s
  -> Best model saved (11.21%)
[Epoch 5] Summarizing hook timing...

[HOOK_TIMING_SUMMARY] epoch=5
[HOOK_WORK_SUMMARY] label=nccl:hier_zfp_online_coll:rate16 calls=384 work_total_ms=7931.488 work_mean_ms=20.655 work_min_ms=7.255 work_max_ms=62.759
[HOOK_TAIL_SUMMARY] label=nccl:recursive_doubling_zfp_online_coll:rate16 steps=48 tail_total_ms=7448.603 tail_mean_ms=155.179 tail_min_ms=153.035 tail_max_ms=161.465
[Epoch 5] Hook timing summary done

================================================================================
Done in 62.6s | Best val acc: 11.21%
Epoch times (train+val): mean=12.0s  min=11.1s  max=15.0s
Train-only epoch time (epochs 2..N): median=8.88s  min=8.83s  max=9.19s
  -> use this for STRONG scaling (fixed global batch)
  -> use t_iter_median_ms from the CSV for WEAK scaling (fixed local batch)
================================================================================
=== Finished: model=wide_resnet50_2, dataset=cifar10, batch=128, lr=0.80, scheduler=cosine, backend=nccl, hook=recursive_doubling_zfp_online_coll, zfp_rate=16, status=0 at Tue Aug  4 01:21:12 AM UTC 2026 ===
=== Starting: model=wide_resnet50_2, ws=8, bs=128, gb=1024, lr=0.80, sched=cosine, warmup=0, epochs=5, mom=0.9, wd=5e-4, nesterov=true, wd_bn_bias=false, backend=nccl, hook=recursive_doubling_zfp_online_coll, zfp=8 at Tue Aug  4 01:21:12 AM UTC 2026 ===

================================================================================
DISTRIBUTED TRAINING LAUNCHER
================================================================================
  Model:      wide_resnet50_2 (CIFAR stem) (from scratch)
  Dataset:    cifar10 (10 classes)
  Image size: 32
  LR:         0.8
  Momentum:   0.9 (nesterov=True)
  Optimizer:  sgd
  Weight dec: 0.0005 (on BN/bias=False)
================================================================================
DISTRIBUTED TRAINING LAUNCHER
================================================================================
  Model:      wide_resnet50_2 (CIFAR stem) (from scratch)
  Dataset:    cifar10 (10 classes)
  Image size: 32
  LR:         0.8
  Momentum:   0.9 (nesterov=True)
  Optimizer:  sgd
  Weight dec: 0.0005 (on BN/bias=False)
  Backend:    nccl
  Algorithm:  recursive_doubling_zfp_online_coll
  ZFP rate:   8
  Epochs:     5
  Batch/rank: 128
  LR:         0.8
  Scheduler:  cosine
  Warmup:     0
  Grad clip:  None
  Drop last:  True
  Data dir:   ./data
================================================================================


  Backend:    nccl
  Algorithm:  recursive_doubling_zfp_online_coll
  ZFP rate:   8
  Epochs:     5
  Batch/rank: 128
  LR:         0.8
  Scheduler:  cosine
  Warmup:     0
  Grad clip:  None
  Drop last:  True
  Data dir:   ./data
================================================================================


================================================================================
DISTRIBUTED TRAINING LAUNCHER
================================================================================
  Model:      wide_resnet50_2 (CIFAR stem) (from scratch)
  Dataset:    cifar10 (10 classes)
  Image size: 32
  LR:         0.8
  Momentum:   0.9 (nesterov=True)
  Optimizer:  sgd
  Weight dec: 0.0005 (on BN/bias=False)
  Backend:    nccl
  Algorithm:  recursive_doubling_zfp_online_coll
  ZFP rate:   8
  Epochs:     5
  Batch/rank: 128
  LR:         0.8
  Scheduler:  cosine
  Warmup:     0
  Grad clip:  None
  Drop last:  True
  Data dir:   ./data
================================================================================


================================================================================
DISTRIBUTED TRAINING LAUNCHER
================================================================================
  Model:      wide_resnet50_2 (CIFAR stem) (from scratch)
  Dataset:    cifar10 (10 classes)
  Image size: 32
  LR:         0.8
  Momentum:   0.9 (nesterov=True)
  Optimizer:  sgd
  Weight dec: 0.0005 (on BN/bias=False)
  Backend:    nccl
  Algorithm:  recursive_doubling_zfp_online_coll
  ZFP rate:   8
  Epochs:     5
  Batch/rank: 128
  LR:         0.8
  Scheduler:  cosine
  Warmup:     0
  Grad clip:  None
  Drop last:  True
  Data dir:   ./data
================================================================================


================================================================================
DISTRIBUTED TRAINING LAUNCHER
================================================================================
  Model:      wide_resnet50_2 (CIFAR stem) (from scratch)
  Dataset:    cifar10 (10 classes)
  Image size: 32
  LR:         0.8
  Momentum:   0.9 (nesterov=True)
  Optimizer:  sgd
  Weight dec: 0.0005 (on BN/bias=False)
  Backend:    nccl
  Algorithm:  recursive_doubling_zfp_online_coll
  ZFP rate:   8
  Epochs:     5
  Batch/rank: 128
  LR:         0.8
  Scheduler:  cosine
  Warmup:     0
  Grad clip:  None
  Drop last:  True
  Data dir:   ./data
================================================================================


================================================================================
DISTRIBUTED TRAINING LAUNCHER
================================================================================
  Model:      wide_resnet50_2 (CIFAR stem) (from scratch)
  Dataset:    cifar10 (10 classes)
  Image size: 32
  LR:         0.8
  Momentum:   0.9 (nesterov=True)
  Optimizer:  sgd
  Weight dec: 0.0005 (on BN/bias=False)
  Backend:    nccl
  Algorithm:  recursive_doubling_zfp_online_coll
  ZFP rate:   8
  Epochs:     5
  Batch/rank: 128
  LR:         0.8
  Scheduler:  cosine
  Warmup:     0
  Grad clip:  None
  Drop last:  True
  Data dir:   ./data
================================================================================


================================================================================
DISTRIBUTED TRAINING LAUNCHER
================================================================================
  Model:      wide_resnet50_2 (CIFAR stem) (from scratch)
  Dataset:    cifar10 (10 classes)
  Image size: 32

================================================================================
DISTRIBUTED TRAINING LAUNCHER
================================================================================
  Model:      wide_resnet50_2 (CIFAR stem) (from scratch)
  LR:         0.8
  Momentum:   0.9 (nesterov=True)
  Optimizer:  sgd
  Weight dec: 0.0005 (on BN/bias=False)
  Backend:    nccl
  Algorithm:  recursive_doubling_zfp_online_coll
  ZFP rate:   8
  Epochs:     5
  Batch/rank: 128
  LR:         0.8
  Scheduler:  cosine
  Warmup:     0
  Grad clip:  None
  Drop last:  True
  Data dir:   ./data
================================================================================

  Dataset:    cifar10 (10 classes)
  Image size: 32
  LR:         0.8
  Momentum:   0.9 (nesterov=True)
  Optimizer:  sgd
  Weight dec: 0.0005 (on BN/bias=False)
  Backend:    nccl
  Algorithm:  recursive_doubling_zfp_online_coll
  ZFP rate:   8
  Epochs:     5
  Batch/rank: 128
  LR:         0.8
  Scheduler:  cosine
  Warmup:     0
  Grad clip:  None
  Drop last:  True
  Data dir:   ./data
================================================================================


================================================================================
Distributed Training: WIDE_RESNET50_2 on CIFAR10
Backend: NCCL, Algorithm: recursive_doubling_zfp_online_coll
================================================================================
Ranks: 8, Epochs: 5, Batch/rank: 128, Effective batch: 1024
LR: 0.8, Device: cuda:0

[Cache] Pretrained weights cache (TORCH_HOME) = /eagle/UIC-HPC/matilderestelli/pretrained_weights_cache
[Setup] Model on cuda:0, wrapped in DDP (static_graph=True)
[Setup] Hook registered: nccl/recursive_doubling_zfp_online_coll
[Optim] SGD: lr=0.8 momentum=0.9 nesterov=True wd=0.0005 wd_on_bn_bias=False
[Optim]   group 0: 66,778,816 params, wd=0.0005
[Optim]   group 1: 68,234 params, wd=0.0
[Data] Train batches: 48, Val batches: 79

[Sched] cosine: steps/epoch=48, total_steps=240, warmup_steps=0 (0 epochs)


[Epoch 1] Training... (lr at epoch start=0.800000)
[Epoch 1] Train Loss: 22.6994, Acc: 10.82%  |  Val Loss: 2.3102, Acc: 10.22%  |  Time: 13.4s
[Epoch 1] t_iter median: 141.66 ms  (fwd 23.32 | bwd+comm 114.87 | opt 3.35 | data 0.14)  |  train-only epoch: 10.1s
  -> Best model saved (10.22%)
[Epoch 1] Summarizing hook timing...

[HOOK_TIMING_SUMMARY] epoch=1
[HOOK_WORK_SUMMARY] label=nccl:hier_zfp_online_coll:rate8 calls=370 work_total_ms=6396.000 work_mean_ms=17.286 work_min_ms=4.724 work_max_ms=353.963
[HOOK_TAIL_SUMMARY] label=nccl:recursive_doubling_zfp_online_coll:rate8 steps=49 tail_total_ms=6084.754 tail_mean_ms=124.179 tail_min_ms=62.959 tail_max_ms=479.471
[Epoch 1] Hook timing summary done

[Epoch 2] Training... (lr at epoch start=0.723607)
[Epoch 2] Train Loss: 2.3949, Acc: 11.05%  |  Val Loss: 2.3059, Acc: 9.99%  |  Time: 9.2s
[Epoch 2] t_iter median: 138.72 ms  (fwd 23.31 | bwd+comm 112.00 | opt 3.31 | data 0.12)  |  train-only epoch: 7.0s
[Epoch 2] Summarizing hook timing...

[HOOK_TIMING_SUMMARY] epoch=2
[HOOK_WORK_SUMMARY] label=nccl:hier_zfp_online_coll:rate8 calls=384 work_total_ms=6070.525 work_mean_ms=15.809 work_min_ms=4.438 work_max_ms=62.013
[HOOK_TAIL_SUMMARY] label=nccl:recursive_doubling_zfp_online_coll:rate8 steps=48 tail_total_ms=5548.407 tail_mean_ms=115.592 tail_min_ms=96.617 tail_max_ms=117.468
[Epoch 2] Hook timing summary done

[Epoch 3] Training... (lr at epoch start=0.523607)
[Epoch 3] Train Loss: 2.3151, Acc: 10.74%  |  Val Loss: 2.3037, Acc: 9.97%  |  Time: 9.3s
[Epoch 3] t_iter median: 139.50 ms  (fwd 23.37 | bwd+comm 112.67 | opt 3.38 | data 0.14)  |  train-only epoch: 7.1s
[Epoch 3] Summarizing hook timing...

[HOOK_TIMING_SUMMARY] epoch=3
[HOOK_WORK_SUMMARY] label=nccl:hier_zfp_online_coll:rate8 calls=384 work_total_ms=6094.355 work_mean_ms=15.871 work_min_ms=4.466 work_max_ms=61.970
[HOOK_TAIL_SUMMARY] label=nccl:recursive_doubling_zfp_online_coll:rate8 steps=48 tail_total_ms=5595.779 tail_mean_ms=116.579 tail_min_ms=111.251 tail_max_ms=118.936
[Epoch 3] Hook timing summary done

[Epoch 4] Training... (lr at epoch start=0.276393)
[Epoch 4] Train Loss: 2.3054, Acc: 11.91%  |  Val Loss: 2.3014, Acc: 11.04%  |  Time: 9.3s
[Epoch 4] t_iter median: 139.86 ms  (fwd 23.36 | bwd+comm 112.93 | opt 3.39 | data 0.16)  |  train-only epoch: 7.1s
  -> Best model saved (11.04%)
[Epoch 4] Summarizing hook timing...

[HOOK_TIMING_SUMMARY] epoch=4
[HOOK_WORK_SUMMARY] label=nccl:hier_zfp_online_coll:rate8 calls=384 work_total_ms=6166.716 work_mean_ms=16.059 work_min_ms=4.495 work_max_ms=109.746
[HOOK_TAIL_SUMMARY] label=nccl:recursive_doubling_zfp_online_coll:rate8 steps=48 tail_total_ms=5646.576 tail_mean_ms=117.637 tail_min_ms=114.872 tail_max_ms=157.098
[Epoch 4] Hook timing summary done

[Epoch 5] Training... (lr at epoch start=0.076393)
[Epoch 5] Train Loss: 2.3028, Acc: 12.09%  |  Val Loss: 2.3007, Acc: 11.91%  |  Time: 9.2s
[Epoch 5] t_iter median: 139.54 ms  (fwd 23.36 | bwd+comm 112.64 | opt 3.31 | data 0.16)  |  train-only epoch: 7.0s
  -> Best model saved (11.91%)
[Epoch 5] Summarizing hook timing...

[HOOK_TIMING_SUMMARY] epoch=5
[HOOK_WORK_SUMMARY] label=nccl:hier_zfp_online_coll:rate8 calls=384 work_total_ms=6098.176 work_mean_ms=15.881 work_min_ms=4.433 work_max_ms=62.315
[HOOK_TAIL_SUMMARY] label=nccl:recursive_doubling_zfp_online_coll:rate8 steps=48 tail_total_ms=5572.047 tail_mean_ms=116.084 tail_min_ms=99.517 tail_max_ms=117.548
[Epoch 5] Hook timing summary done

================================================================================
Done in 53.2s | Best val acc: 11.91%
Epoch times (train+val): mean=10.1s  min=9.2s  max=13.4s
Train-only epoch time (epochs 2..N): median=7.04s  min=6.99s  max=7.09s
  -> use this for STRONG scaling (fixed global batch)
  -> use t_iter_median_ms from the CSV for WEAK scaling (fixed local batch)
================================================================================
=== Finished: model=wide_resnet50_2, dataset=cifar10, batch=128, lr=0.80, scheduler=cosine, backend=nccl, hook=recursive_doubling_zfp_online_coll, zfp_rate=8, status=0 at Tue Aug  4 01:22:17 AM UTC 2026 ===
=== Job finished: Tue Aug  4 01:22:17 AM UTC 2026 ===
