=== Job started: Wed Jul 22 09:13:48 AM UTC 2026 ===
=== Node: x3202c0s13b0n0 ===
[INFO] GTL preloaded: /opt/cray/pe/mpich/9.0.1/ofi/nvidia/23.3/lib/libmpi_gtl_cuda.so
=============================================
  Polaris DDP + Eagle PyTorch + Cray MPICH
=============================================
Node              : x3202c0s13b0n0
ZFP_HOME          : /home/mrest/mpiAllReduceCompressed/zfp-install
GTL               : /opt/cray/pe/mpich/9.0.1/ofi/nvidia/23.3/lib/libmpi_gtl_cuda.so
MPICH_GPU_SUPPORT : 1

PyTorch version   : 2.8.0a0+gitba56102
PyTorch location  : /lus/eagle/projects/UIC-HPC/mrest/pytorch_mpi_build/src/pytorch/torch/__init__.py
CUDA available    : True 4
MPI available     : True
mpi4py            : MPI VERSION    : CRAY MPICH version 9.0.1.498 (ANL base 4.1.2)
mpi4py rank test  : rank 0 OK
=============================================
MASTER_ADDR=x3202c0s13b0n0.hsn.cm.polaris.alcf.anl.gov
MASTER_PORT=29500
=== Starting training: model=wide_resnet50_2, dataset=cifar10, batch=4, lr=0.1, scheduler=cosine, backend=mpi, hook=none, zfp_rate=none at Wed Jul 22 09:14:18 AM UTC 2026 ===

================================================================================
DISTRIBUTED TRAINING LAUNCHER
================================================================================
  Model:      wide_resnet50_2 (CIFAR stem) (from scratch)
  Dataset:    cifar10 (10 classes)
  Image size: 32
  LR:         0.1
  Momentum:   0.9 (nesterov=True)
  Optimizer:  sgd
  Weight dec: 0.0005 (on BN/bias=False)
  Backend:    mpi
  Algorithm:  built-in (no hook)
  Epochs:     10
  Batch/rank: 4
  LR:         0.1
  Scheduler:  cosine
  Warmup:     0
  Grad clip:  None
  Drop last:  True
  Data dir:   ./data
================================================================================


================================================================================
Distributed Training: WIDE_RESNET50_2 on CIFAR10
Backend: MPI, Algorithm: built-in (no hook)
================================================================================
Ranks: 32, Epochs: 10, Batch/rank: 4, Effective batch: 128
LR: 0.1, Device: cuda:0

[Cache] Pretrained weights cache (TORCH_HOME) = ./data/pretrained_weights_cache
[Setup] Model on cuda:0, wrapped in DDP (static_graph=True)
[Setup] No hook — using DDP built-in MPI allreduce
[Optim] SGD: lr=0.1 momentum=0.9 nesterov=True wd=0.0005 wd_on_bn_bias=False
[Optim]   group 0: 66,778,816 params, wd=0.0005
[Optim]   group 1: 68,234 params, wd=0.0

================================================================================
DISTRIBUTED TRAINING LAUNCHER
================================================================================
  Model:      wide_resnet50_2 (CIFAR stem) (from scratch)
  Dataset:    cifar10 (10 classes)
  Image size: 32
  LR:         0.1
  Momentum:   0.9 (nesterov=True)
  Optimizer:  sgd
  Weight dec: 0.0005 (on BN/bias=False)
  Backend:    mpi
  Algorithm:  built-in (no hook)
  Epochs:     10
  Batch/rank: 4
  LR:         0.1
  Scheduler:  cosine
  Warmup:     0
  Grad clip:  None
  Drop last:  True
  Data dir:   ./data
================================================================================


================================================================================
DISTRIBUTED TRAINING LAUNCHER
================================================================================
  Model:      wide_resnet50_2 (CIFAR stem) (from scratch)
  Dataset:    cifar10 (10 classes)
  Image size: 32
  LR:         0.1
  Momentum:   0.9 (nesterov=True)
  Optimizer:  sgd
  Weight dec: 0.0005 (on BN/bias=False)
  Backend:    mpi
  Algorithm:  built-in (no hook)
  Epochs:     10
  Batch/rank: 4
  LR:         0.1
  Scheduler:  cosine
  Warmup:     0
  Grad clip:  None
  Drop last:  True
  Data dir:   ./data
================================================================================


================================================================================
DISTRIBUTED TRAINING LAUNCHER
================================================================================
  Model:      wide_resnet50_2 (CIFAR stem) (from scratch)
  Dataset:    cifar10 (10 classes)
  Image size: 32
  LR:         0.1
  Momentum:   0.9 (nesterov=True)
  Optimizer:  sgd
  Weight dec: 0.0005 (on BN/bias=False)
  Backend:    mpi
  Algorithm:  built-in (no hook)
  Epochs:     10
  Batch/rank: 4
  LR:         0.1
  Scheduler:  cosine
  Warmup:     0
  Grad clip:  None
  Drop last:  True
  Data dir:   ./data
================================================================================


================================================================================
DISTRIBUTED TRAINING LAUNCHER
================================================================================
  Model:      wide_resnet50_2 (CIFAR stem) (from scratch)
  Dataset:    cifar10 (10 classes)
  Image size: 32
  LR:         0.1
  Momentum:   0.9 (nesterov=True)
  Optimizer:  sgd
  Weight dec: 0.0005 (on BN/bias=False)
  Backend:    mpi
  Algorithm:  built-in (no hook)
  Epochs:     10
  Batch/rank: 4
  LR:         0.1
  Scheduler:  cosine
  Warmup:     0
  Grad clip:  None
  Drop last:  True
  Data dir:   ./data
================================================================================


================================================================================
DISTRIBUTED TRAINING LAUNCHER
================================================================================
  Model:      wide_resnet50_2 (CIFAR stem) (from scratch)
  Dataset:    cifar10 (10 classes)
  Image size: 32
  LR:         0.1
  Momentum:   0.9 (nesterov=True)
  Optimizer:  sgd
  Weight dec: 0.0005 (on BN/bias=False)
  Backend:    mpi
  Algorithm:  built-in (no hook)
  Epochs:     10
  Batch/rank: 4
  LR:         0.1
  Scheduler:  cosine
  Warmup:     0
  Grad clip:  None
  Drop last:  True
  Data dir:   ./data
================================================================================


================================================================================
DISTRIBUTED TRAINING LAUNCHER
================================================================================
  Model:      wide_resnet50_2 (CIFAR stem) (from scratch)
  Dataset:    cifar10 (10 classes)
  Image size: 32
  LR:         0.1
  Momentum:   0.9 (nesterov=True)
  Optimizer:  sgd
  Weight dec: 0.0005 (on BN/bias=False)
  Backend:    mpi
  Algorithm:  built-in (no hook)
  Epochs:     10
  Batch/rank: 4
  LR:         0.1
  Scheduler:  cosine
  Warmup:     0
  Grad clip:  None
  Drop last:  True
  Data dir:   ./data
================================================================================


================================================================================
DISTRIBUTED TRAINING LAUNCHER
================================================================================
  Model:      wide_resnet50_2 (CIFAR stem) (from scratch)
  Dataset:    cifar10 (10 classes)
  Image size: 32
  LR:         0.1
  Momentum:   0.9 (nesterov=True)
  Optimizer:  sgd
  Weight dec: 0.0005 (on BN/bias=False)
  Backend:    mpi
  Algorithm:  built-in (no hook)
  Epochs:     10
  Batch/rank: 4
  LR:         0.1
  Scheduler:  cosine
  Warmup:     0
  Grad clip:  None
  Drop last:  True
  Data dir:   ./data
================================================================================


================================================================================
DISTRIBUTED TRAINING LAUNCHER
================================================================================
  Model:      wide_resnet50_2 (CIFAR stem) (from scratch)
  Dataset:    cifar10 (10 classes)
  Image size: 32
  LR:         0.1
  Momentum:   0.9 (nesterov=True)
  Optimizer:  sgd
  Weight dec: 0.0005 (on BN/bias=False)
  Backend:    mpi
  Algorithm:  built-in (no hook)
  Epochs:     10
  Batch/rank: 4
  LR:         0.1
  Scheduler:  cosine
  Warmup:     0
  Grad clip:  None
  Drop last:  True
  Data dir:   ./data
================================================================================


================================================================================
DISTRIBUTED TRAINING LAUNCHER
================================================================================
  Model:      wide_resnet50_2 (CIFAR stem) (from scratch)
  Dataset:    cifar10 (10 classes)
  Image size: 32
  LR:         0.1
  Momentum:   0.9 (nesterov=True)
  Optimizer:  sgd
  Weight dec: 0.0005 (on BN/bias=False)
  Backend:    mpi
  Algorithm:  built-in (no hook)
  Epochs:     10
  Batch/rank: 4
  LR:         0.1
  Scheduler:  cosine
  Warmup:     0
  Grad clip:  None
  Drop last:  True
  Data dir:   ./data
================================================================================


================================================================================
DISTRIBUTED TRAINING LAUNCHER
================================================================================
  Model:      wide_resnet50_2 (CIFAR stem) (from scratch)
  Dataset:    cifar10 (10 classes)
  Image size: 32
  LR:         0.1
  Momentum:   0.9 (nesterov=True)
  Optimizer:  sgd
  Weight dec: 0.0005 (on BN/bias=False)
  Backend:    mpi
  Algorithm:  built-in (no hook)
  Epochs:     10
  Batch/rank: 4
  LR:         0.1
  Scheduler:  cosine
  Warmup:     0
  Grad clip:  None
  Drop last:  True
  Data dir:   ./data
================================================================================


================================================================================
DISTRIBUTED TRAINING LAUNCHER
================================================================================
  Model:      wide_resnet50_2 (CIFAR stem) (from scratch)
  Dataset:    cifar10 (10 classes)
  Image size: 32
  LR:         0.1
  Momentum:   0.9 (nesterov=True)
  Optimizer:  sgd
  Weight dec: 0.0005 (on BN/bias=False)
  Backend:    mpi
  Algorithm:  built-in (no hook)
  Epochs:     10
  Batch/rank: 4
  LR:         0.1
  Scheduler:  cosine
  Warmup:     0
  Grad clip:  None
  Drop last:  True
  Data dir:   ./data
================================================================================

[Data] Train batches: 390, Val batches: 2500

[Sched] cosine: steps/epoch=390, total_steps=3900, warmup_steps=0 (0 epochs)


[Epoch 1] Training... (lr at epoch start=0.100000)

================================================================================
DISTRIBUTED TRAINING LAUNCHER
================================================================================
  Model:      wide_resnet50_2 (CIFAR stem) (from scratch)
  Dataset:    cifar10 (10 classes)
  Image size: 32
  LR:         0.1
  Momentum:   0.9 (nesterov=True)
  Optimizer:  sgd
  Weight dec: 0.0005 (on BN/bias=False)
  Backend:    mpi
  Algorithm:  built-in (no hook)
  Epochs:     10
  Batch/rank: 4
  LR:         0.1
  Scheduler:  cosine
  Warmup:     0
  Grad clip:  None
  Drop last:  True
  Data dir:   ./data
================================================================================


================================================================================
DISTRIBUTED TRAINING LAUNCHER
================================================================================
  Model:      wide_resnet50_2 (CIFAR stem) (from scratch)
  Dataset:    cifar10 (10 classes)
  Image size: 32
  LR:         0.1
  Momentum:   0.9 (nesterov=True)
  Optimizer:  sgd
  Weight dec: 0.0005 (on BN/bias=False)
  Backend:    mpi
  Algorithm:  built-in (no hook)
  Epochs:     10
  Batch/rank: 4
  LR:         0.1
  Scheduler:  cosine
  Warmup:     0
  Grad clip:  None
  Drop last:  True
  Data dir:   ./data
================================================================================


================================================================================
DISTRIBUTED TRAINING LAUNCHER
================================================================================
  Model:      wide_resnet50_2 (CIFAR stem) (from scratch)
  Dataset:    cifar10 (10 classes)
  Image size: 32
  LR:         0.1
  Momentum:   0.9 (nesterov=True)
  Optimizer:  sgd
  Weight dec: 0.0005 (on BN/bias=False)
  Backend:    mpi
  Algorithm:  built-in (no hook)
  Epochs:     10
  Batch/rank: 4
  LR:         0.1
  Scheduler:  cosine
  Warmup:     0
  Grad clip:  None
  Drop last:  True
  Data dir:   ./data
================================================================================


================================================================================
DISTRIBUTED TRAINING LAUNCHER
================================================================================
  Model:      wide_resnet50_2 (CIFAR stem) (from scratch)
  Dataset:    cifar10 (10 classes)
  Image size: 32
  LR:         0.1
  Momentum:   0.9 (nesterov=True)
  Optimizer:  sgd
  Weight dec: 0.0005 (on BN/bias=False)
  Backend:    mpi
  Algorithm:  built-in (no hook)
  Epochs:     10
  Batch/rank: 4
  LR:         0.1
  Scheduler:  cosine
  Warmup:     0
  Grad clip:  None
  Drop last:  True
  Data dir:   ./data
================================================================================


================================================================================
DISTRIBUTED TRAINING LAUNCHER
================================================================================
  Model:      wide_resnet50_2 (CIFAR stem) (from scratch)
  Dataset:    cifar10 (10 classes)
  Image size: 32
  LR:         0.1
  Momentum:   0.9 (nesterov=True)
  Optimizer:  sgd
  Weight dec: 0.0005 (on BN/bias=False)
  Backend:    mpi
  Algorithm:  built-in (no hook)
  Epochs:     10
  Batch/rank: 4
  LR:         0.1
  Scheduler:  cosine
  Warmup:     0
  Grad clip:  None
  Drop last:  True
  Data dir:   ./data
================================================================================


================================================================================
DISTRIBUTED TRAINING LAUNCHER
================================================================================
  Model:      wide_resnet50_2 (CIFAR stem) (from scratch)
  Dataset:    cifar10 (10 classes)
  Image size: 32
  LR:         0.1
  Momentum:   0.9 (nesterov=True)
  Optimizer:  sgd
  Weight dec: 0.0005 (on BN/bias=False)
  Backend:    mpi
  Algorithm:  built-in (no hook)
  Epochs:     10
  Batch/rank: 4
  LR:         0.1
  Scheduler:  cosine
  Warmup:     0
  Grad clip:  None
  Drop last:  True
  Data dir:   ./data
================================================================================


================================================================================
DISTRIBUTED TRAINING LAUNCHER
================================================================================
  Model:      wide_resnet50_2 (CIFAR stem) (from scratch)
  Dataset:    cifar10 (10 classes)
  Image size: 32
  LR:         0.1
  Momentum:   0.9 (nesterov=True)
  Optimizer:  sgd
  Weight dec: 0.0005 (on BN/bias=False)
  Backend:    mpi
  Algorithm:  built-in (no hook)
  Epochs:     10
  Batch/rank: 4
  LR:         0.1
  Scheduler:  cosine
  Warmup:     0
  Grad clip:  None
  Drop last:  True
  Data dir:   ./data
================================================================================


================================================================================
DISTRIBUTED TRAINING LAUNCHER
================================================================================
  Model:      wide_resnet50_2 (CIFAR stem) (from scratch)
  Dataset:    cifar10 (10 classes)
  Image size: 32
  LR:         0.1
  Momentum:   0.9 (nesterov=True)
  Optimizer:  sgd
  Weight dec: 0.0005 (on BN/bias=False)
  Backend:    mpi
  Algorithm:  built-in (no hook)
  Epochs:     10
  Batch/rank: 4
  LR:         0.1
  Scheduler:  cosine
  Warmup:     0
  Grad clip:  None
  Drop last:  True
  Data dir:   ./data
================================================================================


================================================================================
DISTRIBUTED TRAINING LAUNCHER
================================================================================
  Model:      wide_resnet50_2 (CIFAR stem) (from scratch)
  Dataset:    cifar10 (10 classes)
  Image size: 32
  LR:         0.1
  Momentum:   0.9 (nesterov=True)
  Optimizer:  sgd
  Weight dec: 0.0005 (on BN/bias=False)
  Backend:    mpi
  Algorithm:  built-in (no hook)
  Epochs:     10
  Batch/rank: 4
  LR:         0.1
  Scheduler:  cosine
  Warmup:     0
  Grad clip:  None
  Drop last:  True
  Data dir:   ./data
================================================================================


================================================================================
DISTRIBUTED TRAINING LAUNCHER
================================================================================
  Model:      wide_resnet50_2 (CIFAR stem) (from scratch)
  Dataset:    cifar10 (10 classes)
  Image size: 32
  LR:         0.1
  Momentum:   0.9 (nesterov=True)
  Optimizer:  sgd
  Weight dec: 0.0005 (on BN/bias=False)
  Backend:    mpi
  Algorithm:  built-in (no hook)
  Epochs:     10
  Batch/rank: 4
  LR:         0.1
  Scheduler:  cosine
  Warmup:     0
  Grad clip:  None
  Drop last:  True
  Data dir:   ./data
================================================================================


================================================================================
DISTRIBUTED TRAINING LAUNCHER
================================================================================
  Model:      wide_resnet50_2 (CIFAR stem) (from scratch)
  Dataset:    cifar10 (10 classes)
  Image size: 32
  LR:         0.1
  Momentum:   0.9 (nesterov=True)
  Optimizer:  sgd
  Weight dec: 0.0005 (on BN/bias=False)
  Backend:    mpi
  Algorithm:  built-in (no hook)
  Epochs:     10
  Batch/rank: 4
  LR:         0.1
  Scheduler:  cosine
  Warmup:     0
  Grad clip:  None
  Drop last:  True
  Data dir:   ./data
================================================================================


================================================================================
DISTRIBUTED TRAINING LAUNCHER
================================================================================
  Model:      wide_resnet50_2 (CIFAR stem) (from scratch)
  Dataset:    cifar10 (10 classes)
  Image size: 32
  LR:         0.1
  Momentum:   0.9 (nesterov=True)
  Optimizer:  sgd
  Weight dec: 0.0005 (on BN/bias=False)
  Backend:    mpi
  Algorithm:  built-in (no hook)
  Epochs:     10
  Batch/rank: 4
  LR:         0.1
  Scheduler:  cosine
  Warmup:     0
  Grad clip:  None
  Drop last:  True
  Data dir:   ./data
================================================================================


================================================================================
DISTRIBUTED TRAINING LAUNCHER
================================================================================
  Model:      wide_resnet50_2 (CIFAR stem) (from scratch)
  Dataset:    cifar10 (10 classes)
  Image size: 32
  LR:         0.1
  Momentum:   0.9 (nesterov=True)
  Optimizer:  sgd
  Weight dec: 0.0005 (on BN/bias=False)
  Backend:    mpi
  Algorithm:  built-in (no hook)
  Epochs:     10
  Batch/rank: 4
  LR:         0.1
  Scheduler:  cosine
  Warmup:     0
  Grad clip:  None
  Drop last:  True
  Data dir:   ./data
================================================================================


================================================================================
DISTRIBUTED TRAINING LAUNCHER
================================================================================
  Model:      wide_resnet50_2 (CIFAR stem) (from scratch)
  Dataset:    cifar10 (10 classes)
  Image size: 32
  LR:         0.1
  Momentum:   0.9 (nesterov=True)
  Optimizer:  sgd
  Weight dec: 0.0005 (on BN/bias=False)
  Backend:    mpi
  Algorithm:  built-in (no hook)
  Epochs:     10
  Batch/rank: 4
  LR:         0.1
  Scheduler:  cosine
  Warmup:     0
  Grad clip:  None
  Drop last:  True
  Data dir:   ./data
================================================================================


================================================================================
DISTRIBUTED TRAINING LAUNCHER
================================================================================
  Model:      wide_resnet50_2 (CIFAR stem) (from scratch)
  Dataset:    cifar10 (10 classes)
  Image size: 32
  LR:         0.1
  Momentum:   0.9 (nesterov=True)
  Optimizer:  sgd
  Weight dec: 0.0005 (on BN/bias=False)
  Backend:    mpi
  Algorithm:  built-in (no hook)
  Epochs:     10
  Batch/rank: 4
  LR:         0.1
  Scheduler:  cosine
  Warmup:     0
  Grad clip:  None
  Drop last:  True
  Data dir:   ./data
================================================================================


================================================================================
DISTRIBUTED TRAINING LAUNCHER
================================================================================
  Model:      wide_resnet50_2 (CIFAR stem) (from scratch)
  Dataset:    cifar10 (10 classes)
  Image size: 32
  LR:         0.1
  Momentum:   0.9 (nesterov=True)
  Optimizer:  sgd
  Weight dec: 0.0005 (on BN/bias=False)
  Backend:    mpi
  Algorithm:  built-in (no hook)
  Epochs:     10
  Batch/rank: 4
  LR:         0.1
  Scheduler:  cosine
  Warmup:     0
  Grad clip:  None
  Drop last:  True
  Data dir:   ./data
================================================================================


================================================================================
DISTRIBUTED TRAINING LAUNCHER
================================================================================
  Model:      wide_resnet50_2 (CIFAR stem) (from scratch)
  Dataset:    cifar10 (10 classes)
  Image size: 32
  LR:         0.1
  Momentum:   0.9 (nesterov=True)
  Optimizer:  sgd
  Weight dec: 0.0005 (on BN/bias=False)
  Backend:    mpi
  Algorithm:  built-in (no hook)
  Epochs:     10
  Batch/rank: 4
  LR:         0.1
  Scheduler:  cosine
  Warmup:     0
  Grad clip:  None
  Drop last:  True
  Data dir:   ./data
================================================================================


================================================================================
DISTRIBUTED TRAINING LAUNCHER
================================================================================
  Model:      wide_resnet50_2 (CIFAR stem) (from scratch)
  Dataset:    cifar10 (10 classes)
  Image size: 32
  LR:         0.1
  Momentum:   0.9 (nesterov=True)
  Optimizer:  sgd
  Weight dec: 0.0005 (on BN/bias=False)
  Backend:    mpi
  Algorithm:  built-in (no hook)
  Epochs:     10
  Batch/rank: 4
  LR:         0.1
  Scheduler:  cosine
  Warmup:     0
  Grad clip:  None
  Drop last:  True
  Data dir:   ./data
================================================================================


================================================================================
DISTRIBUTED TRAINING LAUNCHER
================================================================================
  Model:      wide_resnet50_2 (CIFAR stem) (from scratch)
  Dataset:    cifar10 (10 classes)
  Image size: 32
  LR:         0.1
  Momentum:   0.9 (nesterov=True)
  Optimizer:  sgd
  Weight dec: 0.0005 (on BN/bias=False)
  Backend:    mpi
  Algorithm:  built-in (no hook)
  Epochs:     10
  Batch/rank: 4
  LR:         0.1
  Scheduler:  cosine
  Warmup:     0
  Grad clip:  None
  Drop last:  True
  Data dir:   ./data
================================================================================


================================================================================
DISTRIBUTED TRAINING LAUNCHER
================================================================================
  Model:      wide_resnet50_2 (CIFAR stem) (from scratch)
  Dataset:    cifar10 (10 classes)
  Image size: 32
  LR:         0.1
  Momentum:   0.9 (nesterov=True)
  Optimizer:  sgd
  Weight dec: 0.0005 (on BN/bias=False)
  Backend:    mpi
  Algorithm:  built-in (no hook)
  Epochs:     10
  Batch/rank: 4
  LR:         0.1
  Scheduler:  cosine
  Warmup:     0
  Grad clip:  None
  Drop last:  True
  Data dir:   ./data
================================================================================

  Batch [50/390] Loss: 16.6706, Acc: 8.00%, lr: 0.099959
  Batch [100/390] Loss: 9.5003, Acc: 10.25%, lr: 0.099838
  Batch [150/390] Loss: 7.0917, Acc: 11.67%, lr: 0.099635
  Batch [200/390] Loss: 5.8712, Acc: 12.62%, lr: 0.099353
  Batch [250/390] Loss: 5.1345, Acc: 13.50%, lr: 0.098990
  Batch [300/390] Loss: 4.6460, Acc: 14.08%, lr: 0.098547
  Batch [350/390] Loss: 4.3024, Acc: 14.57%, lr: 0.098026
[Epoch 1] Train Loss: 4.0838, Acc: 15.00%  |  Val Loss: 2.2762, Acc: 22.17%  |  Time: 38.7s
[Epoch 1] t_iter median: 56.54 ms  (fwd 6.97 | bwd+comm 45.97 | opt 3.48 | data 0.11)  |  train-only epoch: 25.4s
  -> Best model saved (22.17%)
[Epoch 1] Summarizing hook timing...
[HOOK_TIMING_SUMMARY] epoch=1 no hook timing samples
[Epoch 1] Hook timing summary done

[Epoch 2] Training... (lr at epoch start=0.097553)
  Batch [50/390] Loss: 2.0863, Acc: 22.00%, lr: 0.096892
  Batch [100/390] Loss: 2.0536, Acc: 23.50%, lr: 0.096155
  Batch [150/390] Loss: 2.0687, Acc: 23.83%, lr: 0.095344
  Batch [200/390] Loss: 2.0614, Acc: 24.38%, lr: 0.094459
  Batch [250/390] Loss: 2.0547, Acc: 24.70%, lr: 0.093501
  Batch [300/390] Loss: 2.0487, Acc: 24.33%, lr: 0.092473
  Batch [350/390] Loss: 2.0352, Acc: 24.64%, lr: 0.091377
[Epoch 2] Train Loss: 2.0230, Acc: 25.06%  |  Val Loss: 2.0679, Acc: 30.15%  |  Time: 35.0s
[Epoch 2] t_iter median: 56.63 ms  (fwd 6.76 | bwd+comm 46.50 | opt 3.25 | data 0.10)  |  train-only epoch: 22.3s
  -> Best model saved (30.15%)
[Epoch 2] Summarizing hook timing...
[HOOK_TIMING_SUMMARY] epoch=2 no hook timing samples
[Epoch 2] Hook timing summary done

[Epoch 3] Training... (lr at epoch start=0.090451)
  Batch [50/390] Loss: 1.8697, Acc: 29.00%, lr: 0.089235
  Batch [100/390] Loss: 1.9273, Acc: 28.75%, lr: 0.087955
  Batch [150/390] Loss: 1.9032, Acc: 30.17%, lr: 0.086613
  Batch [200/390] Loss: 1.8899, Acc: 30.12%, lr: 0.085213
  Batch [250/390] Loss: 1.8421, Acc: 32.10%, lr: 0.083755
  Batch [300/390] Loss: 1.8327, Acc: 32.42%, lr: 0.082242
  Batch [350/390] Loss: 1.8196, Acc: 32.57%, lr: 0.080677
[Epoch 3] Train Loss: 1.8006, Acc: 33.65%  |  Val Loss: 1.6816, Acc: 39.22%  |  Time: 34.9s
[Epoch 3] t_iter median: 56.60 ms  (fwd 6.82 | bwd+comm 46.43 | opt 3.25 | data 0.10)  |  train-only epoch: 22.3s
  -> Best model saved (39.22%)
[Epoch 3] Summarizing hook timing...
[HOOK_TIMING_SUMMARY] epoch=3 no hook timing samples
[Epoch 3] Hook timing summary done

[Epoch 4] Training... (lr at epoch start=0.079389)
  Batch [50/390] Loss: 1.6946, Acc: 37.00%, lr: 0.077737
  Batch [100/390] Loss: 1.7652, Acc: 35.75%, lr: 0.076039
  Batch [150/390] Loss: 1.7016, Acc: 37.83%, lr: 0.074299
  Batch [200/390] Loss: 1.7071, Acc: 38.00%, lr: 0.072520
  Batch [250/390] Loss: 1.6996, Acc: 38.60%, lr: 0.070704
  Batch [300/390] Loss: 1.6653, Acc: 39.00%, lr: 0.068855
  Batch [350/390] Loss: 1.6682, Acc: 38.71%, lr: 0.066975
[Epoch 4] Train Loss: 1.6571, Acc: 38.97%  |  Val Loss: 1.9206, Acc: 43.56%  |  Time: 34.8s
[Epoch 4] t_iter median: 56.33 ms  (fwd 6.86 | bwd+comm 45.98 | opt 3.37 | data 0.12)  |  train-only epoch: 22.1s
  -> Best model saved (43.56%)
[Epoch 4] Summarizing hook timing...
[HOOK_TIMING_SUMMARY] epoch=4 no hook timing samples
[Epoch 4] Hook timing summary done

[Epoch 5] Training... (lr at epoch start=0.065451)
  Batch [50/390] Loss: 1.5193, Acc: 46.50%, lr: 0.063524
  Batch [100/390] Loss: 1.5903, Acc: 41.75%, lr: 0.061574
  Batch [150/390] Loss: 1.5607, Acc: 42.17%, lr: 0.059606
  Batch [200/390] Loss: 1.5671, Acc: 41.00%, lr: 0.057623
  Batch [250/390] Loss: 1.5762, Acc: 41.30%, lr: 0.055627
  Batch [300/390] Loss: 1.5724, Acc: 41.67%, lr: 0.053622
  Batch [350/390] Loss: 1.5613, Acc: 42.50%, lr: 0.051611
[Epoch 5] Train Loss: 1.5633, Acc: 43.08%  |  Val Loss: 1.6100, Acc: 47.81%  |  Time: 34.9s
[Epoch 5] t_iter median: 56.52 ms  (fwd 6.82 | bwd+comm 46.29 | opt 3.31 | data 0.10)  |  train-only epoch: 22.2s
  -> Best model saved (47.81%)
[Epoch 5] Summarizing hook timing...
[HOOK_TIMING_SUMMARY] epoch=5 no hook timing samples
[Epoch 5] Hook timing summary done

[Epoch 6] Training... (lr at epoch start=0.050000)
  Batch [50/390] Loss: 1.3650, Acc: 49.00%, lr: 0.047987
  Batch [100/390] Loss: 1.4058, Acc: 47.00%, lr: 0.045977
  Batch [150/390] Loss: 1.4063, Acc: 46.17%, lr: 0.043973
  Batch [200/390] Loss: 1.3711, Acc: 49.38%, lr: 0.041979
  Batch [250/390] Loss: 1.3620, Acc: 49.50%, lr: 0.039999
  Batch [300/390] Loss: 1.3636, Acc: 49.17%, lr: 0.038034
  Batch [350/390] Loss: 1.3746, Acc: 49.00%, lr: 0.036089
[Epoch 6] Train Loss: 1.3646, Acc: 49.62%  |  Val Loss: 1.8388, Acc: 49.61%  |  Time: 34.9s
[Epoch 6] t_iter median: 56.65 ms  (fwd 6.90 | bwd+comm 46.24 | opt 3.46 | data 0.11)  |  train-only epoch: 22.3s
  -> Best model saved (49.61%)
[Epoch 6] Summarizing hook timing...
[HOOK_TIMING_SUMMARY] epoch=6 no hook timing samples
[Epoch 6] Hook timing summary done

[Epoch 7] Training... (lr at epoch start=0.034549)
  Batch [50/390] Loss: 1.2917, Acc: 50.00%, lr: 0.032647
  Batch [100/390] Loss: 1.2672, Acc: 51.50%, lr: 0.030773
  Batch [150/390] Loss: 1.2614, Acc: 51.83%, lr: 0.028930
  Batch [200/390] Loss: 1.2524, Acc: 52.38%, lr: 0.027121
  Batch [250/390] Loss: 1.2699, Acc: 52.40%, lr: 0.025350
  Batch [300/390] Loss: 1.2536, Acc: 52.50%, lr: 0.023618
  Batch [350/390] Loss: 1.2395, Acc: 53.29%, lr: 0.021929
[Epoch 7] Train Loss: 1.2281, Acc: 54.17%  |  Val Loss: 1.3304, Acc: 57.22%  |  Time: 35.1s
[Epoch 7] t_iter median: 56.57 ms  (fwd 6.89 | bwd+comm 46.35 | opt 3.25 | data 0.06)  |  train-only epoch: 22.3s
  -> Best model saved (57.22%)
[Epoch 7] Summarizing hook timing...
[HOOK_TIMING_SUMMARY] epoch=7 no hook timing samples
[Epoch 7] Hook timing summary done

[Epoch 8] Training... (lr at epoch start=0.020611)
  Batch [50/390] Loss: 1.2951, Acc: 52.00%, lr: 0.019006
  Batch [100/390] Loss: 1.3138, Acc: 52.00%, lr: 0.017451
  Batch [150/390] Loss: 1.2164, Acc: 56.50%, lr: 0.015949
  Batch [200/390] Loss: 1.1874, Acc: 57.88%, lr: 0.014503
  Batch [250/390] Loss: 1.1560, Acc: 59.50%, lr: 0.013113
  Batch [300/390] Loss: 1.1507, Acc: 59.58%, lr: 0.011784
  Batch [350/390] Loss: 1.1317, Acc: 60.36%, lr: 0.010517
[Epoch 8] Train Loss: 1.1373, Acc: 59.81%  |  Val Loss: 1.1727, Acc: 63.02%  |  Time: 35.0s
[Epoch 8] t_iter median: 56.37 ms  (fwd 6.96 | bwd+comm 45.93 | opt 3.36 | data 0.12)  |  train-only epoch: 22.2s
  -> Best model saved (63.02%)
[Epoch 8] Summarizing hook timing...
[HOOK_TIMING_SUMMARY] epoch=8 no hook timing samples
[Epoch 8] Hook timing summary done

[Epoch 9] Training... (lr at epoch start=0.009549)
  Batch [50/390] Loss: 1.1321, Acc: 59.00%, lr: 0.008399
  Batch [100/390] Loss: 1.0801, Acc: 61.75%, lr: 0.007315
  Batch [150/390] Loss: 1.0658, Acc: 63.50%, lr: 0.006302
  Batch [200/390] Loss: 1.0513, Acc: 63.88%, lr: 0.005359
  Batch [250/390] Loss: 1.0482, Acc: 63.50%, lr: 0.004488
  Batch [300/390] Loss: 1.0218, Acc: 63.92%, lr: 0.003691
  Batch [350/390] Loss: 1.0306, Acc: 63.36%, lr: 0.002970
[Epoch 9] Train Loss: 1.0295, Acc: 63.21%  |  Val Loss: 1.1496, Acc: 65.11%  |  Time: 35.3s
[Epoch 9] t_iter median: 56.67 ms  (fwd 6.72 | bwd+comm 46.61 | opt 3.25 | data 0.10)  |  train-only epoch: 22.3s
  -> Best model saved (65.11%)
[Epoch 9] Summarizing hook timing...
[HOOK_TIMING_SUMMARY] epoch=9 no hook timing samples
[Epoch 9] Hook timing summary done

[Epoch 10] Training... (lr at epoch start=0.002447)
  Batch [50/390] Loss: 0.9751, Acc: 67.00%, lr: 0.001864
  Batch [100/390] Loss: 1.0196, Acc: 63.75%, lr: 0.001358
  Batch [150/390] Loss: 0.9500, Acc: 66.83%, lr: 0.000931
  Batch [200/390] Loss: 0.9289, Acc: 67.25%, lr: 0.000584
  Batch [250/390] Loss: 0.9455, Acc: 66.40%, lr: 0.000318
  Batch [300/390] Loss: 0.9534, Acc: 65.92%, lr: 0.000131
  Batch [350/390] Loss: 0.9731, Acc: 65.29%, lr: 0.000026
[Epoch 10] Train Loss: 0.9745, Acc: 65.06%  |  Val Loss: 1.2612, Acc: 65.48%  |  Time: 35.2s
[Epoch 10] t_iter median: 56.61 ms  (fwd 6.77 | bwd+comm 46.51 | opt 3.20 | data 0.07)  |  train-only epoch: 22.3s
  -> Best model saved (65.48%)
[Epoch 10] Summarizing hook timing...
[HOOK_TIMING_SUMMARY] epoch=10 no hook timing samples
[Epoch 10] Hook timing summary done

================================================================================
Done in 365.1s | Best val acc: 65.48%
Epoch times (train+val): mean=35.4s  min=34.8s  max=38.7s
Train-only epoch time (epochs 2..N): median=22.25s  min=22.14s  max=22.28s
  -> use this for STRONG scaling (fixed global batch)
  -> use t_iter_median_ms from the CSV for WEAK scaling (fixed local batch)
================================================================================
=== Finished training: model=wide_resnet50_2, dataset=cifar10, batch=4, lr=0.1, scheduler=cosine, backend=mpi, hook=none, zfp_rate=none, status=0 at Wed Jul 22 09:20:43 AM UTC 2026 ===
=== Starting training: model=wide_resnet50_2, dataset=cifar10, batch=4, lr=0.1, scheduler=cosine, backend=mpi, hook=default, zfp_rate=none at Wed Jul 22 09:20:43 AM UTC 2026 ===

================================================================================
DISTRIBUTED TRAINING LAUNCHER
================================================================================
  Model:      wide_resnet50_2 (CIFAR stem) (from scratch)
  Dataset:    cifar10 (10 classes)
  Image size: 32
  LR:         0.1
  Momentum:   0.9 (nesterov=True)
  Optimizer:  sgd
  Weight dec: 0.0005 (on BN/bias=False)
  Backend:    mpi
  Algorithm:  default
  Epochs:     10
  Batch/rank: 4
  LR:         0.1
  Scheduler:  cosine
  Warmup:     0
  Grad clip:  None
  Drop last:  True
  Data dir:   ./data
================================================================================


================================================================================
Distributed Training: WIDE_RESNET50_2 on CIFAR10
Backend: MPI, Algorithm: default
================================================================================
Ranks: 32, Epochs: 10, Batch/rank: 4, Effective batch: 128
LR: 0.1, Device: cuda:0

[Cache] Pretrained weights cache (TORCH_HOME) = ./data/pretrained_weights_cache
[Setup] Model on cuda:0, wrapped in DDP (static_graph=True)
[Setup] Hook registered: mpi/default
[Optim] SGD: lr=0.1 momentum=0.9 nesterov=True wd=0.0005 wd_on_bn_bias=False
[Optim]   group 0: 66,778,816 params, wd=0.0005
[Optim]   group 1: 68,234 params, wd=0.0

================================================================================
DISTRIBUTED TRAINING LAUNCHER
================================================================================
  Model:      wide_resnet50_2 (CIFAR stem) (from scratch)
  Dataset:    cifar10 (10 classes)
  Image size: 32
  LR:         0.1
  Momentum:   0.9 (nesterov=True)
  Optimizer:  sgd
  Weight dec: 0.0005 (on BN/bias=False)
  Backend:    mpi
  Algorithm:  default
  Epochs:     10
  Batch/rank: 4
  LR:         0.1
  Scheduler:  cosine
  Warmup:     0
  Grad clip:  None
  Drop last:  True
  Data dir:   ./data
================================================================================


================================================================================
DISTRIBUTED TRAINING LAUNCHER
================================================================================
  Model:      wide_resnet50_2 (CIFAR stem) (from scratch)
  Dataset:    cifar10 (10 classes)
  Image size: 32
  LR:         0.1
  Momentum:   0.9 (nesterov=True)
  Optimizer:  sgd
  Weight dec: 0.0005 (on BN/bias=False)
  Backend:    mpi
  Algorithm:  default
  Epochs:     10
  Batch/rank: 4
  LR:         0.1
  Scheduler:  cosine
  Warmup:     0
  Grad clip:  None
  Drop last:  True
  Data dir:   ./data
================================================================================


================================================================================
DISTRIBUTED TRAINING LAUNCHER
================================================================================
  Model:      wide_resnet50_2 (CIFAR stem) (from scratch)
  Dataset:    cifar10 (10 classes)
  Image size: 32
  LR:         0.1
  Momentum:   0.9 (nesterov=True)
  Optimizer:  sgd
  Weight dec: 0.0005 (on BN/bias=False)
  Backend:    mpi
  Algorithm:  default
  Epochs:     10
  Batch/rank: 4
  LR:         0.1
  Scheduler:  cosine
  Warmup:     0
  Grad clip:  None
  Drop last:  True
  Data dir:   ./data
================================================================================


================================================================================
DISTRIBUTED TRAINING LAUNCHER
================================================================================
  Model:      wide_resnet50_2 (CIFAR stem) (from scratch)
  Dataset:    cifar10 (10 classes)
  Image size: 32
  LR:         0.1
  Momentum:   0.9 (nesterov=True)
  Optimizer:  sgd
  Weight dec: 0.0005 (on BN/bias=False)
  Backend:    mpi
  Algorithm:  default
  Epochs:     10
  Batch/rank: 4
  LR:         0.1
  Scheduler:  cosine
  Warmup:     0
  Grad clip:  None
  Drop last:  True
  Data dir:   ./data
================================================================================


================================================================================
DISTRIBUTED TRAINING LAUNCHER
================================================================================
  Model:      wide_resnet50_2 (CIFAR stem) (from scratch)
  Dataset:    cifar10 (10 classes)
  Image size: 32
  LR:         0.1
  Momentum:   0.9 (nesterov=True)
  Optimizer:  sgd
  Weight dec: 0.0005 (on BN/bias=False)
  Backend:    mpi
  Algorithm:  default
  Epochs:     10
  Batch/rank: 4
  LR:         0.1
  Scheduler:  cosine
  Warmup:     0
  Grad clip:  None
  Drop last:  True
  Data dir:   ./data
================================================================================


================================================================================
DISTRIBUTED TRAINING LAUNCHER
================================================================================
  Model:      wide_resnet50_2 (CIFAR stem) (from scratch)
  Dataset:    cifar10 (10 classes)
  Image size: 32
  LR:         0.1
  Momentum:   0.9 (nesterov=True)
  Optimizer:  sgd
  Weight dec: 0.0005 (on BN/bias=False)
  Backend:    mpi
  Algorithm:  default
  Epochs:     10
  Batch/rank: 4
  LR:         0.1
  Scheduler:  cosine
  Warmup:     0
  Grad clip:  None
  Drop last:  True
  Data dir:   ./data
================================================================================


================================================================================
DISTRIBUTED TRAINING LAUNCHER
================================================================================
  Model:      wide_resnet50_2 (CIFAR stem) (from scratch)
  Dataset:    cifar10 (10 classes)
  Image size: 32
  LR:         0.1
  Momentum:   0.9 (nesterov=True)
  Optimizer:  sgd
  Weight dec: 0.0005 (on BN/bias=False)
  Backend:    mpi
  Algorithm:  default
  Epochs:     10
  Batch/rank: 4
  LR:         0.1
  Scheduler:  cosine
  Warmup:     0
  Grad clip:  None
  Drop last:  True
  Data dir:   ./data
================================================================================


================================================================================
DISTRIBUTED TRAINING LAUNCHER
================================================================================
  Model:      wide_resnet50_2 (CIFAR stem) (from scratch)
  Dataset:    cifar10 (10 classes)
  Image size: 32
  LR:         0.1
  Momentum:   0.9 (nesterov=True)
  Optimizer:  sgd
  Weight dec: 0.0005 (on BN/bias=False)
  Backend:    mpi
  Algorithm:  default
  Epochs:     10
  Batch/rank: 4
  LR:         0.1
  Scheduler:  cosine
  Warmup:     0
  Grad clip:  None
  Drop last:  True
  Data dir:   ./data
================================================================================


================================================================================
DISTRIBUTED TRAINING LAUNCHER
================================================================================
  Model:      wide_resnet50_2 (CIFAR stem) (from scratch)
  Dataset:    cifar10 (10 classes)
  Image size: 32
  LR:         0.1
  Momentum:   0.9 (nesterov=True)
  Optimizer:  sgd
  Weight dec: 0.0005 (on BN/bias=False)
  Backend:    mpi
  Algorithm:  default
  Epochs:     10
  Batch/rank: 4
  LR:         0.1
  Scheduler:  cosine
  Warmup:     0
  Grad clip:  None
  Drop last:  True
  Data dir:   ./data
================================================================================


================================================================================
DISTRIBUTED TRAINING LAUNCHER
================================================================================
  Model:      wide_resnet50_2 (CIFAR stem) (from scratch)
  Dataset:    cifar10 (10 classes)
  Image size: 32
  LR:         0.1
  Momentum:   0.9 (nesterov=True)
  Optimizer:  sgd
  Weight dec: 0.0005 (on BN/bias=False)
  Backend:    mpi
  Algorithm:  default
  Epochs:     10
  Batch/rank: 4
  LR:         0.1
  Scheduler:  cosine
  Warmup:     0
  Grad clip:  None
  Drop last:  True
  Data dir:   ./data
================================================================================


================================================================================
DISTRIBUTED TRAINING LAUNCHER
================================================================================
  Model:      wide_resnet50_2 (CIFAR stem) (from scratch)
  Dataset:    cifar10 (10 classes)
  Image size: 32
  LR:         0.1
  Momentum:   0.9 (nesterov=True)
  Optimizer:  sgd
  Weight dec: 0.0005 (on BN/bias=False)
  Backend:    mpi
  Algorithm:  default
  Epochs:     10
  Batch/rank: 4
  LR:         0.1
  Scheduler:  cosine
  Warmup:     0
  Grad clip:  None
  Drop last:  True
  Data dir:   ./data
================================================================================


================================================================================
DISTRIBUTED TRAINING LAUNCHER
================================================================================
  Model:      wide_resnet50_2 (CIFAR stem) (from scratch)
  Dataset:    cifar10 (10 classes)
  Image size: 32
  LR:         0.1
  Momentum:   0.9 (nesterov=True)
  Optimizer:  sgd
  Weight dec: 0.0005 (on BN/bias=False)
  Backend:    mpi
  Algorithm:  default
  Epochs:     10
  Batch/rank: 4
  LR:         0.1
  Scheduler:  cosine
  Warmup:     0
  Grad clip:  None
  Drop last:  True
  Data dir:   ./data
================================================================================


================================================================================
DISTRIBUTED TRAINING LAUNCHER
================================================================================
  Model:      wide_resnet50_2 (CIFAR stem) (from scratch)
  Dataset:    cifar10 (10 classes)
  Image size: 32
  LR:         0.1
  Momentum:   0.9 (nesterov=True)
  Optimizer:  sgd
  Weight dec: 0.0005 (on BN/bias=False)
  Backend:    mpi
  Algorithm:  default
  Epochs:     10
  Batch/rank: 4
  LR:         0.1
  Scheduler:  cosine
  Warmup:     0
  Grad clip:  None
  Drop last:  True
  Data dir:   ./data
================================================================================


================================================================================
DISTRIBUTED TRAINING LAUNCHER
================================================================================
  Model:      wide_resnet50_2 (CIFAR stem) (from scratch)
  Dataset:    cifar10 (10 classes)
  Image size: 32
  LR:         0.1
  Momentum:   0.9 (nesterov=True)
  Optimizer:  sgd
  Weight dec: 0.0005 (on BN/bias=False)
  Backend:    mpi
  Algorithm:  default
  Epochs:     10
  Batch/rank: 4
  LR:         0.1
  Scheduler:  cosine
  Warmup:     0
  Grad clip:  None
  Drop last:  True
  Data dir:   ./data
================================================================================


================================================================================
DISTRIBUTED TRAINING LAUNCHER
================================================================================
  Model:      wide_resnet50_2 (CIFAR stem) (from scratch)
  Dataset:    cifar10 (10 classes)
  Image size: 32
  LR:         0.1
  Momentum:   0.9 (nesterov=True)
  Optimizer:  sgd
  Weight dec: 0.0005 (on BN/bias=False)
  Backend:    mpi
  Algorithm:  default
  Epochs:     10
  Batch/rank: 4
  LR:         0.1
  Scheduler:  cosine
  Warmup:     0
  Grad clip:  None
  Drop last:  True
  Data dir:   ./data
================================================================================


================================================================================
DISTRIBUTED TRAINING LAUNCHER
================================================================================
  Model:      wide_resnet50_2 (CIFAR stem) (from scratch)
  Dataset:    cifar10 (10 classes)
  Image size: 32
  LR:         0.1
  Momentum:   0.9 (nesterov=True)
  Optimizer:  sgd
  Weight dec: 0.0005 (on BN/bias=False)
  Backend:    mpi
  Algorithm:  default
  Epochs:     10
  Batch/rank: 4
  LR:         0.1
  Scheduler:  cosine
  Warmup:     0
  Grad clip:  None
  Drop last:  True
  Data dir:   ./data
================================================================================


================================================================================
DISTRIBUTED TRAINING LAUNCHER
================================================================================
  Model:      wide_resnet50_2 (CIFAR stem) (from scratch)
  Dataset:    cifar10 (10 classes)
  Image size: 32
  LR:         0.1
  Momentum:   0.9 (nesterov=True)
  Optimizer:  sgd
  Weight dec: 0.0005 (on BN/bias=False)
  Backend:    mpi
  Algorithm:  default
  Epochs:     10
  Batch/rank: 4
  LR:         0.1
  Scheduler:  cosine
  Warmup:     0
  Grad clip:  None
  Drop last:  True
  Data dir:   ./data
================================================================================


================================================================================
DISTRIBUTED TRAINING LAUNCHER
================================================================================
  Model:      wide_resnet50_2 (CIFAR stem) (from scratch)
  Dataset:    cifar10 (10 classes)
  Image size: 32
  LR:         0.1
  Momentum:   0.9 (nesterov=True)
  Optimizer:  sgd
  Weight dec: 0.0005 (on BN/bias=False)
  Backend:    mpi
  Algorithm:  default
  Epochs:     10
  Batch/rank: 4
  LR:         0.1
  Scheduler:  cosine
  Warmup:     0
  Grad clip:  None
  Drop last:  True
  Data dir:   ./data
================================================================================


================================================================================
DISTRIBUTED TRAINING LAUNCHER
================================================================================
  Model:      wide_resnet50_2 (CIFAR stem) (from scratch)
  Dataset:    cifar10 (10 classes)
  Image size: 32
  LR:         0.1
  Momentum:   0.9 (nesterov=True)
  Optimizer:  sgd
  Weight dec: 0.0005 (on BN/bias=False)
  Backend:    mpi
  Algorithm:  default
  Epochs:     10
  Batch/rank: 4
  LR:         0.1
  Scheduler:  cosine
  Warmup:     0
  Grad clip:  None
  Drop last:  True
  Data dir:   ./data
================================================================================

[Data] Train batches: 390, Val batches: 2500

[Sched] cosine: steps/epoch=390, total_steps=3900, warmup_steps=0 (0 epochs)


[Epoch 1] Training... (lr at epoch start=0.100000)

================================================================================
DISTRIBUTED TRAINING LAUNCHER
================================================================================
  Model:      wide_resnet50_2 (CIFAR stem) (from scratch)
  Dataset:    cifar10 (10 classes)
  Image size: 32
  LR:         0.1
  Momentum:   0.9 (nesterov=True)
  Optimizer:  sgd
  Weight dec: 0.0005 (on BN/bias=False)
  Backend:    mpi
  Algorithm:  default
  Epochs:     10
  Batch/rank: 4
  LR:         0.1
  Scheduler:  cosine
  Warmup:     0
  Grad clip:  None
  Drop last:  True
  Data dir:   ./data
================================================================================


================================================================================
DISTRIBUTED TRAINING LAUNCHER
================================================================================
  Model:      wide_resnet50_2 (CIFAR stem) (from scratch)
  Dataset:    cifar10 (10 classes)
  Image size: 32
  LR:         0.1
  Momentum:   0.9 (nesterov=True)
  Optimizer:  sgd
  Weight dec: 0.0005 (on BN/bias=False)
  Backend:    mpi
  Algorithm:  default
  Epochs:     10
  Batch/rank: 4
  LR:         0.1
  Scheduler:  cosine
  Warmup:     0
  Grad clip:  None
  Drop last:  True
  Data dir:   ./data
================================================================================


================================================================================
DISTRIBUTED TRAINING LAUNCHER
================================================================================
  Model:      wide_resnet50_2 (CIFAR stem) (from scratch)
  Dataset:    cifar10 (10 classes)
  Image size: 32
  LR:         0.1
  Momentum:   0.9 (nesterov=True)
  Optimizer:  sgd
  Weight dec: 0.0005 (on BN/bias=False)
  Backend:    mpi
  Algorithm:  default
  Epochs:     10
  Batch/rank: 4
  LR:         0.1
  Scheduler:  cosine
  Warmup:     0
  Grad clip:  None
  Drop last:  True
  Data dir:   ./data
================================================================================


================================================================================
DISTRIBUTED TRAINING LAUNCHER
================================================================================
  Model:      wide_resnet50_2 (CIFAR stem) (from scratch)
  Dataset:    cifar10 (10 classes)
  Image size: 32
  LR:         0.1
  Momentum:   0.9 (nesterov=True)
  Optimizer:  sgd
  Weight dec: 0.0005 (on BN/bias=False)
  Backend:    mpi
  Algorithm:  default
  Epochs:     10
  Batch/rank: 4
  LR:         0.1
  Scheduler:  cosine
  Warmup:     0
  Grad clip:  None
  Drop last:  True
  Data dir:   ./data
================================================================================


================================================================================
DISTRIBUTED TRAINING LAUNCHER
================================================================================
  Model:      wide_resnet50_2 (CIFAR stem) (from scratch)
  Dataset:    cifar10 (10 classes)
  Image size: 32
  LR:         0.1
  Momentum:   0.9 (nesterov=True)
  Optimizer:  sgd
  Weight dec: 0.0005 (on BN/bias=False)
  Backend:    mpi
  Algorithm:  default
  Epochs:     10
  Batch/rank: 4
  LR:         0.1
  Scheduler:  cosine
  Warmup:     0
  Grad clip:  None
  Drop last:  True
  Data dir:   ./data
================================================================================


================================================================================
DISTRIBUTED TRAINING LAUNCHER
================================================================================
  Model:      wide_resnet50_2 (CIFAR stem) (from scratch)
  Dataset:    cifar10 (10 classes)
  Image size: 32
  LR:         0.1
  Momentum:   0.9 (nesterov=True)
  Optimizer:  sgd
  Weight dec: 0.0005 (on BN/bias=False)
  Backend:    mpi
  Algorithm:  default
  Epochs:     10
  Batch/rank: 4
  LR:         0.1
  Scheduler:  cosine
  Warmup:     0
  Grad clip:  None
  Drop last:  True
  Data dir:   ./data
================================================================================


================================================================================
DISTRIBUTED TRAINING LAUNCHER
================================================================================
  Model:      wide_resnet50_2 (CIFAR stem) (from scratch)
  Dataset:    cifar10 (10 classes)
  Image size: 32
  LR:         0.1
  Momentum:   0.9 (nesterov=True)
  Optimizer:  sgd
  Weight dec: 0.0005 (on BN/bias=False)
  Backend:    mpi
  Algorithm:  default
  Epochs:     10
  Batch/rank: 4
  LR:         0.1
  Scheduler:  cosine
  Warmup:     0
  Grad clip:  None
  Drop last:  True
  Data dir:   ./data
================================================================================


================================================================================
DISTRIBUTED TRAINING LAUNCHER
================================================================================
  Model:      wide_resnet50_2 (CIFAR stem) (from scratch)
  Dataset:    cifar10 (10 classes)
  Image size: 32
  LR:         0.1
  Momentum:   0.9 (nesterov=True)
  Optimizer:  sgd
  Weight dec: 0.0005 (on BN/bias=False)
  Backend:    mpi
  Algorithm:  default
  Epochs:     10
  Batch/rank: 4
  LR:         0.1
  Scheduler:  cosine
  Warmup:     0
  Grad clip:  None
  Drop last:  True
  Data dir:   ./data
================================================================================


================================================================================
DISTRIBUTED TRAINING LAUNCHER
================================================================================
  Model:      wide_resnet50_2 (CIFAR stem) (from scratch)
  Dataset:    cifar10 (10 classes)
  Image size: 32
  LR:         0.1
  Momentum:   0.9 (nesterov=True)
  Optimizer:  sgd
  Weight dec: 0.0005 (on BN/bias=False)
  Backend:    mpi
  Algorithm:  default
  Epochs:     10
  Batch/rank: 4
  LR:         0.1
  Scheduler:  cosine
  Warmup:     0
  Grad clip:  None
  Drop last:  True
  Data dir:   ./data
================================================================================


================================================================================
DISTRIBUTED TRAINING LAUNCHER
================================================================================
  Model:      wide_resnet50_2 (CIFAR stem) (from scratch)
  Dataset:    cifar10 (10 classes)
  Image size: 32
  LR:         0.1
  Momentum:   0.9 (nesterov=True)
  Optimizer:  sgd
  Weight dec: 0.0005 (on BN/bias=False)
  Backend:    mpi
  Algorithm:  default
  Epochs:     10
  Batch/rank: 4
  LR:         0.1
  Scheduler:  cosine
  Warmup:     0
  Grad clip:  None
  Drop last:  True
  Data dir:   ./data
================================================================================


================================================================================
DISTRIBUTED TRAINING LAUNCHER
================================================================================
  Model:      wide_resnet50_2 (CIFAR stem) (from scratch)
  Dataset:    cifar10 (10 classes)
  Image size: 32
  LR:         0.1
  Momentum:   0.9 (nesterov=True)
  Optimizer:  sgd
  Weight dec: 0.0005 (on BN/bias=False)
  Backend:    mpi
  Algorithm:  default
  Epochs:     10
  Batch/rank: 4
  LR:         0.1
  Scheduler:  cosine
  Warmup:     0
  Grad clip:  None
  Drop last:  True
  Data dir:   ./data
================================================================================


================================================================================
DISTRIBUTED TRAINING LAUNCHER
================================================================================
  Model:      wide_resnet50_2 (CIFAR stem) (from scratch)
  Dataset:    cifar10 (10 classes)
  Image size: 32
  LR:         0.1
  Momentum:   0.9 (nesterov=True)
  Optimizer:  sgd
  Weight dec: 0.0005 (on BN/bias=False)
  Backend:    mpi
  Algorithm:  default
  Epochs:     10
  Batch/rank: 4
  LR:         0.1
  Scheduler:  cosine
  Warmup:     0
  Grad clip:  None
  Drop last:  True
  Data dir:   ./data
================================================================================

  Batch [50/390] Loss: 18.1879, Acc: 8.50%, lr: 0.099959
  Batch [100/390] Loss: 10.2839, Acc: 10.75%, lr: 0.099838
  Batch [150/390] Loss: 7.6186, Acc: 11.67%, lr: 0.099635
  Batch [200/390] Loss: 6.2892, Acc: 12.50%, lr: 0.099353
  Batch [250/390] Loss: 5.4884, Acc: 12.60%, lr: 0.098990
  Batch [300/390] Loss: 4.9543, Acc: 13.00%, lr: 0.098547
  Batch [350/390] Loss: 4.5730, Acc: 13.29%, lr: 0.098026
[Epoch 1] Train Loss: 4.3317, Acc: 13.78%  |  Val Loss: 3.9107, Acc: 13.08%  |  Time: 35.8s
[Epoch 1] t_iter median: 57.27 ms  (fwd 6.90 | bwd+comm 46.93 | opt 3.26 | data 0.10)  |  train-only epoch: 23.2s
  -> Best model saved (13.08%)
[Epoch 1] Summarizing hook timing...

[HOOK_TIMING_SUMMARY] epoch=1
[HOOK_WORK_SUMMARY] label=mpi:default calls=3106 work_total_ms=75183.507 work_mean_ms=24.206 work_min_ms=1.835 work_max_ms=99.824
[HOOK_TAIL_SUMMARY] label=mpi:default steps=391 tail_total_ms=14357.180 tail_mean_ms=36.719 tail_min_ms=9.194 tail_max_ms=100.957
[Epoch 1] Hook timing summary done

[Epoch 2] Training... (lr at epoch start=0.097553)
  Batch [50/390] Loss: 2.2566, Acc: 16.50%, lr: 0.096892
  Batch [100/390] Loss: 2.2512, Acc: 15.75%, lr: 0.096155
  Batch [150/390] Loss: 2.2421, Acc: 15.83%, lr: 0.095344
  Batch [200/390] Loss: 2.2450, Acc: 15.88%, lr: 0.094459
  Batch [250/390] Loss: 2.2409, Acc: 16.20%, lr: 0.093501
  Batch [300/390] Loss: 2.2351, Acc: 16.33%, lr: 0.092473
  Batch [350/390] Loss: 2.2176, Acc: 16.36%, lr: 0.091377
[Epoch 2] Train Loss: 2.2110, Acc: 16.60%  |  Val Loss: 3.5997, Acc: 18.42%  |  Time: 35.3s
[Epoch 2] t_iter median: 57.32 ms  (fwd 6.94 | bwd+comm 47.01 | opt 3.25 | data 0.11)  |  train-only epoch: 22.5s
  -> Best model saved (18.42%)
[Epoch 2] Summarizing hook timing...

[HOOK_TIMING_SUMMARY] epoch=2
[HOOK_WORK_SUMMARY] label=mpi:default calls=3120 work_total_ms=76354.106 work_mean_ms=24.472 work_min_ms=2.144 work_max_ms=39.876
[HOOK_TAIL_SUMMARY] label=mpi:default steps=390 tail_total_ms=14454.796 tail_mean_ms=37.064 tail_min_ms=34.471 tail_max_ms=39.120
[Epoch 2] Hook timing summary done

[Epoch 3] Training... (lr at epoch start=0.090451)
  Batch [50/390] Loss: 2.0673, Acc: 20.50%, lr: 0.089235
  Batch [100/390] Loss: 2.1224, Acc: 20.75%, lr: 0.087955
  Batch [150/390] Loss: 2.1341, Acc: 21.00%, lr: 0.086613
  Batch [200/390] Loss: 2.1230, Acc: 22.25%, lr: 0.085213
  Batch [250/390] Loss: 2.1053, Acc: 22.30%, lr: 0.083755
  Batch [300/390] Loss: 2.1016, Acc: 23.00%, lr: 0.082242
  Batch [350/390] Loss: 2.1103, Acc: 22.86%, lr: 0.080677
[Epoch 3] Train Loss: 2.1086, Acc: 23.01%  |  Val Loss: 2.4292, Acc: 23.60%  |  Time: 35.3s
[Epoch 3] t_iter median: 57.21 ms  (fwd 6.86 | bwd+comm 46.92 | opt 3.37 | data 0.06)  |  train-only epoch: 22.5s
  -> Best model saved (23.60%)
[Epoch 3] Summarizing hook timing...

[HOOK_TIMING_SUMMARY] epoch=3
[HOOK_WORK_SUMMARY] label=mpi:default calls=3120 work_total_ms=74897.592 work_mean_ms=24.006 work_min_ms=1.923 work_max_ms=38.122
[HOOK_TAIL_SUMMARY] label=mpi:default steps=390 tail_total_ms=14203.210 tail_mean_ms=36.418 tail_min_ms=34.050 tail_max_ms=37.301
[Epoch 3] Hook timing summary done

[Epoch 4] Training... (lr at epoch start=0.079389)
  Batch [50/390] Loss: 2.0666, Acc: 23.00%, lr: 0.077737
  Batch [100/390] Loss: 2.0750, Acc: 20.25%, lr: 0.076039
  Batch [150/390] Loss: 2.0282, Acc: 22.33%, lr: 0.074299
  Batch [200/390] Loss: 2.0249, Acc: 23.25%, lr: 0.072520
  Batch [250/390] Loss: 2.0254, Acc: 23.50%, lr: 0.070704
  Batch [300/390] Loss: 2.0021, Acc: 24.67%, lr: 0.068855
  Batch [350/390] Loss: 2.0110, Acc: 24.57%, lr: 0.066975
[Epoch 4] Train Loss: 2.0058, Acc: 24.68%  |  Val Loss: 2.3348, Acc: 25.77%  |  Time: 35.2s
[Epoch 4] t_iter median: 57.47 ms  (fwd 6.85 | bwd+comm 47.27 | opt 3.20 | data 0.11)  |  train-only epoch: 22.6s
  -> Best model saved (25.77%)
[Epoch 4] Summarizing hook timing...

[HOOK_TIMING_SUMMARY] epoch=4
[HOOK_WORK_SUMMARY] label=mpi:default calls=3120 work_total_ms=77193.044 work_mean_ms=24.741 work_min_ms=1.863 work_max_ms=39.141
[HOOK_TAIL_SUMMARY] label=mpi:default steps=390 tail_total_ms=14556.117 tail_mean_ms=37.323 tail_min_ms=34.401 tail_max_ms=38.372
[Epoch 4] Hook timing summary done

[Epoch 5] Training... (lr at epoch start=0.065451)
  Batch [50/390] Loss: 1.8713, Acc: 29.50%, lr: 0.063524
  Batch [100/390] Loss: 1.8738, Acc: 28.25%, lr: 0.061574
  Batch [150/390] Loss: 1.8527, Acc: 28.50%, lr: 0.059606
  Batch [200/390] Loss: 1.8519, Acc: 28.88%, lr: 0.057623
  Batch [250/390] Loss: 1.8680, Acc: 28.50%, lr: 0.055627
  Batch [300/390] Loss: 1.8625, Acc: 29.42%, lr: 0.053622
  Batch [350/390] Loss: 1.8475, Acc: 30.07%, lr: 0.051611
[Epoch 5] Train Loss: 1.8448, Acc: 30.64%  |  Val Loss: 2.5447, Acc: 32.42%  |  Time: 35.4s
[Epoch 5] t_iter median: 57.34 ms  (fwd 6.90 | bwd+comm 47.06 | opt 3.26 | data 0.11)  |  train-only epoch: 22.5s
  -> Best model saved (32.42%)
[Epoch 5] Summarizing hook timing...

[HOOK_TIMING_SUMMARY] epoch=5
[HOOK_WORK_SUMMARY] label=mpi:default calls=3120 work_total_ms=76216.606 work_mean_ms=24.428 work_min_ms=2.076 work_max_ms=39.177
[HOOK_TAIL_SUMMARY] label=mpi:default steps=390 tail_total_ms=14396.169 tail_mean_ms=36.913 tail_min_ms=33.912 tail_max_ms=38.520
[Epoch 5] Hook timing summary done

[Epoch 6] Training... (lr at epoch start=0.050000)
  Batch [50/390] Loss: 1.6713, Acc: 42.00%, lr: 0.047987
  Batch [100/390] Loss: 1.7279, Acc: 38.50%, lr: 0.045977
  Batch [150/390] Loss: 1.7195, Acc: 38.33%, lr: 0.043973
  Batch [200/390] Loss: 1.6905, Acc: 38.38%, lr: 0.041979
  Batch [250/390] Loss: 1.6807, Acc: 38.40%, lr: 0.039999
  Batch [300/390] Loss: 1.6892, Acc: 37.92%, lr: 0.038034
  Batch [350/390] Loss: 1.6972, Acc: 37.79%, lr: 0.036089
[Epoch 6] Train Loss: 1.6822, Acc: 38.72%  |  Val Loss: 2.0025, Acc: 40.25%  |  Time: 35.8s
[Epoch 6] t_iter median: 57.39 ms  (fwd 6.77 | bwd+comm 47.27 | opt 3.25 | data 0.06)  |  train-only epoch: 22.6s
  -> Best model saved (40.25%)
[Epoch 6] Summarizing hook timing...

[HOOK_TIMING_SUMMARY] epoch=6
[HOOK_WORK_SUMMARY] label=mpi:default calls=3120 work_total_ms=77419.723 work_mean_ms=24.814 work_min_ms=1.941 work_max_ms=40.754
[HOOK_TAIL_SUMMARY] label=mpi:default steps=390 tail_total_ms=14604.342 tail_mean_ms=37.447 tail_min_ms=34.036 tail_max_ms=39.837
[Epoch 6] Hook timing summary done

[Epoch 7] Training... (lr at epoch start=0.034549)
  Batch [50/390] Loss: 1.5978, Acc: 41.50%, lr: 0.032647
  Batch [100/390] Loss: 1.6203, Acc: 40.75%, lr: 0.030773
  Batch [150/390] Loss: 1.5927, Acc: 42.50%, lr: 0.028930
  Batch [200/390] Loss: 1.5787, Acc: 41.88%, lr: 0.027121
  Batch [250/390] Loss: 1.5767, Acc: 42.30%, lr: 0.025350
  Batch [300/390] Loss: 1.5680, Acc: 42.00%, lr: 0.023618
  Batch [350/390] Loss: 1.5532, Acc: 42.57%, lr: 0.021929
[Epoch 7] Train Loss: 1.5455, Acc: 43.27%  |  Val Loss: 1.5433, Acc: 46.12%  |  Time: 35.2s
[Epoch 7] t_iter median: 57.40 ms  (fwd 6.76 | bwd+comm 47.26 | opt 3.25 | data 0.10)  |  train-only epoch: 22.6s
  -> Best model saved (46.12%)
[Epoch 7] Summarizing hook timing...

[HOOK_TIMING_SUMMARY] epoch=7
[HOOK_WORK_SUMMARY] label=mpi:default calls=3120 work_total_ms=76904.725 work_mean_ms=24.649 work_min_ms=1.955 work_max_ms=39.941
[HOOK_TAIL_SUMMARY] label=mpi:default steps=390 tail_total_ms=14538.219 tail_mean_ms=37.277 tail_min_ms=34.352 tail_max_ms=39.235
[Epoch 7] Hook timing summary done

[Epoch 8] Training... (lr at epoch start=0.020611)
  Batch [50/390] Loss: 1.5873, Acc: 45.50%, lr: 0.019006
  Batch [100/390] Loss: 1.5451, Acc: 45.50%, lr: 0.017451
  Batch [150/390] Loss: 1.4819, Acc: 45.67%, lr: 0.015949
  Batch [200/390] Loss: 1.4812, Acc: 46.38%, lr: 0.014503
  Batch [250/390] Loss: 1.4607, Acc: 47.10%, lr: 0.013113
  Batch [300/390] Loss: 1.4497, Acc: 47.92%, lr: 0.011784
  Batch [350/390] Loss: 1.4432, Acc: 47.93%, lr: 0.010517
[Epoch 8] Train Loss: 1.4438, Acc: 48.01%  |  Val Loss: 1.3513, Acc: 51.89%  |  Time: 35.3s
[Epoch 8] t_iter median: 57.35 ms  (fwd 6.91 | bwd+comm 47.02 | opt 3.29 | data 0.11)  |  train-only epoch: 22.5s
  -> Best model saved (51.89%)
[Epoch 8] Summarizing hook timing...

[HOOK_TIMING_SUMMARY] epoch=8
[HOOK_WORK_SUMMARY] label=mpi:default calls=3120 work_total_ms=75943.925 work_mean_ms=24.341 work_min_ms=1.973 work_max_ms=38.461
[HOOK_TAIL_SUMMARY] label=mpi:default steps=390 tail_total_ms=14354.695 tail_mean_ms=36.807 tail_min_ms=34.185 tail_max_ms=37.585
[Epoch 8] Hook timing summary done

[Epoch 9] Training... (lr at epoch start=0.009549)
  Batch [50/390] Loss: 1.3901, Acc: 51.00%, lr: 0.008399
  Batch [100/390] Loss: 1.3837, Acc: 51.25%, lr: 0.007315
  Batch [150/390] Loss: 1.4061, Acc: 50.17%, lr: 0.006302
  Batch [200/390] Loss: 1.3833, Acc: 51.00%, lr: 0.005359
  Batch [250/390] Loss: 1.3701, Acc: 51.90%, lr: 0.004488
  Batch [300/390] Loss: 1.3516, Acc: 52.33%, lr: 0.003691
  Batch [350/390] Loss: 1.3555, Acc: 52.14%, lr: 0.002970
[Epoch 9] Train Loss: 1.3553, Acc: 51.99%  |  Val Loss: 1.3650, Acc: 52.58%  |  Time: 35.2s
[Epoch 9] t_iter median: 57.23 ms  (fwd 6.82 | bwd+comm 46.95 | opt 3.35 | data 0.11)  |  train-only epoch: 22.5s
  -> Best model saved (52.58%)
[Epoch 9] Summarizing hook timing...

[HOOK_TIMING_SUMMARY] epoch=9
[HOOK_WORK_SUMMARY] label=mpi:default calls=3120 work_total_ms=75366.478 work_mean_ms=24.156 work_min_ms=2.013 work_max_ms=41.454
[HOOK_TAIL_SUMMARY] label=mpi:default steps=390 tail_total_ms=14261.969 tail_mean_ms=36.569 tail_min_ms=33.829 tail_max_ms=40.582
[Epoch 9] Hook timing summary done

[Epoch 10] Training... (lr at epoch start=0.002447)
  Batch [50/390] Loss: 1.2189, Acc: 55.50%, lr: 0.001864
  Batch [100/390] Loss: 1.2855, Acc: 54.75%, lr: 0.001358
  Batch [150/390] Loss: 1.2224, Acc: 58.83%, lr: 0.000931
  Batch [200/390] Loss: 1.2192, Acc: 58.25%, lr: 0.000584
  Batch [250/390] Loss: 1.2289, Acc: 57.50%, lr: 0.000318
  Batch [300/390] Loss: 1.2313, Acc: 57.50%, lr: 0.000131
  Batch [350/390] Loss: 1.2422, Acc: 57.64%, lr: 0.000026
[Epoch 10] Train Loss: 1.2527, Acc: 57.31%  |  Val Loss: 1.3575, Acc: 53.72%  |  Time: 35.3s
[Epoch 10] t_iter median: 57.44 ms  (fwd 6.85 | bwd+comm 47.22 | opt 3.25 | data 0.11)  |  train-only epoch: 22.6s
  -> Best model saved (53.72%)
[Epoch 10] Summarizing hook timing...

[HOOK_TIMING_SUMMARY] epoch=10
[HOOK_WORK_SUMMARY] label=mpi:default calls=3120 work_total_ms=77171.103 work_mean_ms=24.734 work_min_ms=1.980 work_max_ms=42.918
[HOOK_TAIL_SUMMARY] label=mpi:default steps=390 tail_total_ms=14555.370 tail_mean_ms=37.321 tail_min_ms=34.718 tail_max_ms=42.163
[Epoch 10] Hook timing summary done

================================================================================
Done in 362.8s | Best val acc: 53.72%
Epoch times (train+val): mean=35.4s  min=35.2s  max=35.8s
Train-only epoch time (epochs 2..N): median=22.54s  min=22.49s  max=22.59s
  -> use this for STRONG scaling (fixed global batch)
  -> use t_iter_median_ms from the CSV for WEAK scaling (fixed local batch)
================================================================================
=== Finished training: model=wide_resnet50_2, dataset=cifar10, batch=4, lr=0.1, scheduler=cosine, backend=mpi, hook=default, zfp_rate=none, status=0 at Wed Jul 22 09:26:56 AM UTC 2026 ===
=== Starting training: model=wide_resnet50_2, dataset=cifar10, batch=4, lr=0.1, scheduler=cosine, backend=mpi, hook=ring, zfp_rate=none at Wed Jul 22 09:26:56 AM UTC 2026 ===

================================================================================
DISTRIBUTED TRAINING LAUNCHER
================================================================================
  Model:      wide_resnet50_2 (CIFAR stem) (from scratch)
  Dataset:    cifar10 (10 classes)
  Image size: 32
  LR:         0.1
  Momentum:   0.9 (nesterov=True)
  Optimizer:  sgd
  Weight dec: 0.0005 (on BN/bias=False)
  Backend:    mpi
  Algorithm:  ring
  Epochs:     10
  Batch/rank: 4
  LR:         0.1
  Scheduler:  cosine
  Warmup:     0
  Grad clip:  None
  Drop last:  True
  Data dir:   ./data
================================================================================


================================================================================
Distributed Training: WIDE_RESNET50_2 on CIFAR10
Backend: MPI, Algorithm: ring
================================================================================
Ranks: 32, Epochs: 10, Batch/rank: 4, Effective batch: 128
LR: 0.1, Device: cuda:0

[Cache] Pretrained weights cache (TORCH_HOME) = ./data/pretrained_weights_cache
[Setup] Model on cuda:0, wrapped in DDP (static_graph=True)
[Setup] Hook registered: mpi/ring
[Optim] SGD: lr=0.1 momentum=0.9 nesterov=True wd=0.0005 wd_on_bn_bias=False
[Optim]   group 0: 66,778,816 params, wd=0.0005
[Optim]   group 1: 68,234 params, wd=0.0

================================================================================
DISTRIBUTED TRAINING LAUNCHER
================================================================================
  Model:      wide_resnet50_2 (CIFAR stem) (from scratch)
  Dataset:    cifar10 (10 classes)
  Image size: 32
  LR:         0.1
  Momentum:   0.9 (nesterov=True)
  Optimizer:  sgd
  Weight dec: 0.0005 (on BN/bias=False)
  Backend:    mpi
  Algorithm:  ring
  Epochs:     10
  Batch/rank: 4
  LR:         0.1
  Scheduler:  cosine
  Warmup:     0
  Grad clip:  None
  Drop last:  True
  Data dir:   ./data
================================================================================


================================================================================
DISTRIBUTED TRAINING LAUNCHER
================================================================================
  Model:      wide_resnet50_2 (CIFAR stem) (from scratch)
  Dataset:    cifar10 (10 classes)
  Image size: 32
  LR:         0.1
  Momentum:   0.9 (nesterov=True)
  Optimizer:  sgd
  Weight dec: 0.0005 (on BN/bias=False)
  Backend:    mpi
  Algorithm:  ring
  Epochs:     10
  Batch/rank: 4
  LR:         0.1
  Scheduler:  cosine
  Warmup:     0
  Grad clip:  None
  Drop last:  True
  Data dir:   ./data
================================================================================


================================================================================
DISTRIBUTED TRAINING LAUNCHER
================================================================================
  Model:      wide_resnet50_2 (CIFAR stem) (from scratch)
  Dataset:    cifar10 (10 classes)
  Image size: 32
  LR:         0.1
  Momentum:   0.9 (nesterov=True)
  Optimizer:  sgd
  Weight dec: 0.0005 (on BN/bias=False)
  Backend:    mpi
  Algorithm:  ring
  Epochs:     10
  Batch/rank: 4
  LR:         0.1
  Scheduler:  cosine
  Warmup:     0
  Grad clip:  None
  Drop last:  True
  Data dir:   ./data
================================================================================


================================================================================
DISTRIBUTED TRAINING LAUNCHER
================================================================================
  Model:      wide_resnet50_2 (CIFAR stem) (from scratch)
  Dataset:    cifar10 (10 classes)
  Image size: 32
  LR:         0.1
  Momentum:   0.9 (nesterov=True)
  Optimizer:  sgd
  Weight dec: 0.0005 (on BN/bias=False)
  Backend:    mpi
  Algorithm:  ring
  Epochs:     10
  Batch/rank: 4
  LR:         0.1
  Scheduler:  cosine
  Warmup:     0
  Grad clip:  None
  Drop last:  True
  Data dir:   ./data
================================================================================


================================================================================
DISTRIBUTED TRAINING LAUNCHER
================================================================================
  Model:      wide_resnet50_2 (CIFAR stem) (from scratch)
  Dataset:    cifar10 (10 classes)
  Image size: 32
  LR:         0.1
  Momentum:   0.9 (nesterov=True)
  Optimizer:  sgd
  Weight dec: 0.0005 (on BN/bias=False)
  Backend:    mpi
  Algorithm:  ring
  Epochs:     10
  Batch/rank: 4
  LR:         0.1
  Scheduler:  cosine
  Warmup:     0
  Grad clip:  None
  Drop last:  True
  Data dir:   ./data
================================================================================


================================================================================
DISTRIBUTED TRAINING LAUNCHER
================================================================================
  Model:      wide_resnet50_2 (CIFAR stem) (from scratch)
  Dataset:    cifar10 (10 classes)
  Image size: 32
  LR:         0.1
  Momentum:   0.9 (nesterov=True)
  Optimizer:  sgd
  Weight dec: 0.0005 (on BN/bias=False)
  Backend:    mpi
  Algorithm:  ring
  Epochs:     10
  Batch/rank: 4
  LR:         0.1
  Scheduler:  cosine
  Warmup:     0
  Grad clip:  None
  Drop last:  True
  Data dir:   ./data
================================================================================


================================================================================
DISTRIBUTED TRAINING LAUNCHER
================================================================================
  Model:      wide_resnet50_2 (CIFAR stem) (from scratch)
  Dataset:    cifar10 (10 classes)
  Image size: 32
  LR:         0.1
  Momentum:   0.9 (nesterov=True)
  Optimizer:  sgd
  Weight dec: 0.0005 (on BN/bias=False)
  Backend:    mpi
  Algorithm:  ring
  Epochs:     10
  Batch/rank: 4
  LR:         0.1
  Scheduler:  cosine
  Warmup:     0
  Grad clip:  None
  Drop last:  True
  Data dir:   ./data
================================================================================


================================================================================
DISTRIBUTED TRAINING LAUNCHER
================================================================================
  Model:      wide_resnet50_2 (CIFAR stem) (from scratch)
  Dataset:    cifar10 (10 classes)
  Image size: 32
  LR:         0.1
  Momentum:   0.9 (nesterov=True)
  Optimizer:  sgd
  Weight dec: 0.0005 (on BN/bias=False)
  Backend:    mpi
  Algorithm:  ring
  Epochs:     10
  Batch/rank: 4
  LR:         0.1
  Scheduler:  cosine
  Warmup:     0
  Grad clip:  None
  Drop last:  True
  Data dir:   ./data
================================================================================


================================================================================
DISTRIBUTED TRAINING LAUNCHER
================================================================================
  Model:      wide_resnet50_2 (CIFAR stem) (from scratch)
  Dataset:    cifar10 (10 classes)
  Image size: 32
  LR:         0.1
  Momentum:   0.9 (nesterov=True)
  Optimizer:  sgd
  Weight dec: 0.0005 (on BN/bias=False)
  Backend:    mpi
  Algorithm:  ring
  Epochs:     10
  Batch/rank: 4
  LR:         0.1
  Scheduler:  cosine
  Warmup:     0
  Grad clip:  None
  Drop last:  True
  Data dir:   ./data
================================================================================


================================================================================
DISTRIBUTED TRAINING LAUNCHER
================================================================================
  Model:      wide_resnet50_2 (CIFAR stem) (from scratch)
  Dataset:    cifar10 (10 classes)
  Image size: 32
  LR:         0.1
  Momentum:   0.9 (nesterov=True)
  Optimizer:  sgd
  Weight dec: 0.0005 (on BN/bias=False)
  Backend:    mpi
  Algorithm:  ring
  Epochs:     10
  Batch/rank: 4
  LR:         0.1
  Scheduler:  cosine
  Warmup:     0
  Grad clip:  None
  Drop last:  True
  Data dir:   ./data
================================================================================


================================================================================
DISTRIBUTED TRAINING LAUNCHER
================================================================================
  Model:      wide_resnet50_2 (CIFAR stem) (from scratch)
  Dataset:    cifar10 (10 classes)
  Image size: 32
  LR:         0.1
  Momentum:   0.9 (nesterov=True)
  Optimizer:  sgd
  Weight dec: 0.0005 (on BN/bias=False)
  Backend:    mpi
  Algorithm:  ring
  Epochs:     10
  Batch/rank: 4
  LR:         0.1
  Scheduler:  cosine
  Warmup:     0
  Grad clip:  None
  Drop last:  True
  Data dir:   ./data
================================================================================


================================================================================
DISTRIBUTED TRAINING LAUNCHER
================================================================================
  Model:      wide_resnet50_2 (CIFAR stem) (from scratch)
  Dataset:    cifar10 (10 classes)
  Image size: 32
  LR:         0.1
  Momentum:   0.9 (nesterov=True)
  Optimizer:  sgd
  Weight dec: 0.0005 (on BN/bias=False)
  Backend:    mpi
  Algorithm:  ring
  Epochs:     10
  Batch/rank: 4
  LR:         0.1
  Scheduler:  cosine
  Warmup:     0
  Grad clip:  None
  Drop last:  True
  Data dir:   ./data
================================================================================


================================================================================
DISTRIBUTED TRAINING LAUNCHER
================================================================================
  Model:      wide_resnet50_2 (CIFAR stem) (from scratch)
  Dataset:    cifar10 (10 classes)
  Image size: 32
  LR:         0.1
  Momentum:   0.9 (nesterov=True)
  Optimizer:  sgd
  Weight dec: 0.0005 (on BN/bias=False)
  Backend:    mpi
  Algorithm:  ring
  Epochs:     10
  Batch/rank: 4
  LR:         0.1
  Scheduler:  cosine
  Warmup:     0
  Grad clip:  None
  Drop last:  True
  Data dir:   ./data
================================================================================


================================================================================
DISTRIBUTED TRAINING LAUNCHER
================================================================================
  Model:      wide_resnet50_2 (CIFAR stem) (from scratch)
  Dataset:    cifar10 (10 classes)
  Image size: 32
  LR:         0.1
  Momentum:   0.9 (nesterov=True)
  Optimizer:  sgd
  Weight dec: 0.0005 (on BN/bias=False)
  Backend:    mpi
  Algorithm:  ring
  Epochs:     10
  Batch/rank: 4
  LR:         0.1
  Scheduler:  cosine
  Warmup:     0
  Grad clip:  None
  Drop last:  True
  Data dir:   ./data
================================================================================


================================================================================
DISTRIBUTED TRAINING LAUNCHER
================================================================================
  Model:      wide_resnet50_2 (CIFAR stem) (from scratch)
  Dataset:    cifar10 (10 classes)
  Image size: 32
  LR:         0.1
  Momentum:   0.9 (nesterov=True)
  Optimizer:  sgd
  Weight dec: 0.0005 (on BN/bias=False)
  Backend:    mpi
  Algorithm:  ring
  Epochs:     10
  Batch/rank: 4
  LR:         0.1
  Scheduler:  cosine
  Warmup:     0
  Grad clip:  None
  Drop last:  True
  Data dir:   ./data
================================================================================


================================================================================
DISTRIBUTED TRAINING LAUNCHER
================================================================================
  Model:      wide_resnet50_2 (CIFAR stem) (from scratch)
  Dataset:    cifar10 (10 classes)
  Image size: 32
  LR:         0.1
  Momentum:   0.9 (nesterov=True)
  Optimizer:  sgd
  Weight dec: 0.0005 (on BN/bias=False)
  Backend:    mpi
  Algorithm:  ring
  Epochs:     10
  Batch/rank: 4
  LR:         0.1
  Scheduler:  cosine
  Warmup:     0
  Grad clip:  None
  Drop last:  True
  Data dir:   ./data
================================================================================


================================================================================
DISTRIBUTED TRAINING LAUNCHER
================================================================================
  Model:      wide_resnet50_2 (CIFAR stem) (from scratch)
  Dataset:    cifar10 (10 classes)
  Image size: 32
  LR:         0.1
  Momentum:   0.9 (nesterov=True)
  Optimizer:  sgd
  Weight dec: 0.0005 (on BN/bias=False)
  Backend:    mpi
  Algorithm:  ring
  Epochs:     10
  Batch/rank: 4
  LR:         0.1
  Scheduler:  cosine
  Warmup:     0
  Grad clip:  None
  Drop last:  True
  Data dir:   ./data
================================================================================


================================================================================
DISTRIBUTED TRAINING LAUNCHER
================================================================================
  Model:      wide_resnet50_2 (CIFAR stem) (from scratch)
  Dataset:    cifar10 (10 classes)
  Image size: 32
  LR:         0.1
  Momentum:   0.9 (nesterov=True)
  Optimizer:  sgd
  Weight dec: 0.0005 (on BN/bias=False)
  Backend:    mpi
  Algorithm:  ring
  Epochs:     10
  Batch/rank: 4
  LR:         0.1
  Scheduler:  cosine
  Warmup:     0
  Grad clip:  None
  Drop last:  True
  Data dir:   ./data
================================================================================


================================================================================
DISTRIBUTED TRAINING LAUNCHER
================================================================================
  Model:      wide_resnet50_2 (CIFAR stem) (from scratch)
  Dataset:    cifar10 (10 classes)
  Image size: 32
  LR:         0.1
  Momentum:   0.9 (nesterov=True)
  Optimizer:  sgd
  Weight dec: 0.0005 (on BN/bias=False)
  Backend:    mpi
  Algorithm:  ring
  Epochs:     10
  Batch/rank: 4
  LR:         0.1
  Scheduler:  cosine
  Warmup:     0
  Grad clip:  None
  Drop last:  True
  Data dir:   ./data
================================================================================

[Data] Train batches: 390, Val batches: 2500

[Sched] cosine: steps/epoch=390, total_steps=3900, warmup_steps=0 (0 epochs)


[Epoch 1] Training... (lr at epoch start=0.100000)

================================================================================
DISTRIBUTED TRAINING LAUNCHER
================================================================================
  Model:      wide_resnet50_2 (CIFAR stem) (from scratch)
  Dataset:    cifar10 (10 classes)
  Image size: 32
  LR:         0.1
  Momentum:   0.9 (nesterov=True)
  Optimizer:  sgd
  Weight dec: 0.0005 (on BN/bias=False)
  Backend:    mpi
  Algorithm:  ring
  Epochs:     10
  Batch/rank: 4
  LR:         0.1
  Scheduler:  cosine
  Warmup:     0
  Grad clip:  None
  Drop last:  True
  Data dir:   ./data
================================================================================


================================================================================
DISTRIBUTED TRAINING LAUNCHER
================================================================================
  Model:      wide_resnet50_2 (CIFAR stem) (from scratch)
  Dataset:    cifar10 (10 classes)
  Image size: 32
  LR:         0.1
  Momentum:   0.9 (nesterov=True)
  Optimizer:  sgd
  Weight dec: 0.0005 (on BN/bias=False)
  Backend:    mpi
  Algorithm:  ring
  Epochs:     10
  Batch/rank: 4
  LR:         0.1
  Scheduler:  cosine
  Warmup:     0
  Grad clip:  None
  Drop last:  True
  Data dir:   ./data
================================================================================


================================================================================
DISTRIBUTED TRAINING LAUNCHER
================================================================================
  Model:      wide_resnet50_2 (CIFAR stem) (from scratch)
  Dataset:    cifar10 (10 classes)
  Image size: 32
  LR:         0.1
  Momentum:   0.9 (nesterov=True)
  Optimizer:  sgd
  Weight dec: 0.0005 (on BN/bias=False)
  Backend:    mpi
  Algorithm:  ring
  Epochs:     10
  Batch/rank: 4
  LR:         0.1
  Scheduler:  cosine
  Warmup:     0
  Grad clip:  None
  Drop last:  True
  Data dir:   ./data
================================================================================


================================================================================
DISTRIBUTED TRAINING LAUNCHER
================================================================================
  Model:      wide_resnet50_2 (CIFAR stem) (from scratch)
  Dataset:    cifar10 (10 classes)
  Image size: 32
  LR:         0.1
  Momentum:   0.9 (nesterov=True)
  Optimizer:  sgd
  Weight dec: 0.0005 (on BN/bias=False)
  Backend:    mpi
  Algorithm:  ring
  Epochs:     10
  Batch/rank: 4
  LR:         0.1
  Scheduler:  cosine
  Warmup:     0
  Grad clip:  None
  Drop last:  True
  Data dir:   ./data
================================================================================


================================================================================
DISTRIBUTED TRAINING LAUNCHER
================================================================================
  Model:      wide_resnet50_2 (CIFAR stem) (from scratch)
  Dataset:    cifar10 (10 classes)
  Image size: 32
  LR:         0.1
  Momentum:   0.9 (nesterov=True)
  Optimizer:  sgd
  Weight dec: 0.0005 (on BN/bias=False)
  Backend:    mpi
  Algorithm:  ring
  Epochs:     10
  Batch/rank: 4
  LR:         0.1
  Scheduler:  cosine
  Warmup:     0
  Grad clip:  None
  Drop last:  True
  Data dir:   ./data
================================================================================


================================================================================
DISTRIBUTED TRAINING LAUNCHER
================================================================================
  Model:      wide_resnet50_2 (CIFAR stem) (from scratch)
  Dataset:    cifar10 (10 classes)
  Image size: 32
  LR:         0.1
  Momentum:   0.9 (nesterov=True)
  Optimizer:  sgd
  Weight dec: 0.0005 (on BN/bias=False)
  Backend:    mpi
  Algorithm:  ring
  Epochs:     10
  Batch/rank: 4
  LR:         0.1
  Scheduler:  cosine
  Warmup:     0
  Grad clip:  None
  Drop last:  True
  Data dir:   ./data
================================================================================


================================================================================
DISTRIBUTED TRAINING LAUNCHER
================================================================================
  Model:      wide_resnet50_2 (CIFAR stem) (from scratch)
  Dataset:    cifar10 (10 classes)
  Image size: 32
  LR:         0.1
  Momentum:   0.9 (nesterov=True)
  Optimizer:  sgd
  Weight dec: 0.0005 (on BN/bias=False)
  Backend:    mpi
  Algorithm:  ring
  Epochs:     10
  Batch/rank: 4
  LR:         0.1
  Scheduler:  cosine
  Warmup:     0
  Grad clip:  None
  Drop last:  True
  Data dir:   ./data
================================================================================


================================================================================
DISTRIBUTED TRAINING LAUNCHER
================================================================================
  Model:      wide_resnet50_2 (CIFAR stem) (from scratch)
  Dataset:    cifar10 (10 classes)
  Image size: 32
  LR:         0.1
  Momentum:   0.9 (nesterov=True)
  Optimizer:  sgd
  Weight dec: 0.0005 (on BN/bias=False)
  Backend:    mpi
  Algorithm:  ring
  Epochs:     10
  Batch/rank: 4
  LR:         0.1
  Scheduler:  cosine
  Warmup:     0
  Grad clip:  None
  Drop last:  True
  Data dir:   ./data
================================================================================


================================================================================
DISTRIBUTED TRAINING LAUNCHER
================================================================================
  Model:      wide_resnet50_2 (CIFAR stem) (from scratch)
  Dataset:    cifar10 (10 classes)
  Image size: 32
  LR:         0.1
  Momentum:   0.9 (nesterov=True)
  Optimizer:  sgd
  Weight dec: 0.0005 (on BN/bias=False)
  Backend:    mpi
  Algorithm:  ring
  Epochs:     10
  Batch/rank: 4
  LR:         0.1
  Scheduler:  cosine
  Warmup:     0
  Grad clip:  None
  Drop last:  True
  Data dir:   ./data
================================================================================


================================================================================
DISTRIBUTED TRAINING LAUNCHER
================================================================================
  Model:      wide_resnet50_2 (CIFAR stem) (from scratch)
  Dataset:    cifar10 (10 classes)
  Image size: 32
  LR:         0.1
  Momentum:   0.9 (nesterov=True)
  Optimizer:  sgd
  Weight dec: 0.0005 (on BN/bias=False)
  Backend:    mpi
  Algorithm:  ring
  Epochs:     10
  Batch/rank: 4
  LR:         0.1
  Scheduler:  cosine
  Warmup:     0
  Grad clip:  None
  Drop last:  True
  Data dir:   ./data
================================================================================


================================================================================
DISTRIBUTED TRAINING LAUNCHER
================================================================================
  Model:      wide_resnet50_2 (CIFAR stem) (from scratch)
  Dataset:    cifar10 (10 classes)
  Image size: 32
  LR:         0.1
  Momentum:   0.9 (nesterov=True)
  Optimizer:  sgd
  Weight dec: 0.0005 (on BN/bias=False)
  Backend:    mpi
  Algorithm:  ring
  Epochs:     10
  Batch/rank: 4
  LR:         0.1
  Scheduler:  cosine
  Warmup:     0
  Grad clip:  None
  Drop last:  True
  Data dir:   ./data
================================================================================


================================================================================
DISTRIBUTED TRAINING LAUNCHER
================================================================================
  Model:      wide_resnet50_2 (CIFAR stem) (from scratch)
  Dataset:    cifar10 (10 classes)
  Image size: 32
  LR:         0.1
  Momentum:   0.9 (nesterov=True)
  Optimizer:  sgd
  Weight dec: 0.0005 (on BN/bias=False)
  Backend:    mpi
  Algorithm:  ring
  Epochs:     10
  Batch/rank: 4
  LR:         0.1
  Scheduler:  cosine
  Warmup:     0
  Grad clip:  None
  Drop last:  True
  Data dir:   ./data
================================================================================

  Batch [50/390] Loss: 20.6062, Acc: 7.50%, lr: 0.099959
  Batch [100/390] Loss: 11.5195, Acc: 10.00%, lr: 0.099838
  Batch [150/390] Loss: 8.4415, Acc: 10.67%, lr: 0.099635
  Batch [200/390] Loss: 6.8927, Acc: 11.62%, lr: 0.099353
  Batch [250/390] Loss: 5.9483, Acc: 13.20%, lr: 0.098990
  Batch [300/390] Loss: 5.3240, Acc: 13.50%, lr: 0.098547
  Batch [350/390] Loss: 4.8739, Acc: 14.00%, lr: 0.098026
[Epoch 1] Train Loss: 4.5995, Acc: 14.74%  |  Val Loss: 2.1133, Acc: 21.20%  |  Time: 65.2s
[Epoch 1] t_iter median: 132.10 ms  (fwd 6.91 | bwd+comm 121.78 | opt 3.32 | data 0.07)  |  train-only epoch: 52.4s
  -> Best model saved (21.20%)
[Epoch 1] Summarizing hook timing...

[HOOK_TIMING_SUMMARY] epoch=1
[HOOK_WORK_SUMMARY] label=mpi:ring calls=3106 work_total_ms=46850.883 work_mean_ms=15.084 work_min_ms=12.678 work_max_ms=77.405
[HOOK_TAIL_SUMMARY] label=mpi:ring steps=391 tail_total_ms=43404.309 tail_mean_ms=111.008 tail_min_ms=34.227 tail_max_ms=157.083
[Epoch 1] Hook timing summary done

[Epoch 2] Training... (lr at epoch start=0.097553)
  Batch [50/390] Loss: 2.1658, Acc: 18.00%, lr: 0.096892
  Batch [100/390] Loss: 2.1237, Acc: 19.75%, lr: 0.096155
  Batch [150/390] Loss: 2.1451, Acc: 19.17%, lr: 0.095344
  Batch [200/390] Loss: 2.1466, Acc: 18.00%, lr: 0.094459
  Batch [250/390] Loss: 2.1370, Acc: 18.50%, lr: 0.093501
  Batch [300/390] Loss: 2.1383, Acc: 19.00%, lr: 0.092473
  Batch [350/390] Loss: 2.1257, Acc: 19.50%, lr: 0.091377
[Epoch 2] Train Loss: 2.1185, Acc: 20.06%  |  Val Loss: 2.0387, Acc: 25.22%  |  Time: 64.7s
[Epoch 2] t_iter median: 132.05 ms  (fwd 6.88 | bwd+comm 121.62 | opt 3.50 | data 0.07)  |  train-only epoch: 51.8s
  -> Best model saved (25.22%)
[Epoch 2] Summarizing hook timing...

[HOOK_TIMING_SUMMARY] epoch=2
[HOOK_WORK_SUMMARY] label=mpi:ring calls=3120 work_total_ms=46948.614 work_mean_ms=15.048 work_min_ms=12.852 work_max_ms=39.344
[HOOK_TAIL_SUMMARY] label=mpi:ring steps=390 tail_total_ms=43546.077 tail_mean_ms=111.657 tail_min_ms=109.771 tail_max_ms=145.831
[Epoch 2] Hook timing summary done

[Epoch 3] Training... (lr at epoch start=0.090451)
  Batch [50/390] Loss: 2.0002, Acc: 21.00%, lr: 0.089235
  Batch [100/390] Loss: 2.0632, Acc: 20.50%, lr: 0.087955
  Batch [150/390] Loss: 2.0641, Acc: 22.17%, lr: 0.086613
  Batch [200/390] Loss: 2.0535, Acc: 22.00%, lr: 0.085213
  Batch [250/390] Loss: 2.0364, Acc: 23.10%, lr: 0.083755
  Batch [300/390] Loss: 2.0343, Acc: 22.08%, lr: 0.082242
  Batch [350/390] Loss: 2.0426, Acc: 22.14%, lr: 0.080677
[Epoch 3] Train Loss: 2.0414, Acc: 22.18%  |  Val Loss: 1.9926, Acc: 26.65%  |  Time: 64.5s
[Epoch 3] t_iter median: 131.59 ms  (fwd 6.91 | bwd+comm 121.11 | opt 3.50 | data 0.07)  |  train-only epoch: 51.7s
  -> Best model saved (26.65%)
[Epoch 3] Summarizing hook timing...

[HOOK_TIMING_SUMMARY] epoch=3
[HOOK_WORK_SUMMARY] label=mpi:ring calls=3120 work_total_ms=46631.228 work_mean_ms=14.946 work_min_ms=11.926 work_max_ms=39.324
[HOOK_TAIL_SUMMARY] label=mpi:ring steps=390 tail_total_ms=43112.978 tail_mean_ms=110.546 tail_min_ms=108.250 tail_max_ms=150.420
[Epoch 3] Hook timing summary done

[Epoch 4] Training... (lr at epoch start=0.079389)
  Batch [50/390] Loss: 1.9590, Acc: 24.50%, lr: 0.077737
  Batch [100/390] Loss: 1.9896, Acc: 26.00%, lr: 0.076039
  Batch [150/390] Loss: 1.9440, Acc: 27.33%, lr: 0.074299
  Batch [200/390] Loss: 1.9339, Acc: 27.88%, lr: 0.072520
  Batch [250/390] Loss: 1.9346, Acc: 27.50%, lr: 0.070704
  Batch [300/390] Loss: 1.9137, Acc: 28.75%, lr: 0.068855
  Batch [350/390] Loss: 1.9256, Acc: 28.43%, lr: 0.066975
[Epoch 4] Train Loss: 1.9115, Acc: 29.36%  |  Val Loss: 1.9365, Acc: 28.65%  |  Time: 64.7s
[Epoch 4] t_iter median: 131.90 ms  (fwd 6.91 | bwd+comm 121.63 | opt 3.23 | data 0.07)  |  train-only epoch: 51.8s
  -> Best model saved (28.65%)
[Epoch 4] Summarizing hook timing...

[HOOK_TIMING_SUMMARY] epoch=4
[HOOK_WORK_SUMMARY] label=mpi:ring calls=3120 work_total_ms=46965.853 work_mean_ms=15.053 work_min_ms=12.778 work_max_ms=36.829
[HOOK_TAIL_SUMMARY] label=mpi:ring steps=390 tail_total_ms=43554.400 tail_mean_ms=111.678 tail_min_ms=109.240 tail_max_ms=148.223
[Epoch 4] Hook timing summary done

[Epoch 5] Training... (lr at epoch start=0.065451)
  Batch [50/390] Loss: 1.8359, Acc: 27.00%, lr: 0.063524
  Batch [100/390] Loss: 1.8458, Acc: 30.75%, lr: 0.061574
  Batch [150/390] Loss: 1.8189, Acc: 31.17%, lr: 0.059606
  Batch [200/390] Loss: 1.8004, Acc: 31.38%, lr: 0.057623
  Batch [250/390] Loss: 1.8160, Acc: 31.20%, lr: 0.055627
  Batch [300/390] Loss: 1.8091, Acc: 31.67%, lr: 0.053622
  Batch [350/390] Loss: 1.8010, Acc: 32.29%, lr: 0.051611
[Epoch 5] Train Loss: 1.7961, Acc: 32.63%  |  Val Loss: 1.6144, Acc: 40.68%  |  Time: 64.6s
[Epoch 5] t_iter median: 131.94 ms  (fwd 6.86 | bwd+comm 121.78 | opt 3.22 | data 0.07)  |  train-only epoch: 51.8s
  -> Best model saved (40.68%)
[Epoch 5] Summarizing hook timing...

[HOOK_TIMING_SUMMARY] epoch=5
[HOOK_WORK_SUMMARY] label=mpi:ring calls=3120 work_total_ms=47122.014 work_mean_ms=15.103 work_min_ms=12.809 work_max_ms=38.050
[HOOK_TAIL_SUMMARY] label=mpi:ring steps=390 tail_total_ms=43782.675 tail_mean_ms=112.263 tail_min_ms=109.394 tail_max_ms=146.359
[Epoch 5] Hook timing summary done

[Epoch 6] Training... (lr at epoch start=0.050000)
  Batch [50/390] Loss: 1.6014, Acc: 36.00%, lr: 0.047987
  Batch [100/390] Loss: 1.6406, Acc: 35.50%, lr: 0.045977
  Batch [150/390] Loss: 1.6509, Acc: 35.50%, lr: 0.043973
  Batch [200/390] Loss: 1.6321, Acc: 37.38%, lr: 0.041979
  Batch [250/390] Loss: 1.6277, Acc: 37.90%, lr: 0.039999
  Batch [300/390] Loss: 1.6296, Acc: 38.25%, lr: 0.038034
  Batch [350/390] Loss: 1.6210, Acc: 39.07%, lr: 0.036089
[Epoch 6] Train Loss: 1.6072, Acc: 40.00%  |  Val Loss: 1.5245, Acc: 44.66%  |  Time: 64.7s
[Epoch 6] t_iter median: 131.87 ms  (fwd 6.93 | bwd+comm 121.31 | opt 3.51 | data 0.07)  |  train-only epoch: 51.7s
  -> Best model saved (44.66%)
[Epoch 6] Summarizing hook timing...

[HOOK_TIMING_SUMMARY] epoch=6
[HOOK_WORK_SUMMARY] label=mpi:ring calls=3120 work_total_ms=46717.206 work_mean_ms=14.973 work_min_ms=12.834 work_max_ms=31.200
[HOOK_TAIL_SUMMARY] label=mpi:ring steps=390 tail_total_ms=43201.741 tail_mean_ms=110.774 tail_min_ms=108.712 tail_max_ms=144.532
[Epoch 6] Hook timing summary done

[Epoch 7] Training... (lr at epoch start=0.034549)
  Batch [50/390] Loss: 1.5250, Acc: 45.00%, lr: 0.032647
  Batch [100/390] Loss: 1.5683, Acc: 42.50%, lr: 0.030773
  Batch [150/390] Loss: 1.5528, Acc: 41.67%, lr: 0.028930
  Batch [200/390] Loss: 1.5442, Acc: 41.62%, lr: 0.027121
  Batch [250/390] Loss: 1.5466, Acc: 41.90%, lr: 0.025350
  Batch [300/390] Loss: 1.5392, Acc: 41.92%, lr: 0.023618
  Batch [350/390] Loss: 1.5201, Acc: 43.07%, lr: 0.021929
[Epoch 7] Train Loss: 1.5086, Acc: 43.85%  |  Val Loss: 1.3964, Acc: 47.77%  |  Time: 64.7s
[Epoch 7] t_iter median: 132.09 ms  (fwd 6.84 | bwd+comm 121.94 | opt 3.22 | data 0.06)  |  train-only epoch: 51.9s
  -> Best model saved (47.77%)
[Epoch 7] Summarizing hook timing...

[HOOK_TIMING_SUMMARY] epoch=7
[HOOK_WORK_SUMMARY] label=mpi:ring calls=3120 work_total_ms=47210.806 work_mean_ms=15.132 work_min_ms=12.797 work_max_ms=46.066
[HOOK_TAIL_SUMMARY] label=mpi:ring steps=390 tail_total_ms=43880.685 tail_mean_ms=112.515 tail_min_ms=109.406 tail_max_ms=152.639
[Epoch 7] Hook timing summary done

[Epoch 8] Training... (lr at epoch start=0.020611)
  Batch [50/390] Loss: 1.5031, Acc: 46.00%, lr: 0.019006
  Batch [100/390] Loss: 1.5038, Acc: 46.00%, lr: 0.017451
  Batch [150/390] Loss: 1.4313, Acc: 47.33%, lr: 0.015949
  Batch [200/390] Loss: 1.4276, Acc: 48.62%, lr: 0.014503
  Batch [250/390] Loss: 1.4171, Acc: 48.30%, lr: 0.013113
  Batch [300/390] Loss: 1.4185, Acc: 48.17%, lr: 0.011784
  Batch [350/390] Loss: 1.4175, Acc: 48.07%, lr: 0.010517
[Epoch 8] Train Loss: 1.4211, Acc: 47.69%  |  Val Loss: 1.3147, Acc: 51.68%  |  Time: 64.9s
[Epoch 8] t_iter median: 132.37 ms  (fwd 6.88 | bwd+comm 122.16 | opt 3.26 | data 0.06)  |  train-only epoch: 52.0s
  -> Best model saved (51.68%)
[Epoch 8] Summarizing hook timing...

[HOOK_TIMING_SUMMARY] epoch=8
[HOOK_WORK_SUMMARY] label=mpi:ring calls=3120 work_total_ms=47226.394 work_mean_ms=15.137 work_min_ms=12.878 work_max_ms=37.939
[HOOK_TAIL_SUMMARY] label=mpi:ring steps=390 tail_total_ms=43886.690 tail_mean_ms=112.530 tail_min_ms=110.541 tail_max_ms=153.004
[Epoch 8] Hook timing summary done

[Epoch 9] Training... (lr at epoch start=0.009549)
  Batch [50/390] Loss: 1.3930, Acc: 51.50%, lr: 0.008399
  Batch [100/390] Loss: 1.3300, Acc: 51.50%, lr: 0.007315
  Batch [150/390] Loss: 1.3527, Acc: 51.33%, lr: 0.006302
  Batch [200/390] Loss: 1.3322, Acc: 52.75%, lr: 0.005359
  Batch [250/390] Loss: 1.3233, Acc: 53.00%, lr: 0.004488
  Batch [300/390] Loss: 1.3115, Acc: 52.83%, lr: 0.003691
  Batch [350/390] Loss: 1.3259, Acc: 51.50%, lr: 0.002970
[Epoch 9] Train Loss: 1.3255, Acc: 51.92%  |  Val Loss: 1.2187, Acc: 55.62%  |  Time: 65.0s
[Epoch 9] t_iter median: 131.96 ms  (fwd 6.97 | bwd+comm 121.55 | opt 3.32 | data 0.11)  |  train-only epoch: 51.8s
  -> Best model saved (55.62%)
[Epoch 9] Summarizing hook timing...

[HOOK_TIMING_SUMMARY] epoch=9
[HOOK_WORK_SUMMARY] label=mpi:ring calls=3120 work_total_ms=46854.743 work_mean_ms=15.018 work_min_ms=12.687 work_max_ms=32.683
[HOOK_TAIL_SUMMARY] label=mpi:ring steps=390 tail_total_ms=43399.422 tail_mean_ms=111.281 tail_min_ms=109.135 tail_max_ms=147.541
[Epoch 9] Hook timing summary done

[Epoch 10] Training... (lr at epoch start=0.002447)
  Batch [50/390] Loss: 1.2701, Acc: 47.00%, lr: 0.001864
  Batch [100/390] Loss: 1.3504, Acc: 45.25%, lr: 0.001358
  Batch [150/390] Loss: 1.2903, Acc: 50.00%, lr: 0.000931
  Batch [200/390] Loss: 1.2531, Acc: 51.12%, lr: 0.000584
  Batch [250/390] Loss: 1.2524, Acc: 52.30%, lr: 0.000318
  Batch [300/390] Loss: 1.2532, Acc: 52.83%, lr: 0.000131
  Batch [350/390] Loss: 1.2560, Acc: 53.43%, lr: 0.000026
[Epoch 10] Train Loss: 1.2679, Acc: 53.21%  |  Val Loss: 1.1986, Acc: 56.69%  |  Time: 64.6s
[Epoch 10] t_iter median: 131.77 ms  (fwd 6.96 | bwd+comm 121.41 | opt 3.33 | data 0.11)  |  train-only epoch: 51.8s
  -> Best model saved (56.69%)
[Epoch 10] Summarizing hook timing...

[HOOK_TIMING_SUMMARY] epoch=10
[HOOK_WORK_SUMMARY] label=mpi:ring calls=3120 work_total_ms=46671.356 work_mean_ms=14.959 work_min_ms=12.642 work_max_ms=39.782
[HOOK_TAIL_SUMMARY] label=mpi:ring steps=390 tail_total_ms=43116.001 tail_mean_ms=110.554 tail_min_ms=108.656 tail_max_ms=148.802
[Epoch 10] Hook timing summary done

================================================================================
Done in 657.3s | Best val acc: 56.69%
Epoch times (train+val): mean=64.8s  min=64.5s  max=65.2s
Train-only epoch time (epochs 2..N): median=51.81s  min=51.65s  max=51.96s
  -> use this for STRONG scaling (fixed global batch)
  -> use t_iter_median_ms from the CSV for WEAK scaling (fixed local batch)
================================================================================
=== Finished training: model=wide_resnet50_2, dataset=cifar10, batch=4, lr=0.1, scheduler=cosine, backend=mpi, hook=ring, zfp_rate=none, status=0 at Wed Jul 22 09:38:03 AM UTC 2026 ===
=== Starting training: model=wide_resnet50_2, dataset=cifar10, batch=4, lr=0.1, scheduler=cosine, backend=mpi, hook=ring_zfp_naive, zfp_rate=16 at Wed Jul 22 09:38:03 AM UTC 2026 ===

================================================================================
DISTRIBUTED TRAINING LAUNCHER
================================================================================
  Model:      wide_resnet50_2 (CIFAR stem) (from scratch)
  Dataset:    cifar10 (10 classes)
  Image size: 32
  LR:         0.1
  Momentum:   0.9 (nesterov=True)
  Optimizer:  sgd
  Weight dec: 0.0005 (on BN/bias=False)
  Backend:    mpi
  Algorithm:  ring_zfp_naive
  ZFP rate:   16
  Epochs:     10
  Batch/rank: 4
  LR:         0.1
  Scheduler:  cosine
  Warmup:     0
  Grad clip:  None
  Drop last:  True
  Data dir:   ./data
================================================================================


================================================================================
Distributed Training: WIDE_RESNET50_2 on CIFAR10
Backend: MPI, Algorithm: ring_zfp_naive
================================================================================
Ranks: 32, Epochs: 10, Batch/rank: 4, Effective batch: 128
LR: 0.1, Device: cuda:0

[Cache] Pretrained weights cache (TORCH_HOME) = ./data/pretrained_weights_cache
[Setup] Model on cuda:0, wrapped in DDP (static_graph=True)
[Setup] Hook registered: mpi/ring_zfp_naive
[Optim] SGD: lr=0.1 momentum=0.9 nesterov=True wd=0.0005 wd_on_bn_bias=False
[Optim]   group 0: 66,778,816 params, wd=0.0005
[Optim]   group 1: 68,234 params, wd=0.0

================================================================================
DISTRIBUTED TRAINING LAUNCHER
================================================================================
  Model:      wide_resnet50_2 (CIFAR stem) (from scratch)
  Dataset:    cifar10 (10 classes)
  Image size: 32
  LR:         0.1
  Momentum:   0.9 (nesterov=True)
  Optimizer:  sgd
  Weight dec: 0.0005 (on BN/bias=False)
  Backend:    mpi
  Algorithm:  ring_zfp_naive
  ZFP rate:   16
  Epochs:     10
  Batch/rank: 4
  LR:         0.1
  Scheduler:  cosine
  Warmup:     0
  Grad clip:  None
  Drop last:  True
  Data dir:   ./data
================================================================================


================================================================================
DISTRIBUTED TRAINING LAUNCHER
================================================================================
  Model:      wide_resnet50_2 (CIFAR stem) (from scratch)
  Dataset:    cifar10 (10 classes)
  Image size: 32
  LR:         0.1
  Momentum:   0.9 (nesterov=True)
  Optimizer:  sgd
  Weight dec: 0.0005 (on BN/bias=False)
  Backend:    mpi
  Algorithm:  ring_zfp_naive
  ZFP rate:   16
  Epochs:     10
  Batch/rank: 4
  LR:         0.1
  Scheduler:  cosine
  Warmup:     0
  Grad clip:  None
  Drop last:  True
  Data dir:   ./data
================================================================================


================================================================================
DISTRIBUTED TRAINING LAUNCHER
================================================================================
  Model:      wide_resnet50_2 (CIFAR stem) (from scratch)
  Dataset:    cifar10 (10 classes)
  Image size: 32
  LR:         0.1
  Momentum:   0.9 (nesterov=True)
  Optimizer:  sgd
  Weight dec: 0.0005 (on BN/bias=False)
  Backend:    mpi
  Algorithm:  ring_zfp_naive
  ZFP rate:   16
  Epochs:     10
  Batch/rank: 4
  LR:         0.1
  Scheduler:  cosine
  Warmup:     0
  Grad clip:  None
  Drop last:  True
  Data dir:   ./data
================================================================================


================================================================================
DISTRIBUTED TRAINING LAUNCHER
================================================================================
  Model:      wide_resnet50_2 (CIFAR stem) (from scratch)
  Dataset:    cifar10 (10 classes)
  Image size: 32
  LR:         0.1
  Momentum:   0.9 (nesterov=True)
  Optimizer:  sgd
  Weight dec: 0.0005 (on BN/bias=False)
  Backend:    mpi
  Algorithm:  ring_zfp_naive
  ZFP rate:   16
  Epochs:     10
  Batch/rank: 4
  LR:         0.1
  Scheduler:  cosine
  Warmup:     0
  Grad clip:  None
  Drop last:  True
  Data dir:   ./data
================================================================================


================================================================================
DISTRIBUTED TRAINING LAUNCHER
================================================================================
  Model:      wide_resnet50_2 (CIFAR stem) (from scratch)
  Dataset:    cifar10 (10 classes)
  Image size: 32
  LR:         0.1
  Momentum:   0.9 (nesterov=True)
  Optimizer:  sgd
  Weight dec: 0.0005 (on BN/bias=False)
  Backend:    mpi
  Algorithm:  ring_zfp_naive
  ZFP rate:   16
  Epochs:     10
  Batch/rank: 4
  LR:         0.1
  Scheduler:  cosine
  Warmup:     0
  Grad clip:  None
  Drop last:  True
  Data dir:   ./data
================================================================================


================================================================================
DISTRIBUTED TRAINING LAUNCHER
================================================================================
  Model:      wide_resnet50_2 (CIFAR stem) (from scratch)
  Dataset:    cifar10 (10 classes)
  Image size: 32
  LR:         0.1
  Momentum:   0.9 (nesterov=True)
  Optimizer:  sgd
  Weight dec: 0.0005 (on BN/bias=False)
  Backend:    mpi
  Algorithm:  ring_zfp_naive
  ZFP rate:   16
  Epochs:     10
  Batch/rank: 4
  LR:         0.1
  Scheduler:  cosine
  Warmup:     0
  Grad clip:  None
  Drop last:  True
  Data dir:   ./data
================================================================================


================================================================================
DISTRIBUTED TRAINING LAUNCHER
================================================================================
  Model:      wide_resnet50_2 (CIFAR stem) (from scratch)
  Dataset:    cifar10 (10 classes)
  Image size: 32
  LR:         0.1
  Momentum:   0.9 (nesterov=True)
  Optimizer:  sgd
  Weight dec: 0.0005 (on BN/bias=False)
  Backend:    mpi
  Algorithm:  ring_zfp_naive
  ZFP rate:   16
  Epochs:     10
  Batch/rank: 4
  LR:         0.1
  Scheduler:  cosine
  Warmup:     0
  Grad clip:  None
  Drop last:  True
  Data dir:   ./data
================================================================================


================================================================================
DISTRIBUTED TRAINING LAUNCHER
================================================================================
  Model:      wide_resnet50_2 (CIFAR stem) (from scratch)
  Dataset:    cifar10 (10 classes)
  Image size: 32
  LR:         0.1
  Momentum:   0.9 (nesterov=True)
  Optimizer:  sgd
  Weight dec: 0.0005 (on BN/bias=False)
  Backend:    mpi
  Algorithm:  ring_zfp_naive
  ZFP rate:   16
  Epochs:     10
  Batch/rank: 4
  LR:         0.1
  Scheduler:  cosine
  Warmup:     0
  Grad clip:  None
  Drop last:  True
  Data dir:   ./data
================================================================================


================================================================================
DISTRIBUTED TRAINING LAUNCHER
================================================================================
  Model:      wide_resnet50_2 (CIFAR stem) (from scratch)
  Dataset:    cifar10 (10 classes)
  Image size: 32
  LR:         0.1
  Momentum:   0.9 (nesterov=True)
  Optimizer:  sgd
  Weight dec: 0.0005 (on BN/bias=False)
  Backend:    mpi
  Algorithm:  ring_zfp_naive
  ZFP rate:   16
  Epochs:     10
  Batch/rank: 4
  LR:         0.1
  Scheduler:  cosine
  Warmup:     0
  Grad clip:  None
  Drop last:  True
  Data dir:   ./data
================================================================================


================================================================================
DISTRIBUTED TRAINING LAUNCHER
================================================================================
  Model:      wide_resnet50_2 (CIFAR stem) (from scratch)
  Dataset:    cifar10 (10 classes)
  Image size: 32
  LR:         0.1
  Momentum:   0.9 (nesterov=True)
  Optimizer:  sgd
  Weight dec: 0.0005 (on BN/bias=False)
  Backend:    mpi
  Algorithm:  ring_zfp_naive
  ZFP rate:   16
  Epochs:     10
  Batch/rank: 4
  LR:         0.1
  Scheduler:  cosine
  Warmup:     0
  Grad clip:  None
  Drop last:  True
  Data dir:   ./data
================================================================================


================================================================================
DISTRIBUTED TRAINING LAUNCHER
================================================================================
  Model:      wide_resnet50_2 (CIFAR stem) (from scratch)
  Dataset:    cifar10 (10 classes)
  Image size: 32
  LR:         0.1
  Momentum:   0.9 (nesterov=True)
  Optimizer:  sgd
  Weight dec: 0.0005 (on BN/bias=False)
  Backend:    mpi
  Algorithm:  ring_zfp_naive
  ZFP rate:   16
  Epochs:     10
  Batch/rank: 4
  LR:         0.1
  Scheduler:  cosine
  Warmup:     0
  Grad clip:  None
  Drop last:  True
  Data dir:   ./data
================================================================================


================================================================================
DISTRIBUTED TRAINING LAUNCHER
================================================================================
  Model:      wide_resnet50_2 (CIFAR stem) (from scratch)
  Dataset:    cifar10 (10 classes)
  Image size: 32
  LR:         0.1
  Momentum:   0.9 (nesterov=True)
  Optimizer:  sgd
  Weight dec: 0.0005 (on BN/bias=False)
  Backend:    mpi
  Algorithm:  ring_zfp_naive
  ZFP rate:   16
  Epochs:     10
  Batch/rank: 4
  LR:         0.1
  Scheduler:  cosine
  Warmup:     0
  Grad clip:  None
  Drop last:  True
  Data dir:   ./data
================================================================================


================================================================================
DISTRIBUTED TRAINING LAUNCHER
================================================================================
  Model:      wide_resnet50_2 (CIFAR stem) (from scratch)
  Dataset:    cifar10 (10 classes)
  Image size: 32
  LR:         0.1
  Momentum:   0.9 (nesterov=True)
  Optimizer:  sgd
  Weight dec: 0.0005 (on BN/bias=False)
  Backend:    mpi
  Algorithm:  ring_zfp_naive
  ZFP rate:   16
  Epochs:     10
  Batch/rank: 4
  LR:         0.1
  Scheduler:  cosine
  Warmup:     0
  Grad clip:  None
  Drop last:  True
  Data dir:   ./data
================================================================================


================================================================================
DISTRIBUTED TRAINING LAUNCHER
================================================================================
  Model:      wide_resnet50_2 (CIFAR stem) (from scratch)
  Dataset:    cifar10 (10 classes)
  Image size: 32
  LR:         0.1
  Momentum:   0.9 (nesterov=True)
  Optimizer:  sgd
  Weight dec: 0.0005 (on BN/bias=False)
  Backend:    mpi
  Algorithm:  ring_zfp_naive
  ZFP rate:   16
  Epochs:     10
  Batch/rank: 4
  LR:         0.1
  Scheduler:  cosine
  Warmup:     0
  Grad clip:  None
  Drop last:  True
  Data dir:   ./data
================================================================================


================================================================================
DISTRIBUTED TRAINING LAUNCHER
================================================================================
  Model:      wide_resnet50_2 (CIFAR stem) (from scratch)
  Dataset:    cifar10 (10 classes)
  Image size: 32
  LR:         0.1
  Momentum:   0.9 (nesterov=True)
  Optimizer:  sgd
  Weight dec: 0.0005 (on BN/bias=False)
  Backend:    mpi
  Algorithm:  ring_zfp_naive
  ZFP rate:   16
  Epochs:     10
  Batch/rank: 4
  LR:         0.1
  Scheduler:  cosine
  Warmup:     0
  Grad clip:  None
  Drop last:  True
  Data dir:   ./data
================================================================================


================================================================================
DISTRIBUTED TRAINING LAUNCHER
================================================================================
  Model:      wide_resnet50_2 (CIFAR stem) (from scratch)
  Dataset:    cifar10 (10 classes)
  Image size: 32
  LR:         0.1
  Momentum:   0.9 (nesterov=True)
  Optimizer:  sgd
  Weight dec: 0.0005 (on BN/bias=False)
  Backend:    mpi
  Algorithm:  ring_zfp_naive
  ZFP rate:   16
  Epochs:     10
  Batch/rank: 4
  LR:         0.1
  Scheduler:  cosine
  Warmup:     0
  Grad clip:  None
  Drop last:  True
  Data dir:   ./data
================================================================================


================================================================================
DISTRIBUTED TRAINING LAUNCHER
================================================================================
  Model:      wide_resnet50_2 (CIFAR stem) (from scratch)
  Dataset:    cifar10 (10 classes)
  Image size: 32
  LR:         0.1
  Momentum:   0.9 (nesterov=True)
  Optimizer:  sgd
  Weight dec: 0.0005 (on BN/bias=False)
  Backend:    mpi
  Algorithm:  ring_zfp_naive
  ZFP rate:   16
  Epochs:     10
  Batch/rank: 4
  LR:         0.1
  Scheduler:  cosine
  Warmup:     0
  Grad clip:  None
  Drop last:  True
  Data dir:   ./data
================================================================================


================================================================================
DISTRIBUTED TRAINING LAUNCHER
================================================================================
  Model:      wide_resnet50_2 (CIFAR stem) (from scratch)
  Dataset:    cifar10 (10 classes)
  Image size: 32
  LR:         0.1
  Momentum:   0.9 (nesterov=True)
  Optimizer:  sgd
  Weight dec: 0.0005 (on BN/bias=False)
  Backend:    mpi
  Algorithm:  ring_zfp_naive
  ZFP rate:   16
  Epochs:     10
  Batch/rank: 4
  LR:         0.1
  Scheduler:  cosine
  Warmup:     0
  Grad clip:  None
  Drop last:  True
  Data dir:   ./data
================================================================================


================================================================================
DISTRIBUTED TRAINING LAUNCHER
================================================================================
  Model:      wide_resnet50_2 (CIFAR stem) (from scratch)
  Dataset:    cifar10 (10 classes)
  Image size: 32
  LR:         0.1
  Momentum:   0.9 (nesterov=True)
  Optimizer:  sgd
  Weight dec: 0.0005 (on BN/bias=False)
  Backend:    mpi
  Algorithm:  ring_zfp_naive
  ZFP rate:   16
  Epochs:     10
  Batch/rank: 4
  LR:         0.1
  Scheduler:  cosine
  Warmup:     0
  Grad clip:  None
  Drop last:  True
  Data dir:   ./data
================================================================================


================================================================================
DISTRIBUTED TRAINING LAUNCHER
================================================================================
  Model:      wide_resnet50_2 (CIFAR stem) (from scratch)
  Dataset:    cifar10 (10 classes)
  Image size: 32
  LR:         0.1
  Momentum:   0.9 (nesterov=True)
  Optimizer:  sgd
  Weight dec: 0.0005 (on BN/bias=False)
  Backend:    mpi
  Algorithm:  ring_zfp_naive
  ZFP rate:   16
  Epochs:     10
  Batch/rank: 4
  LR:         0.1
  Scheduler:  cosine
  Warmup:     0
  Grad clip:  None
  Drop last:  True
  Data dir:   ./data
================================================================================

[Data] Train batches: 390, Val batches: 2500


================================================================================
DISTRIBUTED TRAINING LAUNCHER
================================================================================
  Model:      wide_resnet50_2 (CIFAR stem) (from scratch)
  Dataset:    cifar10 (10 classes)
  Image size: 32
  LR:         0.1
  Momentum:   0.9 (nesterov=True)
  Optimizer:  sgd
  Weight dec: 0.0005 (on BN/bias=False)
  Backend:    mpi
  Algorithm:  ring_zfp_naive
  ZFP rate:   16
  Epochs:     10
  Batch/rank: 4
  LR:         0.1
  Scheduler:  cosine
  Warmup:     0
  Grad clip:  None
  Drop last:  True
  Data dir:   ./data
================================================================================

[Sched] cosine: steps/epoch=390, total_steps=3900, warmup_steps=0 (0 epochs)


================================================================================
DISTRIBUTED TRAINING LAUNCHER
================================================================================
  Model:      wide_resnet50_2 (CIFAR stem) (from scratch)
  Dataset:    cifar10 (10 classes)
  Image size: 32
  LR:         0.1
  Momentum:   0.9 (nesterov=True)
  Optimizer:  sgd
  Weight dec: 0.0005 (on BN/bias=False)
  Backend:    mpi
  Algorithm:  ring_zfp_naive
  ZFP rate:   16
  Epochs:     10
  Batch/rank: 4
  LR:         0.1
  Scheduler:  cosine
  Warmup:     0
  Grad clip:  None
  Drop last:  True
  Data dir:   ./data
================================================================================


[Epoch 1] Training... (lr at epoch start=0.100000)

================================================================================
DISTRIBUTED TRAINING LAUNCHER
================================================================================
  Model:      wide_resnet50_2 (CIFAR stem) (from scratch)
  Dataset:    cifar10 (10 classes)
  Image size: 32
  LR:         0.1
  Momentum:   0.9 (nesterov=True)
  Optimizer:  sgd
  Weight dec: 0.0005 (on BN/bias=False)
  Backend:    mpi
  Algorithm:  ring_zfp_naive
  ZFP rate:   16
  Epochs:     10
  Batch/rank: 4
  LR:         0.1
  Scheduler:  cosine
  Warmup:     0
  Grad clip:  None
  Drop last:  True
  Data dir:   ./data
================================================================================


================================================================================
DISTRIBUTED TRAINING LAUNCHER
================================================================================
  Model:      wide_resnet50_2 (CIFAR stem) (from scratch)
  Dataset:    cifar10 (10 classes)
  Image size: 32
  LR:         0.1
  Momentum:   0.9 (nesterov=True)
  Optimizer:  sgd
  Weight dec: 0.0005 (on BN/bias=False)
  Backend:    mpi
  Algorithm:  ring_zfp_naive
  ZFP rate:   16
  Epochs:     10
  Batch/rank: 4
  LR:         0.1
  Scheduler:  cosine
  Warmup:     0
  Grad clip:  None
  Drop last:  True
  Data dir:   ./data
================================================================================


================================================================================
DISTRIBUTED TRAINING LAUNCHER
================================================================================
  Model:      wide_resnet50_2 (CIFAR stem) (from scratch)
  Dataset:    cifar10 (10 classes)
  Image size: 32
  LR:         0.1
  Momentum:   0.9 (nesterov=True)
  Optimizer:  sgd
  Weight dec: 0.0005 (on BN/bias=False)
  Backend:    mpi
  Algorithm:  ring_zfp_naive
  ZFP rate:   16
  Epochs:     10
  Batch/rank: 4
  LR:         0.1
  Scheduler:  cosine
  Warmup:     0
  Grad clip:  None
  Drop last:  True
  Data dir:   ./data
================================================================================


================================================================================
DISTRIBUTED TRAINING LAUNCHER
================================================================================
  Model:      wide_resnet50_2 (CIFAR stem) (from scratch)
  Dataset:    cifar10 (10 classes)
  Image size: 32
  LR:         0.1
  Momentum:   0.9 (nesterov=True)
  Optimizer:  sgd
  Weight dec: 0.0005 (on BN/bias=False)
  Backend:    mpi
  Algorithm:  ring_zfp_naive
  ZFP rate:   16
  Epochs:     10
  Batch/rank: 4
  LR:         0.1
  Scheduler:  cosine
  Warmup:     0
  Grad clip:  None
  Drop last:  True
  Data dir:   ./data
================================================================================


================================================================================
DISTRIBUTED TRAINING LAUNCHER
================================================================================
  Model:      wide_resnet50_2 (CIFAR stem) (from scratch)
  Dataset:    cifar10 (10 classes)
  Image size: 32
  LR:         0.1
  Momentum:   0.9 (nesterov=True)
  Optimizer:  sgd
  Weight dec: 0.0005 (on BN/bias=False)
  Backend:    mpi
  Algorithm:  ring_zfp_naive
  ZFP rate:   16
  Epochs:     10
  Batch/rank: 4
  LR:         0.1
  Scheduler:  cosine
  Warmup:     0
  Grad clip:  None
  Drop last:  True
  Data dir:   ./data
================================================================================


================================================================================
DISTRIBUTED TRAINING LAUNCHER
================================================================================
  Model:      wide_resnet50_2 (CIFAR stem) (from scratch)
  Dataset:    cifar10 (10 classes)
  Image size: 32
  LR:         0.1
  Momentum:   0.9 (nesterov=True)
  Optimizer:  sgd
  Weight dec: 0.0005 (on BN/bias=False)
  Backend:    mpi
  Algorithm:  ring_zfp_naive
  ZFP rate:   16
  Epochs:     10
  Batch/rank: 4
  LR:         0.1
  Scheduler:  cosine
  Warmup:     0
  Grad clip:  None
  Drop last:  True
  Data dir:   ./data
================================================================================


================================================================================
DISTRIBUTED TRAINING LAUNCHER
================================================================================
  Model:      wide_resnet50_2 (CIFAR stem) (from scratch)
  Dataset:    cifar10 (10 classes)
  Image size: 32
  LR:         0.1
  Momentum:   0.9 (nesterov=True)
  Optimizer:  sgd
  Weight dec: 0.0005 (on BN/bias=False)
  Backend:    mpi
  Algorithm:  ring_zfp_naive
  ZFP rate:   16
  Epochs:     10
  Batch/rank: 4
  LR:         0.1
  Scheduler:  cosine
  Warmup:     0
  Grad clip:  None
  Drop last:  True
  Data dir:   ./data
================================================================================


================================================================================
DISTRIBUTED TRAINING LAUNCHER
================================================================================
  Model:      wide_resnet50_2 (CIFAR stem) (from scratch)
  Dataset:    cifar10 (10 classes)
  Image size: 32
  LR:         0.1
  Momentum:   0.9 (nesterov=True)
  Optimizer:  sgd
  Weight dec: 0.0005 (on BN/bias=False)
  Backend:    mpi
  Algorithm:  ring_zfp_naive
  ZFP rate:   16
  Epochs:     10
  Batch/rank: 4
  LR:         0.1
  Scheduler:  cosine
  Warmup:     0
  Grad clip:  None
  Drop last:  True
  Data dir:   ./data
================================================================================


================================================================================
DISTRIBUTED TRAINING LAUNCHER
================================================================================
  Model:      wide_resnet50_2 (CIFAR stem) (from scratch)
  Dataset:    cifar10 (10 classes)
  Image size: 32
  LR:         0.1
  Momentum:   0.9 (nesterov=True)
  Optimizer:  sgd
  Weight dec: 0.0005 (on BN/bias=False)
  Backend:    mpi
  Algorithm:  ring_zfp_naive
  ZFP rate:   16
  Epochs:     10
  Batch/rank: 4
  LR:         0.1
  Scheduler:  cosine
  Warmup:     0
  Grad clip:  None
  Drop last:  True
  Data dir:   ./data
================================================================================

  Batch [50/390] Loss: 17.0474, Acc: 6.00%, lr: 0.099959
  Batch [100/390] Loss: 9.6904, Acc: 7.50%, lr: 0.099838
  Batch [150/390] Loss: 7.2381, Acc: 8.33%, lr: 0.099635
  Batch [200/390] Loss: 6.0062, Acc: 9.62%, lr: 0.099353
  Batch [250/390] Loss: 5.2657, Acc: 9.90%, lr: 0.098990
  Batch [300/390] Loss: 4.7713, Acc: 9.92%, lr: 0.098547
  Batch [350/390] Loss: 4.4198, Acc: 10.21%, lr: 0.098026
[Epoch 1] Train Loss: 4.2033, Acc: 10.13%  |  Val Loss: 2.3046, Acc: 10.02%  |  Time: 104.5s
[Epoch 1] t_iter median: 232.92 ms  (fwd 6.89 | bwd+comm 222.60 | opt 3.28 | data 0.07)  |  train-only epoch: 91.8s
  -> Best model saved (10.02%)
[Epoch 1] Summarizing hook timing...

[HOOK_TIMING_SUMMARY] epoch=1
[HOOK_WORK_SUMMARY] label=mpi:ring_zfp_naive:rate16 calls=3106 work_total_ms=86179.826 work_mean_ms=27.746 work_min_ms=22.577 work_max_ms=101.179
[HOOK_TAIL_SUMMARY] label=mpi:ring_zfp_naive:rate16 steps=391 tail_total_ms=82512.194 tail_mean_ms=211.029 tail_min_ms=38.481 tail_max_ms=252.360
[Epoch 1] Hook timing summary done

[Epoch 2] Training... (lr at epoch start=0.097553)
  Batch [50/390] Loss: 2.3199, Acc: 10.00%, lr: 0.096892
  Batch [100/390] Loss: 2.3172, Acc: 10.25%, lr: 0.096155
  Batch [150/390] Loss: 2.3162, Acc: 10.67%, lr: 0.095344
  Batch [200/390] Loss: 2.3165, Acc: 10.38%, lr: 0.094459
  Batch [250/390] Loss: 2.3137, Acc: 10.50%, lr: 0.093501
  Batch [300/390] Loss: 2.3112, Acc: 10.75%, lr: 0.092473
  Batch [350/390] Loss: 2.3112, Acc: 10.86%, lr: 0.091377
[Epoch 2] Train Loss: 2.3101, Acc: 11.28%  |  Val Loss: 2.3101, Acc: 10.00%  |  Time: 104.1s
[Epoch 2] t_iter median: 232.67 ms  (fwd 6.82 | bwd+comm 222.23 | opt 3.52 | data 0.11)  |  train-only epoch: 91.2s
[Epoch 2] Summarizing hook timing...

[HOOK_TIMING_SUMMARY] epoch=2
[HOOK_WORK_SUMMARY] label=mpi:ring_zfp_naive:rate16 calls=3120 work_total_ms=86241.824 work_mean_ms=27.642 work_min_ms=21.836 work_max_ms=63.003
[HOOK_TAIL_SUMMARY] label=mpi:ring_zfp_naive:rate16 steps=390 tail_total_ms=82549.524 tail_mean_ms=211.665 tail_min_ms=209.148 tail_max_ms=249.133
[Epoch 2] Hook timing summary done

[Epoch 3] Training... (lr at epoch start=0.090451)
  Batch [50/390] Loss: 2.2973, Acc: 11.00%, lr: 0.089235
  Batch [100/390] Loss: 2.3012, Acc: 11.75%, lr: 0.087955
  Batch [150/390] Loss: 2.3045, Acc: 11.17%, lr: 0.086613
  Batch [200/390] Loss: 2.2981, Acc: 11.50%, lr: 0.085213
  Batch [250/390] Loss: 2.2956, Acc: 11.90%, lr: 0.083755
  Batch [300/390] Loss: 2.2966, Acc: 11.42%, lr: 0.082242
  Batch [350/390] Loss: 2.2960, Acc: 11.29%, lr: 0.080677
[Epoch 3] Train Loss: 2.2960, Acc: 11.28%  |  Val Loss: 2.3052, Acc: 10.01%  |  Time: 104.0s
[Epoch 3] t_iter median: 232.79 ms  (fwd 6.89 | bwd+comm 222.34 | opt 3.39 | data 0.07)  |  train-only epoch: 91.3s
[Epoch 3] Summarizing hook timing...

[HOOK_TIMING_SUMMARY] epoch=3
[HOOK_WORK_SUMMARY] label=mpi:ring_zfp_naive:rate16 calls=3120 work_total_ms=86283.344 work_mean_ms=27.655 work_min_ms=23.186 work_max_ms=70.164
[HOOK_TAIL_SUMMARY] label=mpi:ring_zfp_naive:rate16 steps=390 tail_total_ms=82567.986 tail_mean_ms=211.713 tail_min_ms=208.916 tail_max_ms=253.222
[Epoch 3] Hook timing summary done

[Epoch 4] Training... (lr at epoch start=0.079389)
  Batch [50/390] Loss: 2.3082, Acc: 11.00%, lr: 0.077737
  Batch [100/390] Loss: 2.3054, Acc: 10.00%, lr: 0.076039
  Batch [150/390] Loss: 2.3016, Acc: 10.83%, lr: 0.074299
  Batch [200/390] Loss: 2.3127, Acc: 10.75%, lr: 0.072520
  Batch [250/390] Loss: 2.3122, Acc: 10.40%, lr: 0.070704
  Batch [300/390] Loss: 2.3066, Acc: 10.25%, lr: 0.068855
  Batch [350/390] Loss: 2.3047, Acc: 10.43%, lr: 0.066975
[Epoch 4] Train Loss: 2.3037, Acc: 10.26%  |  Val Loss: 2.3159, Acc: 10.11%  |  Time: 103.9s
[Epoch 4] t_iter median: 232.17 ms  (fwd 6.88 | bwd+comm 221.64 | opt 3.52 | data 0.08)  |  train-only epoch: 91.0s
  -> Best model saved (10.11%)
[Epoch 4] Summarizing hook timing...

[HOOK_TIMING_SUMMARY] epoch=4
[HOOK_WORK_SUMMARY] label=mpi:ring_zfp_naive:rate16 calls=3120 work_total_ms=86019.317 work_mean_ms=27.570 work_min_ms=23.006 work_max_ms=66.577
[HOOK_TAIL_SUMMARY] label=mpi:ring_zfp_naive:rate16 steps=390 tail_total_ms=82285.117 tail_mean_ms=210.987 tail_min_ms=208.327 tail_max_ms=249.671
[Epoch 4] Hook timing summary done

[Epoch 5] Training... (lr at epoch start=0.065451)
  Batch [50/390] Loss: 2.2948, Acc: 9.00%, lr: 0.063524
  Batch [100/390] Loss: 2.2985, Acc: 10.75%, lr: 0.061574
  Batch [150/390] Loss: 2.2843, Acc: 11.83%, lr: 0.059606
  Batch [200/390] Loss: 2.2870, Acc: 11.50%, lr: 0.057623
  Batch [250/390] Loss: 2.2829, Acc: 12.00%, lr: 0.055627
  Batch [300/390] Loss: 2.2837, Acc: 11.83%, lr: 0.053622
  Batch [350/390] Loss: 2.2837, Acc: 11.86%, lr: 0.051611
[Epoch 5] Train Loss: 2.2800, Acc: 12.31%  |  Val Loss: 2.3134, Acc: 10.95%  |  Time: 104.0s
[Epoch 5] t_iter median: 232.26 ms  (fwd 6.79 | bwd+comm 222.07 | opt 3.29 | data 0.07)  |  train-only epoch: 91.1s
  -> Best model saved (10.95%)
[Epoch 5] Summarizing hook timing...

[HOOK_TIMING_SUMMARY] epoch=5
[HOOK_WORK_SUMMARY] label=mpi:ring_zfp_naive:rate16 calls=3120 work_total_ms=86172.793 work_mean_ms=27.619 work_min_ms=21.772 work_max_ms=63.111
[HOOK_TAIL_SUMMARY] label=mpi:ring_zfp_naive:rate16 steps=390 tail_total_ms=82422.509 tail_mean_ms=211.340 tail_min_ms=202.993 tail_max_ms=253.846
[Epoch 5] Hook timing summary done

[Epoch 6] Training... (lr at epoch start=0.050000)
  Batch [50/390] Loss: 2.2683, Acc: 14.00%, lr: 0.047987
  Batch [100/390] Loss: 2.2767, Acc: 11.75%, lr: 0.045977
  Batch [150/390] Loss: 2.2685, Acc: 13.00%, lr: 0.043973
  Batch [200/390] Loss: 2.2510, Acc: 14.25%, lr: 0.041979
  Batch [250/390] Loss: 2.2253, Acc: 14.30%, lr: 0.039999
  Batch [300/390] Loss: 2.2108, Acc: 14.67%, lr: 0.038034
  Batch [350/390] Loss: 2.2010, Acc: 14.86%, lr: 0.036089
[Epoch 6] Train Loss: 2.1880, Acc: 15.38%  |  Val Loss: 2.2649, Acc: 15.41%  |  Time: 104.1s
[Epoch 6] t_iter median: 232.77 ms  (fwd 6.87 | bwd+comm 222.27 | opt 3.51 | data 0.11)  |  train-only epoch: 91.3s
  -> Best model saved (15.41%)
[Epoch 6] Summarizing hook timing...

[HOOK_TIMING_SUMMARY] epoch=6
[HOOK_WORK_SUMMARY] label=mpi:ring_zfp_naive:rate16 calls=3120 work_total_ms=86283.766 work_mean_ms=27.655 work_min_ms=22.490 work_max_ms=61.087
[HOOK_TAIL_SUMMARY] label=mpi:ring_zfp_naive:rate16 steps=390 tail_total_ms=82578.670 tail_mean_ms=211.740 tail_min_ms=208.913 tail_max_ms=254.124
[Epoch 6] Hook timing summary done

[Epoch 7] Training... (lr at epoch start=0.034549)
  Batch [50/390] Loss: 2.0379, Acc: 21.50%, lr: 0.032647
  Batch [100/390] Loss: 2.0347, Acc: 22.00%, lr: 0.030773
  Batch [150/390] Loss: 2.0448, Acc: 21.17%, lr: 0.028930
  Batch [200/390] Loss: 2.0406, Acc: 20.25%, lr: 0.027121
  Batch [250/390] Loss: 2.0382, Acc: 20.30%, lr: 0.025350
  Batch [300/390] Loss: 2.0430, Acc: 20.75%, lr: 0.023618
  Batch [350/390] Loss: 2.0411, Acc: 21.07%, lr: 0.021929
[Epoch 7] Train Loss: 2.0283, Acc: 21.41%  |  Val Loss: 1.8976, Acc: 23.84%  |  Time: 104.2s
[Epoch 7] t_iter median: 232.22 ms  (fwd 6.85 | bwd+comm 221.87 | opt 3.45 | data 0.07)  |  train-only epoch: 91.1s
  -> Best model saved (23.84%)
[Epoch 7] Summarizing hook timing...

[HOOK_TIMING_SUMMARY] epoch=7
[HOOK_WORK_SUMMARY] label=mpi:ring_zfp_naive:rate16 calls=3120 work_total_ms=86213.262 work_mean_ms=27.632 work_min_ms=22.060 work_max_ms=75.654
[HOOK_TAIL_SUMMARY] label=mpi:ring_zfp_naive:rate16 steps=390 tail_total_ms=82598.417 tail_mean_ms=211.791 tail_min_ms=208.765 tail_max_ms=259.789
[Epoch 7] Hook timing summary done

[Epoch 8] Training... (lr at epoch start=0.020611)
  Batch [50/390] Loss: 1.9822, Acc: 23.50%, lr: 0.019006
  Batch [100/390] Loss: 1.9609, Acc: 26.25%, lr: 0.017451
  Batch [150/390] Loss: 1.9314, Acc: 26.50%, lr: 0.015949
  Batch [200/390] Loss: 1.9310, Acc: 27.00%, lr: 0.014503
  Batch [250/390] Loss: 1.9008, Acc: 28.30%, lr: 0.013113
  Batch [300/390] Loss: 1.8745, Acc: 29.08%, lr: 0.011784
  Batch [350/390] Loss: 1.8807, Acc: 28.79%, lr: 0.010517
[Epoch 8] Train Loss: 1.8697, Acc: 29.42%  |  Val Loss: 1.6637, Acc: 36.17%  |  Time: 103.7s
[Epoch 8] t_iter median: 232.40 ms  (fwd 6.87 | bwd+comm 222.02 | opt 3.51 | data 0.07)  |  train-only epoch: 91.1s
  -> Best model saved (36.17%)
[Epoch 8] Summarizing hook timing...

[HOOK_TIMING_SUMMARY] epoch=8
[HOOK_WORK_SUMMARY] label=mpi:ring_zfp_naive:rate16 calls=3120 work_total_ms=86204.275 work_mean_ms=27.630 work_min_ms=21.816 work_max_ms=54.417
[HOOK_TAIL_SUMMARY] label=mpi:ring_zfp_naive:rate16 steps=390 tail_total_ms=82570.981 tail_mean_ms=211.720 tail_min_ms=208.659 tail_max_ms=245.706
[Epoch 8] Hook timing summary done

[Epoch 9] Training... (lr at epoch start=0.009549)
  Batch [50/390] Loss: 1.7584, Acc: 33.50%, lr: 0.008399
  Batch [100/390] Loss: 1.7887, Acc: 33.75%, lr: 0.007315
  Batch [150/390] Loss: 1.7919, Acc: 32.50%, lr: 0.006302
  Batch [200/390] Loss: 1.7778, Acc: 32.75%, lr: 0.005359
  Batch [250/390] Loss: 1.7601, Acc: 34.40%, lr: 0.004488
  Batch [300/390] Loss: 1.7525, Acc: 34.58%, lr: 0.003691
  Batch [350/390] Loss: 1.7422, Acc: 34.86%, lr: 0.002970
[Epoch 9] Train Loss: 1.7403, Acc: 34.62%  |  Val Loss: 1.5704, Acc: 41.24%  |  Time: 104.2s
[Epoch 9] t_iter median: 232.46 ms  (fwd 6.80 | bwd+comm 222.28 | opt 3.22 | data 0.07)  |  train-only epoch: 91.2s
  -> Best model saved (41.24%)
[Epoch 9] Summarizing hook timing...

[HOOK_TIMING_SUMMARY] epoch=9
[HOOK_WORK_SUMMARY] label=mpi:ring_zfp_naive:rate16 calls=3120 work_total_ms=86422.551 work_mean_ms=27.700 work_min_ms=22.219 work_max_ms=50.194
[HOOK_TAIL_SUMMARY] label=mpi:ring_zfp_naive:rate16 steps=390 tail_total_ms=82888.111 tail_mean_ms=212.534 tail_min_ms=208.760 tail_max_ms=254.290
[Epoch 9] Hook timing summary done

[Epoch 10] Training... (lr at epoch start=0.002447)
  Batch [50/390] Loss: 1.6496, Acc: 32.50%, lr: 0.001864
  Batch [100/390] Loss: 1.6642, Acc: 33.75%, lr: 0.001358
  Batch [150/390] Loss: 1.6332, Acc: 38.00%, lr: 0.000931
  Batch [200/390] Loss: 1.6055, Acc: 38.75%, lr: 0.000584
  Batch [250/390] Loss: 1.6287, Acc: 37.90%, lr: 0.000318
  Batch [300/390] Loss: 1.6296, Acc: 37.75%, lr: 0.000131
  Batch [350/390] Loss: 1.6351, Acc: 37.57%, lr: 0.000026
[Epoch 10] Train Loss: 1.6421, Acc: 37.63%  |  Val Loss: 1.5145, Acc: 44.16%  |  Time: 104.1s
[Epoch 10] t_iter median: 232.62 ms  (fwd 6.90 | bwd+comm 222.09 | opt 3.52 | data 0.11)  |  train-only epoch: 91.2s
  -> Best model saved (44.16%)
[Epoch 10] Summarizing hook timing...

[HOOK_TIMING_SUMMARY] epoch=10
[HOOK_WORK_SUMMARY] label=mpi:ring_zfp_naive:rate16 calls=3120 work_total_ms=86162.234 work_mean_ms=27.616 work_min_ms=21.955 work_max_ms=59.976
[HOOK_TAIL_SUMMARY] label=mpi:ring_zfp_naive:rate16 steps=390 tail_total_ms=82453.147 tail_mean_ms=211.418 tail_min_ms=209.036 tail_max_ms=254.559
[Epoch 10] Hook timing summary done

================================================================================
Done in 1048.9s | Best val acc: 44.16%
Epoch times (train+val): mean=104.1s  min=103.7s  max=104.5s
Train-only epoch time (epochs 2..N): median=91.16s  min=91.05s  max=91.29s
  -> use this for STRONG scaling (fixed global batch)
  -> use t_iter_median_ms from the CSV for WEAK scaling (fixed local batch)
================================================================================
=== Finished training: model=wide_resnet50_2, dataset=cifar10, batch=4, lr=0.1, scheduler=cosine, backend=mpi, hook=ring_zfp_naive, zfp_rate=16, status=0 at Wed Jul 22 09:55:42 AM UTC 2026 ===
=== Starting training: model=wide_resnet50_2, dataset=cifar10, batch=4, lr=0.1, scheduler=cosine, backend=mpi, hook=ring_zfp_online_coll, zfp_rate=16 at Wed Jul 22 09:55:42 AM UTC 2026 ===

================================================================================
DISTRIBUTED TRAINING LAUNCHER
================================================================================
  Model:      wide_resnet50_2 (CIFAR stem) (from scratch)
  Dataset:    cifar10 (10 classes)
  Image size: 32
  LR:         0.1
  Momentum:   0.9 (nesterov=True)
  Optimizer:  sgd
  Weight dec: 0.0005 (on BN/bias=False)
  Backend:    mpi
  Algorithm:  ring_zfp_online_coll
  ZFP rate:   16
  Epochs:     10
  Batch/rank: 4
  LR:         0.1
  Scheduler:  cosine
  Warmup:     0
  Grad clip:  None
  Drop last:  True
  Data dir:   ./data
================================================================================


================================================================================
Distributed Training: WIDE_RESNET50_2 on CIFAR10
Backend: MPI, Algorithm: ring_zfp_online_coll
================================================================================
Ranks: 32, Epochs: 10, Batch/rank: 4, Effective batch: 128
LR: 0.1, Device: cuda:0

[Cache] Pretrained weights cache (TORCH_HOME) = ./data/pretrained_weights_cache
[Setup] Model on cuda:0, wrapped in DDP (static_graph=True)
[Setup] Hook registered: mpi/ring_zfp_online_coll
[Optim] SGD: lr=0.1 momentum=0.9 nesterov=True wd=0.0005 wd_on_bn_bias=False
[Optim]   group 0: 66,778,816 params, wd=0.0005
[Optim]   group 1: 68,234 params, wd=0.0

================================================================================
DISTRIBUTED TRAINING LAUNCHER
================================================================================
  Model:      wide_resnet50_2 (CIFAR stem) (from scratch)
  Dataset:    cifar10 (10 classes)
  Image size: 32
  LR:         0.1
  Momentum:   0.9 (nesterov=True)
  Optimizer:  sgd
  Weight dec: 0.0005 (on BN/bias=False)
  Backend:    mpi
  Algorithm:  ring_zfp_online_coll
  ZFP rate:   16
  Epochs:     10
  Batch/rank: 4
  LR:         0.1
  Scheduler:  cosine
  Warmup:     0
  Grad clip:  None
  Drop last:  True
  Data dir:   ./data
================================================================================


================================================================================
DISTRIBUTED TRAINING LAUNCHER
================================================================================
  Model:      wide_resnet50_2 (CIFAR stem) (from scratch)
  Dataset:    cifar10 (10 classes)
  Image size: 32
  LR:         0.1
  Momentum:   0.9 (nesterov=True)
  Optimizer:  sgd
  Weight dec: 0.0005 (on BN/bias=False)
  Backend:    mpi
  Algorithm:  ring_zfp_online_coll
  ZFP rate:   16
  Epochs:     10
  Batch/rank: 4
  LR:         0.1
  Scheduler:  cosine
  Warmup:     0
  Grad clip:  None
  Drop last:  True
  Data dir:   ./data
================================================================================


================================================================================
DISTRIBUTED TRAINING LAUNCHER
================================================================================
  Model:      wide_resnet50_2 (CIFAR stem) (from scratch)
  Dataset:    cifar10 (10 classes)
  Image size: 32
  LR:         0.1
  Momentum:   0.9 (nesterov=True)
  Optimizer:  sgd
  Weight dec: 0.0005 (on BN/bias=False)
  Backend:    mpi
  Algorithm:  ring_zfp_online_coll
  ZFP rate:   16
  Epochs:     10
  Batch/rank: 4
  LR:         0.1
  Scheduler:  cosine
  Warmup:     0
  Grad clip:  None
  Drop last:  True
  Data dir:   ./data
================================================================================


================================================================================
DISTRIBUTED TRAINING LAUNCHER
================================================================================
  Model:      wide_resnet50_2 (CIFAR stem) (from scratch)
  Dataset:    cifar10 (10 classes)
  Image size: 32
  LR:         0.1
  Momentum:   0.9 (nesterov=True)
  Optimizer:  sgd
  Weight dec: 0.0005 (on BN/bias=False)
  Backend:    mpi
  Algorithm:  ring_zfp_online_coll
  ZFP rate:   16
  Epochs:     10
  Batch/rank: 4
  LR:         0.1
  Scheduler:  cosine
  Warmup:     0
  Grad clip:  None
  Drop last:  True
  Data dir:   ./data
================================================================================


================================================================================
DISTRIBUTED TRAINING LAUNCHER
================================================================================
  Model:      wide_resnet50_2 (CIFAR stem) (from scratch)
  Dataset:    cifar10 (10 classes)
  Image size: 32
  LR:         0.1
  Momentum:   0.9 (nesterov=True)
  Optimizer:  sgd
  Weight dec: 0.0005 (on BN/bias=False)
  Backend:    mpi
  Algorithm:  ring_zfp_online_coll
  ZFP rate:   16
  Epochs:     10
  Batch/rank: 4
  LR:         0.1
  Scheduler:  cosine
  Warmup:     0
  Grad clip:  None
  Drop last:  True
  Data dir:   ./data
================================================================================


================================================================================
DISTRIBUTED TRAINING LAUNCHER
================================================================================
  Model:      wide_resnet50_2 (CIFAR stem) (from scratch)
  Dataset:    cifar10 (10 classes)
  Image size: 32
  LR:         0.1
  Momentum:   0.9 (nesterov=True)
  Optimizer:  sgd
  Weight dec: 0.0005 (on BN/bias=False)
  Backend:    mpi
  Algorithm:  ring_zfp_online_coll
  ZFP rate:   16
  Epochs:     10
  Batch/rank: 4
  LR:         0.1
  Scheduler:  cosine
  Warmup:     0
  Grad clip:  None
  Drop last:  True
  Data dir:   ./data
================================================================================


================================================================================
DISTRIBUTED TRAINING LAUNCHER
================================================================================
  Model:      wide_resnet50_2 (CIFAR stem) (from scratch)
  Dataset:    cifar10 (10 classes)
  Image size: 32
  LR:         0.1
  Momentum:   0.9 (nesterov=True)
  Optimizer:  sgd
  Weight dec: 0.0005 (on BN/bias=False)
  Backend:    mpi
  Algorithm:  ring_zfp_online_coll
  ZFP rate:   16
  Epochs:     10
  Batch/rank: 4
  LR:         0.1
  Scheduler:  cosine
  Warmup:     0
  Grad clip:  None
  Drop last:  True
  Data dir:   ./data
================================================================================


================================================================================
DISTRIBUTED TRAINING LAUNCHER
================================================================================
  Model:      wide_resnet50_2 (CIFAR stem) (from scratch)
  Dataset:    cifar10 (10 classes)
  Image size: 32
  LR:         0.1
  Momentum:   0.9 (nesterov=True)
  Optimizer:  sgd
  Weight dec: 0.0005 (on BN/bias=False)
  Backend:    mpi
  Algorithm:  ring_zfp_online_coll
  ZFP rate:   16
  Epochs:     10
  Batch/rank: 4
  LR:         0.1
  Scheduler:  cosine
  Warmup:     0
  Grad clip:  None
  Drop last:  True
  Data dir:   ./data
================================================================================


================================================================================
DISTRIBUTED TRAINING LAUNCHER
================================================================================
  Model:      wide_resnet50_2 (CIFAR stem) (from scratch)
  Dataset:    cifar10 (10 classes)
  Image size: 32
  LR:         0.1
  Momentum:   0.9 (nesterov=True)
  Optimizer:  sgd
  Weight dec: 0.0005 (on BN/bias=False)
  Backend:    mpi
  Algorithm:  ring_zfp_online_coll
  ZFP rate:   16
  Epochs:     10
  Batch/rank: 4
  LR:         0.1
  Scheduler:  cosine
  Warmup:     0
  Grad clip:  None
  Drop last:  True
  Data dir:   ./data
================================================================================


================================================================================
DISTRIBUTED TRAINING LAUNCHER
================================================================================
  Model:      wide_resnet50_2 (CIFAR stem) (from scratch)
  Dataset:    cifar10 (10 classes)
  Image size: 32
  LR:         0.1
  Momentum:   0.9 (nesterov=True)
  Optimizer:  sgd
  Weight dec: 0.0005 (on BN/bias=False)
  Backend:    mpi
  Algorithm:  ring_zfp_online_coll
  ZFP rate:   16
  Epochs:     10
  Batch/rank: 4
  LR:         0.1
  Scheduler:  cosine
  Warmup:     0
  Grad clip:  None
  Drop last:  True
  Data dir:   ./data
================================================================================


================================================================================
DISTRIBUTED TRAINING LAUNCHER
================================================================================
  Model:      wide_resnet50_2 (CIFAR stem) (from scratch)
  Dataset:    cifar10 (10 classes)
  Image size: 32
  LR:         0.1
  Momentum:   0.9 (nesterov=True)
  Optimizer:  sgd
  Weight dec: 0.0005 (on BN/bias=False)
  Backend:    mpi
  Algorithm:  ring_zfp_online_coll
  ZFP rate:   16
  Epochs:     10
  Batch/rank: 4
  LR:         0.1
  Scheduler:  cosine
  Warmup:     0
  Grad clip:  None
  Drop last:  True
  Data dir:   ./data
================================================================================


================================================================================
DISTRIBUTED TRAINING LAUNCHER
================================================================================
  Model:      wide_resnet50_2 (CIFAR stem) (from scratch)
  Dataset:    cifar10 (10 classes)
  Image size: 32
  LR:         0.1
  Momentum:   0.9 (nesterov=True)
  Optimizer:  sgd
  Weight dec: 0.0005 (on BN/bias=False)
  Backend:    mpi
  Algorithm:  ring_zfp_online_coll
  ZFP rate:   16
  Epochs:     10
  Batch/rank: 4
  LR:         0.1
  Scheduler:  cosine
  Warmup:     0
  Grad clip:  None
  Drop last:  True
  Data dir:   ./data
================================================================================


================================================================================
DISTRIBUTED TRAINING LAUNCHER
================================================================================
  Model:      wide_resnet50_2 (CIFAR stem) (from scratch)
  Dataset:    cifar10 (10 classes)
  Image size: 32
  LR:         0.1
  Momentum:   0.9 (nesterov=True)
  Optimizer:  sgd
  Weight dec: 0.0005 (on BN/bias=False)
  Backend:    mpi
  Algorithm:  ring_zfp_online_coll
  ZFP rate:   16
  Epochs:     10
  Batch/rank: 4
  LR:         0.1
  Scheduler:  cosine
  Warmup:     0
  Grad clip:  None
  Drop last:  True
  Data dir:   ./data
================================================================================


================================================================================
DISTRIBUTED TRAINING LAUNCHER
================================================================================
  Model:      wide_resnet50_2 (CIFAR stem) (from scratch)
  Dataset:    cifar10 (10 classes)
  Image size: 32
  LR:         0.1
  Momentum:   0.9 (nesterov=True)
  Optimizer:  sgd
  Weight dec: 0.0005 (on BN/bias=False)
  Backend:    mpi
  Algorithm:  ring_zfp_online_coll
  ZFP rate:   16
  Epochs:     10
  Batch/rank: 4
  LR:         0.1
  Scheduler:  cosine
  Warmup:     0
  Grad clip:  None
  Drop last:  True
  Data dir:   ./data
================================================================================


================================================================================
DISTRIBUTED TRAINING LAUNCHER
================================================================================
  Model:      wide_resnet50_2 (CIFAR stem) (from scratch)
  Dataset:    cifar10 (10 classes)
  Image size: 32
  LR:         0.1
  Momentum:   0.9 (nesterov=True)
  Optimizer:  sgd
  Weight dec: 0.0005 (on BN/bias=False)
  Backend:    mpi
  Algorithm:  ring_zfp_online_coll
  ZFP rate:   16
  Epochs:     10
  Batch/rank: 4
  LR:         0.1
  Scheduler:  cosine
  Warmup:     0
  Grad clip:  None
  Drop last:  True
  Data dir:   ./data
================================================================================


================================================================================
DISTRIBUTED TRAINING LAUNCHER
================================================================================
  Model:      wide_resnet50_2 (CIFAR stem) (from scratch)
  Dataset:    cifar10 (10 classes)
  Image size: 32
  LR:         0.1
  Momentum:   0.9 (nesterov=True)
  Optimizer:  sgd
  Weight dec: 0.0005 (on BN/bias=False)
  Backend:    mpi
  Algorithm:  ring_zfp_online_coll
  ZFP rate:   16
  Epochs:     10
  Batch/rank: 4
  LR:         0.1
  Scheduler:  cosine
  Warmup:     0
  Grad clip:  None
  Drop last:  True
  Data dir:   ./data
================================================================================


================================================================================
DISTRIBUTED TRAINING LAUNCHER
================================================================================
  Model:      wide_resnet50_2 (CIFAR stem) (from scratch)
  Dataset:    cifar10 (10 classes)
  Image size: 32
  LR:         0.1
  Momentum:   0.9 (nesterov=True)
  Optimizer:  sgd
  Weight dec: 0.0005 (on BN/bias=False)
  Backend:    mpi
  Algorithm:  ring_zfp_online_coll
  ZFP rate:   16
  Epochs:     10
  Batch/rank: 4
  LR:         0.1
  Scheduler:  cosine
  Warmup:     0
  Grad clip:  None
  Drop last:  True
  Data dir:   ./data
================================================================================


================================================================================
DISTRIBUTED TRAINING LAUNCHER
================================================================================
  Model:      wide_resnet50_2 (CIFAR stem) (from scratch)
  Dataset:    cifar10 (10 classes)
  Image size: 32
  LR:         0.1
  Momentum:   0.9 (nesterov=True)
  Optimizer:  sgd
  Weight dec: 0.0005 (on BN/bias=False)
  Backend:    mpi
  Algorithm:  ring_zfp_online_coll
  ZFP rate:   16
  Epochs:     10
  Batch/rank: 4
  LR:         0.1
  Scheduler:  cosine
  Warmup:     0
  Grad clip:  None
  Drop last:  True
  Data dir:   ./data
================================================================================


================================================================================
DISTRIBUTED TRAINING LAUNCHER
================================================================================
  Model:      wide_resnet50_2 (CIFAR stem) (from scratch)
  Dataset:    cifar10 (10 classes)
  Image size: 32
  LR:         0.1
  Momentum:   0.9 (nesterov=True)
  Optimizer:  sgd
  Weight dec: 0.0005 (on BN/bias=False)
  Backend:    mpi
  Algorithm:  ring_zfp_online_coll
  ZFP rate:   16
  Epochs:     10
  Batch/rank: 4
  LR:         0.1
  Scheduler:  cosine
  Warmup:     0
  Grad clip:  None
  Drop last:  True
  Data dir:   ./data
================================================================================


================================================================================
DISTRIBUTED TRAINING LAUNCHER
================================================================================
  Model:      wide_resnet50_2 (CIFAR stem) (from scratch)
  Dataset:    cifar10 (10 classes)
  Image size: 32
  LR:         0.1
  Momentum:   0.9 (nesterov=True)
  Optimizer:  sgd
  Weight dec: 0.0005 (on BN/bias=False)
  Backend:    mpi
  Algorithm:  ring_zfp_online_coll
  ZFP rate:   16
  Epochs:     10
  Batch/rank: 4
  LR:         0.1
  Scheduler:  cosine
  Warmup:     0
  Grad clip:  None
  Drop last:  True
  Data dir:   ./data
================================================================================


================================================================================
DISTRIBUTED TRAINING LAUNCHER
================================================================================
  Model:      wide_resnet50_2 (CIFAR stem) (from scratch)
  Dataset:    cifar10 (10 classes)
  Image size: 32
  LR:         0.1
  Momentum:   0.9 (nesterov=True)
  Optimizer:  sgd
  Weight dec: 0.0005 (on BN/bias=False)
  Backend:    mpi
  Algorithm:  ring_zfp_online_coll
  ZFP rate:   16
  Epochs:     10
  Batch/rank: 4
  LR:         0.1
  Scheduler:  cosine
  Warmup:     0
  Grad clip:  None
  Drop last:  True
  Data dir:   ./data
================================================================================

[Data] Train batches: 390, Val batches: 2500

[Sched] cosine: steps/epoch=390, total_steps=3900, warmup_steps=0 (0 epochs)


[Epoch 1] Training... (lr at epoch start=0.100000)

================================================================================
DISTRIBUTED TRAINING LAUNCHER
================================================================================
  Model:      wide_resnet50_2 (CIFAR stem) (from scratch)
  Dataset:    cifar10 (10 classes)
  Image size: 32
  LR:         0.1
  Momentum:   0.9 (nesterov=True)
  Optimizer:  sgd
  Weight dec: 0.0005 (on BN/bias=False)
  Backend:    mpi
  Algorithm:  ring_zfp_online_coll
  ZFP rate:   16
  Epochs:     10
  Batch/rank: 4
  LR:         0.1
  Scheduler:  cosine
  Warmup:     0
  Grad clip:  None
  Drop last:  True
  Data dir:   ./data
================================================================================


================================================================================
DISTRIBUTED TRAINING LAUNCHER
================================================================================
  Model:      wide_resnet50_2 (CIFAR stem) (from scratch)
  Dataset:    cifar10 (10 classes)
  Image size: 32
  LR:         0.1
  Momentum:   0.9 (nesterov=True)
  Optimizer:  sgd
  Weight dec: 0.0005 (on BN/bias=False)
  Backend:    mpi
  Algorithm:  ring_zfp_online_coll
  ZFP rate:   16
  Epochs:     10
  Batch/rank: 4
  LR:         0.1
  Scheduler:  cosine
  Warmup:     0
  Grad clip:  None
  Drop last:  True
  Data dir:   ./data
================================================================================


================================================================================
DISTRIBUTED TRAINING LAUNCHER
================================================================================
  Model:      wide_resnet50_2 (CIFAR stem) (from scratch)
  Dataset:    cifar10 (10 classes)
  Image size: 32
  LR:         0.1
  Momentum:   0.9 (nesterov=True)
  Optimizer:  sgd
  Weight dec: 0.0005 (on BN/bias=False)
  Backend:    mpi
  Algorithm:  ring_zfp_online_coll
  ZFP rate:   16
  Epochs:     10
  Batch/rank: 4
  LR:         0.1
  Scheduler:  cosine
  Warmup:     0
  Grad clip:  None
  Drop last:  True
  Data dir:   ./data
================================================================================


================================================================================
DISTRIBUTED TRAINING LAUNCHER
================================================================================
  Model:      wide_resnet50_2 (CIFAR stem) (from scratch)
  Dataset:    cifar10 (10 classes)
  Image size: 32
  LR:         0.1
  Momentum:   0.9 (nesterov=True)
  Optimizer:  sgd
  Weight dec: 0.0005 (on BN/bias=False)
  Backend:    mpi
  Algorithm:  ring_zfp_online_coll
  ZFP rate:   16
  Epochs:     10
  Batch/rank: 4
  LR:         0.1
  Scheduler:  cosine
  Warmup:     0
  Grad clip:  None
  Drop last:  True
  Data dir:   ./data
================================================================================


================================================================================
DISTRIBUTED TRAINING LAUNCHER
================================================================================
  Model:      wide_resnet50_2 (CIFAR stem) (from scratch)
  Dataset:    cifar10 (10 classes)
  Image size: 32
  LR:         0.1
  Momentum:   0.9 (nesterov=True)
  Optimizer:  sgd
  Weight dec: 0.0005 (on BN/bias=False)
  Backend:    mpi
  Algorithm:  ring_zfp_online_coll
  ZFP rate:   16
  Epochs:     10
  Batch/rank: 4
  LR:         0.1
  Scheduler:  cosine
  Warmup:     0
  Grad clip:  None
  Drop last:  True
  Data dir:   ./data
================================================================================


================================================================================
DISTRIBUTED TRAINING LAUNCHER
================================================================================
  Model:      wide_resnet50_2 (CIFAR stem) (from scratch)
  Dataset:    cifar10 (10 classes)
  Image size: 32
  LR:         0.1
  Momentum:   0.9 (nesterov=True)
  Optimizer:  sgd
  Weight dec: 0.0005 (on BN/bias=False)
  Backend:    mpi
  Algorithm:  ring_zfp_online_coll
  ZFP rate:   16
  Epochs:     10
  Batch/rank: 4
  LR:         0.1
  Scheduler:  cosine
  Warmup:     0
  Grad clip:  None
  Drop last:  True
  Data dir:   ./data
================================================================================


================================================================================
DISTRIBUTED TRAINING LAUNCHER
================================================================================
  Model:      wide_resnet50_2 (CIFAR stem) (from scratch)
  Dataset:    cifar10 (10 classes)
  Image size: 32
  LR:         0.1
  Momentum:   0.9 (nesterov=True)
  Optimizer:  sgd
  Weight dec: 0.0005 (on BN/bias=False)
  Backend:    mpi
  Algorithm:  ring_zfp_online_coll
  ZFP rate:   16
  Epochs:     10
  Batch/rank: 4
  LR:         0.1
  Scheduler:  cosine
  Warmup:     0
  Grad clip:  None
  Drop last:  True
  Data dir:   ./data
================================================================================


================================================================================
DISTRIBUTED TRAINING LAUNCHER
================================================================================
  Model:      wide_resnet50_2 (CIFAR stem) (from scratch)
  Dataset:    cifar10 (10 classes)
  Image size: 32
  LR:         0.1
  Momentum:   0.9 (nesterov=True)
  Optimizer:  sgd
  Weight dec: 0.0005 (on BN/bias=False)
  Backend:    mpi
  Algorithm:  ring_zfp_online_coll
  ZFP rate:   16
  Epochs:     10
  Batch/rank: 4
  LR:         0.1
  Scheduler:  cosine
  Warmup:     0
  Grad clip:  None
  Drop last:  True
  Data dir:   ./data
================================================================================


================================================================================
DISTRIBUTED TRAINING LAUNCHER
================================================================================
  Model:      wide_resnet50_2 (CIFAR stem) (from scratch)
  Dataset:    cifar10 (10 classes)
  Image size: 32
  LR:         0.1
  Momentum:   0.9 (nesterov=True)
  Optimizer:  sgd
  Weight dec: 0.0005 (on BN/bias=False)
  Backend:    mpi
  Algorithm:  ring_zfp_online_coll
  ZFP rate:   16
  Epochs:     10
  Batch/rank: 4
  LR:         0.1
  Scheduler:  cosine
  Warmup:     0
  Grad clip:  None
  Drop last:  True
  Data dir:   ./data
================================================================================


================================================================================
DISTRIBUTED TRAINING LAUNCHER
================================================================================
  Model:      wide_resnet50_2 (CIFAR stem) (from scratch)
  Dataset:    cifar10 (10 classes)
  Image size: 32
  LR:         0.1
  Momentum:   0.9 (nesterov=True)
  Optimizer:  sgd
  Weight dec: 0.0005 (on BN/bias=False)
  Backend:    mpi
  Algorithm:  ring_zfp_online_coll
  ZFP rate:   16
  Epochs:     10
  Batch/rank: 4
  LR:         0.1
  Scheduler:  cosine
  Warmup:     0
  Grad clip:  None
  Drop last:  True
  Data dir:   ./data
================================================================================

  Batch [50/390] Loss: 49.5590, Acc: 13.00%, lr: 0.099959
  Batch [100/390] Loss: 34.7430, Acc: 11.25%, lr: 0.099838
  Batch [150/390] Loss: 29.8458, Acc: 11.67%, lr: 0.099635
  Batch [200/390] Loss: 27.3768, Acc: 11.12%, lr: 0.099353
  Batch [250/390] Loss: 25.3063, Acc: 11.30%, lr: 0.098990
  Batch [300/390] Loss: 23.5975, Acc: 11.75%, lr: 0.098547
  Batch [350/390] Loss: 22.0598, Acc: 11.36%, lr: 0.098026
[Epoch 1] Train Loss: 21.6583, Acc: 10.90%  |  Val Loss: 43.5937, Acc: 10.05%  |  Time: 92.9s
[Epoch 1] t_iter median: 202.67 ms  (fwd 6.89 | bwd+comm 192.33 | opt 3.32 | data 0.07)  |  train-only epoch: 80.0s
  -> Best model saved (10.05%)
[Epoch 1] Summarizing hook timing...

[HOOK_TIMING_SUMMARY] epoch=1
[HOOK_WORK_SUMMARY] label=mpi:ring_zfp_online_coll:rate16 calls=3106 work_total_ms=74430.190 work_mean_ms=23.963 work_min_ms=16.209 work_max_ms=73.709
[HOOK_TAIL_SUMMARY] label=mpi:ring_zfp_online_coll:rate16 steps=391 tail_total_ms=70758.198 tail_mean_ms=180.967 tail_min_ms=24.318 tail_max_ms=236.903
[Epoch 1] Hook timing summary done

[Epoch 2] Training... (lr at epoch start=0.097553)
  Batch [50/390] Loss: 18.8281, Acc: 12.00%, lr: 0.096892
  Batch [100/390] Loss: 16.0086, Acc: 12.25%, lr: 0.096155
  Batch [150/390] Loss: 15.0087, Acc: 12.67%, lr: 0.095344
  Batch [200/390] Loss: 14.7769, Acc: 13.00%, lr: 0.094459
  Batch [250/390] Loss: 15.2282, Acc: 12.00%, lr: 0.093501
  Batch [300/390] Loss: 14.6493, Acc: 11.83%, lr: 0.092473
  Batch [350/390] Loss: 14.3892, Acc: 11.71%, lr: 0.091377
[Epoch 2] Train Loss: 14.4790, Acc: 11.60%  |  Val Loss: 129.1367, Acc: 11.14%  |  Time: 92.4s
[Epoch 2] t_iter median: 202.69 ms  (fwd 7.01 | bwd+comm 192.15 | opt 3.49 | data 0.06)  |  train-only epoch: 79.5s
  -> Best model saved (11.14%)
[Epoch 2] Summarizing hook timing...

[HOOK_TIMING_SUMMARY] epoch=2
[HOOK_WORK_SUMMARY] label=mpi:ring_zfp_online_coll:rate16 calls=3120 work_total_ms=74459.084 work_mean_ms=23.865 work_min_ms=16.103 work_max_ms=48.384
[HOOK_TAIL_SUMMARY] label=mpi:ring_zfp_online_coll:rate16 steps=390 tail_total_ms=70714.625 tail_mean_ms=181.320 tail_min_ms=178.506 tail_max_ms=218.781
[Epoch 2] Hook timing summary done

[Epoch 3] Training... (lr at epoch start=0.090451)
  Batch [50/390] Loss: 11.7249, Acc: 14.00%, lr: 0.089235
  Batch [100/390] Loss: 11.4652, Acc: 11.25%, lr: 0.087955
  Batch [150/390] Loss: 11.2929, Acc: 11.83%, lr: 0.086613
  Batch [200/390] Loss: 11.2010, Acc: 11.75%, lr: 0.085213
  Batch [250/390] Loss: 10.5049, Acc: 12.60%, lr: 0.083755
  Batch [300/390] Loss: 10.6290, Acc: 12.25%, lr: 0.082242
  Batch [350/390] Loss: 10.7005, Acc: 11.86%, lr: 0.080677
[Epoch 3] Train Loss: 10.4227, Acc: 12.31%  |  Val Loss: 16.1744, Acc: 14.84%  |  Time: 92.1s
[Epoch 3] t_iter median: 202.33 ms  (fwd 6.91 | bwd+comm 192.03 | opt 3.27 | data 0.10)  |  train-only epoch: 79.4s
  -> Best model saved (14.84%)
[Epoch 3] Summarizing hook timing...

[HOOK_TIMING_SUMMARY] epoch=3
[HOOK_WORK_SUMMARY] label=mpi:ring_zfp_online_coll:rate16 calls=3120 work_total_ms=74619.831 work_mean_ms=23.917 work_min_ms=16.618 work_max_ms=60.871
[HOOK_TAIL_SUMMARY] label=mpi:ring_zfp_online_coll:rate16 steps=390 tail_total_ms=71076.054 tail_mean_ms=182.246 tail_min_ms=179.034 tail_max_ms=222.171
[Epoch 3] Hook timing summary done

[Epoch 4] Training... (lr at epoch start=0.079389)
  Batch [50/390] Loss: 8.8532, Acc: 12.00%, lr: 0.077737
  Batch [100/390] Loss: 8.9345, Acc: 10.50%, lr: 0.076039
  Batch [150/390] Loss: 8.5476, Acc: 10.83%, lr: 0.074299
  Batch [200/390] Loss: 8.6493, Acc: 11.25%, lr: 0.072520
  Batch [250/390] Loss: 8.9167, Acc: 11.10%, lr: 0.070704
  Batch [300/390] Loss: 9.1989, Acc: 12.00%, lr: 0.068855
  Batch [350/390] Loss: 9.1683, Acc: 12.64%, lr: 0.066975
[Epoch 4] Train Loss: 9.2722, Acc: 12.82%  |  Val Loss: 121.8663, Acc: 15.08%  |  Time: 100.6s
[Epoch 4] t_iter median: 202.51 ms  (fwd 6.96 | bwd+comm 192.10 | opt 3.34 | data 0.07)  |  train-only epoch: 87.5s
  -> Best model saved (15.08%)
[Epoch 4] Summarizing hook timing...

[HOOK_TIMING_SUMMARY] epoch=4
[HOOK_WORK_SUMMARY] label=mpi:ring_zfp_online_coll:rate16 calls=3120 work_total_ms=82477.811 work_mean_ms=26.435 work_min_ms=16.046 work_max_ms=840.901
[HOOK_TAIL_SUMMARY] label=mpi:ring_zfp_online_coll:rate16 steps=390 tail_total_ms=78709.393 tail_mean_ms=201.819 tail_min_ms=178.161 tail_max_ms=1002.874
[Epoch 4] Hook timing summary done

[Epoch 5] Training... (lr at epoch start=0.065451)
  Batch [50/390] Loss: 9.2524, Acc: 13.00%, lr: 0.063524
  Batch [100/390] Loss: 8.1355, Acc: 14.25%, lr: 0.061574
  Batch [150/390] Loss: 7.7997, Acc: 14.00%, lr: 0.059606
  Batch [200/390] Loss: 7.4152, Acc: 13.88%, lr: 0.057623
  Batch [250/390] Loss: 6.9369, Acc: 15.00%, lr: 0.055627
  Batch [300/390] Loss: 6.5664, Acc: 15.00%, lr: 0.053622
  Batch [350/390] Loss: 6.4728, Acc: 15.14%, lr: 0.051611
[Epoch 5] Train Loss: 6.3973, Acc: 15.00%  |  Val Loss: 106.6629, Acc: 14.24%  |  Time: 92.1s
[Epoch 5] t_iter median: 202.49 ms  (fwd 6.92 | bwd+comm 192.18 | opt 3.29 | data 0.07)  |  train-only epoch: 79.5s
[Epoch 5] Summarizing hook timing...

[HOOK_TIMING_SUMMARY] epoch=5
[HOOK_WORK_SUMMARY] label=mpi:ring_zfp_online_coll:rate16 calls=3120 work_total_ms=74556.586 work_mean_ms=23.896 work_min_ms=16.254 work_max_ms=63.360
[HOOK_TAIL_SUMMARY] label=mpi:ring_zfp_online_coll:rate16 steps=390 tail_total_ms=70890.691 tail_mean_ms=181.771 tail_min_ms=178.171 tail_max_ms=228.510
[Epoch 5] Hook timing summary done

[Epoch 6] Training... (lr at epoch start=0.050000)
  Batch [50/390] Loss: 4.7740, Acc: 15.50%, lr: 0.047987
  Batch [100/390] Loss: 4.9733, Acc: 14.50%, lr: 0.045977
  Batch [150/390] Loss: 5.0722, Acc: 14.67%, lr: 0.043973
  Batch [200/390] Loss: 4.9093, Acc: 14.75%, lr: 0.041979
  Batch [250/390] Loss: 4.6956, Acc: 15.40%, lr: 0.039999
  Batch [300/390] Loss: 4.6317, Acc: 15.58%, lr: 0.038034
  Batch [350/390] Loss: 4.4675, Acc: 16.64%, lr: 0.036089
[Epoch 6] Train Loss: 4.3575, Acc: 16.99%  |  Val Loss: 59.8193, Acc: 17.68%  |  Time: 92.2s
[Epoch 6] t_iter median: 202.64 ms  (fwd 6.96 | bwd+comm 192.35 | opt 3.23 | data 0.07)  |  train-only epoch: 79.5s
  -> Best model saved (17.68%)
[Epoch 6] Summarizing hook timing...

[HOOK_TIMING_SUMMARY] epoch=6
[HOOK_WORK_SUMMARY] label=mpi:ring_zfp_online_coll:rate16 calls=3120 work_total_ms=74762.446 work_mean_ms=23.962 work_min_ms=17.040 work_max_ms=56.387
[HOOK_TAIL_SUMMARY] label=mpi:ring_zfp_online_coll:rate16 steps=390 tail_total_ms=71242.690 tail_mean_ms=182.674 tail_min_ms=179.460 tail_max_ms=225.049
[Epoch 6] Hook timing summary done

[Epoch 7] Training... (lr at epoch start=0.034549)
  Batch [50/390] Loss: 3.1490, Acc: 19.50%, lr: 0.032647
  Batch [100/390] Loss: 2.9714, Acc: 19.25%, lr: 0.030773
  Batch [150/390] Loss: 3.0130, Acc: 19.00%, lr: 0.028930
  Batch [200/390] Loss: 2.8964, Acc: 19.00%, lr: 0.027121
  Batch [250/390] Loss: 2.8806, Acc: 19.10%, lr: 0.025350
  Batch [300/390] Loss: 2.7880, Acc: 19.58%, lr: 0.023618
  Batch [350/390] Loss: 2.7337, Acc: 19.57%, lr: 0.021929
[Epoch 7] Train Loss: 2.6799, Acc: 20.00%  |  Val Loss: 15.6942, Acc: 20.35%  |  Time: 92.5s
[Epoch 7] t_iter median: 201.94 ms  (fwd 6.97 | bwd+comm 191.41 | opt 3.52 | data 0.06)  |  train-only epoch: 79.6s
  -> Best model saved (20.35%)
[Epoch 7] Summarizing hook timing...

[HOOK_TIMING_SUMMARY] epoch=7
[HOOK_WORK_SUMMARY] label=mpi:ring_zfp_online_coll:rate16 calls=3120 work_total_ms=74583.643 work_mean_ms=23.905 work_min_ms=16.229 work_max_ms=231.652
[HOOK_TAIL_SUMMARY] label=mpi:ring_zfp_online_coll:rate16 steps=390 tail_total_ms=70848.265 tail_mean_ms=181.662 tail_min_ms=177.949 tail_max_ms=397.940
[Epoch 7] Hook timing summary done

[Epoch 8] Training... (lr at epoch start=0.020611)
  Batch [50/390] Loss: 2.2250, Acc: 21.50%, lr: 0.019006
  Batch [100/390] Loss: 2.2408, Acc: 21.00%, lr: 0.017451
  Batch [150/390] Loss: 2.2125, Acc: 20.17%, lr: 0.015949
  Batch [200/390] Loss: 2.2192, Acc: 20.25%, lr: 0.014503
  Batch [250/390] Loss: 2.1984, Acc: 21.20%, lr: 0.013113
  Batch [300/390] Loss: 2.1681, Acc: 22.58%, lr: 0.011784
  Batch [350/390] Loss: 2.1660, Acc: 22.14%, lr: 0.010517
[Epoch 8] Train Loss: 2.1526, Acc: 22.76%  |  Val Loss: 10.5585, Acc: 24.44%  |  Time: 92.2s
[Epoch 8] t_iter median: 201.94 ms  (fwd 6.94 | bwd+comm 191.38 | opt 3.53 | data 0.07)  |  train-only epoch: 79.2s
  -> Best model saved (24.44%)
[Epoch 8] Summarizing hook timing...

[HOOK_TIMING_SUMMARY] epoch=8
[HOOK_WORK_SUMMARY] label=mpi:ring_zfp_online_coll:rate16 calls=3120 work_total_ms=74193.739 work_mean_ms=23.780 work_min_ms=16.376 work_max_ms=58.322
[HOOK_TAIL_SUMMARY] label=mpi:ring_zfp_online_coll:rate16 steps=390 tail_total_ms=70475.941 tail_mean_ms=180.708 tail_min_ms=177.842 tail_max_ms=220.695
[Epoch 8] Hook timing summary done

[Epoch 9] Training... (lr at epoch start=0.009549)
  Batch [50/390] Loss: 2.0958, Acc: 23.50%, lr: 0.008399
  Batch [100/390] Loss: 2.1055, Acc: 24.00%, lr: 0.007315
  Batch [150/390] Loss: 2.0859, Acc: 24.00%, lr: 0.006302
  Batch [200/390] Loss: 2.0968, Acc: 22.75%, lr: 0.005359
  Batch [250/390] Loss: 2.0857, Acc: 23.30%, lr: 0.004488
  Batch [300/390] Loss: 2.0791, Acc: 23.17%, lr: 0.003691
  Batch [350/390] Loss: 2.0852, Acc: 22.93%, lr: 0.002970
[Epoch 9] Train Loss: 2.0819, Acc: 23.40%  |  Val Loss: 19.5134, Acc: 22.88%  |  Time: 92.5s
[Epoch 9] t_iter median: 202.11 ms  (fwd 7.08 | bwd+comm 191.41 | opt 3.53 | data 0.11)  |  train-only epoch: 79.3s
[Epoch 9] Summarizing hook timing...

[HOOK_TIMING_SUMMARY] epoch=9
[HOOK_WORK_SUMMARY] label=mpi:ring_zfp_online_coll:rate16 calls=3120 work_total_ms=74189.890 work_mean_ms=23.779 work_min_ms=14.684 work_max_ms=65.501
[HOOK_TAIL_SUMMARY] label=mpi:ring_zfp_online_coll:rate16 steps=390 tail_total_ms=70452.853 tail_mean_ms=180.648 tail_min_ms=177.876 tail_max_ms=221.826
[Epoch 9] Hook timing summary done

[Epoch 10] Training... (lr at epoch start=0.002447)
  Batch [50/390] Loss: 2.0727, Acc: 23.50%, lr: 0.001864
  Batch [100/390] Loss: 2.0743, Acc: 22.75%, lr: 0.001358
  Batch [150/390] Loss: 2.0727, Acc: 23.00%, lr: 0.000931
  Batch [200/390] Loss: 2.0662, Acc: 24.00%, lr: 0.000584
  Batch [250/390] Loss: 2.0785, Acc: 24.10%, lr: 0.000318
  Batch [300/390] Loss: 2.0710, Acc: 23.92%, lr: 0.000131
  Batch [350/390] Loss: 2.0688, Acc: 24.14%, lr: 0.000026
[Epoch 10] Train Loss: 2.0710, Acc: 23.91%  |  Val Loss: 13.1669, Acc: 24.23%  |  Time: 93.5s
[Epoch 10] t_iter median: 202.01 ms  (fwd 6.92 | bwd+comm 191.78 | opt 3.24 | data 0.07)  |  train-only epoch: 80.7s
[Epoch 10] Summarizing hook timing...

[HOOK_TIMING_SUMMARY] epoch=10
[HOOK_WORK_SUMMARY] label=mpi:ring_zfp_online_coll:rate16 calls=3120 work_total_ms=75928.980 work_mean_ms=24.336 work_min_ms=16.749 work_max_ms=570.415
[HOOK_TAIL_SUMMARY] label=mpi:ring_zfp_online_coll:rate16 steps=390 tail_total_ms=72403.133 tail_mean_ms=185.649 tail_min_ms=178.860 tail_max_ms=733.715
[Epoch 10] Hook timing summary done

================================================================================
Done in 940.6s | Best val acc: 24.44%
Epoch times (train+val): mean=93.3s  min=92.1s  max=100.6s
Train-only epoch time (epochs 2..N): median=79.48s  min=79.25s  max=87.51s
  -> use this for STRONG scaling (fixed global batch)
  -> use t_iter_median_ms from the CSV for WEAK scaling (fixed local batch)
================================================================================
=== Finished training: model=wide_resnet50_2, dataset=cifar10, batch=4, lr=0.1, scheduler=cosine, backend=mpi, hook=ring_zfp_online_coll, zfp_rate=16, status=0 at Wed Jul 22 10:11:33 AM UTC 2026 ===
=== Starting training: model=wide_resnet50_2, dataset=cifar10, batch=4, lr=0.1, scheduler=cosine, backend=mpi, hook=ring_zfp_online_coll, zfp_rate=10 at Wed Jul 22 10:11:33 AM UTC 2026 ===

================================================================================
DISTRIBUTED TRAINING LAUNCHER
================================================================================
  Model:      wide_resnet50_2 (CIFAR stem) (from scratch)
  Dataset:    cifar10 (10 classes)
  Image size: 32
  LR:         0.1
  Momentum:   0.9 (nesterov=True)
  Optimizer:  sgd
  Weight dec: 0.0005 (on BN/bias=False)
  Backend:    mpi
  Algorithm:  ring_zfp_online_coll
  ZFP rate:   10
  Epochs:     10
  Batch/rank: 4
  LR:         0.1
  Scheduler:  cosine
  Warmup:     0
  Grad clip:  None
  Drop last:  True
  Data dir:   ./data
================================================================================


================================================================================
Distributed Training: WIDE_RESNET50_2 on CIFAR10
Backend: MPI, Algorithm: ring_zfp_online_coll
================================================================================
Ranks: 32, Epochs: 10, Batch/rank: 4, Effective batch: 128
LR: 0.1, Device: cuda:0

[Cache] Pretrained weights cache (TORCH_HOME) = ./data/pretrained_weights_cache
[Setup] Model on cuda:0, wrapped in DDP (static_graph=True)
[Setup] Hook registered: mpi/ring_zfp_online_coll
[Optim] SGD: lr=0.1 momentum=0.9 nesterov=True wd=0.0005 wd_on_bn_bias=False
[Optim]   group 0: 66,778,816 params, wd=0.0005
[Optim]   group 1: 68,234 params, wd=0.0

================================================================================
DISTRIBUTED TRAINING LAUNCHER
================================================================================
  Model:      wide_resnet50_2 (CIFAR stem) (from scratch)
  Dataset:    cifar10 (10 classes)
  Image size: 32
  LR:         0.1
  Momentum:   0.9 (nesterov=True)
  Optimizer:  sgd
  Weight dec: 0.0005 (on BN/bias=False)
  Backend:    mpi
  Algorithm:  ring_zfp_online_coll
  ZFP rate:   10
  Epochs:     10
  Batch/rank: 4
  LR:         0.1
  Scheduler:  cosine
  Warmup:     0
  Grad clip:  None
  Drop last:  True
  Data dir:   ./data
================================================================================


================================================================================
DISTRIBUTED TRAINING LAUNCHER
================================================================================
  Model:      wide_resnet50_2 (CIFAR stem) (from scratch)
  Dataset:    cifar10 (10 classes)
  Image size: 32
  LR:         0.1
  Momentum:   0.9 (nesterov=True)
  Optimizer:  sgd
  Weight dec: 0.0005 (on BN/bias=False)
  Backend:    mpi
  Algorithm:  ring_zfp_online_coll
  ZFP rate:   10
  Epochs:     10
  Batch/rank: 4
  LR:         0.1
  Scheduler:  cosine
  Warmup:     0
  Grad clip:  None
  Drop last:  True
  Data dir:   ./data
================================================================================


================================================================================
DISTRIBUTED TRAINING LAUNCHER
================================================================================
  Model:      wide_resnet50_2 (CIFAR stem) (from scratch)
  Dataset:    cifar10 (10 classes)
  Image size: 32
  LR:         0.1
  Momentum:   0.9 (nesterov=True)
  Optimizer:  sgd
  Weight dec: 0.0005 (on BN/bias=False)
  Backend:    mpi
  Algorithm:  ring_zfp_online_coll
  ZFP rate:   10
  Epochs:     10
  Batch/rank: 4
  LR:         0.1
  Scheduler:  cosine
  Warmup:     0
  Grad clip:  None
  Drop last:  True
  Data dir:   ./data
================================================================================


================================================================================
DISTRIBUTED TRAINING LAUNCHER
================================================================================
  Model:      wide_resnet50_2 (CIFAR stem) (from scratch)
  Dataset:    cifar10 (10 classes)
  Image size: 32
  LR:         0.1
  Momentum:   0.9 (nesterov=True)
  Optimizer:  sgd
  Weight dec: 0.0005 (on BN/bias=False)
  Backend:    mpi
  Algorithm:  ring_zfp_online_coll
  ZFP rate:   10
  Epochs:     10
  Batch/rank: 4
  LR:         0.1
  Scheduler:  cosine
  Warmup:     0
  Grad clip:  None
  Drop last:  True
  Data dir:   ./data
================================================================================


================================================================================
DISTRIBUTED TRAINING LAUNCHER
================================================================================
  Model:      wide_resnet50_2 (CIFAR stem) (from scratch)
  Dataset:    cifar10 (10 classes)
  Image size: 32
  LR:         0.1
  Momentum:   0.9 (nesterov=True)
  Optimizer:  sgd
  Weight dec: 0.0005 (on BN/bias=False)
  Backend:    mpi
  Algorithm:  ring_zfp_online_coll
  ZFP rate:   10
  Epochs:     10
  Batch/rank: 4
  LR:         0.1
  Scheduler:  cosine
  Warmup:     0
  Grad clip:  None
  Drop last:  True
  Data dir:   ./data
================================================================================


================================================================================
DISTRIBUTED TRAINING LAUNCHER
================================================================================
  Model:      wide_resnet50_2 (CIFAR stem) (from scratch)
  Dataset:    cifar10 (10 classes)
  Image size: 32
  LR:         0.1
  Momentum:   0.9 (nesterov=True)
  Optimizer:  sgd
  Weight dec: 0.0005 (on BN/bias=False)
  Backend:    mpi
  Algorithm:  ring_zfp_online_coll
  ZFP rate:   10
  Epochs:     10
  Batch/rank: 4
  LR:         0.1
  Scheduler:  cosine
  Warmup:     0
  Grad clip:  None
  Drop last:  True
  Data dir:   ./data
================================================================================


================================================================================
DISTRIBUTED TRAINING LAUNCHER
================================================================================
  Model:      wide_resnet50_2 (CIFAR stem) (from scratch)
  Dataset:    cifar10 (10 classes)
  Image size: 32
  LR:         0.1
  Momentum:   0.9 (nesterov=True)
  Optimizer:  sgd
  Weight dec: 0.0005 (on BN/bias=False)
  Backend:    mpi
  Algorithm:  ring_zfp_online_coll
  ZFP rate:   10
  Epochs:     10
  Batch/rank: 4
  LR:         0.1
  Scheduler:  cosine
  Warmup:     0
  Grad clip:  None
  Drop last:  True
  Data dir:   ./data
================================================================================


================================================================================
DISTRIBUTED TRAINING LAUNCHER
================================================================================
  Model:      wide_resnet50_2 (CIFAR stem) (from scratch)
  Dataset:    cifar10 (10 classes)
  Image size: 32
  LR:         0.1
  Momentum:   0.9 (nesterov=True)
  Optimizer:  sgd
  Weight dec: 0.0005 (on BN/bias=False)
  Backend:    mpi
  Algorithm:  ring_zfp_online_coll
  ZFP rate:   10
  Epochs:     10
  Batch/rank: 4
  LR:         0.1
  Scheduler:  cosine
  Warmup:     0
  Grad clip:  None
  Drop last:  True
  Data dir:   ./data
================================================================================


================================================================================
DISTRIBUTED TRAINING LAUNCHER
================================================================================
  Model:      wide_resnet50_2 (CIFAR stem) (from scratch)
  Dataset:    cifar10 (10 classes)
  Image size: 32
  LR:         0.1
  Momentum:   0.9 (nesterov=True)
  Optimizer:  sgd
  Weight dec: 0.0005 (on BN/bias=False)
  Backend:    mpi
  Algorithm:  ring_zfp_online_coll
  ZFP rate:   10
  Epochs:     10
  Batch/rank: 4
  LR:         0.1
  Scheduler:  cosine
  Warmup:     0
  Grad clip:  None
  Drop last:  True
  Data dir:   ./data
================================================================================


================================================================================
DISTRIBUTED TRAINING LAUNCHER
================================================================================
  Model:      wide_resnet50_2 (CIFAR stem) (from scratch)
  Dataset:    cifar10 (10 classes)
  Image size: 32
  LR:         0.1
  Momentum:   0.9 (nesterov=True)
  Optimizer:  sgd
  Weight dec: 0.0005 (on BN/bias=False)
  Backend:    mpi
  Algorithm:  ring_zfp_online_coll
  ZFP rate:   10
  Epochs:     10
  Batch/rank: 4
  LR:         0.1
  Scheduler:  cosine
  Warmup:     0
  Grad clip:  None
  Drop last:  True
  Data dir:   ./data
================================================================================


================================================================================
DISTRIBUTED TRAINING LAUNCHER
================================================================================
  Model:      wide_resnet50_2 (CIFAR stem) (from scratch)
  Dataset:    cifar10 (10 classes)
  Image size: 32
  LR:         0.1
  Momentum:   0.9 (nesterov=True)
  Optimizer:  sgd
  Weight dec: 0.0005 (on BN/bias=False)
  Backend:    mpi
  Algorithm:  ring_zfp_online_coll
  ZFP rate:   10
  Epochs:     10
  Batch/rank: 4
  LR:         0.1
  Scheduler:  cosine
  Warmup:     0
  Grad clip:  None
  Drop last:  True
  Data dir:   ./data
================================================================================


================================================================================
DISTRIBUTED TRAINING LAUNCHER
================================================================================
  Model:      wide_resnet50_2 (CIFAR stem) (from scratch)
  Dataset:    cifar10 (10 classes)
  Image size: 32
  LR:         0.1
  Momentum:   0.9 (nesterov=True)
  Optimizer:  sgd
  Weight dec: 0.0005 (on BN/bias=False)
  Backend:    mpi
  Algorithm:  ring_zfp_online_coll
  ZFP rate:   10
  Epochs:     10
  Batch/rank: 4
  LR:         0.1
  Scheduler:  cosine
  Warmup:     0
  Grad clip:  None
  Drop last:  True
  Data dir:   ./data
================================================================================


================================================================================
DISTRIBUTED TRAINING LAUNCHER
================================================================================
  Model:      wide_resnet50_2 (CIFAR stem) (from scratch)
  Dataset:    cifar10 (10 classes)
  Image size: 32
  LR:         0.1
  Momentum:   0.9 (nesterov=True)
  Optimizer:  sgd
  Weight dec: 0.0005 (on BN/bias=False)
  Backend:    mpi
  Algorithm:  ring_zfp_online_coll
  ZFP rate:   10
  Epochs:     10
  Batch/rank: 4
  LR:         0.1
  Scheduler:  cosine
  Warmup:     0
  Grad clip:  None
  Drop last:  True
  Data dir:   ./data
================================================================================


================================================================================
DISTRIBUTED TRAINING LAUNCHER
================================================================================
  Model:      wide_resnet50_2 (CIFAR stem) (from scratch)
  Dataset:    cifar10 (10 classes)
  Image size: 32
  LR:         0.1
  Momentum:   0.9 (nesterov=True)
  Optimizer:  sgd
  Weight dec: 0.0005 (on BN/bias=False)
  Backend:    mpi
  Algorithm:  ring_zfp_online_coll
  ZFP rate:   10
  Epochs:     10
  Batch/rank: 4
  LR:         0.1
  Scheduler:  cosine
  Warmup:     0
  Grad clip:  None
  Drop last:  True
  Data dir:   ./data
================================================================================


================================================================================
DISTRIBUTED TRAINING LAUNCHER
================================================================================
  Model:      wide_resnet50_2 (CIFAR stem) (from scratch)
  Dataset:    cifar10 (10 classes)
  Image size: 32
  LR:         0.1
  Momentum:   0.9 (nesterov=True)
  Optimizer:  sgd
  Weight dec: 0.0005 (on BN/bias=False)
  Backend:    mpi
  Algorithm:  ring_zfp_online_coll
  ZFP rate:   10
  Epochs:     10
  Batch/rank: 4
  LR:         0.1
  Scheduler:  cosine
  Warmup:     0
  Grad clip:  None
  Drop last:  True
  Data dir:   ./data
================================================================================


================================================================================
DISTRIBUTED TRAINING LAUNCHER
================================================================================
  Model:      wide_resnet50_2 (CIFAR stem) (from scratch)
  Dataset:    cifar10 (10 classes)
  Image size: 32
  LR:         0.1
  Momentum:   0.9 (nesterov=True)
  Optimizer:  sgd
  Weight dec: 0.0005 (on BN/bias=False)
  Backend:    mpi
  Algorithm:  ring_zfp_online_coll
  ZFP rate:   10
  Epochs:     10
  Batch/rank: 4
  LR:         0.1
  Scheduler:  cosine
  Warmup:     0
  Grad clip:  None
  Drop last:  True
  Data dir:   ./data
================================================================================

[Data] Train batches: 390, Val batches: 2500

[Sched] cosine: steps/epoch=390, total_steps=3900, warmup_steps=0 (0 epochs)


[Epoch 1] Training... (lr at epoch start=0.100000)

================================================================================
DISTRIBUTED TRAINING LAUNCHER
================================================================================
  Model:      wide_resnet50_2 (CIFAR stem) (from scratch)
  Dataset:    cifar10 (10 classes)
  Image size: 32
  LR:         0.1
  Momentum:   0.9 (nesterov=True)
  Optimizer:  sgd
  Weight dec: 0.0005 (on BN/bias=False)
  Backend:    mpi
  Algorithm:  ring_zfp_online_coll
  ZFP rate:   10
  Epochs:     10
  Batch/rank: 4
  LR:         0.1
  Scheduler:  cosine
  Warmup:     0
  Grad clip:  None
  Drop last:  True
  Data dir:   ./data
================================================================================


================================================================================
DISTRIBUTED TRAINING LAUNCHER
================================================================================
  Model:      wide_resnet50_2 (CIFAR stem) (from scratch)
  Dataset:    cifar10 (10 classes)
  Image size: 32
  LR:         0.1
  Momentum:   0.9 (nesterov=True)
  Optimizer:  sgd
  Weight dec: 0.0005 (on BN/bias=False)
  Backend:    mpi
  Algorithm:  ring_zfp_online_coll
  ZFP rate:   10
  Epochs:     10
  Batch/rank: 4
  LR:         0.1
  Scheduler:  cosine
  Warmup:     0
  Grad clip:  None
  Drop last:  True
  Data dir:   ./data
================================================================================


================================================================================
DISTRIBUTED TRAINING LAUNCHER
================================================================================
  Model:      wide_resnet50_2 (CIFAR stem) (from scratch)
  Dataset:    cifar10 (10 classes)
  Image size: 32
  LR:         0.1
  Momentum:   0.9 (nesterov=True)
  Optimizer:  sgd
  Weight dec: 0.0005 (on BN/bias=False)
  Backend:    mpi
  Algorithm:  ring_zfp_online_coll
  ZFP rate:   10
  Epochs:     10
  Batch/rank: 4
  LR:         0.1
  Scheduler:  cosine
  Warmup:     0
  Grad clip:  None
  Drop last:  True
  Data dir:   ./data
================================================================================


================================================================================
DISTRIBUTED TRAINING LAUNCHER
================================================================================
  Model:      wide_resnet50_2 (CIFAR stem) (from scratch)
  Dataset:    cifar10 (10 classes)
  Image size: 32
  LR:         0.1
  Momentum:   0.9 (nesterov=True)
  Optimizer:  sgd
  Weight dec: 0.0005 (on BN/bias=False)
  Backend:    mpi
  Algorithm:  ring_zfp_online_coll
  ZFP rate:   10
  Epochs:     10
  Batch/rank: 4
  LR:         0.1
  Scheduler:  cosine
  Warmup:     0
  Grad clip:  None
  Drop last:  True
  Data dir:   ./data
================================================================================


================================================================================
DISTRIBUTED TRAINING LAUNCHER
================================================================================
  Model:      wide_resnet50_2 (CIFAR stem) (from scratch)
  Dataset:    cifar10 (10 classes)
  Image size: 32
  LR:         0.1
  Momentum:   0.9 (nesterov=True)
  Optimizer:  sgd
  Weight dec: 0.0005 (on BN/bias=False)
  Backend:    mpi
  Algorithm:  ring_zfp_online_coll
  ZFP rate:   10
  Epochs:     10
  Batch/rank: 4
  LR:         0.1
  Scheduler:  cosine
  Warmup:     0
  Grad clip:  None
  Drop last:  True
  Data dir:   ./data
================================================================================


================================================================================
DISTRIBUTED TRAINING LAUNCHER
================================================================================
  Model:      wide_resnet50_2 (CIFAR stem) (from scratch)
  Dataset:    cifar10 (10 classes)
  Image size: 32
  LR:         0.1
  Momentum:   0.9 (nesterov=True)
  Optimizer:  sgd
  Weight dec: 0.0005 (on BN/bias=False)
  Backend:    mpi
  Algorithm:  ring_zfp_online_coll
  ZFP rate:   10
  Epochs:     10
  Batch/rank: 4
  LR:         0.1
  Scheduler:  cosine
  Warmup:     0
  Grad clip:  None
  Drop last:  True
  Data dir:   ./data
================================================================================


================================================================================
DISTRIBUTED TRAINING LAUNCHER
================================================================================
  Model:      wide_resnet50_2 (CIFAR stem) (from scratch)
  Dataset:    cifar10 (10 classes)
  Image size: 32
  LR:         0.1
  Momentum:   0.9 (nesterov=True)
  Optimizer:  sgd
  Weight dec: 0.0005 (on BN/bias=False)
  Backend:    mpi
  Algorithm:  ring_zfp_online_coll
  ZFP rate:   10
  Epochs:     10
  Batch/rank: 4
  LR:         0.1
  Scheduler:  cosine
  Warmup:     0
  Grad clip:  None
  Drop last:  True
  Data dir:   ./data
================================================================================


================================================================================
DISTRIBUTED TRAINING LAUNCHER
================================================================================
  Model:      wide_resnet50_2 (CIFAR stem) (from scratch)
  Dataset:    cifar10 (10 classes)
  Image size: 32
  LR:         0.1
  Momentum:   0.9 (nesterov=True)
  Optimizer:  sgd
  Weight dec: 0.0005 (on BN/bias=False)
  Backend:    mpi
  Algorithm:  ring_zfp_online_coll
  ZFP rate:   10
  Epochs:     10
  Batch/rank: 4
  LR:         0.1
  Scheduler:  cosine
  Warmup:     0
  Grad clip:  None
  Drop last:  True
  Data dir:   ./data
================================================================================


================================================================================
DISTRIBUTED TRAINING LAUNCHER
================================================================================
  Model:      wide_resnet50_2 (CIFAR stem) (from scratch)
  Dataset:    cifar10 (10 classes)
  Image size: 32
  LR:         0.1
  Momentum:   0.9 (nesterov=True)
  Optimizer:  sgd
  Weight dec: 0.0005 (on BN/bias=False)
  Backend:    mpi
  Algorithm:  ring_zfp_online_coll
  ZFP rate:   10
  Epochs:     10
  Batch/rank: 4
  LR:         0.1
  Scheduler:  cosine
  Warmup:     0
  Grad clip:  None
  Drop last:  True
  Data dir:   ./data
================================================================================


================================================================================
DISTRIBUTED TRAINING LAUNCHER
================================================================================
  Model:      wide_resnet50_2 (CIFAR stem) (from scratch)
  Dataset:    cifar10 (10 classes)
  Image size: 32
  LR:         0.1
  Momentum:   0.9 (nesterov=True)
  Optimizer:  sgd
  Weight dec: 0.0005 (on BN/bias=False)
  Backend:    mpi
  Algorithm:  ring_zfp_online_coll
  ZFP rate:   10
  Epochs:     10
  Batch/rank: 4
  LR:         0.1
  Scheduler:  cosine
  Warmup:     0
  Grad clip:  None
  Drop last:  True
  Data dir:   ./data
================================================================================


================================================================================
DISTRIBUTED TRAINING LAUNCHER
================================================================================
  Model:      wide_resnet50_2 (CIFAR stem) (from scratch)
  Dataset:    cifar10 (10 classes)
  Image size: 32
  LR:         0.1
  Momentum:   0.9 (nesterov=True)
  Optimizer:  sgd
  Weight dec: 0.0005 (on BN/bias=False)
  Backend:    mpi
  Algorithm:  ring_zfp_online_coll
  ZFP rate:   10
  Epochs:     10
  Batch/rank: 4
  LR:         0.1
  Scheduler:  cosine
  Warmup:     0
  Grad clip:  None
  Drop last:  True
  Data dir:   ./data
================================================================================


================================================================================
DISTRIBUTED TRAINING LAUNCHER
================================================================================
  Model:      wide_resnet50_2 (CIFAR stem) (from scratch)
  Dataset:    cifar10 (10 classes)
  Image size: 32
  LR:         0.1
  Momentum:   0.9 (nesterov=True)
  Optimizer:  sgd
  Weight dec: 0.0005 (on BN/bias=False)
  Backend:    mpi
  Algorithm:  ring_zfp_online_coll
  ZFP rate:   10
  Epochs:     10
  Batch/rank: 4
  LR:         0.1
  Scheduler:  cosine
  Warmup:     0
  Grad clip:  None
  Drop last:  True
  Data dir:   ./data
================================================================================


================================================================================
DISTRIBUTED TRAINING LAUNCHER
================================================================================
  Model:      wide_resnet50_2 (CIFAR stem) (from scratch)
  Dataset:    cifar10 (10 classes)
  Image size: 32
  LR:         0.1
  Momentum:   0.9 (nesterov=True)
  Optimizer:  sgd
  Weight dec: 0.0005 (on BN/bias=False)
  Backend:    mpi
  Algorithm:  ring_zfp_online_coll
  ZFP rate:   10
  Epochs:     10
  Batch/rank: 4
  LR:         0.1
  Scheduler:  cosine
  Warmup:     0
  Grad clip:  None
  Drop last:  True
  Data dir:   ./data
================================================================================


================================================================================
DISTRIBUTED TRAINING LAUNCHER
================================================================================
  Model:      wide_resnet50_2 (CIFAR stem) (from scratch)
  Dataset:    cifar10 (10 classes)
  Image size: 32
  LR:         0.1
  Momentum:   0.9 (nesterov=True)
  Optimizer:  sgd
  Weight dec: 0.0005 (on BN/bias=False)
  Backend:    mpi
  Algorithm:  ring_zfp_online_coll
  ZFP rate:   10
  Epochs:     10
  Batch/rank: 4
  LR:         0.1
  Scheduler:  cosine
  Warmup:     0
  Grad clip:  None
  Drop last:  True
  Data dir:   ./data
================================================================================


================================================================================
DISTRIBUTED TRAINING LAUNCHER
================================================================================
  Model:      wide_resnet50_2 (CIFAR stem) (from scratch)
  Dataset:    cifar10 (10 classes)
  Image size: 32
  LR:         0.1
  Momentum:   0.9 (nesterov=True)
  Optimizer:  sgd
  Weight dec: 0.0005 (on BN/bias=False)
  Backend:    mpi
  Algorithm:  ring_zfp_online_coll
  ZFP rate:   10
  Epochs:     10
  Batch/rank: 4
  LR:         0.1
  Scheduler:  cosine
  Warmup:     0
  Grad clip:  None
  Drop last:  True
  Data dir:   ./data
================================================================================

  Batch [50/390] Loss: 53.9269, Acc: 10.00%, lr: 0.099959
  Batch [100/390] Loss: 37.1224, Acc: 12.00%, lr: 0.099838
  Batch [150/390] Loss: 32.4169, Acc: 12.17%, lr: 0.099635
  Batch [200/390] Loss: 28.9374, Acc: 13.62%, lr: 0.099353
  Batch [250/390] Loss: 27.1244, Acc: 13.00%, lr: 0.098990
  Batch [300/390] Loss: 25.1178, Acc: 12.42%, lr: 0.098547
  Batch [350/390] Loss: 23.5290, Acc: 12.14%, lr: 0.098026
[Epoch 1] Train Loss: 22.6133, Acc: 12.18%  |  Val Loss: 5608.0668, Acc: 10.00%  |  Time: 86.1s
[Epoch 1] t_iter median: 182.93 ms  (fwd 6.98 | bwd+comm 172.57 | opt 3.23 | data 0.11)  |  train-only epoch: 73.1s
  -> Best model saved (10.00%)
[Epoch 1] Summarizing hook timing...

[HOOK_TIMING_SUMMARY] epoch=1
[HOOK_WORK_SUMMARY] label=mpi:ring_zfp_online_coll:rate10 calls=3106 work_total_ms=67622.354 work_mean_ms=21.772 work_min_ms=16.128 work_max_ms=1080.584
[HOOK_TAIL_SUMMARY] label=mpi:ring_zfp_online_coll:rate10 steps=391 tail_total_ms=64029.412 tail_mean_ms=163.758 tail_min_ms=60.539 tail_max_ms=1093.429
[Epoch 1] Hook timing summary done

[Epoch 2] Training... (lr at epoch start=0.097553)
  Batch [50/390] Loss: 18.9878, Acc: 15.00%, lr: 0.096892
  Batch [100/390] Loss: 16.2122, Acc: 15.50%, lr: 0.096155
  Batch [150/390] Loss: 16.1573, Acc: 16.17%, lr: 0.095344
  Batch [200/390] Loss: 16.1568, Acc: 15.75%, lr: 0.094459
  Batch [250/390] Loss: 15.4034, Acc: 15.50%, lr: 0.093501
  Batch [300/390] Loss: 15.5720, Acc: 15.42%, lr: 0.092473
  Batch [350/390] Loss: 15.4180, Acc: 15.93%, lr: 0.091377
[Epoch 2] Train Loss: 15.0276, Acc: 15.64%  |  Val Loss: 2083.5864, Acc: 10.00%  |  Time: 84.4s
[Epoch 2] t_iter median: 182.36 ms  (fwd 6.93 | bwd+comm 171.84 | opt 3.52 | data 0.07)  |  train-only epoch: 71.5s
[Epoch 2] Summarizing hook timing...

[HOOK_TIMING_SUMMARY] epoch=2
[HOOK_WORK_SUMMARY] label=mpi:ring_zfp_online_coll:rate10 calls=3120 work_total_ms=66446.131 work_mean_ms=21.297 work_min_ms=16.094 work_max_ms=63.925
[HOOK_TAIL_SUMMARY] label=mpi:ring_zfp_online_coll:rate10 steps=390 tail_total_ms=62679.922 tail_mean_ms=160.718 tail_min_ms=154.837 tail_max_ms=201.261
[Epoch 2] Hook timing summary done

[Epoch 3] Training... (lr at epoch start=0.090451)
  Batch [50/390] Loss: 14.0501, Acc: 12.50%, lr: 0.089235
  Batch [100/390] Loss: 12.1733, Acc: 13.75%, lr: 0.087955
  Batch [150/390] Loss: 13.3372, Acc: 13.33%, lr: 0.086613
  Batch [200/390] Loss: 12.8523, Acc: 14.00%, lr: 0.085213
  Batch [250/390] Loss: 12.2524, Acc: 14.30%, lr: 0.083755
  Batch [300/390] Loss: 12.2732, Acc: 13.92%, lr: 0.082242
  Batch [350/390] Loss: 12.1758, Acc: 13.64%, lr: 0.080677
[Epoch 3] Train Loss: 11.8793, Acc: 13.59%  |  Val Loss: 1472.8463, Acc: 9.99%  |  Time: 84.2s
[Epoch 3] t_iter median: 182.68 ms  (fwd 7.00 | bwd+comm 172.22 | opt 3.30 | data 0.11)  |  train-only epoch: 71.6s
[Epoch 3] Summarizing hook timing...

[HOOK_TIMING_SUMMARY] epoch=3
[HOOK_WORK_SUMMARY] label=mpi:ring_zfp_online_coll:rate10 calls=3120 work_total_ms=66606.974 work_mean_ms=21.348 work_min_ms=15.564 work_max_ms=47.295
[HOOK_TAIL_SUMMARY] label=mpi:ring_zfp_online_coll:rate10 steps=390 tail_total_ms=62861.706 tail_mean_ms=161.184 tail_min_ms=154.817 tail_max_ms=201.762
[Epoch 3] Hook timing summary done

[Epoch 4] Training... (lr at epoch start=0.079389)
  Batch [50/390] Loss: 9.4483, Acc: 12.50%, lr: 0.077737
  Batch [100/390] Loss: 8.4464, Acc: 13.00%, lr: 0.076039
  Batch [150/390] Loss: 8.3804, Acc: 12.83%, lr: 0.074299
  Batch [200/390] Loss: 8.4955, Acc: 13.25%, lr: 0.072520
  Batch [250/390] Loss: 8.8109, Acc: 13.00%, lr: 0.070704
  Batch [300/390] Loss: 8.7550, Acc: 13.50%, lr: 0.068855
  Batch [350/390] Loss: 8.5626, Acc: 13.71%, lr: 0.066975
[Epoch 4] Train Loss: 8.6471, Acc: 13.33%  |  Val Loss: 1059.5435, Acc: 10.00%  |  Time: 84.2s
[Epoch 4] t_iter median: 182.13 ms  (fwd 6.97 | bwd+comm 171.80 | opt 3.29 | data 0.10)  |  train-only epoch: 71.4s
[Epoch 4] Summarizing hook timing...

[HOOK_TIMING_SUMMARY] epoch=4
[HOOK_WORK_SUMMARY] label=mpi:ring_zfp_online_coll:rate10 calls=3120 work_total_ms=66369.571 work_mean_ms=21.272 work_min_ms=15.964 work_max_ms=41.273
[HOOK_TAIL_SUMMARY] label=mpi:ring_zfp_online_coll:rate10 steps=390 tail_total_ms=62567.834 tail_mean_ms=160.430 tail_min_ms=155.819 tail_max_ms=199.473
[Epoch 4] Hook timing summary done

[Epoch 5] Training... (lr at epoch start=0.065451)
  Batch [50/390] Loss: 7.0016, Acc: 12.00%, lr: 0.063524
  Batch [100/390] Loss: 7.0017, Acc: 11.75%, lr: 0.061574
  Batch [150/390] Loss: 6.6386, Acc: 12.00%, lr: 0.059606
  Batch [200/390] Loss: 6.9770, Acc: 11.75%, lr: 0.057623
  Batch [250/390] Loss: 6.7116, Acc: 12.90%, lr: 0.055627
  Batch [300/390] Loss: 6.5336, Acc: 13.00%, lr: 0.053622
  Batch [350/390] Loss: 6.4636, Acc: 13.50%, lr: 0.051611
[Epoch 5] Train Loss: 6.3862, Acc: 13.85%  |  Val Loss: 428.0563, Acc: 10.00%  |  Time: 84.3s
[Epoch 5] t_iter median: 182.72 ms  (fwd 6.83 | bwd+comm 172.49 | opt 3.35 | data 0.06)  |  train-only epoch: 71.5s
[Epoch 5] Summarizing hook timing...

[HOOK_TIMING_SUMMARY] epoch=5
[HOOK_WORK_SUMMARY] label=mpi:ring_zfp_online_coll:rate10 calls=3120 work_total_ms=66593.654 work_mean_ms=21.344 work_min_ms=15.487 work_max_ms=56.540
[HOOK_TAIL_SUMMARY] label=mpi:ring_zfp_online_coll:rate10 steps=390 tail_total_ms=62783.713 tail_mean_ms=160.984 tail_min_ms=154.878 tail_max_ms=201.862
[Epoch 5] Hook timing summary done

[Epoch 6] Training... (lr at epoch start=0.050000)
  Batch [50/390] Loss: 7.9369, Acc: 13.50%, lr: 0.047987
  Batch [100/390] Loss: 8.0497, Acc: 13.25%, lr: 0.045977
  Batch [150/390] Loss: 7.8243, Acc: 13.50%, lr: 0.043973
  Batch [200/390] Loss: 7.3546, Acc: 14.25%, lr: 0.041979
  Batch [250/390] Loss: 6.9782, Acc: 14.60%, lr: 0.039999
  Batch [300/390] Loss: 6.8943, Acc: 14.25%, lr: 0.038034
  Batch [350/390] Loss: 6.7310, Acc: 14.86%, lr: 0.036089
[Epoch 6] Train Loss: 6.6509, Acc: 14.49%  |  Val Loss: 5495.5157, Acc: 10.07%  |  Time: 88.1s
[Epoch 6] t_iter median: 182.25 ms  (fwd 6.83 | bwd+comm 172.09 | opt 3.27 | data 0.10)  |  train-only epoch: 75.2s
  -> Best model saved (10.07%)
[Epoch 6] Summarizing hook timing...

[HOOK_TIMING_SUMMARY] epoch=6
[HOOK_WORK_SUMMARY] label=mpi:ring_zfp_online_coll:rate10 calls=3120 work_total_ms=69921.546 work_mean_ms=22.411 work_min_ms=16.059 work_max_ms=1213.878
[HOOK_TAIL_SUMMARY] label=mpi:ring_zfp_online_coll:rate10 steps=390 tail_total_ms=66297.368 tail_mean_ms=169.993 tail_min_ms=156.646 tail_max_ms=1387.525
[Epoch 6] Hook timing summary done

[Epoch 7] Training... (lr at epoch start=0.034549)
  Batch [50/390] Loss: 5.4273, Acc: 14.00%, lr: 0.032647
  Batch [100/390] Loss: 4.8488, Acc: 13.75%, lr: 0.030773
  Batch [150/390] Loss: 4.5019, Acc: 15.83%, lr: 0.028930
  Batch [200/390] Loss: 4.2546, Acc: 16.50%, lr: 0.027121
  Batch [250/390] Loss: 4.3506, Acc: 16.40%, lr: 0.025350
  Batch [300/390] Loss: 4.2270, Acc: 16.33%, lr: 0.023618
  Batch [350/390] Loss: 4.1054, Acc: 16.07%, lr: 0.021929
[Epoch 7] Train Loss: 4.0515, Acc: 15.32%  |  Val Loss: 80.4062, Acc: 12.01%  |  Time: 84.2s
[Epoch 7] t_iter median: 182.22 ms  (fwd 6.93 | bwd+comm 171.67 | opt 3.52 | data 0.07)  |  train-only epoch: 71.4s
  -> Best model saved (12.01%)
[Epoch 7] Summarizing hook timing...

[HOOK_TIMING_SUMMARY] epoch=7
[HOOK_WORK_SUMMARY] label=mpi:ring_zfp_online_coll:rate10 calls=3120 work_total_ms=66354.833 work_mean_ms=21.268 work_min_ms=15.941 work_max_ms=56.653
[HOOK_TAIL_SUMMARY] label=mpi:ring_zfp_online_coll:rate10 steps=390 tail_total_ms=62507.842 tail_mean_ms=160.277 tail_min_ms=151.049 tail_max_ms=201.981
[Epoch 7] Hook timing summary done

[Epoch 8] Training... (lr at epoch start=0.020611)
  Batch [50/390] Loss: 3.1656, Acc: 14.00%, lr: 0.019006
  Batch [100/390] Loss: 3.2163, Acc: 13.00%, lr: 0.017451
  Batch [150/390] Loss: 3.0096, Acc: 15.83%, lr: 0.015949
  Batch [200/390] Loss: 2.9797, Acc: 15.12%, lr: 0.014503
  Batch [250/390] Loss: 2.8728, Acc: 16.70%, lr: 0.013113
  Batch [300/390] Loss: 2.8256, Acc: 17.00%, lr: 0.011784
  Batch [350/390] Loss: 2.7872, Acc: 16.71%, lr: 0.010517
[Epoch 8] Train Loss: 2.7664, Acc: 16.54%  |  Val Loss: 16.1619, Acc: 16.90%  |  Time: 84.1s
[Epoch 8] t_iter median: 182.37 ms  (fwd 6.87 | bwd+comm 172.18 | opt 3.28 | data 0.07)  |  train-only epoch: 71.4s
  -> Best model saved (16.90%)
[Epoch 8] Summarizing hook timing...

[HOOK_TIMING_SUMMARY] epoch=8
[HOOK_WORK_SUMMARY] label=mpi:ring_zfp_online_coll:rate10 calls=3120 work_total_ms=66582.410 work_mean_ms=21.341 work_min_ms=16.154 work_max_ms=47.112
[HOOK_TAIL_SUMMARY] label=mpi:ring_zfp_online_coll:rate10 steps=390 tail_total_ms=62863.905 tail_mean_ms=161.189 tail_min_ms=155.484 tail_max_ms=197.738
[Epoch 8] Hook timing summary done

[Epoch 9] Training... (lr at epoch start=0.009549)
  Batch [50/390] Loss: 2.7036, Acc: 14.50%, lr: 0.008399
  Batch [100/390] Loss: 2.5995, Acc: 15.25%, lr: 0.007315
  Batch [150/390] Loss: 2.5502, Acc: 16.00%, lr: 0.006302
  Batch [200/390] Loss: 2.5395, Acc: 16.38%, lr: 0.005359
  Batch [250/390] Loss: 2.5221, Acc: 16.70%, lr: 0.004488
  Batch [300/390] Loss: 2.5221, Acc: 16.50%, lr: 0.003691
  Batch [350/390] Loss: 2.5385, Acc: 16.86%, lr: 0.002970
[Epoch 9] Train Loss: 2.5430, Acc: 17.18%  |  Val Loss: 40.6934, Acc: 19.05%  |  Time: 84.4s
[Epoch 9] t_iter median: 181.99 ms  (fwd 6.84 | bwd+comm 171.57 | opt 3.51 | data 0.11)  |  train-only epoch: 71.4s
  -> Best model saved (19.05%)
[Epoch 9] Summarizing hook timing...

[HOOK_TIMING_SUMMARY] epoch=9
[HOOK_WORK_SUMMARY] label=mpi:ring_zfp_online_coll:rate10 calls=3120 work_total_ms=66400.897 work_mean_ms=21.282 work_min_ms=15.813 work_max_ms=56.384
[HOOK_TAIL_SUMMARY] label=mpi:ring_zfp_online_coll:rate10 steps=390 tail_total_ms=62622.617 tail_mean_ms=160.571 tail_min_ms=154.338 tail_max_ms=194.099
[Epoch 9] Hook timing summary done

[Epoch 10] Training... (lr at epoch start=0.002447)
  Batch [50/390] Loss: 2.4767, Acc: 15.00%, lr: 0.001864
  Batch [100/390] Loss: 2.5111, Acc: 15.50%, lr: 0.001358
  Batch [150/390] Loss: 2.4737, Acc: 17.83%, lr: 0.000931
  Batch [200/390] Loss: 2.4525, Acc: 18.75%, lr: 0.000584
  Batch [250/390] Loss: 2.4685, Acc: 18.10%, lr: 0.000318
  Batch [300/390] Loss: 2.4548, Acc: 18.92%, lr: 0.000131
  Batch [350/390] Loss: 2.4679, Acc: 18.71%, lr: 0.000026
[Epoch 10] Train Loss: 2.4722, Acc: 18.40%  |  Val Loss: 15.3410, Acc: 19.12%  |  Time: 85.1s
[Epoch 10] t_iter median: 182.03 ms  (fwd 6.93 | bwd+comm 171.70 | opt 3.29 | data 0.06)  |  train-only epoch: 71.4s
  -> Best model saved (19.12%)
[Epoch 10] Summarizing hook timing...

[HOOK_TIMING_SUMMARY] epoch=10
[HOOK_WORK_SUMMARY] label=mpi:ring_zfp_online_coll:rate10 calls=3120 work_total_ms=66373.301 work_mean_ms=21.273 work_min_ms=16.015 work_max_ms=45.086
[HOOK_TAIL_SUMMARY] label=mpi:ring_zfp_online_coll:rate10 steps=390 tail_total_ms=62535.352 tail_mean_ms=160.347 tail_min_ms=155.714 tail_max_ms=199.247
[Epoch 10] Hook timing summary done

================================================================================
Done in 854.7s | Best val acc: 19.12%
Epoch times (train+val): mean=84.9s  min=84.1s  max=88.1s
Train-only epoch time (epochs 2..N): median=71.43s  min=71.35s  max=75.15s
  -> use this for STRONG scaling (fixed global batch)
  -> use t_iter_median_ms from the CSV for WEAK scaling (fixed local batch)
================================================================================
=== Finished training: model=wide_resnet50_2, dataset=cifar10, batch=4, lr=0.1, scheduler=cosine, backend=mpi, hook=ring_zfp_online_coll, zfp_rate=10, status=0 at Wed Jul 22 10:26:03 AM UTC 2026 ===
=== Starting training: model=wide_resnet50_2, dataset=cifar10, batch=4, lr=0.1, scheduler=cosine, backend=mpi, hook=recursive_doubling, zfp_rate=none at Wed Jul 22 10:26:03 AM UTC 2026 ===

================================================================================
DISTRIBUTED TRAINING LAUNCHER
================================================================================
  Model:      wide_resnet50_2 (CIFAR stem) (from scratch)
  Dataset:    cifar10 (10 classes)
  Image size: 32
  LR:         0.1
  Momentum:   0.9 (nesterov=True)
  Optimizer:  sgd
  Weight dec: 0.0005 (on BN/bias=False)
  Backend:    mpi
  Algorithm:  recursive_doubling
  Epochs:     10
  Batch/rank: 4
  LR:         0.1
  Scheduler:  cosine
  Warmup:     0
  Grad clip:  None
  Drop last:  True
  Data dir:   ./data
================================================================================


================================================================================
Distributed Training: WIDE_RESNET50_2 on CIFAR10
Backend: MPI, Algorithm: recursive_doubling
================================================================================
Ranks: 32, Epochs: 10, Batch/rank: 4, Effective batch: 128
LR: 0.1, Device: cuda:0

[Cache] Pretrained weights cache (TORCH_HOME) = ./data/pretrained_weights_cache
[Setup] Model on cuda:0, wrapped in DDP (static_graph=True)
[Setup] Hook registered: mpi/recursive_doubling
[Optim] SGD: lr=0.1 momentum=0.9 nesterov=True wd=0.0005 wd_on_bn_bias=False
[Optim]   group 0: 66,778,816 params, wd=0.0005
[Optim]   group 1: 68,234 params, wd=0.0

================================================================================
DISTRIBUTED TRAINING LAUNCHER
================================================================================
  Model:      wide_resnet50_2 (CIFAR stem) (from scratch)
  Dataset:    cifar10 (10 classes)
  Image size: 32
  LR:         0.1
  Momentum:   0.9 (nesterov=True)
  Optimizer:  sgd
  Weight dec: 0.0005 (on BN/bias=False)
  Backend:    mpi
  Algorithm:  recursive_doubling
  Epochs:     10
  Batch/rank: 4
  LR:         0.1
  Scheduler:  cosine
  Warmup:     0
  Grad clip:  None
  Drop last:  True
  Data dir:   ./data
================================================================================


================================================================================
DISTRIBUTED TRAINING LAUNCHER
================================================================================
  Model:      wide_resnet50_2 (CIFAR stem) (from scratch)
  Dataset:    cifar10 (10 classes)
  Image size: 32
  LR:         0.1
  Momentum:   0.9 (nesterov=True)
  Optimizer:  sgd
  Weight dec: 0.0005 (on BN/bias=False)
  Backend:    mpi
  Algorithm:  recursive_doubling
  Epochs:     10
  Batch/rank: 4
  LR:         0.1
  Scheduler:  cosine
  Warmup:     0
  Grad clip:  None
  Drop last:  True
  Data dir:   ./data
================================================================================


================================================================================
DISTRIBUTED TRAINING LAUNCHER
================================================================================
  Model:      wide_resnet50_2 (CIFAR stem) (from scratch)
  Dataset:    cifar10 (10 classes)
  Image size: 32
  LR:         0.1
  Momentum:   0.9 (nesterov=True)
  Optimizer:  sgd
  Weight dec: 0.0005 (on BN/bias=False)
  Backend:    mpi
  Algorithm:  recursive_doubling
  Epochs:     10
  Batch/rank: 4
  LR:         0.1
  Scheduler:  cosine
  Warmup:     0
  Grad clip:  None
  Drop last:  True
  Data dir:   ./data
================================================================================


================================================================================
DISTRIBUTED TRAINING LAUNCHER
================================================================================
  Model:      wide_resnet50_2 (CIFAR stem) (from scratch)
  Dataset:    cifar10 (10 classes)
  Image size: 32
  LR:         0.1
  Momentum:   0.9 (nesterov=True)
  Optimizer:  sgd
  Weight dec: 0.0005 (on BN/bias=False)
  Backend:    mpi
  Algorithm:  recursive_doubling
  Epochs:     10
  Batch/rank: 4
  LR:         0.1
  Scheduler:  cosine
  Warmup:     0
  Grad clip:  None
  Drop last:  True
  Data dir:   ./data
================================================================================


================================================================================
DISTRIBUTED TRAINING LAUNCHER
================================================================================
  Model:      wide_resnet50_2 (CIFAR stem) (from scratch)
  Dataset:    cifar10 (10 classes)
  Image size: 32
  LR:         0.1
  Momentum:   0.9 (nesterov=True)
  Optimizer:  sgd
  Weight dec: 0.0005 (on BN/bias=False)
  Backend:    mpi
  Algorithm:  recursive_doubling
  Epochs:     10
  Batch/rank: 4
  LR:         0.1
  Scheduler:  cosine
  Warmup:     0
  Grad clip:  None
  Drop last:  True
  Data dir:   ./data
================================================================================


================================================================================
DISTRIBUTED TRAINING LAUNCHER
================================================================================
  Model:      wide_resnet50_2 (CIFAR stem) (from scratch)
  Dataset:    cifar10 (10 classes)
  Image size: 32
  LR:         0.1
  Momentum:   0.9 (nesterov=True)
  Optimizer:  sgd
  Weight dec: 0.0005 (on BN/bias=False)
  Backend:    mpi
  Algorithm:  recursive_doubling
  Epochs:     10
  Batch/rank: 4
  LR:         0.1
  Scheduler:  cosine
  Warmup:     0
  Grad clip:  None
  Drop last:  True
  Data dir:   ./data
================================================================================


================================================================================
DISTRIBUTED TRAINING LAUNCHER
================================================================================
  Model:      wide_resnet50_2 (CIFAR stem) (from scratch)
  Dataset:    cifar10 (10 classes)
  Image size: 32
  LR:         0.1
  Momentum:   0.9 (nesterov=True)
  Optimizer:  sgd
  Weight dec: 0.0005 (on BN/bias=False)
  Backend:    mpi
  Algorithm:  recursive_doubling
  Epochs:     10
  Batch/rank: 4
  LR:         0.1
  Scheduler:  cosine
  Warmup:     0
  Grad clip:  None
  Drop last:  True
  Data dir:   ./data
================================================================================


================================================================================
DISTRIBUTED TRAINING LAUNCHER
================================================================================
  Model:      wide_resnet50_2 (CIFAR stem) (from scratch)
  Dataset:    cifar10 (10 classes)
  Image size: 32
  LR:         0.1
  Momentum:   0.9 (nesterov=True)
  Optimizer:  sgd
  Weight dec: 0.0005 (on BN/bias=False)
  Backend:    mpi
  Algorithm:  recursive_doubling
  Epochs:     10
  Batch/rank: 4
  LR:         0.1
  Scheduler:  cosine
  Warmup:     0
  Grad clip:  None
  Drop last:  True
  Data dir:   ./data
================================================================================


================================================================================
DISTRIBUTED TRAINING LAUNCHER
================================================================================
  Model:      wide_resnet50_2 (CIFAR stem) (from scratch)
  Dataset:    cifar10 (10 classes)
  Image size: 32
  LR:         0.1
  Momentum:   0.9 (nesterov=True)
  Optimizer:  sgd
  Weight dec: 0.0005 (on BN/bias=False)
  Backend:    mpi
  Algorithm:  recursive_doubling
  Epochs:     10
  Batch/rank: 4
  LR:         0.1
  Scheduler:  cosine
  Warmup:     0
  Grad clip:  None
  Drop last:  True
  Data dir:   ./data
================================================================================


================================================================================
DISTRIBUTED TRAINING LAUNCHER
================================================================================
  Model:      wide_resnet50_2 (CIFAR stem) (from scratch)
  Dataset:    cifar10 (10 classes)
  Image size: 32
  LR:         0.1
  Momentum:   0.9 (nesterov=True)
  Optimizer:  sgd
  Weight dec: 0.0005 (on BN/bias=False)
  Backend:    mpi
  Algorithm:  recursive_doubling
  Epochs:     10
  Batch/rank: 4
  LR:         0.1
  Scheduler:  cosine
  Warmup:     0
  Grad clip:  None
  Drop last:  True
  Data dir:   ./data
================================================================================


================================================================================
DISTRIBUTED TRAINING LAUNCHER
================================================================================
  Model:      wide_resnet50_2 (CIFAR stem) (from scratch)
  Dataset:    cifar10 (10 classes)
  Image size: 32
  LR:         0.1
  Momentum:   0.9 (nesterov=True)
  Optimizer:  sgd
  Weight dec: 0.0005 (on BN/bias=False)
  Backend:    mpi
  Algorithm:  recursive_doubling
  Epochs:     10
  Batch/rank: 4
  LR:         0.1
  Scheduler:  cosine
  Warmup:     0
  Grad clip:  None
  Drop last:  True
  Data dir:   ./data
================================================================================


================================================================================
DISTRIBUTED TRAINING LAUNCHER
================================================================================
  Model:      wide_resnet50_2 (CIFAR stem) (from scratch)
  Dataset:    cifar10 (10 classes)
  Image size: 32
  LR:         0.1
  Momentum:   0.9 (nesterov=True)
  Optimizer:  sgd
  Weight dec: 0.0005 (on BN/bias=False)
  Backend:    mpi
  Algorithm:  recursive_doubling
  Epochs:     10
  Batch/rank: 4
  LR:         0.1
  Scheduler:  cosine
  Warmup:     0
  Grad clip:  None
  Drop last:  True
  Data dir:   ./data
================================================================================

[Data] Train batches: 390, Val batches: 2500

[Sched] cosine: steps/epoch=390, total_steps=3900, warmup_steps=0 (0 epochs)


[Epoch 1] Training... (lr at epoch start=0.100000)

================================================================================
DISTRIBUTED TRAINING LAUNCHER
================================================================================
  Model:      wide_resnet50_2 (CIFAR stem) (from scratch)
  Dataset:    cifar10 (10 classes)
  Image size: 32
  LR:         0.1
  Momentum:   0.9 (nesterov=True)
  Optimizer:  sgd
  Weight dec: 0.0005 (on BN/bias=False)
  Backend:    mpi
  Algorithm:  recursive_doubling
  Epochs:     10
  Batch/rank: 4
  LR:         0.1
  Scheduler:  cosine
  Warmup:     0
  Grad clip:  None
  Drop last:  True
  Data dir:   ./data
================================================================================


================================================================================
DISTRIBUTED TRAINING LAUNCHER
================================================================================
  Model:      wide_resnet50_2 (CIFAR stem) (from scratch)
  Dataset:    cifar10 (10 classes)
  Image size: 32
  LR:         0.1
  Momentum:   0.9 (nesterov=True)
  Optimizer:  sgd
  Weight dec: 0.0005 (on BN/bias=False)
  Backend:    mpi
  Algorithm:  recursive_doubling
  Epochs:     10
  Batch/rank: 4
  LR:         0.1
  Scheduler:  cosine
  Warmup:     0
  Grad clip:  None
  Drop last:  True
  Data dir:   ./data
================================================================================


================================================================================
DISTRIBUTED TRAINING LAUNCHER
================================================================================
  Model:      wide_resnet50_2 (CIFAR stem) (from scratch)
  Dataset:    cifar10 (10 classes)
  Image size: 32
  LR:         0.1
  Momentum:   0.9 (nesterov=True)
  Optimizer:  sgd
  Weight dec: 0.0005 (on BN/bias=False)
  Backend:    mpi
  Algorithm:  recursive_doubling
  Epochs:     10
  Batch/rank: 4
  LR:         0.1
  Scheduler:  cosine
  Warmup:     0
  Grad clip:  None
  Drop last:  True
  Data dir:   ./data
================================================================================


================================================================================
DISTRIBUTED TRAINING LAUNCHER
================================================================================
  Model:      wide_resnet50_2 (CIFAR stem) (from scratch)
  Dataset:    cifar10 (10 classes)
  Image size: 32
  LR:         0.1
  Momentum:   0.9 (nesterov=True)
  Optimizer:  sgd
  Weight dec: 0.0005 (on BN/bias=False)
  Backend:    mpi
  Algorithm:  recursive_doubling
  Epochs:     10
  Batch/rank: 4
  LR:         0.1
  Scheduler:  cosine
  Warmup:     0
  Grad clip:  None
  Drop last:  True
  Data dir:   ./data
================================================================================


================================================================================
DISTRIBUTED TRAINING LAUNCHER
================================================================================
  Model:      wide_resnet50_2 (CIFAR stem) (from scratch)
  Dataset:    cifar10 (10 classes)
  Image size: 32
  LR:         0.1
  Momentum:   0.9 (nesterov=True)
  Optimizer:  sgd
  Weight dec: 0.0005 (on BN/bias=False)
  Backend:    mpi
  Algorithm:  recursive_doubling
  Epochs:     10
  Batch/rank: 4
  LR:         0.1
  Scheduler:  cosine
  Warmup:     0
  Grad clip:  None
  Drop last:  True
  Data dir:   ./data
================================================================================


================================================================================
DISTRIBUTED TRAINING LAUNCHER
================================================================================
  Model:      wide_resnet50_2 (CIFAR stem) (from scratch)
  Dataset:    cifar10 (10 classes)
  Image size: 32
  LR:         0.1
  Momentum:   0.9 (nesterov=True)
  Optimizer:  sgd
  Weight dec: 0.0005 (on BN/bias=False)
  Backend:    mpi
  Algorithm:  recursive_doubling
  Epochs:     10
  Batch/rank: 4
  LR:         0.1
  Scheduler:  cosine
  Warmup:     0
  Grad clip:  None
  Drop last:  True
  Data dir:   ./data
================================================================================


================================================================================
DISTRIBUTED TRAINING LAUNCHER
================================================================================
  Model:      wide_resnet50_2 (CIFAR stem) (from scratch)
  Dataset:    cifar10 (10 classes)
  Image size: 32
  LR:         0.1
  Momentum:   0.9 (nesterov=True)
  Optimizer:  sgd
  Weight dec: 0.0005 (on BN/bias=False)
  Backend:    mpi
  Algorithm:  recursive_doubling
  Epochs:     10
  Batch/rank: 4
  LR:         0.1
  Scheduler:  cosine
  Warmup:     0
  Grad clip:  None
  Drop last:  True
  Data dir:   ./data
================================================================================


================================================================================
DISTRIBUTED TRAINING LAUNCHER
================================================================================
  Model:      wide_resnet50_2 (CIFAR stem) (from scratch)
  Dataset:    cifar10 (10 classes)
  Image size: 32
  LR:         0.1
  Momentum:   0.9 (nesterov=True)
  Optimizer:  sgd
  Weight dec: 0.0005 (on BN/bias=False)
  Backend:    mpi
  Algorithm:  recursive_doubling
  Epochs:     10
  Batch/rank: 4
  LR:         0.1
  Scheduler:  cosine
  Warmup:     0
  Grad clip:  None
  Drop last:  True
  Data dir:   ./data
================================================================================


================================================================================
DISTRIBUTED TRAINING LAUNCHER
================================================================================
  Model:      wide_resnet50_2 (CIFAR stem) (from scratch)
  Dataset:    cifar10 (10 classes)
  Image size: 32
  LR:         0.1
  Momentum:   0.9 (nesterov=True)
  Optimizer:  sgd
  Weight dec: 0.0005 (on BN/bias=False)
  Backend:    mpi
  Algorithm:  recursive_doubling
  Epochs:     10
  Batch/rank: 4
  LR:         0.1
  Scheduler:  cosine
  Warmup:     0
  Grad clip:  None
  Drop last:  True
  Data dir:   ./data
================================================================================


================================================================================
DISTRIBUTED TRAINING LAUNCHER
================================================================================
  Model:      wide_resnet50_2 (CIFAR stem) (from scratch)
  Dataset:    cifar10 (10 classes)
  Image size: 32
  LR:         0.1
  Momentum:   0.9 (nesterov=True)
  Optimizer:  sgd
  Weight dec: 0.0005 (on BN/bias=False)
  Backend:    mpi
  Algorithm:  recursive_doubling
  Epochs:     10
  Batch/rank: 4
  LR:         0.1
  Scheduler:  cosine
  Warmup:     0
  Grad clip:  None
  Drop last:  True
  Data dir:   ./data
================================================================================


================================================================================
DISTRIBUTED TRAINING LAUNCHER
================================================================================
  Model:      wide_resnet50_2 (CIFAR stem) (from scratch)
  Dataset:    cifar10 (10 classes)
  Image size: 32
  LR:         0.1
  Momentum:   0.9 (nesterov=True)
  Optimizer:  sgd
  Weight dec: 0.0005 (on BN/bias=False)
  Backend:    mpi
  Algorithm:  recursive_doubling
  Epochs:     10
  Batch/rank: 4
  LR:         0.1
  Scheduler:  cosine
  Warmup:     0
  Grad clip:  None
  Drop last:  True
  Data dir:   ./data
================================================================================


================================================================================
DISTRIBUTED TRAINING LAUNCHER
================================================================================
  Model:      wide_resnet50_2 (CIFAR stem) (from scratch)
  Dataset:    cifar10 (10 classes)
  Image size: 32
  LR:         0.1
  Momentum:   0.9 (nesterov=True)
  Optimizer:  sgd
  Weight dec: 0.0005 (on BN/bias=False)
  Backend:    mpi
  Algorithm:  recursive_doubling
  Epochs:     10
  Batch/rank: 4
  LR:         0.1
  Scheduler:  cosine
  Warmup:     0
  Grad clip:  None
  Drop last:  True
  Data dir:   ./data
================================================================================


================================================================================
DISTRIBUTED TRAINING LAUNCHER
================================================================================
  Model:      wide_resnet50_2 (CIFAR stem) (from scratch)
  Dataset:    cifar10 (10 classes)
  Image size: 32
  LR:         0.1
  Momentum:   0.9 (nesterov=True)
  Optimizer:  sgd
  Weight dec: 0.0005 (on BN/bias=False)
  Backend:    mpi
  Algorithm:  recursive_doubling
  Epochs:     10
  Batch/rank: 4
  LR:         0.1
  Scheduler:  cosine
  Warmup:     0
  Grad clip:  None
  Drop last:  True
  Data dir:   ./data
================================================================================


================================================================================
DISTRIBUTED TRAINING LAUNCHER
================================================================================
  Model:      wide_resnet50_2 (CIFAR stem) (from scratch)
  Dataset:    cifar10 (10 classes)
  Image size: 32
  LR:         0.1
  Momentum:   0.9 (nesterov=True)
  Optimizer:  sgd
  Weight dec: 0.0005 (on BN/bias=False)
  Backend:    mpi
  Algorithm:  recursive_doubling
  Epochs:     10
  Batch/rank: 4
  LR:         0.1
  Scheduler:  cosine
  Warmup:     0
  Grad clip:  None
  Drop last:  True
  Data dir:   ./data
================================================================================


================================================================================
DISTRIBUTED TRAINING LAUNCHER
================================================================================
  Model:      wide_resnet50_2 (CIFAR stem) (from scratch)
  Dataset:    cifar10 (10 classes)
  Image size: 32
  LR:         0.1
  Momentum:   0.9 (nesterov=True)
  Optimizer:  sgd
  Weight dec: 0.0005 (on BN/bias=False)
  Backend:    mpi
  Algorithm:  recursive_doubling
  Epochs:     10
  Batch/rank: 4
  LR:         0.1
  Scheduler:  cosine
  Warmup:     0
  Grad clip:  None
  Drop last:  True
  Data dir:   ./data
================================================================================


================================================================================
DISTRIBUTED TRAINING LAUNCHER
================================================================================
  Model:      wide_resnet50_2 (CIFAR stem) (from scratch)
  Dataset:    cifar10 (10 classes)
  Image size: 32
  LR:         0.1
  Momentum:   0.9 (nesterov=True)
  Optimizer:  sgd
  Weight dec: 0.0005 (on BN/bias=False)
  Backend:    mpi
  Algorithm:  recursive_doubling
  Epochs:     10
  Batch/rank: 4
  LR:         0.1
  Scheduler:  cosine
  Warmup:     0
  Grad clip:  None
  Drop last:  True
  Data dir:   ./data
================================================================================


================================================================================
DISTRIBUTED TRAINING LAUNCHER
================================================================================
  Model:      wide_resnet50_2 (CIFAR stem) (from scratch)
  Dataset:    cifar10 (10 classes)
  Image size: 32
  LR:         0.1
  Momentum:   0.9 (nesterov=True)
  Optimizer:  sgd
  Weight dec: 0.0005 (on BN/bias=False)
  Backend:    mpi
  Algorithm:  recursive_doubling
  Epochs:     10
  Batch/rank: 4
  LR:         0.1
  Scheduler:  cosine
  Warmup:     0
  Grad clip:  None
  Drop last:  True
  Data dir:   ./data
================================================================================


================================================================================
DISTRIBUTED TRAINING LAUNCHER
================================================================================
  Model:      wide_resnet50_2 (CIFAR stem) (from scratch)
  Dataset:    cifar10 (10 classes)
  Image size: 32
  LR:         0.1
  Momentum:   0.9 (nesterov=True)
  Optimizer:  sgd
  Weight dec: 0.0005 (on BN/bias=False)
  Backend:    mpi
  Algorithm:  recursive_doubling
  Epochs:     10
  Batch/rank: 4
  LR:         0.1
  Scheduler:  cosine
  Warmup:     0
  Grad clip:  None
  Drop last:  True
  Data dir:   ./data
================================================================================


================================================================================
DISTRIBUTED TRAINING LAUNCHER
================================================================================
  Model:      wide_resnet50_2 (CIFAR stem) (from scratch)
  Dataset:    cifar10 (10 classes)
  Image size: 32
  LR:         0.1
  Momentum:   0.9 (nesterov=True)
  Optimizer:  sgd
  Weight dec: 0.0005 (on BN/bias=False)
  Backend:    mpi
  Algorithm:  recursive_doubling
  Epochs:     10
  Batch/rank: 4
  LR:         0.1
  Scheduler:  cosine
  Warmup:     0
  Grad clip:  None
  Drop last:  True
  Data dir:   ./data
================================================================================

  Batch [50/390] Loss: 17.1248, Acc: 10.00%, lr: 0.099959
  Batch [100/390] Loss: 10.0169, Acc: 10.00%, lr: 0.099838
  Batch [150/390] Loss: 7.4795, Acc: 11.50%, lr: 0.099635
  Batch [200/390] Loss: 6.2025, Acc: 11.50%, lr: 0.099353
  Batch [250/390] Loss: 5.4131, Acc: 12.40%, lr: 0.098990
  Batch [300/390] Loss: 4.8822, Acc: 13.17%, lr: 0.098547
  Batch [350/390] Loss: 4.4956, Acc: 13.86%, lr: 0.098026
[Epoch 1] Train Loss: 4.2611, Acc: 13.97%  |  Val Loss: 2.9569, Acc: 19.03%  |  Time: 94.6s
[Epoch 1] t_iter median: 206.16 ms  (fwd 6.97 | bwd+comm 195.69 | opt 3.31 | data 0.07)  |  train-only epoch: 81.8s
  -> Best model saved (19.03%)
[Epoch 1] Summarizing hook timing...

[HOOK_TIMING_SUMMARY] epoch=1
[HOOK_WORK_SUMMARY] label=mpi:recursive_doubling calls=3106 work_total_ms=75553.371 work_mean_ms=24.325 work_min_ms=5.660 work_max_ms=160.104
[HOOK_TAIL_SUMMARY] label=mpi:recursive_doubling steps=391 tail_total_ms=72209.774 tail_mean_ms=184.680 tail_min_ms=18.179 tail_max_ms=201.195
[Epoch 1] Hook timing summary done

[Epoch 2] Training... (lr at epoch start=0.097553)
  Batch [50/390] Loss: 2.1629, Acc: 13.50%, lr: 0.096892
  Batch [100/390] Loss: 2.1370, Acc: 17.00%, lr: 0.096155
  Batch [150/390] Loss: 2.1453, Acc: 18.17%, lr: 0.095344
  Batch [200/390] Loss: 2.1488, Acc: 17.50%, lr: 0.094459
  Batch [250/390] Loss: 2.1343, Acc: 18.40%, lr: 0.093501
  Batch [300/390] Loss: 2.1335, Acc: 18.42%, lr: 0.092473
  Batch [350/390] Loss: 2.1200, Acc: 18.93%, lr: 0.091377
[Epoch 2] Train Loss: 2.1172, Acc: 19.55%  |  Val Loss: 2.4948, Acc: 20.62%  |  Time: 93.3s
[Epoch 2] t_iter median: 207.32 ms  (fwd 6.84 | bwd+comm 196.91 | opt 3.43 | data 0.07)  |  train-only epoch: 81.0s
  -> Best model saved (20.62%)
[Epoch 2] Summarizing hook timing...

[HOOK_TIMING_SUMMARY] epoch=2
[HOOK_WORK_SUMMARY] label=mpi:recursive_doubling calls=3120 work_total_ms=76128.081 work_mean_ms=24.400 work_min_ms=5.657 work_max_ms=67.520
[HOOK_TAIL_SUMMARY] label=mpi:recursive_doubling steps=390 tail_total_ms=72820.328 tail_mean_ms=186.719 tail_min_ms=174.713 tail_max_ms=201.082
[Epoch 2] Hook timing summary done

[Epoch 3] Training... (lr at epoch start=0.090451)
  Batch [50/390] Loss: 2.0287, Acc: 20.50%, lr: 0.089235
  Batch [100/390] Loss: 2.0627, Acc: 21.75%, lr: 0.087955
  Batch [150/390] Loss: 2.0589, Acc: 24.00%, lr: 0.086613
  Batch [200/390] Loss: 2.0659, Acc: 23.25%, lr: 0.085213
  Batch [250/390] Loss: 2.0506, Acc: 23.90%, lr: 0.083755
  Batch [300/390] Loss: 2.0429, Acc: 24.42%, lr: 0.082242
  Batch [350/390] Loss: 2.0467, Acc: 23.86%, lr: 0.080677
[Epoch 3] Train Loss: 2.0357, Acc: 23.85%  |  Val Loss: 2.2019, Acc: 27.09%  |  Time: 93.6s
[Epoch 3] t_iter median: 206.70 ms  (fwd 6.89 | bwd+comm 196.23 | opt 3.49 | data 0.11)  |  train-only epoch: 80.9s
  -> Best model saved (27.09%)
[Epoch 3] Summarizing hook timing...

[HOOK_TIMING_SUMMARY] epoch=3
[HOOK_WORK_SUMMARY] label=mpi:recursive_doubling calls=3120 work_total_ms=75857.410 work_mean_ms=24.313 work_min_ms=5.661 work_max_ms=66.368
[HOOK_TAIL_SUMMARY] label=mpi:recursive_doubling steps=390 tail_total_ms=72505.216 tail_mean_ms=185.911 tail_min_ms=173.205 tail_max_ms=197.815
[Epoch 3] Hook timing summary done

[Epoch 4] Training... (lr at epoch start=0.079389)
  Batch [50/390] Loss: 1.9588, Acc: 26.50%, lr: 0.077737
  Batch [100/390] Loss: 1.9645, Acc: 27.25%, lr: 0.076039
  Batch [150/390] Loss: 1.9073, Acc: 28.50%, lr: 0.074299
  Batch [200/390] Loss: 1.9077, Acc: 29.25%, lr: 0.072520
  Batch [250/390] Loss: 1.9052, Acc: 28.70%, lr: 0.070704
  Batch [300/390] Loss: 1.8726, Acc: 29.83%, lr: 0.068855
  Batch [350/390] Loss: 1.8795, Acc: 29.50%, lr: 0.066975
[Epoch 4] Train Loss: 1.8617, Acc: 30.38%  |  Val Loss: 4.6452, Acc: 33.41%  |  Time: 93.2s
[Epoch 4] t_iter median: 205.53 ms  (fwd 6.82 | bwd+comm 195.19 | opt 3.44 | data 0.11)  |  train-only epoch: 80.6s
  -> Best model saved (33.41%)
[Epoch 4] Summarizing hook timing...

[HOOK_TIMING_SUMMARY] epoch=4
[HOOK_WORK_SUMMARY] label=mpi:recursive_doubling calls=3120 work_total_ms=75580.605 work_mean_ms=24.225 work_min_ms=5.504 work_max_ms=62.192
[HOOK_TAIL_SUMMARY] label=mpi:recursive_doubling steps=390 tail_total_ms=72191.034 tail_mean_ms=185.105 tail_min_ms=175.009 tail_max_ms=199.684
[Epoch 4] Hook timing summary done

[Epoch 5] Training... (lr at epoch start=0.065451)
  Batch [50/390] Loss: 1.7510, Acc: 32.50%, lr: 0.063524
  Batch [100/390] Loss: 1.8226, Acc: 31.25%, lr: 0.061574
  Batch [150/390] Loss: 1.7868, Acc: 31.33%, lr: 0.059606
  Batch [200/390] Loss: 1.7926, Acc: 31.50%, lr: 0.057623
  Batch [250/390] Loss: 1.7908, Acc: 31.70%, lr: 0.055627
  Batch [300/390] Loss: 1.7774, Acc: 32.50%, lr: 0.053622
  Batch [350/390] Loss: 1.7696, Acc: 33.29%, lr: 0.051611
[Epoch 5] Train Loss: 1.7664, Acc: 33.91%  |  Val Loss: 2.6332, Acc: 38.93%  |  Time: 93.4s
[Epoch 5] t_iter median: 206.30 ms  (fwd 6.84 | bwd+comm 196.08 | opt 3.26 | data 0.10)  |  train-only epoch: 80.8s
  -> Best model saved (38.93%)
[Epoch 5] Summarizing hook timing...

[HOOK_TIMING_SUMMARY] epoch=5
[HOOK_WORK_SUMMARY] label=mpi:recursive_doubling calls=3120 work_total_ms=75997.800 work_mean_ms=24.358 work_min_ms=5.818 work_max_ms=62.714
[HOOK_TAIL_SUMMARY] label=mpi:recursive_doubling steps=390 tail_total_ms=72756.493 tail_mean_ms=186.555 tail_min_ms=175.873 tail_max_ms=199.210
[Epoch 5] Hook timing summary done

[Epoch 6] Training... (lr at epoch start=0.050000)
  Batch [50/390] Loss: 1.5529, Acc: 41.50%, lr: 0.047987
  Batch [100/390] Loss: 1.6252, Acc: 38.00%, lr: 0.045977
  Batch [150/390] Loss: 1.6390, Acc: 39.50%, lr: 0.043973
  Batch [200/390] Loss: 1.6109, Acc: 41.12%, lr: 0.041979
  Batch [250/390] Loss: 1.6058, Acc: 40.30%, lr: 0.039999
  Batch [300/390] Loss: 1.6127, Acc: 40.17%, lr: 0.038034
  Batch [350/390] Loss: 1.6263, Acc: 40.29%, lr: 0.036089
[Epoch 6] Train Loss: 1.6185, Acc: 40.83%  |  Val Loss: 3.0089, Acc: 41.99%  |  Time: 93.6s
[Epoch 6] t_iter median: 206.36 ms  (fwd 6.79 | bwd+comm 196.26 | opt 3.20 | data 0.11)  |  train-only epoch: 80.9s
  -> Best model saved (41.99%)
[Epoch 6] Summarizing hook timing...

[HOOK_TIMING_SUMMARY] epoch=6
[HOOK_WORK_SUMMARY] label=mpi:recursive_doubling calls=3120 work_total_ms=76188.632 work_mean_ms=24.419 work_min_ms=6.330 work_max_ms=65.258
[HOOK_TAIL_SUMMARY] label=mpi:recursive_doubling steps=390 tail_total_ms=73005.459 tail_mean_ms=187.193 tail_min_ms=174.536 tail_max_ms=199.370
[Epoch 6] Hook timing summary done

[Epoch 7] Training... (lr at epoch start=0.034549)
  Batch [50/390] Loss: 1.5456, Acc: 41.00%, lr: 0.032647
  Batch [100/390] Loss: 1.5626, Acc: 41.00%, lr: 0.030773
  Batch [150/390] Loss: 1.5306, Acc: 42.50%, lr: 0.028930
  Batch [200/390] Loss: 1.5311, Acc: 43.00%, lr: 0.027121
  Batch [250/390] Loss: 1.5312, Acc: 43.10%, lr: 0.025350
  Batch [300/390] Loss: 1.5329, Acc: 42.33%, lr: 0.023618
  Batch [350/390] Loss: 1.5109, Acc: 42.64%, lr: 0.021929
[Epoch 7] Train Loss: 1.4998, Acc: 43.01%  |  Val Loss: 5.6975, Acc: 45.46%  |  Time: 93.1s
[Epoch 7] t_iter median: 206.30 ms  (fwd 6.78 | bwd+comm 196.19 | opt 3.20 | data 0.07)  |  train-only epoch: 80.6s
  -> Best model saved (45.46%)
[Epoch 7] Summarizing hook timing...

[HOOK_TIMING_SUMMARY] epoch=7
[HOOK_WORK_SUMMARY] label=mpi:recursive_doubling calls=3120 work_total_ms=75980.737 work_mean_ms=24.353 work_min_ms=5.440 work_max_ms=60.213
[HOOK_TAIL_SUMMARY] label=mpi:recursive_doubling steps=390 tail_total_ms=72773.921 tail_mean_ms=186.600 tail_min_ms=176.321 tail_max_ms=197.657
[Epoch 7] Hook timing summary done

[Epoch 8] Training... (lr at epoch start=0.020611)
  Batch [50/390] Loss: 1.5366, Acc: 41.50%, lr: 0.019006
  Batch [100/390] Loss: 1.5318, Acc: 40.00%, lr: 0.017451
  Batch [150/390] Loss: 1.4558, Acc: 45.50%, lr: 0.015949
  Batch [200/390] Loss: 1.4592, Acc: 46.38%, lr: 0.014503
  Batch [250/390] Loss: 1.4391, Acc: 46.30%, lr: 0.013113
  Batch [300/390] Loss: 1.4323, Acc: 47.00%, lr: 0.011784
  Batch [350/390] Loss: 1.4221, Acc: 47.93%, lr: 0.010517
[Epoch 8] Train Loss: 1.4267, Acc: 47.82%  |  Val Loss: 9.5177, Acc: 47.52%  |  Time: 93.5s
[Epoch 8] t_iter median: 206.24 ms  (fwd 6.80 | bwd+comm 196.11 | opt 3.20 | data 0.07)  |  train-only epoch: 80.8s
  -> Best model saved (47.52%)
[Epoch 8] Summarizing hook timing...

[HOOK_TIMING_SUMMARY] epoch=8
[HOOK_WORK_SUMMARY] label=mpi:recursive_doubling calls=3120 work_total_ms=76122.524 work_mean_ms=24.398 work_min_ms=6.538 work_max_ms=61.464
[HOOK_TAIL_SUMMARY] label=mpi:recursive_doubling steps=390 tail_total_ms=72938.993 tail_mean_ms=187.023 tail_min_ms=177.042 tail_max_ms=199.401
[Epoch 8] Hook timing summary done

[Epoch 9] Training... (lr at epoch start=0.009549)
  Batch [50/390] Loss: 1.4319, Acc: 47.00%, lr: 0.008399
  Batch [100/390] Loss: 1.3897, Acc: 49.25%, lr: 0.007315
  Batch [150/390] Loss: 1.4156, Acc: 49.00%, lr: 0.006302
  Batch [200/390] Loss: 1.4030, Acc: 49.38%, lr: 0.005359
  Batch [250/390] Loss: 1.3724, Acc: 50.40%, lr: 0.004488
  Batch [300/390] Loss: 1.3627, Acc: 50.50%, lr: 0.003691
  Batch [350/390] Loss: 1.3640, Acc: 50.57%, lr: 0.002970
[Epoch 9] Train Loss: 1.3634, Acc: 50.77%  |  Val Loss: 8.5320, Acc: 52.40%  |  Time: 93.6s
[Epoch 9] t_iter median: 206.49 ms  (fwd 6.78 | bwd+comm 196.36 | opt 3.21 | data 0.07)  |  train-only epoch: 80.9s
  -> Best model saved (52.40%)
[Epoch 9] Summarizing hook timing...

[HOOK_TIMING_SUMMARY] epoch=9
[HOOK_WORK_SUMMARY] label=mpi:recursive_doubling calls=3120 work_total_ms=76158.009 work_mean_ms=24.410 work_min_ms=5.885 work_max_ms=65.486
[HOOK_TAIL_SUMMARY] label=mpi:recursive_doubling steps=390 tail_total_ms=72944.896 tail_mean_ms=187.038 tail_min_ms=173.641 tail_max_ms=202.552
[Epoch 9] Hook timing summary done

[Epoch 10] Training... (lr at epoch start=0.002447)
  Batch [50/390] Loss: 1.3150, Acc: 48.50%, lr: 0.001864
  Batch [100/390] Loss: 1.3273, Acc: 49.75%, lr: 0.001358
  Batch [150/390] Loss: 1.2789, Acc: 51.83%, lr: 0.000931
  Batch [200/390] Loss: 1.2761, Acc: 52.38%, lr: 0.000584
  Batch [250/390] Loss: 1.2735, Acc: 53.00%, lr: 0.000318
  Batch [300/390] Loss: 1.2689, Acc: 53.00%, lr: 0.000131
  Batch [350/390] Loss: 1.2663, Acc: 53.43%, lr: 0.000026
[Epoch 10] Train Loss: 1.2827, Acc: 53.01%  |  Val Loss: 17.8221, Acc: 50.02%  |  Time: 93.4s
[Epoch 10] t_iter median: 206.46 ms  (fwd 6.75 | bwd+comm 196.42 | opt 3.20 | data 0.06)  |  train-only epoch: 80.8s
[Epoch 10] Summarizing hook timing...

[HOOK_TIMING_SUMMARY] epoch=10
[HOOK_WORK_SUMMARY] label=mpi:recursive_doubling calls=3120 work_total_ms=76179.348 work_mean_ms=24.416 work_min_ms=6.576 work_max_ms=62.088
[HOOK_TAIL_SUMMARY] label=mpi:recursive_doubling steps=390 tail_total_ms=72979.280 tail_mean_ms=187.126 tail_min_ms=176.555 tail_max_ms=198.984
[Epoch 10] Hook timing summary done

================================================================================
Done in 945.9s | Best val acc: 52.40%
Epoch times (train+val): mean=93.5s  min=93.1s  max=94.6s
Train-only epoch time (epochs 2..N): median=80.82s  min=80.56s  max=80.97s
  -> use this for STRONG scaling (fixed global batch)
  -> use t_iter_median_ms from the CSV for WEAK scaling (fixed local batch)
================================================================================
=== Finished training: model=wide_resnet50_2, dataset=cifar10, batch=4, lr=0.1, scheduler=cosine, backend=mpi, hook=recursive_doubling, zfp_rate=none, status=0 at Wed Jul 22 10:42:03 AM UTC 2026 ===
=== Starting training: model=wide_resnet50_2, dataset=cifar10, batch=4, lr=0.1, scheduler=cosine, backend=mpi, hook=recursive_doubling_zfp_naive, zfp_rate=16 at Wed Jul 22 10:42:03 AM UTC 2026 ===

================================================================================
DISTRIBUTED TRAINING LAUNCHER
================================================================================
  Model:      wide_resnet50_2 (CIFAR stem) (from scratch)
  Dataset:    cifar10 (10 classes)
  Image size: 32
  LR:         0.1
  Momentum:   0.9 (nesterov=True)
  Optimizer:  sgd
  Weight dec: 0.0005 (on BN/bias=False)
  Backend:    mpi
  Algorithm:  recursive_doubling_zfp_naive
  ZFP rate:   16
  Epochs:     10
  Batch/rank: 4
  LR:         0.1
  Scheduler:  cosine
  Warmup:     0
  Grad clip:  None
  Drop last:  True
  Data dir:   ./data
================================================================================


================================================================================
Distributed Training: WIDE_RESNET50_2 on CIFAR10
Backend: MPI, Algorithm: recursive_doubling_zfp_naive
================================================================================
Ranks: 32, Epochs: 10, Batch/rank: 4, Effective batch: 128
LR: 0.1, Device: cuda:0

[Cache] Pretrained weights cache (TORCH_HOME) = ./data/pretrained_weights_cache
[Setup] Model on cuda:0, wrapped in DDP (static_graph=True)
[Setup] Hook registered: mpi/recursive_doubling_zfp_naive
[Optim] SGD: lr=0.1 momentum=0.9 nesterov=True wd=0.0005 wd_on_bn_bias=False
[Optim]   group 0: 66,778,816 params, wd=0.0005
[Optim]   group 1: 68,234 params, wd=0.0

================================================================================
DISTRIBUTED TRAINING LAUNCHER
================================================================================
  Model:      wide_resnet50_2 (CIFAR stem) (from scratch)
  Dataset:    cifar10 (10 classes)
  Image size: 32
  LR:         0.1
  Momentum:   0.9 (nesterov=True)
  Optimizer:  sgd
  Weight dec: 0.0005 (on BN/bias=False)
  Backend:    mpi
  Algorithm:  recursive_doubling_zfp_naive
  ZFP rate:   16
  Epochs:     10
  Batch/rank: 4
  LR:         0.1
  Scheduler:  cosine
  Warmup:     0
  Grad clip:  None
  Drop last:  True
  Data dir:   ./data
================================================================================


================================================================================
DISTRIBUTED TRAINING LAUNCHER
================================================================================
  Model:      wide_resnet50_2 (CIFAR stem) (from scratch)
  Dataset:    cifar10 (10 classes)
  Image size: 32
  LR:         0.1
  Momentum:   0.9 (nesterov=True)
  Optimizer:  sgd
  Weight dec: 0.0005 (on BN/bias=False)
  Backend:    mpi
  Algorithm:  recursive_doubling_zfp_naive
  ZFP rate:   16
  Epochs:     10
  Batch/rank: 4
  LR:         0.1
  Scheduler:  cosine
  Warmup:     0
  Grad clip:  None
  Drop last:  True
  Data dir:   ./data
================================================================================


================================================================================
DISTRIBUTED TRAINING LAUNCHER
================================================================================
  Model:      wide_resnet50_2 (CIFAR stem) (from scratch)
  Dataset:    cifar10 (10 classes)
  Image size: 32
  LR:         0.1
  Momentum:   0.9 (nesterov=True)
  Optimizer:  sgd
  Weight dec: 0.0005 (on BN/bias=False)
  Backend:    mpi
  Algorithm:  recursive_doubling_zfp_naive
  ZFP rate:   16
  Epochs:     10
  Batch/rank: 4
  LR:         0.1
  Scheduler:  cosine
  Warmup:     0
  Grad clip:  None
  Drop last:  True
  Data dir:   ./data
================================================================================


================================================================================
DISTRIBUTED TRAINING LAUNCHER
================================================================================
  Model:      wide_resnet50_2 (CIFAR stem) (from scratch)
  Dataset:    cifar10 (10 classes)
  Image size: 32
  LR:         0.1
  Momentum:   0.9 (nesterov=True)
  Optimizer:  sgd
  Weight dec: 0.0005 (on BN/bias=False)
  Backend:    mpi
  Algorithm:  recursive_doubling_zfp_naive
  ZFP rate:   16
  Epochs:     10
  Batch/rank: 4
  LR:         0.1
  Scheduler:  cosine
  Warmup:     0
  Grad clip:  None
  Drop last:  True
  Data dir:   ./data
================================================================================


================================================================================
DISTRIBUTED TRAINING LAUNCHER
================================================================================
  Model:      wide_resnet50_2 (CIFAR stem) (from scratch)
  Dataset:    cifar10 (10 classes)
  Image size: 32
  LR:         0.1
  Momentum:   0.9 (nesterov=True)
  Optimizer:  sgd
  Weight dec: 0.0005 (on BN/bias=False)
  Backend:    mpi
  Algorithm:  recursive_doubling_zfp_naive
  ZFP rate:   16
  Epochs:     10
  Batch/rank: 4
  LR:         0.1
  Scheduler:  cosine
  Warmup:     0
  Grad clip:  None
  Drop last:  True
  Data dir:   ./data
================================================================================


================================================================================
DISTRIBUTED TRAINING LAUNCHER
================================================================================
  Model:      wide_resnet50_2 (CIFAR stem) (from scratch)
  Dataset:    cifar10 (10 classes)
  Image size: 32
  LR:         0.1
  Momentum:   0.9 (nesterov=True)
  Optimizer:  sgd
  Weight dec: 0.0005 (on BN/bias=False)
  Backend:    mpi
  Algorithm:  recursive_doubling_zfp_naive
  ZFP rate:   16
  Epochs:     10
  Batch/rank: 4
  LR:         0.1
  Scheduler:  cosine
  Warmup:     0
  Grad clip:  None
  Drop last:  True
  Data dir:   ./data
================================================================================


================================================================================
DISTRIBUTED TRAINING LAUNCHER
================================================================================
  Model:      wide_resnet50_2 (CIFAR stem) (from scratch)
  Dataset:    cifar10 (10 classes)
  Image size: 32
  LR:         0.1
  Momentum:   0.9 (nesterov=True)
  Optimizer:  sgd
  Weight dec: 0.0005 (on BN/bias=False)
  Backend:    mpi
  Algorithm:  recursive_doubling_zfp_naive
  ZFP rate:   16
  Epochs:     10
  Batch/rank: 4
  LR:         0.1
  Scheduler:  cosine
  Warmup:     0
  Grad clip:  None
  Drop last:  True
  Data dir:   ./data
================================================================================


================================================================================
DISTRIBUTED TRAINING LAUNCHER
================================================================================
  Model:      wide_resnet50_2 (CIFAR stem) (from scratch)
  Dataset:    cifar10 (10 classes)
  Image size: 32
  LR:         0.1
  Momentum:   0.9 (nesterov=True)
  Optimizer:  sgd
  Weight dec: 0.0005 (on BN/bias=False)
  Backend:    mpi
  Algorithm:  recursive_doubling_zfp_naive
  ZFP rate:   16
  Epochs:     10
  Batch/rank: 4
  LR:         0.1
  Scheduler:  cosine
  Warmup:     0
  Grad clip:  None
  Drop last:  True
  Data dir:   ./data
================================================================================


================================================================================
DISTRIBUTED TRAINING LAUNCHER
================================================================================
  Model:      wide_resnet50_2 (CIFAR stem) (from scratch)
  Dataset:    cifar10 (10 classes)
  Image size: 32
  LR:         0.1
  Momentum:   0.9 (nesterov=True)
  Optimizer:  sgd
  Weight dec: 0.0005 (on BN/bias=False)
  Backend:    mpi
  Algorithm:  recursive_doubling_zfp_naive
  ZFP rate:   16
  Epochs:     10
  Batch/rank: 4
  LR:         0.1
  Scheduler:  cosine
  Warmup:     0
  Grad clip:  None
  Drop last:  True
  Data dir:   ./data
================================================================================


================================================================================
DISTRIBUTED TRAINING LAUNCHER
================================================================================
  Model:      wide_resnet50_2 (CIFAR stem) (from scratch)
  Dataset:    cifar10 (10 classes)
  Image size: 32
  LR:         0.1
  Momentum:   0.9 (nesterov=True)
  Optimizer:  sgd
  Weight dec: 0.0005 (on BN/bias=False)
  Backend:    mpi
  Algorithm:  recursive_doubling_zfp_naive
  ZFP rate:   16
  Epochs:     10
  Batch/rank: 4
  LR:         0.1
  Scheduler:  cosine
  Warmup:     0
  Grad clip:  None
  Drop last:  True
  Data dir:   ./data
================================================================================


================================================================================
DISTRIBUTED TRAINING LAUNCHER
================================================================================
  Model:      wide_resnet50_2 (CIFAR stem) (from scratch)
  Dataset:    cifar10 (10 classes)
  Image size: 32
  LR:         0.1
  Momentum:   0.9 (nesterov=True)
  Optimizer:  sgd
  Weight dec: 0.0005 (on BN/bias=False)
  Backend:    mpi
  Algorithm:  recursive_doubling_zfp_naive
  ZFP rate:   16
  Epochs:     10
  Batch/rank: 4
  LR:         0.1
  Scheduler:  cosine
  Warmup:     0
  Grad clip:  None
  Drop last:  True
  Data dir:   ./data
================================================================================


================================================================================
DISTRIBUTED TRAINING LAUNCHER
================================================================================
  Model:      wide_resnet50_2 (CIFAR stem) (from scratch)
  Dataset:    cifar10 (10 classes)
  Image size: 32
  LR:         0.1
  Momentum:   0.9 (nesterov=True)
  Optimizer:  sgd
  Weight dec: 0.0005 (on BN/bias=False)
  Backend:    mpi
  Algorithm:  recursive_doubling_zfp_naive
  ZFP rate:   16
  Epochs:     10
  Batch/rank: 4
  LR:         0.1
  Scheduler:  cosine
  Warmup:     0
  Grad clip:  None
  Drop last:  True
  Data dir:   ./data
================================================================================


================================================================================
DISTRIBUTED TRAINING LAUNCHER
================================================================================
  Model:      wide_resnet50_2 (CIFAR stem) (from scratch)
  Dataset:    cifar10 (10 classes)
  Image size: 32
  LR:         0.1
  Momentum:   0.9 (nesterov=True)
  Optimizer:  sgd
  Weight dec: 0.0005 (on BN/bias=False)
  Backend:    mpi
  Algorithm:  recursive_doubling_zfp_naive
  ZFP rate:   16
  Epochs:     10
  Batch/rank: 4
  LR:         0.1
  Scheduler:  cosine
  Warmup:     0
  Grad clip:  None
  Drop last:  True
  Data dir:   ./data
================================================================================

[Data] Train batches: 390, Val batches: 2500

[Sched] cosine: steps/epoch=390, total_steps=3900, warmup_steps=0 (0 epochs)


[Epoch 1] Training... (lr at epoch start=0.100000)

================================================================================
DISTRIBUTED TRAINING LAUNCHER
================================================================================
  Model:      wide_resnet50_2 (CIFAR stem) (from scratch)
  Dataset:    cifar10 (10 classes)
  Image size: 32
  LR:         0.1
  Momentum:   0.9 (nesterov=True)
  Optimizer:  sgd
  Weight dec: 0.0005 (on BN/bias=False)
  Backend:    mpi
  Algorithm:  recursive_doubling_zfp_naive
  ZFP rate:   16
  Epochs:     10
  Batch/rank: 4
  LR:         0.1
  Scheduler:  cosine
  Warmup:     0
  Grad clip:  None
  Drop last:  True
  Data dir:   ./data
================================================================================


================================================================================
DISTRIBUTED TRAINING LAUNCHER
================================================================================
  Model:      wide_resnet50_2 (CIFAR stem) (from scratch)
  Dataset:    cifar10 (10 classes)
  Image size: 32
  LR:         0.1
  Momentum:   0.9 (nesterov=True)
  Optimizer:  sgd
  Weight dec: 0.0005 (on BN/bias=False)
  Backend:    mpi
  Algorithm:  recursive_doubling_zfp_naive
  ZFP rate:   16
  Epochs:     10
  Batch/rank: 4
  LR:         0.1
  Scheduler:  cosine
  Warmup:     0
  Grad clip:  None
  Drop last:  True
  Data dir:   ./data
================================================================================


================================================================================
DISTRIBUTED TRAINING LAUNCHER
================================================================================
  Model:      wide_resnet50_2 (CIFAR stem) (from scratch)
  Dataset:    cifar10 (10 classes)
  Image size: 32
  LR:         0.1
  Momentum:   0.9 (nesterov=True)
  Optimizer:  sgd
  Weight dec: 0.0005 (on BN/bias=False)
  Backend:    mpi
  Algorithm:  recursive_doubling_zfp_naive
  ZFP rate:   16
  Epochs:     10
  Batch/rank: 4
  LR:         0.1
  Scheduler:  cosine
  Warmup:     0
  Grad clip:  None
  Drop last:  True
  Data dir:   ./data
================================================================================


================================================================================
DISTRIBUTED TRAINING LAUNCHER
================================================================================
  Model:      wide_resnet50_2 (CIFAR stem) (from scratch)
  Dataset:    cifar10 (10 classes)
  Image size: 32
  LR:         0.1
  Momentum:   0.9 (nesterov=True)
  Optimizer:  sgd
  Weight dec: 0.0005 (on BN/bias=False)
  Backend:    mpi
  Algorithm:  recursive_doubling_zfp_naive
  ZFP rate:   16
  Epochs:     10
  Batch/rank: 4
  LR:         0.1
  Scheduler:  cosine
  Warmup:     0
  Grad clip:  None
  Drop last:  True
  Data dir:   ./data
================================================================================


================================================================================
DISTRIBUTED TRAINING LAUNCHER
================================================================================
  Model:      wide_resnet50_2 (CIFAR stem) (from scratch)
  Dataset:    cifar10 (10 classes)
  Image size: 32
  LR:         0.1
  Momentum:   0.9 (nesterov=True)
  Optimizer:  sgd
  Weight dec: 0.0005 (on BN/bias=False)
  Backend:    mpi
  Algorithm:  recursive_doubling_zfp_naive
  ZFP rate:   16
  Epochs:     10
  Batch/rank: 4
  LR:         0.1
  Scheduler:  cosine
  Warmup:     0
  Grad clip:  None
  Drop last:  True
  Data dir:   ./data
================================================================================


================================================================================
DISTRIBUTED TRAINING LAUNCHER
================================================================================
  Model:      wide_resnet50_2 (CIFAR stem) (from scratch)
  Dataset:    cifar10 (10 classes)
  Image size: 32
  LR:         0.1
  Momentum:   0.9 (nesterov=True)
  Optimizer:  sgd
  Weight dec: 0.0005 (on BN/bias=False)
  Backend:    mpi
  Algorithm:  recursive_doubling_zfp_naive
  ZFP rate:   16
  Epochs:     10
  Batch/rank: 4
  LR:         0.1
  Scheduler:  cosine
  Warmup:     0
  Grad clip:  None
  Drop last:  True
  Data dir:   ./data
================================================================================


================================================================================
DISTRIBUTED TRAINING LAUNCHER
================================================================================
  Model:      wide_resnet50_2 (CIFAR stem) (from scratch)
  Dataset:    cifar10 (10 classes)
  Image size: 32
  LR:         0.1
  Momentum:   0.9 (nesterov=True)
  Optimizer:  sgd
  Weight dec: 0.0005 (on BN/bias=False)
  Backend:    mpi
  Algorithm:  recursive_doubling_zfp_naive
  ZFP rate:   16
  Epochs:     10
  Batch/rank: 4
  LR:         0.1
  Scheduler:  cosine
  Warmup:     0
  Grad clip:  None
  Drop last:  True
  Data dir:   ./data
================================================================================


================================================================================
DISTRIBUTED TRAINING LAUNCHER
================================================================================
  Model:      wide_resnet50_2 (CIFAR stem) (from scratch)
  Dataset:    cifar10 (10 classes)
  Image size: 32
  LR:         0.1
  Momentum:   0.9 (nesterov=True)
  Optimizer:  sgd
  Weight dec: 0.0005 (on BN/bias=False)
  Backend:    mpi
  Algorithm:  recursive_doubling_zfp_naive
  ZFP rate:   16
  Epochs:     10
  Batch/rank: 4
  LR:         0.1
  Scheduler:  cosine
  Warmup:     0
  Grad clip:  None
  Drop last:  True
  Data dir:   ./data
================================================================================


================================================================================
DISTRIBUTED TRAINING LAUNCHER
================================================================================
  Model:      wide_resnet50_2 (CIFAR stem) (from scratch)
  Dataset:    cifar10 (10 classes)
  Image size: 32
  LR:         0.1
  Momentum:   0.9 (nesterov=True)
  Optimizer:  sgd
  Weight dec: 0.0005 (on BN/bias=False)
  Backend:    mpi
  Algorithm:  recursive_doubling_zfp_naive
  ZFP rate:   16
  Epochs:     10
  Batch/rank: 4
  LR:         0.1
  Scheduler:  cosine
  Warmup:     0
  Grad clip:  None
  Drop last:  True
  Data dir:   ./data
================================================================================


================================================================================
DISTRIBUTED TRAINING LAUNCHER
================================================================================
  Model:      wide_resnet50_2 (CIFAR stem) (from scratch)
  Dataset:    cifar10 (10 classes)
  Image size: 32
  LR:         0.1
  Momentum:   0.9 (nesterov=True)
  Optimizer:  sgd
  Weight dec: 0.0005 (on BN/bias=False)
  Backend:    mpi
  Algorithm:  recursive_doubling_zfp_naive
  ZFP rate:   16
  Epochs:     10
  Batch/rank: 4
  LR:         0.1
  Scheduler:  cosine
  Warmup:     0
  Grad clip:  None
  Drop last:  True
  Data dir:   ./data
================================================================================


================================================================================
DISTRIBUTED TRAINING LAUNCHER
================================================================================
  Model:      wide_resnet50_2 (CIFAR stem) (from scratch)
  Dataset:    cifar10 (10 classes)
  Image size: 32
  LR:         0.1
  Momentum:   0.9 (nesterov=True)
  Optimizer:  sgd
  Weight dec: 0.0005 (on BN/bias=False)
  Backend:    mpi
  Algorithm:  recursive_doubling_zfp_naive
  ZFP rate:   16
  Epochs:     10
  Batch/rank: 4
  LR:         0.1
  Scheduler:  cosine
  Warmup:     0
  Grad clip:  None
  Drop last:  True
  Data dir:   ./data
================================================================================


================================================================================
DISTRIBUTED TRAINING LAUNCHER
================================================================================
  Model:      wide_resnet50_2 (CIFAR stem) (from scratch)
  Dataset:    cifar10 (10 classes)
  Image size: 32
  LR:         0.1
  Momentum:   0.9 (nesterov=True)
  Optimizer:  sgd
  Weight dec: 0.0005 (on BN/bias=False)
  Backend:    mpi
  Algorithm:  recursive_doubling_zfp_naive
  ZFP rate:   16
  Epochs:     10
  Batch/rank: 4
  LR:         0.1
  Scheduler:  cosine
  Warmup:     0
  Grad clip:  None
  Drop last:  True
  Data dir:   ./data
================================================================================


================================================================================
DISTRIBUTED TRAINING LAUNCHER
================================================================================
  Model:      wide_resnet50_2 (CIFAR stem) (from scratch)
  Dataset:    cifar10 (10 classes)
  Image size: 32
  LR:         0.1
  Momentum:   0.9 (nesterov=True)
  Optimizer:  sgd
  Weight dec: 0.0005 (on BN/bias=False)
  Backend:    mpi
  Algorithm:  recursive_doubling_zfp_naive
  ZFP rate:   16
  Epochs:     10
  Batch/rank: 4
  LR:         0.1
  Scheduler:  cosine
  Warmup:     0
  Grad clip:  None
  Drop last:  True
  Data dir:   ./data
================================================================================


================================================================================
DISTRIBUTED TRAINING LAUNCHER
================================================================================
  Model:      wide_resnet50_2 (CIFAR stem) (from scratch)
  Dataset:    cifar10 (10 classes)
  Image size: 32
  LR:         0.1
  Momentum:   0.9 (nesterov=True)
  Optimizer:  sgd
  Weight dec: 0.0005 (on BN/bias=False)
  Backend:    mpi
  Algorithm:  recursive_doubling_zfp_naive
  ZFP rate:   16
  Epochs:     10
  Batch/rank: 4
  LR:         0.1
  Scheduler:  cosine
  Warmup:     0
  Grad clip:  None
  Drop last:  True
  Data dir:   ./data
================================================================================


================================================================================
DISTRIBUTED TRAINING LAUNCHER
================================================================================
  Model:      wide_resnet50_2 (CIFAR stem) (from scratch)
  Dataset:    cifar10 (10 classes)
  Image size: 32
  LR:         0.1
  Momentum:   0.9 (nesterov=True)
  Optimizer:  sgd
  Weight dec: 0.0005 (on BN/bias=False)
  Backend:    mpi
  Algorithm:  recursive_doubling_zfp_naive
  ZFP rate:   16
  Epochs:     10
  Batch/rank: 4
  LR:         0.1
  Scheduler:  cosine
  Warmup:     0
  Grad clip:  None
  Drop last:  True
  Data dir:   ./data
================================================================================


================================================================================
DISTRIBUTED TRAINING LAUNCHER
================================================================================
  Model:      wide_resnet50_2 (CIFAR stem) (from scratch)
  Dataset:    cifar10 (10 classes)
  Image size: 32
  LR:         0.1
  Momentum:   0.9 (nesterov=True)
  Optimizer:  sgd
  Weight dec: 0.0005 (on BN/bias=False)
  Backend:    mpi
  Algorithm:  recursive_doubling_zfp_naive
  ZFP rate:   16
  Epochs:     10
  Batch/rank: 4
  LR:         0.1
  Scheduler:  cosine
  Warmup:     0
  Grad clip:  None
  Drop last:  True
  Data dir:   ./data
================================================================================


================================================================================
DISTRIBUTED TRAINING LAUNCHER
================================================================================
  Model:      wide_resnet50_2 (CIFAR stem) (from scratch)
  Dataset:    cifar10 (10 classes)
  Image size: 32
  LR:         0.1
  Momentum:   0.9 (nesterov=True)
  Optimizer:  sgd
  Weight dec: 0.0005 (on BN/bias=False)
  Backend:    mpi
  Algorithm:  recursive_doubling_zfp_naive
  ZFP rate:   16
  Epochs:     10
  Batch/rank: 4
  LR:         0.1
  Scheduler:  cosine
  Warmup:     0
  Grad clip:  None
  Drop last:  True
  Data dir:   ./data
================================================================================


================================================================================
DISTRIBUTED TRAINING LAUNCHER
================================================================================
  Model:      wide_resnet50_2 (CIFAR stem) (from scratch)
  Dataset:    cifar10 (10 classes)
  Image size: 32
  LR:         0.1
  Momentum:   0.9 (nesterov=True)
  Optimizer:  sgd
  Weight dec: 0.0005 (on BN/bias=False)
  Backend:    mpi
  Algorithm:  recursive_doubling_zfp_naive
  ZFP rate:   16
  Epochs:     10
  Batch/rank: 4
  LR:         0.1
  Scheduler:  cosine
  Warmup:     0
  Grad clip:  None
  Drop last:  True
  Data dir:   ./data
================================================================================

  Batch [50/390] Loss: 23.6722, Acc: 8.50%, lr: 0.099959
  Batch [100/390] Loss: 13.0094, Acc: 9.50%, lr: 0.099838
  Batch [150/390] Loss: 9.4452, Acc: 11.33%, lr: 0.099635
  Batch [200/390] Loss: 7.6577, Acc: 12.25%, lr: 0.099353
  Batch [250/390] Loss: 6.5835, Acc: 11.90%, lr: 0.098990
  Batch [300/390] Loss: 5.8682, Acc: 12.25%, lr: 0.098547
  Batch [350/390] Loss: 5.3583, Acc: 12.21%, lr: 0.098026
[Epoch 1] Train Loss: 5.0462, Acc: 12.24%  |  Val Loss: 3.2141, Acc: 11.29%  |  Time: 62.3s
[Epoch 1] t_iter median: 125.06 ms  (fwd 6.84 | bwd+comm 114.63 | opt 3.48 | data 0.10)  |  train-only epoch: 49.7s
  -> Best model saved (11.29%)
[Epoch 1] Summarizing hook timing...

[HOOK_TIMING_SUMMARY] epoch=1
[HOOK_WORK_SUMMARY] label=mpi:recursive_doubling_zfp_naive:rate16 calls=3106 work_total_ms=44022.989 work_mean_ms=14.174 work_min_ms=4.957 work_max_ms=144.805
[HOOK_TAIL_SUMMARY] label=mpi:recursive_doubling_zfp_naive:rate16 steps=391 tail_total_ms=40559.008 tail_mean_ms=103.731 tail_min_ms=7.212 tail_max_ms=146.388
[Epoch 1] Hook timing summary done

[Epoch 2] Training... (lr at epoch start=0.097553)
  Batch [50/390] Loss: 2.2887, Acc: 12.50%, lr: 0.096892
  Batch [100/390] Loss: 2.2874, Acc: 15.00%, lr: 0.096155
  Batch [150/390] Loss: 2.2878, Acc: 14.33%, lr: 0.095344
  Batch [200/390] Loss: 2.2864, Acc: 13.38%, lr: 0.094459
  Batch [250/390] Loss: 2.2817, Acc: 12.50%, lr: 0.093501
  Batch [300/390] Loss: 2.2722, Acc: 13.33%, lr: 0.092473
  Batch [350/390] Loss: 2.2515, Acc: 13.71%, lr: 0.091377
[Epoch 2] Train Loss: 2.2418, Acc: 14.42%  |  Val Loss: 2.9135, Acc: 16.82%  |  Time: 61.8s
[Epoch 2] t_iter median: 125.62 ms  (fwd 6.85 | bwd+comm 115.15 | opt 3.48 | data 0.11)  |  train-only epoch: 49.2s
  -> Best model saved (16.82%)
[Epoch 2] Summarizing hook timing...

[HOOK_TIMING_SUMMARY] epoch=2
[HOOK_WORK_SUMMARY] label=mpi:recursive_doubling_zfp_naive:rate16 calls=3120 work_total_ms=44238.022 work_mean_ms=14.179 work_min_ms=5.029 work_max_ms=30.034
[HOOK_TAIL_SUMMARY] label=mpi:recursive_doubling_zfp_naive:rate16 steps=390 tail_total_ms=40735.348 tail_mean_ms=104.450 tail_min_ms=100.745 tail_max_ms=112.450
[Epoch 2] Hook timing summary done

[Epoch 3] Training... (lr at epoch start=0.090451)
  Batch [50/390] Loss: 2.1440, Acc: 14.50%, lr: 0.089235
  Batch [100/390] Loss: 2.1503, Acc: 17.75%, lr: 0.087955
  Batch [150/390] Loss: 2.1435, Acc: 19.83%, lr: 0.086613
  Batch [200/390] Loss: 2.1341, Acc: 20.25%, lr: 0.085213
  Batch [250/390] Loss: 2.1173, Acc: 20.40%, lr: 0.083755
  Batch [300/390] Loss: 2.1054, Acc: 20.33%, lr: 0.082242
  Batch [350/390] Loss: 2.1032, Acc: 19.57%, lr: 0.080677
[Epoch 3] Train Loss: 2.0950, Acc: 19.55%  |  Val Loss: 2.8826, Acc: 21.95%  |  Time: 62.2s
[Epoch 3] t_iter median: 126.05 ms  (fwd 6.91 | bwd+comm 115.85 | opt 3.20 | data 0.10)  |  train-only epoch: 49.4s
  -> Best model saved (21.95%)
[Epoch 3] Summarizing hook timing...

[HOOK_TIMING_SUMMARY] epoch=3
[HOOK_WORK_SUMMARY] label=mpi:recursive_doubling_zfp_naive:rate16 calls=3120 work_total_ms=44640.300 work_mean_ms=14.308 work_min_ms=5.386 work_max_ms=30.356
[HOOK_TAIL_SUMMARY] label=mpi:recursive_doubling_zfp_naive:rate16 steps=390 tail_total_ms=41321.964 tail_mean_ms=105.954 tail_min_ms=99.825 tail_max_ms=112.959
[Epoch 3] Hook timing summary done

[Epoch 4] Training... (lr at epoch start=0.079389)
  Batch [50/390] Loss: 1.9934, Acc: 15.50%, lr: 0.077737
  Batch [100/390] Loss: 2.0162, Acc: 18.00%, lr: 0.076039
  Batch [150/390] Loss: 1.9776, Acc: 19.50%, lr: 0.074299
  Batch [200/390] Loss: 1.9880, Acc: 20.50%, lr: 0.072520
  Batch [250/390] Loss: 1.9705, Acc: 21.30%, lr: 0.070704
  Batch [300/390] Loss: 1.9461, Acc: 22.58%, lr: 0.068855
  Batch [350/390] Loss: 1.9546, Acc: 22.64%, lr: 0.066975
[Epoch 4] Train Loss: 1.9424, Acc: 23.40%  |  Val Loss: 2.0495, Acc: 31.25%  |  Time: 61.6s
[Epoch 4] t_iter median: 125.11 ms  (fwd 6.88 | bwd+comm 114.67 | opt 3.48 | data 0.11)  |  train-only epoch: 49.0s
  -> Best model saved (31.25%)
[Epoch 4] Summarizing hook timing...

[HOOK_TIMING_SUMMARY] epoch=4
[HOOK_WORK_SUMMARY] label=mpi:recursive_doubling_zfp_naive:rate16 calls=3120 work_total_ms=44069.552 work_mean_ms=14.125 work_min_ms=4.897 work_max_ms=29.133
[HOOK_TAIL_SUMMARY] label=mpi:recursive_doubling_zfp_naive:rate16 steps=390 tail_total_ms=40609.345 tail_mean_ms=104.127 tail_min_ms=100.953 tail_max_ms=112.938
[Epoch 4] Hook timing summary done

[Epoch 5] Training... (lr at epoch start=0.065451)
  Batch [50/390] Loss: 1.9130, Acc: 26.00%, lr: 0.063524
  Batch [100/390] Loss: 1.8918, Acc: 27.50%, lr: 0.061574
  Batch [150/390] Loss: 1.8677, Acc: 27.67%, lr: 0.059606
  Batch [200/390] Loss: 1.8699, Acc: 27.38%, lr: 0.057623
  Batch [250/390] Loss: 1.8661, Acc: 27.10%, lr: 0.055627
  Batch [300/390] Loss: 1.8538, Acc: 27.75%, lr: 0.053622
  Batch [350/390] Loss: 1.8461, Acc: 28.14%, lr: 0.051611
[Epoch 5] Train Loss: 1.8443, Acc: 28.33%  |  Val Loss: 1.9137, Acc: 35.58%  |  Time: 61.5s
[Epoch 5] t_iter median: 125.72 ms  (fwd 6.80 | bwd+comm 115.65 | opt 3.20 | data 0.10)  |  train-only epoch: 49.2s
  -> Best model saved (35.58%)
[Epoch 5] Summarizing hook timing...

[HOOK_TIMING_SUMMARY] epoch=5
[HOOK_WORK_SUMMARY] label=mpi:recursive_doubling_zfp_naive:rate16 calls=3120 work_total_ms=44563.358 work_mean_ms=14.283 work_min_ms=6.105 work_max_ms=31.206
[HOOK_TAIL_SUMMARY] label=mpi:recursive_doubling_zfp_naive:rate16 steps=390 tail_total_ms=41248.708 tail_mean_ms=105.766 tail_min_ms=101.552 tail_max_ms=115.230
[Epoch 5] Hook timing summary done

[Epoch 6] Training... (lr at epoch start=0.050000)
  Batch [50/390] Loss: 1.6295, Acc: 38.00%, lr: 0.047987
  Batch [100/390] Loss: 1.6927, Acc: 35.25%, lr: 0.045977
  Batch [150/390] Loss: 1.7179, Acc: 35.17%, lr: 0.043973
  Batch [200/390] Loss: 1.6883, Acc: 36.62%, lr: 0.041979
  Batch [250/390] Loss: 1.6771, Acc: 36.90%, lr: 0.039999
  Batch [300/390] Loss: 1.6875, Acc: 37.50%, lr: 0.038034
  Batch [350/390] Loss: 1.6895, Acc: 36.93%, lr: 0.036089
[Epoch 6] Train Loss: 1.6752, Acc: 37.69%  |  Val Loss: 1.9214, Acc: 39.91%  |  Time: 62.1s
[Epoch 6] t_iter median: 125.51 ms  (fwd 6.85 | bwd+comm 115.17 | opt 3.48 | data 0.07)  |  train-only epoch: 49.2s
  -> Best model saved (39.91%)
[Epoch 6] Summarizing hook timing...

[HOOK_TIMING_SUMMARY] epoch=6
[HOOK_WORK_SUMMARY] label=mpi:recursive_doubling_zfp_naive:rate16 calls=3120 work_total_ms=44217.407 work_mean_ms=14.172 work_min_ms=4.721 work_max_ms=30.204
[HOOK_TAIL_SUMMARY] label=mpi:recursive_doubling_zfp_naive:rate16 steps=390 tail_total_ms=40740.007 tail_mean_ms=104.462 tail_min_ms=101.339 tail_max_ms=112.500
[Epoch 6] Hook timing summary done

[Epoch 7] Training... (lr at epoch start=0.034549)
  Batch [50/390] Loss: 1.5907, Acc: 42.00%, lr: 0.032647
  Batch [100/390] Loss: 1.6391, Acc: 39.25%, lr: 0.030773
  Batch [150/390] Loss: 1.6272, Acc: 38.33%, lr: 0.028930
  Batch [200/390] Loss: 1.6126, Acc: 39.38%, lr: 0.027121
  Batch [250/390] Loss: 1.6092, Acc: 40.40%, lr: 0.025350
  Batch [300/390] Loss: 1.5927, Acc: 40.75%, lr: 0.023618
  Batch [350/390] Loss: 1.5791, Acc: 41.21%, lr: 0.021929
[Epoch 7] Train Loss: 1.5668, Acc: 41.92%  |  Val Loss: 1.9060, Acc: 43.91%  |  Time: 62.0s
[Epoch 7] t_iter median: 125.47 ms  (fwd 6.87 | bwd+comm 115.07 | opt 3.48 | data 0.07)  |  train-only epoch: 49.2s
  -> Best model saved (43.91%)
[Epoch 7] Summarizing hook timing...

[HOOK_TIMING_SUMMARY] epoch=7
[HOOK_WORK_SUMMARY] label=mpi:recursive_doubling_zfp_naive:rate16 calls=3120 work_total_ms=44245.280 work_mean_ms=14.181 work_min_ms=4.929 work_max_ms=29.554
[HOOK_TAIL_SUMMARY] label=mpi:recursive_doubling_zfp_naive:rate16 steps=390 tail_total_ms=40759.712 tail_mean_ms=104.512 tail_min_ms=101.181 tail_max_ms=112.483
[Epoch 7] Hook timing summary done

[Epoch 8] Training... (lr at epoch start=0.020611)
  Batch [50/390] Loss: 1.6051, Acc: 41.50%, lr: 0.019006
  Batch [100/390] Loss: 1.5815, Acc: 44.25%, lr: 0.017451
  Batch [150/390] Loss: 1.5264, Acc: 44.67%, lr: 0.015949
  Batch [200/390] Loss: 1.5503, Acc: 43.62%, lr: 0.014503
  Batch [250/390] Loss: 1.5336, Acc: 44.20%, lr: 0.013113
  Batch [300/390] Loss: 1.5185, Acc: 44.50%, lr: 0.011784
  Batch [350/390] Loss: 1.5002, Acc: 44.79%, lr: 0.010517
[Epoch 8] Train Loss: 1.4910, Acc: 45.45%  |  Val Loss: 1.7050, Acc: 48.14%  |  Time: 61.8s
[Epoch 8] t_iter median: 125.62 ms  (fwd 6.88 | bwd+comm 115.41 | opt 3.23 | data 0.10)  |  train-only epoch: 49.2s
  -> Best model saved (48.14%)
[Epoch 8] Summarizing hook timing...

[HOOK_TIMING_SUMMARY] epoch=8
[HOOK_WORK_SUMMARY] label=mpi:recursive_doubling_zfp_naive:rate16 calls=3120 work_total_ms=44492.684 work_mean_ms=14.260 work_min_ms=5.542 work_max_ms=29.692
[HOOK_TAIL_SUMMARY] label=mpi:recursive_doubling_zfp_naive:rate16 steps=390 tail_total_ms=41144.444 tail_mean_ms=105.499 tail_min_ms=101.574 tail_max_ms=115.215
[Epoch 8] Hook timing summary done

[Epoch 9] Training... (lr at epoch start=0.009549)
  Batch [50/390] Loss: 1.4680, Acc: 46.50%, lr: 0.008399
  Batch [100/390] Loss: 1.4365, Acc: 46.75%, lr: 0.007315
  Batch [150/390] Loss: 1.4514, Acc: 46.17%, lr: 0.006302
  Batch [200/390] Loss: 1.4294, Acc: 47.38%, lr: 0.005359
  Batch [250/390] Loss: 1.4095, Acc: 48.40%, lr: 0.004488
  Batch [300/390] Loss: 1.3961, Acc: 48.42%, lr: 0.003691
  Batch [350/390] Loss: 1.3962, Acc: 47.86%, lr: 0.002970
[Epoch 9] Train Loss: 1.3881, Acc: 48.08%  |  Val Loss: 1.4161, Acc: 53.20%  |  Time: 62.3s
[Epoch 9] t_iter median: 125.40 ms  (fwd 6.90 | bwd+comm 115.09 | opt 3.24 | data 0.10)  |  train-only epoch: 49.1s
  -> Best model saved (53.20%)
[Epoch 9] Summarizing hook timing...

[HOOK_TIMING_SUMMARY] epoch=9
[HOOK_WORK_SUMMARY] label=mpi:recursive_doubling_zfp_naive:rate16 calls=3120 work_total_ms=44335.296 work_mean_ms=14.210 work_min_ms=5.741 work_max_ms=29.243
[HOOK_TAIL_SUMMARY] label=mpi:recursive_doubling_zfp_naive:rate16 steps=390 tail_total_ms=40950.569 tail_mean_ms=105.001 tail_min_ms=97.751 tail_max_ms=114.325
[Epoch 9] Hook timing summary done

[Epoch 10] Training... (lr at epoch start=0.002447)
  Batch [50/390] Loss: 1.2853, Acc: 50.50%, lr: 0.001864
  Batch [100/390] Loss: 1.3473, Acc: 47.00%, lr: 0.001358
  Batch [150/390] Loss: 1.3037, Acc: 49.83%, lr: 0.000931
  Batch [200/390] Loss: 1.2942, Acc: 52.00%, lr: 0.000584
  Batch [250/390] Loss: 1.2949, Acc: 52.10%, lr: 0.000318
  Batch [300/390] Loss: 1.2995, Acc: 52.83%, lr: 0.000131
  Batch [350/390] Loss: 1.3047, Acc: 52.79%, lr: 0.000026
[Epoch 10] Train Loss: 1.3215, Acc: 52.37%  |  Val Loss: 1.6269, Acc: 52.41%  |  Time: 61.5s
[Epoch 10] t_iter median: 125.30 ms  (fwd 6.86 | bwd+comm 114.89 | opt 3.48 | data 0.07)  |  train-only epoch: 49.1s
[Epoch 10] Summarizing hook timing...

[HOOK_TIMING_SUMMARY] epoch=10
[HOOK_WORK_SUMMARY] label=mpi:recursive_doubling_zfp_naive:rate16 calls=3120 work_total_ms=44145.651 work_mean_ms=14.149 work_min_ms=5.196 work_max_ms=29.931
[HOOK_TAIL_SUMMARY] label=mpi:recursive_doubling_zfp_naive:rate16 steps=390 tail_total_ms=40661.582 tail_mean_ms=104.260 tail_min_ms=100.483 tail_max_ms=113.380
[Epoch 10] Hook timing summary done

================================================================================
Done in 628.3s | Best val acc: 53.20%
Epoch times (train+val): mean=61.9s  min=61.5s  max=62.3s
Train-only epoch time (epochs 2..N): median=49.17s  min=49.02s  max=49.36s
  -> use this for STRONG scaling (fixed global batch)
  -> use t_iter_median_ms from the CSV for WEAK scaling (fixed local batch)
================================================================================
=== Finished training: model=wide_resnet50_2, dataset=cifar10, batch=4, lr=0.1, scheduler=cosine, backend=mpi, hook=recursive_doubling_zfp_naive, zfp_rate=16, status=0 at Wed Jul 22 10:52:41 AM UTC 2026 ===
=== Starting training: model=wide_resnet50_2, dataset=cifar10, batch=4, lr=0.1, scheduler=cosine, backend=mpi, hook=recursive_doubling_zfp_online_coll, zfp_rate=16 at Wed Jul 22 10:52:41 AM UTC 2026 ===

================================================================================
DISTRIBUTED TRAINING LAUNCHER
================================================================================
  Model:      wide_resnet50_2 (CIFAR stem) (from scratch)
  Dataset:    cifar10 (10 classes)
  Image size: 32
  LR:         0.1
  Momentum:   0.9 (nesterov=True)
  Optimizer:  sgd
  Weight dec: 0.0005 (on BN/bias=False)
  Backend:    mpi
  Algorithm:  recursive_doubling_zfp_online_coll
  ZFP rate:   16
  Epochs:     10
  Batch/rank: 4
  LR:         0.1
  Scheduler:  cosine
  Warmup:     0
  Grad clip:  None
  Drop last:  True
  Data dir:   ./data
================================================================================


================================================================================
Distributed Training: WIDE_RESNET50_2 on CIFAR10
Backend: MPI, Algorithm: recursive_doubling_zfp_online_coll
================================================================================
Ranks: 32, Epochs: 10, Batch/rank: 4, Effective batch: 128
LR: 0.1, Device: cuda:0

[Cache] Pretrained weights cache (TORCH_HOME) = ./data/pretrained_weights_cache
[Setup] Model on cuda:0, wrapped in DDP (static_graph=True)
[Setup] Hook registered: mpi/recursive_doubling_zfp_online_coll
[Optim] SGD: lr=0.1 momentum=0.9 nesterov=True wd=0.0005 wd_on_bn_bias=False
[Optim]   group 0: 66,778,816 params, wd=0.0005
[Optim]   group 1: 68,234 params, wd=0.0

================================================================================
DISTRIBUTED TRAINING LAUNCHER
================================================================================
  Model:      wide_resnet50_2 (CIFAR stem) (from scratch)
  Dataset:    cifar10 (10 classes)
  Image size: 32
  LR:         0.1
  Momentum:   0.9 (nesterov=True)
  Optimizer:  sgd
  Weight dec: 0.0005 (on BN/bias=False)
  Backend:    mpi
  Algorithm:  recursive_doubling_zfp_online_coll
  ZFP rate:   16
  Epochs:     10
  Batch/rank: 4
  LR:         0.1
  Scheduler:  cosine
  Warmup:     0
  Grad clip:  None
  Drop last:  True
  Data dir:   ./data
================================================================================


================================================================================
DISTRIBUTED TRAINING LAUNCHER
================================================================================
  Model:      wide_resnet50_2 (CIFAR stem) (from scratch)
  Dataset:    cifar10 (10 classes)
  Image size: 32
  LR:         0.1
  Momentum:   0.9 (nesterov=True)
  Optimizer:  sgd
  Weight dec: 0.0005 (on BN/bias=False)
  Backend:    mpi
  Algorithm:  recursive_doubling_zfp_online_coll
  ZFP rate:   16
  Epochs:     10
  Batch/rank: 4
  LR:         0.1
  Scheduler:  cosine
  Warmup:     0
  Grad clip:  None
  Drop last:  True
  Data dir:   ./data
================================================================================


================================================================================
DISTRIBUTED TRAINING LAUNCHER
================================================================================
  Model:      wide_resnet50_2 (CIFAR stem) (from scratch)
  Dataset:    cifar10 (10 classes)
  Image size: 32
  LR:         0.1
  Momentum:   0.9 (nesterov=True)
  Optimizer:  sgd
  Weight dec: 0.0005 (on BN/bias=False)
  Backend:    mpi
  Algorithm:  recursive_doubling_zfp_online_coll
  ZFP rate:   16
  Epochs:     10
  Batch/rank: 4
  LR:         0.1
  Scheduler:  cosine
  Warmup:     0
  Grad clip:  None
  Drop last:  True
  Data dir:   ./data
================================================================================


================================================================================
DISTRIBUTED TRAINING LAUNCHER
================================================================================
  Model:      wide_resnet50_2 (CIFAR stem) (from scratch)
  Dataset:    cifar10 (10 classes)
  Image size: 32
  LR:         0.1
  Momentum:   0.9 (nesterov=True)
  Optimizer:  sgd
  Weight dec: 0.0005 (on BN/bias=False)
  Backend:    mpi
  Algorithm:  recursive_doubling_zfp_online_coll
  ZFP rate:   16
  Epochs:     10
  Batch/rank: 4
  LR:         0.1
  Scheduler:  cosine
  Warmup:     0
  Grad clip:  None
  Drop last:  True
  Data dir:   ./data
================================================================================


================================================================================
DISTRIBUTED TRAINING LAUNCHER
================================================================================
  Model:      wide_resnet50_2 (CIFAR stem) (from scratch)
  Dataset:    cifar10 (10 classes)
  Image size: 32
  LR:         0.1
  Momentum:   0.9 (nesterov=True)
  Optimizer:  sgd
  Weight dec: 0.0005 (on BN/bias=False)
  Backend:    mpi
  Algorithm:  recursive_doubling_zfp_online_coll
  ZFP rate:   16
  Epochs:     10
  Batch/rank: 4
  LR:         0.1
  Scheduler:  cosine
  Warmup:     0
  Grad clip:  None
  Drop last:  True
  Data dir:   ./data
================================================================================


================================================================================
DISTRIBUTED TRAINING LAUNCHER
================================================================================
  Model:      wide_resnet50_2 (CIFAR stem) (from scratch)
  Dataset:    cifar10 (10 classes)
  Image size: 32
  LR:         0.1
  Momentum:   0.9 (nesterov=True)
  Optimizer:  sgd
  Weight dec: 0.0005 (on BN/bias=False)
  Backend:    mpi
  Algorithm:  recursive_doubling_zfp_online_coll
  ZFP rate:   16
  Epochs:     10
  Batch/rank: 4
  LR:         0.1
  Scheduler:  cosine
  Warmup:     0
  Grad clip:  None
  Drop last:  True
  Data dir:   ./data
================================================================================


================================================================================
DISTRIBUTED TRAINING LAUNCHER
================================================================================
  Model:      wide_resnet50_2 (CIFAR stem) (from scratch)
  Dataset:    cifar10 (10 classes)
  Image size: 32
  LR:         0.1
  Momentum:   0.9 (nesterov=True)
  Optimizer:  sgd
  Weight dec: 0.0005 (on BN/bias=False)
  Backend:    mpi
  Algorithm:  recursive_doubling_zfp_online_coll
  ZFP rate:   16
  Epochs:     10
  Batch/rank: 4
  LR:         0.1
  Scheduler:  cosine
  Warmup:     0
  Grad clip:  None
  Drop last:  True
  Data dir:   ./data
================================================================================


================================================================================
DISTRIBUTED TRAINING LAUNCHER
================================================================================
  Model:      wide_resnet50_2 (CIFAR stem) (from scratch)
  Dataset:    cifar10 (10 classes)
  Image size: 32
  LR:         0.1
  Momentum:   0.9 (nesterov=True)
  Optimizer:  sgd
  Weight dec: 0.0005 (on BN/bias=False)
  Backend:    mpi
  Algorithm:  recursive_doubling_zfp_online_coll
  ZFP rate:   16
  Epochs:     10
  Batch/rank: 4
  LR:         0.1
  Scheduler:  cosine
  Warmup:     0
  Grad clip:  None
  Drop last:  True
  Data dir:   ./data
================================================================================


================================================================================
DISTRIBUTED TRAINING LAUNCHER
================================================================================
  Model:      wide_resnet50_2 (CIFAR stem) (from scratch)
  Dataset:    cifar10 (10 classes)
  Image size: 32
  LR:         0.1
  Momentum:   0.9 (nesterov=True)
  Optimizer:  sgd
  Weight dec: 0.0005 (on BN/bias=False)
  Backend:    mpi
  Algorithm:  recursive_doubling_zfp_online_coll
  ZFP rate:   16
  Epochs:     10
  Batch/rank: 4
  LR:         0.1
  Scheduler:  cosine
  Warmup:     0
  Grad clip:  None
  Drop last:  True
  Data dir:   ./data
================================================================================


================================================================================
DISTRIBUTED TRAINING LAUNCHER
================================================================================
  Model:      wide_resnet50_2 (CIFAR stem) (from scratch)
  Dataset:    cifar10 (10 classes)
  Image size: 32
  LR:         0.1
  Momentum:   0.9 (nesterov=True)
  Optimizer:  sgd
  Weight dec: 0.0005 (on BN/bias=False)
  Backend:    mpi
  Algorithm:  recursive_doubling_zfp_online_coll
  ZFP rate:   16
  Epochs:     10
  Batch/rank: 4
  LR:         0.1
  Scheduler:  cosine
  Warmup:     0
  Grad clip:  None
  Drop last:  True
  Data dir:   ./data
================================================================================


================================================================================
DISTRIBUTED TRAINING LAUNCHER
================================================================================
  Model:      wide_resnet50_2 (CIFAR stem) (from scratch)
  Dataset:    cifar10 (10 classes)
  Image size: 32
  LR:         0.1
  Momentum:   0.9 (nesterov=True)
  Optimizer:  sgd
  Weight dec: 0.0005 (on BN/bias=False)
  Backend:    mpi
  Algorithm:  recursive_doubling_zfp_online_coll
  ZFP rate:   16
  Epochs:     10
  Batch/rank: 4
  LR:         0.1
  Scheduler:  cosine
  Warmup:     0
  Grad clip:  None
  Drop last:  True
  Data dir:   ./data
================================================================================


================================================================================
DISTRIBUTED TRAINING LAUNCHER
================================================================================
  Model:      wide_resnet50_2 (CIFAR stem) (from scratch)
  Dataset:    cifar10 (10 classes)
  Image size: 32
  LR:         0.1
  Momentum:   0.9 (nesterov=True)
  Optimizer:  sgd
  Weight dec: 0.0005 (on BN/bias=False)
  Backend:    mpi
  Algorithm:  recursive_doubling_zfp_online_coll
  ZFP rate:   16
  Epochs:     10
  Batch/rank: 4
  LR:         0.1
  Scheduler:  cosine
  Warmup:     0
  Grad clip:  None
  Drop last:  True
  Data dir:   ./data
================================================================================


================================================================================
DISTRIBUTED TRAINING LAUNCHER
================================================================================
  Model:      wide_resnet50_2 (CIFAR stem) (from scratch)
  Dataset:    cifar10 (10 classes)
  Image size: 32
  LR:         0.1
  Momentum:   0.9 (nesterov=True)
  Optimizer:  sgd
  Weight dec: 0.0005 (on BN/bias=False)
  Backend:    mpi
  Algorithm:  recursive_doubling_zfp_online_coll
  ZFP rate:   16
  Epochs:     10
  Batch/rank: 4
  LR:         0.1
  Scheduler:  cosine
  Warmup:     0
  Grad clip:  None
  Drop last:  True
  Data dir:   ./data
================================================================================


================================================================================
DISTRIBUTED TRAINING LAUNCHER
================================================================================
  Model:      wide_resnet50_2 (CIFAR stem) (from scratch)
  Dataset:    cifar10 (10 classes)
  Image size: 32
  LR:         0.1
  Momentum:   0.9 (nesterov=True)
  Optimizer:  sgd
  Weight dec: 0.0005 (on BN/bias=False)
  Backend:    mpi
  Algorithm:  recursive_doubling_zfp_online_coll
  ZFP rate:   16
  Epochs:     10
  Batch/rank: 4
  LR:         0.1
  Scheduler:  cosine
  Warmup:     0
  Grad clip:  None
  Drop last:  True
  Data dir:   ./data
================================================================================


================================================================================
DISTRIBUTED TRAINING LAUNCHER
================================================================================
  Model:      wide_resnet50_2 (CIFAR stem) (from scratch)
  Dataset:    cifar10 (10 classes)
  Image size: 32
  LR:         0.1
  Momentum:   0.9 (nesterov=True)
  Optimizer:  sgd
  Weight dec: 0.0005 (on BN/bias=False)
  Backend:    mpi
  Algorithm:  recursive_doubling_zfp_online_coll
  ZFP rate:   16
  Epochs:     10
  Batch/rank: 4
  LR:         0.1
  Scheduler:  cosine
  Warmup:     0
  Grad clip:  None
  Drop last:  True
  Data dir:   ./data
================================================================================


================================================================================
DISTRIBUTED TRAINING LAUNCHER
================================================================================
  Model:      wide_resnet50_2 (CIFAR stem) (from scratch)
  Dataset:    cifar10 (10 classes)
  Image size: 32
  LR:         0.1
  Momentum:   0.9 (nesterov=True)
  Optimizer:  sgd
  Weight dec: 0.0005 (on BN/bias=False)
  Backend:    mpi
  Algorithm:  recursive_doubling_zfp_online_coll
  ZFP rate:   16
  Epochs:     10
  Batch/rank: 4
  LR:         0.1
  Scheduler:  cosine
  Warmup:     0
  Grad clip:  None
  Drop last:  True
  Data dir:   ./data
================================================================================


================================================================================
DISTRIBUTED TRAINING LAUNCHER
================================================================================
  Model:      wide_resnet50_2 (CIFAR stem) (from scratch)
  Dataset:    cifar10 (10 classes)
  Image size: 32
  LR:         0.1
  Momentum:   0.9 (nesterov=True)
  Optimizer:  sgd
  Weight dec: 0.0005 (on BN/bias=False)
  Backend:    mpi
  Algorithm:  recursive_doubling_zfp_online_coll
  ZFP rate:   16
  Epochs:     10
  Batch/rank: 4
  LR:         0.1
  Scheduler:  cosine
  Warmup:     0
  Grad clip:  None
  Drop last:  True
  Data dir:   ./data
================================================================================


================================================================================
DISTRIBUTED TRAINING LAUNCHER
================================================================================
  Model:      wide_resnet50_2 (CIFAR stem) (from scratch)
  Dataset:    cifar10 (10 classes)
  Image size: 32
  LR:         0.1
  Momentum:   0.9 (nesterov=True)
  Optimizer:  sgd
  Weight dec: 0.0005 (on BN/bias=False)
  Backend:    mpi
  Algorithm:  recursive_doubling_zfp_online_coll
  ZFP rate:   16
  Epochs:     10
  Batch/rank: 4
  LR:         0.1
  Scheduler:  cosine
  Warmup:     0
  Grad clip:  None
  Drop last:  True
  Data dir:   ./data
================================================================================


================================================================================
DISTRIBUTED TRAINING LAUNCHER
================================================================================
  Model:      wide_resnet50_2 (CIFAR stem) (from scratch)
  Dataset:    cifar10 (10 classes)
  Image size: 32
  LR:         0.1
  Momentum:   0.9 (nesterov=True)
  Optimizer:  sgd
  Weight dec: 0.0005 (on BN/bias=False)
  Backend:    mpi
  Algorithm:  recursive_doubling_zfp_online_coll
  ZFP rate:   16
  Epochs:     10
  Batch/rank: 4
  LR:         0.1
  Scheduler:  cosine
  Warmup:     0
  Grad clip:  None
  Drop last:  True
  Data dir:   ./data
================================================================================


================================================================================
DISTRIBUTED TRAINING LAUNCHER
================================================================================
  Model:      wide_resnet50_2 (CIFAR stem) (from scratch)
  Dataset:    cifar10 (10 classes)
  Image size: 32
  LR:         0.1
  Momentum:   0.9 (nesterov=True)
  Optimizer:  sgd
  Weight dec: 0.0005 (on BN/bias=False)
  Backend:    mpi
  Algorithm:  recursive_doubling_zfp_online_coll
  ZFP rate:   16
  Epochs:     10
  Batch/rank: 4
  LR:         0.1
  Scheduler:  cosine
  Warmup:     0
  Grad clip:  None
  Drop last:  True
  Data dir:   ./data
================================================================================


================================================================================
DISTRIBUTED TRAINING LAUNCHER
================================================================================
  Model:      wide_resnet50_2 (CIFAR stem) (from scratch)
  Dataset:    cifar10 (10 classes)
  Image size: 32
  LR:         0.1
  Momentum:   0.9 (nesterov=True)
  Optimizer:  sgd
  Weight dec: 0.0005 (on BN/bias=False)
  Backend:    mpi
  Algorithm:  recursive_doubling_zfp_online_coll
  ZFP rate:   16
  Epochs:     10
  Batch/rank: 4
  LR:         0.1
  Scheduler:  cosine
  Warmup:     0
  Grad clip:  None
  Drop last:  True
  Data dir:   ./data
================================================================================


================================================================================
DISTRIBUTED TRAINING LAUNCHER
================================================================================
  Model:      wide_resnet50_2 (CIFAR stem) (from scratch)
  Dataset:    cifar10 (10 classes)
  Image size: 32
  LR:         0.1
  Momentum:   0.9 (nesterov=True)
  Optimizer:  sgd
  Weight dec: 0.0005 (on BN/bias=False)
  Backend:    mpi
  Algorithm:  recursive_doubling_zfp_online_coll
  ZFP rate:   16
  Epochs:     10
  Batch/rank: 4
  LR:         0.1
  Scheduler:  cosine
  Warmup:     0
  Grad clip:  None
  Drop last:  True
  Data dir:   ./data
================================================================================


================================================================================
DISTRIBUTED TRAINING LAUNCHER
================================================================================
  Model:      wide_resnet50_2 (CIFAR stem) (from scratch)
  Dataset:    cifar10 (10 classes)
  Image size: 32
  LR:         0.1
  Momentum:   0.9 (nesterov=True)
  Optimizer:  sgd
  Weight dec: 0.0005 (on BN/bias=False)
  Backend:    mpi
  Algorithm:  recursive_doubling_zfp_online_coll
  ZFP rate:   16
  Epochs:     10
  Batch/rank: 4
  LR:         0.1
  Scheduler:  cosine
  Warmup:     0
  Grad clip:  None
  Drop last:  True
  Data dir:   ./data
================================================================================


================================================================================
DISTRIBUTED TRAINING LAUNCHER
================================================================================
  Model:      wide_resnet50_2 (CIFAR stem) (from scratch)
  Dataset:    cifar10 (10 classes)
  Image size: 32
  LR:         0.1
  Momentum:   0.9 (nesterov=True)
  Optimizer:  sgd
  Weight dec: 0.0005 (on BN/bias=False)
  Backend:    mpi
  Algorithm:  recursive_doubling_zfp_online_coll
  ZFP rate:   16
  Epochs:     10
  Batch/rank: 4
  LR:         0.1
  Scheduler:  cosine
  Warmup:     0
  Grad clip:  None
  Drop last:  True
  Data dir:   ./data
================================================================================


================================================================================
DISTRIBUTED TRAINING LAUNCHER
================================================================================
  Model:      wide_resnet50_2 (CIFAR stem) (from scratch)
  Dataset:    cifar10 (10 classes)
  Image size: 32
  LR:         0.1
  Momentum:   0.9 (nesterov=True)
  Optimizer:  sgd
  Weight dec: 0.0005 (on BN/bias=False)
  Backend:    mpi
  Algorithm:  recursive_doubling_zfp_online_coll
  ZFP rate:   16
  Epochs:     10
  Batch/rank: 4
  LR:         0.1
  Scheduler:  cosine
  Warmup:     0
  Grad clip:  None
  Drop last:  True
  Data dir:   ./data
================================================================================


================================================================================
DISTRIBUTED TRAINING LAUNCHER
================================================================================
  Model:      wide_resnet50_2 (CIFAR stem) (from scratch)
  Dataset:    cifar10 (10 classes)
  Image size: 32
  LR:         0.1
  Momentum:   0.9 (nesterov=True)
  Optimizer:  sgd
  Weight dec: 0.0005 (on BN/bias=False)
  Backend:    mpi
  Algorithm:  recursive_doubling_zfp_online_coll
  ZFP rate:   16
  Epochs:     10
  Batch/rank: 4
  LR:         0.1
  Scheduler:  cosine
  Warmup:     0
  Grad clip:  None
  Drop last:  True
  Data dir:   ./data
================================================================================


================================================================================
DISTRIBUTED TRAINING LAUNCHER
================================================================================
  Model:      wide_resnet50_2 (CIFAR stem) (from scratch)
  Dataset:    cifar10 (10 classes)
  Image size: 32
  LR:         0.1
  Momentum:   0.9 (nesterov=True)
  Optimizer:  sgd
  Weight dec: 0.0005 (on BN/bias=False)
  Backend:    mpi
  Algorithm:  recursive_doubling_zfp_online_coll
  ZFP rate:   16
  Epochs:     10
  Batch/rank: 4
  LR:         0.1
  Scheduler:  cosine
  Warmup:     0
  Grad clip:  None
  Drop last:  True
  Data dir:   ./data
================================================================================


================================================================================
DISTRIBUTED TRAINING LAUNCHER
================================================================================
  Model:      wide_resnet50_2 (CIFAR stem) (from scratch)
  Dataset:    cifar10 (10 classes)
  Image size: 32
  LR:         0.1
  Momentum:   0.9 (nesterov=True)
  Optimizer:  sgd
  Weight dec: 0.0005 (on BN/bias=False)
  Backend:    mpi
  Algorithm:  recursive_doubling_zfp_online_coll
  ZFP rate:   16
  Epochs:     10
  Batch/rank: 4
  LR:         0.1
  Scheduler:  cosine
  Warmup:     0
  Grad clip:  None
  Drop last:  True
  Data dir:   ./data
================================================================================


================================================================================
DISTRIBUTED TRAINING LAUNCHER
================================================================================
  Model:      wide_resnet50_2 (CIFAR stem) (from scratch)
  Dataset:    cifar10 (10 classes)
  Image size: 32
  LR:         0.1
  Momentum:   0.9 (nesterov=True)
  Optimizer:  sgd
  Weight dec: 0.0005 (on BN/bias=False)
  Backend:    mpi
  Algorithm:  recursive_doubling_zfp_online_coll
  ZFP rate:   16
  Epochs:     10
  Batch/rank: 4
  LR:         0.1
  Scheduler:  cosine
  Warmup:     0
  Grad clip:  None
  Drop last:  True
  Data dir:   ./data
================================================================================


================================================================================
DISTRIBUTED TRAINING LAUNCHER
================================================================================
  Model:      wide_resnet50_2 (CIFAR stem) (from scratch)
  Dataset:    cifar10 (10 classes)
  Image size: 32
  LR:         0.1
  Momentum:   0.9 (nesterov=True)
  Optimizer:  sgd
  Weight dec: 0.0005 (on BN/bias=False)
  Backend:    mpi
  Algorithm:  recursive_doubling_zfp_online_coll
  ZFP rate:   16
  Epochs:     10
  Batch/rank: 4
  LR:         0.1
  Scheduler:  cosine
  Warmup:     0
  Grad clip:  None
  Drop last:  True
  Data dir:   ./data
================================================================================


================================================================================
DISTRIBUTED TRAINING LAUNCHER
================================================================================
  Model:      wide_resnet50_2 (CIFAR stem) (from scratch)
  Dataset:    cifar10 (10 classes)
  Image size: 32
  LR:         0.1
  Momentum:   0.9 (nesterov=True)
  Optimizer:  sgd
  Weight dec: 0.0005 (on BN/bias=False)
  Backend:    mpi
  Algorithm:  recursive_doubling_zfp_online_coll
  ZFP rate:   16
  Epochs:     10
  Batch/rank: 4
  LR:         0.1
  Scheduler:  cosine
  Warmup:     0
  Grad clip:  None
  Drop last:  True
  Data dir:   ./data
================================================================================

[Data] Train batches: 390, Val batches: 2500

[Sched] cosine: steps/epoch=390, total_steps=3900, warmup_steps=0 (0 epochs)


[Epoch 1] Training... (lr at epoch start=0.100000)
  Batch [50/390] Loss: 19.4756, Acc: 10.00%, lr: 0.099959
  Batch [100/390] Loss: 10.9745, Acc: 10.50%, lr: 0.099838
  Batch [150/390] Loss: 8.1183, Acc: 10.67%, lr: 0.099635
  Batch [200/390] Loss: 6.6802, Acc: 11.00%, lr: 0.099353
  Batch [250/390] Loss: 5.8294, Acc: 11.70%, lr: 0.098990
  Batch [300/390] Loss: 5.2461, Acc: 11.58%, lr: 0.098547
  Batch [350/390] Loss: 4.8325, Acc: 11.86%, lr: 0.098026
[Epoch 1] Train Loss: 4.5724, Acc: 12.31%  |  Val Loss: 3.6469, Acc: 12.60%  |  Time: 77.6s
[Epoch 1] t_iter median: 163.64 ms  (fwd 6.92 | bwd+comm 153.25 | opt 3.30 | data 0.09)  |  train-only epoch: 64.3s
  -> Best model saved (12.60%)
[Epoch 1] Summarizing hook timing...

[HOOK_TIMING_SUMMARY] epoch=1
[HOOK_WORK_SUMMARY] label=mpi:recursive_doubling_zfp_online_coll:rate16 calls=3106 work_total_ms=58776.928 work_mean_ms=18.924 work_min_ms=4.391 work_max_ms=119.434
[HOOK_TAIL_SUMMARY] label=mpi:recursive_doubling_zfp_online_coll:rate16 steps=391 tail_total_ms=55427.357 tail_mean_ms=141.758 tail_min_ms=9.485 tail_max_ms=155.926
[Epoch 1] Hook timing summary done

[Epoch 2] Training... (lr at epoch start=0.097553)
  Batch [50/390] Loss: 2.2779, Acc: 12.00%, lr: 0.096892
  Batch [100/390] Loss: 2.3036, Acc: 11.75%, lr: 0.096155
  Batch [150/390] Loss: 2.3164, Acc: 11.67%, lr: 0.095344
  Batch [200/390] Loss: 2.3206, Acc: 11.88%, lr: 0.094459
  Batch [250/390] Loss: 2.3162, Acc: 12.30%, lr: 0.093501
  Batch [300/390] Loss: 2.3133, Acc: 13.25%, lr: 0.092473
  Batch [350/390] Loss: 2.3094, Acc: 13.21%, lr: 0.091377
[Epoch 2] Train Loss: 2.3109, Acc: 13.14%  |  Val Loss: 3.9167, Acc: 11.72%  |  Time: 76.7s
[Epoch 2] t_iter median: 163.68 ms  (fwd 6.91 | bwd+comm 153.46 | opt 3.26 | data 0.07)  |  train-only epoch: 63.7s
[Epoch 2] Summarizing hook timing...

[HOOK_TIMING_SUMMARY] epoch=2
[HOOK_WORK_SUMMARY] label=mpi:recursive_doubling_zfp_online_coll:rate16 calls=3120 work_total_ms=58989.961 work_mean_ms=18.907 work_min_ms=4.846 work_max_ms=48.378
[HOOK_TAIL_SUMMARY] label=mpi:recursive_doubling_zfp_online_coll:rate16 steps=390 tail_total_ms=55677.987 tail_mean_ms=142.764 tail_min_ms=123.998 tail_max_ms=157.047
[Epoch 2] Hook timing summary done

[Epoch 3] Training... (lr at epoch start=0.090451)
  Batch [50/390] Loss: 2.2606, Acc: 13.50%, lr: 0.089235
  Batch [100/390] Loss: 2.2929, Acc: 14.50%, lr: 0.087955
  Batch [150/390] Loss: 2.2867, Acc: 14.67%, lr: 0.086613
  Batch [200/390] Loss: 2.2846, Acc: 14.25%, lr: 0.085213
  Batch [250/390] Loss: 2.2788, Acc: 14.30%, lr: 0.083755
  Batch [300/390] Loss: 2.2772, Acc: 14.08%, lr: 0.082242
  Batch [350/390] Loss: 2.2877, Acc: 13.36%, lr: 0.080677
[Epoch 3] Train Loss: 2.2849, Acc: 13.85%  |  Val Loss: 2.2965, Acc: 14.48%  |  Time: 76.7s
[Epoch 3] t_iter median: 163.83 ms  (fwd 7.04 | bwd+comm 153.21 | opt 3.51 | data 0.11)  |  train-only epoch: 63.7s
  -> Best model saved (14.48%)
[Epoch 3] Summarizing hook timing...

[HOOK_TIMING_SUMMARY] epoch=3
[HOOK_WORK_SUMMARY] label=mpi:recursive_doubling_zfp_online_coll:rate16 calls=3120 work_total_ms=58663.188 work_mean_ms=18.802 work_min_ms=4.407 work_max_ms=48.883
[HOOK_TAIL_SUMMARY] label=mpi:recursive_doubling_zfp_online_coll:rate16 steps=390 tail_total_ms=55206.958 tail_mean_ms=141.556 tail_min_ms=116.331 tail_max_ms=155.376
[Epoch 3] Hook timing summary done

[Epoch 4] Training... (lr at epoch start=0.079389)
  Batch [50/390] Loss: 2.2351, Acc: 16.00%, lr: 0.077737
  Batch [100/390] Loss: 2.2300, Acc: 14.75%, lr: 0.076039
  Batch [150/390] Loss: 2.2126, Acc: 14.00%, lr: 0.074299
  Batch [200/390] Loss: 2.2048, Acc: 15.50%, lr: 0.072520
  Batch [250/390] Loss: 2.2062, Acc: 15.40%, lr: 0.070704
  Batch [300/390] Loss: 2.1802, Acc: 16.42%, lr: 0.068855
  Batch [350/390] Loss: 2.1815, Acc: 17.07%, lr: 0.066975
[Epoch 4] Train Loss: 2.1789, Acc: 16.86%  |  Val Loss: 2.5838, Acc: 17.65%  |  Time: 77.0s
[Epoch 4] t_iter median: 164.29 ms  (fwd 6.91 | bwd+comm 154.11 | opt 3.21 | data 0.07)  |  train-only epoch: 64.0s
  -> Best model saved (17.65%)
[Epoch 4] Summarizing hook timing...

[HOOK_TIMING_SUMMARY] epoch=4
[HOOK_WORK_SUMMARY] label=mpi:recursive_doubling_zfp_online_coll:rate16 calls=3120 work_total_ms=59343.617 work_mean_ms=19.020 work_min_ms=5.105 work_max_ms=50.795
[HOOK_TAIL_SUMMARY] label=mpi:recursive_doubling_zfp_online_coll:rate16 steps=390 tail_total_ms=56065.871 tail_mean_ms=143.759 tail_min_ms=120.950 tail_max_ms=157.497
[Epoch 4] Hook timing summary done

[Epoch 5] Training... (lr at epoch start=0.065451)
  Batch [50/390] Loss: 2.2066, Acc: 16.00%, lr: 0.063524
  Batch [100/390] Loss: 2.1891, Acc: 16.00%, lr: 0.061574
  Batch [150/390] Loss: 2.1853, Acc: 16.50%, lr: 0.059606
  Batch [200/390] Loss: 2.1801, Acc: 17.62%, lr: 0.057623
  Batch [250/390] Loss: 2.1635, Acc: 17.90%, lr: 0.055627
  Batch [300/390] Loss: 2.1544, Acc: 18.42%, lr: 0.053622
  Batch [350/390] Loss: 2.1468, Acc: 18.71%, lr: 0.051611
[Epoch 5] Train Loss: 2.1498, Acc: 18.21%  |  Val Loss: 2.3503, Acc: 23.30%  |  Time: 76.6s
[Epoch 5] t_iter median: 164.04 ms  (fwd 6.96 | bwd+comm 153.78 | opt 3.26 | data 0.06)  |  train-only epoch: 63.7s
  -> Best model saved (23.30%)
[Epoch 5] Summarizing hook timing...

[HOOK_TIMING_SUMMARY] epoch=5
[HOOK_WORK_SUMMARY] label=mpi:recursive_doubling_zfp_online_coll:rate16 calls=3120 work_total_ms=58978.847 work_mean_ms=18.903 work_min_ms=5.035 work_max_ms=49.830
[HOOK_TAIL_SUMMARY] label=mpi:recursive_doubling_zfp_online_coll:rate16 steps=390 tail_total_ms=55661.995 tail_mean_ms=142.723 tail_min_ms=120.755 tail_max_ms=153.945
[Epoch 5] Hook timing summary done

[Epoch 6] Training... (lr at epoch start=0.050000)
  Batch [50/390] Loss: 2.0658, Acc: 20.50%, lr: 0.047987
  Batch [100/390] Loss: 2.0859, Acc: 19.25%, lr: 0.045977
  Batch [150/390] Loss: 2.0825, Acc: 19.67%, lr: 0.043973
  Batch [200/390] Loss: 2.0843, Acc: 19.50%, lr: 0.041979
  Batch [250/390] Loss: 2.0817, Acc: 19.80%, lr: 0.039999
  Batch [300/390] Loss: 2.0883, Acc: 19.08%, lr: 0.038034
  Batch [350/390] Loss: 2.0923, Acc: 18.86%, lr: 0.036089
[Epoch 6] Train Loss: 2.0904, Acc: 18.78%  |  Val Loss: 2.0395, Acc: 27.38%  |  Time: 77.1s
[Epoch 6] t_iter median: 165.08 ms  (fwd 7.02 | bwd+comm 154.60 | opt 3.46 | data 0.11)  |  train-only epoch: 64.1s
  -> Best model saved (27.38%)
[Epoch 6] Summarizing hook timing...

[HOOK_TIMING_SUMMARY] epoch=6
[HOOK_WORK_SUMMARY] label=mpi:recursive_doubling_zfp_online_coll:rate16 calls=3120 work_total_ms=59189.293 work_mean_ms=18.971 work_min_ms=4.311 work_max_ms=50.058
[HOOK_TAIL_SUMMARY] label=mpi:recursive_doubling_zfp_online_coll:rate16 steps=390 tail_total_ms=55799.827 tail_mean_ms=143.076 tail_min_ms=120.900 tail_max_ms=157.037
[Epoch 6] Hook timing summary done

[Epoch 7] Training... (lr at epoch start=0.034549)
  Batch [50/390] Loss: 2.0389, Acc: 20.00%, lr: 0.032647
  Batch [100/390] Loss: 2.0296, Acc: 19.25%, lr: 0.030773
  Batch [150/390] Loss: 2.0305, Acc: 20.67%, lr: 0.028930
  Batch [200/390] Loss: 2.0170, Acc: 21.50%, lr: 0.027121
  Batch [250/390] Loss: 2.0194, Acc: 22.00%, lr: 0.025350
  Batch [300/390] Loss: 2.0131, Acc: 22.75%, lr: 0.023618
  Batch [350/390] Loss: 2.0090, Acc: 22.79%, lr: 0.021929
[Epoch 7] Train Loss: 2.0094, Acc: 23.46%  |  Val Loss: 1.9213, Acc: 26.49%  |  Time: 76.7s
[Epoch 7] t_iter median: 163.48 ms  (fwd 7.00 | bwd+comm 152.79 | opt 3.49 | data 0.11)  |  train-only epoch: 63.6s
[Epoch 7] Summarizing hook timing...

[HOOK_TIMING_SUMMARY] epoch=7
[HOOK_WORK_SUMMARY] label=mpi:recursive_doubling_zfp_online_coll:rate16 calls=3120 work_total_ms=58587.999 work_mean_ms=18.778 work_min_ms=4.128 work_max_ms=49.129
[HOOK_TAIL_SUMMARY] label=mpi:recursive_doubling_zfp_online_coll:rate16 steps=390 tail_total_ms=55135.157 tail_mean_ms=141.372 tail_min_ms=118.469 tail_max_ms=155.438
[Epoch 7] Hook timing summary done

[Epoch 8] Training... (lr at epoch start=0.020611)
  Batch [50/390] Loss: 2.0177, Acc: 27.50%, lr: 0.019006
  Batch [100/390] Loss: 1.9984, Acc: 26.25%, lr: 0.017451
  Batch [150/390] Loss: 1.9953, Acc: 25.50%, lr: 0.015949
  Batch [200/390] Loss: 2.0041, Acc: 25.50%, lr: 0.014503
  Batch [250/390] Loss: 1.9888, Acc: 26.40%, lr: 0.013113
  Batch [300/390] Loss: 1.9701, Acc: 26.83%, lr: 0.011784
  Batch [350/390] Loss: 1.9695, Acc: 27.21%, lr: 0.010517
[Epoch 8] Train Loss: 1.9666, Acc: 27.50%  |  Val Loss: 1.8541, Acc: 28.41%  |  Time: 76.8s
[Epoch 8] t_iter median: 164.45 ms  (fwd 6.94 | bwd+comm 154.03 | opt 3.26 | data 0.07)  |  train-only epoch: 63.9s
  -> Best model saved (28.41%)
[Epoch 8] Summarizing hook timing...

[HOOK_TIMING_SUMMARY] epoch=8
[HOOK_WORK_SUMMARY] label=mpi:recursive_doubling_zfp_online_coll:rate16 calls=3120 work_total_ms=59163.339 work_mean_ms=18.963 work_min_ms=5.152 work_max_ms=48.324
[HOOK_TAIL_SUMMARY] label=mpi:recursive_doubling_zfp_online_coll:rate16 steps=390 tail_total_ms=55866.169 tail_mean_ms=143.247 tail_min_ms=120.123 tail_max_ms=157.748
[Epoch 8] Hook timing summary done

[Epoch 9] Training... (lr at epoch start=0.009549)
  Batch [50/390] Loss: 1.9655, Acc: 28.00%, lr: 0.008399
  Batch [100/390] Loss: 1.9788, Acc: 26.75%, lr: 0.007315
  Batch [150/390] Loss: 1.9776, Acc: 25.67%, lr: 0.006302
  Batch [200/390] Loss: 1.9777, Acc: 25.50%, lr: 0.005359
  Batch [250/390] Loss: 1.9647, Acc: 26.00%, lr: 0.004488
  Batch [300/390] Loss: 1.9559, Acc: 26.33%, lr: 0.003691
  Batch [350/390] Loss: 1.9611, Acc: 26.21%, lr: 0.002970
[Epoch 9] Train Loss: 1.9583, Acc: 26.28%  |  Val Loss: 1.8568, Acc: 29.34%  |  Time: 76.9s
[Epoch 9] t_iter median: 164.48 ms  (fwd 6.96 | bwd+comm 154.13 | opt 3.27 | data 0.10)  |  train-only epoch: 63.9s
  -> Best model saved (29.34%)
[Epoch 9] Summarizing hook timing...

[HOOK_TIMING_SUMMARY] epoch=9
[HOOK_WORK_SUMMARY] label=mpi:recursive_doubling_zfp_online_coll:rate16 calls=3120 work_total_ms=59018.127 work_mean_ms=18.916 work_min_ms=4.658 work_max_ms=48.063
[HOOK_TAIL_SUMMARY] label=mpi:recursive_doubling_zfp_online_coll:rate16 steps=390 tail_total_ms=55634.521 tail_mean_ms=142.653 tail_min_ms=119.859 tail_max_ms=156.081
[Epoch 9] Hook timing summary done

[Epoch 10] Training... (lr at epoch start=0.002447)
  Batch [50/390] Loss: 1.9206, Acc: 25.50%, lr: 0.001864
  Batch [100/390] Loss: 1.9544, Acc: 26.00%, lr: 0.001358
  Batch [150/390] Loss: 1.9269, Acc: 27.50%, lr: 0.000931
  Batch [200/390] Loss: 1.9309, Acc: 28.62%, lr: 0.000584
  Batch [250/390] Loss: 1.9390, Acc: 27.40%, lr: 0.000318
  Batch [300/390] Loss: 1.9412, Acc: 27.75%, lr: 0.000131
  Batch [350/390] Loss: 1.9389, Acc: 28.43%, lr: 0.000026
[Epoch 10] Train Loss: 1.9435, Acc: 28.46%  |  Val Loss: 1.8449, Acc: 30.82%  |  Time: 76.8s
[Epoch 10] t_iter median: 164.82 ms  (fwd 6.97 | bwd+comm 154.36 | opt 3.26 | data 0.07)  |  train-only epoch: 64.0s
  -> Best model saved (30.82%)
[Epoch 10] Summarizing hook timing...

[HOOK_TIMING_SUMMARY] epoch=10
[HOOK_WORK_SUMMARY] label=mpi:recursive_doubling_zfp_online_coll:rate16 calls=3120 work_total_ms=59233.594 work_mean_ms=18.985 work_min_ms=5.050 work_max_ms=49.662
[HOOK_TAIL_SUMMARY] label=mpi:recursive_doubling_zfp_online_coll:rate16 steps=390 tail_total_ms=55960.799 tail_mean_ms=143.489 tail_min_ms=118.269 tail_max_ms=157.444
[Epoch 10] Hook timing summary done

================================================================================
Done in 775.9s | Best val acc: 30.82%
Epoch times (train+val): mean=76.9s  min=76.6s  max=77.6s
Train-only epoch time (epochs 2..N): median=63.91s  min=63.62s  max=64.14s
  -> use this for STRONG scaling (fixed global batch)
  -> use t_iter_median_ms from the CSV for WEAK scaling (fixed local batch)
================================================================================
=== Finished training: model=wide_resnet50_2, dataset=cifar10, batch=4, lr=0.1, scheduler=cosine, backend=mpi, hook=recursive_doubling_zfp_online_coll, zfp_rate=16, status=0 at Wed Jul 22 11:05:47 AM UTC 2026 ===
=== Starting training: model=wide_resnet50_2, dataset=cifar10, batch=4, lr=0.1, scheduler=cosine, backend=mpi, hook=recursive_doubling_zfp_online_coll, zfp_rate=8 at Wed Jul 22 11:05:47 AM UTC 2026 ===

================================================================================
DISTRIBUTED TRAINING LAUNCHER
================================================================================
  Model:      wide_resnet50_2 (CIFAR stem) (from scratch)
  Dataset:    cifar10 (10 classes)
  Image size: 32
  LR:         0.1
  Momentum:   0.9 (nesterov=True)
  Optimizer:  sgd
  Weight dec: 0.0005 (on BN/bias=False)
  Backend:    mpi
  Algorithm:  recursive_doubling_zfp_online_coll
  ZFP rate:   8
  Epochs:     10
  Batch/rank: 4
  LR:         0.1
  Scheduler:  cosine
  Warmup:     0
  Grad clip:  None
  Drop last:  True
  Data dir:   ./data
================================================================================


================================================================================
Distributed Training: WIDE_RESNET50_2 on CIFAR10
Backend: MPI, Algorithm: recursive_doubling_zfp_online_coll
================================================================================
Ranks: 32, Epochs: 10, Batch/rank: 4, Effective batch: 128
LR: 0.1, Device: cuda:0

[Cache] Pretrained weights cache (TORCH_HOME) = ./data/pretrained_weights_cache
[Setup] Model on cuda:0, wrapped in DDP (static_graph=True)
[Setup] Hook registered: mpi/recursive_doubling_zfp_online_coll
[Optim] SGD: lr=0.1 momentum=0.9 nesterov=True wd=0.0005 wd_on_bn_bias=False
[Optim]   group 0: 66,778,816 params, wd=0.0005
[Optim]   group 1: 68,234 params, wd=0.0

================================================================================
DISTRIBUTED TRAINING LAUNCHER
================================================================================
  Model:      wide_resnet50_2 (CIFAR stem) (from scratch)
  Dataset:    cifar10 (10 classes)
  Image size: 32
  LR:         0.1
  Momentum:   0.9 (nesterov=True)
  Optimizer:  sgd
  Weight dec: 0.0005 (on BN/bias=False)
  Backend:    mpi
  Algorithm:  recursive_doubling_zfp_online_coll
  ZFP rate:   8
  Epochs:     10
  Batch/rank: 4
  LR:         0.1
  Scheduler:  cosine
  Warmup:     0
  Grad clip:  None
  Drop last:  True
  Data dir:   ./data
================================================================================


================================================================================
DISTRIBUTED TRAINING LAUNCHER
================================================================================
  Model:      wide_resnet50_2 (CIFAR stem) (from scratch)
  Dataset:    cifar10 (10 classes)
  Image size: 32
  LR:         0.1
  Momentum:   0.9 (nesterov=True)
  Optimizer:  sgd
  Weight dec: 0.0005 (on BN/bias=False)
  Backend:    mpi
  Algorithm:  recursive_doubling_zfp_online_coll
  ZFP rate:   8
  Epochs:     10
  Batch/rank: 4
  LR:         0.1
  Scheduler:  cosine
  Warmup:     0
  Grad clip:  None
  Drop last:  True
  Data dir:   ./data
================================================================================


================================================================================
DISTRIBUTED TRAINING LAUNCHER
================================================================================
  Model:      wide_resnet50_2 (CIFAR stem) (from scratch)
  Dataset:    cifar10 (10 classes)
  Image size: 32
  LR:         0.1
  Momentum:   0.9 (nesterov=True)
  Optimizer:  sgd
  Weight dec: 0.0005 (on BN/bias=False)
  Backend:    mpi
  Algorithm:  recursive_doubling_zfp_online_coll
  ZFP rate:   8
  Epochs:     10
  Batch/rank: 4
  LR:         0.1
  Scheduler:  cosine
  Warmup:     0
  Grad clip:  None
  Drop last:  True
  Data dir:   ./data
================================================================================


================================================================================
DISTRIBUTED TRAINING LAUNCHER
================================================================================
  Model:      wide_resnet50_2 (CIFAR stem) (from scratch)
  Dataset:    cifar10 (10 classes)
  Image size: 32
  LR:         0.1
  Momentum:   0.9 (nesterov=True)
  Optimizer:  sgd
  Weight dec: 0.0005 (on BN/bias=False)
  Backend:    mpi
  Algorithm:  recursive_doubling_zfp_online_coll
  ZFP rate:   8
  Epochs:     10
  Batch/rank: 4
  LR:         0.1
  Scheduler:  cosine
  Warmup:     0
  Grad clip:  None
  Drop last:  True
  Data dir:   ./data
================================================================================


================================================================================
DISTRIBUTED TRAINING LAUNCHER
================================================================================
  Model:      wide_resnet50_2 (CIFAR stem) (from scratch)
  Dataset:    cifar10 (10 classes)
  Image size: 32
  LR:         0.1
  Momentum:   0.9 (nesterov=True)
  Optimizer:  sgd
  Weight dec: 0.0005 (on BN/bias=False)
  Backend:    mpi
  Algorithm:  recursive_doubling_zfp_online_coll
  ZFP rate:   8
  Epochs:     10
  Batch/rank: 4
  LR:         0.1
  Scheduler:  cosine
  Warmup:     0
  Grad clip:  None
  Drop last:  True
  Data dir:   ./data
================================================================================


================================================================================
DISTRIBUTED TRAINING LAUNCHER
================================================================================
  Model:      wide_resnet50_2 (CIFAR stem) (from scratch)
  Dataset:    cifar10 (10 classes)
  Image size: 32
  LR:         0.1
  Momentum:   0.9 (nesterov=True)
  Optimizer:  sgd
  Weight dec: 0.0005 (on BN/bias=False)
  Backend:    mpi
  Algorithm:  recursive_doubling_zfp_online_coll
  ZFP rate:   8
  Epochs:     10
  Batch/rank: 4
  LR:         0.1
  Scheduler:  cosine
  Warmup:     0
  Grad clip:  None
  Drop last:  True
  Data dir:   ./data
================================================================================


================================================================================
DISTRIBUTED TRAINING LAUNCHER
================================================================================
  Model:      wide_resnet50_2 (CIFAR stem) (from scratch)
  Dataset:    cifar10 (10 classes)
  Image size: 32
  LR:         0.1
  Momentum:   0.9 (nesterov=True)
  Optimizer:  sgd
  Weight dec: 0.0005 (on BN/bias=False)
  Backend:    mpi
  Algorithm:  recursive_doubling_zfp_online_coll
  ZFP rate:   8
  Epochs:     10
  Batch/rank: 4
  LR:         0.1
  Scheduler:  cosine
  Warmup:     0
  Grad clip:  None
  Drop last:  True
  Data dir:   ./data
================================================================================


================================================================================
DISTRIBUTED TRAINING LAUNCHER
================================================================================
  Model:      wide_resnet50_2 (CIFAR stem) (from scratch)
  Dataset:    cifar10 (10 classes)
  Image size: 32
  LR:         0.1
  Momentum:   0.9 (nesterov=True)
  Optimizer:  sgd
  Weight dec: 0.0005 (on BN/bias=False)
  Backend:    mpi
  Algorithm:  recursive_doubling_zfp_online_coll
  ZFP rate:   8
  Epochs:     10
  Batch/rank: 4
  LR:         0.1
  Scheduler:  cosine
  Warmup:     0
  Grad clip:  None
  Drop last:  True
  Data dir:   ./data
================================================================================


================================================================================
DISTRIBUTED TRAINING LAUNCHER
================================================================================
  Model:      wide_resnet50_2 (CIFAR stem) (from scratch)
  Dataset:    cifar10 (10 classes)
  Image size: 32
  LR:         0.1
  Momentum:   0.9 (nesterov=True)
  Optimizer:  sgd
  Weight dec: 0.0005 (on BN/bias=False)
  Backend:    mpi
  Algorithm:  recursive_doubling_zfp_online_coll
  ZFP rate:   8
  Epochs:     10
  Batch/rank: 4
  LR:         0.1
  Scheduler:  cosine
  Warmup:     0
  Grad clip:  None
  Drop last:  True
  Data dir:   ./data
================================================================================


================================================================================
DISTRIBUTED TRAINING LAUNCHER
================================================================================
  Model:      wide_resnet50_2 (CIFAR stem) (from scratch)
  Dataset:    cifar10 (10 classes)
  Image size: 32
  LR:         0.1
  Momentum:   0.9 (nesterov=True)
  Optimizer:  sgd
  Weight dec: 0.0005 (on BN/bias=False)
  Backend:    mpi
  Algorithm:  recursive_doubling_zfp_online_coll
  ZFP rate:   8
  Epochs:     10
  Batch/rank: 4
  LR:         0.1
  Scheduler:  cosine
  Warmup:     0
  Grad clip:  None
  Drop last:  True
  Data dir:   ./data
================================================================================


================================================================================
DISTRIBUTED TRAINING LAUNCHER
================================================================================
  Model:      wide_resnet50_2 (CIFAR stem) (from scratch)
  Dataset:    cifar10 (10 classes)
  Image size: 32
  LR:         0.1
  Momentum:   0.9 (nesterov=True)
  Optimizer:  sgd
  Weight dec: 0.0005 (on BN/bias=False)
  Backend:    mpi
  Algorithm:  recursive_doubling_zfp_online_coll
  ZFP rate:   8
  Epochs:     10
  Batch/rank: 4
  LR:         0.1
  Scheduler:  cosine
  Warmup:     0
  Grad clip:  None
  Drop last:  True
  Data dir:   ./data
================================================================================


================================================================================
DISTRIBUTED TRAINING LAUNCHER
================================================================================
  Model:      wide_resnet50_2 (CIFAR stem) (from scratch)
  Dataset:    cifar10 (10 classes)
  Image size: 32
  LR:         0.1
  Momentum:   0.9 (nesterov=True)
  Optimizer:  sgd
  Weight dec: 0.0005 (on BN/bias=False)
  Backend:    mpi
  Algorithm:  recursive_doubling_zfp_online_coll
  ZFP rate:   8
  Epochs:     10
  Batch/rank: 4
  LR:         0.1
  Scheduler:  cosine
  Warmup:     0
  Grad clip:  None
  Drop last:  True
  Data dir:   ./data
================================================================================

[Data] Train batches: 390, Val batches: 2500

[Sched] cosine: steps/epoch=390, total_steps=3900, warmup_steps=0 (0 epochs)


[Epoch 1] Training... (lr at epoch start=0.100000)

================================================================================
DISTRIBUTED TRAINING LAUNCHER
================================================================================
  Model:      wide_resnet50_2 (CIFAR stem) (from scratch)
  Dataset:    cifar10 (10 classes)
  Image size: 32
  LR:         0.1
  Momentum:   0.9 (nesterov=True)
  Optimizer:  sgd
  Weight dec: 0.0005 (on BN/bias=False)
  Backend:    mpi
  Algorithm:  recursive_doubling_zfp_online_coll
  ZFP rate:   8
  Epochs:     10
  Batch/rank: 4
  LR:         0.1
  Scheduler:  cosine
  Warmup:     0
  Grad clip:  None
  Drop last:  True
  Data dir:   ./data
================================================================================


================================================================================
DISTRIBUTED TRAINING LAUNCHER
================================================================================
  Model:      wide_resnet50_2 (CIFAR stem) (from scratch)
  Dataset:    cifar10 (10 classes)
  Image size: 32
  LR:         0.1
  Momentum:   0.9 (nesterov=True)
  Optimizer:  sgd
  Weight dec: 0.0005 (on BN/bias=False)
  Backend:    mpi
  Algorithm:  recursive_doubling_zfp_online_coll
  ZFP rate:   8
  Epochs:     10
  Batch/rank: 4
  LR:         0.1
  Scheduler:  cosine
  Warmup:     0
  Grad clip:  None
  Drop last:  True
  Data dir:   ./data
================================================================================


================================================================================
DISTRIBUTED TRAINING LAUNCHER
================================================================================
  Model:      wide_resnet50_2 (CIFAR stem) (from scratch)
  Dataset:    cifar10 (10 classes)
  Image size: 32
  LR:         0.1
  Momentum:   0.9 (nesterov=True)
  Optimizer:  sgd
  Weight dec: 0.0005 (on BN/bias=False)
  Backend:    mpi
  Algorithm:  recursive_doubling_zfp_online_coll
  ZFP rate:   8
  Epochs:     10
  Batch/rank: 4
  LR:         0.1
  Scheduler:  cosine
  Warmup:     0
  Grad clip:  None
  Drop last:  True
  Data dir:   ./data
================================================================================


================================================================================
DISTRIBUTED TRAINING LAUNCHER
================================================================================
  Model:      wide_resnet50_2 (CIFAR stem) (from scratch)
  Dataset:    cifar10 (10 classes)
  Image size: 32
  LR:         0.1
  Momentum:   0.9 (nesterov=True)
  Optimizer:  sgd
  Weight dec: 0.0005 (on BN/bias=False)
  Backend:    mpi
  Algorithm:  recursive_doubling_zfp_online_coll
  ZFP rate:   8
  Epochs:     10
  Batch/rank: 4
  LR:         0.1
  Scheduler:  cosine
  Warmup:     0
  Grad clip:  None
  Drop last:  True
  Data dir:   ./data
================================================================================


================================================================================
DISTRIBUTED TRAINING LAUNCHER
================================================================================
  Model:      wide_resnet50_2 (CIFAR stem) (from scratch)
  Dataset:    cifar10 (10 classes)
  Image size: 32
  LR:         0.1
  Momentum:   0.9 (nesterov=True)
  Optimizer:  sgd
  Weight dec: 0.0005 (on BN/bias=False)
  Backend:    mpi
  Algorithm:  recursive_doubling_zfp_online_coll
  ZFP rate:   8
  Epochs:     10
  Batch/rank: 4
  LR:         0.1
  Scheduler:  cosine
  Warmup:     0
  Grad clip:  None
  Drop last:  True
  Data dir:   ./data
================================================================================


================================================================================
DISTRIBUTED TRAINING LAUNCHER
================================================================================
  Model:      wide_resnet50_2 (CIFAR stem) (from scratch)
  Dataset:    cifar10 (10 classes)
  Image size: 32
  LR:         0.1
  Momentum:   0.9 (nesterov=True)
  Optimizer:  sgd
  Weight dec: 0.0005 (on BN/bias=False)
  Backend:    mpi
  Algorithm:  recursive_doubling_zfp_online_coll
  ZFP rate:   8
  Epochs:     10
  Batch/rank: 4
  LR:         0.1
  Scheduler:  cosine
  Warmup:     0
  Grad clip:  None
  Drop last:  True
  Data dir:   ./data
================================================================================


================================================================================
DISTRIBUTED TRAINING LAUNCHER
================================================================================
  Model:      wide_resnet50_2 (CIFAR stem) (from scratch)
  Dataset:    cifar10 (10 classes)
  Image size: 32
  LR:         0.1
  Momentum:   0.9 (nesterov=True)
  Optimizer:  sgd
  Weight dec: 0.0005 (on BN/bias=False)
  Backend:    mpi
  Algorithm:  recursive_doubling_zfp_online_coll
  ZFP rate:   8
  Epochs:     10
  Batch/rank: 4
  LR:         0.1
  Scheduler:  cosine
  Warmup:     0
  Grad clip:  None
  Drop last:  True
  Data dir:   ./data
================================================================================


================================================================================
DISTRIBUTED TRAINING LAUNCHER
================================================================================
  Model:      wide_resnet50_2 (CIFAR stem) (from scratch)
  Dataset:    cifar10 (10 classes)
  Image size: 32
  LR:         0.1
  Momentum:   0.9 (nesterov=True)
  Optimizer:  sgd
  Weight dec: 0.0005 (on BN/bias=False)
  Backend:    mpi
  Algorithm:  recursive_doubling_zfp_online_coll
  ZFP rate:   8
  Epochs:     10
  Batch/rank: 4
  LR:         0.1
  Scheduler:  cosine
  Warmup:     0
  Grad clip:  None
  Drop last:  True
  Data dir:   ./data
================================================================================


================================================================================
DISTRIBUTED TRAINING LAUNCHER
================================================================================
  Model:      wide_resnet50_2 (CIFAR stem) (from scratch)
  Dataset:    cifar10 (10 classes)
  Image size: 32
  LR:         0.1
  Momentum:   0.9 (nesterov=True)
  Optimizer:  sgd
  Weight dec: 0.0005 (on BN/bias=False)
  Backend:    mpi
  Algorithm:  recursive_doubling_zfp_online_coll
  ZFP rate:   8
  Epochs:     10
  Batch/rank: 4
  LR:         0.1
  Scheduler:  cosine
  Warmup:     0
  Grad clip:  None
  Drop last:  True
  Data dir:   ./data
================================================================================


================================================================================
DISTRIBUTED TRAINING LAUNCHER
================================================================================
  Model:      wide_resnet50_2 (CIFAR stem) (from scratch)
  Dataset:    cifar10 (10 classes)
  Image size: 32
  LR:         0.1
  Momentum:   0.9 (nesterov=True)
  Optimizer:  sgd
  Weight dec: 0.0005 (on BN/bias=False)
  Backend:    mpi
  Algorithm:  recursive_doubling_zfp_online_coll
  ZFP rate:   8
  Epochs:     10
  Batch/rank: 4
  LR:         0.1
  Scheduler:  cosine
  Warmup:     0
  Grad clip:  None
  Drop last:  True
  Data dir:   ./data
================================================================================


================================================================================
DISTRIBUTED TRAINING LAUNCHER
================================================================================
  Model:      wide_resnet50_2 (CIFAR stem) (from scratch)
  Dataset:    cifar10 (10 classes)
  Image size: 32
  LR:         0.1
  Momentum:   0.9 (nesterov=True)
  Optimizer:  sgd
  Weight dec: 0.0005 (on BN/bias=False)
  Backend:    mpi
  Algorithm:  recursive_doubling_zfp_online_coll
  ZFP rate:   8
  Epochs:     10
  Batch/rank: 4
  LR:         0.1
  Scheduler:  cosine
  Warmup:     0
  Grad clip:  None
  Drop last:  True
  Data dir:   ./data
================================================================================


================================================================================
DISTRIBUTED TRAINING LAUNCHER
================================================================================
  Model:      wide_resnet50_2 (CIFAR stem) (from scratch)
  Dataset:    cifar10 (10 classes)
  Image size: 32
  LR:         0.1
  Momentum:   0.9 (nesterov=True)
  Optimizer:  sgd
  Weight dec: 0.0005 (on BN/bias=False)
  Backend:    mpi
  Algorithm:  recursive_doubling_zfp_online_coll
  ZFP rate:   8
  Epochs:     10
  Batch/rank: 4
  LR:         0.1
  Scheduler:  cosine
  Warmup:     0
  Grad clip:  None
  Drop last:  True
  Data dir:   ./data
================================================================================


================================================================================
DISTRIBUTED TRAINING LAUNCHER
================================================================================
  Model:      wide_resnet50_2 (CIFAR stem) (from scratch)
  Dataset:    cifar10 (10 classes)
  Image size: 32
  LR:         0.1
  Momentum:   0.9 (nesterov=True)
  Optimizer:  sgd
  Weight dec: 0.0005 (on BN/bias=False)
  Backend:    mpi
  Algorithm:  recursive_doubling_zfp_online_coll
  ZFP rate:   8
  Epochs:     10
  Batch/rank: 4
  LR:         0.1
  Scheduler:  cosine
  Warmup:     0
  Grad clip:  None
  Drop last:  True
  Data dir:   ./data
================================================================================


================================================================================
DISTRIBUTED TRAINING LAUNCHER
================================================================================
  Model:      wide_resnet50_2 (CIFAR stem) (from scratch)
  Dataset:    cifar10 (10 classes)
  Image size: 32
  LR:         0.1
  Momentum:   0.9 (nesterov=True)
  Optimizer:  sgd
  Weight dec: 0.0005 (on BN/bias=False)
  Backend:    mpi
  Algorithm:  recursive_doubling_zfp_online_coll
  ZFP rate:   8
  Epochs:     10
  Batch/rank: 4
  LR:         0.1
  Scheduler:  cosine
  Warmup:     0
  Grad clip:  None
  Drop last:  True
  Data dir:   ./data
================================================================================


================================================================================
DISTRIBUTED TRAINING LAUNCHER
================================================================================
  Model:      wide_resnet50_2 (CIFAR stem) (from scratch)
  Dataset:    cifar10 (10 classes)
  Image size: 32
  LR:         0.1
  Momentum:   0.9 (nesterov=True)
  Optimizer:  sgd
  Weight dec: 0.0005 (on BN/bias=False)
  Backend:    mpi
  Algorithm:  recursive_doubling_zfp_online_coll
  ZFP rate:   8
  Epochs:     10
  Batch/rank: 4
  LR:         0.1
  Scheduler:  cosine
  Warmup:     0
  Grad clip:  None
  Drop last:  True
  Data dir:   ./data
================================================================================


================================================================================
DISTRIBUTED TRAINING LAUNCHER
================================================================================
  Model:      wide_resnet50_2 (CIFAR stem) (from scratch)
  Dataset:    cifar10 (10 classes)
  Image size: 32
  LR:         0.1
  Momentum:   0.9 (nesterov=True)
  Optimizer:  sgd
  Weight dec: 0.0005 (on BN/bias=False)
  Backend:    mpi
  Algorithm:  recursive_doubling_zfp_online_coll
  ZFP rate:   8
  Epochs:     10
  Batch/rank: 4
  LR:         0.1
  Scheduler:  cosine
  Warmup:     0
  Grad clip:  None
  Drop last:  True
  Data dir:   ./data
================================================================================


================================================================================
DISTRIBUTED TRAINING LAUNCHER
================================================================================
  Model:      wide_resnet50_2 (CIFAR stem) (from scratch)
  Dataset:    cifar10 (10 classes)
  Image size: 32
  LR:         0.1
  Momentum:   0.9 (nesterov=True)
  Optimizer:  sgd
  Weight dec: 0.0005 (on BN/bias=False)
  Backend:    mpi
  Algorithm:  recursive_doubling_zfp_online_coll
  ZFP rate:   8
  Epochs:     10
  Batch/rank: 4
  LR:         0.1
  Scheduler:  cosine
  Warmup:     0
  Grad clip:  None
  Drop last:  True
  Data dir:   ./data
================================================================================


================================================================================
DISTRIBUTED TRAINING LAUNCHER
================================================================================
  Model:      wide_resnet50_2 (CIFAR stem) (from scratch)
  Dataset:    cifar10 (10 classes)
  Image size: 32
  LR:         0.1
  Momentum:   0.9 (nesterov=True)
  Optimizer:  sgd
  Weight dec: 0.0005 (on BN/bias=False)
  Backend:    mpi
  Algorithm:  recursive_doubling_zfp_online_coll
  ZFP rate:   8
  Epochs:     10
  Batch/rank: 4
  LR:         0.1
  Scheduler:  cosine
  Warmup:     0
  Grad clip:  None
  Drop last:  True
  Data dir:   ./data
================================================================================


================================================================================
DISTRIBUTED TRAINING LAUNCHER
================================================================================
  Model:      wide_resnet50_2 (CIFAR stem) (from scratch)
  Dataset:    cifar10 (10 classes)
  Image size: 32
  LR:         0.1
  Momentum:   0.9 (nesterov=True)
  Optimizer:  sgd
  Weight dec: 0.0005 (on BN/bias=False)
  Backend:    mpi
  Algorithm:  recursive_doubling_zfp_online_coll
  ZFP rate:   8
  Epochs:     10
  Batch/rank: 4
  LR:         0.1
  Scheduler:  cosine
  Warmup:     0
  Grad clip:  None
  Drop last:  True
  Data dir:   ./data
================================================================================

  Batch [50/390] Loss: 22.2652, Acc: 9.50%, lr: 0.099959
  Batch [100/390] Loss: 12.4219, Acc: 9.00%, lr: 0.099838
  Batch [150/390] Loss: 9.0790, Acc: 9.67%, lr: 0.099635
  Batch [200/390] Loss: 7.4137, Acc: 9.75%, lr: 0.099353
  Batch [250/390] Loss: 6.4078, Acc: 10.40%, lr: 0.098990
  Batch [300/390] Loss: 5.7482, Acc: 10.67%, lr: 0.098547
  Batch [350/390] Loss: 5.2678, Acc: 10.79%, lr: 0.098026
[Epoch 1] Train Loss: 4.9660, Acc: 11.15%  |  Val Loss: 3.5975, Acc: 10.20%  |  Time: 50.0s
[Epoch 1] t_iter median: 93.09 ms  (fwd 6.86 | bwd+comm 82.50 | opt 3.50 | data 0.13)  |  train-only epoch: 37.2s
  -> Best model saved (10.20%)
[Epoch 1] Summarizing hook timing...

[HOOK_TIMING_SUMMARY] epoch=1
[HOOK_WORK_SUMMARY] label=mpi:recursive_doubling_zfp_online_coll:rate8 calls=3106 work_total_ms=31577.699 work_mean_ms=10.167 work_min_ms=2.690 work_max_ms=105.536
[HOOK_TAIL_SUMMARY] label=mpi:recursive_doubling_zfp_online_coll:rate8 steps=391 tail_total_ms=28064.210 tail_mean_ms=71.775 tail_min_ms=19.533 tail_max_ms=115.488
[Epoch 1] Hook timing summary done

[Epoch 2] Training... (lr at epoch start=0.097553)
  Batch [50/390] Loss: 2.3561, Acc: 14.50%, lr: 0.096892
  Batch [100/390] Loss: 2.3617, Acc: 14.00%, lr: 0.096155
  Batch [150/390] Loss: 2.3889, Acc: 13.00%, lr: 0.095344
  Batch [200/390] Loss: 2.3688, Acc: 13.12%, lr: 0.094459
  Batch [250/390] Loss: 2.3663, Acc: 13.10%, lr: 0.093501
  Batch [300/390] Loss: 2.3632, Acc: 12.33%, lr: 0.092473
  Batch [350/390] Loss: 2.3639, Acc: 12.43%, lr: 0.091377
[Epoch 2] Train Loss: 2.3618, Acc: 12.31%  |  Val Loss: 2.9511, Acc: 10.72%  |  Time: 49.0s
[Epoch 2] t_iter median: 92.47 ms  (fwd 6.86 | bwd+comm 82.00 | opt 3.49 | data 0.11)  |  train-only epoch: 36.3s
  -> Best model saved (10.72%)
[Epoch 2] Summarizing hook timing...

[HOOK_TIMING_SUMMARY] epoch=2
[HOOK_WORK_SUMMARY] label=mpi:recursive_doubling_zfp_online_coll:rate8 calls=3120 work_total_ms=31327.092 work_mean_ms=10.041 work_min_ms=2.845 work_max_ms=26.234
[HOOK_TAIL_SUMMARY] label=mpi:recursive_doubling_zfp_online_coll:rate8 steps=390 tail_total_ms=27756.545 tail_mean_ms=71.171 tail_min_ms=60.395 tail_max_ms=83.290
[Epoch 2] Hook timing summary done

[Epoch 3] Training... (lr at epoch start=0.090451)
  Batch [50/390] Loss: 2.3636, Acc: 8.50%, lr: 0.089235
  Batch [100/390] Loss: 2.3567, Acc: 8.25%, lr: 0.087955
  Batch [150/390] Loss: 2.3530, Acc: 9.33%, lr: 0.086613
  Batch [200/390] Loss: 2.3450, Acc: 9.75%, lr: 0.085213
  Batch [250/390] Loss: 2.3312, Acc: 11.10%, lr: 0.083755
  Batch [300/390] Loss: 2.3183, Acc: 12.00%, lr: 0.082242
  Batch [350/390] Loss: 2.3190, Acc: 12.07%, lr: 0.080677
[Epoch 3] Train Loss: 2.3089, Acc: 12.50%  |  Val Loss: 2.7245, Acc: 17.90%  |  Time: 49.0s
[Epoch 3] t_iter median: 92.67 ms  (fwd 6.91 | bwd+comm 82.20 | opt 3.28 | data 0.07)  |  train-only epoch: 36.3s
  -> Best model saved (17.90%)
[Epoch 3] Summarizing hook timing...

[HOOK_TIMING_SUMMARY] epoch=3
[HOOK_WORK_SUMMARY] label=mpi:recursive_doubling_zfp_online_coll:rate8 calls=3120 work_total_ms=31399.597 work_mean_ms=10.064 work_min_ms=3.104 work_max_ms=25.364
[HOOK_TAIL_SUMMARY] label=mpi:recursive_doubling_zfp_online_coll:rate8 steps=390 tail_total_ms=27924.385 tail_mean_ms=71.601 tail_min_ms=61.549 tail_max_ms=82.535
[Epoch 3] Hook timing summary done

[Epoch 4] Training... (lr at epoch start=0.079389)
  Batch [50/390] Loss: 2.2047, Acc: 16.50%, lr: 0.077737
  Batch [100/390] Loss: 2.2074, Acc: 17.25%, lr: 0.076039
  Batch [150/390] Loss: 2.1860, Acc: 17.33%, lr: 0.074299
  Batch [200/390] Loss: 2.1872, Acc: 17.50%, lr: 0.072520
  Batch [250/390] Loss: 2.1838, Acc: 17.60%, lr: 0.070704
  Batch [300/390] Loss: 2.1725, Acc: 18.17%, lr: 0.068855
  Batch [350/390] Loss: 2.1824, Acc: 17.93%, lr: 0.066975
[Epoch 4] Train Loss: 2.1906, Acc: 17.69%  |  Val Loss: 2.6046, Acc: 17.16%  |  Time: 49.1s
[Epoch 4] t_iter median: 92.67 ms  (fwd 6.88 | bwd+comm 82.27 | opt 3.32 | data 0.11)  |  train-only epoch: 36.4s
[Epoch 4] Summarizing hook timing...

[HOOK_TIMING_SUMMARY] epoch=4
[HOOK_WORK_SUMMARY] label=mpi:recursive_doubling_zfp_online_coll:rate8 calls=3120 work_total_ms=31449.705 work_mean_ms=10.080 work_min_ms=2.801 work_max_ms=28.271
[HOOK_TAIL_SUMMARY] label=mpi:recursive_doubling_zfp_online_coll:rate8 steps=390 tail_total_ms=27903.260 tail_mean_ms=71.547 tail_min_ms=58.634 tail_max_ms=82.192
[Epoch 4] Hook timing summary done

[Epoch 5] Training... (lr at epoch start=0.065451)
  Batch [50/390] Loss: 2.2314, Acc: 17.50%, lr: 0.063524
  Batch [100/390] Loss: 2.2373, Acc: 16.25%, lr: 0.061574
  Batch [150/390] Loss: 2.2303, Acc: 15.33%, lr: 0.059606
  Batch [200/390] Loss: 2.2268, Acc: 14.50%, lr: 0.057623
  Batch [250/390] Loss: 2.2109, Acc: 14.70%, lr: 0.055627
  Batch [300/390] Loss: 2.1950, Acc: 15.50%, lr: 0.053622
  Batch [350/390] Loss: 2.1833, Acc: 15.50%, lr: 0.051611
[Epoch 5] Train Loss: 2.1849, Acc: 15.45%  |  Val Loss: 2.7415, Acc: 19.02%  |  Time: 49.7s
[Epoch 5] t_iter median: 92.90 ms  (fwd 6.87 | bwd+comm 82.44 | opt 3.49 | data 0.11)  |  train-only epoch: 36.5s
  -> Best model saved (19.02%)
[Epoch 5] Summarizing hook timing...

[HOOK_TIMING_SUMMARY] epoch=5
[HOOK_WORK_SUMMARY] label=mpi:recursive_doubling_zfp_online_coll:rate8 calls=3120 work_total_ms=31395.215 work_mean_ms=10.063 work_min_ms=2.926 work_max_ms=25.509
[HOOK_TAIL_SUMMARY] label=mpi:recursive_doubling_zfp_online_coll:rate8 steps=390 tail_total_ms=27886.345 tail_mean_ms=71.503 tail_min_ms=61.259 tail_max_ms=82.385
[Epoch 5] Hook timing summary done

[Epoch 6] Training... (lr at epoch start=0.050000)
  Batch [50/390] Loss: 2.0860, Acc: 21.50%, lr: 0.047987
  Batch [100/390] Loss: 2.1112, Acc: 18.75%, lr: 0.045977
  Batch [150/390] Loss: 2.1242, Acc: 19.00%, lr: 0.043973
  Batch [200/390] Loss: 2.1402, Acc: 18.12%, lr: 0.041979
  Batch [250/390] Loss: 2.1302, Acc: 18.50%, lr: 0.039999
  Batch [300/390] Loss: 2.1376, Acc: 17.50%, lr: 0.038034
  Batch [350/390] Loss: 2.1416, Acc: 17.71%, lr: 0.036089
[Epoch 6] Train Loss: 2.1425, Acc: 17.50%  |  Val Loss: 2.2945, Acc: 20.53%  |  Time: 49.1s
[Epoch 6] t_iter median: 93.25 ms  (fwd 6.88 | bwd+comm 83.09 | opt 3.21 | data 0.07)  |  train-only epoch: 36.4s
  -> Best model saved (20.53%)
[Epoch 6] Summarizing hook timing...

[HOOK_TIMING_SUMMARY] epoch=6
[HOOK_WORK_SUMMARY] label=mpi:recursive_doubling_zfp_online_coll:rate8 calls=3120 work_total_ms=31697.868 work_mean_ms=10.160 work_min_ms=3.459 work_max_ms=25.440
[HOOK_TAIL_SUMMARY] label=mpi:recursive_doubling_zfp_online_coll:rate8 steps=390 tail_total_ms=28328.487 tail_mean_ms=72.637 tail_min_ms=60.154 tail_max_ms=81.762
[Epoch 6] Hook timing summary done

[Epoch 7] Training... (lr at epoch start=0.034549)
  Batch [50/390] Loss: 2.1325, Acc: 17.00%, lr: 0.032647
  Batch [100/390] Loss: 2.1181, Acc: 20.50%, lr: 0.030773
  Batch [150/390] Loss: 2.1211, Acc: 20.83%, lr: 0.028930
  Batch [200/390] Loss: 2.1192, Acc: 19.75%, lr: 0.027121
  Batch [250/390] Loss: 2.1172, Acc: 19.00%, lr: 0.025350
  Batch [300/390] Loss: 2.1105, Acc: 19.25%, lr: 0.023618
  Batch [350/390] Loss: 2.1058, Acc: 19.29%, lr: 0.021929
[Epoch 7] Train Loss: 2.1054, Acc: 19.49%  |  Val Loss: 3.1580, Acc: 18.75%  |  Time: 49.4s
[Epoch 7] t_iter median: 93.54 ms  (fwd 6.87 | bwd+comm 83.40 | opt 3.26 | data 0.06)  |  train-only epoch: 36.6s
[Epoch 7] Summarizing hook timing...

[HOOK_TIMING_SUMMARY] epoch=7
[HOOK_WORK_SUMMARY] label=mpi:recursive_doubling_zfp_online_coll:rate8 calls=3120 work_total_ms=31842.743 work_mean_ms=10.206 work_min_ms=3.132 work_max_ms=26.855
[HOOK_TAIL_SUMMARY] label=mpi:recursive_doubling_zfp_online_coll:rate8 steps=390 tail_total_ms=28471.302 tail_mean_ms=73.003 tail_min_ms=61.523 tail_max_ms=84.857
[Epoch 7] Hook timing summary done

[Epoch 8] Training... (lr at epoch start=0.020611)
  Batch [50/390] Loss: 2.1144, Acc: 17.50%, lr: 0.019006
  Batch [100/390] Loss: 2.0884, Acc: 20.00%, lr: 0.017451
  Batch [150/390] Loss: 2.0838, Acc: 19.67%, lr: 0.015949
  Batch [200/390] Loss: 2.0902, Acc: 20.00%, lr: 0.014503
  Batch [250/390] Loss: 2.0688, Acc: 19.90%, lr: 0.013113
  Batch [300/390] Loss: 2.0577, Acc: 20.00%, lr: 0.011784
  Batch [350/390] Loss: 2.0611, Acc: 19.86%, lr: 0.010517
[Epoch 8] Train Loss: 2.0599, Acc: 19.94%  |  Val Loss: 2.7502, Acc: 21.34%  |  Time: 49.3s
[Epoch 8] t_iter median: 93.47 ms  (fwd 6.84 | bwd+comm 83.21 | opt 3.26 | data 0.06)  |  train-only epoch: 36.6s
  -> Best model saved (21.34%)
[Epoch 8] Summarizing hook timing...

[HOOK_TIMING_SUMMARY] epoch=8
[HOOK_WORK_SUMMARY] label=mpi:recursive_doubling_zfp_online_coll:rate8 calls=3120 work_total_ms=31810.872 work_mean_ms=10.196 work_min_ms=3.100 work_max_ms=24.719
[HOOK_TAIL_SUMMARY] label=mpi:recursive_doubling_zfp_online_coll:rate8 steps=390 tail_total_ms=28418.970 tail_mean_ms=72.869 tail_min_ms=60.784 tail_max_ms=84.533
[Epoch 8] Hook timing summary done

[Epoch 9] Training... (lr at epoch start=0.009549)
  Batch [50/390] Loss: 2.0324, Acc: 21.50%, lr: 0.008399
  Batch [100/390] Loss: 2.0732, Acc: 18.50%, lr: 0.007315
  Batch [150/390] Loss: 2.0729, Acc: 19.00%, lr: 0.006302
  Batch [200/390] Loss: 2.0696, Acc: 18.88%, lr: 0.005359
  Batch [250/390] Loss: 2.0712, Acc: 19.40%, lr: 0.004488
  Batch [300/390] Loss: 2.0689, Acc: 19.50%, lr: 0.003691
  Batch [350/390] Loss: 2.0727, Acc: 19.29%, lr: 0.002970
[Epoch 9] Train Loss: 2.0710, Acc: 19.04%  |  Val Loss: 2.2236, Acc: 20.67%  |  Time: 49.3s
[Epoch 9] t_iter median: 92.72 ms  (fwd 6.85 | bwd+comm 82.40 | opt 3.46 | data 0.11)  |  train-only epoch: 36.4s
[Epoch 9] Summarizing hook timing...

[HOOK_TIMING_SUMMARY] epoch=9
[HOOK_WORK_SUMMARY] label=mpi:recursive_doubling_zfp_online_coll:rate8 calls=3120 work_total_ms=31459.905 work_mean_ms=10.083 work_min_ms=2.840 work_max_ms=25.890
[HOOK_TAIL_SUMMARY] label=mpi:recursive_doubling_zfp_online_coll:rate8 steps=390 tail_total_ms=27970.614 tail_mean_ms=71.720 tail_min_ms=60.534 tail_max_ms=85.484
[Epoch 9] Hook timing summary done

[Epoch 10] Training... (lr at epoch start=0.002447)
  Batch [50/390] Loss: 2.0476, Acc: 18.00%, lr: 0.001864
  Batch [100/390] Loss: 2.0836, Acc: 17.00%, lr: 0.001358
  Batch [150/390] Loss: 2.0591, Acc: 16.67%, lr: 0.000931
  Batch [200/390] Loss: 2.0462, Acc: 17.38%, lr: 0.000584
  Batch [250/390] Loss: 2.0461, Acc: 18.80%, lr: 0.000318
  Batch [300/390] Loss: 2.0602, Acc: 18.42%, lr: 0.000131
  Batch [350/390] Loss: 2.0583, Acc: 18.00%, lr: 0.000026
[Epoch 10] Train Loss: 2.0656, Acc: 18.14%  |  Val Loss: 2.5771, Acc: 21.32%  |  Time: 49.7s
[Epoch 10] t_iter median: 93.86 ms  (fwd 6.88 | bwd+comm 83.42 | opt 3.50 | data 0.07)  |  train-only epoch: 36.8s
[Epoch 10] Summarizing hook timing...

[HOOK_TIMING_SUMMARY] epoch=10
[HOOK_WORK_SUMMARY] label=mpi:recursive_doubling_zfp_online_coll:rate8 calls=3120 work_total_ms=31788.899 work_mean_ms=10.189 work_min_ms=3.037 work_max_ms=26.289
[HOOK_TAIL_SUMMARY] label=mpi:recursive_doubling_zfp_online_coll:rate8 steps=390 tail_total_ms=28271.379 tail_mean_ms=72.491 tail_min_ms=60.675 tail_max_ms=82.829
[Epoch 10] Hook timing summary done

================================================================================
Done in 498.9s | Best val acc: 21.34%
Epoch times (train+val): mean=49.4s  min=49.0s  max=50.0s
Train-only epoch time (epochs 2..N): median=36.44s  min=36.29s  max=36.82s
  -> use this for STRONG scaling (fixed global batch)
  -> use t_iter_median_ms from the CSV for WEAK scaling (fixed local batch)
================================================================================
=== Finished training: model=wide_resnet50_2, dataset=cifar10, batch=4, lr=0.1, scheduler=cosine, backend=mpi, hook=recursive_doubling_zfp_online_coll, zfp_rate=8, status=0 at Wed Jul 22 11:14:16 AM UTC 2026 ===
=== Starting training: model=wide_resnet50_2, dataset=cifar10, batch=16, lr=0.1, scheduler=cosine, backend=mpi, hook=none, zfp_rate=none at Wed Jul 22 11:14:16 AM UTC 2026 ===

================================================================================
DISTRIBUTED TRAINING LAUNCHER
================================================================================
  Model:      wide_resnet50_2 (CIFAR stem) (from scratch)
  Dataset:    cifar10 (10 classes)
  Image size: 32
  LR:         0.1
  Momentum:   0.9 (nesterov=True)
  Optimizer:  sgd
  Weight dec: 0.0005 (on BN/bias=False)
  Backend:    mpi
  Algorithm:  built-in (no hook)
  Epochs:     10
  Batch/rank: 16
  LR:         0.1
  Scheduler:  cosine
  Warmup:     0
  Grad clip:  None
  Drop last:  True
  Data dir:   ./data
================================================================================


================================================================================
Distributed Training: WIDE_RESNET50_2 on CIFAR10
Backend: MPI, Algorithm: built-in (no hook)
================================================================================
Ranks: 32, Epochs: 10, Batch/rank: 16, Effective batch: 512
LR: 0.1, Device: cuda:0

[Cache] Pretrained weights cache (TORCH_HOME) = ./data/pretrained_weights_cache
[Setup] Model on cuda:0, wrapped in DDP (static_graph=True)
[Setup] No hook — using DDP built-in MPI allreduce
[Optim] SGD: lr=0.1 momentum=0.9 nesterov=True wd=0.0005 wd_on_bn_bias=False
[Optim]   group 0: 66,778,816 params, wd=0.0005
[Optim]   group 1: 68,234 params, wd=0.0

================================================================================
DISTRIBUTED TRAINING LAUNCHER
================================================================================
  Model:      wide_resnet50_2 (CIFAR stem) (from scratch)
  Dataset:    cifar10 (10 classes)
  Image size: 32
  LR:         0.1
  Momentum:   0.9 (nesterov=True)
  Optimizer:  sgd
  Weight dec: 0.0005 (on BN/bias=False)
  Backend:    mpi
  Algorithm:  built-in (no hook)
  Epochs:     10
  Batch/rank: 16
  LR:         0.1
  Scheduler:  cosine
  Warmup:     0
  Grad clip:  None
  Drop last:  True
  Data dir:   ./data
================================================================================


================================================================================
DISTRIBUTED TRAINING LAUNCHER
================================================================================
  Model:      wide_resnet50_2 (CIFAR stem) (from scratch)
  Dataset:    cifar10 (10 classes)
  Image size: 32
  LR:         0.1
  Momentum:   0.9 (nesterov=True)
  Optimizer:  sgd
  Weight dec: 0.0005 (on BN/bias=False)
  Backend:    mpi
  Algorithm:  built-in (no hook)
  Epochs:     10
  Batch/rank: 16
  LR:         0.1
  Scheduler:  cosine
  Warmup:     0
  Grad clip:  None
  Drop last:  True
  Data dir:   ./data
================================================================================


================================================================================
DISTRIBUTED TRAINING LAUNCHER
================================================================================
  Model:      wide_resnet50_2 (CIFAR stem) (from scratch)
  Dataset:    cifar10 (10 classes)
  Image size: 32
  LR:         0.1
  Momentum:   0.9 (nesterov=True)
  Optimizer:  sgd
  Weight dec: 0.0005 (on BN/bias=False)
  Backend:    mpi
  Algorithm:  built-in (no hook)
  Epochs:     10
  Batch/rank: 16
  LR:         0.1
  Scheduler:  cosine
  Warmup:     0
  Grad clip:  None
  Drop last:  True
  Data dir:   ./data
================================================================================


================================================================================
DISTRIBUTED TRAINING LAUNCHER
================================================================================
  Model:      wide_resnet50_2 (CIFAR stem) (from scratch)
  Dataset:    cifar10 (10 classes)
  Image size: 32
  LR:         0.1
  Momentum:   0.9 (nesterov=True)
  Optimizer:  sgd
  Weight dec: 0.0005 (on BN/bias=False)
  Backend:    mpi
  Algorithm:  built-in (no hook)
  Epochs:     10
  Batch/rank: 16
  LR:         0.1
  Scheduler:  cosine
  Warmup:     0
  Grad clip:  None
  Drop last:  True
  Data dir:   ./data
================================================================================


================================================================================
DISTRIBUTED TRAINING LAUNCHER
================================================================================
  Model:      wide_resnet50_2 (CIFAR stem) (from scratch)
  Dataset:    cifar10 (10 classes)
  Image size: 32
  LR:         0.1
  Momentum:   0.9 (nesterov=True)
  Optimizer:  sgd
  Weight dec: 0.0005 (on BN/bias=False)
  Backend:    mpi
  Algorithm:  built-in (no hook)
  Epochs:     10
  Batch/rank: 16
  LR:         0.1
  Scheduler:  cosine
  Warmup:     0
  Grad clip:  None
  Drop last:  True
  Data dir:   ./data
================================================================================


================================================================================
DISTRIBUTED TRAINING LAUNCHER
================================================================================
  Model:      wide_resnet50_2 (CIFAR stem) (from scratch)
  Dataset:    cifar10 (10 classes)
  Image size: 32
  LR:         0.1
  Momentum:   0.9 (nesterov=True)
  Optimizer:  sgd
  Weight dec: 0.0005 (on BN/bias=False)
  Backend:    mpi
  Algorithm:  built-in (no hook)
  Epochs:     10
  Batch/rank: 16
  LR:         0.1
  Scheduler:  cosine
  Warmup:     0
  Grad clip:  None
  Drop last:  True
  Data dir:   ./data
================================================================================


================================================================================
DISTRIBUTED TRAINING LAUNCHER
================================================================================
  Model:      wide_resnet50_2 (CIFAR stem) (from scratch)
  Dataset:    cifar10 (10 classes)
  Image size: 32
  LR:         0.1
  Momentum:   0.9 (nesterov=True)
  Optimizer:  sgd
  Weight dec: 0.0005 (on BN/bias=False)
  Backend:    mpi
  Algorithm:  built-in (no hook)
  Epochs:     10
  Batch/rank: 16
  LR:         0.1
  Scheduler:  cosine
  Warmup:     0
  Grad clip:  None
  Drop last:  True
  Data dir:   ./data
================================================================================


================================================================================
DISTRIBUTED TRAINING LAUNCHER
================================================================================
  Model:      wide_resnet50_2 (CIFAR stem) (from scratch)
  Dataset:    cifar10 (10 classes)
  Image size: 32
  LR:         0.1
  Momentum:   0.9 (nesterov=True)
  Optimizer:  sgd
  Weight dec: 0.0005 (on BN/bias=False)
  Backend:    mpi
  Algorithm:  built-in (no hook)
  Epochs:     10
  Batch/rank: 16
  LR:         0.1
  Scheduler:  cosine
  Warmup:     0
  Grad clip:  None
  Drop last:  True
  Data dir:   ./data
================================================================================


================================================================================
DISTRIBUTED TRAINING LAUNCHER
================================================================================
  Model:      wide_resnet50_2 (CIFAR stem) (from scratch)
  Dataset:    cifar10 (10 classes)
  Image size: 32
  LR:         0.1
  Momentum:   0.9 (nesterov=True)
  Optimizer:  sgd
  Weight dec: 0.0005 (on BN/bias=False)
  Backend:    mpi
  Algorithm:  built-in (no hook)
  Epochs:     10
  Batch/rank: 16
  LR:         0.1
  Scheduler:  cosine
  Warmup:     0
  Grad clip:  None
  Drop last:  True
  Data dir:   ./data
================================================================================


================================================================================
DISTRIBUTED TRAINING LAUNCHER
================================================================================
  Model:      wide_resnet50_2 (CIFAR stem) (from scratch)
  Dataset:    cifar10 (10 classes)
  Image size: 32
  LR:         0.1
  Momentum:   0.9 (nesterov=True)
  Optimizer:  sgd
  Weight dec: 0.0005 (on BN/bias=False)
  Backend:    mpi
  Algorithm:  built-in (no hook)
  Epochs:     10
  Batch/rank: 16
  LR:         0.1
  Scheduler:  cosine
  Warmup:     0
  Grad clip:  None
  Drop last:  True
  Data dir:   ./data
================================================================================


================================================================================
DISTRIBUTED TRAINING LAUNCHER
================================================================================
  Model:      wide_resnet50_2 (CIFAR stem) (from scratch)
  Dataset:    cifar10 (10 classes)
  Image size: 32
  LR:         0.1
  Momentum:   0.9 (nesterov=True)
  Optimizer:  sgd
  Weight dec: 0.0005 (on BN/bias=False)
  Backend:    mpi
  Algorithm:  built-in (no hook)
  Epochs:     10
  Batch/rank: 16
  LR:         0.1
  Scheduler:  cosine
  Warmup:     0
  Grad clip:  None
  Drop last:  True
  Data dir:   ./data
================================================================================


================================================================================
DISTRIBUTED TRAINING LAUNCHER
================================================================================
  Model:      wide_resnet50_2 (CIFAR stem) (from scratch)
  Dataset:    cifar10 (10 classes)
  Image size: 32
  LR:         0.1
  Momentum:   0.9 (nesterov=True)
  Optimizer:  sgd
  Weight dec: 0.0005 (on BN/bias=False)
  Backend:    mpi
  Algorithm:  built-in (no hook)
  Epochs:     10
  Batch/rank: 16
  LR:         0.1
  Scheduler:  cosine
  Warmup:     0
  Grad clip:  None
  Drop last:  True
  Data dir:   ./data
================================================================================


================================================================================
DISTRIBUTED TRAINING LAUNCHER
================================================================================
  Model:      wide_resnet50_2 (CIFAR stem) (from scratch)
  Dataset:    cifar10 (10 classes)
  Image size: 32
  LR:         0.1
  Momentum:   0.9 (nesterov=True)
  Optimizer:  sgd
  Weight dec: 0.0005 (on BN/bias=False)
  Backend:    mpi
  Algorithm:  built-in (no hook)
  Epochs:     10
  Batch/rank: 16
  LR:         0.1
  Scheduler:  cosine
  Warmup:     0
  Grad clip:  None
  Drop last:  True
  Data dir:   ./data
================================================================================


================================================================================
DISTRIBUTED TRAINING LAUNCHER
================================================================================
  Model:      wide_resnet50_2 (CIFAR stem) (from scratch)
  Dataset:    cifar10 (10 classes)
  Image size: 32
  LR:         0.1
  Momentum:   0.9 (nesterov=True)
  Optimizer:  sgd
  Weight dec: 0.0005 (on BN/bias=False)
  Backend:    mpi
  Algorithm:  built-in (no hook)
  Epochs:     10
  Batch/rank: 16
  LR:         0.1
  Scheduler:  cosine
  Warmup:     0
  Grad clip:  None
  Drop last:  True
  Data dir:   ./data
================================================================================


================================================================================
DISTRIBUTED TRAINING LAUNCHER
================================================================================
  Model:      wide_resnet50_2 (CIFAR stem) (from scratch)
  Dataset:    cifar10 (10 classes)
  Image size: 32
  LR:         0.1
  Momentum:   0.9 (nesterov=True)
  Optimizer:  sgd
  Weight dec: 0.0005 (on BN/bias=False)
  Backend:    mpi
  Algorithm:  built-in (no hook)
  Epochs:     10
  Batch/rank: 16
  LR:         0.1
  Scheduler:  cosine
  Warmup:     0
  Grad clip:  None
  Drop last:  True
  Data dir:   ./data
================================================================================


================================================================================
DISTRIBUTED TRAINING LAUNCHER
================================================================================
  Model:      wide_resnet50_2 (CIFAR stem) (from scratch)
  Dataset:    cifar10 (10 classes)
  Image size: 32
  LR:         0.1
  Momentum:   0.9 (nesterov=True)
  Optimizer:  sgd
  Weight dec: 0.0005 (on BN/bias=False)
  Backend:    mpi
  Algorithm:  built-in (no hook)
  Epochs:     10
  Batch/rank: 16
  LR:         0.1
  Scheduler:  cosine
  Warmup:     0
  Grad clip:  None
  Drop last:  True
  Data dir:   ./data
================================================================================


================================================================================
DISTRIBUTED TRAINING LAUNCHER
================================================================================
  Model:      wide_resnet50_2 (CIFAR stem) (from scratch)
  Dataset:    cifar10 (10 classes)
  Image size: 32
  LR:         0.1
  Momentum:   0.9 (nesterov=True)
  Optimizer:  sgd
  Weight dec: 0.0005 (on BN/bias=False)
  Backend:    mpi
  Algorithm:  built-in (no hook)
  Epochs:     10
  Batch/rank: 16
  LR:         0.1
  Scheduler:  cosine
  Warmup:     0
  Grad clip:  None
  Drop last:  True
  Data dir:   ./data
================================================================================


================================================================================
DISTRIBUTED TRAINING LAUNCHER
================================================================================
  Model:      wide_resnet50_2 (CIFAR stem) (from scratch)
  Dataset:    cifar10 (10 classes)
  Image size: 32
  LR:         0.1
  Momentum:   0.9 (nesterov=True)
  Optimizer:  sgd
  Weight dec: 0.0005 (on BN/bias=False)
  Backend:    mpi
  Algorithm:  built-in (no hook)
  Epochs:     10
  Batch/rank: 16
  LR:         0.1
  Scheduler:  cosine
  Warmup:     0
  Grad clip:  None
  Drop last:  True
  Data dir:   ./data
================================================================================

[Data] Train batches: 97, Val batches: 625

[Sched] cosine: steps/epoch=97, total_steps=970, warmup_steps=0 (0 epochs)


[Epoch 1] Training... (lr at epoch start=0.100000)

================================================================================
DISTRIBUTED TRAINING LAUNCHER
================================================================================
  Model:      wide_resnet50_2 (CIFAR stem) (from scratch)
  Dataset:    cifar10 (10 classes)
  Image size: 32
  LR:         0.1
  Momentum:   0.9 (nesterov=True)
  Optimizer:  sgd
  Weight dec: 0.0005 (on BN/bias=False)
  Backend:    mpi
  Algorithm:  built-in (no hook)
  Epochs:     10
  Batch/rank: 16
  LR:         0.1
  Scheduler:  cosine
  Warmup:     0
  Grad clip:  None
  Drop last:  True
  Data dir:   ./data
================================================================================


================================================================================
DISTRIBUTED TRAINING LAUNCHER
================================================================================
  Model:      wide_resnet50_2 (CIFAR stem) (from scratch)
  Dataset:    cifar10 (10 classes)
  Image size: 32
  LR:         0.1
  Momentum:   0.9 (nesterov=True)
  Optimizer:  sgd
  Weight dec: 0.0005 (on BN/bias=False)
  Backend:    mpi
  Algorithm:  built-in (no hook)
  Epochs:     10
  Batch/rank: 16
  LR:         0.1
  Scheduler:  cosine
  Warmup:     0
  Grad clip:  None
  Drop last:  True
  Data dir:   ./data
================================================================================


================================================================================
DISTRIBUTED TRAINING LAUNCHER
================================================================================
  Model:      wide_resnet50_2 (CIFAR stem) (from scratch)
  Dataset:    cifar10 (10 classes)
  Image size: 32
  LR:         0.1
  Momentum:   0.9 (nesterov=True)
  Optimizer:  sgd
  Weight dec: 0.0005 (on BN/bias=False)
  Backend:    mpi
  Algorithm:  built-in (no hook)
  Epochs:     10
  Batch/rank: 16
  LR:         0.1
  Scheduler:  cosine
  Warmup:     0
  Grad clip:  None
  Drop last:  True
  Data dir:   ./data
================================================================================


================================================================================
DISTRIBUTED TRAINING LAUNCHER
================================================================================
  Model:      wide_resnet50_2 (CIFAR stem) (from scratch)
  Dataset:    cifar10 (10 classes)
  Image size: 32
  LR:         0.1
  Momentum:   0.9 (nesterov=True)
  Optimizer:  sgd
  Weight dec: 0.0005 (on BN/bias=False)
  Backend:    mpi
  Algorithm:  built-in (no hook)
  Epochs:     10
  Batch/rank: 16
  LR:         0.1
  Scheduler:  cosine
  Warmup:     0
  Grad clip:  None
  Drop last:  True
  Data dir:   ./data
================================================================================


================================================================================
DISTRIBUTED TRAINING LAUNCHER
================================================================================
  Model:      wide_resnet50_2 (CIFAR stem) (from scratch)
  Dataset:    cifar10 (10 classes)
  Image size: 32
  LR:         0.1
  Momentum:   0.9 (nesterov=True)
  Optimizer:  sgd
  Weight dec: 0.0005 (on BN/bias=False)
  Backend:    mpi
  Algorithm:  built-in (no hook)
  Epochs:     10
  Batch/rank: 16
  LR:         0.1
  Scheduler:  cosine
  Warmup:     0
  Grad clip:  None
  Drop last:  True
  Data dir:   ./data
================================================================================


================================================================================
DISTRIBUTED TRAINING LAUNCHER
================================================================================
  Model:      wide_resnet50_2 (CIFAR stem) (from scratch)
  Dataset:    cifar10 (10 classes)
  Image size: 32
  LR:         0.1
  Momentum:   0.9 (nesterov=True)
  Optimizer:  sgd
  Weight dec: 0.0005 (on BN/bias=False)
  Backend:    mpi
  Algorithm:  built-in (no hook)
  Epochs:     10
  Batch/rank: 16
  LR:         0.1
  Scheduler:  cosine
  Warmup:     0
  Grad clip:  None
  Drop last:  True
  Data dir:   ./data
================================================================================


================================================================================
DISTRIBUTED TRAINING LAUNCHER
================================================================================
  Model:      wide_resnet50_2 (CIFAR stem) (from scratch)
  Dataset:    cifar10 (10 classes)
  Image size: 32
  LR:         0.1
  Momentum:   0.9 (nesterov=True)
  Optimizer:  sgd
  Weight dec: 0.0005 (on BN/bias=False)
  Backend:    mpi
  Algorithm:  built-in (no hook)
  Epochs:     10
  Batch/rank: 16
  LR:         0.1
  Scheduler:  cosine
  Warmup:     0
  Grad clip:  None
  Drop last:  True
  Data dir:   ./data
================================================================================


================================================================================
DISTRIBUTED TRAINING LAUNCHER
================================================================================
  Model:      wide_resnet50_2 (CIFAR stem) (from scratch)
  Dataset:    cifar10 (10 classes)
  Image size: 32
  LR:         0.1
  Momentum:   0.9 (nesterov=True)
  Optimizer:  sgd
  Weight dec: 0.0005 (on BN/bias=False)
  Backend:    mpi
  Algorithm:  built-in (no hook)
  Epochs:     10
  Batch/rank: 16
  LR:         0.1
  Scheduler:  cosine
  Warmup:     0
  Grad clip:  None
  Drop last:  True
  Data dir:   ./data
================================================================================


================================================================================
DISTRIBUTED TRAINING LAUNCHER
================================================================================
  Model:      wide_resnet50_2 (CIFAR stem) (from scratch)
  Dataset:    cifar10 (10 classes)
  Image size: 32
  LR:         0.1
  Momentum:   0.9 (nesterov=True)
  Optimizer:  sgd
  Weight dec: 0.0005 (on BN/bias=False)
  Backend:    mpi
  Algorithm:  built-in (no hook)
  Epochs:     10
  Batch/rank: 16
  LR:         0.1
  Scheduler:  cosine
  Warmup:     0
  Grad clip:  None
  Drop last:  True
  Data dir:   ./data
================================================================================


================================================================================
DISTRIBUTED TRAINING LAUNCHER
================================================================================
  Model:      wide_resnet50_2 (CIFAR stem) (from scratch)
  Dataset:    cifar10 (10 classes)
  Image size: 32
  LR:         0.1
  Momentum:   0.9 (nesterov=True)
  Optimizer:  sgd
  Weight dec: 0.0005 (on BN/bias=False)
  Backend:    mpi
  Algorithm:  built-in (no hook)
  Epochs:     10
  Batch/rank: 16
  LR:         0.1
  Scheduler:  cosine
  Warmup:     0
  Grad clip:  None
  Drop last:  True
  Data dir:   ./data
================================================================================


================================================================================
DISTRIBUTED TRAINING LAUNCHER
================================================================================
  Model:      wide_resnet50_2 (CIFAR stem) (from scratch)
  Dataset:    cifar10 (10 classes)
  Image size: 32
  LR:         0.1
  Momentum:   0.9 (nesterov=True)
  Optimizer:  sgd
  Weight dec: 0.0005 (on BN/bias=False)
  Backend:    mpi
  Algorithm:  built-in (no hook)
  Epochs:     10
  Batch/rank: 16
  LR:         0.1
  Scheduler:  cosine
  Warmup:     0
  Grad clip:  None
  Drop last:  True
  Data dir:   ./data
================================================================================


================================================================================
DISTRIBUTED TRAINING LAUNCHER
================================================================================
  Model:      wide_resnet50_2 (CIFAR stem) (from scratch)
  Dataset:    cifar10 (10 classes)
  Image size: 32
  LR:         0.1
  Momentum:   0.9 (nesterov=True)
  Optimizer:  sgd
  Weight dec: 0.0005 (on BN/bias=False)
  Backend:    mpi
  Algorithm:  built-in (no hook)
  Epochs:     10
  Batch/rank: 16
  LR:         0.1
  Scheduler:  cosine
  Warmup:     0
  Grad clip:  None
  Drop last:  True
  Data dir:   ./data
================================================================================


================================================================================
DISTRIBUTED TRAINING LAUNCHER
================================================================================
  Model:      wide_resnet50_2 (CIFAR stem) (from scratch)
  Dataset:    cifar10 (10 classes)
  Image size: 32
  LR:         0.1
  Momentum:   0.9 (nesterov=True)
  Optimizer:  sgd
  Weight dec: 0.0005 (on BN/bias=False)
  Backend:    mpi
  Algorithm:  built-in (no hook)
  Epochs:     10
  Batch/rank: 16
  LR:         0.1
  Scheduler:  cosine
  Warmup:     0
  Grad clip:  None
  Drop last:  True
  Data dir:   ./data
================================================================================

  Batch [50/97] Loss: 7.1455, Acc: 11.38%, lr: 0.099346
[Epoch 1] Train Loss: nan, Acc: 9.92%  |  Val Loss: nan, Acc: 10.00%  |  Time: 10.3s
[Epoch 1] t_iter median: 56.50 ms  (fwd 6.80 | bwd+comm 46.19 | opt 3.46 | data 0.11)  |  train-only epoch: 6.6s
  WARNING: train_loss is nan — possible gradient explosion from hook bug. Check that hook divides by world_size exactly once.
  -> Best model saved (10.00%)
[Epoch 1] Summarizing hook timing...
[HOOK_TIMING_SUMMARY] epoch=1 no hook timing samples
[Epoch 1] Hook timing summary done

[Epoch 2] Training... (lr at epoch start=0.097553)
  Batch [50/97] Loss: nan, Acc: 10.62%, lr: 0.094440
[Epoch 2] Train Loss: nan, Acc: 10.89%  |  Val Loss: nan, Acc: 10.00%  |  Time: 9.3s
[Epoch 2] t_iter median: 56.54 ms  (fwd 6.73 | bwd+comm 46.47 | opt 3.24 | data 0.07)  |  train-only epoch: 5.7s
  WARNING: train_loss is nan — possible gradient explosion from hook bug. Check that hook divides by world_size exactly once.
[Epoch 2] Summarizing hook timing...
[HOOK_TIMING_SUMMARY] epoch=2 no hook timing samples
[Epoch 2] Hook timing summary done

[Epoch 3] Training... (lr at epoch start=0.090451)
  Batch [50/97] Loss: nan, Acc: 7.62%, lr: 0.085183
[Epoch 3] Train Loss: nan, Acc: 8.44%  |  Val Loss: nan, Acc: 10.00%  |  Time: 9.3s
[Epoch 3] t_iter median: 56.36 ms  (fwd 6.73 | bwd+comm 46.33 | opt 3.23 | data 0.07)  |  train-only epoch: 5.7s
  WARNING: train_loss is nan — possible gradient explosion from hook bug. Check that hook divides by world_size exactly once.
[Epoch 3] Summarizing hook timing...
[HOOK_TIMING_SUMMARY] epoch=3 no hook timing samples
[Epoch 3] Hook timing summary done

[Epoch 4] Training... (lr at epoch start=0.079389)
  Batch [50/97] Loss: nan, Acc: 10.12%, lr: 0.072483
[Epoch 4] Train Loss: nan, Acc: 9.86%  |  Val Loss: nan, Acc: 10.00%  |  Time: 9.3s
[Epoch 4] t_iter median: 56.18 ms  (fwd 6.83 | bwd+comm 45.88 | opt 3.36 | data 0.11)  |  train-only epoch: 5.6s
  WARNING: train_loss is nan — possible gradient explosion from hook bug. Check that hook divides by world_size exactly once.
[Epoch 4] Summarizing hook timing...
[HOOK_TIMING_SUMMARY] epoch=4 no hook timing samples
[Epoch 4] Hook timing summary done

[Epoch 5] Training... (lr at epoch start=0.065451)
  Batch [50/97] Loss: nan, Acc: 10.50%, lr: 0.057582
[Epoch 5] Train Loss: nan, Acc: 10.70%  |  Val Loss: nan, Acc: 10.00%  |  Time: 9.3s
[Epoch 5] t_iter median: 56.22 ms  (fwd 6.81 | bwd+comm 46.04 | opt 3.31 | data 0.11)  |  train-only epoch: 5.7s
  WARNING: train_loss is nan — possible gradient explosion from hook bug. Check that hook divides by world_size exactly once.
[Epoch 5] Summarizing hook timing...
[HOOK_TIMING_SUMMARY] epoch=5 no hook timing samples
[Epoch 5] Hook timing summary done

[Epoch 6] Training... (lr at epoch start=0.050000)
  Batch [50/97] Loss: nan, Acc: 9.25%, lr: 0.041938
[Epoch 6] Train Loss: nan, Acc: 9.15%  |  Val Loss: nan, Acc: 10.00%  |  Time: 9.3s
[Epoch 6] t_iter median: 56.31 ms  (fwd 6.75 | bwd+comm 46.22 | opt 3.24 | data 0.11)  |  train-only epoch: 5.7s
  WARNING: train_loss is nan — possible gradient explosion from hook bug. Check that hook divides by world_size exactly once.
[Epoch 6] Summarizing hook timing...
[HOOK_TIMING_SUMMARY] epoch=6 no hook timing samples
[Epoch 6] Hook timing summary done

[Epoch 7] Training... (lr at epoch start=0.034549)
  Batch [50/97] Loss: nan, Acc: 10.38%, lr: 0.027084
[Epoch 7] Train Loss: nan, Acc: 10.57%  |  Val Loss: nan, Acc: 10.00%  |  Time: 9.3s
[Epoch 7] t_iter median: 56.30 ms  (fwd 6.82 | bwd+comm 46.08 | opt 3.36 | data 0.11)  |  train-only epoch: 5.7s
  WARNING: train_loss is nan — possible gradient explosion from hook bug. Check that hook divides by world_size exactly once.
[Epoch 7] Summarizing hook timing...
[HOOK_TIMING_SUMMARY] epoch=7 no hook timing samples
[Epoch 7] Hook timing summary done

[Epoch 8] Training... (lr at epoch start=0.020611)
  Batch [50/97] Loss: nan, Acc: 9.88%, lr: 0.014473
[Epoch 8] Train Loss: nan, Acc: 10.12%  |  Val Loss: nan, Acc: 10.00%  |  Time: 9.2s
[Epoch 8] t_iter median: 56.20 ms  (fwd 6.79 | bwd+comm 45.97 | opt 3.36 | data 0.11)  |  train-only epoch: 5.7s
  WARNING: train_loss is nan — possible gradient explosion from hook bug. Check that hook divides by world_size exactly once.
[Epoch 8] Summarizing hook timing...
[HOOK_TIMING_SUMMARY] epoch=8 no hook timing samples
[Epoch 8] Hook timing summary done

[Epoch 9] Training... (lr at epoch start=0.009549)
  Batch [50/97] Loss: nan, Acc: 9.88%, lr: 0.005340
[Epoch 9] Train Loss: nan, Acc: 9.99%  |  Val Loss: nan, Acc: 10.00%  |  Time: 9.3s
[Epoch 9] t_iter median: 56.54 ms  (fwd 6.74 | bwd+comm 46.47 | opt 3.24 | data 0.07)  |  train-only epoch: 5.7s
  WARNING: train_loss is nan — possible gradient explosion from hook bug. Check that hook divides by world_size exactly once.
[Epoch 9] Summarizing hook timing...
[HOOK_TIMING_SUMMARY] epoch=9 no hook timing samples
[Epoch 9] Hook timing summary done

[Epoch 10] Training... (lr at epoch start=0.002447)
  Batch [50/97] Loss: nan, Acc: 9.50%, lr: 0.000578
[Epoch 10] Train Loss: nan, Acc: 9.21%  |  Val Loss: nan, Acc: 10.00%  |  Time: 9.2s
[Epoch 10] t_iter median: 56.37 ms  (fwd 6.80 | bwd+comm 46.26 | opt 3.24 | data 0.07)  |  train-only epoch: 5.7s
  WARNING: train_loss is nan — possible gradient explosion from hook bug. Check that hook divides by world_size exactly once.
[Epoch 10] Summarizing hook timing...
[HOOK_TIMING_SUMMARY] epoch=10 no hook timing samples
[Epoch 10] Hook timing summary done

================================================================================
Done in 94.8s | Best val acc: 10.00%
Epoch times (train+val): mean=9.4s  min=9.2sù         q











































































































































































































    
    
    
    
    
    
    
    
    
    
    
    
    
    
    
    
    
    
    Q  max=10.3s
Train-only epoch time (epochs 2..N): median=5.66s  min=5.65s  max=5.68s
  -> use this for STRONG scaling (fixed global batch)
  -> use t_iter_median_ms from the CSV for WEAK scaling (fixed local batch)
================================================================================
=== Finished training: model=wide_resnet50_2, dataset=cifar10, batch=16, lr=0.1, scheduler=cosine, backend=mpi, hook=none, zfp_rate=none, status=0 at Wed Jul 22 11:16:01 AM UTC 2026 ===
=== Starting training: model=wide_resnet50_2, dataset=cifar10, batch=16, lr=0.1, scheduler=cosine, backend=mpi, hook=default, zfp_rate=none at Wed Jul 22 11:16:01 AM UTC 2026 ===

================================================================================
DISTRIBUTED TRAINING LAUNCHER
================================================================================
  Model:      wide_resnet50_2 (CIFAR stem) (from scratch)
  Dataset:    cifar10 (10 classes)
  Image size: 32
  LR:         0.1
  Momentum:   0.9 (nesterov=True)
  Optimizer:  sgd
  Weight dec: 0.0005 (on BN/bias=False)
  Backend:    mpi
  Algorithm:  default
  Epochs:     10
  Batch/rank: 16
  LR:         0.1
  Scheduler:  cosine
  Warmup:     0
  Grad clip:  None
  Drop last:  True
  Data dir:   ./data
================================================================================


================================================================================
Distributed Training: WIDE_RESNET50_2 on CIFAR10
Backend: MPI, Algorithm: default
================================================================================
Ranks: 32, Epochs: 10, Batch/rank: 16, Effective batch: 512
LR: 0.1, Device: cuda:0

[Cache] Pretrained weights cache (TORCH_HOME) = ./data/pretrained_weights_cache
[Setup] Model on cuda:0, wrapped in DDP (static_graph=True)
[Setup] Hook registered: mpi/default
[Optim] SGD: lr=0.1 momentum=0.9 nesterov=True wd=0.0005 wd_on_bn_bias=False
[Optim]   group 0: 66,778,816 params, wd=0.0005
[Optim]   group 1: 68,234 params, wd=0.0

================================================================================
DISTRIBUTED TRAINING LAUNCHER
================================================================================
  Model:      wide_resnet50_2 (CIFAR stem) (from scratch)
  Dataset:    cifar10 (10 classes)
  Image size: 32
  LR:         0.1
  Momentum:   0.9 (nesterov=True)
  Optimizer:  sgd
  Weight dec: 0.0005 (on BN/bias=False)
  Backend:    mpi
  Algorithm:  default
  Epochs:     10
  Batch/rank: 16
  LR:         0.1
  Scheduler:  cosine
  Warmup:     0
  Grad clip:  None
  Drop last:  True
  Data dir:   ./data
================================================================================


================================================================================
DISTRIBUTED TRAINING LAUNCHER
================================================================================
  Model:      wide_resnet50_2 (CIFAR stem) (from scratch)
  Dataset:    cifar10 (10 classes)
  Image size: 32
  LR:         0.1
  Momentum:   0.9 (nesterov=True)
  Optimizer:  sgd
  Weight dec: 0.0005 (on BN/bias=False)
  Backend:    mpi
  Algorithm:  default
  Epochs:     10
  Batch/rank: 16
  LR:         0.1
  Scheduler:  cosine
  Warmup:     0
  Grad clip:  None
  Drop last:  True
  Data dir:   ./data
================================================================================


================================================================================
DISTRIBUTED TRAINING LAUNCHER
================================================================================
  Model:      wide_resnet50_2 (CIFAR stem) (from scratch)
  Dataset:    cifar10 (10 classes)
  Image size: 32
  LR:         0.1
  Momentum:   0.9 (nesterov=True)
  Optimizer:  sgd
  Weight dec: 0.0005 (on BN/bias=False)
  Backend:    mpi
  Algorithm:  default
  Epochs:     10
  Batch/rank: 16
  LR:         0.1
  Scheduler:  cosine
  Warmup:     0
  Grad clip:  None
  Drop last:  True
  Data dir:   ./data
================================================================================


================================================================================
DISTRIBUTED TRAINING LAUNCHER
================================================================================
  Model:      wide_resnet50_2 (CIFAR stem) (from scratch)
  Dataset:    cifar10 (10 classes)
  Image size: 32
  LR:         0.1
  Momentum:   0.9 (nesterov=True)
  Optimizer:  sgd
  Weight dec: 0.0005 (on BN/bias=False)
  Backend:    mpi
  Algorithm:  default
  Epochs:     10
  Batch/rank: 16
  LR:         0.1
  Scheduler:  cosine
  Warmup:     0
  Grad clip:  None
  Drop last:  True
  Data dir:   ./data
================================================================================


================================================================================
DISTRIBUTED TRAINING LAUNCHER
================================================================================
  Model:      wide_resnet50_2 (CIFAR stem) (from scratch)
  Dataset:    cifar10 (10 classes)
  Image size: 32
  LR:         0.1
  Momentum:   0.9 (nesterov=True)
  Optimizer:  sgd
  Weight dec: 0.0005 (on BN/bias=False)
  Backend:    mpi
  Algorithm:  default
  Epochs:     10
  Batch/rank: 16
  LR:         0.1
  Scheduler:  cosine
  Warmup:     0
  Grad clip:  None
  Drop last:  True
  Data dir:   ./data
================================================================================


================================================================================
DISTRIBUTED TRAINING LAUNCHER
================================================================================
  Model:      wide_resnet50_2 (CIFAR stem) (from scratch)
  Dataset:    cifar10 (10 classes)
  Image size: 32
  LR:         0.1
  Momentum:   0.9 (nesterov=True)
  Optimizer:  sgd
  Weight dec: 0.0005 (on BN/bias=False)
  Backend:    mpi
  Algorithm:  default
  Epochs:     10
  Batch/rank: 16
  LR:         0.1
  Scheduler:  cosine
  Warmup:     0
  Grad clip:  None
  Drop last:  True
  Data dir:   ./data
================================================================================


================================================================================
DISTRIBUTED TRAINING LAUNCHER
================================================================================
  Model:      wide_resnet50_2 (CIFAR stem) (from scratch)
  Dataset:    cifar10 (10 classes)
  Image size: 32
  LR:         0.1
  Momentum:   0.9 (nesterov=True)
  Optimizer:  sgd
  Weight dec: 0.0005 (on BN/bias=False)
  Backend:    mpi
  Algorithm:  default
  Epochs:     10
  Batch/rank: 16
  LR:         0.1
  Scheduler:  cosine
  Warmup:     0
  Grad clip:  None
  Drop last:  True
  Data dir:   ./data
================================================================================


================================================================================
DISTRIBUTED TRAINING LAUNCHER
================================================================================
  Model:      wide_resnet50_2 (CIFAR stem) (from scratch)
  Dataset:    cifar10 (10 classes)
  Image size: 32
  LR:         0.1
  Momentum:   0.9 (nesterov=True)
  Optimizer:  sgd
  Weight dec: 0.0005 (on BN/bias=False)
  Backend:    mpi
  Algorithm:  default
  Epochs:     10
  Batch/rank: 16
  LR:         0.1
  Scheduler:  cosine
  Warmup:     0
  Grad clip:  None
  Drop last:  True
  Data dir:   ./data
================================================================================


================================================================================
DISTRIBUTED TRAINING LAUNCHER
================================================================================
  Model:      wide_resnet50_2 (CIFAR stem) (from scratch)
  Dataset:    cifar10 (10 classes)
  Image size: 32
  LR:         0.1
  Momentum:   0.9 (nesterov=True)
  Optimizer:  sgd
  Weight dec: 0.0005 (on BN/bias=False)
  Backend:    mpi
  Algorithm:  default
  Epochs:     10
  Batch/rank: 16
  LR:         0.1
  Scheduler:  cosine
  Warmup:     0
  Grad clip:  None
  Drop last:  True
  Data dir:   ./data
================================================================================


================================================================================
DISTRIBUTED TRAINING LAUNCHER
================================================================================
  Model:      wide_resnet50_2 (CIFAR stem) (from scratch)
  Dataset:    cifar10 (10 classes)
  Image size: 32
  LR:         0.1
  Momentum:   0.9 (nesterov=True)
  Optimizer:  sgd
  Weight dec: 0.0005 (on BN/bias=False)
  Backend:    mpi
  Algorithm:  default
  Epochs:     10
  Batch/rank: 16
  LR:         0.1
  Scheduler:  cosine
  Warmup:     0
  Grad clip:  None
  Drop last:  True
  Data dir:   ./data
================================================================================


================================================================================
DISTRIBUTED TRAINING LAUNCHER
================================================================================
  Model:      wide_resnet50_2 (CIFAR stem) (from scratch)
  Dataset:    cifar10 (10 classes)
  Image size: 32
  LR:         0.1
  Momentum:   0.9 (nesterov=True)
  Optimizer:  sgd
  Weight dec: 0.0005 (on BN/bias=False)
  Backend:    mpi
  Algorithm:  default
  Epochs:     10
  Batch/rank: 16
  LR:         0.1
  Scheduler:  cosine
  Warmup:     0
  Grad clip:  None
  Drop last:  True
  Data dir:   ./data
================================================================================


================================================================================
DISTRIBUTED TRAINING LAUNCHER
================================================================================
  Model:      wide_resnet50_2 (CIFAR stem) (from scratch)
  Dataset:    cifar10 (10 classes)
  Image size: 32
  LR:         0.1
  Momentum:   0.9 (nesterov=True)
  Optimizer:  sgd
  Weight dec: 0.0005 (on BN/bias=False)
  Backend:    mpi
  Algorithm:  default
  Epochs:     10
  Batch/rank: 16
  LR:         0.1
  Scheduler:  cosine
  Warmup:     0
  Grad clip:  None
  Drop last:  True
  Data dir:   ./data
================================================================================


================================================================================
DISTRIBUTED TRAINING LAUNCHER
================================================================================
  Model:      wide_resnet50_2 (CIFAR stem) (from scratch)
  Dataset:    cifar10 (10 classes)
  Image size: 32
  LR:         0.1
  Momentum:   0.9 (nesterov=True)
  Optimizer:  sgd
  Weight dec: 0.0005 (on BN/bias=False)
  Backend:    mpi
  Algorithm:  default
  Epochs:     10
  Batch/rank: 16
  LR:         0.1
  Scheduler:  cosine
  Warmup:     0
  Grad clip:  None
  Drop last:  True
  Data dir:   ./data
================================================================================


================================================================================
DISTRIBUTED TRAINING LAUNCHER
================================================================================
  Model:      wide_resnet50_2 (CIFAR stem) (from scratch)
  Dataset:    cifar10 (10 classes)
  Image size: 32
  LR:         0.1
  Momentum:   0.9 (nesterov=True)
  Optimizer:  sgd
  Weight dec: 0.0005 (on BN/bias=False)
  Backend:    mpi
  Algorithm:  default
  Epochs:     10
  Batch/rank: 16
  LR:         0.1
  Scheduler:  cosine
  Warmup:     0
  Grad clip:  None
  Drop last:  True
  Data dir:   ./data
================================================================================


================================================================================
DISTRIBUTED TRAINING LAUNCHER
================================================================================
  Model:      wide_resnet50_2 (CIFAR stem) (from scratch)
  Dataset:    cifar10 (10 classes)
  Image size: 32
  LR:         0.1
  Momentum:   0.9 (nesterov=True)
  Optimizer:  sgd
  Weight dec: 0.0005 (on BN/bias=False)
  Backend:    mpi
  Algorithm:  default
  Epochs:     10
  Batch/rank: 16
  LR:         0.1
  Scheduler:  cosine
  Warmup:     0
  Grad clip:  None
  Drop last:  True
  Data dir:   ./data
================================================================================


================================================================================
DISTRIBUTED TRAINING LAUNCHER
================================================================================
  Model:      wide_resnet50_2 (CIFAR stem) (from scratch)
  Dataset:    cifar10 (10 classes)
  Image size: 32
  LR:         0.1
  Momentum:   0.9 (nesterov=True)
  Optimizer:  sgd
  Weight dec: 0.0005 (on BN/bias=False)
  Backend:    mpi
  Algorithm:  default
  Epochs:     10
  Batch/rank: 16
  LR:         0.1
  Scheduler:  cosine
  Warmup:     0
  Grad clip:  None
  Drop last:  True
  Data dir:   ./data
================================================================================

[Data] Train batches: 97, Val batches: 625

[Sched] cosine: steps/epoch=97, total_steps=970, warmup_steps=0 (0 epochs)


[Epoch 1] Training... (lr at epoch start=0.100000)

================================================================================
DISTRIBUTED TRAINING LAUNCHER
================================================================================
  Model:      wide_resnet50_2 (CIFAR stem) (from scratch)
  Dataset:    cifar10 (10 classes)
  Image size: 32
  LR:         0.1
  Momentum:   0.9 (nesterov=True)
  Optimizer:  sgd
  Weight dec: 0.0005 (on BN/bias=False)
  Backend:    mpi
  Algorithm:  default
  Epochs:     10
  Batch/rank: 16
  LR:         0.1
  Scheduler:  cosine
  Warmup:     0
  Grad clip:  None
  Drop last:  True
  Data dir:   ./data
================================================================================


================================================================================
DISTRIBUTED TRAINING LAUNCHER
================================================================================
  Model:      wide_resnet50_2 (CIFAR stem) (from scratch)
  Dataset:    cifar10 (10 classes)
  Image size: 32
  LR:         0.1
  Momentum:   0.9 (nesterov=True)
  Optimizer:  sgd
  Weight dec: 0.0005 (on BN/bias=False)
  Backend:    mpi
  Algorithm:  default
  Epochs:     10
  Batch/rank: 16
  LR:         0.1
  Scheduler:  cosine
  Warmup:     0
  Grad clip:  None
  Drop last:  True
  Data dir:   ./data
================================================================================


================================================================================
DISTRIBUTED TRAINING LAUNCHER
================================================================================
  Model:      wide_resnet50_2 (CIFAR stem) (from scratch)
  Dataset:    cifar10 (10 classes)
  Image size: 32
  LR:         0.1
  Momentum:   0.9 (nesterov=True)
  Optimizer:  sgd
  Weight dec: 0.0005 (on BN/bias=False)
  Backend:    mpi
  Algorithm:  default
  Epochs:     10
  Batch/rank: 16
  LR:         0.1
  Scheduler:  cosine
  Warmup:     0
  Grad clip:  None
  Drop last:  True
  Data dir:   ./data
================================================================================


================================================================================
DISTRIBUTED TRAINING LAUNCHER
================================================================================
  Model:      wide_resnet50_2 (CIFAR stem) (from scratch)
  Dataset:    cifar10 (10 classes)
  Image size: 32
  LR:         0.1
  Momentum:   0.9 (nesterov=True)
  Optimizer:  sgd
  Weight dec: 0.0005 (on BN/bias=False)
  Backend:    mpi
  Algorithm:  default
  Epochs:     10
  Batch/rank: 16
  LR:         0.1
  Scheduler:  cosine
  Warmup:     0
  Grad clip:  None
  Drop last:  True
  Data dir:   ./data
================================================================================


================================================================================
DISTRIBUTED TRAINING LAUNCHER
================================================================================
  Model:      wide_resnet50_2 (CIFAR stem) (from scratch)
  Dataset:    cifar10 (10 classes)
  Image size: 32
  LR:         0.1
  Momentum:   0.9 (nesterov=True)
  Optimizer:  sgd
  Weight dec: 0.0005 (on BN/bias=False)
  Backend:    mpi
  Algorithm:  default
  Epochs:     10
  Batch/rank: 16
  LR:         0.1
  Scheduler:  cosine
  Warmup:     0
  Grad clip:  None
  Drop last:  True
  Data dir:   ./data
================================================================================


================================================================================
DISTRIBUTED TRAINING LAUNCHER
================================================================================
  Model:      wide_resnet50_2 (CIFAR stem) (from scratch)
  Dataset:    cifar10 (10 classes)
  Image size: 32
  LR:         0.1
  Momentum:   0.9 (nesterov=True)
  Optimizer:  sgd
  Weight dec: 0.0005 (on BN/bias=False)
  Backend:    mpi
  Algorithm:  default
  Epochs:     10
  Batch/rank: 16
  LR:         0.1
  Scheduler:  cosine
  Warmup:     0
  Grad clip:  None
  Drop last:  True
  Data dir:   ./data
================================================================================


================================================================================
DISTRIBUTED TRAINING LAUNCHER
================================================================================
  Model:      wide_resnet50_2 (CIFAR stem) (from scratch)
  Dataset:    cifar10 (10 classes)
  Image size: 32
  LR:         0.1
  Momentum:   0.9 (nesterov=True)
  Optimizer:  sgd
  Weight dec: 0.0005 (on BN/bias=False)
  Backend:    mpi
  Algorithm:  default
  Epochs:     10
  Batch/rank: 16
  LR:         0.1
  Scheduler:  cosine
  Warmup:     0
  Grad clip:  None
  Drop last:  True
  Data dir:   ./data
================================================================================


================================================================================
DISTRIBUTED TRAINING LAUNCHER
================================================================================
  Model:      wide_resnet50_2 (CIFAR stem) (from scratch)
  Dataset:    cifar10 (10 classes)
  Image size: 32
  LR:         0.1
  Momentum:   0.9 (nesterov=True)
  Optimizer:  sgd
  Weight dec: 0.0005 (on BN/bias=False)
  Backend:    mpi
  Algorithm:  default
  Epochs:     10
  Batch/rank: 16
  LR:         0.1
  Scheduler:  cosine
  Warmup:     0
  Grad clip:  None
  Drop last:  True
  Data dir:   ./data
================================================================================


================================================================================
DISTRIBUTED TRAINING LAUNCHER
================================================================================
  Model:      wide_resnet50_2 (CIFAR stem) (from scratch)
  Dataset:    cifar10 (10 classes)
  Image size: 32
  LR:         0.1
  Momentum:   0.9 (nesterov=True)
  Optimizer:  sgd
  Weight dec: 0.0005 (on BN/bias=False)
  Backend:    mpi
  Algorithm:  default
  Epochs:     10
  Batch/rank: 16
  LR:         0.1
  Scheduler:  cosine
  Warmup:     0
  Grad clip:  None
  Drop last:  True
  Data dir:   ./data
================================================================================


================================================================================
DISTRIBUTED TRAINING LAUNCHER
================================================================================
  Model:      wide_resnet50_2 (CIFAR stem) (from scratch)
  Dataset:    cifar10 (10 classes)
  Image size: 32
  LR:         0.1
  Momentum:   0.9 (nesterov=True)
  Optimizer:  sgd
  Weight dec: 0.0005 (on BN/bias=False)
  Backend:    mpi
  Algorithm:  default
  Epochs:     10
  Batch/rank: 16
  LR:         0.1
  Scheduler:  cosine
  Warmup:     0
  Grad clip:  None
  Drop last:  True
  Data dir:   ./data
================================================================================


================================================================================
DISTRIBUTED TRAINING LAUNCHER
================================================================================
  Model:      wide_resnet50_2 (CIFAR stem) (from scratch)
  Dataset:    cifar10 (10 classes)
  Image size: 32
  LR:         0.1
  Momentum:   0.9 (nesterov=True)
  Optimizer:  sgd
  Weight dec: 0.0005 (on BN/bias=False)
  Backend:    mpi
  Algorithm:  default
  Epochs:     10
  Batch/rank: 16
  LR:         0.1
  Scheduler:  cosine
  Warmup:     0
  Grad clip:  None
  Drop last:  True
  Data dir:   ./data
================================================================================


================================================================================
DISTRIBUTED TRAINING LAUNCHER
================================================================================
  Model:      wide_resnet50_2 (CIFAR stem) (from scratch)
  Dataset:    cifar10 (10 classes)
  Image size: 32
  LR:         0.1
  Momentum:   0.9 (nesterov=True)
  Optimizer:  sgd
  Weight dec: 0.0005 (on BN/bias=False)
  Backend:    mpi
  Algorithm:  default
  Epochs:     10
  Batch/rank: 16
  LR:         0.1
  Scheduler:  cosine
  Warmup:     0
  Grad clip:  None
  Drop last:  True
  Data dir:   ./data
================================================================================


================================================================================
DISTRIBUTED TRAINING LAUNCHER
================================================================================
  Model:      wide_resnet50_2 (CIFAR stem) (from scratch)
  Dataset:    cifar10 (10 classes)
  Image size: 32
  LR:         0.1
  Momentum:   0.9 (nesterov=True)
  Optimizer:  sgd
  Weight dec: 0.0005 (on BN/bias=False)
  Backend:    mpi
  Algorithm:  default
  Epochs:     10
  Batch/rank: 16
  LR:         0.1
  Scheduler:  cosine
  Warmup:     0
  Grad clip:  None
  Drop last:  True
  Data dir:   ./data
================================================================================


================================================================================
DISTRIBUTED TRAINING LAUNCHER
================================================================================
  Model:      wide_resnet50_2 (CIFAR stem) (from scratch)
  Dataset:    cifar10 (10 classes)
  Image size: 32
  LR:         0.1
  Momentum:   0.9 (nesterov=True)
  Optimizer:  sgd
  Weight dec: 0.0005 (on BN/bias=False)
  Backend:    mpi
  Algorithm:  default
  Epochs:     10
  Batch/rank: 16
  LR:         0.1
  Scheduler:  cosine
  Warmup:     0
  Grad clip:  None
  Drop last:  True
  Data dir:   ./data
================================================================================


================================================================================
DISTRIBUTED TRAINING LAUNCHER
================================================================================
  Model:      wide_resnet50_2 (CIFAR stem) (from scratch)
  Dataset:    cifar10 (10 classes)
  Image size: 32
  LR:         0.1
  Momentum:   0.9 (nesterov=True)
  Optimizer:  sgd
  Weight dec: 0.0005 (on BN/bias=False)
  Backend:    mpi
  Algorithm:  default
  Epochs:     10
  Batch/rank: 16
  LR:         0.1
  Scheduler:  cosine
  Warmup:     0
  Grad clip:  None
  Drop last:  True
  Data dir:   ./data
================================================================================

  Batch [50/97] Loss: 7.1246, Acc: 12.88%, lr: 0.099346
[Epoch 1] Train Loss: 4.7869, Acc: 12.95%  |  Val Loss: 2.3003, Acc: 12.95%  |  Time: 10.2s
[Epoch 1] t_iter median: 57.03 ms  (fwd 6.93 | bwd+comm 46.72 | opt 3.27 | data 0.07)  |  train-only epoch: 6.5s
  -> Best model saved (12.95%)
[Epoch 1] Summarizing hook timing...

[HOOK_TIMING_SUMMARY] epoch=1
[HOOK_WORK_SUMMARY] label=mpi:default calls=762 work_total_ms=18482.255 work_mean_ms=24.255 work_min_ms=2.052 work_max_ms=90.850
[HOOK_TAIL_SUMMARY] label=mpi:default steps=98 tail_total_ms=3609.812 tail_mean_ms=36.835 tail_min_ms=4.952 tail_max_ms=91.240
[Epoch 1] Hook timing summary done

[Epoch 2] Training... (lr at epoch start=0.097553)
  Batch [50/97] Loss: 2.2465, Acc: 13.25%, lr: 0.094440
[Epoch 2] Train Loss: 2.1703, Acc: 16.17%  |  Val Loss: 2.2189, Acc: 14.82%  |  Time: 9.4s
[Epoch 2] t_iter median: 57.12 ms  (fwd 6.97 | bwd+comm 46.85 | opt 3.26 | data 0.07)  |  train-only epoch: 5.7s
  -> Best model saved (14.82%)
[Epoch 2] Summarizing hook timing...

[HOOK_TIMING_SUMMARY] epoch=2
[HOOK_WORK_SUMMARY] label=mpi:default calls=776 work_total_ms=18425.441 work_mean_ms=23.744 work_min_ms=2.039 work_max_ms=38.007
[HOOK_TAIL_SUMMARY] label=mpi:default steps=97 tail_total_ms=3489.042 tail_mean_ms=35.970 tail_min_ms=34.254 tail_max_ms=37.071
[Epoch 2] Hook timing summary done

[Epoch 3] Training... (lr at epoch start=0.090451)
  Batch [50/97] Loss: 2.0338, Acc: 22.75%, lr: 0.085183
[Epoch 3] Train Loss: 2.0031, Acc: 22.68%  |  Val Loss: 2.0085, Acc: 21.81%  |  Time: 9.4s
[Epoch 3] t_iter median: 57.06 ms  (fwd 6.93 | bwd+comm 46.69 | opt 3.30 | data 0.11)  |  train-only epoch: 5.7s
  -> Best model saved (21.81%)
[Epoch 3] Summarizing hook timing...

[HOOK_TIMING_SUMMARY] epoch=3
[HOOK_WORK_SUMMARY] label=mpi:default calls=776 work_total_ms=18368.951 work_mean_ms=23.671 work_min_ms=1.998 work_max_ms=38.087
[HOOK_TAIL_SUMMARY] label=mpi:default steps=97 tail_total_ms=3469.760 tail_mean_ms=35.771 tail_min_ms=33.488 tail_max_ms=37.245
[Epoch 3] Hook timing summary done

[Epoch 4] Training... (lr at epoch start=0.079389)
  Batch [50/97] Loss: 1.9232, Acc: 24.88%, lr: 0.072483
[Epoch 4] Train Loss: 1.8877, Acc: 26.03%  |  Val Loss: 1.7888, Acc: 31.97%  |  Time: 9.4s
[Epoch 4] t_iter median: 57.35 ms  (fwd 6.94 | bwd+comm 47.05 | opt 3.26 | data 0.11)  |  train-only epoch: 5.7s
  -> Best model saved (31.97%)
[Epoch 4] Summarizing hook timing...

[HOOK_TIMING_SUMMARY] epoch=4
[HOOK_WORK_SUMMARY] label=mpi:default calls=776 work_total_ms=19013.232 work_mean_ms=24.502 work_min_ms=2.214 work_max_ms=39.135
[HOOK_TAIL_SUMMARY] label=mpi:default steps=97 tail_total_ms=3576.851 tail_mean_ms=36.875 tail_min_ms=33.436 tail_max_ms=38.313
[Epoch 4] Hook timing summary done

[Epoch 5] Training... (lr at epoch start=0.065451)
  Batch [50/97] Loss: 1.8012, Acc: 29.62%, lr: 0.057582
[Epoch 5] Train Loss: 1.7745, Acc: 31.83%  |  Val Loss: 1.6446, Acc: 39.15%  |  Time: 9.4s
[Epoch 5] t_iter median: 57.48 ms  (fwd 6.89 | bwd+comm 47.22 | opt 3.24 | data 0.11)  |  train-only epoch: 5.8s
  -> Best model saved (39.15%)
[Epoch 5] Summarizing hook timing...

[HOOK_TIMING_SUMMARY] epoch=5
[HOOK_WORK_SUMMARY] label=mpi:default calls=776 work_total_ms=19004.154 work_mean_ms=24.490 work_min_ms=2.193 work_max_ms=38.893
[HOOK_TAIL_SUMMARY] label=mpi:default steps=97 tail_total_ms=3576.737 tail_mean_ms=36.874 tail_min_ms=34.283 tail_max_ms=38.103
[Epoch 5] Hook timing summary done

[Epoch 6] Training... (lr at epoch start=0.050000)
  Batch [50/97] Loss: 1.6223, Acc: 36.75%, lr: 0.041938
[Epoch 6] Train Loss: 1.6103, Acc: 37.63%  |  Val Loss: 1.5418, Acc: 41.57%  |  Time: 9.4s
[Epoch 6] t_iter median: 57.47 ms  (fwd 6.98 | bwd+comm 47.07 | opt 3.25 | data 0.11)  |  train-only epoch: 5.8s
  -> Best model saved (41.57%)
[Epoch 6] Summarizing hook timing...

[HOOK_TIMING_SUMMARY] epoch=6
[HOOK_WORK_SUMMARY] label=mpi:default calls=776 work_total_ms=18995.359 work_mean_ms=24.479 work_min_ms=2.228 work_max_ms=40.419
[HOOK_TAIL_SUMMARY] label=mpi:default steps=97 tail_total_ms=3578.144 tail_mean_ms=36.888 tail_min_ms=34.189 tail_max_ms=39.543
[Epoch 6] Hook timing summary done

[Epoch 7] Training... (lr at epoch start=0.034549)
  Batch [50/97] Loss: 1.5496, Acc: 42.00%, lr: 0.027084
[Epoch 7] Train Loss: 1.5363, Acc: 42.53%  |  Val Loss: 1.4209, Acc: 47.03%  |  Time: 9.5s
[Epoch 7] t_iter median: 57.39 ms  (fwd 6.96 | bwd+comm 47.06 | opt 3.23 | data 0.11)  |  train-only epoch: 5.7s
  -> Best model saved (47.03%)
[Epoch 7] Summarizing hook timing...

[HOOK_TIMING_SUMMARY] epoch=7
[HOOK_WORK_SUMMARY] label=mpi:default calls=776 work_total_ms=19119.106 work_mean_ms=24.638 work_min_ms=2.034 work_max_ms=39.185
[HOOK_TAIL_SUMMARY] label=mpi:default steps=97 tail_total_ms=3602.961 tail_mean_ms=37.144 tail_min_ms=33.567 tail_max_ms=38.368
[Epoch 7] Hook timing summary done

[Epoch 8] Training... (lr at epoch start=0.020611)
  Batch [50/97] Loss: 1.4768, Acc: 46.25%, lr: 0.014473
[Epoch 8] Train Loss: 1.4274, Acc: 47.68%  |  Val Loss: 1.3212, Acc: 51.45%  |  Time: 9.4s
[Epoch 8] t_iter median: 57.26 ms  (fwd 7.01 | bwd+comm 46.92 | opt 3.21 | data 0.11)  |  train-only epoch: 5.7s
  -> Best model saved (51.45%)
[Epoch 8] Summarizing hook timing...

[HOOK_TIMING_SUMMARY] epoch=8
[HOOK_WORK_SUMMARY] label=mpi:default calls=776 work_total_ms=18869.021 work_mean_ms=24.316 work_min_ms=2.020 work_max_ms=38.522
[HOOK_TAIL_SUMMARY] label=mpi:default steps=97 tail_total_ms=3566.004 tail_mean_ms=36.763 tail_min_ms=34.101 tail_max_ms=37.798
[Epoch 8] Hook timing summary done

[Epoch 9] Training... (lr at epoch start=0.009549)
  Batch [50/97] Loss: 1.3815, Acc: 49.25%, lr: 0.005340
[Epoch 9] Train Loss: 1.3799, Acc: 48.45%  |  Val Loss: 1.3339, Acc: 52.68%  |  Time: 9.4s
[Epoch 9] t_iter median: 57.10 ms  (fwd 6.96 | bwd+comm 46.69 | opt 3.35 | data 0.11)  |  train-only epoch: 5.7s
  -> Best model saved (52.68%)
[Epoch 9] Summarizing hook timing...

[HOOK_TIMING_SUMMARY] epoch=9
[HOOK_WORK_SUMMARY] label=mpi:default calls=776 work_total_ms=18589.166 work_mean_ms=23.955 work_min_ms=1.962 work_max_ms=38.250
[HOOK_TAIL_SUMMARY] label=mpi:default steps=97 tail_total_ms=3520.191 tail_mean_ms=36.291 tail_min_ms=34.231 tail_max_ms=37.346
[Epoch 9] Hook timing summary done

[Epoch 10] Training... (lr at epoch start=0.002447)
  Batch [50/97] Loss: 1.3612, Acc: 51.88%, lr: 0.000578
[Epoch 10] Train Loss: 1.3675, Acc: 51.16%  |  Val Loss: 1.2478, Acc: 54.49%  |  Time: 9.4s
[Epoch 10] t_iter median: 57.24 ms  (fwd 6.86 | bwd+comm 47.09 | opt 3.23 | data 0.07)  |  train-only epoch: 5.7s
  -> Best model saved (54.49%)
[Epoch 10] Summarizing hook timing...

[HOOK_TIMING_SUMMARY] epoch=10
[HOOK_WORK_SUMMARY] label=mpi:default calls=776 work_total_ms=19181.823 work_mean_ms=24.719 work_min_ms=1.921 work_max_ms=38.841
[HOOK_TAIL_SUMMARY] label=mpi:default steps=97 tail_total_ms=3618.681 tail_mean_ms=37.306 tail_min_ms=33.948 tail_max_ms=38.100
[Epoch 10] Hook timing summary done

================================================================================
Done in 103.7s | Best val acc: 54.49%
Epoch times (train+val): mean=9.5s  min=9.4s  max=10.2s
Train-only epoch time (epochs 2..N): median=5.74s  min=5.72s  max=5.76s
  -> use this for STRONG scaling (fixed global batch)
  -> use t_iter_median_ms from the CSV for WEAK scaling (fixed local batch)
================================================================================
=== Finished training: model=wide_resnet50_2, dataset=cifar10, batch=16, lr=0.1, scheduler=cosine, backend=mpi, hook=default, zfp_rate=none, status=0 at Wed Jul 22 11:17:54 AM UTC 2026 ===
=== Starting training: model=wide_resnet50_2, dataset=cifar10, batch=16, lr=0.1, scheduler=cosine, backend=mpi, hook=ring, zfp_rate=none at Wed Jul 22 11:17:54 AM UTC 2026 ===

================================================================================
DISTRIBUTED TRAINING LAUNCHER
================================================================================
  Model:      wide_resnet50_2 (CIFAR stem) (from scratch)
  Dataset:    cifar10 (10 classes)
  Image size: 32
  LR:         0.1
  Momentum:   0.9 (nesterov=True)
  Optimizer:  sgd
  Weight dec: 0.0005 (on BN/bias=False)
  Backend:    mpi
  Algorithm:  ring
  Epochs:     10
  Batch/rank: 16
  LR:         0.1
  Scheduler:  cosine
  Warmup:     0
  Grad clip:  None
  Drop last:  True
  Data dir:   ./data
================================================================================


================================================================================
Distributed Training: WIDE_RESNET50_2 on CIFAR10
Backend: MPI, Algorithm: ring
================================================================================
Ranks: 32, Epochs: 10, Batch/rank: 16, Effective batch: 512
LR: 0.1, Device: cuda:0

[Cache] Pretrained weights cache (TORCH_HOME) = ./data/pretrained_weights_cache
[Setup] Model on cuda:0, wrapped in DDP (static_graph=True)
[Setup] Hook registered: mpi/ring
[Optim] SGD: lr=0.1 momentum=0.9 nesterov=True wd=0.0005 wd_on_bn_bias=False
[Optim]   group 0: 66,778,816 params, wd=0.0005
[Optim]   group 1: 68,234 params, wd=0.0

================================================================================
DISTRIBUTED TRAINING LAUNCHER
================================================================================
  Model:      wide_resnet50_2 (CIFAR stem) (from scratch)
  Dataset:    cifar10 (10 classes)
  Image size: 32
  LR:         0.1
  Momentum:   0.9 (nesterov=True)
  Optimizer:  sgd
  Weight dec: 0.0005 (on BN/bias=False)
  Backend:    mpi
  Algorithm:  ring
  Epochs:     10
  Batch/rank: 16
  LR:         0.1
  Scheduler:  cosine
  Warmup:     0
  Grad clip:  None
  Drop last:  True
  Data dir:   ./data
================================================================================


================================================================================
DISTRIBUTED TRAINING LAUNCHER
================================================================================
  Model:      wide_resnet50_2 (CIFAR stem) (from scratch)
  Dataset:    cifar10 (10 classes)
  Image size: 32
  LR:         0.1
  Momentum:   0.9 (nesterov=True)
  Optimizer:  sgd
  Weight dec: 0.0005 (on BN/bias=False)
  Backend:    mpi
  Algorithm:  ring
  Epochs:     10
  Batch/rank: 16
  LR:         0.1
  Scheduler:  cosine
  Warmup:     0
  Grad clip:  None
  Drop last:  True
  Data dir:   ./data
================================================================================


================================================================================
DISTRIBUTED TRAINING LAUNCHER
================================================================================
  Model:      wide_resnet50_2 (CIFAR stem) (from scratch)
  Dataset:    cifar10 (10 classes)
  Image size: 32
  LR:         0.1
  Momentum:   0.9 (nesterov=True)
  Optimizer:  sgd
  Weight dec: 0.0005 (on BN/bias=False)
  Backend:    mpi
  Algorithm:  ring
  Epochs:     10
  Batch/rank: 16
  LR:         0.1
  Scheduler:  cosine
  Warmup:     0
  Grad clip:  None
  Drop last:  True
  Data dir:   ./data
================================================================================


================================================================================
DISTRIBUTED TRAINING LAUNCHER
================================================================================
  Model:      wide_resnet50_2 (CIFAR stem) (from scratch)
  Dataset:    cifar10 (10 classes)
  Image size: 32
  LR:         0.1
  Momentum:   0.9 (nesterov=True)
  Optimizer:  sgd
  Weight dec: 0.0005 (on BN/bias=False)
  Backend:    mpi
  Algorithm:  ring
  Epochs:     10
  Batch/rank: 16
  LR:         0.1
  Scheduler:  cosine
  Warmup:     0
  Grad clip:  None
  Drop last:  True
  Data dir:   ./data
================================================================================


================================================================================
DISTRIBUTED TRAINING LAUNCHER
================================================================================
  Model:      wide_resnet50_2 (CIFAR stem) (from scratch)
  Dataset:    cifar10 (10 classes)
  Image size: 32
  LR:         0.1
  Momentum:   0.9 (nesterov=True)
  Optimizer:  sgd
  Weight dec: 0.0005 (on BN/bias=False)
  Backend:    mpi
  Algorithm:  ring
  Epochs:     10
  Batch/rank: 16
  LR:         0.1
  Scheduler:  cosine
  Warmup:     0
  Grad clip:  None
  Drop last:  True
  Data dir:   ./data
================================================================================


================================================================================
DISTRIBUTED TRAINING LAUNCHER
================================================================================
  Model:      wide_resnet50_2 (CIFAR stem) (from scratch)
  Dataset:    cifar10 (10 classes)
  Image size: 32
  LR:         0.1
  Momentum:   0.9 (nesterov=True)
  Optimizer:  sgd
  Weight dec: 0.0005 (on BN/bias=False)
  Backend:    mpi
  Algorithm:  ring
  Epochs:     10
  Batch/rank: 16
  LR:         0.1
  Scheduler:  cosine
  Warmup:     0
  Grad clip:  None
  Drop last:  True
  Data dir:   ./data
================================================================================


================================================================================
DISTRIBUTED TRAINING LAUNCHER
================================================================================
  Model:      wide_resnet50_2 (CIFAR stem) (from scratch)
  Dataset:    cifar10 (10 classes)
  Image size: 32
  LR:         0.1
  Momentum:   0.9 (nesterov=True)
  Optimizer:  sgd
  Weight dec: 0.0005 (on BN/bias=False)
  Backend:    mpi
  Algorithm:  ring
  Epochs:     10
  Batch/rank: 16
  LR:         0.1
  Scheduler:  cosine
  Warmup:     0
  Grad clip:  None
  Drop last:  True
  Data dir:   ./data
================================================================================


================================================================================
DISTRIBUTED TRAINING LAUNCHER
================================================================================
  Model:      wide_resnet50_2 (CIFAR stem) (from scratch)
  Dataset:    cifar10 (10 classes)
  Image size: 32
  LR:         0.1
  Momentum:   0.9 (nesterov=True)
  Optimizer:  sgd
  Weight dec: 0.0005 (on BN/bias=False)
  Backend:    mpi
  Algorithm:  ring
  Epochs:     10
  Batch/rank: 16
  LR:         0.1
  Scheduler:  cosine
  Warmup:     0
  Grad clip:  None
  Drop last:  True
  Data dir:   ./data
================================================================================


================================================================================
DISTRIBUTED TRAINING LAUNCHER
================================================================================
  Model:      wide_resnet50_2 (CIFAR stem) (from scratch)
  Dataset:    cifar10 (10 classes)
  Image size: 32
  LR:         0.1
  Momentum:   0.9 (nesterov=True)
  Optimizer:  sgd
  Weight dec: 0.0005 (on BN/bias=False)
  Backend:    mpi
  Algorithm:  ring
  Epochs:     10
  Batch/rank: 16
  LR:         0.1
  Scheduler:  cosine
  Warmup:     0
  Grad clip:  None
  Drop last:  True
  Data dir:   ./data
================================================================================


================================================================================
DISTRIBUTED TRAINING LAUNCHER
================================================================================
  Model:      wide_resnet50_2 (CIFAR stem) (from scratch)
  Dataset:    cifar10 (10 classes)
  Image size: 32
  LR:         0.1
  Momentum:   0.9 (nesterov=True)
  Optimizer:  sgd
  Weight dec: 0.0005 (on BN/bias=False)
  Backend:    mpi
  Algorithm:  ring
  Epochs:     10
  Batch/rank: 16
  LR:         0.1
  Scheduler:  cosine
  Warmup:     0
  Grad clip:  None
  Drop last:  True
  Data dir:   ./data
================================================================================


================================================================================
DISTRIBUTED TRAINING LAUNCHER
================================================================================
  Model:      wide_resnet50_2 (CIFAR stem) (from scratch)
  Dataset:    cifar10 (10 classes)
  Image size: 32
  LR:         0.1
  Momentum:   0.9 (nesterov=True)
  Optimizer:  sgd
  Weight dec: 0.0005 (on BN/bias=False)
  Backend:    mpi
  Algorithm:  ring
  Epochs:     10
  Batch/rank: 16
  LR:         0.1
  Scheduler:  cosine
  Warmup:     0
  Grad clip:  None
  Drop last:  True
  Data dir:   ./data
================================================================================


================================================================================
DISTRIBUTED TRAINING LAUNCHER
================================================================================
  Model:      wide_resnet50_2 (CIFAR stem) (from scratch)
  Dataset:    cifar10 (10 classes)
  Image size: 32
  LR:         0.1
  Momentum:   0.9 (nesterov=True)
  Optimizer:  sgd
  Weight dec: 0.0005 (on BN/bias=False)
  Backend:    mpi
  Algorithm:  ring
  Epochs:     10
  Batch/rank: 16
  LR:         0.1
  Scheduler:  cosine
  Warmup:     0
  Grad clip:  None
  Drop last:  True
  Data dir:   ./data
================================================================================


================================================================================
DISTRIBUTED TRAINING LAUNCHER
================================================================================
  Model:      wide_resnet50_2 (CIFAR stem) (from scratch)
  Dataset:    cifar10 (10 classes)
  Image size: 32
  LR:         0.1
  Momentum:   0.9 (nesterov=True)
  Optimizer:  sgd
  Weight dec: 0.0005 (on BN/bias=False)
  Backend:    mpi
  Algorithm:  ring
  Epochs:     10
  Batch/rank: 16
  LR:         0.1
  Scheduler:  cosine
  Warmup:     0
  Grad clip:  None
  Drop last:  True
  Data dir:   ./data
================================================================================


================================================================================
DISTRIBUTED TRAINING LAUNCHER
================================================================================
  Model:      wide_resnet50_2 (CIFAR stem) (from scratch)
  Dataset:    cifar10 (10 classes)
  Image size: 32
  LR:         0.1
  Momentum:   0.9 (nesterov=True)
  Optimizer:  sgd
  Weight dec: 0.0005 (on BN/bias=False)
  Backend:    mpi
  Algorithm:  ring
  Epochs:     10
  Batch/rank: 16
  LR:         0.1
  Scheduler:  cosine
  Warmup:     0
  Grad clip:  None
  Drop last:  True
  Data dir:   ./data
================================================================================


================================================================================
DISTRIBUTED TRAINING LAUNCHER
================================================================================
  Model:      wide_resnet50_2 (CIFAR stem) (from scratch)
  Dataset:    cifar10 (10 classes)
  Image size: 32
  LR:         0.1
  Momentum:   0.9 (nesterov=True)
  Optimizer:  sgd
  Weight dec: 0.0005 (on BN/bias=False)
  Backend:    mpi
  Algorithm:  ring
  Epochs:     10
  Batch/rank: 16
  LR:         0.1
  Scheduler:  cosine
  Warmup:     0
  Grad clip:  None
  Drop last:  True
  Data dir:   ./data
================================================================================


================================================================================
DISTRIBUTED TRAINING LAUNCHER
================================================================================
  Model:      wide_resnet50_2 (CIFAR stem) (from scratch)
  Dataset:    cifar10 (10 classes)
  Image size: 32
  LR:         0.1
  Momentum:   0.9 (nesterov=True)
  Optimizer:  sgd
  Weight dec: 0.0005 (on BN/bias=False)
  Backend:    mpi
  Algorithm:  ring
  Epochs:     10
  Batch/rank: 16
  LR:         0.1
  Scheduler:  cosine
  Warmup:     0
  Grad clip:  None
  Drop last:  True
  Data dir:   ./data
================================================================================

[Data] Train batches: 97, Val batches: 625

[Sched] cosine: steps/epoch=97, total_steps=970, warmup_steps=0 (0 epochs)


[Epoch 1] Training... (lr at epoch start=0.100000)

================================================================================
DISTRIBUTED TRAINING LAUNCHER
================================================================================
  Model:      wide_resnet50_2 (CIFAR stem) (from scratch)
  Dataset:    cifar10 (10 classes)
  Image size: 32
  LR:         0.1
  Momentum:   0.9 (nesterov=True)
  Optimizer:  sgd
  Weight dec: 0.0005 (on BN/bias=False)
  Backend:    mpi
  Algorithm:  ring
  Epochs:     10
  Batch/rank: 16
  LR:         0.1
  Scheduler:  cosine
  Warmup:     0
  Grad clip:  None
  Drop last:  True
  Data dir:   ./data
================================================================================


================================================================================
DISTRIBUTED TRAINING LAUNCHER
================================================================================
  Model:      wide_resnet50_2 (CIFAR stem) (from scratch)
  Dataset:    cifar10 (10 classes)
  Image size: 32
  LR:         0.1
  Momentum:   0.9 (nesterov=True)
  Optimizer:  sgd
  Weight dec: 0.0005 (on BN/bias=False)
  Backend:    mpi
  Algorithm:  ring
  Epochs:     10
  Batch/rank: 16
  LR:         0.1
  Scheduler:  cosine
  Warmup:     0
  Grad clip:  None
  Drop last:  True
  Data dir:   ./data
================================================================================


================================================================================
DISTRIBUTED TRAINING LAUNCHER
================================================================================
  Model:      wide_resnet50_2 (CIFAR stem) (from scratch)
  Dataset:    cifar10 (10 classes)
  Image size: 32
  LR:         0.1
  Momentum:   0.9 (nesterov=True)
  Optimizer:  sgd
  Weight dec: 0.0005 (on BN/bias=False)
  Backend:    mpi
  Algorithm:  ring
  Epochs:     10
  Batch/rank: 16
  LR:         0.1
  Scheduler:  cosine
  Warmup:     0
  Grad clip:  None
  Drop last:  True
  Data dir:   ./data
================================================================================


================================================================================
DISTRIBUTED TRAINING LAUNCHER
================================================================================
  Model:      wide_resnet50_2 (CIFAR stem) (from scratch)
  Dataset:    cifar10 (10 classes)
  Image size: 32
  LR:         0.1
  Momentum:   0.9 (nesterov=True)
  Optimizer:  sgd
  Weight dec: 0.0005 (on BN/bias=False)
  Backend:    mpi
  Algorithm:  ring
  Epochs:     10
  Batch/rank: 16
  LR:         0.1
  Scheduler:  cosine
  Warmup:     0
  Grad clip:  None
  Drop last:  True
  Data dir:   ./data
================================================================================


================================================================================
DISTRIBUTED TRAINING LAUNCHER
================================================================================
  Model:      wide_resnet50_2 (CIFAR stem) (from scratch)
  Dataset:    cifar10 (10 classes)
  Image size: 32
  LR:         0.1
  Momentum:   0.9 (nesterov=True)
  Optimizer:  sgd
  Weight dec: 0.0005 (on BN/bias=False)
  Backend:    mpi
  Algorithm:  ring
  Epochs:     10
  Batch/rank: 16
  LR:         0.1
  Scheduler:  cosine
  Warmup:     0
  Grad clip:  None
  Drop last:  True
  Data dir:   ./data
================================================================================


================================================================================
DISTRIBUTED TRAINING LAUNCHER
================================================================================
  Model:      wide_resnet50_2 (CIFAR stem) (from scratch)
  Dataset:    cifar10 (10 classes)
  Image size: 32
  LR:         0.1
  Momentum:   0.9 (nesterov=True)
  Optimizer:  sgd
  Weight dec: 0.0005 (on BN/bias=False)
  Backend:    mpi
  Algorithm:  ring
  Epochs:     10
  Batch/rank: 16
  LR:         0.1
  Scheduler:  cosine
  Warmup:     0
  Grad clip:  None
  Drop last:  True
  Data dir:   ./data
================================================================================


================================================================================
DISTRIBUTED TRAINING LAUNCHER
================================================================================
  Model:      wide_resnet50_2 (CIFAR stem) (from scratch)
  Dataset:    cifar10 (10 classes)
  Image size: 32
  LR:         0.1
  Momentum:   0.9 (nesterov=True)
  Optimizer:  sgd
  Weight dec: 0.0005 (on BN/bias=False)
  Backend:    mpi
  Algorithm:  ring
  Epochs:     10
  Batch/rank: 16
  LR:         0.1
  Scheduler:  cosine
  Warmup:     0
  Grad clip:  None
  Drop last:  True
  Data dir:   ./data
================================================================================


================================================================================
DISTRIBUTED TRAINING LAUNCHER
================================================================================
  Model:      wide_resnet50_2 (CIFAR stem) (from scratch)
  Dataset:    cifar10 (10 classes)
  Image size: 32
  LR:         0.1
  Momentum:   0.9 (nesterov=True)
  Optimizer:  sgd
  Weight dec: 0.0005 (on BN/bias=False)
  Backend:    mpi
  Algorithm:  ring
  Epochs:     10
  Batch/rank: 16
  LR:         0.1
  Scheduler:  cosine
  Warmup:     0
  Grad clip:  None
  Drop last:  True
  Data dir:   ./data
================================================================================


================================================================================
DISTRIBUTED TRAINING LAUNCHER
================================================================================
  Model:      wide_resnet50_2 (CIFAR stem) (from scratch)
  Dataset:    cifar10 (10 classes)
  Image size: 32
  LR:         0.1
  Momentum:   0.9 (nesterov=True)
  Optimizer:  sgd
  Weight dec: 0.0005 (on BN/bias=False)
  Backend:    mpi
  Algorithm:  ring
  Epochs:     10
  Batch/rank: 16
  LR:         0.1
  Scheduler:  cosine
  Warmup:     0
  Grad clip:  None
  Drop last:  True
  Data dir:   ./data
================================================================================


================================================================================
DISTRIBUTED TRAINING LAUNCHER
================================================================================
  Model:      wide_resnet50_2 (CIFAR stem) (from scratch)
  Dataset:    cifar10 (10 classes)
  Image size: 32
  LR:         0.1
  Momentum:   0.9 (nesterov=True)
  Optimizer:  sgd
  Weight dec: 0.0005 (on BN/bias=False)
  Backend:    mpi
  Algorithm:  ring
  Epochs:     10
  Batch/rank: 16
  LR:         0.1
  Scheduler:  cosine
  Warmup:     0
  Grad clip:  None
  Drop last:  True
  Data dir:   ./data
================================================================================


================================================================================
DISTRIBUTED TRAINING LAUNCHER
================================================================================
  Model:      wide_resnet50_2 (CIFAR stem) (from scratch)
  Dataset:    cifar10 (10 classes)
  Image size: 32
  LR:         0.1
  Momentum:   0.9 (nesterov=True)
  Optimizer:  sgd
  Weight dec: 0.0005 (on BN/bias=False)
  Backend:    mpi
  Algorithm:  ring
  Epochs:     10
  Batch/rank: 16
  LR:         0.1
  Scheduler:  cosine
  Warmup:     0
  Grad clip:  None
  Drop last:  True
  Data dir:   ./data
================================================================================


================================================================================
DISTRIBUTED TRAINING LAUNCHER
================================================================================
  Model:      wide_resnet50_2 (CIFAR stem) (from scratch)
  Dataset:    cifar10 (10 classes)
  Image size: 32
  LR:         0.1
  Momentum:   0.9 (nesterov=True)
  Optimizer:  sgd
  Weight dec: 0.0005 (on BN/bias=False)
  Backend:    mpi
  Algorithm:  ring
  Epochs:     10
  Batch/rank: 16
  LR:         0.1
  Scheduler:  cosine
  Warmup:     0
  Grad clip:  None
  Drop last:  True
  Data dir:   ./data
================================================================================


================================================================================
DISTRIBUTED TRAINING LAUNCHER
================================================================================
  Model:      wide_resnet50_2 (CIFAR stem) (from scratch)
  Dataset:    cifar10 (10 classes)
  Image size: 32
  LR:         0.1
  Momentum:   0.9 (nesterov=True)
  Optimizer:  sgd
  Weight dec: 0.0005 (on BN/bias=False)
  Backend:    mpi
  Algorithm:  ring
  Epochs:     10
  Batch/rank: 16
  LR:         0.1
  Scheduler:  cosine
  Warmup:     0
  Grad clip:  None
  Drop last:  True
  Data dir:   ./data
================================================================================


================================================================================
DISTRIBUTED TRAINING LAUNCHER
================================================================================
  Model:      wide_resnet50_2 (CIFAR stem) (from scratch)
  Dataset:    cifar10 (10 classes)
  Image size: 32
  LR:         0.1
  Momentum:   0.9 (nesterov=True)
  Optimizer:  sgd
  Weight dec: 0.0005 (on BN/bias=False)
  Backend:    mpi
  Algorithm:  ring
  Epochs:     10
  Batch/rank: 16
  LR:         0.1
  Scheduler:  cosine
  Warmup:     0
  Grad clip:  None
  Drop last:  True
  Data dir:   ./data
================================================================================


================================================================================
DISTRIBUTED TRAINING LAUNCHER
================================================================================
  Model:      wide_resnet50_2 (CIFAR stem) (from scratch)
  Dataset:    cifar10 (10 classes)
  Image size: 32
  LR:         0.1
  Momentum:   0.9 (nesterov=True)
  Optimizer:  sgd
  Weight dec: 0.0005 (on BN/bias=False)
  Backend:    mpi
  Algorithm:  ring
  Epochs:     10
  Batch/rank: 16
  LR:         0.1
  Scheduler:  cosine
  Warmup:     0
  Grad clip:  None
  Drop last:  True
  Data dir:   ./data
================================================================================

  Batch [50/97] Loss: 8.0670, Acc: 10.75%, lr: 0.099346
[Epoch 1] Train Loss: 5.2488, Acc: 14.30%  |  Val Loss: 2.2162, Acc: 17.49%  |  Time: 17.6s
[Epoch 1] t_iter median: 134.96 ms  (fwd 7.32 | bwd+comm 124.21 | opt 3.50 | data 0.07)  |  train-only epoch: 13.9s
  -> Best model saved (17.49%)
[Epoch 1] Summarizing hook timing...

[HOOK_TIMING_SUMMARY] epoch=1
[HOOK_WORK_SUMMARY] label=mpi:ring calls=762 work_total_ms=11836.158 work_mean_ms=15.533 work_min_ms=11.805 work_max_ms=108.052
[HOOK_TAIL_SUMMARY] label=mpi:ring steps=98 tail_total_ms=11060.860 tail_mean_ms=112.866 tail_min_ms=34.912 tail_max_ms=145.866
[Epoch 1] Hook timing summary done

[Epoch 2] Training... (lr at epoch start=0.097553)
  Batch [50/97] Loss: 2.1468, Acc: 16.88%, lr: 0.094440
[Epoch 2] Train Loss: 2.1073, Acc: 16.95%  |  Val Loss: 2.0770, Acc: 20.49%  |  Time: 16.9s
[Epoch 2] t_iter median: 135.08 ms  (fwd 7.24 | bwd+comm 124.42 | opt 3.32 | data 0.11)  |  train-only epoch: 13.3s
  -> Best model saved (20.49%)
[Epoch 2] Summarizing hook timing...

[HOOK_TIMING_SUMMARY] epoch=2
[HOOK_WORK_SUMMARY] label=mpi:ring calls=776 work_total_ms=11923.993 work_mean_ms=15.366 work_min_ms=11.955 work_max_ms=36.974
[HOOK_TAIL_SUMMARY] label=mpi:ring steps=97 tail_total_ms=11070.994 tail_mean_ms=114.134 tail_min_ms=105.467 tail_max_ms=141.202
[Epoch 2] Hook timing summary done

[Epoch 3] Training... (lr at epoch start=0.090451)
  Batch [50/97] Loss: 2.1066, Acc: 21.25%, lr: 0.085183
[Epoch 3] Train Loss: 2.0789, Acc: 23.00%  |  Val Loss: 2.0529, Acc: 22.26%  |  Time: 17.0s
[Epoch 3] t_iter median: 134.88 ms  (fwd 7.30 | bwd+comm 124.15 | opt 3.32 | data 0.11)  |  train-only epoch: 13.3s
  -> Best model saved (22.26%)
[Epoch 3] Summarizing hook timing...

[HOOK_TIMING_SUMMARY] epoch=3
[HOOK_WORK_SUMMARY] label=mpi:ring calls=776 work_total_ms=11891.213 work_mean_ms=15.324 work_min_ms=11.802 work_max_ms=28.869
[HOOK_TAIL_SUMMARY] label=mpi:ring steps=97 tail_total_ms=11037.112 tail_mean_ms=113.785 tail_min_ms=106.362 tail_max_ms=140.613
[Epoch 3] Hook timing summary done

[Epoch 4] Training... (lr at epoch start=0.079389)
  Batch [50/97] Loss: 1.9882, Acc: 24.25%, lr: 0.072483
[Epoch 4] Train Loss: 1.9643, Acc: 24.74%  |  Val Loss: 1.9776, Acc: 26.67%  |  Time: 17.0s
[Epoch 4] t_iter median: 134.97 ms  (fwd 7.23 | bwd+comm 124.30 | opt 3.49 | data 0.07)  |  train-only epoch: 13.4s
  -> Best model saved (26.67%)
[Epoch 4] Summarizing hook timing...

[HOOK_TIMING_SUMMARY] epoch=4
[HOOK_WORK_SUMMARY] label=mpi:ring calls=776 work_total_ms=11985.699 work_mean_ms=15.445 work_min_ms=12.003 work_max_ms=38.215
[HOOK_TAIL_SUMMARY] label=mpi:ring steps=97 tail_total_ms=11148.234 tail_mean_ms=114.930 tail_min_ms=108.377 tail_max_ms=149.812
[Epoch 4] Hook timing summary done

[Epoch 5] Training... (lr at epoch start=0.065451)
  Batch [50/97] Loss: 1.9457, Acc: 29.00%, lr: 0.057582
[Epoch 5] Train Loss: 1.9244, Acc: 27.84%  |  Val Loss: 1.8193, Acc: 32.46%  |  Time: 16.9s
[Epoch 5] t_iter median: 135.41 ms  (fwd 7.27 | bwd+comm 124.78 | opt 3.26 | data 0.11)  |  train-only epoch: 13.3s
  -> Best model saved (32.46%)
[Epoch 5] Summarizing hook timing...

[HOOK_TIMING_SUMMARY] epoch=5
[HOOK_WORK_SUMMARY] label=mpi:ring calls=776 work_total_ms=11981.237 work_mean_ms=15.440 work_min_ms=11.935 work_max_ms=24.473
[HOOK_TAIL_SUMMARY] label=mpi:ring steps=97 tail_total_ms=11147.332 tail_mean_ms=114.921 tail_min_ms=107.116 tail_max_ms=119.355
[Epoch 5] Hook timing summary done

[Epoch 6] Training... (lr at epoch start=0.050000)
  Batch [50/97] Loss: 1.7810, Acc: 34.38%, lr: 0.041938
[Epoch 6] Train Loss: 1.7651, Acc: 34.21%  |  Val Loss: 1.7322, Acc: 35.09%  |  Time: 17.1s
[Epoch 6] t_iter median: 135.15 ms  (fwd 7.28 | bwd+comm 124.48 | opt 3.26 | data 0.06)  |  train-only epoch: 13.3s
  -> Best model saved (35.09%)
[Epoch 6] Summarizing hook timing...

[HOOK_TIMING_SUMMARY] epoch=6
[HOOK_WORK_SUMMARY] label=mpi:ring calls=776 work_total_ms=11959.705 work_mean_ms=15.412 work_min_ms=12.042 work_max_ms=30.107
[HOOK_TAIL_SUMMARY] label=mpi:ring steps=97 tail_total_ms=11105.267 tail_mean_ms=114.487 tail_min_ms=105.594 tail_max_ms=142.038
[Epoch 6] Hook timing summary done

[Epoch 7] Training... (lr at epoch start=0.034549)
  Batch [50/97] Loss: 1.7101, Acc: 34.12%, lr: 0.027084
[Epoch 7] Train Loss: 1.6916, Acc: 35.70%  |  Val Loss: 1.5890, Acc: 41.35%  |  Time: 17.0s
[Epoch 7] t_iter median: 135.27 ms  (fwd 7.32 | bwd+comm 124.48 | opt 3.32 | data 0.10)  |  train-only epoch: 13.4s
  -> Best model saved (41.35%)
[Epoch 7] Summarizing hook timing...

[HOOK_TIMING_SUMMARY] epoch=7
[HOOK_WORK_SUMMARY] label=mpi:ring calls=776 work_total_ms=11948.030 work_mean_ms=15.397 work_min_ms=11.857 work_max_ms=37.643
[HOOK_TAIL_SUMMARY] label=mpi:ring steps=97 tail_total_ms=11078.075 tail_mean_ms=114.207 tail_min_ms=109.676 tail_max_ms=153.105
[Epoch 7] Hook timing summary done

[Epoch 8] Training... (lr at epoch start=0.020611)
  Batch [50/97] Loss: 1.6375, Acc: 38.88%, lr: 0.014473
[Epoch 8] Train Loss: 1.6209, Acc: 39.56%  |  Val Loss: 1.6777, Acc: 42.64%  |  Time: 17.0s
[Epoch 8] t_iter median: 135.32 ms  (fwd 7.21 | bwd+comm 124.90 | opt 3.26 | data 0.06)  |  train-only epoch: 13.4s
  -> Best model saved (42.64%)
[Epoch 8] Summarizing hook timing...

[HOOK_TIMING_SUMMARY] epoch=8
[HOOK_WORK_SUMMARY] label=mpi:ring calls=776 work_total_ms=12015.278 work_mean_ms=15.484 work_min_ms=12.023 work_max_ms=38.943
[HOOK_TAIL_SUMMARY] label=mpi:ring steps=97 tail_total_ms=11179.880 tail_mean_ms=115.256 tail_min_ms=105.328 tail_max_ms=152.852
[Epoch 8] Hook timing summary done

[Epoch 9] Training... (lr at epoch start=0.009549)
  Batch [50/97] Loss: 1.6065, Acc: 42.38%, lr: 0.005340
[Epoch 9] Train Loss: 1.5994, Acc: 41.62%  |  Val Loss: 1.5130, Acc: 44.20%  |  Time: 17.1s
[Epoch 9] t_iter median: 135.70 ms  (fwd 7.26 | bwd+comm 125.08 | opt 3.25 | data 0.07)  |  train-only epoch: 13.4s
  -> Best model saved (44.20%)
[Epoch 9] Summarizing hook timing...

[HOOK_TIMING_SUMMARY] epoch=9
[HOOK_WORK_SUMMARY] label=mpi:ring calls=776 work_total_ms=12071.477 work_mean_ms=15.556 work_min_ms=11.862 work_max_ms=47.166
[HOOK_TAIL_SUMMARY] label=mpi:ring steps=97 tail_total_ms=11272.647 tail_mean_ms=116.213 tail_min_ms=106.922 tail_max_ms=141.641
[Epoch 9] Hook timing summary done

[Epoch 10] Training... (lr at epoch start=0.002447)
  Batch [50/97] Loss: 1.5758, Acc: 39.38%, lr: 0.000578
[Epoch 10] Train Loss: 1.5856, Acc: 39.88%  |  Val Loss: 1.4911, Acc: 45.22%  |  Time: 16.9s
[Epoch 10] t_iter median: 135.59 ms  (fwd 7.19 | bwd+comm 125.16 | opt 3.20 | data 0.07)  |  train-only epoch: 13.3s
  -> Best model saved (45.22%)
[Epoch 10] Summarizing hook timing...

[HOOK_TIMING_SUMMARY] epoch=10
[HOOK_WORK_SUMMARY] label=mpi:ring calls=776 work_total_ms=12038.957 work_mean_ms=15.514 work_min_ms=12.050 work_max_ms=25.449
[HOOK_TAIL_SUMMARY] label=mpi:ring steps=97 tail_total_ms=11245.320 tail_mean_ms=115.931 tail_min_ms=106.175 tail_max_ms=119.517
[Epoch 10] Hook timing summary done

================================================================================
Done in 179.5s | Best val acc: 45.22%
Epoch times (train+val): mean=17.1s  min=16.9s  max=17.6s
Train-only epoch time (epochs 2..N): median=13.34s  min=13.30s  max=13.39s
  -> use this for STRONG scaling (fixed global batch)
  -> use t_iter_median_ms from the CSV for WEAK scaling (fixed local batch)
================================================================================
=== Finished training: model=wide_resnet50_2, dataset=cifar10, batch=16, lr=0.1, scheduler=cosine, backend=mpi, hook=ring, zfp_rate=none, status=0 at Wed Jul 22 11:21:03 AM UTC 2026 ===
=== Starting training: model=wide_resnet50_2, dataset=cifar10, batch=16, lr=0.1, scheduler=cosine, backend=mpi, hook=ring_zfp_naive, zfp_rate=16 at Wed Jul 22 11:21:03 AM UTC 2026 ===

================================================================================
DISTRIBUTED TRAINING LAUNCHER
================================================================================
  Model:      wide_resnet50_2 (CIFAR stem) (from scratch)
  Dataset:    cifar10 (10 classes)
  Image size: 32
  LR:         0.1
  Momentum:   0.9 (nesterov=True)
  Optimizer:  sgd
  Weight dec: 0.0005 (on BN/bias=False)
  Backend:    mpi
  Algorithm:  ring_zfp_naive
  ZFP rate:   16
  Epochs:     10
  Batch/rank: 16
  LR:         0.1
  Scheduler:  cosine
  Warmup:     0
  Grad clip:  None
  Drop last:  True
  Data dir:   ./data
================================================================================


================================================================================
Distributed Training: WIDE_RESNET50_2 on CIFAR10
Backend: MPI, Algorithm: ring_zfp_naive
================================================================================
Ranks: 32, Epochs: 10, Batch/rank: 16, Effective batch: 512
LR: 0.1, Device: cuda:0

[Cache] Pretrained weights cache (TORCH_HOME) = ./data/pretrained_weights_cache
[Setup] Model on cuda:0, wrapped in DDP (static_graph=True)
[Setup] Hook registered: mpi/ring_zfp_naive
[Optim] SGD: lr=0.1 momentum=0.9 nesterov=True wd=0.0005 wd_on_bn_bias=False
[Optim]   group 0: 66,778,816 params, wd=0.0005
[Optim]   group 1: 68,234 params, wd=0.0

================================================================================
DISTRIBUTED TRAINING LAUNCHER
================================================================================
  Model:      wide_resnet50_2 (CIFAR stem) (from scratch)
  Dataset:    cifar10 (10 classes)
  Image size: 32
  LR:         0.1
  Momentum:   0.9 (nesterov=True)
  Optimizer:  sgd
  Weight dec: 0.0005 (on BN/bias=False)
  Backend:    mpi
  Algorithm:  ring_zfp_naive
  ZFP rate:   16
  Epochs:     10
  Batch/rank: 16
  LR:         0.1
  Scheduler:  cosine
  Warmup:     0
  Grad clip:  None
  Drop last:  True
  Data dir:   ./data
================================================================================


================================================================================
DISTRIBUTED TRAINING LAUNCHER
================================================================================
  Model:      wide_resnet50_2 (CIFAR stem) (from scratch)
  Dataset:    cifar10 (10 classes)
  Image size: 32
  LR:         0.1
  Momentum:   0.9 (nesterov=True)
  Optimizer:  sgd
  Weight dec: 0.0005 (on BN/bias=False)
  Backend:    mpi
  Algorithm:  ring_zfp_naive
  ZFP rate:   16
  Epochs:     10
  Batch/rank: 16
  LR:         0.1
  Scheduler:  cosine
  Warmup:     0
  Grad clip:  None
  Drop last:  True
  Data dir:   ./data
================================================================================


================================================================================
DISTRIBUTED TRAINING LAUNCHER
================================================================================
  Model:      wide_resnet50_2 (CIFAR stem) (from scratch)
  Dataset:    cifar10 (10 classes)
  Image size: 32
  LR:         0.1
  Momentum:   0.9 (nesterov=True)
  Optimizer:  sgd
  Weight dec: 0.0005 (on BN/bias=False)
  Backend:    mpi
  Algorithm:  ring_zfp_naive
  ZFP rate:   16
  Epochs:     10
  Batch/rank: 16
  LR:         0.1
  Scheduler:  cosine
  Warmup:     0
  Grad clip:  None
  Drop last:  True
  Data dir:   ./data
================================================================================


================================================================================
DISTRIBUTED TRAINING LAUNCHER
================================================================================
  Model:      wide_resnet50_2 (CIFAR stem) (from scratch)
  Dataset:    cifar10 (10 classes)
  Image size: 32
  LR:         0.1
  Momentum:   0.9 (nesterov=True)
  Optimizer:  sgd
  Weight dec: 0.0005 (on BN/bias=False)
  Backend:    mpi
  Algorithm:  ring_zfp_naive
  ZFP rate:   16
  Epochs:     10
  Batch/rank: 16
  LR:         0.1
  Scheduler:  cosine
  Warmup:     0
  Grad clip:  None
  Drop last:  True
  Data dir:   ./data
================================================================================


================================================================================
DISTRIBUTED TRAINING LAUNCHER
================================================================================
  Model:      wide_resnet50_2 (CIFAR stem) (from scratch)
  Dataset:    cifar10 (10 classes)
  Image size: 32
  LR:         0.1
  Momentum:   0.9 (nesterov=True)
  Optimizer:  sgd
  Weight dec: 0.0005 (on BN/bias=False)
  Backend:    mpi
  Algorithm:  ring_zfp_naive
  ZFP rate:   16
  Epochs:     10
  Batch/rank: 16
  LR:         0.1
  Scheduler:  cosine
  Warmup:     0
  Grad clip:  None
  Drop last:  True
  Data dir:   ./data
================================================================================


================================================================================
DISTRIBUTED TRAINING LAUNCHER
================================================================================
  Model:      wide_resnet50_2 (CIFAR stem) (from scratch)
  Dataset:    cifar10 (10 classes)
  Image size: 32
  LR:         0.1
  Momentum:   0.9 (nesterov=True)
  Optimizer:  sgd
  Weight dec: 0.0005 (on BN/bias=False)
  Backend:    mpi
  Algorithm:  ring_zfp_naive
  ZFP rate:   16
  Epochs:     10
  Batch/rank: 16
  LR:         0.1
  Scheduler:  cosine
  Warmup:     0
  Grad clip:  None
  Drop last:  True
  Data dir:   ./data
================================================================================


================================================================================
DISTRIBUTED TRAINING LAUNCHER
================================================================================
  Model:      wide_resnet50_2 (CIFAR stem) (from scratch)
  Dataset:    cifar10 (10 classes)
  Image size: 32
  LR:         0.1
  Momentum:   0.9 (nesterov=True)
  Optimizer:  sgd
  Weight dec: 0.0005 (on BN/bias=False)
  Backend:    mpi
  Algorithm:  ring_zfp_naive
  ZFP rate:   16
  Epochs:     10
  Batch/rank: 16
  LR:         0.1
  Scheduler:  cosine
  Warmup:     0
  Grad clip:  None
  Drop last:  True
  Data dir:   ./data
================================================================================


================================================================================
DISTRIBUTED TRAINING LAUNCHER
================================================================================
  Model:      wide_resnet50_2 (CIFAR stem) (from scratch)
  Dataset:    cifar10 (10 classes)
  Image size: 32
  LR:         0.1
  Momentum:   0.9 (nesterov=True)
  Optimizer:  sgd
  Weight dec: 0.0005 (on BN/bias=False)
  Backend:    mpi
  Algorithm:  ring_zfp_naive
  ZFP rate:   16
  Epochs:     10
  Batch/rank: 16
  LR:         0.1
  Scheduler:  cosine
  Warmup:     0
  Grad clip:  None
  Drop last:  True
  Data dir:   ./data
================================================================================


================================================================================
DISTRIBUTED TRAINING LAUNCHER
================================================================================
  Model:      wide_resnet50_2 (CIFAR stem) (from scratch)
  Dataset:    cifar10 (10 classes)
  Image size: 32
  LR:         0.1
  Momentum:   0.9 (nesterov=True)
  Optimizer:  sgd
  Weight dec: 0.0005 (on BN/bias=False)
  Backend:    mpi
  Algorithm:  ring_zfp_naive
  ZFP rate:   16
  Epochs:     10
  Batch/rank: 16
  LR:         0.1
  Scheduler:  cosine
  Warmup:     0
  Grad clip:  None
  Drop last:  True
  Data dir:   ./data
================================================================================


================================================================================
DISTRIBUTED TRAINING LAUNCHER
================================================================================
  Model:      wide_resnet50_2 (CIFAR stem) (from scratch)
  Dataset:    cifar10 (10 classes)
  Image size: 32
  LR:         0.1
  Momentum:   0.9 (nesterov=True)
  Optimizer:  sgd
  Weight dec: 0.0005 (on BN/bias=False)
  Backend:    mpi
  Algorithm:  ring_zfp_naive
  ZFP rate:   16
  Epochs:     10
  Batch/rank: 16
  LR:         0.1
  Scheduler:  cosine
  Warmup:     0
  Grad clip:  None
  Drop last:  True
  Data dir:   ./data
================================================================================


================================================================================
DISTRIBUTED TRAINING LAUNCHER
================================================================================
  Model:      wide_resnet50_2 (CIFAR stem) (from scratch)
  Dataset:    cifar10 (10 classes)
  Image size: 32
  LR:         0.1
  Momentum:   0.9 (nesterov=True)
  Optimizer:  sgd
  Weight dec: 0.0005 (on BN/bias=False)
  Backend:    mpi
  Algorithm:  ring_zfp_naive
  ZFP rate:   16
  Epochs:     10
  Batch/rank: 16
  LR:         0.1
  Scheduler:  cosine
  Warmup:     0
  Grad clip:  None
  Drop last:  True
  Data dir:   ./data
================================================================================


================================================================================
DISTRIBUTED TRAINING LAUNCHER
================================================================================
  Model:      wide_resnet50_2 (CIFAR stem) (from scratch)
  Dataset:    cifar10 (10 classes)
  Image size: 32
  LR:         0.1
  Momentum:   0.9 (nesterov=True)
  Optimizer:  sgd
  Weight dec: 0.0005 (on BN/bias=False)
  Backend:    mpi
  Algorithm:  ring_zfp_naive
  ZFP rate:   16
  Epochs:     10
  Batch/rank: 16
  LR:         0.1
  Scheduler:  cosine
  Warmup:     0
  Grad clip:  None
  Drop last:  True
  Data dir:   ./data
================================================================================


================================================================================
DISTRIBUTED TRAINING LAUNCHER
================================================================================
  Model:      wide_resnet50_2 (CIFAR stem) (from scratch)
  Dataset:    cifar10 (10 classes)
  Image size: 32
  LR:         0.1
  Momentum:   0.9 (nesterov=True)
  Optimizer:  sgd
  Weight dec: 0.0005 (on BN/bias=False)
  Backend:    mpi
  Algorithm:  ring_zfp_naive
  ZFP rate:   16
  Epochs:     10
  Batch/rank: 16
  LR:         0.1
  Scheduler:  cosine
  Warmup:     0
  Grad clip:  None
  Drop last:  True
  Data dir:   ./data
================================================================================


================================================================================
DISTRIBUTED TRAINING LAUNCHER
================================================================================
  Model:      wide_resnet50_2 (CIFAR stem) (from scratch)
  Dataset:    cifar10 (10 classes)
  Image size: 32
  LR:         0.1
  Momentum:   0.9 (nesterov=True)
  Optimizer:  sgd
  Weight dec: 0.0005 (on BN/bias=False)
  Backend:    mpi
  Algorithm:  ring_zfp_naive
  ZFP rate:   16
  Epochs:     10
  Batch/rank: 16
  LR:         0.1
  Scheduler:  cosine
  Warmup:     0
  Grad clip:  None
  Drop last:  True
  Data dir:   ./data
================================================================================


================================================================================
DISTRIBUTED TRAINING LAUNCHER
================================================================================
  Model:      wide_resnet50_2 (CIFAR stem) (from scratch)
  Dataset:    cifar10 (10 classes)
  Image size: 32
  LR:         0.1
  Momentum:   0.9 (nesterov=True)
  Optimizer:  sgd
  Weight dec: 0.0005 (on BN/bias=False)
  Backend:    mpi
  Algorithm:  ring_zfp_naive
  ZFP rate:   16
  Epochs:     10
  Batch/rank: 16
  LR:         0.1
  Scheduler:  cosine
  Warmup:     0
  Grad clip:  None
  Drop last:  True
  Data dir:   ./data
================================================================================


================================================================================
DISTRIBUTED TRAINING LAUNCHER
================================================================================
  Model:      wide_resnet50_2 (CIFAR stem) (from scratch)
  Dataset:    cifar10 (10 classes)
  Image size: 32
  LR:         0.1
  Momentum:   0.9 (nesterov=True)
  Optimizer:  sgd
  Weight dec: 0.0005 (on BN/bias=False)
  Backend:    mpi
  Algorithm:  ring_zfp_naive
  ZFP rate:   16
  Epochs:     10
  Batch/rank: 16
  LR:         0.1
  Scheduler:  cosine
  Warmup:     0
  Grad clip:  None
  Drop last:  True
  Data dir:   ./data
================================================================================


================================================================================
DISTRIBUTED TRAINING LAUNCHER
================================================================================
  Model:      wide_resnet50_2 (CIFAR stem) (from scratch)
  Dataset:    cifar10 (10 classes)
  Image size: 32
  LR:         0.1
  Momentum:   0.9 (nesterov=True)
  Optimizer:  sgd
  Weight dec: 0.0005 (on BN/bias=False)
  Backend:    mpi
  Algorithm:  ring_zfp_naive
  ZFP rate:   16
  Epochs:     10
  Batch/rank: 16
  LR:         0.1
  Scheduler:  cosine
  Warmup:     0
  Grad clip:  None
  Drop last:  True
  Data dir:   ./data
================================================================================


================================================================================
DISTRIBUTED TRAINING LAUNCHER
================================================================================
  Model:      wide_resnet50_2 (CIFAR stem) (from scratch)
  Dataset:    cifar10 (10 classes)
  Image size: 32
  LR:         0.1
  Momentum:   0.9 (nesterov=True)
  Optimizer:  sgd
  Weight dec: 0.0005 (on BN/bias=False)
  Backend:    mpi
  Algorithm:  ring_zfp_naive
  ZFP rate:   16
  Epochs:     10
  Batch/rank: 16
  LR:         0.1
  Scheduler:  cosine
  Warmup:     0
  Grad clip:  None
  Drop last:  True
  Data dir:   ./data
================================================================================


================================================================================
DISTRIBUTED TRAINING LAUNCHER
================================================================================
  Model:      wide_resnet50_2 (CIFAR stem) (from scratch)
  Dataset:    cifar10 (10 classes)
  Image size: 32
  LR:         0.1
  Momentum:   0.9 (nesterov=True)
  Optimizer:  sgd
  Weight dec: 0.0005 (on BN/bias=False)
  Backend:    mpi
  Algorithm:  ring_zfp_naive
  ZFP rate:   16
  Epochs:     10
  Batch/rank: 16
  LR:         0.1
  Scheduler:  cosine
  Warmup:     0
  Grad clip:  None
  Drop last:  True
  Data dir:   ./data
================================================================================


================================================================================
DISTRIBUTED TRAINING LAUNCHER
================================================================================
  Model:      wide_resnet50_2 (CIFAR stem) (from scratch)
  Dataset:    cifar10 (10 classes)
  Image size: 32
  LR:         0.1
  Momentum:   0.9 (nesterov=True)
  Optimizer:  sgd
  Weight dec: 0.0005 (on BN/bias=False)
  Backend:    mpi
  Algorithm:  ring_zfp_naive
  ZFP rate:   16
  Epochs:     10
  Batch/rank: 16
  LR:         0.1
  Scheduler:  cosine
  Warmup:     0
  Grad clip:  None
  Drop last:  True
  Data dir:   ./data
================================================================================


================================================================================
DISTRIBUTED TRAINING LAUNCHER
================================================================================
  Model:      wide_resnet50_2 (CIFAR stem) (from scratch)
  Dataset:    cifar10 (10 classes)
  Image size: 32
  LR:         0.1
  Momentum:   0.9 (nesterov=True)
  Optimizer:  sgd
  Weight dec: 0.0005 (on BN/bias=False)
  Backend:    mpi
  Algorithm:  ring_zfp_naive
  ZFP rate:   16
  Epochs:     10
  Batch/rank: 16
  LR:         0.1
  Scheduler:  cosine
  Warmup:     0
  Grad clip:  None
  Drop last:  True
  Data dir:   ./data
================================================================================

[Data] Train batches: 97, Val batches: 625

[Sched] cosine: steps/epoch=97, total_steps=970, warmup_steps=0 (0 epochs)


[Epoch 1] Training... (lr at epoch start=0.100000)

================================================================================
DISTRIBUTED TRAINING LAUNCHER
================================================================================
  Model:      wide_resnet50_2 (CIFAR stem) (from scratch)
  Dataset:    cifar10 (10 classes)
  Image size: 32
  LR:         0.1
  Momentum:   0.9 (nesterov=True)
  Optimizer:  sgd
  Weight dec: 0.0005 (on BN/bias=False)
  Backend:    mpi
  Algorithm:  ring_zfp_naive
  ZFP rate:   16
  Epochs:     10
  Batch/rank: 16
  LR:         0.1
  Scheduler:  cosine
  Warmup:     0
  Grad clip:  None
  Drop last:  True
  Data dir:   ./data
================================================================================


================================================================================
DISTRIBUTED TRAINING LAUNCHER
================================================================================
  Model:      wide_resnet50_2 (CIFAR stem) (from scratch)
  Dataset:    cifar10 (10 classes)
  Image size: 32
  LR:         0.1
  Momentum:   0.9 (nesterov=True)
  Optimizer:  sgd
  Weight dec: 0.0005 (on BN/bias=False)
  Backend:    mpi
  Algorithm:  ring_zfp_naive
  ZFP rate:   16
  Epochs:     10
  Batch/rank: 16
  LR:         0.1
  Scheduler:  cosine
  Warmup:     0
  Grad clip:  None
  Drop last:  True
  Data dir:   ./data
================================================================================


================================================================================
DISTRIBUTED TRAINING LAUNCHER
================================================================================
  Model:      wide_resnet50_2 (CIFAR stem) (from scratch)
  Dataset:    cifar10 (10 classes)
  Image size: 32
  LR:         0.1
  Momentum:   0.9 (nesterov=True)
  Optimizer:  sgd
  Weight dec: 0.0005 (on BN/bias=False)
  Backend:    mpi
  Algorithm:  ring_zfp_naive
  ZFP rate:   16
  Epochs:     10
  Batch/rank: 16
  LR:         0.1
  Scheduler:  cosine
  Warmup:     0
  Grad clip:  None
  Drop last:  True
  Data dir:   ./data
================================================================================


================================================================================
DISTRIBUTED TRAINING LAUNCHER
================================================================================
  Model:      wide_resnet50_2 (CIFAR stem) (from scratch)
  Dataset:    cifar10 (10 classes)
  Image size: 32
  LR:         0.1
  Momentum:   0.9 (nesterov=True)
  Optimizer:  sgd
  Weight dec: 0.0005 (on BN/bias=False)
  Backend:    mpi
  Algorithm:  ring_zfp_naive
  ZFP rate:   16
  Epochs:     10
  Batch/rank: 16
  LR:         0.1
  Scheduler:  cosine
  Warmup:     0
  Grad clip:  None
  Drop last:  True
  Data dir:   ./data
================================================================================


================================================================================
DISTRIBUTED TRAINING LAUNCHER
================================================================================
  Model:      wide_resnet50_2 (CIFAR stem) (from scratch)
  Dataset:    cifar10 (10 classes)
  Image size: 32
  LR:         0.1
  Momentum:   0.9 (nesterov=True)
  Optimizer:  sgd
  Weight dec: 0.0005 (on BN/bias=False)
  Backend:    mpi
  Algorithm:  ring_zfp_naive
  ZFP rate:   16
  Epochs:     10
  Batch/rank: 16
  LR:         0.1
  Scheduler:  cosine
  Warmup:     0
  Grad clip:  None
  Drop last:  True
  Data dir:   ./data
================================================================================


================================================================================
DISTRIBUTED TRAINING LAUNCHER
================================================================================
  Model:      wide_resnet50_2 (CIFAR stem) (from scratch)
  Dataset:    cifar10 (10 classes)
  Image size: 32
  LR:         0.1
  Momentum:   0.9 (nesterov=True)
  Optimizer:  sgd
  Weight dec: 0.0005 (on BN/bias=False)
  Backend:    mpi
  Algorithm:  ring_zfp_naive
  ZFP rate:   16
  Epochs:     10
  Batch/rank: 16
  LR:         0.1
  Scheduler:  cosine
  Warmup:     0
  Grad clip:  None
  Drop last:  True
  Data dir:   ./data
================================================================================


================================================================================
DISTRIBUTED TRAINING LAUNCHER
================================================================================
  Model:      wide_resnet50_2 (CIFAR stem) (from scratch)
  Dataset:    cifar10 (10 classes)
  Image size: 32
  LR:         0.1
  Momentum:   0.9 (nesterov=True)
  Optimizer:  sgd
  Weight dec: 0.0005 (on BN/bias=False)
  Backend:    mpi
  Algorithm:  ring_zfp_naive
  ZFP rate:   16
  Epochs:     10
  Batch/rank: 16
  LR:         0.1
  Scheduler:  cosine
  Warmup:     0
  Grad clip:  None
  Drop last:  True
  Data dir:   ./data
================================================================================


================================================================================
DISTRIBUTED TRAINING LAUNCHER
================================================================================
  Model:      wide_resnet50_2 (CIFAR stem) (from scratch)
  Dataset:    cifar10 (10 classes)
  Image size: 32
  LR:         0.1
  Momentum:   0.9 (nesterov=True)
  Optimizer:  sgd
  Weight dec: 0.0005 (on BN/bias=False)
  Backend:    mpi
  Algorithm:  ring_zfp_naive
  ZFP rate:   16
  Epochs:     10
  Batch/rank: 16
  LR:         0.1
  Scheduler:  cosine
  Warmup:     0
  Grad clip:  None
  Drop last:  True
  Data dir:   ./data
================================================================================


================================================================================
DISTRIBUTED TRAINING LAUNCHER
================================================================================
  Model:      wide_resnet50_2 (CIFAR stem) (from scratch)
  Dataset:    cifar10 (10 classes)
  Image size: 32
  LR:         0.1
  Momentum:   0.9 (nesterov=True)
  Optimizer:  sgd
  Weight dec: 0.0005 (on BN/bias=False)
  Backend:    mpi
  Algorithm:  ring_zfp_naive
  ZFP rate:   16
  Epochs:     10
  Batch/rank: 16
  LR:         0.1
  Scheduler:  cosine
  Warmup:     0
  Grad clip:  None
  Drop last:  True
  Data dir:   ./data
================================================================================


================================================================================
DISTRIBUTED TRAINING LAUNCHER
================================================================================
  Model:      wide_resnet50_2 (CIFAR stem) (from scratch)
  Dataset:    cifar10 (10 classes)
  Image size: 32
  LR:         0.1
  Momentum:   0.9 (nesterov=True)
  Optimizer:  sgd
  Weight dec: 0.0005 (on BN/bias=False)
  Backend:    mpi
  Algorithm:  ring_zfp_naive
  ZFP rate:   16
  Epochs:     10
  Batch/rank: 16
  LR:         0.1
  Scheduler:  cosine
  Warmup:     0
  Grad clip:  None
  Drop last:  True
  Data dir:   ./data
================================================================================

  Batch [50/97] Loss: 9.8302, Acc: 10.88%, lr: 0.099346
[Epoch 1] Train Loss: 6.2017, Acc: 11.60%  |  Val Loss: 2.3827, Acc: 11.39%  |  Time: 29.0s
[Epoch 1] t_iter median: 253.50 ms  (fwd 7.32 | bwd+comm 242.74 | opt 3.50 | data 0.07)  |  train-only epoch: 25.3s
  -> Best model saved (11.39%)
[Epoch 1] Summarizing hook timing...

[HOOK_TIMING_SUMMARY] epoch=1
[HOOK_WORK_SUMMARY] label=mpi:ring_zfp_naive:rate16 calls=762 work_total_ms=23185.279 work_mean_ms=30.427 work_min_ms=26.339 work_max_ms=119.030
[HOOK_TAIL_SUMMARY] label=mpi:ring_zfp_naive:rate16 steps=98 tail_total_ms=22378.304 tail_mean_ms=228.350 tail_min_ms=44.428 tail_max_ms=267.708
[Epoch 1] Hook timing summary done

[Epoch 2] Training... (lr at epoch start=0.097553)
  Batch [50/97] Loss: 2.3287, Acc: 11.62%, lr: 0.094440
[Epoch 2] Train Loss: 2.2977, Acc: 11.86%  |  Val Loss: 2.2940, Acc: 10.83%  |  Time: 28.5s
[Epoch 2] t_iter median: 253.86 ms  (fwd 7.27 | bwd+comm 243.00 | opt 3.51 | data 0.07)  |  train-only epoch: 24.9s
[Epoch 2] Summarizing hook timing...

[HOOK_TIMING_SUMMARY] epoch=2
[HOOK_WORK_SUMMARY] label=mpi:ring_zfp_naive:rate16 calls=776 work_total_ms=23474.841 work_mean_ms=30.251 work_min_ms=25.771 work_max_ms=54.606
[HOOK_TAIL_SUMMARY] label=mpi:ring_zfp_naive:rate16 steps=97 tail_total_ms=22627.901 tail_mean_ms=233.277 tail_min_ms=227.404 tail_max_ms=256.811
[Epoch 2] Hook timing summary done

[Epoch 3] Training... (lr at epoch start=0.090451)
  Batch [50/97] Loss: 2.2862, Acc: 13.25%, lr: 0.085183
[Epoch 3] Train Loss: 2.2802, Acc: 13.47%  |  Val Loss: 2.2536, Acc: 15.67%  |  Time: 28.6s
[Epoch 3] t_iter median: 253.59 ms  (fwd 7.30 | bwd+comm 242.78 | opt 3.51 | data 0.07)  |  train-only epoch: 24.9s
  -> Best model saved (15.67%)
[Epoch 3] Summarizing hook timing...

[HOOK_TIMING_SUMMARY] epoch=3
[HOOK_WORK_SUMMARY] label=mpi:ring_zfp_naive:rate16 calls=776 work_total_ms=23506.505 work_mean_ms=30.292 work_min_ms=27.129 work_max_ms=48.509
[HOOK_TAIL_SUMMARY] label=mpi:ring_zfp_naive:rate16 steps=97 tail_total_ms=22660.125 tail_mean_ms=233.610 tail_min_ms=229.941 tail_max_ms=273.731
[Epoch 3] Hook timing summary done

[Epoch 4] Training... (lr at epoch start=0.079389)
  Batch [50/97] Loss: 2.1663, Acc: 19.00%, lr: 0.072483
[Epoch 4] Train Loss: 2.1314, Acc: 18.36%  |  Val Loss: 2.0641, Acc: 19.83%  |  Time: 28.4s
[Epoch 4] t_iter median: 252.48 ms  (fwd 7.25 | bwd+comm 241.59 | opt 3.50 | data 0.07)  |  train-only epoch: 24.8s
  -> Best model saved (19.83%)
[Epoch 4] Summarizing hook timing...

[HOOK_TIMING_SUMMARY] epoch=4
[HOOK_WORK_SUMMARY] label=mpi:ring_zfp_naive:rate16 calls=776 work_total_ms=23387.582 work_mean_ms=30.139 work_min_ms=25.702 work_max_ms=55.000
[HOOK_TAIL_SUMMARY] label=mpi:ring_zfp_naive:rate16 steps=97 tail_total_ms=22533.282 tail_mean_ms=232.302 tail_min_ms=223.465 tail_max_ms=265.836
[Epoch 4] Hook timing summary done

[Epoch 5] Training... (lr at epoch start=0.065451)
  Batch [50/97] Loss: 2.0985, Acc: 20.62%, lr: 0.057582
[Epoch 5] Train Loss: 2.0707, Acc: 21.07%  |  Val Loss: 2.0125, Acc: 21.66%  |  Time: 28.6s
[Epoch 5] t_iter median: 252.55 ms  (fwd 7.27 | bwd+comm 241.75 | opt 3.50 | data 0.07)  |  train-only epoch: 24.8s
  -> Best model saved (21.66%)
[Epoch 5] Summarizing hook timing...

[HOOK_TIMING_SUMMARY] epoch=5
[HOOK_WORK_SUMMARY] label=mpi:ring_zfp_naive:rate16 calls=776 work_total_ms=23397.747 work_mean_ms=30.152 work_min_ms=25.767 work_max_ms=53.292
[HOOK_TAIL_SUMMARY] label=mpi:ring_zfp_naive:rate16 steps=97 tail_total_ms=22545.469 tail_mean_ms=232.428 tail_min_ms=223.716 tail_max_ms=265.540
[Epoch 5] Hook timing summary done

[Epoch 6] Training... (lr at epoch start=0.050000)
  Batch [50/97] Loss: 1.9818, Acc: 21.00%, lr: 0.041938
[Epoch 6] Train Loss: 1.9822, Acc: 22.23%  |  Val Loss: 1.9173, Acc: 26.38%  |  Time: 28.5s
[Epoch 6] t_iter median: 253.03 ms  (fwd 7.22 | bwd+comm 242.38 | opt 3.50 | data 0.07)  |  train-only epoch: 24.8s
  -> Best model saved (26.38%)
[Epoch 6] Summarizing hook timing...

[HOOK_TIMING_SUMMARY] epoch=6
[HOOK_WORK_SUMMARY] label=mpi:ring_zfp_naive:rate16 calls=776 work_total_ms=23447.219 work_mean_ms=30.215 work_min_ms=25.568 work_max_ms=60.477
[HOOK_TAIL_SUMMARY] label=mpi:ring_zfp_naive:rate16 steps=97 tail_total_ms=22601.493 tail_mean_ms=233.005 tail_min_ms=224.201 tail_max_ms=274.274
[Epoch 6] Hook timing summary done

[Epoch 7] Training... (lr at epoch start=0.034549)
  Batch [50/97] Loss: 1.9207, Acc: 23.75%, lr: 0.027084
[Epoch 7] Train Loss: 1.9053, Acc: 24.42%  |  Val Loss: 1.8473, Acc: 30.33%  |  Time: 28.6s
[Epoch 7] t_iter median: 253.71 ms  (fwd 7.32 | bwd+comm 242.79 | opt 3.51 | data 0.07)  |  train-only epoch: 24.9s
  -> Best model saved (30.33%)
[Epoch 7] Summarizing hook timing...

[HOOK_TIMING_SUMMARY] epoch=7
[HOOK_WORK_SUMMARY] label=mpi:ring_zfp_naive:rate16 calls=776 work_total_ms=23517.700 work_mean_ms=30.306 work_min_ms=25.708 work_max_ms=51.443
[HOOK_TAIL_SUMMARY] label=mpi:ring_zfp_naive:rate16 steps=97 tail_total_ms=22672.357 tail_mean_ms=233.736 tail_min_ms=225.055 tail_max_ms=271.047
[Epoch 7] Hook timing summary done

[Epoch 8] Training... (lr at epoch start=0.020611)
  Batch [50/97] Loss: 1.8958, Acc: 29.38%, lr: 0.014473
[Epoch 8] Train Loss: 1.8632, Acc: 28.48%  |  Val Loss: 1.8558, Acc: 31.25%  |  Time: 28.6s
[Epoch 8] t_iter median: 253.03 ms  (fwd 7.28 | bwd+comm 242.09 | opt 3.51 | data 0.07)  |  train-only epoch: 24.9s
  -> Best model saved (31.25%)
[Epoch 8] Summarizing hook timing...

[HOOK_TIMING_SUMMARY] epoch=8
[HOOK_WORK_SUMMARY] label=mpi:ring_zfp_naive:rate16 calls=776 work_total_ms=23529.577 work_mean_ms=30.322 work_min_ms=26.067 work_max_ms=154.349
[HOOK_TAIL_SUMMARY] label=mpi:ring_zfp_naive:rate16 steps=97 tail_total_ms=22684.720 tail_mean_ms=233.863 tail_min_ms=224.452 tail_max_ms=352.296
[Epoch 8] Hook timing summary done

[Epoch 9] Training... (lr at epoch start=0.009549)
  Batch [50/97] Loss: 1.8581, Acc: 28.25%, lr: 0.005340
[Epoch 9] Train Loss: 1.8438, Acc: 28.93%  |  Val Loss: 1.7653, Acc: 32.18%  |  Time: 28.6s
[Epoch 9] t_iter median: 253.04 ms  (fwd 7.38 | bwd+comm 242.03 | opt 3.51 | data 0.07)  |  train-only epoch: 24.9s
  -> Best model saved (32.18%)
[Epoch 9] Summarizing hook timing...

[HOOK_TIMING_SUMMARY] epoch=9
[HOOK_WORK_SUMMARY] label=mpi:ring_zfp_naive:rate16 calls=776 work_total_ms=23463.416 work_mean_ms=30.236 work_min_ms=26.215 work_max_ms=52.919
[HOOK_TAIL_SUMMARY] label=mpi:ring_zfp_naive:rate16 steps=97 tail_total_ms=22617.939 tail_mean_ms=233.175 tail_min_ms=226.235 tail_max_ms=274.107
[Epoch 9] Hook timing summary done

[Epoch 10] Training... (lr at epoch start=0.002447)
  Batch [50/97] Loss: 1.8158, Acc: 28.88%, lr: 0.000578
[Epoch 10] Train Loss: 1.8370, Acc: 28.35%  |  Val Loss: 1.7589, Acc: 33.06%  |  Time: 28.6s
[Epoch 10] t_iter median: 253.79 ms  (fwd 7.22 | bwd+comm 243.01 | opt 3.51 | data 0.07)  |  train-only epoch: 24.9s
  -> Best model saved (33.06%)
[Epoch 10] Summarizing hook timing...

[HOOK_TIMING_SUMMARY] epoch=10
[HOOK_WORK_SUMMARY] label=mpi:ring_zfp_naive:rate16 calls=776 work_total_ms=23517.903 work_mean_ms=30.307 work_min_ms=26.102 work_max_ms=69.309
[HOOK_TAIL_SUMMARY] label=mpi:ring_zfp_naive:rate16 steps=97 tail_total_ms=22673.032 tail_mean_ms=233.743 tail_min_ms=226.777 tail_max_ms=281.838
[Epoch 10] Hook timing summary done

================================================================================
Done in 294.2s | Best val acc: 33.06%
Epoch times (train+val): mean=28.6s  min=28.4s  max=29.0s
Train-only epoch time (epochs 2..N): median=24.86s  min=24.77s  max=24.91s
  -> use this for STRONG scaling (fixed global batch)
  -> use t_iter_median_ms from the CSV for WEAK scaling (fixed local batch)
================================================================================
=== Finished training: model=wide_resnet50_2, dataset=cifar10, batch=16, lr=0.1, scheduler=cosine, backend=mpi, hook=ring_zfp_naive, zfp_rate=16, status=0 at Wed Jul 22 11:26:07 AM UTC 2026 ===
=== Starting training: model=wide_resnet50_2, dataset=cifar10, batch=16, lr=0.1, scheduler=cosine, backend=mpi, hook=ring_zfp_online_coll, zfp_rate=16 at Wed Jul 22 11:26:07 AM UTC 2026 ===

================================================================================
DISTRIBUTED TRAINING LAUNCHER
================================================================================
  Model:      wide_resnet50_2 (CIFAR stem) (from scratch)
  Dataset:    cifar10 (10 classes)
  Image size: 32
  LR:         0.1
  Momentum:   0.9 (nesterov=True)
  Optimizer:  sgd
  Weight dec: 0.0005 (on BN/bias=False)
  Backend:    mpi
  Algorithm:  ring_zfp_online_coll
  ZFP rate:   16
  Epochs:     10
  Batch/rank: 16
  LR:         0.1
  Scheduler:  cosine
  Warmup:     0
  Grad clip:  None
  Drop last:  True
  Data dir:   ./data
================================================================================


================================================================================
Distributed Training: WIDE_RESNET50_2 on CIFAR10
Backend: MPI, Algorithm: ring_zfp_online_coll
================================================================================
Ranks: 32, Epochs: 10, Batch/rank: 16, Effective batch: 512
LR: 0.1, Device: cuda:0

[Cache] Pretrained weights cache (TORCH_HOME) = ./data/pretrained_weights_cache
[Setup] Model on cuda:0, wrapped in DDP (static_graph=True)
[Setup] Hook registered: mpi/ring_zfp_online_coll
[Optim] SGD: lr=0.1 momentum=0.9 nesterov=True wd=0.0005 wd_on_bn_bias=False
[Optim]   group 0: 66,778,816 params, wd=0.0005
[Optim]   group 1: 68,234 params, wd=0.0

================================================================================
DISTRIBUTED TRAINING LAUNCHER
================================================================================
  Model:      wide_resnet50_2 (CIFAR stem) (from scratch)
  Dataset:    cifar10 (10 classes)
  Image size: 32
  LR:         0.1
  Momentum:   0.9 (nesterov=True)
  Optimizer:  sgd
  Weight dec: 0.0005 (on BN/bias=False)
  Backend:    mpi
  Algorithm:  ring_zfp_online_coll
  ZFP rate:   16
  Epochs:     10
  Batch/rank: 16
  LR:         0.1
  Scheduler:  cosine
  Warmup:     0
  Grad clip:  None
  Drop last:  True
  Data dir:   ./data
================================================================================


================================================================================
DISTRIBUTED TRAINING LAUNCHER
================================================================================
  Model:      wide_resnet50_2 (CIFAR stem) (from scratch)
  Dataset:    cifar10 (10 classes)
  Image size: 32
  LR:         0.1
  Momentum:   0.9 (nesterov=True)
  Optimizer:  sgd
  Weight dec: 0.0005 (on BN/bias=False)
  Backend:    mpi
  Algorithm:  ring_zfp_online_coll
  ZFP rate:   16
  Epochs:     10
  Batch/rank: 16
  LR:         0.1
  Scheduler:  cosine
  Warmup:     0
  Grad clip:  None
  Drop last:  True
  Data dir:   ./data
================================================================================


================================================================================
DISTRIBUTED TRAINING LAUNCHER
================================================================================
  Model:      wide_resnet50_2 (CIFAR stem) (from scratch)
  Dataset:    cifar10 (10 classes)
  Image size: 32
  LR:         0.1
  Momentum:   0.9 (nesterov=True)
  Optimizer:  sgd
  Weight dec: 0.0005 (on BN/bias=False)
  Backend:    mpi
  Algorithm:  ring_zfp_online_coll
  ZFP rate:   16
  Epochs:     10
  Batch/rank: 16
  LR:         0.1
  Scheduler:  cosine
  Warmup:     0
  Grad clip:  None
  Drop last:  True
  Data dir:   ./data
================================================================================


================================================================================
DISTRIBUTED TRAINING LAUNCHER
================================================================================
  Model:      wide_resnet50_2 (CIFAR stem) (from scratch)
  Dataset:    cifar10 (10 classes)
  Image size: 32
  LR:         0.1
  Momentum:   0.9 (nesterov=True)
  Optimizer:  sgd
  Weight dec: 0.0005 (on BN/bias=False)
  Backend:    mpi
  Algorithm:  ring_zfp_online_coll
  ZFP rate:   16
  Epochs:     10
  Batch/rank: 16
  LR:         0.1
  Scheduler:  cosine
  Warmup:     0
  Grad clip:  None
  Drop last:  True
  Data dir:   ./data
================================================================================


================================================================================
DISTRIBUTED TRAINING LAUNCHER
================================================================================
  Model:      wide_resnet50_2 (CIFAR stem) (from scratch)
  Dataset:    cifar10 (10 classes)
  Image size: 32
  LR:         0.1
  Momentum:   0.9 (nesterov=True)
  Optimizer:  sgd
  Weight dec: 0.0005 (on BN/bias=False)
  Backend:    mpi
  Algorithm:  ring_zfp_online_coll
  ZFP rate:   16
  Epochs:     10
  Batch/rank: 16
  LR:         0.1
  Scheduler:  cosine
  Warmup:     0
  Grad clip:  None
  Drop last:  True
  Data dir:   ./data
================================================================================


================================================================================
DISTRIBUTED TRAINING LAUNCHER
================================================================================
  Model:      wide_resnet50_2 (CIFAR stem) (from scratch)
  Dataset:    cifar10 (10 classes)
  Image size: 32
  LR:         0.1
  Momentum:   0.9 (nesterov=True)
  Optimizer:  sgd
  Weight dec: 0.0005 (on BN/bias=False)
  Backend:    mpi
  Algorithm:  ring_zfp_online_coll
  ZFP rate:   16
  Epochs:     10
  Batch/rank: 16
  LR:         0.1
  Scheduler:  cosine
  Warmup:     0
  Grad clip:  None
  Drop last:  True
  Data dir:   ./data
================================================================================


================================================================================
DISTRIBUTED TRAINING LAUNCHER
================================================================================
  Model:      wide_resnet50_2 (CIFAR stem) (from scratch)
  Dataset:    cifar10 (10 classes)
  Image size: 32
  LR:         0.1
  Momentum:   0.9 (nesterov=True)
  Optimizer:  sgd
  Weight dec: 0.0005 (on BN/bias=False)
  Backend:    mpi
  Algorithm:  ring_zfp_online_coll
  ZFP rate:   16
  Epochs:     10
  Batch/rank: 16
  LR:         0.1
  Scheduler:  cosine
  Warmup:     0
  Grad clip:  None
  Drop last:  True
  Data dir:   ./data
================================================================================


================================================================================
DISTRIBUTED TRAINING LAUNCHER
================================================================================
  Model:      wide_resnet50_2 (CIFAR stem) (from scratch)
  Dataset:    cifar10 (10 classes)
  Image size: 32
  LR:         0.1
  Momentum:   0.9 (nesterov=True)
  Optimizer:  sgd
  Weight dec: 0.0005 (on BN/bias=False)
  Backend:    mpi
  Algorithm:  ring_zfp_online_coll
  ZFP rate:   16
  Epochs:     10
  Batch/rank: 16
  LR:         0.1
  Scheduler:  cosine
  Warmup:     0
  Grad clip:  None
  Drop last:  True
  Data dir:   ./data
================================================================================


================================================================================
DISTRIBUTED TRAINING LAUNCHER
================================================================================
  Model:      wide_resnet50_2 (CIFAR stem) (from scratch)
  Dataset:    cifar10 (10 classes)
  Image size: 32
  LR:         0.1
  Momentum:   0.9 (nesterov=True)
  Optimizer:  sgd
  Weight dec: 0.0005 (on BN/bias=False)
  Backend:    mpi
  Algorithm:  ring_zfp_online_coll
  ZFP rate:   16
  Epochs:     10
  Batch/rank: 16
  LR:         0.1
  Scheduler:  cosine
  Warmup:     0
  Grad clip:  None
  Drop last:  True
  Data dir:   ./data
================================================================================


================================================================================
DISTRIBUTED TRAINING LAUNCHER
================================================================================
  Model:      wide_resnet50_2 (CIFAR stem) (from scratch)
  Dataset:    cifar10 (10 classes)
  Image size: 32
  LR:         0.1
  Momentum:   0.9 (nesterov=True)
  Optimizer:  sgd
  Weight dec: 0.0005 (on BN/bias=False)
  Backend:    mpi
  Algorithm:  ring_zfp_online_coll
  ZFP rate:   16
  Epochs:     10
  Batch/rank: 16
  LR:         0.1
  Scheduler:  cosine
  Warmup:     0
  Grad clip:  None
  Drop last:  True
  Data dir:   ./data
================================================================================


================================================================================
DISTRIBUTED TRAINING LAUNCHER
================================================================================
  Model:      wide_resnet50_2 (CIFAR stem) (from scratch)
  Dataset:    cifar10 (10 classes)
  Image size: 32
  LR:         0.1
  Momentum:   0.9 (nesterov=True)
  Optimizer:  sgd
  Weight dec: 0.0005 (on BN/bias=False)
  Backend:    mpi
  Algorithm:  ring_zfp_online_coll
  ZFP rate:   16
  Epochs:     10
  Batch/rank: 16
  LR:         0.1
  Scheduler:  cosine
  Warmup:     0
  Grad clip:  None
  Drop last:  True
  Data dir:   ./data
================================================================================


================================================================================
DISTRIBUTED TRAINING LAUNCHER
================================================================================
  Model:      wide_resnet50_2 (CIFAR stem) (from scratch)
  Dataset:    cifar10 (10 classes)
  Image size: 32
  LR:         0.1
  Momentum:   0.9 (nesterov=True)
  Optimizer:  sgd
  Weight dec: 0.0005 (on BN/bias=False)
  Backend:    mpi
  Algorithm:  ring_zfp_online_coll
  ZFP rate:   16
  Epochs:     10
  Batch/rank: 16
  LR:         0.1
  Scheduler:  cosine
  Warmup:     0
  Grad clip:  None
  Drop last:  True
  Data dir:   ./data
================================================================================


================================================================================
DISTRIBUTED TRAINING LAUNCHER
================================================================================
  Model:      wide_resnet50_2 (CIFAR stem) (from scratch)
  Dataset:    cifar10 (10 classes)
  Image size: 32
  LR:         0.1
  Momentum:   0.9 (nesterov=True)
  Optimizer:  sgd
  Weight dec: 0.0005 (on BN/bias=False)
  Backend:    mpi
  Algorithm:  ring_zfp_online_coll
  ZFP rate:   16
  Epochs:     10
  Batch/rank: 16
  LR:         0.1
  Scheduler:  cosine
  Warmup:     0
  Grad clip:  None
  Drop last:  True
  Data dir:   ./data
================================================================================


================================================================================
DISTRIBUTED TRAINING LAUNCHER
================================================================================
  Model:      wide_resnet50_2 (CIFAR stem) (from scratch)
  Dataset:    cifar10 (10 classes)
  Image size: 32
  LR:         0.1
  Momentum:   0.9 (nesterov=True)
  Optimizer:  sgd
  Weight dec: 0.0005 (on BN/bias=False)
  Backend:    mpi
  Algorithm:  ring_zfp_online_coll
  ZFP rate:   16
  Epochs:     10
  Batch/rank: 16
  LR:         0.1
  Scheduler:  cosine
  Warmup:     0
  Grad clip:  None
  Drop last:  True
  Data dir:   ./data
================================================================================


================================================================================
DISTRIBUTED TRAINING LAUNCHER
================================================================================
  Model:      wide_resnet50_2 (CIFAR stem) (from scratch)
  Dataset:    cifar10 (10 classes)
  Image size: 32
  LR:         0.1
  Momentum:   0.9 (nesterov=True)
  Optimizer:  sgd
  Weight dec: 0.0005 (on BN/bias=False)
  Backend:    mpi
  Algorithm:  ring_zfp_online_coll
  ZFP rate:   16
  Epochs:     10
  Batch/rank: 16
  LR:         0.1
  Scheduler:  cosine
  Warmup:     0
  Grad clip:  None
  Drop last:  True
  Data dir:   ./data
================================================================================


================================================================================
DISTRIBUTED TRAINING LAUNCHER
================================================================================
  Model:      wide_resnet50_2 (CIFAR stem) (from scratch)
  Dataset:    cifar10 (10 classes)
  Image size: 32
  LR:         0.1
  Momentum:   0.9 (nesterov=True)
  Optimizer:  sgd
  Weight dec: 0.0005 (on BN/bias=False)
  Backend:    mpi
  Algorithm:  ring_zfp_online_coll
  ZFP rate:   16
  Epochs:     10
  Batch/rank: 16
  LR:         0.1
  Scheduler:  cosine
  Warmup:     0
  Grad clip:  None
  Drop last:  True
  Data dir:   ./data
================================================================================


================================================================================
DISTRIBUTED TRAINING LAUNCHER
================================================================================
  Model:      wide_resnet50_2 (CIFAR stem) (from scratch)
  Dataset:    cifar10 (10 classes)
  Image size: 32
  LR:         0.1
  Momentum:   0.9 (nesterov=True)
  Optimizer:  sgd
  Weight dec: 0.0005 (on BN/bias=False)
  Backend:    mpi
  Algorithm:  ring_zfp_online_coll
  ZFP rate:   16
  Epochs:     10
  Batch/rank: 16
  LR:         0.1
  Scheduler:  cosine
  Warmup:     0
  Grad clip:  None
  Drop last:  True
  Data dir:   ./data
================================================================================


================================================================================
DISTRIBUTED TRAINING LAUNCHER
================================================================================
  Model:      wide_resnet50_2 (CIFAR stem) (from scratch)
  Dataset:    cifar10 (10 classes)
  Image size: 32
  LR:         0.1
  Momentum:   0.9 (nesterov=True)
  Optimizer:  sgd
  Weight dec: 0.0005 (on BN/bias=False)
  Backend:    mpi
  Algorithm:  ring_zfp_online_coll
  ZFP rate:   16
  Epochs:     10
  Batch/rank: 16
  LR:         0.1
  Scheduler:  cosine
  Warmup:     0
  Grad clip:  None
  Drop last:  True
  Data dir:   ./data
================================================================================


================================================================================
DISTRIBUTED TRAINING LAUNCHER
================================================================================
  Model:      wide_resnet50_2 (CIFAR stem) (from scratch)
  Dataset:    cifar10 (10 classes)
  Image size: 32
  LR:         0.1
  Momentum:   0.9 (nesterov=True)
  Optimizer:  sgd
  Weight dec: 0.0005 (on BN/bias=False)
  Backend:    mpi
  Algorithm:  ring_zfp_online_coll
  ZFP rate:   16
  Epochs:     10
  Batch/rank: 16
  LR:         0.1
  Scheduler:  cosine
  Warmup:     0
  Grad clip:  None
  Drop last:  True
  Data dir:   ./data
================================================================================


================================================================================
DISTRIBUTED TRAINING LAUNCHER
================================================================================
  Model:      wide_resnet50_2 (CIFAR stem) (from scratch)
  Dataset:    cifar10 (10 classes)
  Image size: 32
  LR:         0.1
  Momentum:   0.9 (nesterov=True)
  Optimizer:  sgd
  Weight dec: 0.0005 (on BN/bias=False)
  Backend:    mpi
  Algorithm:  ring_zfp_online_coll
  ZFP rate:   16
  Epochs:     10
  Batch/rank: 16
  LR:         0.1
  Scheduler:  cosine
  Warmup:     0
  Grad clip:  None
  Drop last:  True
  Data dir:   ./data
================================================================================


================================================================================
DISTRIBUTED TRAINING LAUNCHER
================================================================================
  Model:      wide_resnet50_2 (CIFAR stem) (from scratch)
  Dataset:    cifar10 (10 classes)
  Image size: 32
  LR:         0.1
  Momentum:   0.9 (nesterov=True)
  Optimizer:  sgd
  Weight dec: 0.0005 (on BN/bias=False)
  Backend:    mpi
  Algorithm:  ring_zfp_online_coll
  ZFP rate:   16
  Epochs:     10
  Batch/rank: 16
  LR:         0.1
  Scheduler:  cosine
  Warmup:     0
  Grad clip:  None
  Drop last:  True
  Data dir:   ./data
================================================================================


================================================================================
DISTRIBUTED TRAINING LAUNCHER
================================================================================
  Model:      wide_resnet50_2 (CIFAR stem) (from scratch)
  Dataset:    cifar10 (10 classes)
  Image size: 32
  LR:         0.1
  Momentum:   0.9 (nesterov=True)
  Optimizer:  sgd
  Weight dec: 0.0005 (on BN/bias=False)
  Backend:    mpi
  Algorithm:  ring_zfp_online_coll
  ZFP rate:   16
  Epochs:     10
  Batch/rank: 16
  LR:         0.1
  Scheduler:  cosine
  Warmup:     0
  Grad clip:  None
  Drop last:  True
  Data dir:   ./data
================================================================================


================================================================================
DISTRIBUTED TRAINING LAUNCHER
================================================================================
  Model:      wide_resnet50_2 (CIFAR stem) (from scratch)
  Dataset:    cifar10 (10 classes)
  Image size: 32
  LR:         0.1
  Momentum:   0.9 (nesterov=True)
  Optimizer:  sgd
  Weight dec: 0.0005 (on BN/bias=False)
  Backend:    mpi
  Algorithm:  ring_zfp_online_coll
  ZFP rate:   16
  Epochs:     10
  Batch/rank: 16
  LR:         0.1
  Scheduler:  cosine
  Warmup:     0
  Grad clip:  None
  Drop last:  True
  Data dir:   ./data
================================================================================


================================================================================
DISTRIBUTED TRAINING LAUNCHER
================================================================================
  Model:      wide_resnet50_2 (CIFAR stem) (from scratch)
  Dataset:    cifar10 (10 classes)
  Image size: 32
  LR:         0.1
  Momentum:   0.9 (nesterov=True)
  Optimizer:  sgd
  Weight dec: 0.0005 (on BN/bias=False)
  Backend:    mpi
  Algorithm:  ring_zfp_online_coll
  ZFP rate:   16
  Epochs:     10
  Batch/rank: 16
  LR:         0.1
  Scheduler:  cosine
  Warmup:     0
  Grad clip:  None
  Drop last:  True
  Data dir:   ./data
================================================================================


================================================================================
DISTRIBUTED TRAINING LAUNCHER
================================================================================
  Model:      wide_resnet50_2 (CIFAR stem) (from scratch)
  Dataset:    cifar10 (10 classes)
  Image size: 32
  LR:         0.1
  Momentum:   0.9 (nesterov=True)
  Optimizer:  sgd
  Weight dec: 0.0005 (on BN/bias=False)
  Backend:    mpi
  Algorithm:  ring_zfp_online_coll
  ZFP rate:   16
  Epochs:     10
  Batch/rank: 16
  LR:         0.1
  Scheduler:  cosine
  Warmup:     0
  Grad clip:  None
  Drop last:  True
  Data dir:   ./data
================================================================================


================================================================================
DISTRIBUTED TRAINING LAUNCHER
================================================================================
  Model:      wide_resnet50_2 (CIFAR stem) (from scratch)
  Dataset:    cifar10 (10 classes)
  Image size: 32
  LR:         0.1
  Momentum:   0.9 (nesterov=True)
  Optimizer:  sgd
  Weight dec: 0.0005 (on BN/bias=False)
  Backend:    mpi
  Algorithm:  ring_zfp_online_coll
  ZFP rate:   16
  Epochs:     10
  Batch/rank: 16
  LR:         0.1
  Scheduler:  cosine
  Warmup:     0
  Grad clip:  None
  Drop last:  True
  Data dir:   ./data
================================================================================


================================================================================
DISTRIBUTED TRAINING LAUNCHER
================================================================================
  Model:      wide_resnet50_2 (CIFAR stem) (from scratch)
  Dataset:    cifar10 (10 classes)
  Image size: 32
  LR:         0.1
  Momentum:   0.9 (nesterov=True)
  Optimizer:  sgd
  Weight dec: 0.0005 (on BN/bias=False)
  Backend:    mpi
  Algorithm:  ring_zfp_online_coll
  ZFP rate:   16
  Epochs:     10
  Batch/rank: 16
  LR:         0.1
  Scheduler:  cosine
  Warmup:     0
  Grad clip:  None
  Drop last:  True
  Data dir:   ./data
================================================================================


================================================================================
DISTRIBUTED TRAINING LAUNCHER
================================================================================
  Model:      wide_resnet50_2 (CIFAR stem) (from scratch)
  Dataset:    cifar10 (10 classes)
  Image size: 32
  LR:         0.1
  Momentum:   0.9 (nesterov=True)
  Optimizer:  sgd
  Weight dec: 0.0005 (on BN/bias=False)
  Backend:    mpi
  Algorithm:  ring_zfp_online_coll
  ZFP rate:   16
  Epochs:     10
  Batch/rank: 16
  LR:         0.1
  Scheduler:  cosine
  Warmup:     0
  Grad clip:  None
  Drop last:  True
  Data dir:   ./data
================================================================================


================================================================================
DISTRIBUTED TRAINING LAUNCHER
================================================================================
  Model:      wide_resnet50_2 (CIFAR stem) (from scratch)
  Dataset:    cifar10 (10 classes)
  Image size: 32
  LR:         0.1
  Momentum:   0.9 (nesterov=True)
  Optimizer:  sgd
  Weight dec: 0.0005 (on BN/bias=False)
  Backend:    mpi
  Algorithm:  ring_zfp_online_coll
  ZFP rate:   16
  Epochs:     10
  Batch/rank: 16
  LR:         0.1
  Scheduler:  cosine
  Warmup:     0
  Grad clip:  None
  Drop last:  True
  Data dir:   ./data
================================================================================

[Data] Train batches: 97, Val batches: 625

[Sched] cosine: steps/epoch=97, total_steps=970, warmup_steps=0 (0 epochs)


[Epoch 1] Training... (lr at epoch start=0.100000)

================================================================================
DISTRIBUTED TRAINING LAUNCHER
================================================================================
  Model:      wide_resnet50_2 (CIFAR stem) (from scratch)
  Dataset:    cifar10 (10 classes)
  Image size: 32
  LR:         0.1
  Momentum:   0.9 (nesterov=True)
  Optimizer:  sgd
  Weight dec: 0.0005 (on BN/bias=False)
  Backend:    mpi
  Algorithm:  ring_zfp_online_coll
  ZFP rate:   16
  Epochs:     10
  Batch/rank: 16
  LR:         0.1
  Scheduler:  cosine
  Warmup:     0
  Grad clip:  None
  Drop last:  True
  Data dir:   ./data
================================================================================


================================================================================
DISTRIBUTED TRAINING LAUNCHER
================================================================================
  Model:      wide_resnet50_2 (CIFAR stem) (from scratch)
  Dataset:    cifar10 (10 classes)
  Image size: 32
  LR:         0.1
  Momentum:   0.9 (nesterov=True)
  Optimizer:  sgd
  Weight dec: 0.0005 (on BN/bias=False)
  Backend:    mpi
  Algorithm:  ring_zfp_online_coll
  ZFP rate:   16
  Epochs:     10
  Batch/rank: 16
  LR:         0.1
  Scheduler:  cosine
  Warmup:     0
  Grad clip:  None
  Drop last:  True
  Data dir:   ./data
================================================================================

  Batch [50/97] Loss: 30.8732, Acc: 11.00%, lr: 0.099346
[Epoch 1] Train Loss: 19.3872, Acc: 10.82%  |  Val Loss: 67.6544, Acc: 10.00%  |  Time: 25.0s
[Epoch 1] t_iter median: 212.26 ms  (fwd 7.41 | bwd+comm 201.45 | opt 3.23 | data 0.11)  |  train-only epoch: 21.3s
  -> Best model saved (10.00%)
[Epoch 1] Summarizing hook timing...

[HOOK_TIMING_SUMMARY] epoch=1
[HOOK_WORK_SUMMARY] label=mpi:ring_zfp_online_coll:rate16 calls=762 work_total_ms=19289.923 work_mean_ms=25.315 work_min_ms=19.198 work_max_ms=77.450
[HOOK_TAIL_SUMMARY] label=mpi:ring_zfp_online_coll:rate16 steps=98 tail_total_ms=18444.383 tail_mean_ms=188.208 tail_min_ms=28.456 tail_max_ms=248.565
[Epoch 1] Hook timing summary done

[Epoch 2] Training... (lr at epoch start=0.097553)
  Batch [50/97] Loss: 8.2995, Acc: 11.50%, lr: 0.094440
[Epoch 2] Train Loss: 8.1400, Acc: 10.24%  |  Val Loss: 3.3877, Acc: 14.13%  |  Time: 24.6s
[Epoch 2] t_iter median: 212.91 ms  (fwd 7.32 | bwd+comm 201.92 | opt 3.52 | data 0.11)  |  train-only epoch: 20.9s
  -> Best model saved (14.13%)
[Epoch 2] Summarizing hook timing...

[HOOK_TIMING_SUMMARY] epoch=2
[HOOK_WORK_SUMMARY] label=mpi:ring_zfp_online_coll:rate16 calls=776 work_total_ms=19518.043 work_mean_ms=25.152 work_min_ms=19.148 work_max_ms=56.530
[HOOK_TAIL_SUMMARY] label=mpi:ring_zfp_online_coll:rate16 steps=97 tail_total_ms=18630.303 tail_mean_ms=192.065 tail_min_ms=186.800 tail_max_ms=234.523
[Epoch 2] Hook timing summary done

[Epoch 3] Training... (lr at epoch start=0.090451)
  Batch [50/97] Loss: 5.8444, Acc: 9.88%, lr: 0.085183
[Epoch 3] Train Loss: 6.0462, Acc: 11.28%  |  Val Loss: 5.3435, Acc: 11.01%  |  Time: 24.5s
[Epoch 3] t_iter median: 212.56 ms  (fwd 7.24 | bwd+comm 201.67 | opt 3.51 | data 0.07)  |  train-only epoch: 20.8s
[Epoch 3] Summarizing hook timing...

[HOOK_TIMING_SUMMARY] epoch=3
[HOOK_WORK_SUMMARY] label=mpi:ring_zfp_online_coll:rate16 calls=776 work_total_ms=19460.317 work_mean_ms=25.078 work_min_ms=18.331 work_max_ms=54.651
[HOOK_TAIL_SUMMARY] label=mpi:ring_zfp_online_coll:rate16 steps=97 tail_total_ms=18570.099 tail_mean_ms=191.444 tail_min_ms=185.880 tail_max_ms=225.751
[Epoch 3] Hook timing summary done

[Epoch 4] Training... (lr at epoch start=0.079389)
  Batch [50/97] Loss: 4.6768, Acc: 12.25%, lr: 0.072483
[Epoch 4] Train Loss: 4.3269, Acc: 14.05%  |  Val Loss: 3.0018, Acc: 16.06%  |  Time: 24.6s
[Epoch 4] t_iter median: 212.68 ms  (fwd 7.21 | bwd+comm 202.11 | opt 3.27 | data 0.10)  |  train-only epoch: 20.9s
  -> Best model saved (16.06%)
[Epoch 4] Summarizing hook timing...

[HOOK_TIMING_SUMMARY] epoch=4
[HOOK_WORK_SUMMARY] label=mpi:ring_zfp_online_coll:rate16 calls=776 work_total_ms=19570.008 work_mean_ms=25.219 work_min_ms=22.241 work_max_ms=40.051
[HOOK_TAIL_SUMMARY] label=mpi:ring_zfp_online_coll:rate16 steps=97 tail_total_ms=18727.094 tail_mean_ms=193.063 tail_min_ms=188.822 tail_max_ms=224.260
[Epoch 4] Hook timing summary done

[Epoch 5] Training... (lr at epoch start=0.065451)
  Batch [50/97] Loss: 3.9205, Acc: 14.00%, lr: 0.057582
[Epoch 5] Train Loss: 3.7156, Acc: 13.98%  |  Val Loss: 2.5312, Acc: 16.25%  |  Time: 24.6s
[Epoch 5] t_iter median: 213.66 ms  (fwd 7.27 | bwd+comm 202.79 | opt 3.52 | data 0.07)  |  train-only epoch: 21.0s
  -> Best model saved (16.25%)
[Epoch 5] Summarizing hook timing...

[HOOK_TIMING_SUMMARY] epoch=5
[HOOK_WORK_SUMMARY] label=mpi:ring_zfp_online_coll:rate16 calls=776 work_total_ms=19587.354 work_mean_ms=25.241 work_min_ms=18.390 work_max_ms=47.273
[HOOK_TAIL_SUMMARY] label=mpi:ring_zfp_online_coll:rate16 steps=97 tail_total_ms=18704.810 tail_mean_ms=192.833 tail_min_ms=186.245 tail_max_ms=234.025
[Epoch 5] Hook timing summary done

[Epoch 6] Training... (lr at epoch start=0.050000)
  Batch [50/97] Loss: 3.2086, Acc: 18.25%, lr: 0.041938
[Epoch 6] Train Loss: 3.1361, Acc: 18.49%  |  Val Loss: 2.2258, Acc: 18.65%  |  Time: 24.5s
[Epoch 6] t_iter median: 211.93 ms  (fwd 7.28 | bwd+comm 201.12 | opt 3.52 | data 0.08)  |  train-only epoch: 20.8s
  -> Best model saved (18.65%)
[Epoch 6] Summarizing hook timing...

[HOOK_TIMING_SUMMARY] epoch=6
[HOOK_WORK_SUMMARY] label=mpi:ring_zfp_online_coll:rate16 calls=776 work_total_ms=19461.120 work_mean_ms=25.079 work_min_ms=18.943 work_max_ms=66.753
[HOOK_TAIL_SUMMARY] label=mpi:ring_zfp_online_coll:rate16 steps=97 tail_total_ms=18576.602 tail_mean_ms=191.511 tail_min_ms=187.340 tail_max_ms=227.229
[Epoch 6] Hook timing summary done

[Epoch 7] Training... (lr at epoch start=0.034549)
  Batch [50/97] Loss: 2.5384, Acc: 20.62%, lr: 0.027084
[Epoch 7] Train Loss: 2.4899, Acc: 20.94%  |  Val Loss: 2.1876, Acc: 18.97%  |  Time: 24.5s
[Epoch 7] t_iter median: 212.28 ms  (fwd 7.26 | bwd+comm 201.45 | opt 3.52 | data 0.07)  |  train-only epoch: 20.9s
  -> Best model saved (18.97%)
[Epoch 7] Summarizing hook timing...

[HOOK_TIMING_SUMMARY] epoch=7
[HOOK_WORK_SUMMARY] label=mpi:ring_zfp_online_coll:rate16 calls=776 work_total_ms=19484.398 work_mean_ms=25.109 work_min_ms=18.537 work_max_ms=55.285
[HOOK_TAIL_SUMMARY] label=mpi:ring_zfp_online_coll:rate16 steps=97 tail_total_ms=18599.486 tail_mean_ms=191.747 tail_min_ms=186.064 tail_max_ms=232.711
[Epoch 7] Hook timing summary done

[Epoch 8] Training... (lr at epoch start=0.020611)
  Batch [50/97] Loss: 2.1971, Acc: 22.12%, lr: 0.014473
[Epoch 8] Train Loss: 2.1500, Acc: 24.03%  |  Val Loss: 2.1160, Acc: 22.88%  |  Time: 24.6s
[Epoch 8] t_iter median: 213.80 ms  (fwd 7.32 | bwd+comm 202.89 | opt 3.51 | data 0.07)  |  train-only epoch: 21.0s
  -> Best model saved (22.88%)
[Epoch 8] Summarizing hook timing...

[HOOK_TIMING_SUMMARY] epoch=8
[HOOK_WORK_SUMMARY] label=mpi:ring_zfp_online_coll:rate16 calls=776 work_total_ms=19571.217 work_mean_ms=25.221 work_min_ms=18.528 work_max_ms=66.774
[HOOK_TAIL_SUMMARY] label=mpi:ring_zfp_online_coll:rate16 steps=97 tail_total_ms=18683.450 tail_mean_ms=192.613 tail_min_ms=185.724 tail_max_ms=236.202
[Epoch 8] Hook timing summary done

[Epoch 9] Training... (lr at epoch start=0.009549)
  Batch [50/97] Loss: 2.1309, Acc: 22.38%, lr: 0.005340
[Epoch 9] Train Loss: 2.1215, Acc: 22.74%  |  Val Loss: 2.1025, Acc: 23.76%  |  Time: 24.7s
[Epoch 9] t_iter median: 213.15 ms  (fwd 7.34 | bwd+comm 202.23 | opt 3.52 | data 0.07)  |  train-only epoch: 20.9s
  -> Best model saved (23.76%)
[Epoch 9] Summarizing hook timing...

[HOOK_TIMING_SUMMARY] epoch=9
[HOOK_WORK_SUMMARY] label=mpi:ring_zfp_online_coll:rate16 calls=776 work_total_ms=19524.272 work_mean_ms=25.160 work_min_ms=18.423 work_max_ms=42.839
[HOOK_TAIL_SUMMARY] label=mpi:ring_zfp_online_coll:rate16 steps=97 tail_total_ms=18647.119 tail_mean_ms=192.238 tail_min_ms=186.101 tail_max_ms=222.771
[Epoch 9] Hook timing summary done

[Epoch 10] Training... (lr at epoch start=0.002447)
  Batch [50/97] Loss: 2.1021, Acc: 23.88%, lr: 0.000578
[Epoch 10] Train Loss: 2.1089, Acc: 23.78%  |  Val Loss: 2.1181, Acc: 22.59%  |  Time: 24.5s
[Epoch 10] t_iter median: 212.56 ms  (fwd 7.26 | bwd+comm 201.93 | opt 3.22 | data 0.10)  |  train-only epoch: 20.8s
[Epoch 10] Summarizing hook timing...

[HOOK_TIMING_SUMMARY] epoch=10
[HOOK_WORK_SUMMARY] label=mpi:ring_zfp_online_coll:rate16 calls=776 work_total_ms=19526.516 work_mean_ms=25.163 work_min_ms=18.264 work_max_ms=38.999
[HOOK_TAIL_SUMMARY] label=mpi:ring_zfp_online_coll:rate16 steps=97 tail_total_ms=18686.907 tail_mean_ms=192.649 tail_min_ms=186.761 tail_max_ms=220.143
[Epoch 10] Hook timing summary done

================================================================================
Done in 253.2s | Best val acc: 23.76%
Epoch times (train+val): mean=24.6s  min=24.5s  max=25.0s
Train-only epoch time (epochs 2..N): median=20.88s  min=20.83s  max=20.96s
  -> use this for STRONG scaling (fixed global batch)
  -> use t_iter_median_ms from the CSV for WEAK scaling (fixed local batch)
================================================================================
=== Finished training: model=wide_resnet50_2, dataset=cifar10, batch=16, lr=0.1, scheduler=cosine, backend=mpi, hook=ring_zfp_online_coll, zfp_rate=16, status=0 at Wed Jul 22 11:30:30 AM UTC 2026 ===
=== Starting training: model=wide_resnet50_2, dataset=cifar10, batch=16, lr=0.1, scheduler=cosine, backend=mpi, hook=ring_zfp_online_coll, zfp_rate=10 at Wed Jul 22 11:30:30 AM UTC 2026 ===

================================================================================
DISTRIBUTED TRAINING LAUNCHER
================================================================================
  Model:      wide_resnet50_2 (CIFAR stem) (from scratch)
  Dataset:    cifar10 (10 classes)
  Image size: 32
  LR:         0.1
  Momentum:   0.9 (nesterov=True)
  Optimizer:  sgd
  Weight dec: 0.0005 (on BN/bias=False)
  Backend:    mpi
  Algorithm:  ring_zfp_online_coll
  ZFP rate:   10
  Epochs:     10
  Batch/rank: 16
  LR:         0.1
  Scheduler:  cosine
  Warmup:     0
  Grad clip:  None
  Drop last:  True
  Data dir:   ./data
================================================================================


================================================================================
Distributed Training: WIDE_RESNET50_2 on CIFAR10
Backend: MPI, Algorithm: ring_zfp_online_coll
================================================================================
Ranks: 32, Epochs: 10, Batch/rank: 16, Effective batch: 512
LR: 0.1, Device: cuda:0

[Cache] Pretrained weights cache (TORCH_HOME) = ./data/pretrained_weights_cache
[Setup] Model on cuda:0, wrapped in DDP (static_graph=True)
[Setup] Hook registered: mpi/ring_zfp_online_coll
[Optim] SGD: lr=0.1 momentum=0.9 nesterov=True wd=0.0005 wd_on_bn_bias=False
[Optim]   group 0: 66,778,816 params, wd=0.0005
[Optim]   group 1: 68,234 params, wd=0.0

================================================================================
DISTRIBUTED TRAINING LAUNCHER
================================================================================
  Model:      wide_resnet50_2 (CIFAR stem) (from scratch)
  Dataset:    cifar10 (10 classes)
  Image size: 32
  LR:         0.1
  Momentum:   0.9 (nesterov=True)
  Optimizer:  sgd
  Weight dec: 0.0005 (on BN/bias=False)
  Backend:    mpi
  Algorithm:  ring_zfp_online_coll
  ZFP rate:   10
  Epochs:     10
  Batch/rank: 16
  LR:         0.1
  Scheduler:  cosine
  Warmup:     0
  Grad clip:  None
  Drop last:  True
  Data dir:   ./data
================================================================================


================================================================================
DISTRIBUTED TRAINING LAUNCHER
================================================================================
  Model:      wide_resnet50_2 (CIFAR stem) (from scratch)
  Dataset:    cifar10 (10 classes)
  Image size: 32
  LR:         0.1
  Momentum:   0.9 (nesterov=True)
  Optimizer:  sgd
  Weight dec: 0.0005 (on BN/bias=False)
  Backend:    mpi
  Algorithm:  ring_zfp_online_coll
  ZFP rate:   10
  Epochs:     10
  Batch/rank: 16
  LR:         0.1
  Scheduler:  cosine
  Warmup:     0
  Grad clip:  None
  Drop last:  True
  Data dir:   ./data
================================================================================


================================================================================
DISTRIBUTED TRAINING LAUNCHER
================================================================================
  Model:      wide_resnet50_2 (CIFAR stem) (from scratch)
  Dataset:    cifar10 (10 classes)
  Image size: 32
  LR:         0.1
  Momentum:   0.9 (nesterov=True)
  Optimizer:  sgd
  Weight dec: 0.0005 (on BN/bias=False)
  Backend:    mpi
  Algorithm:  ring_zfp_online_coll
  ZFP rate:   10
  Epochs:     10
  Batch/rank: 16
  LR:         0.1
  Scheduler:  cosine
  Warmup:     0
  Grad clip:  None
  Drop last:  True
  Data dir:   ./data
================================================================================


================================================================================
DISTRIBUTED TRAINING LAUNCHER
================================================================================
  Model:      wide_resnet50_2 (CIFAR stem) (from scratch)
  Dataset:    cifar10 (10 classes)
  Image size: 32
  LR:         0.1
  Momentum:   0.9 (nesterov=True)
  Optimizer:  sgd
  Weight dec: 0.0005 (on BN/bias=False)
  Backend:    mpi
  Algorithm:  ring_zfp_online_coll
  ZFP rate:   10
  Epochs:     10
  Batch/rank: 16
  LR:         0.1
  Scheduler:  cosine
  Warmup:     0
  Grad clip:  None
  Drop last:  True
  Data dir:   ./data
================================================================================


================================================================================
DISTRIBUTED TRAINING LAUNCHER
================================================================================
  Model:      wide_resnet50_2 (CIFAR stem) (from scratch)
  Dataset:    cifar10 (10 classes)
  Image size: 32
  LR:         0.1
  Momentum:   0.9 (nesterov=True)
  Optimizer:  sgd
  Weight dec: 0.0005 (on BN/bias=False)
  Backend:    mpi
  Algorithm:  ring_zfp_online_coll
  ZFP rate:   10
  Epochs:     10
  Batch/rank: 16
  LR:         0.1
  Scheduler:  cosine
  Warmup:     0
  Grad clip:  None
  Drop last:  True
  Data dir:   ./data
================================================================================


================================================================================
DISTRIBUTED TRAINING LAUNCHER
================================================================================
  Model:      wide_resnet50_2 (CIFAR stem) (from scratch)
  Dataset:    cifar10 (10 classes)
  Image size: 32
  LR:         0.1
  Momentum:   0.9 (nesterov=True)
  Optimizer:  sgd
  Weight dec: 0.0005 (on BN/bias=False)
  Backend:    mpi
  Algorithm:  ring_zfp_online_coll
  ZFP rate:   10
  Epochs:     10
  Batch/rank: 16
  LR:         0.1
  Scheduler:  cosine
  Warmup:     0
  Grad clip:  None
  Drop last:  True
  Data dir:   ./data
================================================================================


================================================================================
DISTRIBUTED TRAINING LAUNCHER
================================================================================
  Model:      wide_resnet50_2 (CIFAR stem) (from scratch)
  Dataset:    cifar10 (10 classes)
  Image size: 32
  LR:         0.1
  Momentum:   0.9 (nesterov=True)
  Optimizer:  sgd
  Weight dec: 0.0005 (on BN/bias=False)
  Backend:    mpi
  Algorithm:  ring_zfp_online_coll
  ZFP rate:   10
  Epochs:     10
  Batch/rank: 16
  LR:         0.1
  Scheduler:  cosine
  Warmup:     0
  Grad clip:  None
  Drop last:  True
  Data dir:   ./data
================================================================================


================================================================================
DISTRIBUTED TRAINING LAUNCHER
================================================================================
  Model:      wide_resnet50_2 (CIFAR stem) (from scratch)
  Dataset:    cifar10 (10 classes)
  Image size: 32
  LR:         0.1
  Momentum:   0.9 (nesterov=True)
  Optimizer:  sgd
  Weight dec: 0.0005 (on BN/bias=False)
  Backend:    mpi
  Algorithm:  ring_zfp_online_coll
  ZFP rate:   10
  Epochs:     10
  Batch/rank: 16
  LR:         0.1
  Scheduler:  cosine
  Warmup:     0
  Grad clip:  None
  Drop last:  True
  Data dir:   ./data
================================================================================


================================================================================
DISTRIBUTED TRAINING LAUNCHER
================================================================================
  Model:      wide_resnet50_2 (CIFAR stem) (from scratch)
  Dataset:    cifar10 (10 classes)
  Image size: 32
  LR:         0.1
  Momentum:   0.9 (nesterov=True)
  Optimizer:  sgd
  Weight dec: 0.0005 (on BN/bias=False)
  Backend:    mpi
  Algorithm:  ring_zfp_online_coll
  ZFP rate:   10
  Epochs:     10
  Batch/rank: 16
  LR:         0.1
  Scheduler:  cosine
  Warmup:     0
  Grad clip:  None
  Drop last:  True
  Data dir:   ./data
================================================================================


================================================================================
DISTRIBUTED TRAINING LAUNCHER
================================================================================
  Model:      wide_resnet50_2 (CIFAR stem) (from scratch)
  Dataset:    cifar10 (10 classes)
  Image size: 32
  LR:         0.1
  Momentum:   0.9 (nesterov=True)
  Optimizer:  sgd
  Weight dec: 0.0005 (on BN/bias=False)
  Backend:    mpi
  Algorithm:  ring_zfp_online_coll
  ZFP rate:   10
  Epochs:     10
  Batch/rank: 16
  LR:         0.1
  Scheduler:  cosine
  Warmup:     0
  Grad clip:  None
  Drop last:  True
  Data dir:   ./data
================================================================================


================================================================================
DISTRIBUTED TRAINING LAUNCHER
================================================================================
  Model:      wide_resnet50_2 (CIFAR stem) (from scratch)
  Dataset:    cifar10 (10 classes)
  Image size: 32
  LR:         0.1
  Momentum:   0.9 (nesterov=True)
  Optimizer:  sgd
  Weight dec: 0.0005 (on BN/bias=False)
  Backend:    mpi
  Algorithm:  ring_zfp_online_coll
  ZFP rate:   10
  Epochs:     10
  Batch/rank: 16
  LR:         0.1
  Scheduler:  cosine
  Warmup:     0
  Grad clip:  None
  Drop last:  True
  Data dir:   ./data
================================================================================


================================================================================
DISTRIBUTED TRAINING LAUNCHER
================================================================================
  Model:      wide_resnet50_2 (CIFAR stem) (from scratch)
  Dataset:    cifar10 (10 classes)
  Image size: 32
  LR:         0.1
  Momentum:   0.9 (nesterov=True)
  Optimizer:  sgd
  Weight dec: 0.0005 (on BN/bias=False)
  Backend:    mpi
  Algorithm:  ring_zfp_online_coll
  ZFP rate:   10
  Epochs:     10
  Batch/rank: 16
  LR:         0.1
  Scheduler:  cosine
  Warmup:     0
  Grad clip:  None
  Drop last:  True
  Data dir:   ./data
================================================================================


================================================================================
DISTRIBUTED TRAINING LAUNCHER
================================================================================
  Model:      wide_resnet50_2 (CIFAR stem) (from scratch)
  Dataset:    cifar10 (10 classes)
  Image size: 32
  LR:         0.1
  Momentum:   0.9 (nesterov=True)
  Optimizer:  sgd
  Weight dec: 0.0005 (on BN/bias=False)
  Backend:    mpi
  Algorithm:  ring_zfp_online_coll
  ZFP rate:   10
  Epochs:     10
  Batch/rank: 16
  LR:         0.1
  Scheduler:  cosine
  Warmup:     0
  Grad clip:  None
  Drop last:  True
  Data dir:   ./data
================================================================================


================================================================================
DISTRIBUTED TRAINING LAUNCHER
================================================================================
  Model:      wide_resnet50_2 (CIFAR stem) (from scratch)
  Dataset:    cifar10 (10 classes)
  Image size: 32
  LR:         0.1
  Momentum:   0.9 (nesterov=True)
  Optimizer:  sgd
  Weight dec: 0.0005 (on BN/bias=False)
  Backend:    mpi
  Algorithm:  ring_zfp_online_coll
  ZFP rate:   10
  Epochs:     10
  Batch/rank: 16
  LR:         0.1
  Scheduler:  cosine
  Warmup:     0
  Grad clip:  None
  Drop last:  True
  Data dir:   ./data
================================================================================


================================================================================
DISTRIBUTED TRAINING LAUNCHER
================================================================================
  Model:      wide_resnet50_2 (CIFAR stem) (from scratch)
  Dataset:    cifar10 (10 classes)
  Image size: 32
  LR:         0.1
  Momentum:   0.9 (nesterov=True)
  Optimizer:  sgd
  Weight dec: 0.0005 (on BN/bias=False)
  Backend:    mpi
  Algorithm:  ring_zfp_online_coll
  ZFP rate:   10
  Epochs:     10
  Batch/rank: 16
  LR:         0.1
  Scheduler:  cosine
  Warmup:     0
  Grad clip:  None
  Drop last:  True
  Data dir:   ./data
================================================================================


================================================================================
DISTRIBUTED TRAINING LAUNCHER
================================================================================
  Model:      wide_resnet50_2 (CIFAR stem) (from scratch)
  Dataset:    cifar10 (10 classes)
  Image size: 32
  LR:         0.1
  Momentum:   0.9 (nesterov=True)
  Optimizer:  sgd
  Weight dec: 0.0005 (on BN/bias=False)
  Backend:    mpi
  Algorithm:  ring_zfp_online_coll
  ZFP rate:   10
  Epochs:     10
  Batch/rank: 16
  LR:         0.1
  Scheduler:  cosine
  Warmup:     0
  Grad clip:  None
  Drop last:  True
  Data dir:   ./data
================================================================================


================================================================================
DISTRIBUTED TRAINING LAUNCHER
================================================================================
  Model:      wide_resnet50_2 (CIFAR stem) (from scratch)
  Dataset:    cifar10 (10 classes)
  Image size: 32
  LR:         0.1
  Momentum:   0.9 (nesterov=True)
  Optimizer:  sgd
  Weight dec: 0.0005 (on BN/bias=False)
  Backend:    mpi
  Algorithm:  ring_zfp_online_coll
  ZFP rate:   10
  Epochs:     10
  Batch/rank: 16
  LR:         0.1
  Scheduler:  cosine
  Warmup:     0
  Grad clip:  None
  Drop last:  True
  Data dir:   ./data
================================================================================


================================================================================
DISTRIBUTED TRAINING LAUNCHER
================================================================================
  Model:      wide_resnet50_2 (CIFAR stem) (from scratch)
  Dataset:    cifar10 (10 classes)
  Image size: 32
  LR:         0.1
  Momentum:   0.9 (nesterov=True)
  Optimizer:  sgd
  Weight dec: 0.0005 (on BN/bias=False)
  Backend:    mpi
  Algorithm:  ring_zfp_online_coll
  ZFP rate:   10
  Epochs:     10
  Batch/rank: 16
  LR:         0.1
  Scheduler:  cosine
  Warmup:     0
  Grad clip:  None
  Drop last:  True
  Data dir:   ./data
================================================================================


================================================================================
DISTRIBUTED TRAINING LAUNCHER
================================================================================
  Model:      wide_resnet50_2 (CIFAR stem) (from scratch)
  Dataset:    cifar10 (10 classes)
  Image size: 32
  LR:         0.1
  Momentum:   0.9 (nesterov=True)
  Optimizer:  sgd
  Weight dec: 0.0005 (on BN/bias=False)
  Backend:    mpi
  Algorithm:  ring_zfp_online_coll
  ZFP rate:   10
  Epochs:     10
  Batch/rank: 16
  LR:         0.1
  Scheduler:  cosine
  Warmup:     0
  Grad clip:  None
  Drop last:  True
  Data dir:   ./data
================================================================================


================================================================================
DISTRIBUTED TRAINING LAUNCHER
================================================================================
  Model:      wide_resnet50_2 (CIFAR stem) (from scratch)
  Dataset:    cifar10 (10 classes)
  Image size: 32
  LR:         0.1
  Momentum:   0.9 (nesterov=True)
  Optimizer:  sgd
  Weight dec: 0.0005 (on BN/bias=False)
  Backend:    mpi
  Algorithm:  ring_zfp_online_coll
  ZFP rate:   10
  Epochs:     10
  Batch/rank: 16
  LR:         0.1
  Scheduler:  cosine
  Warmup:     0
  Grad clip:  None
  Drop last:  True
  Data dir:   ./data
================================================================================


================================================================================
DISTRIBUTED TRAINING LAUNCHER
================================================================================
  Model:      wide_resnet50_2 (CIFAR stem) (from scratch)
  Dataset:    cifar10 (10 classes)
  Image size: 32
  LR:         0.1
  Momentum:   0.9 (nesterov=True)
  Optimizer:  sgd
  Weight dec: 0.0005 (on BN/bias=False)
  Backend:    mpi
  Algorithm:  ring_zfp_online_coll
  ZFP rate:   10
  Epochs:     10
  Batch/rank: 16
  LR:         0.1
  Scheduler:  cosine
  Warmup:     0
  Grad clip:  None
  Drop last:  True
  Data dir:   ./data
================================================================================


================================================================================
DISTRIBUTED TRAINING LAUNCHER
================================================================================
  Model:      wide_resnet50_2 (CIFAR stem) (from scratch)
  Dataset:    cifar10 (10 classes)
  Image size: 32
  LR:         0.1
  Momentum:   0.9 (nesterov=True)
  Optimizer:  sgd
  Weight dec: 0.0005 (on BN/bias=False)
  Backend:    mpi
  Algorithm:  ring_zfp_online_coll
  ZFP rate:   10
  Epochs:     10
  Batch/rank: 16
  LR:         0.1
  Scheduler:  cosine
  Warmup:     0
  Grad clip:  None
  Drop last:  True
  Data dir:   ./data
================================================================================


================================================================================
DISTRIBUTED TRAINING LAUNCHER
================================================================================
  Model:      wide_resnet50_2 (CIFAR stem) (from scratch)
  Dataset:    cifar10 (10 classes)
  Image size: 32
  LR:         0.1
  Momentum:   0.9 (nesterov=True)
  Optimizer:  sgd
  Weight dec: 0.0005 (on BN/bias=False)
  Backend:    mpi
  Algorithm:  ring_zfp_online_coll
  ZFP rate:   10
  Epochs:     10
  Batch/rank: 16
  LR:         0.1
  Scheduler:  cosine
  Warmup:     0
  Grad clip:  None
  Drop last:  True
  Data dir:   ./data
================================================================================


================================================================================
DISTRIBUTED TRAINING LAUNCHER
================================================================================
  Model:      wide_resnet50_2 (CIFAR stem) (from scratch)
  Dataset:    cifar10 (10 classes)
  Image size: 32
  LR:         0.1
  Momentum:   0.9 (nesterov=True)
  Optimizer:  sgd
  Weight dec: 0.0005 (on BN/bias=False)
  Backend:    mpi
  Algorithm:  ring_zfp_online_coll
  ZFP rate:   10
  Epochs:     10
  Batch/rank: 16
  LR:         0.1
  Scheduler:  cosine
  Warmup:     0
  Grad clip:  None
  Drop last:  True
  Data dir:   ./data
================================================================================


================================================================================
DISTRIBUTED TRAINING LAUNCHER
================================================================================
  Model:      wide_resnet50_2 (CIFAR stem) (from scratch)
  Dataset:    cifar10 (10 classes)
  Image size: 32
  LR:         0.1
  Momentum:   0.9 (nesterov=True)
  Optimizer:  sgd
  Weight dec: 0.0005 (on BN/bias=False)
  Backend:    mpi
  Algorithm:  ring_zfp_online_coll
  ZFP rate:   10
  Epochs:     10
  Batch/rank: 16
  LR:         0.1
  Scheduler:  cosine
  Warmup:     0
  Grad clip:  None
  Drop last:  True
  Data dir:   ./data
================================================================================


================================================================================
DISTRIBUTED TRAINING LAUNCHER
================================================================================
  Model:      wide_resnet50_2 (CIFAR stem) (from scratch)
  Dataset:    cifar10 (10 classes)
  Image size: 32
  LR:         0.1
  Momentum:   0.9 (nesterov=True)
  Optimizer:  sgd
  Weight dec: 0.0005 (on BN/bias=False)
  Backend:    mpi
  Algorithm:  ring_zfp_online_coll
  ZFP rate:   10
  Epochs:     10
  Batch/rank: 16
  LR:         0.1
  Scheduler:  cosine
  Warmup:     0
  Grad clip:  None
  Drop last:  True
  Data dir:   ./data
================================================================================


================================================================================
DISTRIBUTED TRAINING LAUNCHER
================================================================================
  Model:      wide_resnet50_2 (CIFAR stem) (from scratch)
  Dataset:    cifar10 (10 classes)
  Image size: 32
  LR:         0.1
  Momentum:   0.9 (nesterov=True)
  Optimizer:  sgd
  Weight dec: 0.0005 (on BN/bias=False)
  Backend:    mpi
  Algorithm:  ring_zfp_online_coll
  ZFP rate:   10
  Epochs:     10
  Batch/rank: 16
  LR:         0.1
  Scheduler:  cosine
  Warmup:     0
  Grad clip:  None
  Drop last:  True
  Data dir:   ./data
================================================================================


================================================================================
DISTRIBUTED TRAINING LAUNCHER
================================================================================
  Model:      wide_resnet50_2 (CIFAR stem) (from scratch)
  Dataset:    cifar10 (10 classes)
  Image size: 32
  LR:         0.1
  Momentum:   0.9 (nesterov=True)
  Optimizer:  sgd
  Weight dec: 0.0005 (on BN/bias=False)
  Backend:    mpi
  Algorithm:  ring_zfp_online_coll
  ZFP rate:   10
  Epochs:     10
  Batch/rank: 16
  LR:         0.1
  Scheduler:  cosine
  Warmup:     0
  Grad clip:  None
  Drop last:  True
  Data dir:   ./data
================================================================================


================================================================================
DISTRIBUTED TRAINING LAUNCHER
================================================================================
  Model:      wide_resnet50_2 (CIFAR stem) (from scratch)
  Dataset:    cifar10 (10 classes)
  Image size: 32
  LR:         0.1
  Momentum:   0.9 (nesterov=True)
  Optimizer:  sgd
  Weight dec: 0.0005 (on BN/bias=False)
  Backend:    mpi
  Algorithm:  ring_zfp_online_coll
  ZFP rate:   10
  Epochs:     10
  Batch/rank: 16
  LR:         0.1
  Scheduler:  cosine
  Warmup:     0
  Grad clip:  None
  Drop last:  True
  Data dir:   ./data
================================================================================


================================================================================
DISTRIBUTED TRAINING LAUNCHER
================================================================================
  Model:      wide_resnet50_2 (CIFAR stem) (from scratch)
  Dataset:    cifar10 (10 classes)
  Image size: 32
  LR:         0.1
  Momentum:   0.9 (nesterov=True)
  Optimizer:  sgd
  Weight dec: 0.0005 (on BN/bias=False)
  Backend:    mpi
  Algorithm:  ring_zfp_online_coll
  ZFP rate:   10
  Epochs:     10
  Batch/rank: 16
  LR:         0.1
  Scheduler:  cosine
  Warmup:     0
  Grad clip:  None
  Drop last:  True
  Data dir:   ./data
================================================================================


================================================================================
DISTRIBUTED TRAINING LAUNCHER
================================================================================
  Model:      wide_resnet50_2 (CIFAR stem) (from scratch)
  Dataset:    cifar10 (10 classes)
  Image size: 32
  LR:         0.1
  Momentum:   0.9 (nesterov=True)
  Optimizer:  sgd
  Weight dec: 0.0005 (on BN/bias=False)
  Backend:    mpi
  Algorithm:  ring_zfp_online_coll
  ZFP rate:   10
  Epochs:     10
  Batch/rank: 16
  LR:         0.1
  Scheduler:  cosine
  Warmup:     0
  Grad clip:  None
  Drop last:  True
  Data dir:   ./data
================================================================================

[Data] Train batches: 97, Val batches: 625

[Sched] cosine: steps/epoch=97, total_steps=970, warmup_steps=0 (0 epochs)


[Epoch 1] Training... (lr at epoch start=0.100000)
  Batch [50/97] Loss: 28.9028, Acc: 12.25%, lr: 0.099346
[Epoch 1] Train Loss: 18.5210, Acc: 12.05%  |  Val Loss: 589.5721, Acc: 10.00%  |  Time: 22.9s
[Epoch 1] t_iter median: 190.37 ms  (fwd 7.36 | bwd+comm 179.61 | opt 3.29 | data 0.07)  |  train-only epoch: 19.1s
  -> Best model saved (10.00%)
[Epoch 1] Summarizing hook timing...

[HOOK_TIMING_SUMMARY] epoch=1
[HOOK_WORK_SUMMARY] label=mpi:ring_zfp_online_coll:rate10 calls=762 work_total_ms=17052.960 work_mean_ms=22.379 work_min_ms=16.059 work_max_ms=88.411
[HOOK_TAIL_SUMMARY] label=mpi:ring_zfp_online_coll:rate10 steps=98 tail_total_ms=16192.046 tail_mean_ms=165.225 tail_min_ms=22.863 tail_max_ms=189.068
[Epoch 1] Hook timing summary done

[Epoch 2] Training... (lr at epoch start=0.097553)
  Batch [50/97] Loss: 6.7508, Acc: 14.88%, lr: 0.094440
[Epoch 2] Train Loss: 6.9664, Acc: 13.98%  |  Val Loss: 1957.7587, Acc: 10.00%  |  Time: 22.6s
[Epoch 2] t_iter median: 189.84 ms  (fwd 7.27 | bwd+comm 179.32 | opt 3.29 | data 0.07)  |  train-only epoch: 18.9s
[Epoch 2] Summarizing hook timing...

[HOOK_TIMING_SUMMARY] epoch=2
[HOOK_WORK_SUMMARY] label=mpi:ring_zfp_online_coll:rate10 calls=776 work_total_ms=17508.868 work_mean_ms=22.563 work_min_ms=16.094 work_max_ms=97.790
[HOOK_TAIL_SUMMARY] label=mpi:ring_zfp_online_coll:rate10 steps=97 tail_total_ms=16623.987 tail_mean_ms=171.381 tail_min_ms=158.217 tail_max_ms=235.663
[Epoch 2] Hook timing summary done

[Epoch 3] Training... (lr at epoch start=0.090451)
  Batch [50/97] Loss: 5.6945, Acc: 11.88%, lr: 0.085183
[Epoch 3] Train Loss: 5.6144, Acc: 12.76%  |  Val Loss: 43685.1854, Acc: 10.00%  |  Time: 22.2s
[Epoch 3] t_iter median: 189.48 ms  (fwd 7.18 | bwd+comm 179.06 | opt 3.27 | data 0.07)  |  train-only epoch: 18.6s
[Epoch 3] Summarizing hook timing...

[HOOK_TIMING_SUMMARY] epoch=3
[HOOK_WORK_SUMMARY] label=mpi:ring_zfp_online_coll:rate10 calls=776 work_total_ms=17306.383 work_mean_ms=22.302 work_min_ms=16.046 work_max_ms=56.517
[HOOK_TAIL_SUMMARY] label=mpi:ring_zfp_online_coll:rate10 steps=97 tail_total_ms=16452.760 tail_mean_ms=169.616 tail_min_ms=163.473 tail_max_ms=203.630
[Epoch 3] Hook timing summary done

[Epoch 4] Training... (lr at epoch start=0.079389)
  Batch [50/97] Loss: 4.8187, Acc: 13.50%, lr: 0.072483
[Epoch 4] Train Loss: 4.5028, Acc: 14.50%  |  Val Loss: 5039.4213, Acc: 9.99%  |  Time: 22.5s
[Epoch 4] t_iter median: 191.46 ms  (fwd 7.11 | bwd+comm 181.01 | opt 3.22 | data 0.06)  |  train-only epoch: 18.8s
[Epoch 4] Summarizing hook timing...

[HOOK_TIMING_SUMMARY] epoch=4
[HOOK_WORK_SUMMARY] label=mpi:ring_zfp_online_coll:rate10 calls=776 work_total_ms=17465.132 work_mean_ms=22.507 work_min_ms=15.977 work_max_ms=44.189
[HOOK_TAIL_SUMMARY] label=mpi:ring_zfp_online_coll:rate10 steps=97 tail_total_ms=16619.231 tail_mean_ms=171.332 tail_min_ms=166.808 tail_max_ms=206.811
[Epoch 4] Hook timing summary done

[Epoch 5] Training... (lr at epoch start=0.065451)
  Batch [50/97] Loss: 3.9140, Acc: 16.25%, lr: 0.057582
[Epoch 5] Train Loss: 3.7134, Acc: 16.82%  |  Val Loss: 24555.5013, Acc: 10.00%  |  Time: 22.5s
[Epoch 5] t_iter median: 189.87 ms  (fwd 7.26 | bwd+comm 179.05 | opt 3.39 | data 0.09)  |  train-only epoch: 18.6s
[Epoch 5] Summarizing hook timing...

[HOOK_TIMING_SUMMARY] epoch=5
[HOOK_WORK_SUMMARY] label=mpi:ring_zfp_online_coll:rate10 calls=776 work_total_ms=17206.048 work_mean_ms=22.173 work_min_ms=15.885 work_max_ms=31.659
[HOOK_TAIL_SUMMARY] label=mpi:ring_zfp_online_coll:rate10 steps=97 tail_total_ms=16325.936 tail_mean_ms=168.309 tail_min_ms=161.202 tail_max_ms=175.424
[Epoch 5] Hook timing summary done

[Epoch 6] Training... (lr at epoch start=0.050000)
  Batch [50/97] Loss: 2.9592, Acc: 19.00%, lr: 0.041938
[Epoch 6] Train Loss: 3.0604, Acc: 18.36%  |  Val Loss: 18102.4575, Acc: 10.00%  |  Time: 22.1s
[Epoch 6] t_iter median: 187.73 ms  (fwd 7.29 | bwd+comm 177.08 | opt 3.28 | data 0.07)  |  train-only epoch: 18.5s
[Epoch 6] Summarizing hook timing...

[HOOK_TIMING_SUMMARY] epoch=6
[HOOK_WORK_SUMMARY] label=mpi:ring_zfp_online_coll:rate10 calls=776 work_total_ms=17112.892 work_mean_ms=22.053 work_min_ms=15.901 work_max_ms=41.046
[HOOK_TAIL_SUMMARY] label=mpi:ring_zfp_online_coll:rate10 steps=97 tail_total_ms=16250.974 tail_mean_ms=167.536 tail_min_ms=161.284 tail_max_ms=202.658
[Epoch 6] Hook timing summary done

[Epoch 7] Training... (lr at epoch start=0.034549)
  Batch [50/97] Loss: 2.5180, Acc: 19.62%, lr: 0.027084
[Epoch 7] Train Loss: 2.4660, Acc: 21.01%  |  Val Loss: 15464.4675, Acc: 10.00%  |  Time: 22.2s
[Epoch 7] t_iter median: 188.06 ms  (fwd 7.18 | bwd+comm 177.55 | opt 3.22 | data 0.11)  |  train-only epoch: 18.5s
[Epoch 7] Summarizing hook timing...

[HOOK_TIMING_SUMMARY] epoch=7
[HOOK_WORK_SUMMARY] label=mpi:ring_zfp_online_coll:rate10 calls=776 work_total_ms=17206.851 work_mean_ms=22.174 work_min_ms=15.897 work_max_ms=42.994
[HOOK_TAIL_SUMMARY] label=mpi:ring_zfp_online_coll:rate10 steps=97 tail_total_ms=16363.077 tail_mean_ms=168.692 tail_min_ms=162.476 tail_max_ms=209.243
[Epoch 7] Hook timing summary done

[Epoch 8] Training... (lr at epoch start=0.020611)
  Batch [50/97] Loss: 2.2528, Acc: 21.38%, lr: 0.014473
[Epoch 8] Train Loss: 2.2196, Acc: 23.00%  |  Val Loss: 6441.8169, Acc: 10.00%  |  Time: 22.1s
[Epoch 8] t_iter median: 187.30 ms  (fwd 7.25 | bwd+comm 176.82 | opt 3.27 | data 0.10)  |  train-only epoch: 18.4s
[Epoch 8] Summarizing hook timing...

[HOOK_TIMING_SUMMARY] epoch=8
[HOOK_WORK_SUMMARY] label=mpi:ring_zfp_online_coll:rate10 calls=776 work_total_ms=17119.630 work_mean_ms=22.061 work_min_ms=15.853 work_max_ms=41.638
[HOOK_TAIL_SUMMARY] label=mpi:ring_zfp_online_coll:rate10 steps=97 tail_total_ms=16274.218 tail_mean_ms=167.775 tail_min_ms=160.489 tail_max_ms=205.758
[Epoch 8] Hook timing summary done

[Epoch 9] Training... (lr at epoch start=0.009549)
  Batch [50/97] Loss: 2.2072, Acc: 20.62%, lr: 0.005340
[Epoch 9] Train Loss: 2.1948, Acc: 20.81%  |  Val Loss: 2583.1842, Acc: 10.00%  |  Time: 22.2s
[Epoch 9] t_iter median: 188.48 ms  (fwd 7.24 | bwd+comm 177.89 | opt 3.22 | data 0.07)  |  train-only epoch: 18.5s
[Epoch 9] Summarizing hook timing...

[HOOK_TIMING_SUMMARY] epoch=9
[HOOK_WORK_SUMMARY] label=mpi:ring_zfp_online_coll:rate10 calls=776 work_total_ms=17225.900 work_mean_ms=22.198 work_min_ms=15.636 work_max_ms=37.254
[HOOK_TAIL_SUMMARY] label=mpi:ring_zfp_online_coll:rate10 steps=97 tail_total_ms=16392.769 tail_mean_ms=168.998 tail_min_ms=162.684 tail_max_ms=204.873
[Epoch 9] Hook timing summary done

[Epoch 10] Training... (lr at epoch start=0.002447)
  Batch [50/97] Loss: 2.1459, Acc: 23.25%, lr: 0.000578
[Epoch 10] Train Loss: 2.1440, Acc: 22.81%  |  Val Loss: 2.5145, Acc: 20.86%  |  Time: 22.3s
[Epoch 10] t_iter median: 188.65 ms  (fwd 7.28 | bwd+comm 178.35 | opt 3.27 | data 0.07)  |  train-only epoch: 18.5s
  -> Best model saved (20.86%)
[Epoch 10] Summarizing hook timing...

[HOOK_TIMING_SUMMARY] epoch=10
[HOOK_WORK_SUMMARY] label=mpi:ring_zfp_online_coll:rate10 calls=776 work_total_ms=17213.651 work_mean_ms=22.183 work_min_ms=15.741 work_max_ms=31.895
[HOOK_TAIL_SUMMARY] label=mpi:ring_zfp_online_coll:rate10 steps=97 tail_total_ms=16383.278 tail_mean_ms=168.900 tail_min_ms=162.775 tail_max_ms=201.178
[Epoch 10] Hook timing summary done

================================================================================
Done in 225.3s | Best val acc: 20.86%
Epoch times (train+val): mean=22.4s  min=22.1s  max=22.9s
Train-only epoch time (epochs 2..N): median=18.54s  min=18.45s  max=18.86s
  -> use this for STRONG scaling (fixed global batch)
  -> use t_iter_median_ms from the CSV for WEAK scaling (fixed local batch)
================================================================================
=== Finished training: model=wide_resnet50_2, dataset=cifar10, batch=16, lr=0.1, scheduler=cosine, backend=mpi, hook=ring_zfp_online_coll, zfp_rate=10, status=0 at Wed Jul 22 11:34:26 AM UTC 2026 ===
=== Starting training: model=wide_resnet50_2, dataset=cifar10, batch=16, lr=0.1, scheduler=cosine, backend=mpi, hook=recursive_doubling, zfp_rate=none at Wed Jul 22 11:34:26 AM UTC 2026 ===

================================================================================
DISTRIBUTED TRAINING LAUNCHER
================================================================================
  Model:      wide_resnet50_2 (CIFAR stem) (from scratch)
  Dataset:    cifar10 (10 classes)
  Image size: 32
  LR:         0.1
  Momentum:   0.9 (nesterov=True)
  Optimizer:  sgd
  Weight dec: 0.0005 (on BN/bias=False)
  Backend:    mpi
  Algorithm:  recursive_doubling
  Epochs:     10
  Batch/rank: 16
  LR:         0.1
  Scheduler:  cosine
  Warmup:     0
  Grad clip:  None
  Drop last:  True
  Data dir:   ./data
================================================================================


================================================================================
Distributed Training: WIDE_RESNET50_2 on CIFAR10
Backend: MPI, Algorithm: recursive_doubling
================================================================================
Ranks: 32, Epochs: 10, Batch/rank: 16, Effective batch: 512
LR: 0.1, Device: cuda:0

[Cache] Pretrained weights cache (TORCH_HOME) = ./data/pretrained_weights_cache
[Setup] Model on cuda:0, wrapped in DDP (static_graph=True)
[Setup] Hook registered: mpi/recursive_doubling
[Optim] SGD: lr=0.1 momentum=0.9 nesterov=True wd=0.0005 wd_on_bn_bias=False
[Optim]   group 0: 66,778,816 params, wd=0.0005
[Optim]   group 1: 68,234 params, wd=0.0

================================================================================
DISTRIBUTED TRAINING LAUNCHER
================================================================================
  Model:      wide_resnet50_2 (CIFAR stem) (from scratch)
  Dataset:    cifar10 (10 classes)
  Image size: 32
  LR:         0.1
  Momentum:   0.9 (nesterov=True)
  Optimizer:  sgd
  Weight dec: 0.0005 (on BN/bias=False)
  Backend:    mpi
  Algorithm:  recursive_doubling
  Epochs:     10
  Batch/rank: 16
  LR:         0.1
  Scheduler:  cosine
  Warmup:     0
  Grad clip:  None
  Drop last:  True
  Data dir:   ./data
================================================================================


================================================================================
DISTRIBUTED TRAINING LAUNCHER
================================================================================
  Model:      wide_resnet50_2 (CIFAR stem) (from scratch)
  Dataset:    cifar10 (10 classes)
  Image size: 32
  LR:         0.1
  Momentum:   0.9 (nesterov=True)
  Optimizer:  sgd
  Weight dec: 0.0005 (on BN/bias=False)
  Backend:    mpi
  Algorithm:  recursive_doubling
  Epochs:     10
  Batch/rank: 16
  LR:         0.1
  Scheduler:  cosine
  Warmup:     0
  Grad clip:  None
  Drop last:  True
  Data dir:   ./data
================================================================================

[Data] Train batches: 97, Val batches: 625

[Sched] cosine: steps/epoch=97, total_steps=970, warmup_steps=0 (0 epochs)


[Epoch 1] Training... (lr at epoch start=0.100000)

================================================================================
DISTRIBUTED TRAINING LAUNCHER
================================================================================
  Model:      wide_resnet50_2 (CIFAR stem) (from scratch)
  Dataset:    cifar10 (10 classes)
  Image size: 32
  LR:         0.1
  Momentum:   0.9 (nesterov=True)
  Optimizer:  sgd
  Weight dec: 0.0005 (on BN/bias=False)
  Backend:    mpi
  Algorithm:  recursive_doubling
  Epochs:     10
  Batch/rank: 16
  LR:         0.1
  Scheduler:  cosine
  Warmup:     0
  Grad clip:  None
  Drop last:  True
  Data dir:   ./data
================================================================================


================================================================================
DISTRIBUTED TRAINING LAUNCHER
================================================================================
  Model:      wide_resnet50_2 (CIFAR stem) (from scratch)
  Dataset:    cifar10 (10 classes)
  Image size: 32
  LR:         0.1
  Momentum:   0.9 (nesterov=True)
  Optimizer:  sgd
  Weight dec: 0.0005 (on BN/bias=False)
  Backend:    mpi
  Algorithm:  recursive_doubling
  Epochs:     10
  Batch/rank: 16
  LR:         0.1
  Scheduler:  cosine
  Warmup:     0
  Grad clip:  None
  Drop last:  True
  Data dir:   ./data
================================================================================


================================================================================
DISTRIBUTED TRAINING LAUNCHER
================================================================================
  Model:      wide_resnet50_2 (CIFAR stem) (from scratch)
  Dataset:    cifar10 (10 classes)
  Image size: 32
  LR:         0.1
  Momentum:   0.9 (nesterov=True)
  Optimizer:  sgd
  Weight dec: 0.0005 (on BN/bias=False)
  Backend:    mpi
  Algorithm:  recursive_doubling
  Epochs:     10
  Batch/rank: 16
  LR:         0.1
  Scheduler:  cosine
  Warmup:     0
  Grad clip:  None
  Drop last:  True
  Data dir:   ./data
================================================================================


================================================================================
DISTRIBUTED TRAINING LAUNCHER
================================================================================
  Model:      wide_resnet50_2 (CIFAR stem) (from scratch)
  Dataset:    cifar10 (10 classes)
  Image size: 32
  LR:         0.1
  Momentum:   0.9 (nesterov=True)
  Optimizer:  sgd
  Weight dec: 0.0005 (on BN/bias=False)
  Backend:    mpi
  Algorithm:  recursive_doubling
  Epochs:     10
  Batch/rank: 16
  LR:         0.1
  Scheduler:  cosine
  Warmup:     0
  Grad clip:  None
  Drop last:  True
  Data dir:   ./data
================================================================================


================================================================================
DISTRIBUTED TRAINING LAUNCHER
================================================================================
  Model:      wide_resnet50_2 (CIFAR stem) (from scratch)
  Dataset:    cifar10 (10 classes)
  Image size: 32
  LR:         0.1
  Momentum:   0.9 (nesterov=True)
  Optimizer:  sgd
  Weight dec: 0.0005 (on BN/bias=False)
  Backend:    mpi
  Algorithm:  recursive_doubling
  Epochs:     10
  Batch/rank: 16
  LR:         0.1
  Scheduler:  cosine
  Warmup:     0
  Grad clip:  None
  Drop last:  True
  Data dir:   ./data
================================================================================


================================================================================
DISTRIBUTED TRAINING LAUNCHER
================================================================================
  Model:      wide_resnet50_2 (CIFAR stem) (from scratch)
  Dataset:    cifar10 (10 classes)
  Image size: 32
  LR:         0.1
  Momentum:   0.9 (nesterov=True)
  Optimizer:  sgd
  Weight dec: 0.0005 (on BN/bias=False)
  Backend:    mpi
  Algorithm:  recursive_doubling
  Epochs:     10
  Batch/rank: 16
  LR:         0.1
  Scheduler:  cosine
  Warmup:     0
  Grad clip:  None
  Drop last:  True
  Data dir:   ./data
================================================================================


================================================================================
DISTRIBUTED TRAINING LAUNCHER
================================================================================
  Model:      wide_resnet50_2 (CIFAR stem) (from scratch)
  Dataset:    cifar10 (10 classes)
  Image size: 32
  LR:         0.1
  Momentum:   0.9 (nesterov=True)
  Optimizer:  sgd
  Weight dec: 0.0005 (on BN/bias=False)
  Backend:    mpi
  Algorithm:  recursive_doubling
  Epochs:     10
  Batch/rank: 16
  LR:         0.1
  Scheduler:  cosine
  Warmup:     0
  Grad clip:  None
  Drop last:  True
  Data dir:   ./data
================================================================================


================================================================================
DISTRIBUTED TRAINING LAUNCHER
================================================================================
  Model:      wide_resnet50_2 (CIFAR stem) (from scratch)
  Dataset:    cifar10 (10 classes)
  Image size: 32
  LR:         0.1
  Momentum:   0.9 (nesterov=True)
  Optimizer:  sgd
  Weight dec: 0.0005 (on BN/bias=False)
  Backend:    mpi
  Algorithm:  recursive_doubling
  Epochs:     10
  Batch/rank: 16
  LR:         0.1
  Scheduler:  cosine
  Warmup:     0
  Grad clip:  None
  Drop last:  True
  Data dir:   ./data
================================================================================


================================================================================
DISTRIBUTED TRAINING LAUNCHER
================================================================================
  Model:      wide_resnet50_2 (CIFAR stem) (from scratch)
  Dataset:    cifar10 (10 classes)
  Image size: 32
  LR:         0.1
  Momentum:   0.9 (nesterov=True)
  Optimizer:  sgd
  Weight dec: 0.0005 (on BN/bias=False)
  Backend:    mpi
  Algorithm:  recursive_doubling
  Epochs:     10
  Batch/rank: 16
  LR:         0.1
  Scheduler:  cosine
  Warmup:     0
  Grad clip:  None
  Drop last:  True
  Data dir:   ./data
================================================================================


================================================================================
DISTRIBUTED TRAINING LAUNCHER
================================================================================
  Model:      wide_resnet50_2 (CIFAR stem) (from scratch)
  Dataset:    cifar10 (10 classes)
  Image size: 32
  LR:         0.1
  Momentum:   0.9 (nesterov=True)
  Optimizer:  sgd
  Weight dec: 0.0005 (on BN/bias=False)
  Backend:    mpi
  Algorithm:  recursive_doubling
  Epochs:     10
  Batch/rank: 16
  LR:         0.1
  Scheduler:  cosine
  Warmup:     0
  Grad clip:  None
  Drop last:  True
  Data dir:   ./data
================================================================================


================================================================================
DISTRIBUTED TRAINING LAUNCHER
================================================================================
  Model:      wide_resnet50_2 (CIFAR stem) (from scratch)
  Dataset:    cifar10 (10 classes)
  Image size: 32
  LR:         0.1
  Momentum:   0.9 (nesterov=True)
  Optimizer:  sgd
  Weight dec: 0.0005 (on BN/bias=False)
  Backend:    mpi
  Algorithm:  recursive_doubling
  Epochs:     10
  Batch/rank: 16
  LR:         0.1
  Scheduler:  cosine
  Warmup:     0
  Grad clip:  None
  Drop last:  True
  Data dir:   ./data
================================================================================


================================================================================
DISTRIBUTED TRAINING LAUNCHER
================================================================================
  Model:      wide_resnet50_2 (CIFAR stem) (from scratch)
  Dataset:    cifar10 (10 classes)
  Image size: 32
  LR:         0.1
  Momentum:   0.9 (nesterov=True)
  Optimizer:  sgd
  Weight dec: 0.0005 (on BN/bias=False)
  Backend:    mpi
  Algorithm:  recursive_doubling
  Epochs:     10
  Batch/rank: 16
  LR:         0.1
  Scheduler:  cosine
  Warmup:     0
  Grad clip:  None
  Drop last:  True
  Data dir:   ./data
================================================================================


================================================================================
DISTRIBUTED TRAINING LAUNCHER
================================================================================
  Model:      wide_resnet50_2 (CIFAR stem) (from scratch)
  Dataset:    cifar10 (10 classes)
  Image size: 32
  LR:         0.1
  Momentum:   0.9 (nesterov=True)
  Optimizer:  sgd
  Weight dec: 0.0005 (on BN/bias=False)
  Backend:    mpi
  Algorithm:  recursive_doubling
  Epochs:     10
  Batch/rank: 16
  LR:         0.1
  Scheduler:  cosine
  Warmup:     0
  Grad clip:  None
  Drop last:  True
  Data dir:   ./data
================================================================================


================================================================================
DISTRIBUTED TRAINING LAUNCHER
================================================================================
  Model:      wide_resnet50_2 (CIFAR stem) (from scratch)
  Dataset:    cifar10 (10 classes)
  Image size: 32
  LR:         0.1
  Momentum:   0.9 (nesterov=True)
  Optimizer:  sgd
  Weight dec: 0.0005 (on BN/bias=False)
  Backend:    mpi
  Algorithm:  recursive_doubling
  Epochs:     10
  Batch/rank: 16
  LR:         0.1
  Scheduler:  cosine
  Warmup:     0
  Grad clip:  None
  Drop last:  True
  Data dir:   ./data
================================================================================


================================================================================
DISTRIBUTED TRAINING LAUNCHER
================================================================================
  Model:      wide_resnet50_2 (CIFAR stem) (from scratch)
  Dataset:    cifar10 (10 classes)
  Image size: 32
  LR:         0.1
  Momentum:   0.9 (nesterov=True)
  Optimizer:  sgd
  Weight dec: 0.0005 (on BN/bias=False)
  Backend:    mpi
  Algorithm:  recursive_doubling
  Epochs:     10
  Batch/rank: 16
  LR:         0.1
  Scheduler:  cosine
  Warmup:     0
  Grad clip:  None
  Drop last:  True
  Data dir:   ./data
================================================================================


================================================================================
DISTRIBUTED TRAINING LAUNCHER
================================================================================
  Model:      wide_resnet50_2 (CIFAR stem) (from scratch)
  Dataset:    cifar10 (10 classes)
  Image size: 32
  LR:         0.1
  Momentum:   0.9 (nesterov=True)
  Optimizer:  sgd
  Weight dec: 0.0005 (on BN/bias=False)
  Backend:    mpi
  Algorithm:  recursive_doubling
  Epochs:     10
  Batch/rank: 16
  LR:         0.1
  Scheduler:  cosine
  Warmup:     0
  Grad clip:  None
  Drop last:  True
  Data dir:   ./data
================================================================================


================================================================================
DISTRIBUTED TRAINING LAUNCHER
================================================================================
  Model:      wide_resnet50_2 (CIFAR stem) (from scratch)
  Dataset:    cifar10 (10 classes)
  Image size: 32
  LR:         0.1
  Momentum:   0.9 (nesterov=True)
  Optimizer:  sgd
  Weight dec: 0.0005 (on BN/bias=False)
  Backend:    mpi
  Algorithm:  recursive_doubling
  Epochs:     10
  Batch/rank: 16
  LR:         0.1
  Scheduler:  cosine
  Warmup:     0
  Grad clip:  None
  Drop last:  True
  Data dir:   ./data
================================================================================


================================================================================
DISTRIBUTED TRAINING LAUNCHER
================================================================================
  Model:      wide_resnet50_2 (CIFAR stem) (from scratch)
  Dataset:    cifar10 (10 classes)
  Image size: 32
  LR:         0.1
  Momentum:   0.9 (nesterov=True)
  Optimizer:  sgd
  Weight dec: 0.0005 (on BN/bias=False)
  Backend:    mpi
  Algorithm:  recursive_doubling
  Epochs:     10
  Batch/rank: 16
  LR:         0.1
  Scheduler:  cosine
  Warmup:     0
  Grad clip:  None
  Drop last:  True
  Data dir:   ./data
================================================================================


================================================================================
DISTRIBUTED TRAINING LAUNCHER
================================================================================
  Model:      wide_resnet50_2 (CIFAR stem) (from scratch)
  Dataset:    cifar10 (10 classes)
  Image size: 32
  LR:         0.1
  Momentum:   0.9 (nesterov=True)
  Optimizer:  sgd
  Weight dec: 0.0005 (on BN/bias=False)
  Backend:    mpi
  Algorithm:  recursive_doubling
  Epochs:     10
  Batch/rank: 16
  LR:         0.1
  Scheduler:  cosine
  Warmup:     0
  Grad clip:  None
  Drop last:  True
  Data dir:   ./data
================================================================================


================================================================================
DISTRIBUTED TRAINING LAUNCHER
================================================================================
  Model:      wide_resnet50_2 (CIFAR stem) (from scratch)
  Dataset:    cifar10 (10 classes)
  Image size: 32
  LR:         0.1
  Momentum:   0.9 (nesterov=True)
  Optimizer:  sgd
  Weight dec: 0.0005 (on BN/bias=False)
  Backend:    mpi
  Algorithm:  recursive_doubling
  Epochs:     10
  Batch/rank: 16
  LR:         0.1
  Scheduler:  cosine
  Warmup:     0
  Grad clip:  None
  Drop last:  True
  Data dir:   ./data
================================================================================


================================================================================
DISTRIBUTED TRAINING LAUNCHER
================================================================================
  Model:      wide_resnet50_2 (CIFAR stem) (from scratch)
  Dataset:    cifar10 (10 classes)
  Image size: 32
  LR:         0.1
  Momentum:   0.9 (nesterov=True)
  Optimizer:  sgd
  Weight dec: 0.0005 (on BN/bias=False)
  Backend:    mpi
  Algorithm:  recursive_doubling
  Epochs:     10
  Batch/rank: 16
  LR:         0.1
  Scheduler:  cosine
  Warmup:     0
  Grad clip:  None
  Drop last:  True
  Data dir:   ./data
================================================================================


================================================================================
DISTRIBUTED TRAINING LAUNCHER
================================================================================
  Model:      wide_resnet50_2 (CIFAR stem) (from scratch)
  Dataset:    cifar10 (10 classes)
  Image size: 32
  LR:         0.1
  Momentum:   0.9 (nesterov=True)
  Optimizer:  sgd
  Weight dec: 0.0005 (on BN/bias=False)
  Backend:    mpi
  Algorithm:  recursive_doubling
  Epochs:     10
  Batch/rank: 16
  LR:         0.1
  Scheduler:  cosine
  Warmup:     0
  Grad clip:  None
  Drop last:  True
  Data dir:   ./data
================================================================================


================================================================================
DISTRIBUTED TRAINING LAUNCHER
================================================================================
  Model:      wide_resnet50_2 (CIFAR stem) (from scratch)
  Dataset:    cifar10 (10 classes)
  Image size: 32
  LR:         0.1
  Momentum:   0.9 (nesterov=True)
  Optimizer:  sgd
  Weight dec: 0.0005 (on BN/bias=False)
  Backend:    mpi
  Algorithm:  recursive_doubling
  Epochs:     10
  Batch/rank: 16
  LR:         0.1
  Scheduler:  cosine
  Warmup:     0
  Grad clip:  None
  Drop last:  True
  Data dir:   ./data
================================================================================


================================================================================
DISTRIBUTED TRAINING LAUNCHER
================================================================================
  Model:      wide_resnet50_2 (CIFAR stem) (from scratch)
  Dataset:    cifar10 (10 classes)
  Image size: 32
  LR:         0.1
  Momentum:   0.9 (nesterov=True)
  Optimizer:  sgd
  Weight dec: 0.0005 (on BN/bias=False)
  Backend:    mpi
  Algorithm:  recursive_doubling
  Epochs:     10
  Batch/rank: 16
  LR:         0.1
  Scheduler:  cosine
  Warmup:     0
  Grad clip:  None
  Drop last:  True
  Data dir:   ./data
================================================================================


================================================================================
DISTRIBUTED TRAINING LAUNCHER
================================================================================
  Model:      wide_resnet50_2 (CIFAR stem) (from scratch)
  Dataset:    cifar10 (10 classes)
  Image size: 32
  LR:         0.1
  Momentum:   0.9 (nesterov=True)
  Optimizer:  sgd
  Weight dec: 0.0005 (on BN/bias=False)
  Backend:    mpi
  Algorithm:  recursive_doubling
  Epochs:     10
  Batch/rank: 16
  LR:         0.1
  Scheduler:  cosine
  Warmup:     0
  Grad clip:  None
  Drop last:  True
  Data dir:   ./data
================================================================================


================================================================================
DISTRIBUTED TRAINING LAUNCHER
================================================================================
  Model:      wide_resnet50_2 (CIFAR stem) (from scratch)
  Dataset:    cifar10 (10 classes)
  Image size: 32
  LR:         0.1
  Momentum:   0.9 (nesterov=True)
  Optimizer:  sgd
  Weight dec: 0.0005 (on BN/bias=False)
  Backend:    mpi
  Algorithm:  recursive_doubling
  Epochs:     10
  Batch/rank: 16
  LR:         0.1
  Scheduler:  cosine
  Warmup:     0
  Grad clip:  None
  Drop last:  True
  Data dir:   ./data
================================================================================


================================================================================
DISTRIBUTED TRAINING LAUNCHER
================================================================================
  Model:      wide_resnet50_2 (CIFAR stem) (from scratch)
  Dataset:    cifar10 (10 classes)
  Image size: 32
  LR:         0.1
  Momentum:   0.9 (nesterov=True)
  Optimizer:  sgd
  Weight dec: 0.0005 (on BN/bias=False)
  Backend:    mpi
  Algorithm:  recursive_doubling
  Epochs:     10
  Batch/rank: 16
  LR:         0.1
  Scheduler:  cosine
  Warmup:     0
  Grad clip:  None
  Drop last:  True
  Data dir:   ./data
================================================================================


================================================================================
DISTRIBUTED TRAINING LAUNCHER
================================================================================
  Model:      wide_resnet50_2 (CIFAR stem) (from scratch)
  Dataset:    cifar10 (10 classes)
  Image size: 32
  LR:         0.1
  Momentum:   0.9 (nesterov=True)
  Optimizer:  sgd
  Weight dec: 0.0005 (on BN/bias=False)
  Backend:    mpi
  Algorithm:  recursive_doubling
  Epochs:     10
  Batch/rank: 16
  LR:         0.1
  Scheduler:  cosine
  Warmup:     0
  Grad clip:  None
  Drop last:  True
  Data dir:   ./data
================================================================================


================================================================================
DISTRIBUTED TRAINING LAUNCHER
================================================================================
  Model:      wide_resnet50_2 (CIFAR stem) (from scratch)
  Dataset:    cifar10 (10 classes)
  Image size: 32
  LR:         0.1
  Momentum:   0.9 (nesterov=True)
  Optimizer:  sgd
  Weight dec: 0.0005 (on BN/bias=False)
  Backend:    mpi
  Algorithm:  recursive_doubling
  Epochs:     10
  Batch/rank: 16
  LR:         0.1
  Scheduler:  cosine
  Warmup:     0
  Grad clip:  None
  Drop last:  True
  Data dir:   ./data
================================================================================

  Batch [50/97] Loss: 6.8726, Acc: 9.75%, lr: 0.099346
[Epoch 1] Train Loss: 4.6805, Acc: 10.95%  |  Val Loss: 2.3522, Acc: 13.42%  |  Time: 25.1s
[Epoch 1] t_iter median: 210.68 ms  (fwd 7.32 | bwd+comm 200.00 | opt 3.26 | data 0.07)  |  train-only epoch: 21.4s
  -> Best model saved (13.42%)
[Epoch 1] Summarizing hook timing...

[HOOK_TIMING_SUMMARY] epoch=1
[HOOK_WORK_SUMMARY] label=mpi:recursive_doubling calls=762 work_total_ms=19391.792 work_mean_ms=25.449 work_min_ms=7.725 work_max_ms=335.844
[HOOK_TAIL_SUMMARY] label=mpi:recursive_doubling steps=98 tail_total_ms=18623.641 tail_mean_ms=190.037 tail_min_ms=18.054 tail_max_ms=336.992
[Epoch 1] Hook timing summary done

[Epoch 2] Training... (lr at epoch start=0.097553)
  Batch [50/97] Loss: 2.2600, Acc: 14.62%, lr: 0.094440
[Epoch 2] Train Loss: 2.2124, Acc: 17.20%  |  Val Loss: 2.1135, Acc: 20.22%  |  Time: 24.5s
[Epoch 2] t_iter median: 211.12 ms  (fwd 7.30 | bwd+comm 200.16 | opt 3.50 | data 0.11)  |  train-only epoch: 20.7s
  -> Best model saved (20.22%)
[Epoch 2] Summarizing hook timing...

[HOOK_TIMING_SUMMARY] epoch=2
[HOOK_WORK_SUMMARY] label=mpi:recursive_doubling calls=776 work_total_ms=19367.776 work_mean_ms=24.958 work_min_ms=7.557 work_max_ms=58.925
[HOOK_TAIL_SUMMARY] label=mpi:recursive_doubling steps=97 tail_total_ms=18549.977 tail_mean_ms=191.237 tail_min_ms=177.170 tail_max_ms=204.148
[Epoch 2] Hook timing summary done

[Epoch 3] Training... (lr at epoch start=0.090451)
  Batch [50/97] Loss: 2.1128, Acc: 21.25%, lr: 0.085183
[Epoch 3] Train Loss: 2.0899, Acc: 21.01%  |  Val Loss: 2.1159, Acc: 21.30%  |  Time: 24.4s
[Epoch 3] t_iter median: 210.49 ms  (fwd 7.35 | bwd+comm 199.44 | opt 3.50 | data 0.12)  |  train-only epoch: 20.7s
  -> Best model saved (21.30%)
[Epoch 3] Summarizing hook timing...

[HOOK_TIMING_SUMMARY] epoch=3
[HOOK_WORK_SUMMARY] label=mpi:recursive_doubling calls=776 work_total_ms=19301.229 work_mean_ms=24.873 work_min_ms=6.048 work_max_ms=60.164
[HOOK_TAIL_SUMMARY] label=mpi:recursive_doubling steps=97 tail_total_ms=18482.336 tail_mean_ms=190.540 tail_min_ms=180.540 tail_max_ms=201.933
[Epoch 3] Hook timing summary done

[Epoch 4] Training... (lr at epoch start=0.079389)
  Batch [50/97] Loss: 2.0253, Acc: 21.62%, lr: 0.072483
[Epoch 4] Train Loss: 2.0102, Acc: 21.71%  |  Val Loss: 2.0034, Acc: 24.99%  |  Time: 24.5s
[Epoch 4] t_iter median: 211.09 ms  (fwd 7.41 | bwd+comm 200.25 | opt 3.20 | data 0.11)  |  train-only epoch: 20.7s
  -> Best model saved (24.99%)
[Epoch 4] Summarizing hook timing...

[HOOK_TIMING_SUMMARY] epoch=4
[HOOK_WORK_SUMMARY] label=mpi:recursive_doubling calls=776 work_total_ms=19360.780 work_mean_ms=24.949 work_min_ms=6.955 work_max_ms=56.678
[HOOK_TAIL_SUMMARY] label=mpi:recursive_doubling steps=97 tail_total_ms=18577.751 tail_mean_ms=191.523 tail_min_ms=181.099 tail_max_ms=200.677
[Epoch 4] Hook timing summary done

[Epoch 5] Training... (lr at epoch start=0.065451)
  Batch [50/97] Loss: 2.0096, Acc: 23.88%, lr: 0.057582
[Epoch 5] Train Loss: 1.9558, Acc: 25.71%  |  Val Loss: 1.9672, Acc: 28.72%  |  Time: 24.5s
[Epoch 5] t_iter median: 211.80 ms  (fwd 7.25 | bwd+comm 201.23 | opt 3.25 | data 0.10)  |  train-only epoch: 20.7s
  -> Best model saved (28.72%)
[Epoch 5] Summarizing hook timing...

[HOOK_TIMING_SUMMARY] epoch=5
[HOOK_WORK_SUMMARY] label=mpi:recursive_doubling calls=776 work_total_ms=19420.691 work_mean_ms=25.027 work_min_ms=5.991 work_max_ms=59.571
[HOOK_TAIL_SUMMARY] label=mpi:recursive_doubling steps=97 tail_total_ms=18624.296 tail_mean_ms=192.003 tail_min_ms=180.891 tail_max_ms=202.445
[Epoch 5] Hook timing summary done

[Epoch 6] Training... (lr at epoch start=0.050000)
  Batch [50/97] Loss: 1.7877, Acc: 32.38%, lr: 0.041938
[Epoch 6] Train Loss: 1.7724, Acc: 32.80%  |  Val Loss: 1.9810, Acc: 33.36%  |  Time: 24.2s
[Epoch 6] t_iter median: 210.29 ms  (fwd 7.30 | bwd+comm 199.51 | opt 3.25 | data 0.10)  |  train-only epoch: 20.6s
  -> Best model saved (33.36%)
[Epoch 6] Summarizing hook timing...

[HOOK_TIMING_SUMMARY] epoch=6
[HOOK_WORK_SUMMARY] label=mpi:recursive_doubling calls=776 work_total_ms=19252.258 work_mean_ms=24.810 work_min_ms=7.146 work_max_ms=57.785
[HOOK_TAIL_SUMMARY] label=mpi:recursive_doubling steps=97 tail_total_ms=18465.237 tail_mean_ms=190.363 tail_min_ms=182.185 tail_max_ms=201.051
[Epoch 6] Hook timing summary done

[Epoch 7] Training... (lr at epoch start=0.034549)
  Batch [50/97] Loss: 1.7332, Acc: 33.00%, lr: 0.027084
[Epoch 7] Train Loss: 1.6978, Acc: 36.60%  |  Val Loss: 1.6668, Acc: 39.37%  |  Time: 24.3s
[Epoch 7] t_iter median: 210.38 ms  (fwd 7.26 | bwd+comm 199.74 | opt 3.50 | data 0.11)  |  train-only epoch: 20.6s
  -> Best model saved (39.37%)
[Epoch 7] Summarizing hook timing...

[HOOK_TIMING_SUMMARY] epoch=7
[HOOK_WORK_SUMMARY] label=mpi:recursive_doubling calls=776 work_total_ms=19251.617 work_mean_ms=24.809 work_min_ms=9.563 work_max_ms=59.020
[HOOK_TAIL_SUMMARY] label=mpi:recursive_doubling steps=97 tail_total_ms=18432.599 tail_mean_ms=190.027 tail_min_ms=177.991 tail_max_ms=199.883
[Epoch 7] Hook timing summary done

[Epoch 8] Training... (lr at epoch start=0.020611)
  Batch [50/97] Loss: 1.6089, Acc: 39.75%, lr: 0.014473
[Epoch 8] Train Loss: 1.5935, Acc: 40.66%  |  Val Loss: 1.8229, Acc: 41.70%  |  Time: 24.4s
[Epoch 8] t_iter median: 211.05 ms  (fwd 7.22 | bwd+comm 200.31 | opt 3.26 | data 0.07)  |  train-only epoch: 20.7s
  -> Best model saved (41.70%)
[Epoch 8] Summarizing hook timing...

[HOOK_TIMING_SUMMARY] epoch=8
[HOOK_WORK_SUMMARY] label=mpi:recursive_doubling calls=776 work_total_ms=19340.790 work_mean_ms=24.924 work_min_ms=6.566 work_max_ms=62.384
[HOOK_TAIL_SUMMARY] label=mpi:recursive_doubling steps=97 tail_total_ms=18532.514 tail_mean_ms=191.057 tail_min_ms=183.702 tail_max_ms=200.140
[Epoch 8] Hook timing summary done

[Epoch 9] Training... (lr at epoch start=0.009549)
  Batch [50/97] Loss: 1.5898, Acc: 38.38%, lr: 0.005340
[Epoch 9] Train Loss: 1.5689, Acc: 39.69%  |  Val Loss: 1.7179, Acc: 43.86%  |  Time: 24.4s
[Epoch 9] t_iter median: 211.50 ms  (fwd 7.23 | bwd+comm 200.92 | opt 3.25 | data 0.06)  |  train-only epoch: 20.7s
  -> Best model saved (43.86%)
[Epoch 9] Summarizing hook timing...

[HOOK_TIMING_SUMMARY] epoch=9
[HOOK_WORK_SUMMARY] label=mpi:recursive_doubling calls=776 work_total_ms=19384.225 work_mean_ms=24.980 work_min_ms=6.848 work_max_ms=57.659
[HOOK_TAIL_SUMMARY] label=mpi:recursive_doubling steps=97 tail_total_ms=18601.836 tail_mean_ms=191.772 tail_min_ms=177.945 tail_max_ms=202.270
[Epoch 9] Hook timing summary done

[Epoch 10] Training... (lr at epoch start=0.002447)
  Batch [50/97] Loss: 1.5445, Acc: 43.00%, lr: 0.000578
[Epoch 10] Train Loss: 1.5668, Acc: 42.59%  |  Val Loss: 1.7784, Acc: 43.82%  |  Time: 24.3s
[Epoch 10] t_iter median: 210.40 ms  (fwd 7.19 | bwd+comm 199.71 | opt 3.25 | data 0.09)  |  train-only epoch: 20.6s
[Epoch 10] Summarizing hook timing...

[HOOK_TIMING_SUMMARY] epoch=10
[HOOK_WORK_SUMMARY] label=mpi:recursive_doubling calls=776 work_total_ms=19312.278 work_mean_ms=24.887 work_min_ms=7.135 work_max_ms=65.453
[HOOK_TAIL_SUMMARY] label=mpi:recursive_doubling steps=97 tail_total_ms=18525.702 tail_mean_ms=190.987 tail_min_ms=182.133 tail_max_ms=200.794
[Epoch 10] Hook timing summary done

================================================================================
Done in 254.3s | Best val acc: 43.86%
Epoch times (train+val): mean=24.5s  min=24.2s  max=25.1s
Train-only epoch time (epochs 2..N): median=20.68s  min=20.57s  max=20.73s
  -> use this for STRONG scaling (fixed global batch)
  -> use t_iter_median_ms from the CSV for WEAK scaling (fixed local batch)
================================================================================
=== Finished training: model=wide_resnet50_2, dataset=cifar10, batch=16, lr=0.1, scheduler=cosine, backend=mpi, hook=recursive_doubling, zfp_rate=none, status=0 at Wed Jul 22 11:38:53 AM UTC 2026 ===
=== Starting training: model=wide_resnet50_2, dataset=cifar10, batch=16, lr=0.1, scheduler=cosine, backend=mpi, hook=recursive_doubling_zfp_naive, zfp_rate=16 at Wed Jul 22 11:38:53 AM UTC 2026 ===

================================================================================
DISTRIBUTED TRAINING LAUNCHER
================================================================================
  Model:      wide_resnet50_2 (CIFAR stem) (from scratch)
  Dataset:    cifar10 (10 classes)
  Image size: 32
  LR:         0.1
  Momentum:   0.9 (nesterov=True)
  Optimizer:  sgd
  Weight dec: 0.0005 (on BN/bias=False)
  Backend:    mpi
  Algorithm:  recursive_doubling_zfp_naive
  ZFP rate:   16
  Epochs:     10
  Batch/rank: 16
  LR:         0.1
  Scheduler:  cosine
  Warmup:     0
  Grad clip:  None
  Drop last:  True
  Data dir:   ./data
================================================================================


================================================================================
Distributed Training: WIDE_RESNET50_2 on CIFAR10
Backend: MPI, Algorithm: recursive_doubling_zfp_naive
================================================================================
Ranks: 32, Epochs: 10, Batch/rank: 16, Effective batch: 512
LR: 0.1, Device: cuda:0

[Cache] Pretrained weights cache (TORCH_HOME) = ./data/pretrained_weights_cache
[Setup] Model on cuda:0, wrapped in DDP (static_graph=True)
[Setup] Hook registered: mpi/recursive_doubling_zfp_naive
[Optim] SGD: lr=0.1 momentum=0.9 nesterov=True wd=0.0005 wd_on_bn_bias=False
[Optim]   group 0: 66,778,816 params, wd=0.0005
[Optim]   group 1: 68,234 params, wd=0.0

================================================================================
DISTRIBUTED TRAINING LAUNCHER
================================================================================
  Model:      wide_resnet50_2 (CIFAR stem) (from scratch)
  Dataset:    cifar10 (10 classes)
  Image size: 32
  LR:         0.1
  Momentum:   0.9 (nesterov=True)
  Optimizer:  sgd
  Weight dec: 0.0005 (on BN/bias=False)
  Backend:    mpi
  Algorithm:  recursive_doubling_zfp_naive
  ZFP rate:   16
  Epochs:     10
  Batch/rank: 16
  LR:         0.1
  Scheduler:  cosine
  Warmup:     0
  Grad clip:  None
  Drop last:  True
  Data dir:   ./data
================================================================================


================================================================================
DISTRIBUTED TRAINING LAUNCHER
================================================================================
  Model:      wide_resnet50_2 (CIFAR stem) (from scratch)
  Dataset:    cifar10 (10 classes)
  Image size: 32
  LR:         0.1
  Momentum:   0.9 (nesterov=True)
  Optimizer:  sgd
  Weight dec: 0.0005 (on BN/bias=False)
  Backend:    mpi
  Algorithm:  recursive_doubling_zfp_naive
  ZFP rate:   16
  Epochs:     10
  Batch/rank: 16
  LR:         0.1
  Scheduler:  cosine
  Warmup:     0
  Grad clip:  None
  Drop last:  True
  Data dir:   ./data
================================================================================


================================================================================
DISTRIBUTED TRAINING LAUNCHER
================================================================================
  Model:      wide_resnet50_2 (CIFAR stem) (from scratch)
  Dataset:    cifar10 (10 classes)
  Image size: 32
  LR:         0.1
  Momentum:   0.9 (nesterov=True)
  Optimizer:  sgd
  Weight dec: 0.0005 (on BN/bias=False)
  Backend:    mpi
  Algorithm:  recursive_doubling_zfp_naive
  ZFP rate:   16
  Epochs:     10
  Batch/rank: 16
  LR:         0.1
  Scheduler:  cosine
  Warmup:     0
  Grad clip:  None
  Drop last:  True
  Data dir:   ./data
================================================================================


================================================================================
DISTRIBUTED TRAINING LAUNCHER
================================================================================
  Model:      wide_resnet50_2 (CIFAR stem) (from scratch)
  Dataset:    cifar10 (10 classes)
  Image size: 32
  LR:         0.1
  Momentum:   0.9 (nesterov=True)
  Optimizer:  sgd
  Weight dec: 0.0005 (on BN/bias=False)
  Backend:    mpi
  Algorithm:  recursive_doubling_zfp_naive
  ZFP rate:   16
  Epochs:     10
  Batch/rank: 16
  LR:         0.1
  Scheduler:  cosine
  Warmup:     0
  Grad clip:  None
  Drop last:  True
  Data dir:   ./data
================================================================================


================================================================================
DISTRIBUTED TRAINING LAUNCHER
================================================================================
  Model:      wide_resnet50_2 (CIFAR stem) (from scratch)
  Dataset:    cifar10 (10 classes)
  Image size: 32
  LR:         0.1
  Momentum:   0.9 (nesterov=True)
  Optimizer:  sgd
  Weight dec: 0.0005 (on BN/bias=False)
  Backend:    mpi
  Algorithm:  recursive_doubling_zfp_naive
  ZFP rate:   16
  Epochs:     10
  Batch/rank: 16
  LR:         0.1
  Scheduler:  cosine
  Warmup:     0
  Grad clip:  None
  Drop last:  True
  Data dir:   ./data
================================================================================


================================================================================
DISTRIBUTED TRAINING LAUNCHER
================================================================================
  Model:      wide_resnet50_2 (CIFAR stem) (from scratch)
  Dataset:    cifar10 (10 classes)
  Image size: 32
  LR:         0.1
  Momentum:   0.9 (nesterov=True)
  Optimizer:  sgd
  Weight dec: 0.0005 (on BN/bias=False)
  Backend:    mpi
  Algorithm:  recursive_doubling_zfp_naive
  ZFP rate:   16
  Epochs:     10
  Batch/rank: 16
  LR:         0.1
  Scheduler:  cosine
  Warmup:     0
  Grad clip:  None
  Drop last:  True
  Data dir:   ./data
================================================================================


================================================================================
DISTRIBUTED TRAINING LAUNCHER
================================================================================
  Model:      wide_resnet50_2 (CIFAR stem) (from scratch)
  Dataset:    cifar10 (10 classes)
  Image size: 32
  LR:         0.1
  Momentum:   0.9 (nesterov=True)
  Optimizer:  sgd
  Weight dec: 0.0005 (on BN/bias=False)
  Backend:    mpi
  Algorithm:  recursive_doubling_zfp_naive
  ZFP rate:   16
  Epochs:     10
  Batch/rank: 16
  LR:         0.1
  Scheduler:  cosine
  Warmup:     0
  Grad clip:  None
  Drop last:  True
  Data dir:   ./data
================================================================================


================================================================================
DISTRIBUTED TRAINING LAUNCHER
================================================================================
  Model:      wide_resnet50_2 (CIFAR stem) (from scratch)
  Dataset:    cifar10 (10 classes)
  Image size: 32
  LR:         0.1
  Momentum:   0.9 (nesterov=True)
  Optimizer:  sgd
  Weight dec: 0.0005 (on BN/bias=False)
  Backend:    mpi
  Algorithm:  recursive_doubling_zfp_naive
  ZFP rate:   16
  Epochs:     10
  Batch/rank: 16
  LR:         0.1
  Scheduler:  cosine
  Warmup:     0
  Grad clip:  None
  Drop last:  True
  Data dir:   ./data
================================================================================


================================================================================
DISTRIBUTED TRAINING LAUNCHER
================================================================================
  Model:      wide_resnet50_2 (CIFAR stem) (from scratch)
  Dataset:    cifar10 (10 classes)
  Image size: 32
  LR:         0.1
  Momentum:   0.9 (nesterov=True)
  Optimizer:  sgd
  Weight dec: 0.0005 (on BN/bias=False)
  Backend:    mpi
  Algorithm:  recursive_doubling_zfp_naive
  ZFP rate:   16
  Epochs:     10
  Batch/rank: 16
  LR:         0.1
  Scheduler:  cosine
  Warmup:     0
  Grad clip:  None
  Drop last:  True
  Data dir:   ./data
================================================================================


================================================================================
DISTRIBUTED TRAINING LAUNCHER
================================================================================
  Model:      wide_resnet50_2 (CIFAR stem) (from scratch)
  Dataset:    cifar10 (10 classes)
  Image size: 32
  LR:         0.1
  Momentum:   0.9 (nesterov=True)
  Optimizer:  sgd
  Weight dec: 0.0005 (on BN/bias=False)
  Backend:    mpi
  Algorithm:  recursive_doubling_zfp_naive
  ZFP rate:   16
  Epochs:     10
  Batch/rank: 16
  LR:         0.1
  Scheduler:  cosine
  Warmup:     0
  Grad clip:  None
  Drop last:  True
  Data dir:   ./data
================================================================================


================================================================================
DISTRIBUTED TRAINING LAUNCHER
================================================================================
  Model:      wide_resnet50_2 (CIFAR stem) (from scratch)
  Dataset:    cifar10 (10 classes)
  Image size: 32
  LR:         0.1
  Momentum:   0.9 (nesterov=True)
  Optimizer:  sgd
  Weight dec: 0.0005 (on BN/bias=False)
  Backend:    mpi
  Algorithm:  recursive_doubling_zfp_naive
  ZFP rate:   16
  Epochs:     10
  Batch/rank: 16
  LR:         0.1
  Scheduler:  cosine
  Warmup:     0
  Grad clip:  None
  Drop last:  True
  Data dir:   ./data
================================================================================


================================================================================
DISTRIBUTED TRAINING LAUNCHER
================================================================================
  Model:      wide_resnet50_2 (CIFAR stem) (from scratch)
  Dataset:    cifar10 (10 classes)
  Image size: 32
  LR:         0.1
  Momentum:   0.9 (nesterov=True)
  Optimizer:  sgd
  Weight dec: 0.0005 (on BN/bias=False)
  Backend:    mpi
  Algorithm:  recursive_doubling_zfp_naive
  ZFP rate:   16
  Epochs:     10
  Batch/rank: 16
  LR:         0.1
  Scheduler:  cosine
  Warmup:     0
  Grad clip:  None
  Drop last:  True
  Data dir:   ./data
================================================================================


================================================================================
DISTRIBUTED TRAINING LAUNCHER
================================================================================
  Model:      wide_resnet50_2 (CIFAR stem) (from scratch)
  Dataset:    cifar10 (10 classes)
  Image size: 32
  LR:         0.1
  Momentum:   0.9 (nesterov=True)
  Optimizer:  sgd
  Weight dec: 0.0005 (on BN/bias=False)
  Backend:    mpi
  Algorithm:  recursive_doubling_zfp_naive
  ZFP rate:   16
  Epochs:     10
  Batch/rank: 16
  LR:         0.1
  Scheduler:  cosine
  Warmup:     0
  Grad clip:  None
  Drop last:  True
  Data dir:   ./data
================================================================================


================================================================================
DISTRIBUTED TRAINING LAUNCHER
================================================================================
  Model:      wide_resnet50_2 (CIFAR stem) (from scratch)
  Dataset:    cifar10 (10 classes)
  Image size: 32
  LR:         0.1
  Momentum:   0.9 (nesterov=True)
  Optimizer:  sgd
  Weight dec: 0.0005 (on BN/bias=False)
  Backend:    mpi
  Algorithm:  recursive_doubling_zfp_naive
  ZFP rate:   16
  Epochs:     10
  Batch/rank: 16
  LR:         0.1
  Scheduler:  cosine
  Warmup:     0
  Grad clip:  None
  Drop last:  True
  Data dir:   ./data
================================================================================


================================================================================
DISTRIBUTED TRAINING LAUNCHER
================================================================================
  Model:      wide_resnet50_2 (CIFAR stem) (from scratch)
  Dataset:    cifar10 (10 classes)
  Image size: 32
  LR:         0.1
  Momentum:   0.9 (nesterov=True)
  Optimizer:  sgd
  Weight dec: 0.0005 (on BN/bias=False)
  Backend:    mpi
  Algorithm:  recursive_doubling_zfp_naive
  ZFP rate:   16
  Epochs:     10
  Batch/rank: 16
  LR:         0.1
  Scheduler:  cosine
  Warmup:     0
  Grad clip:  None
  Drop last:  True
  Data dir:   ./data
================================================================================


================================================================================
DISTRIBUTED TRAINING LAUNCHER
================================================================================
  Model:      wide_resnet50_2 (CIFAR stem) (from scratch)
  Dataset:    cifar10 (10 classes)
  Image size: 32
  LR:         0.1
  Momentum:   0.9 (nesterov=True)
  Optimizer:  sgd
  Weight dec: 0.0005 (on BN/bias=False)
  Backend:    mpi
  Algorithm:  recursive_doubling_zfp_naive
  ZFP rate:   16
  Epochs:     10
  Batch/rank: 16
  LR:         0.1
  Scheduler:  cosine
  Warmup:     0
  Grad clip:  None
  Drop last:  True
  Data dir:   ./data
================================================================================


================================================================================
DISTRIBUTED TRAINING LAUNCHER
================================================================================
  Model:      wide_resnet50_2 (CIFAR stem) (from scratch)
  Dataset:    cifar10 (10 classes)
  Image size: 32
  LR:         0.1
  Momentum:   0.9 (nesterov=True)
  Optimizer:  sgd
  Weight dec: 0.0005 (on BN/bias=False)
  Backend:    mpi
  Algorithm:  recursive_doubling_zfp_naive
  ZFP rate:   16
  Epochs:     10
  Batch/rank: 16
  LR:         0.1
  Scheduler:  cosine
  Warmup:     0
  Grad clip:  None
  Drop last:  True
  Data dir:   ./data
================================================================================


================================================================================
DISTRIBUTED TRAINING LAUNCHER
================================================================================
  Model:      wide_resnet50_2 (CIFAR stem) (from scratch)
  Dataset:    cifar10 (10 classes)
  Image size: 32
  LR:         0.1
  Momentum:   0.9 (nesterov=True)
  Optimizer:  sgd
  Weight dec: 0.0005 (on BN/bias=False)
  Backend:    mpi
  Algorithm:  recursive_doubling_zfp_naive
  ZFP rate:   16
  Epochs:     10
  Batch/rank: 16
  LR:         0.1
  Scheduler:  cosine
  Warmup:     0
  Grad clip:  None
  Drop last:  True
  Data dir:   ./data
================================================================================


================================================================================
DISTRIBUTED TRAINING LAUNCHER
================================================================================
  Model:      wide_resnet50_2 (CIFAR stem) (from scratch)
  Dataset:    cifar10 (10 classes)
  Image size: 32
  LR:         0.1
  Momentum:   0.9 (nesterov=True)
  Optimizer:  sgd
  Weight dec: 0.0005 (on BN/bias=False)
  Backend:    mpi
  Algorithm:  recursive_doubling_zfp_naive
  ZFP rate:   16
  Epochs:     10
  Batch/rank: 16
  LR:         0.1
  Scheduler:  cosine
  Warmup:     0
  Grad clip:  None
  Drop last:  True
  Data dir:   ./data
================================================================================

[Data] Train batches: 97, Val batches: 625

[Sched] cosine: steps/epoch=97, total_steps=970, warmup_steps=0 (0 epochs)


[Epoch 1] Training... (lr at epoch start=0.100000)

================================================================================
DISTRIBUTED TRAINING LAUNCHER
================================================================================
  Model:      wide_resnet50_2 (CIFAR stem) (from scratch)
  Dataset:    cifar10 (10 classes)
  Image size: 32
  LR:         0.1
  Momentum:   0.9 (nesterov=True)
  Optimizer:  sgd
  Weight dec: 0.0005 (on BN/bias=False)
  Backend:    mpi
  Algorithm:  recursive_doubling_zfp_naive
  ZFP rate:   16
  Epochs:     10
  Batch/rank: 16
  LR:         0.1
  Scheduler:  cosine
  Warmup:     0
  Grad clip:  None
  Drop last:  True
  Data dir:   ./data
================================================================================


================================================================================
DISTRIBUTED TRAINING LAUNCHER
================================================================================
  Model:      wide_resnet50_2 (CIFAR stem) (from scratch)
  Dataset:    cifar10 (10 classes)
  Image size: 32
  LR:         0.1
  Momentum:   0.9 (nesterov=True)
  Optimizer:  sgd
  Weight dec: 0.0005 (on BN/bias=False)
  Backend:    mpi
  Algorithm:  recursive_doubling_zfp_naive
  ZFP rate:   16
  Epochs:     10
  Batch/rank: 16
  LR:         0.1
  Scheduler:  cosine
  Warmup:     0
  Grad clip:  None
  Drop last:  True
  Data dir:   ./data
================================================================================


================================================================================
DISTRIBUTED TRAINING LAUNCHER
================================================================================
  Model:      wide_resnet50_2 (CIFAR stem) (from scratch)
  Dataset:    cifar10 (10 classes)
  Image size: 32
  LR:         0.1
  Momentum:   0.9 (nesterov=True)
  Optimizer:  sgd
  Weight dec: 0.0005 (on BN/bias=False)
  Backend:    mpi
  Algorithm:  recursive_doubling_zfp_naive
  ZFP rate:   16
  Epochs:     10
  Batch/rank: 16
  LR:         0.1
  Scheduler:  cosine
  Warmup:     0
  Grad clip:  None
  Drop last:  True
  Data dir:   ./data
================================================================================


================================================================================
DISTRIBUTED TRAINING LAUNCHER
================================================================================
  Model:      wide_resnet50_2 (CIFAR stem) (from scratch)
  Dataset:    cifar10 (10 classes)
  Image size: 32
  LR:         0.1
  Momentum:   0.9 (nesterov=True)
  Optimizer:  sgd
  Weight dec: 0.0005 (on BN/bias=False)
  Backend:    mpi
  Algorithm:  recursive_doubling_zfp_naive
  ZFP rate:   16
  Epochs:     10
  Batch/rank: 16
  LR:         0.1
  Scheduler:  cosine
  Warmup:     0
  Grad clip:  None
  Drop last:  True
  Data dir:   ./data
================================================================================


================================================================================
DISTRIBUTED TRAINING LAUNCHER
================================================================================
  Model:      wide_resnet50_2 (CIFAR stem) (from scratch)
  Dataset:    cifar10 (10 classes)
  Image size: 32
  LR:         0.1
  Momentum:   0.9 (nesterov=True)
  Optimizer:  sgd
  Weight dec: 0.0005 (on BN/bias=False)
  Backend:    mpi
  Algorithm:  recursive_doubling_zfp_naive
  ZFP rate:   16
  Epochs:     10
  Batch/rank: 16
  LR:         0.1
  Scheduler:  cosine
  Warmup:     0
  Grad clip:  None
  Drop last:  True
  Data dir:   ./data
================================================================================


================================================================================
DISTRIBUTED TRAINING LAUNCHER
================================================================================
  Model:      wide_resnet50_2 (CIFAR stem) (from scratch)
  Dataset:    cifar10 (10 classes)
  Image size: 32
  LR:         0.1
  Momentum:   0.9 (nesterov=True)
  Optimizer:  sgd
  Weight dec: 0.0005 (on BN/bias=False)
  Backend:    mpi
  Algorithm:  recursive_doubling_zfp_naive
  ZFP rate:   16
  Epochs:     10
  Batch/rank: 16
  LR:         0.1
  Scheduler:  cosine
  Warmup:     0
  Grad clip:  None
  Drop last:  True
  Data dir:   ./data
================================================================================


================================================================================
DISTRIBUTED TRAINING LAUNCHER
================================================================================
  Model:      wide_resnet50_2 (CIFAR stem) (from scratch)
  Dataset:    cifar10 (10 classes)
  Image size: 32
  LR:         0.1
  Momentum:   0.9 (nesterov=True)
  Optimizer:  sgd
  Weight dec: 0.0005 (on BN/bias=False)
  Backend:    mpi
  Algorithm:  recursive_doubling_zfp_naive
  ZFP rate:   16
  Epochs:     10
  Batch/rank: 16
  LR:         0.1
  Scheduler:  cosine
  Warmup:     0
  Grad clip:  None
  Drop last:  True
  Data dir:   ./data
================================================================================


================================================================================
DISTRIBUTED TRAINING LAUNCHER
================================================================================
  Model:      wide_resnet50_2 (CIFAR stem) (from scratch)
  Dataset:    cifar10 (10 classes)
  Image size: 32
  LR:         0.1
  Momentum:   0.9 (nesterov=True)
  Optimizer:  sgd
  Weight dec: 0.0005 (on BN/bias=False)
  Backend:    mpi
  Algorithm:  recursive_doubling_zfp_naive
  ZFP rate:   16
  Epochs:     10
  Batch/rank: 16
  LR:         0.1
  Scheduler:  cosine
  Warmup:     0
  Grad clip:  None
  Drop last:  True
  Data dir:   ./data
================================================================================


================================================================================
DISTRIBUTED TRAINING LAUNCHER
================================================================================
  Model:      wide_resnet50_2 (CIFAR stem) (from scratch)
  Dataset:    cifar10 (10 classes)
  Image size: 32
  LR:         0.1
  Momentum:   0.9 (nesterov=True)
  Optimizer:  sgd
  Weight dec: 0.0005 (on BN/bias=False)
  Backend:    mpi
  Algorithm:  recursive_doubling_zfp_naive
  ZFP rate:   16
  Epochs:     10
  Batch/rank: 16
  LR:         0.1
  Scheduler:  cosine
  Warmup:     0
  Grad clip:  None
  Drop last:  True
  Data dir:   ./data
================================================================================


================================================================================
DISTRIBUTED TRAINING LAUNCHER
================================================================================
  Model:      wide_resnet50_2 (CIFAR stem) (from scratch)
  Dataset:    cifar10 (10 classes)
  Image size: 32
  LR:         0.1
  Momentum:   0.9 (nesterov=True)
  Optimizer:  sgd
  Weight dec: 0.0005 (on BN/bias=False)
  Backend:    mpi
  Algorithm:  recursive_doubling_zfp_naive
  ZFP rate:   16
  Epochs:     10
  Batch/rank: 16
  LR:         0.1
  Scheduler:  cosine
  Warmup:     0
  Grad clip:  None
  Drop last:  True
  Data dir:   ./data
================================================================================


================================================================================
DISTRIBUTED TRAINING LAUNCHER
================================================================================
  Model:      wide_resnet50_2 (CIFAR stem) (from scratch)
  Dataset:    cifar10 (10 classes)
  Image size: 32
  LR:         0.1
  Momentum:   0.9 (nesterov=True)
  Optimizer:  sgd
  Weight dec: 0.0005 (on BN/bias=False)
  Backend:    mpi
  Algorithm:  recursive_doubling_zfp_naive
  ZFP rate:   16
  Epochs:     10
  Batch/rank: 16
  LR:         0.1
  Scheduler:  cosine
  Warmup:     0
  Grad clip:  None
  Drop last:  True
  Data dir:   ./data
================================================================================


================================================================================
DISTRIBUTED TRAINING LAUNCHER
================================================================================
  Model:      wide_resnet50_2 (CIFAR stem) (from scratch)
  Dataset:    cifar10 (10 classes)
  Image size: 32
  LR:         0.1
  Momentum:   0.9 (nesterov=True)
  Optimizer:  sgd
  Weight dec: 0.0005 (on BN/bias=False)
  Backend:    mpi
  Algorithm:  recursive_doubling_zfp_naive
  ZFP rate:   16
  Epochs:     10
  Batch/rank: 16
  LR:         0.1
  Scheduler:  cosine
  Warmup:     0
  Grad clip:  None
  Drop last:  True
  Data dir:   ./data
================================================================================

  Batch [50/97] Loss: 8.2706, Acc: 11.00%, lr: 0.099346
[Epoch 1] Train Loss: 5.6687, Acc: 13.34%  |  Val Loss: 4.0569, Acc: 16.52%  |  Time: 16.8s
[Epoch 1] t_iter median: 126.50 ms  (fwd 7.15 | bwd+comm 116.07 | opt 3.30 | data 0.11)  |  train-only epoch: 13.2s
  -> Best model saved (16.52%)
[Epoch 1] Summarizing hook timing...

[HOOK_TIMING_SUMMARY] epoch=1
[HOOK_WORK_SUMMARY] label=mpi:recursive_doubling_zfp_naive:rate16 calls=762 work_total_ms=11089.470 work_mean_ms=14.553 work_min_ms=7.143 work_max_ms=123.650
[HOOK_TAIL_SUMMARY] label=mpi:recursive_doubling_zfp_naive:rate16 steps=98 tail_total_ms=10245.356 tail_mean_ms=104.544 tail_min_ms=12.333 tail_max_ms=125.229
[Epoch 1] Hook timing summary done

[Epoch 2] Training... (lr at epoch start=0.097553)
  Batch [50/97] Loss: 2.3269, Acc: 18.75%, lr: 0.094440
[Epoch 2] Train Loss: 2.3291, Acc: 19.07%  |  Val Loss: 2.1695, Acc: 19.30%  |  Time: 16.1s
[Epoch 2] t_iter median: 126.15 ms  (fwd 6.96 | bwd+comm 115.85 | opt 3.29 | data 0.07)  |  train-only epoch: 12.5s
  -> Best model saved (19.30%)
[Epoch 2] Summarizing hook timing...

[HOOK_TIMING_SUMMARY] epoch=2
[HOOK_WORK_SUMMARY] label=mpi:recursive_doubling_zfp_naive:rate16 calls=776 work_total_ms=11097.007 work_mean_ms=14.300 work_min_ms=6.655 work_max_ms=28.292
[HOOK_TAIL_SUMMARY] label=mpi:recursive_doubling_zfp_naive:rate16 steps=97 tail_total_ms=10236.659 tail_mean_ms=105.533 tail_min_ms=102.408 tail_max_ms=117.534
[Epoch 2] Hook timing summary done

[Epoch 3] Training... (lr at epoch start=0.090451)
  Batch [50/97] Loss: 2.1191, Acc: 22.38%, lr: 0.085183
[Epoch 3] Train Loss: 2.0968, Acc: 21.39%  |  Val Loss: 2.1061, Acc: 22.58%  |  Time: 16.1s
[Epoch 3] t_iter median: 126.56 ms  (fwd 6.90 | bwd+comm 116.26 | opt 3.26 | data 0.07)  |  train-only epoch: 12.5s
  -> Best model saved (22.58%)
[Epoch 3] Summarizing hook timing...

[HOOK_TIMING_SUMMARY] epoch=3
[HOOK_WORK_SUMMARY] label=mpi:recursive_doubling_zfp_naive:rate16 calls=776 work_total_ms=11154.076 work_mean_ms=14.374 work_min_ms=7.233 work_max_ms=28.194
[HOOK_TAIL_SUMMARY] label=mpi:recursive_doubling_zfp_naive:rate16 steps=97 tail_total_ms=10309.763 tail_mean_ms=106.286 tail_min_ms=103.030 tail_max_ms=121.084
[Epoch 3] Hook timing summary done

[Epoch 4] Training... (lr at epoch start=0.079389)
  Batch [50/97] Loss: 2.0744, Acc: 22.38%, lr: 0.072483
[Epoch 4] Train Loss: 2.0273, Acc: 23.45%  |  Val Loss: 2.1228, Acc: 25.48%  |  Time: 16.1s
[Epoch 4] t_iter median: 126.62 ms  (fwd 6.95 | bwd+comm 116.36 | opt 3.24 | data 0.07)  |  train-only epoch: 12.5s
  -> Best model saved (25.48%)
[Epoch 4] Summarizing hook timing...

[HOOK_TIMING_SUMMARY] epoch=4
[HOOK_WORK_SUMMARY] label=mpi:recursive_doubling_zfp_naive:rate16 calls=776 work_total_ms=11191.520 work_mean_ms=14.422 work_min_ms=6.043 work_max_ms=28.332
[HOOK_TAIL_SUMMARY] label=mpi:recursive_doubling_zfp_naive:rate16 steps=97 tail_total_ms=10377.855 tail_mean_ms=106.988 tail_min_ms=103.604 tail_max_ms=120.071
[Epoch 4] Hook timing summary done

[Epoch 5] Training... (lr at epoch start=0.065451)
  Batch [50/97] Loss: 2.0276, Acc: 21.62%, lr: 0.057582
[Epoch 5] Train Loss: 1.9686, Acc: 23.84%  |  Val Loss: 1.8491, Acc: 31.23%  |  Time: 16.1s
[Epoch 5] t_iter median: 126.54 ms  (fwd 7.01 | bwd+comm 116.04 | opt 3.48 | data 0.07)  |  train-only epoch: 12.5s
  -> Best model saved (31.23%)
[Epoch 5] Summarizing hook timing...

[HOOK_TIMING_SUMMARY] epoch=5
[HOOK_WORK_SUMMARY] label=mpi:recursive_doubling_zfp_naive:rate16 calls=776 work_total_ms=11125.680 work_mean_ms=14.337 work_min_ms=6.493 work_max_ms=28.678
[HOOK_TAIL_SUMMARY] label=mpi:recursive_doubling_zfp_naive:rate16 steps=97 tail_total_ms=10288.004 tail_mean_ms=106.062 tail_min_ms=102.793 tail_max_ms=118.316
[Epoch 5] Hook timing summary done

[Epoch 6] Training... (lr at epoch start=0.050000)
  Batch [50/97] Loss: 1.8268, Acc: 32.12%, lr: 0.041938
[Epoch 6] Train Loss: 1.7872, Acc: 33.25%  |  Val Loss: 1.7223, Acc: 36.58%  |  Time: 16.2s
[Epoch 6] t_iter median: 126.52 ms  (fwd 7.02 | bwd+comm 115.89 | opt 3.48 | data 0.11)  |  train-only epoch: 12.5s
  -> Best model saved (36.58%)
[Epoch 6] Summarizing hook timing...

[HOOK_TIMING_SUMMARY] epoch=6
[HOOK_WORK_SUMMARY] label=mpi:recursive_doubling_zfp_naive:rate16 calls=776 work_total_ms=11121.537 work_mean_ms=14.332 work_min_ms=6.069 work_max_ms=30.691
[HOOK_TAIL_SUMMARY] label=mpi:recursive_doubling_zfp_naive:rate16 steps=97 tail_total_ms=10283.905 tail_mean_ms=106.020 tail_min_ms=102.800 tail_max_ms=118.768
[Epoch 6] Hook timing summary done

[Epoch 7] Training... (lr at epoch start=0.034549)
  Batch [50/97] Loss: 1.7127, Acc: 34.12%, lr: 0.027084
[Epoch 7] Train Loss: 1.6880, Acc: 37.05%  |  Val Loss: 1.6973, Acc: 39.24%  |  Time: 16.2s
[Epoch 7] t_iter median: 126.76 ms  (fwd 6.94 | bwd+comm 116.49 | opt 3.24 | data 0.07)  |  train-only epoch: 12.5s
  -> Best model saved (39.24%)
[Epoch 7] Summarizing hook timing...

[HOOK_TIMING_SUMMARY] epoch=7
[HOOK_WORK_SUMMARY] label=mpi:recursive_doubling_zfp_naive:rate16 calls=776 work_total_ms=11199.604 work_mean_ms=14.432 work_min_ms=6.863 work_max_ms=28.214
[HOOK_TAIL_SUMMARY] label=mpi:recursive_doubling_zfp_naive:rate16 steps=97 tail_total_ms=10395.613 tail_mean_ms=107.171 tail_min_ms=104.636 tail_max_ms=120.992
[Epoch 7] Hook timing summary done

[Epoch 8] Training... (lr at epoch start=0.020611)
  Batch [50/97] Loss: 1.6236, Acc: 41.25%, lr: 0.014473
[Epoch 8] Train Loss: 1.5903, Acc: 43.11%  |  Val Loss: 1.5430, Acc: 44.18%  |  Time: 16.2s
[Epoch 8] t_iter median: 126.71 ms  (fwd 6.99 | bwd+comm 116.15 | opt 3.49 | data 0.07)  |  train-only epoch: 12.5s
  -> Best model saved (44.18%)
[Epoch 8] Summarizing hook timing...

[HOOK_TIMING_SUMMARY] epoch=8
[HOOK_WORK_SUMMARY] label=mpi:recursive_doubling_zfp_naive:rate16 calls=776 work_total_ms=11154.980 work_mean_ms=14.375 work_min_ms=6.739 work_max_ms=29.423
[HOOK_TAIL_SUMMARY] label=mpi:recursive_doubling_zfp_naive:rate16 steps=97 tail_total_ms=10312.904 tail_mean_ms=106.319 tail_min_ms=103.387 tail_max_ms=120.567
[Epoch 8] Hook timing summary done

[Epoch 9] Training... (lr at epoch start=0.009549)
  Batch [50/97] Loss: 1.5947, Acc: 41.25%, lr: 0.005340
[Epoch 9] Train Loss: 1.5828, Acc: 41.30%  |  Val Loss: 1.4890, Acc: 45.47%  |  Time: 16.1s
[Epoch 9] t_iter median: 126.60 ms  (fwd 6.96 | bwd+comm 116.04 | opt 3.48 | data 0.12)  |  train-only epoch: 12.5s
  -> Best model saved (45.47%)
[Epoch 9] Summarizing hook timing...

[HOOK_TIMING_SUMMARY] epoch=9
[HOOK_WORK_SUMMARY] label=mpi:recursive_doubling_zfp_naive:rate16 calls=776 work_total_ms=11148.153 work_mean_ms=14.366 work_min_ms=6.827 work_max_ms=29.729
[HOOK_TAIL_SUMMARY] label=mpi:recursive_doubling_zfp_naive:rate16 steps=97 tail_total_ms=10312.075 tail_mean_ms=106.310 tail_min_ms=102.330 tail_max_ms=119.125
[Epoch 9] Hook timing summary done

[Epoch 10] Training... (lr at epoch start=0.002447)
  Batch [50/97] Loss: 1.5349, Acc: 41.00%, lr: 0.000578
[Epoch 10] Train Loss: 1.5503, Acc: 41.24%  |  Val Loss: 1.4659, Acc: 45.61%  |  Time: 16.2s
[Epoch 10] t_iter median: 126.78 ms  (fwd 6.93 | bwd+comm 116.41 | opt 3.48 | data 0.11)  |  train-only epoch: 12.5s
  -> Best model saved (45.61%)
[Epoch 10] Summarizing hook timing...

[HOOK_TIMING_SUMMARY] epoch=10
[HOOK_WORK_SUMMARY] label=mpi:recursive_doubling_zfp_naive:rate16 calls=776 work_total_ms=11155.050 work_mean_ms=14.375 work_min_ms=6.825 work_max_ms=31.153
[HOOK_TAIL_SUMMARY] label=mpi:recursive_doubling_zfp_naive:rate16 steps=97 tail_total_ms=10310.207 tail_mean_ms=106.291 tail_min_ms=101.952 tail_max_ms=122.772
[Epoch 10] Hook timing summary done

================================================================================
Done in 172.2s | Best val acc: 45.61%
Epoch times (train+val): mean=16.2s  min=16.1s  max=16.8s
Train-only epoch time (epochs 2..N): median=12.51s  min=12.47s  max=12.54s
  -> use this for STRONG scaling (fixed global batch)
  -> use t_iter_median_ms from the CSV for WEAK scaling (fixed local batch)
================================================================================
=== Finished training: model=wide_resnet50_2, dataset=cifar10, batch=16, lr=0.1, scheduler=cosine, backend=mpi, hook=recursive_doubling_zfp_naive, zfp_rate=16, status=0 at Wed Jul 22 11:41:54 AM UTC 2026 ===
=== Starting training: model=wide_resnet50_2, dataset=cifar10, batch=16, lr=0.1, scheduler=cosine, backend=mpi, hook=recursive_doubling_zfp_online_coll, zfp_rate=16 at Wed Jul 22 11:41:54 AM UTC 2026 ===

================================================================================
DISTRIBUTED TRAINING LAUNCHER
================================================================================
  Model:      wide_resnet50_2 (CIFAR stem) (from scratch)
  Dataset:    cifar10 (10 classes)
  Image size: 32
  LR:         0.1
  Momentum:   0.9 (nesterov=True)
  Optimizer:  sgd
  Weight dec: 0.0005 (on BN/bias=False)
  Backend:    mpi
  Algorithm:  recursive_doubling_zfp_online_coll
  ZFP rate:   16
  Epochs:     10
  Batch/rank: 16
  LR:         0.1
  Scheduler:  cosine
  Warmup:     0
  Grad clip:  None
  Drop last:  True
  Data dir:   ./data
================================================================================


================================================================================
Distributed Training: WIDE_RESNET50_2 on CIFAR10
Backend: MPI, Algorithm: recursive_doubling_zfp_online_coll
================================================================================
Ranks: 32, Epochs: 10, Batch/rank: 16, Effective batch: 512
LR: 0.1, Device: cuda:0

[Cache] Pretrained weights cache (TORCH_HOME) = ./data/pretrained_weights_cache
[Setup] Model on cuda:0, wrapped in DDP (static_graph=True)
[Setup] Hook registered: mpi/recursive_doubling_zfp_online_coll
[Optim] SGD: lr=0.1 momentum=0.9 nesterov=True wd=0.0005 wd_on_bn_bias=False
[Optim]   group 0: 66,778,816 params, wd=0.0005
[Optim]   group 1: 68,234 params, wd=0.0

================================================================================
DISTRIBUTED TRAINING LAUNCHER
================================================================================
  Model:      wide_resnet50_2 (CIFAR stem) (from scratch)
  Dataset:    cifar10 (10 classes)
  Image size: 32
  LR:         0.1
  Momentum:   0.9 (nesterov=True)
  Optimizer:  sgd
  Weight dec: 0.0005 (on BN/bias=False)
  Backend:    mpi
  Algorithm:  recursive_doubling_zfp_online_coll
  ZFP rate:   16
  Epochs:     10
  Batch/rank: 16
  LR:         0.1
  Scheduler:  cosine
  Warmup:     0
  Grad clip:  None
  Drop last:  True
  Data dir:   ./data
================================================================================


================================================================================
DISTRIBUTED TRAINING LAUNCHER
================================================================================
  Model:      wide_resnet50_2 (CIFAR stem) (from scratch)
  Dataset:    cifar10 (10 classes)
  Image size: 32
  LR:         0.1
  Momentum:   0.9 (nesterov=True)
  Optimizer:  sgd
  Weight dec: 0.0005 (on BN/bias=False)
  Backend:    mpi
  Algorithm:  recursive_doubling_zfp_online_coll
  ZFP rate:   16
  Epochs:     10
  Batch/rank: 16
  LR:         0.1
  Scheduler:  cosine
  Warmup:     0
  Grad clip:  None
  Drop last:  True
  Data dir:   ./data
================================================================================


================================================================================
DISTRIBUTED TRAINING LAUNCHER
================================================================================
  Model:      wide_resnet50_2 (CIFAR stem) (from scratch)
  Dataset:    cifar10 (10 classes)
  Image size: 32
  LR:         0.1
  Momentum:   0.9 (nesterov=True)
  Optimizer:  sgd
  Weight dec: 0.0005 (on BN/bias=False)
  Backend:    mpi
  Algorithm:  recursive_doubling_zfp_online_coll
  ZFP rate:   16
  Epochs:     10
  Batch/rank: 16
  LR:         0.1
  Scheduler:  cosine
  Warmup:     0
  Grad clip:  None
  Drop last:  True
  Data dir:   ./data
================================================================================


================================================================================
DISTRIBUTED TRAINING LAUNCHER
================================================================================
  Model:      wide_resnet50_2 (CIFAR stem) (from scratch)
  Dataset:    cifar10 (10 classes)
  Image size: 32
  LR:         0.1
  Momentum:   0.9 (nesterov=True)
  Optimizer:  sgd
  Weight dec: 0.0005 (on BN/bias=False)
  Backend:    mpi
  Algorithm:  recursive_doubling_zfp_online_coll
  ZFP rate:   16
  Epochs:     10
  Batch/rank: 16
  LR:         0.1
  Scheduler:  cosine
  Warmup:     0
  Grad clip:  None
  Drop last:  True
  Data dir:   ./data
================================================================================


================================================================================
DISTRIBUTED TRAINING LAUNCHER
================================================================================
  Model:      wide_resnet50_2 (CIFAR stem) (from scratch)
  Dataset:    cifar10 (10 classes)
  Image size: 32
  LR:         0.1
  Momentum:   0.9 (nesterov=True)
  Optimizer:  sgd
  Weight dec: 0.0005 (on BN/bias=False)
  Backend:    mpi
  Algorithm:  recursive_doubling_zfp_online_coll
  ZFP rate:   16
  Epochs:     10
  Batch/rank: 16
  LR:         0.1
  Scheduler:  cosine
  Warmup:     0
  Grad clip:  None
  Drop last:  True
  Data dir:   ./data
================================================================================


================================================================================
DISTRIBUTED TRAINING LAUNCHER
================================================================================
  Model:      wide_resnet50_2 (CIFAR stem) (from scratch)
  Dataset:    cifar10 (10 classes)
  Image size: 32
  LR:         0.1
  Momentum:   0.9 (nesterov=True)
  Optimizer:  sgd
  Weight dec: 0.0005 (on BN/bias=False)
  Backend:    mpi
  Algorithm:  recursive_doubling_zfp_online_coll
  ZFP rate:   16
  Epochs:     10
  Batch/rank: 16
  LR:         0.1
  Scheduler:  cosine
  Warmup:     0
  Grad clip:  None
  Drop last:  True
  Data dir:   ./data
================================================================================


================================================================================
DISTRIBUTED TRAINING LAUNCHER
================================================================================
  Model:      wide_resnet50_2 (CIFAR stem) (from scratch)
  Dataset:    cifar10 (10 classes)
  Image size: 32
  LR:         0.1
  Momentum:   0.9 (nesterov=True)
  Optimizer:  sgd
  Weight dec: 0.0005 (on BN/bias=False)
  Backend:    mpi
  Algorithm:  recursive_doubling_zfp_online_coll
  ZFP rate:   16
  Epochs:     10
  Batch/rank: 16
  LR:         0.1
  Scheduler:  cosine
  Warmup:     0
  Grad clip:  None
  Drop last:  True
  Data dir:   ./data
================================================================================


================================================================================
DISTRIBUTED TRAINING LAUNCHER
================================================================================
  Model:      wide_resnet50_2 (CIFAR stem) (from scratch)
  Dataset:    cifar10 (10 classes)
  Image size: 32
  LR:         0.1
  Momentum:   0.9 (nesterov=True)
  Optimizer:  sgd
  Weight dec: 0.0005 (on BN/bias=False)
  Backend:    mpi
  Algorithm:  recursive_doubling_zfp_online_coll
  ZFP rate:   16
  Epochs:     10
  Batch/rank: 16
  LR:         0.1
  Scheduler:  cosine
  Warmup:     0
  Grad clip:  None
  Drop last:  True
  Data dir:   ./data
================================================================================


================================================================================
DISTRIBUTED TRAINING LAUNCHER
================================================================================
  Model:      wide_resnet50_2 (CIFAR stem) (from scratch)
  Dataset:    cifar10 (10 classes)
  Image size: 32
  LR:         0.1
  Momentum:   0.9 (nesterov=True)
  Optimizer:  sgd
  Weight dec: 0.0005 (on BN/bias=False)
  Backend:    mpi
  Algorithm:  recursive_doubling_zfp_online_coll
  ZFP rate:   16
  Epochs:     10
  Batch/rank: 16
  LR:         0.1
  Scheduler:  cosine
  Warmup:     0
  Grad clip:  None
  Drop last:  True
  Data dir:   ./data
================================================================================


================================================================================
DISTRIBUTED TRAINING LAUNCHER
================================================================================
  Model:      wide_resnet50_2 (CIFAR stem) (from scratch)
  Dataset:    cifar10 (10 classes)
  Image size: 32
  LR:         0.1
  Momentum:   0.9 (nesterov=True)
  Optimizer:  sgd
  Weight dec: 0.0005 (on BN/bias=False)
  Backend:    mpi
  Algorithm:  recursive_doubling_zfp_online_coll
  ZFP rate:   16
  Epochs:     10
  Batch/rank: 16
  LR:         0.1
  Scheduler:  cosine
  Warmup:     0
  Grad clip:  None
  Drop last:  True
  Data dir:   ./data
================================================================================


================================================================================
DISTRIBUTED TRAINING LAUNCHER
================================================================================
  Model:      wide_resnet50_2 (CIFAR stem) (from scratch)
  Dataset:    cifar10 (10 classes)
  Image size: 32
  LR:         0.1
  Momentum:   0.9 (nesterov=True)
  Optimizer:  sgd
  Weight dec: 0.0005 (on BN/bias=False)
  Backend:    mpi
  Algorithm:  recursive_doubling_zfp_online_coll
  ZFP rate:   16
  Epochs:     10
  Batch/rank: 16
  LR:         0.1
  Scheduler:  cosine
  Warmup:     0
  Grad clip:  None
  Drop last:  True
  Data dir:   ./data
================================================================================


================================================================================
DISTRIBUTED TRAINING LAUNCHER
================================================================================
  Model:      wide_resnet50_2 (CIFAR stem) (from scratch)
  Dataset:    cifar10 (10 classes)
  Image size: 32
  LR:         0.1
  Momentum:   0.9 (nesterov=True)
  Optimizer:  sgd
  Weight dec: 0.0005 (on BN/bias=False)
  Backend:    mpi
  Algorithm:  recursive_doubling_zfp_online_coll
  ZFP rate:   16
  Epochs:     10
  Batch/rank: 16
  LR:         0.1
  Scheduler:  cosine
  Warmup:     0
  Grad clip:  None
  Drop last:  True
  Data dir:   ./data
================================================================================


================================================================================
DISTRIBUTED TRAINING LAUNCHER
================================================================================
  Model:      wide_resnet50_2 (CIFAR stem) (from scratch)
  Dataset:    cifar10 (10 classes)
  Image size: 32
  LR:         0.1
  Momentum:   0.9 (nesterov=True)
  Optimizer:  sgd
  Weight dec: 0.0005 (on BN/bias=False)
  Backend:    mpi
  Algorithm:  recursive_doubling_zfp_online_coll
  ZFP rate:   16
  Epochs:     10
  Batch/rank: 16
  LR:         0.1
  Scheduler:  cosine
  Warmup:     0
  Grad clip:  None
  Drop last:  True
  Data dir:   ./data
================================================================================


================================================================================
DISTRIBUTED TRAINING LAUNCHER
================================================================================
  Model:      wide_resnet50_2 (CIFAR stem) (from scratch)
  Dataset:    cifar10 (10 classes)
  Image size: 32
  LR:         0.1
  Momentum:   0.9 (nesterov=True)
  Optimizer:  sgd
  Weight dec: 0.0005 (on BN/bias=False)
  Backend:    mpi
  Algorithm:  recursive_doubling_zfp_online_coll
  ZFP rate:   16
  Epochs:     10
  Batch/rank: 16
  LR:         0.1
  Scheduler:  cosine
  Warmup:     0
  Grad clip:  None
  Drop last:  True
  Data dir:   ./data
================================================================================


================================================================================
DISTRIBUTED TRAINING LAUNCHER
================================================================================
  Model:      wide_resnet50_2 (CIFAR stem) (from scratch)
  Dataset:    cifar10 (10 classes)
  Image size: 32
  LR:         0.1
  Momentum:   0.9 (nesterov=True)
  Optimizer:  sgd
  Weight dec: 0.0005 (on BN/bias=False)
  Backend:    mpi
  Algorithm:  recursive_doubling_zfp_online_coll
  ZFP rate:   16
  Epochs:     10
  Batch/rank: 16
  LR:         0.1
  Scheduler:  cosine
  Warmup:     0
  Grad clip:  None
  Drop last:  True
  Data dir:   ./data
================================================================================


================================================================================
DISTRIBUTED TRAINING LAUNCHER
================================================================================
  Model:      wide_resnet50_2 (CIFAR stem) (from scratch)
  Dataset:    cifar10 (10 classes)
  Image size: 32
  LR:         0.1
  Momentum:   0.9 (nesterov=True)
  Optimizer:  sgd
  Weight dec: 0.0005 (on BN/bias=False)
  Backend:    mpi
  Algorithm:  recursive_doubling_zfp_online_coll
  ZFP rate:   16
  Epochs:     10
  Batch/rank: 16
  LR:         0.1
  Scheduler:  cosine
  Warmup:     0
  Grad clip:  None
  Drop last:  True
  Data dir:   ./data
================================================================================

[Data] Train batches: 97, Val batches: 625

[Sched] cosine: steps/epoch=97, total_steps=970, warmup_steps=0 (0 epochs)


[Epoch 1] Training... (lr at epoch start=0.100000)

================================================================================
DISTRIBUTED TRAINING LAUNCHER
================================================================================
  Model:      wide_resnet50_2 (CIFAR stem) (from scratch)
  Dataset:    cifar10 (10 classes)
  Image size: 32
  LR:         0.1
  Momentum:   0.9 (nesterov=True)
  Optimizer:  sgd
  Weight dec: 0.0005 (on BN/bias=False)
  Backend:    mpi
  Algorithm:  recursive_doubling_zfp_online_coll
  ZFP rate:   16
  Epochs:     10
  Batch/rank: 16
  LR:         0.1
  Scheduler:  cosine
  Warmup:     0
  Grad clip:  None
  Drop last:  True
  Data dir:   ./data
================================================================================


================================================================================
DISTRIBUTED TRAINING LAUNCHER
================================================================================
  Model:      wide_resnet50_2 (CIFAR stem) (from scratch)
  Dataset:    cifar10 (10 classes)
  Image size: 32
  LR:         0.1
  Momentum:   0.9 (nesterov=True)
  Optimizer:  sgd
  Weight dec: 0.0005 (on BN/bias=False)
  Backend:    mpi
  Algorithm:  recursive_doubling_zfp_online_coll
  ZFP rate:   16
  Epochs:     10
  Batch/rank: 16
  LR:         0.1
  Scheduler:  cosine
  Warmup:     0
  Grad clip:  None
  Drop last:  True
  Data dir:   ./data
================================================================================


================================================================================
DISTRIBUTED TRAINING LAUNCHER
================================================================================
  Model:      wide_resnet50_2 (CIFAR stem) (from scratch)
  Dataset:    cifar10 (10 classes)
  Image size: 32
  LR:         0.1
  Momentum:   0.9 (nesterov=True)
  Optimizer:  sgd
  Weight dec: 0.0005 (on BN/bias=False)
  Backend:    mpi
  Algorithm:  recursive_doubling_zfp_online_coll
  ZFP rate:   16
  Epochs:     10
  Batch/rank: 16
  LR:         0.1
  Scheduler:  cosine
  Warmup:     0
  Grad clip:  None
  Drop last:  True
  Data dir:   ./data
================================================================================


================================================================================
DISTRIBUTED TRAINING LAUNCHER
================================================================================
  Model:      wide_resnet50_2 (CIFAR stem) (from scratch)
  Dataset:    cifar10 (10 classes)
  Image size: 32
  LR:         0.1
  Momentum:   0.9 (nesterov=True)
  Optimizer:  sgd
  Weight dec: 0.0005 (on BN/bias=False)
  Backend:    mpi
  Algorithm:  recursive_doubling_zfp_online_coll
  ZFP rate:   16
  Epochs:     10
  Batch/rank: 16
  LR:         0.1
  Scheduler:  cosine
  Warmup:     0
  Grad clip:  None
  Drop last:  True
  Data dir:   ./data
================================================================================


================================================================================
DISTRIBUTED TRAINING LAUNCHER
================================================================================
  Model:      wide_resnet50_2 (CIFAR stem) (from scratch)
  Dataset:    cifar10 (10 classes)
  Image size: 32
  LR:         0.1
  Momentum:   0.9 (nesterov=True)
  Optimizer:  sgd
  Weight dec: 0.0005 (on BN/bias=False)
  Backend:    mpi
  Algorithm:  recursive_doubling_zfp_online_coll
  ZFP rate:   16
  Epochs:     10
  Batch/rank: 16
  LR:         0.1
  Scheduler:  cosine
  Warmup:     0
  Grad clip:  None
  Drop last:  True
  Data dir:   ./data
================================================================================


================================================================================
DISTRIBUTED TRAINING LAUNCHER
================================================================================
  Model:      wide_resnet50_2 (CIFAR stem) (from scratch)
  Dataset:    cifar10 (10 classes)
  Image size: 32
  LR:         0.1
  Momentum:   0.9 (nesterov=True)
  Optimizer:  sgd
  Weight dec: 0.0005 (on BN/bias=False)
  Backend:    mpi
  Algorithm:  recursive_doubling_zfp_online_coll
  ZFP rate:   16
  Epochs:     10
  Batch/rank: 16
  LR:         0.1
  Scheduler:  cosine
  Warmup:     0
  Grad clip:  None
  Drop last:  True
  Data dir:   ./data
================================================================================


================================================================================
DISTRIBUTED TRAINING LAUNCHER
================================================================================
  Model:      wide_resnet50_2 (CIFAR stem) (from scratch)
  Dataset:    cifar10 (10 classes)
  Image size: 32
  LR:         0.1
  Momentum:   0.9 (nesterov=True)
  Optimizer:  sgd
  Weight dec: 0.0005 (on BN/bias=False)
  Backend:    mpi
  Algorithm:  recursive_doubling_zfp_online_coll
  ZFP rate:   16
  Epochs:     10
  Batch/rank: 16
  LR:         0.1
  Scheduler:  cosine
  Warmup:     0
  Grad clip:  None
  Drop last:  True
  Data dir:   ./data
================================================================================


================================================================================
DISTRIBUTED TRAINING LAUNCHER
================================================================================
  Model:      wide_resnet50_2 (CIFAR stem) (from scratch)
  Dataset:    cifar10 (10 classes)
  Image size: 32
  LR:         0.1
  Momentum:   0.9 (nesterov=True)
  Optimizer:  sgd
  Weight dec: 0.0005 (on BN/bias=False)
  Backend:    mpi
  Algorithm:  recursive_doubling_zfp_online_coll
  ZFP rate:   16
  Epochs:     10
  Batch/rank: 16
  LR:         0.1
  Scheduler:  cosine
  Warmup:     0
  Grad clip:  None
  Drop last:  True
  Data dir:   ./data
================================================================================


================================================================================
DISTRIBUTED TRAINING LAUNCHER
================================================================================
  Model:      wide_resnet50_2 (CIFAR stem) (from scratch)
  Dataset:    cifar10 (10 classes)
  Image size: 32
  LR:         0.1
  Momentum:   0.9 (nesterov=True)
  Optimizer:  sgd
  Weight dec: 0.0005 (on BN/bias=False)
  Backend:    mpi
  Algorithm:  recursive_doubling_zfp_online_coll
  ZFP rate:   16
  Epochs:     10
  Batch/rank: 16
  LR:         0.1
  Scheduler:  cosine
  Warmup:     0
  Grad clip:  None
  Drop last:  True
  Data dir:   ./data
================================================================================


================================================================================
DISTRIBUTED TRAINING LAUNCHER
================================================================================
  Model:      wide_resnet50_2 (CIFAR stem) (from scratch)
  Dataset:    cifar10 (10 classes)
  Image size: 32
  LR:         0.1
  Momentum:   0.9 (nesterov=True)
  Optimizer:  sgd
  Weight dec: 0.0005 (on BN/bias=False)
  Backend:    mpi
  Algorithm:  recursive_doubling_zfp_online_coll
  ZFP rate:   16
  Epochs:     10
  Batch/rank: 16
  LR:         0.1
  Scheduler:  cosine
  Warmup:     0
  Grad clip:  None
  Drop last:  True
  Data dir:   ./data
================================================================================


================================================================================
DISTRIBUTED TRAINING LAUNCHER
================================================================================
  Model:      wide_resnet50_2 (CIFAR stem) (from scratch)
  Dataset:    cifar10 (10 classes)
  Image size: 32
  LR:         0.1
  Momentum:   0.9 (nesterov=True)
  Optimizer:  sgd
  Weight dec: 0.0005 (on BN/bias=False)
  Backend:    mpi
  Algorithm:  recursive_doubling_zfp_online_coll
  ZFP rate:   16
  Epochs:     10
  Batch/rank: 16
  LR:         0.1
  Scheduler:  cosine
  Warmup:     0
  Grad clip:  None
  Drop last:  True
  Data dir:   ./data
================================================================================


================================================================================
DISTRIBUTED TRAINING LAUNCHER
================================================================================
  Model:      wide_resnet50_2 (CIFAR stem) (from scratch)
  Dataset:    cifar10 (10 classes)
  Image size: 32
  LR:         0.1
  Momentum:   0.9 (nesterov=True)
  Optimizer:  sgd
  Weight dec: 0.0005 (on BN/bias=False)
  Backend:    mpi
  Algorithm:  recursive_doubling_zfp_online_coll
  ZFP rate:   16
  Epochs:     10
  Batch/rank: 16
  LR:         0.1
  Scheduler:  cosine
  Warmup:     0
  Grad clip:  None
  Drop last:  True
  Data dir:   ./data
================================================================================


================================================================================
DISTRIBUTED TRAINING LAUNCHER
================================================================================
  Model:      wide_resnet50_2 (CIFAR stem) (from scratch)
  Dataset:    cifar10 (10 classes)
  Image size: 32
  LR:         0.1
  Momentum:   0.9 (nesterov=True)
  Optimizer:  sgd
  Weight dec: 0.0005 (on BN/bias=False)
  Backend:    mpi
  Algorithm:  recursive_doubling_zfp_online_coll
  ZFP rate:   16
  Epochs:     10
  Batch/rank: 16
  LR:         0.1
  Scheduler:  cosine
  Warmup:     0
  Grad clip:  None
  Drop last:  True
  Data dir:   ./data
================================================================================


================================================================================
DISTRIBUTED TRAINING LAUNCHER
================================================================================
  Model:      wide_resnet50_2 (CIFAR stem) (from scratch)
  Dataset:    cifar10 (10 classes)
  Image size: 32
  LR:         0.1
  Momentum:   0.9 (nesterov=True)
  Optimizer:  sgd
  Weight dec: 0.0005 (on BN/bias=False)
  Backend:    mpi
  Algorithm:  recursive_doubling_zfp_online_coll
  ZFP rate:   16
  Epochs:     10
  Batch/rank: 16
  LR:         0.1
  Scheduler:  cosine
  Warmup:     0
  Grad clip:  None
  Drop last:  True
  Data dir:   ./data
================================================================================


================================================================================
DISTRIBUTED TRAINING LAUNCHER
================================================================================
  Model:      wide_resnet50_2 (CIFAR stem) (from scratch)
  Dataset:    cifar10 (10 classes)
  Image size: 32
  LR:         0.1
  Momentum:   0.9 (nesterov=True)
  Optimizer:  sgd
  Weight dec: 0.0005 (on BN/bias=False)
  Backend:    mpi
  Algorithm:  recursive_doubling_zfp_online_coll
  ZFP rate:   16
  Epochs:     10
  Batch/rank: 16
  LR:         0.1
  Scheduler:  cosine
  Warmup:     0
  Grad clip:  None
  Drop last:  True
  Data dir:   ./data
================================================================================

  Batch [50/97] Loss: 21.7947, Acc: 10.38%, lr: 0.099346
[Epoch 1] Train Loss: 12.3745, Acc: 11.15%  |  Val Loss: 2.5130, Acc: 10.79%  |  Time: 20.9s
[Epoch 1] t_iter median: 168.02 ms  (fwd 7.34 | bwd+comm 157.01 | opt 3.50 | data 0.11)  |  train-only epoch: 17.2s
  -> Best model saved (10.79%)
[Epoch 1] Summarizing hook timing...

[HOOK_TIMING_SUMMARY] epoch=1
[HOOK_WORK_SUMMARY] label=mpi:recursive_doubling_zfp_online_coll:rate16 calls=762 work_total_ms=15076.910 work_mean_ms=19.786 work_min_ms=5.364 work_max_ms=149.494
[HOOK_TAIL_SUMMARY] label=mpi:recursive_doubling_zfp_online_coll:rate16 steps=98 tail_total_ms=14244.104 tail_mean_ms=145.348 tail_min_ms=7.871 tail_max_ms=161.217
[Epoch 1] Hook timing summary done

[Epoch 2] Training... (lr at epoch start=0.097553)
  Batch [50/97] Loss: 2.3494, Acc: 12.00%, lr: 0.094440
[Epoch 2] Train Loss: 2.3111, Acc: 10.82%  |  Val Loss: 2.4279, Acc: 11.89%  |  Time: 20.2s
[Epoch 2] t_iter median: 168.72 ms  (fwd 7.23 | bwd+comm 158.13 | opt 3.22 | data 0.07)  |  train-only epoch: 16.5s
  -> Best model saved (11.89%)
[Epoch 2] Summarizing hook timing...

[HOOK_TIMING_SUMMARY] epoch=2
[HOOK_WORK_SUMMARY] label=mpi:recursive_doubling_zfp_online_coll:rate16 calls=776 work_total_ms=15207.702 work_mean_ms=19.598 work_min_ms=4.691 work_max_ms=47.877
[HOOK_TAIL_SUMMARY] label=mpi:recursive_doubling_zfp_online_coll:rate16 steps=97 tail_total_ms=14386.940 tail_mean_ms=148.319 tail_min_ms=132.810 tail_max_ms=160.188
[Epoch 2] Hook timing summary done

[Epoch 3] Training... (lr at epoch start=0.090451)
  Batch [50/97] Loss: 2.2955, Acc: 13.75%, lr: 0.085183
[Epoch 3] Train Loss: 2.2961, Acc: 13.21%  |  Val Loss: 2.6450, Acc: 11.83%  |  Time: 20.2s
[Epoch 3] t_iter median: 168.38 ms  (fwd 7.26 | bwd+comm 157.57 | opt 3.51 | data 0.10)  |  train-only epoch: 16.4s
[Epoch 3] Summarizing hook timing...

[HOOK_TIMING_SUMMARY] epoch=3
[HOOK_WORK_SUMMARY] label=mpi:recursive_doubling_zfp_online_coll:rate16 calls=776 work_total_ms=15055.248 work_mean_ms=19.401 work_min_ms=5.158 work_max_ms=46.664
[HOOK_TAIL_SUMMARY] label=mpi:recursive_doubling_zfp_online_coll:rate16 steps=97 tail_total_ms=14193.606 tail_mean_ms=146.326 tail_min_ms=128.692 tail_max_ms=158.446
[Epoch 3] Hook timing summary done

[Epoch 4] Training... (lr at epoch start=0.079389)
  Batch [50/97] Loss: 2.2812, Acc: 12.75%, lr: 0.072483
[Epoch 4] Train Loss: 2.2816, Acc: 12.69%  |  Val Loss: 2.2873, Acc: 15.35%  |  Time: 20.1s
[Epoch 4] t_iter median: 167.79 ms  (fwd 7.25 | bwd+comm 156.82 | opt 3.51 | data 0.11)  |  train-only epoch: 16.5s
  -> Best model saved (15.35%)
[Epoch 4] Summarizing hook timing...

[HOOK_TIMING_SUMMARY] epoch=4
[HOOK_WORK_SUMMARY] label=mpi:recursive_doubling_zfp_online_coll:rate16 calls=776 work_total_ms=15093.623 work_mean_ms=19.451 work_min_ms=5.473 work_max_ms=48.690
[HOOK_TAIL_SUMMARY] label=mpi:recursive_doubling_zfp_online_coll:rate16 steps=97 tail_total_ms=14235.833 tail_mean_ms=146.761 tail_min_ms=127.635 tail_max_ms=162.110
[Epoch 4] Hook timing summary done

[Epoch 5] Training... (lr at epoch start=0.065451)
  Batch [50/97] Loss: 2.2731, Acc: 16.38%, lr: 0.057582
[Epoch 5] Train Loss: 2.2662, Acc: 15.46%  |  Val Loss: 2.2885, Acc: 16.43%  |  Time: 20.2s
[Epoch 5] t_iter median: 168.98 ms  (fwd 7.22 | bwd+comm 158.48 | opt 3.28 | data 0.07)  |  train-only epoch: 16.6s
  -> Best model saved (16.43%)
[Epoch 5] Summarizing hook timing...

[HOOK_TIMING_SUMMARY] epoch=5
[HOOK_WORK_SUMMARY] label=mpi:recursive_doubling_zfp_online_coll:rate16 calls=776 work_total_ms=15219.108 work_mean_ms=19.612 work_min_ms=5.388 work_max_ms=48.570
[HOOK_TAIL_SUMMARY] label=mpi:recursive_doubling_zfp_online_coll:rate16 steps=97 tail_total_ms=14363.671 tail_mean_ms=148.079 tail_min_ms=127.444 tail_max_ms=162.394
[Epoch 5] Hook timing summary done

[Epoch 6] Training... (lr at epoch start=0.050000)
  Batch [50/97] Loss: 2.2311, Acc: 15.25%, lr: 0.041938
[Epoch 6] Train Loss: 2.2368, Acc: 15.66%  |  Val Loss: 2.3157, Acc: 16.40%  |  Time: 20.2s
[Epoch 6] t_iter median: 167.47 ms  (fwd 7.21 | bwd+comm 156.88 | opt 3.27 | data 0.11)  |  train-only epoch: 16.5s
[Epoch 6] Summarizing hook timing...

[HOOK_TIMING_SUMMARY] epoch=6
[HOOK_WORK_SUMMARY] label=mpi:recursive_doubling_zfp_online_coll:rate16 calls=776 work_total_ms=15166.120 work_mean_ms=19.544 work_min_ms=5.612 work_max_ms=48.841
[HOOK_TAIL_SUMMARY] label=mpi:recursive_doubling_zfp_online_coll:rate16 steps=97 tail_total_ms=14320.091 tail_mean_ms=147.630 tail_min_ms=134.028 tail_max_ms=163.321
[Epoch 6] Hook timing summary done

[Epoch 7] Training... (lr at epoch start=0.034549)
  Batch [50/97] Loss: 2.2427, Acc: 15.88%, lr: 0.027084
[Epoch 7] Train Loss: 2.2095, Acc: 18.36%  |  Val Loss: 2.1958, Acc: 18.69%  |  Time: 20.3s
[Epoch 7] t_iter median: 168.93 ms  (fwd 7.17 | bwd+comm 158.49 | opt 3.51 | data 0.12)  |  train-only epoch: 16.6s
  -> Best model saved (18.69%)
[Epoch 7] Summarizing hook timing...

[HOOK_TIMING_SUMMARY] epoch=7
[HOOK_WORK_SUMMARY] label=mpi:recursive_doubling_zfp_online_coll:rate16 calls=776 work_total_ms=15226.057 work_mean_ms=19.621 work_min_ms=5.020 work_max_ms=49.519
[HOOK_TAIL_SUMMARY] label=mpi:recursive_doubling_zfp_online_coll:rate16 steps=97 tail_total_ms=14377.005 tail_mean_ms=148.217 tail_min_ms=129.783 tail_max_ms=158.687
[Epoch 7] Hook timing summary done

[Epoch 8] Training... (lr at epoch start=0.020611)
  Batch [50/97] Loss: 2.1918, Acc: 17.25%, lr: 0.014473
[Epoch 8] Train Loss: 2.1763, Acc: 19.01%  |  Val Loss: 2.1628, Acc: 18.60%  |  Time: 20.1s
[Epoch 8] t_iter median: 167.38 ms  (fwd 7.19 | bwd+comm 156.61 | opt 3.51 | data 0.07)  |  train-only epoch: 16.5s
[Epoch 8] Summarizing hook timing...

[HOOK_TIMING_SUMMARY] epoch=8
[HOOK_WORK_SUMMARY] label=mpi:recursive_doubling_zfp_online_coll:rate16 calls=776 work_total_ms=15100.810 work_mean_ms=19.460 work_min_ms=5.007 work_max_ms=47.926
[HOOK_TAIL_SUMMARY] label=mpi:recursive_doubling_zfp_online_coll:rate16 steps=97 tail_total_ms=14251.520 tail_mean_ms=146.923 tail_min_ms=133.757 tail_max_ms=161.569
[Epoch 8] Hook timing summary done

[Epoch 9] Training... (lr at epoch start=0.009549)
  Batch [50/97] Loss: 2.1873, Acc: 19.25%, lr: 0.005340
[Epoch 9] Train Loss: 2.1795, Acc: 19.14%  |  Val Loss: 2.1613, Acc: 18.57%  |  Time: 20.4s
[Epoch 9] t_iter median: 170.24 ms  (fwd 7.24 | bwd+comm 159.61 | opt 3.33 | data 0.11)  |  train-only epoch: 16.7s
[Epoch 9] Summarizing hook timing...

[HOOK_TIMING_SUMMARY] epoch=9
[HOOK_WORK_SUMMARY] label=mpi:recursive_doubling_zfp_online_coll:rate16 calls=776 work_total_ms=15303.054 work_mean_ms=19.720 work_min_ms=4.623 work_max_ms=48.936
[HOOK_TAIL_SUMMARY] label=mpi:recursive_doubling_zfp_online_coll:rate16 steps=97 tail_total_ms=14436.102 tail_mean_ms=148.826 tail_min_ms=131.777 tail_max_ms=166.187
[Epoch 9] Hook timing summary done

[Epoch 10] Training... (lr at epoch start=0.002447)
  Batch [50/97] Loss: 2.1548, Acc: 16.88%, lr: 0.000578
[Epoch 10] Train Loss: 2.1547, Acc: 18.88%  |  Val Loss: 2.1707, Acc: 18.67%  |  Time: 20.2s
[Epoch 10] t_iter median: 168.23 ms  (fwd 7.19 | bwd+comm 157.61 | opt 3.28 | data 0.07)  |  train-only epoch: 16.5s
[Epoch 10] Summarizing hook timing...

[HOOK_TIMING_SUMMARY] epoch=10
[HOOK_WORK_SUMMARY] label=mpi:recursive_doubling_zfp_online_coll:rate16 calls=776 work_total_ms=15158.552 work_mean_ms=19.534 work_min_ms=5.992 work_max_ms=50.906
[HOOK_TAIL_SUMMARY] label=mpi:recursive_doubling_zfp_online_coll:rate16 steps=97 tail_total_ms=14316.921 tail_mean_ms=147.597 tail_min_ms=124.989 tail_max_ms=162.325
[Epoch 10] Hook timing summary done

================================================================================
Done in 207.2s | Best val acc: 18.69%
Epoch times (train+val): mean=20.3s  min=20.1s  max=20.9s
Train-only epoch time (epochs 2..N): median=16.51s  min=16.42s  max=16.69s
  -> use this for STRONG scaling (fixed global batch)
  -> use t_iter_median_ms from the CSV for WEAK scaling (fixed local batch)
================================================================================
=== Finished training: model=wide_resnet50_2, dataset=cifar10, batch=16, lr=0.1, scheduler=cosine, backend=mpi, hook=recursive_doubling_zfp_online_coll, zfp_rate=16, status=0 at Wed Jul 22 11:45:31 AM UTC 2026 ===
=== Starting training: model=wide_resnet50_2, dataset=cifar10, batch=16, lr=0.1, scheduler=cosine, backend=mpi, hook=recursive_doubling_zfp_online_coll, zfp_rate=8 at Wed Jul 22 11:45:31 AM UTC 2026 ===

================================================================================
DISTRIBUTED TRAINING LAUNCHER
================================================================================
  Model:      wide_resnet50_2 (CIFAR stem) (from scratch)
  Dataset:    cifar10 (10 classes)
  Image size: 32
  LR:         0.1
  Momentum:   0.9 (nesterov=True)
  Optimizer:  sgd
  Weight dec: 0.0005 (on BN/bias=False)
  Backend:    mpi
  Algorithm:  recursive_doubling_zfp_online_coll
  ZFP rate:   8
  Epochs:     10
  Batch/rank: 16
  LR:         0.1
  Scheduler:  cosine
  Warmup:     0
  Grad clip:  None
  Drop last:  True
  Data dir:   ./data
================================================================================


================================================================================
Distributed Training: WIDE_RESNET50_2 on CIFAR10
Backend: MPI, Algorithm: recursive_doubling_zfp_online_coll
================================================================================
Ranks: 32, Epochs: 10, Batch/rank: 16, Effective batch: 512
LR: 0.1, Device: cuda:0

[Cache] Pretrained weights cache (TORCH_HOME) = ./data/pretrained_weights_cache
[Setup] Model on cuda:0, wrapped in DDP (static_graph=True)
[Setup] Hook registered: mpi/recursive_doubling_zfp_online_coll
[Optim] SGD: lr=0.1 momentum=0.9 nesterov=True wd=0.0005 wd_on_bn_bias=False
[Optim]   group 0: 66,778,816 params, wd=0.0005
[Optim]   group 1: 68,234 params, wd=0.0

================================================================================
DISTRIBUTED TRAINING LAUNCHER
================================================================================
  Model:      wide_resnet50_2 (CIFAR stem) (from scratch)
  Dataset:    cifar10 (10 classes)
  Image size: 32
  LR:         0.1
  Momentum:   0.9 (nesterov=True)
  Optimizer:  sgd
  Weight dec: 0.0005 (on BN/bias=False)
  Backend:    mpi
  Algorithm:  recursive_doubling_zfp_online_coll
  ZFP rate:   8
  Epochs:     10
  Batch/rank: 16
  LR:         0.1
  Scheduler:  cosine
  Warmup:     0
  Grad clip:  None
  Drop last:  True
  Data dir:   ./data
================================================================================


================================================================================
DISTRIBUTED TRAINING LAUNCHER
================================================================================
  Model:      wide_resnet50_2 (CIFAR stem) (from scratch)
  Dataset:    cifar10 (10 classes)
  Image size: 32
  LR:         0.1
  Momentum:   0.9 (nesterov=True)
  Optimizer:  sgd
  Weight dec: 0.0005 (on BN/bias=False)
  Backend:    mpi
  Algorithm:  recursive_doubling_zfp_online_coll
  ZFP rate:   8
  Epochs:     10
  Batch/rank: 16
  LR:         0.1
  Scheduler:  cosine
  Warmup:     0
  Grad clip:  None
  Drop last:  True
  Data dir:   ./data
================================================================================


================================================================================
DISTRIBUTED TRAINING LAUNCHER
================================================================================
  Model:      wide_resnet50_2 (CIFAR stem) (from scratch)
  Dataset:    cifar10 (10 classes)
  Image size: 32
  LR:         0.1
  Momentum:   0.9 (nesterov=True)
  Optimizer:  sgd
  Weight dec: 0.0005 (on BN/bias=False)
  Backend:    mpi
  Algorithm:  recursive_doubling_zfp_online_coll
  ZFP rate:   8
  Epochs:     10
  Batch/rank: 16
  LR:         0.1
  Scheduler:  cosine
  Warmup:     0
  Grad clip:  None
  Drop last:  True
  Data dir:   ./data
================================================================================


================================================================================
DISTRIBUTED TRAINING LAUNCHER
================================================================================
  Model:      wide_resnet50_2 (CIFAR stem) (from scratch)
  Dataset:    cifar10 (10 classes)
  Image size: 32
  LR:         0.1
  Momentum:   0.9 (nesterov=True)
  Optimizer:  sgd
  Weight dec: 0.0005 (on BN/bias=False)
  Backend:    mpi
  Algorithm:  recursive_doubling_zfp_online_coll
  ZFP rate:   8
  Epochs:     10
  Batch/rank: 16
  LR:         0.1
  Scheduler:  cosine
  Warmup:     0
  Grad clip:  None
  Drop last:  True
  Data dir:   ./data
================================================================================


================================================================================
DISTRIBUTED TRAINING LAUNCHER
================================================================================
  Model:      wide_resnet50_2 (CIFAR stem) (from scratch)
  Dataset:    cifar10 (10 classes)
  Image size: 32
  LR:         0.1
  Momentum:   0.9 (nesterov=True)
  Optimizer:  sgd
  Weight dec: 0.0005 (on BN/bias=False)
  Backend:    mpi
  Algorithm:  recursive_doubling_zfp_online_coll
  ZFP rate:   8
  Epochs:     10
  Batch/rank: 16
  LR:         0.1
  Scheduler:  cosine
  Warmup:     0
  Grad clip:  None
  Drop last:  True
  Data dir:   ./data
================================================================================


================================================================================
DISTRIBUTED TRAINING LAUNCHER
================================================================================
  Model:      wide_resnet50_2 (CIFAR stem) (from scratch)
  Dataset:    cifar10 (10 classes)
  Image size: 32
  LR:         0.1
  Momentum:   0.9 (nesterov=True)
  Optimizer:  sgd
  Weight dec: 0.0005 (on BN/bias=False)
  Backend:    mpi
  Algorithm:  recursive_doubling_zfp_online_coll
  ZFP rate:   8
  Epochs:     10
  Batch/rank: 16
  LR:         0.1
  Scheduler:  cosine
  Warmup:     0
  Grad clip:  None
  Drop last:  True
  Data dir:   ./data
================================================================================


================================================================================
DISTRIBUTED TRAINING LAUNCHER
================================================================================
  Model:      wide_resnet50_2 (CIFAR stem) (from scratch)
  Dataset:    cifar10 (10 classes)
  Image size: 32
  LR:         0.1
  Momentum:   0.9 (nesterov=True)
  Optimizer:  sgd
  Weight dec: 0.0005 (on BN/bias=False)
  Backend:    mpi
  Algorithm:  recursive_doubling_zfp_online_coll
  ZFP rate:   8
  Epochs:     10
  Batch/rank: 16
  LR:         0.1
  Scheduler:  cosine
  Warmup:     0
  Grad clip:  None
  Drop last:  True
  Data dir:   ./data
================================================================================


================================================================================
DISTRIBUTED TRAINING LAUNCHER
================================================================================
  Model:      wide_resnet50_2 (CIFAR stem) (from scratch)
  Dataset:    cifar10 (10 classes)
  Image size: 32
  LR:         0.1
  Momentum:   0.9 (nesterov=True)
  Optimizer:  sgd
  Weight dec: 0.0005 (on BN/bias=False)
  Backend:    mpi
  Algorithm:  recursive_doubling_zfp_online_coll
  ZFP rate:   8
  Epochs:     10
  Batch/rank: 16
  LR:         0.1
  Scheduler:  cosine
  Warmup:     0
  Grad clip:  None
  Drop last:  True
  Data dir:   ./data
================================================================================


================================================================================
DISTRIBUTED TRAINING LAUNCHER
================================================================================
  Model:      wide_resnet50_2 (CIFAR stem) (from scratch)
  Dataset:    cifar10 (10 classes)
  Image size: 32
  LR:         0.1
  Momentum:   0.9 (nesterov=True)
  Optimizer:  sgd
  Weight dec: 0.0005 (on BN/bias=False)
  Backend:    mpi
  Algorithm:  recursive_doubling_zfp_online_coll
  ZFP rate:   8
  Epochs:     10
  Batch/rank: 16
  LR:         0.1
  Scheduler:  cosine
  Warmup:     0
  Grad clip:  None
  Drop last:  True
  Data dir:   ./data
================================================================================


================================================================================
DISTRIBUTED TRAINING LAUNCHER
================================================================================
  Model:      wide_resnet50_2 (CIFAR stem) (from scratch)
  Dataset:    cifar10 (10 classes)
  Image size: 32
  LR:         0.1
  Momentum:   0.9 (nesterov=True)
  Optimizer:  sgd
  Weight dec: 0.0005 (on BN/bias=False)
  Backend:    mpi
  Algorithm:  recursive_doubling_zfp_online_coll
  ZFP rate:   8
  Epochs:     10
  Batch/rank: 16
  LR:         0.1
  Scheduler:  cosine
  Warmup:     0
  Grad clip:  None
  Drop last:  True
  Data dir:   ./data
================================================================================


================================================================================
DISTRIBUTED TRAINING LAUNCHER
================================================================================
  Model:      wide_resnet50_2 (CIFAR stem) (from scratch)
  Dataset:    cifar10 (10 classes)
  Image size: 32
  LR:         0.1
  Momentum:   0.9 (nesterov=True)
  Optimizer:  sgd
  Weight dec: 0.0005 (on BN/bias=False)
  Backend:    mpi
  Algorithm:  recursive_doubling_zfp_online_coll
  ZFP rate:   8
  Epochs:     10
  Batch/rank: 16
  LR:         0.1
  Scheduler:  cosine
  Warmup:     0
  Grad clip:  None
  Drop last:  True
  Data dir:   ./data
================================================================================

[Data] Train batches: 97, Val batches: 625

[Sched] cosine: steps/epoch=97, total_steps=970, warmup_steps=0 (0 epochs)


[Epoch 1] Training... (lr at epoch start=0.100000)

================================================================================
DISTRIBUTED TRAINING LAUNCHER
================================================================================
  Model:      wide_resnet50_2 (CIFAR stem) (from scratch)
  Dataset:    cifar10 (10 classes)
  Image size: 32
  LR:         0.1
  Momentum:   0.9 (nesterov=True)
  Optimizer:  sgd
  Weight dec: 0.0005 (on BN/bias=False)
  Backend:    mpi
  Algorithm:  recursive_doubling_zfp_online_coll
  ZFP rate:   8
  Epochs:     10
  Batch/rank: 16
  LR:         0.1
  Scheduler:  cosine
  Warmup:     0
  Grad clip:  None
  Drop last:  True
  Data dir:   ./data
================================================================================


================================================================================
DISTRIBUTED TRAINING LAUNCHER
================================================================================
  Model:      wide_resnet50_2 (CIFAR stem) (from scratch)
  Dataset:    cifar10 (10 classes)
  Image size: 32
  LR:         0.1
  Momentum:   0.9 (nesterov=True)
  Optimizer:  sgd
  Weight dec: 0.0005 (on BN/bias=False)
  Backend:    mpi
  Algorithm:  recursive_doubling_zfp_online_coll
  ZFP rate:   8
  Epochs:     10
  Batch/rank: 16
  LR:         0.1
  Scheduler:  cosine
  Warmup:     0
  Grad clip:  None
  Drop last:  True
  Data dir:   ./data
================================================================================


================================================================================
DISTRIBUTED TRAINING LAUNCHER
================================================================================
  Model:      wide_resnet50_2 (CIFAR stem) (from scratch)
  Dataset:    cifar10 (10 classes)
  Image size: 32
  LR:         0.1
  Momentum:   0.9 (nesterov=True)
  Optimizer:  sgd
  Weight dec: 0.0005 (on BN/bias=False)
  Backend:    mpi
  Algorithm:  recursive_doubling_zfp_online_coll
  ZFP rate:   8
  Epochs:     10
  Batch/rank: 16
  LR:         0.1
  Scheduler:  cosine
  Warmup:     0
  Grad clip:  None
  Drop last:  True
  Data dir:   ./data
================================================================================


================================================================================
DISTRIBUTED TRAINING LAUNCHER
================================================================================
  Model:      wide_resnet50_2 (CIFAR stem) (from scratch)
  Dataset:    cifar10 (10 classes)
  Image size: 32
  LR:         0.1
  Momentum:   0.9 (nesterov=True)
  Optimizer:  sgd
  Weight dec: 0.0005 (on BN/bias=False)
  Backend:    mpi
  Algorithm:  recursive_doubling_zfp_online_coll
  ZFP rate:   8
  Epochs:     10
  Batch/rank: 16
  LR:         0.1
  Scheduler:  cosine
  Warmup:     0
  Grad clip:  None
  Drop last:  True
  Data dir:   ./data
================================================================================


================================================================================
DISTRIBUTED TRAINING LAUNCHER
================================================================================
  Model:      wide_resnet50_2 (CIFAR stem) (from scratch)
  Dataset:    cifar10 (10 classes)
  Image size: 32
  LR:         0.1
  Momentum:   0.9 (nesterov=True)
  Optimizer:  sgd
  Weight dec: 0.0005 (on BN/bias=False)
  Backend:    mpi
  Algorithm:  recursive_doubling_zfp_online_coll
  ZFP rate:   8
  Epochs:     10
  Batch/rank: 16
  LR:         0.1
  Scheduler:  cosine
  Warmup:     0
  Grad clip:  None
  Drop last:  True
  Data dir:   ./data
================================================================================


================================================================================
DISTRIBUTED TRAINING LAUNCHER
================================================================================
  Model:      wide_resnet50_2 (CIFAR stem) (from scratch)
  Dataset:    cifar10 (10 classes)
  Image size: 32
  LR:         0.1
  Momentum:   0.9 (nesterov=True)
  Optimizer:  sgd
  Weight dec: 0.0005 (on BN/bias=False)
  Backend:    mpi
  Algorithm:  recursive_doubling_zfp_online_coll
  ZFP rate:   8
  Epochs:     10
  Batch/rank: 16
  LR:         0.1
  Scheduler:  cosine
  Warmup:     0
  Grad clip:  None
  Drop last:  True
  Data dir:   ./data
================================================================================


================================================================================
DISTRIBUTED TRAINING LAUNCHER
================================================================================
  Model:      wide_resnet50_2 (CIFAR stem) (from scratch)
  Dataset:    cifar10 (10 classes)
  Image size: 32
  LR:         0.1
  Momentum:   0.9 (nesterov=True)
  Optimizer:  sgd
  Weight dec: 0.0005 (on BN/bias=False)
  Backend:    mpi
  Algorithm:  recursive_doubling_zfp_online_coll
  ZFP rate:   8
  Epochs:     10
  Batch/rank: 16
  LR:         0.1
  Scheduler:  cosine
  Warmup:     0
  Grad clip:  None
  Drop last:  True
  Data dir:   ./data
================================================================================


================================================================================
DISTRIBUTED TRAINING LAUNCHER
================================================================================
  Model:      wide_resnet50_2 (CIFAR stem) (from scratch)
  Dataset:    cifar10 (10 classes)
  Image size: 32
  LR:         0.1
  Momentum:   0.9 (nesterov=True)
  Optimizer:  sgd
  Weight dec: 0.0005 (on BN/bias=False)
  Backend:    mpi
  Algorithm:  recursive_doubling_zfp_online_coll
  ZFP rate:   8
  Epochs:     10
  Batch/rank: 16
  LR:         0.1
  Scheduler:  cosine
  Warmup:     0
  Grad clip:  None
  Drop last:  True
  Data dir:   ./data
================================================================================


================================================================================
DISTRIBUTED TRAINING LAUNCHER
================================================================================
  Model:      wide_resnet50_2 (CIFAR stem) (from scratch)
  Dataset:    cifar10 (10 classes)
  Image size: 32
  LR:         0.1
  Momentum:   0.9 (nesterov=True)
  Optimizer:  sgd
  Weight dec: 0.0005 (on BN/bias=False)
  Backend:    mpi
  Algorithm:  recursive_doubling_zfp_online_coll
  ZFP rate:   8
  Epochs:     10
  Batch/rank: 16
  LR:         0.1
  Scheduler:  cosine
  Warmup:     0
  Grad clip:  None
  Drop last:  True
  Data dir:   ./data
================================================================================


================================================================================
DISTRIBUTED TRAINING LAUNCHER
================================================================================
  Model:      wide_resnet50_2 (CIFAR stem) (from scratch)
  Dataset:    cifar10 (10 classes)
  Image size: 32
  LR:         0.1
  Momentum:   0.9 (nesterov=True)
  Optimizer:  sgd
  Weight dec: 0.0005 (on BN/bias=False)
  Backend:    mpi
  Algorithm:  recursive_doubling_zfp_online_coll
  ZFP rate:   8
  Epochs:     10
  Batch/rank: 16
  LR:         0.1
  Scheduler:  cosine
  Warmup:     0
  Grad clip:  None
  Drop last:  True
  Data dir:   ./data
================================================================================


================================================================================
DISTRIBUTED TRAINING LAUNCHER
================================================================================
  Model:      wide_resnet50_2 (CIFAR stem) (from scratch)
  Dataset:    cifar10 (10 classes)
  Image size: 32
  LR:         0.1
  Momentum:   0.9 (nesterov=True)
  Optimizer:  sgd
  Weight dec: 0.0005 (on BN/bias=False)
  Backend:    mpi
  Algorithm:  recursive_doubling_zfp_online_coll
  ZFP rate:   8
  Epochs:     10
  Batch/rank: 16
  LR:         0.1
  Scheduler:  cosine
  Warmup:     0
  Grad clip:  None
  Drop last:  True
  Data dir:   ./data
================================================================================


================================================================================
DISTRIBUTED TRAINING LAUNCHER
================================================================================
  Model:      wide_resnet50_2 (CIFAR stem) (from scratch)
  Dataset:    cifar10 (10 classes)
  Image size: 32
  LR:         0.1
  Momentum:   0.9 (nesterov=True)
  Optimizer:  sgd
  Weight dec: 0.0005 (on BN/bias=False)
  Backend:    mpi
  Algorithm:  recursive_doubling_zfp_online_coll
  ZFP rate:   8
  Epochs:     10
  Batch/rank: 16
  LR:         0.1
  Scheduler:  cosine
  Warmup:     0
  Grad clip:  None
  Drop last:  True
  Data dir:   ./data
================================================================================


================================================================================
DISTRIBUTED TRAINING LAUNCHER
================================================================================
  Model:      wide_resnet50_2 (CIFAR stem) (from scratch)
  Dataset:    cifar10 (10 classes)
  Image size: 32
  LR:         0.1
  Momentum:   0.9 (nesterov=True)
  Optimizer:  sgd
  Weight dec: 0.0005 (on BN/bias=False)
  Backend:    mpi
  Algorithm:  recursive_doubling_zfp_online_coll
  ZFP rate:   8
  Epochs:     10
  Batch/rank: 16
  LR:         0.1
  Scheduler:  cosine
  Warmup:     0
  Grad clip:  None
  Drop last:  True
  Data dir:   ./data
================================================================================


================================================================================
DISTRIBUTED TRAINING LAUNCHER
================================================================================
  Model:      wide_resnet50_2 (CIFAR stem) (from scratch)
  Dataset:    cifar10 (10 classes)
  Image size: 32
  LR:         0.1
  Momentum:   0.9 (nesterov=True)
  Optimizer:  sgd
  Weight dec: 0.0005 (on BN/bias=False)
  Backend:    mpi
  Algorithm:  recursive_doubling_zfp_online_coll
  ZFP rate:   8
  Epochs:     10
  Batch/rank: 16
  LR:         0.1
  Scheduler:  cosine
  Warmup:     0
  Grad clip:  None
  Drop last:  True
  Data dir:   ./data
================================================================================


================================================================================
DISTRIBUTED TRAINING LAUNCHER
================================================================================
  Model:      wide_resnet50_2 (CIFAR stem) (from scratch)
  Dataset:    cifar10 (10 classes)
  Image size: 32
  LR:         0.1
  Momentum:   0.9 (nesterov=True)
  Optimizer:  sgd
  Weight dec: 0.0005 (on BN/bias=False)
  Backend:    mpi
  Algorithm:  recursive_doubling_zfp_online_coll
  ZFP rate:   8
  Epochs:     10
  Batch/rank: 16
  LR:         0.1
  Scheduler:  cosine
  Warmup:     0
  Grad clip:  None
  Drop last:  True
  Data dir:   ./data
================================================================================


================================================================================
DISTRIBUTED TRAINING LAUNCHER
================================================================================
  Model:      wide_resnet50_2 (CIFAR stem) (from scratch)
  Dataset:    cifar10 (10 classes)
  Image size: 32
  LR:         0.1
  Momentum:   0.9 (nesterov=True)
  Optimizer:  sgd
  Weight dec: 0.0005 (on BN/bias=False)
  Backend:    mpi
  Algorithm:  recursive_doubling_zfp_online_coll
  ZFP rate:   8
  Epochs:     10
  Batch/rank: 16
  LR:         0.1
  Scheduler:  cosine
  Warmup:     0
  Grad clip:  None
  Drop last:  True
  Data dir:   ./data
================================================================================


================================================================================
DISTRIBUTED TRAINING LAUNCHER
================================================================================
  Model:      wide_resnet50_2 (CIFAR stem) (from scratch)
  Dataset:    cifar10 (10 classes)
  Image size: 32
  LR:         0.1
  Momentum:   0.9 (nesterov=True)
  Optimizer:  sgd
  Weight dec: 0.0005 (on BN/bias=False)
  Backend:    mpi
  Algorithm:  recursive_doubling_zfp_online_coll
  ZFP rate:   8
  Epochs:     10
  Batch/rank: 16
  LR:         0.1
  Scheduler:  cosine
  Warmup:     0
  Grad clip:  None
  Drop last:  True
  Data dir:   ./data
================================================================================


================================================================================
DISTRIBUTED TRAINING LAUNCHER
================================================================================
  Model:      wide_resnet50_2 (CIFAR stem) (from scratch)
  Dataset:    cifar10 (10 classes)
  Image size: 32
  LR:         0.1
  Momentum:   0.9 (nesterov=True)
  Optimizer:  sgd
  Weight dec: 0.0005 (on BN/bias=False)
  Backend:    mpi
  Algorithm:  recursive_doubling_zfp_online_coll
  ZFP rate:   8
  Epochs:     10
  Batch/rank: 16
  LR:         0.1
  Scheduler:  cosine
  Warmup:     0
  Grad clip:  None
  Drop last:  True
  Data dir:   ./data
================================================================================


================================================================================
DISTRIBUTED TRAINING LAUNCHER
================================================================================
  Model:      wide_resnet50_2 (CIFAR stem) (from scratch)
  Dataset:    cifar10 (10 classes)
  Image size: 32
  LR:         0.1
  Momentum:   0.9 (nesterov=True)
  Optimizer:  sgd
  Weight dec: 0.0005 (on BN/bias=False)
  Backend:    mpi
  Algorithm:  recursive_doubling_zfp_online_coll
  ZFP rate:   8
  Epochs:     10
  Batch/rank: 16
  LR:         0.1
  Scheduler:  cosine
  Warmup:     0
  Grad clip:  None
  Drop last:  True
  Data dir:   ./data
================================================================================


================================================================================
DISTRIBUTED TRAINING LAUNCHER
================================================================================
  Model:      wide_resnet50_2 (CIFAR stem) (from scratch)
  Dataset:    cifar10 (10 classes)
  Image size: 32
  LR:         0.1
  Momentum:   0.9 (nesterov=True)
  Optimizer:  sgd
  Weight dec: 0.0005 (on BN/bias=False)
  Backend:    mpi
  Algorithm:  recursive_doubling_zfp_online_coll
  ZFP rate:   8
  Epochs:     10
  Batch/rank: 16
  LR:         0.1
  Scheduler:  cosine
  Warmup:     0
  Grad clip:  None
  Drop last:  True
  Data dir:   ./data
================================================================================

  Batch [50/97] Loss: 17.7999, Acc: 9.88%, lr: 0.099346
[Epoch 1] Train Loss: 10.3386, Acc: 10.05%  |  Val Loss: 2.3516, Acc: 10.34%  |  Time: 14.1s
[Epoch 1] t_iter median: 98.49 ms  (fwd 7.05 | bwd+comm 88.00 | opt 3.26 | data 0.07)  |  train-only epoch: 10.5s
  -> Best model saved (10.34%)
[Epoch 1] Summarizing hook timing...

[HOOK_TIMING_SUMMARY] epoch=1
[HOOK_WORK_SUMMARY] label=mpi:recursive_doubling_zfp_online_coll:rate8 calls=762 work_total_ms=8416.943 work_mean_ms=11.046 work_min_ms=3.888 work_max_ms=145.163
[HOOK_TAIL_SUMMARY] label=mpi:recursive_doubling_zfp_online_coll:rate8 steps=98 tail_total_ms=7556.348 tail_mean_ms=77.106 tail_min_ms=24.063 tail_max_ms=154.173
[Epoch 1] Hook timing summary done

[Epoch 2] Training... (lr at epoch start=0.097553)
  Batch [50/97] Loss: 2.3459, Acc: 11.12%, lr: 0.094440
[Epoch 2] Train Loss: 2.3470, Acc: 10.70%  |  Val Loss: 2.4193, Acc: 11.46%  |  Time: 13.3s
[Epoch 2] t_iter median: 98.08 ms  (fwd 6.90 | bwd+comm 87.79 | opt 3.28 | data 0.11)  |  train-only epoch: 9.6s
  -> Best model saved (11.46%)
[Epoch 2] Summarizing hook timing...

[HOOK_TIMING_SUMMARY] epoch=2
[HOOK_WORK_SUMMARY] label=mpi:recursive_doubling_zfp_online_coll:rate8 calls=776 work_total_ms=8320.300 work_mean_ms=10.722 work_min_ms=3.741 work_max_ms=26.175
[HOOK_TAIL_SUMMARY] label=mpi:recursive_doubling_zfp_online_coll:rate8 steps=97 tail_total_ms=7429.979 tail_mean_ms=76.598 tail_min_ms=65.154 tail_max_ms=86.040
[Epoch 2] Hook timing summary done

[Epoch 3] Training... (lr at epoch start=0.090451)
  Batch [50/97] Loss: 2.3432, Acc: 11.12%, lr: 0.085183
[Epoch 3] Train Loss: 2.3370, Acc: 12.05%  |  Val Loss: 2.3539, Acc: 11.61%  |  Time: 13.4s
[Epoch 3] t_iter median: 99.05 ms  (fwd 6.92 | bwd+comm 88.72 | opt 3.27 | data 0.07)  |  train-only epoch: 9.8s
  -> Best model saved (11.61%)
[Epoch 3] Summarizing hook timing...

[HOOK_TIMING_SUMMARY] epoch=3
[HOOK_WORK_SUMMARY] label=mpi:recursive_doubling_zfp_online_coll:rate8 calls=776 work_total_ms=8453.535 work_mean_ms=10.894 work_min_ms=3.923 work_max_ms=26.010
[HOOK_TAIL_SUMMARY] label=mpi:recursive_doubling_zfp_online_coll:rate8 steps=97 tail_total_ms=7568.700 tail_mean_ms=78.028 tail_min_ms=65.248 tail_max_ms=87.505
[Epoch 3] Hook timing summary done

[Epoch 4] Training... (lr at epoch start=0.079389)
  Batch [50/97] Loss: 2.3190, Acc: 12.75%, lr: 0.072483
[Epoch 4] Train Loss: 2.3100, Acc: 13.60%  |  Val Loss: 2.3421, Acc: 11.56%  |  Time: 13.5s
[Epoch 4] t_iter median: 100.10 ms  (fwd 7.03 | bwd+comm 89.59 | opt 3.29 | data 0.11)  |  train-only epoch: 9.8s
[Epoch 4] Summarizing hook timing...

[HOOK_TIMING_SUMMARY] epoch=4
[HOOK_WORK_SUMMARY] label=mpi:recursive_doubling_zfp_online_coll:rate8 calls=776 work_total_ms=8476.483 work_mean_ms=10.923 work_min_ms=3.902 work_max_ms=26.250
[HOOK_TAIL_SUMMARY] label=mpi:recursive_doubling_zfp_online_coll:rate8 steps=97 tail_total_ms=7592.353 tail_mean_ms=78.272 tail_min_ms=65.555 tail_max_ms=90.924
[Epoch 4] Hook timing summary done

[Epoch 5] Training... (lr at epoch start=0.065451)
  Batch [50/97] Loss: 2.2940, Acc: 14.62%, lr: 0.057582
[Epoch 5] Train Loss: 2.2931, Acc: 14.69%  |  Val Loss: 2.3655, Acc: 16.46%  |  Time: 13.5s
[Epoch 5] t_iter median: 99.69 ms  (fwd 6.98 | bwd+comm 89.25 | opt 3.34 | data 0.07)  |  train-only epoch: 9.8s
  -> Best model saved (16.46%)
[Epoch 5] Summarizing hook timing...

[HOOK_TIMING_SUMMARY] epoch=5
[HOOK_WORK_SUMMARY] label=mpi:recursive_doubling_zfp_online_coll:rate8 calls=776 work_total_ms=8446.437 work_mean_ms=10.885 work_min_ms=4.000 work_max_ms=27.370
[HOOK_TAIL_SUMMARY] label=mpi:recursive_doubling_zfp_online_coll:rate8 steps=97 tail_total_ms=7562.372 tail_mean_ms=77.963 tail_min_ms=64.381 tail_max_ms=100.753
[Epoch 5] Hook timing summary done

[Epoch 6] Training... (lr at epoch start=0.050000)
  Batch [50/97] Loss: 2.2741, Acc: 18.50%, lr: 0.041938
[Epoch 6] Train Loss: 2.2606, Acc: 16.82%  |  Val Loss: 2.2574, Acc: 16.51%  |  Time: 13.5s
[Epoch 6] t_iter median: 99.79 ms  (fwd 7.05 | bwd+comm 89.26 | opt 3.29 | data 0.11)  |  train-only epoch: 9.8s
  -> Best model saved (16.51%)
[Epoch 6] Summarizing hook timing...

[HOOK_TIMING_SUMMARY] epoch=6
[HOOK_WORK_SUMMARY] label=mpi:recursive_doubling_zfp_online_coll:rate8 calls=776 work_total_ms=8464.119 work_mean_ms=10.907 work_min_ms=3.734 work_max_ms=26.240
[HOOK_TAIL_SUMMARY] label=mpi:recursive_doubling_zfp_online_coll:rate8 steps=97 tail_total_ms=7574.554 tail_mean_ms=78.088 tail_min_ms=66.776 tail_max_ms=88.295
[Epoch 6] Hook timing summary done

[Epoch 7] Training... (lr at epoch start=0.034549)
  Batch [50/97] Loss: 2.2463, Acc: 16.88%, lr: 0.027084
[Epoch 7] Train Loss: 2.2369, Acc: 16.56%  |  Val Loss: 2.2211, Acc: 17.39%  |  Time: 13.4s
[Epoch 7] t_iter median: 99.01 ms  (fwd 6.99 | bwd+comm 88.72 | opt 3.24 | data 0.11)  |  train-only epoch: 9.8s
  -> Best model saved (17.39%)
[Epoch 7] Summarizing hook timing...

[HOOK_TIMING_SUMMARY] epoch=7
[HOOK_WORK_SUMMARY] label=mpi:recursive_doubling_zfp_online_coll:rate8 calls=776 work_total_ms=8446.534 work_mean_ms=10.885 work_min_ms=3.552 work_max_ms=27.360
[HOOK_TAIL_SUMMARY] label=mpi:recursive_doubling_zfp_online_coll:rate8 steps=97 tail_total_ms=7609.899 tail_mean_ms=78.453 tail_min_ms=66.928 tail_max_ms=89.781
[Epoch 7] Hook timing summary done

[Epoch 8] Training... (lr at epoch start=0.020611)
  Batch [50/97] Loss: 2.2407, Acc: 16.12%, lr: 0.014473
[Epoch 8] Train Loss: 2.2171, Acc: 17.85%  |  Val Loss: 2.2535, Acc: 17.64%  |  Time: 13.5s
[Epoch 8] t_iter median: 100.16 ms  (fwd 7.03 | bwd+comm 89.50 | opt 3.48 | data 0.07)  |  train-only epoch: 9.8s
  -> Best model saved (17.64%)
[Epoch 8] Summarizing hook timing...

[HOOK_TIMING_SUMMARY] epoch=8
[HOOK_WORK_SUMMARY] label=mpi:recursive_doubling_zfp_online_coll:rate8 calls=776 work_total_ms=8459.851 work_mean_ms=10.902 work_min_ms=3.889 work_max_ms=25.949
[HOOK_TAIL_SUMMARY] label=mpi:recursive_doubling_zfp_online_coll:rate8 steps=97 tail_total_ms=7577.538 tail_mean_ms=78.119 tail_min_ms=63.929 tail_max_ms=90.764
[Epoch 8] Hook timing summary done

[Epoch 9] Training... (lr at epoch start=0.009549)
  Batch [50/97] Loss: 2.2233, Acc: 17.25%, lr: 0.005340
[Epoch 9] Train Loss: 2.1977, Acc: 18.81%  |  Val Loss: 2.1979, Acc: 17.68%  |  Time: 13.3s
[Epoch 9] t_iter median: 99.26 ms  (fwd 6.87 | bwd+comm 88.99 | opt 3.24 | data 0.07)  |  train-only epoch: 9.7s
  -> Best model saved (17.68%)
[Epoch 9] Summarizing hook timing...

[HOOK_TIMING_SUMMARY] epoch=9
[HOOK_WORK_SUMMARY] label=mpi:recursive_doubling_zfp_online_coll:rate8 calls=776 work_total_ms=8392.904 work_mean_ms=10.816 work_min_ms=3.909 work_max_ms=27.487
[HOOK_TAIL_SUMMARY] label=mpi:recursive_doubling_zfp_online_coll:rate8 steps=97 tail_total_ms=7552.649 tail_mean_ms=77.862 tail_min_ms=64.184 tail_max_ms=87.479
[Epoch 9] Hook timing summary done

[Epoch 10] Training... (lr at epoch start=0.002447)
  Batch [50/97] Loss: 2.1905, Acc: 18.50%, lr: 0.000578
[Epoch 10] Train Loss: 2.1829, Acc: 18.11%  |  Val Loss: 2.2240, Acc: 18.23%  |  Time: 13.4s
[Epoch 10] t_iter median: 99.78 ms  (fwd 7.00 | bwd+comm 89.18 | opt 3.48 | data 0.06)  |  train-only epoch: 9.8s
  -> Best model saved (18.23%)
[Epoch 10] Summarizing hook timing...

[HOOK_TIMING_SUMMARY] epoch=10
[HOOK_WORK_SUMMARY] label=mpi:recursive_doubling_zfp_online_coll:rate8 calls=776 work_total_ms=8463.546 work_mean_ms=10.907 work_min_ms=3.654 work_max_ms=26.603
[HOOK_TAIL_SUMMARY] label=mpi:recursive_doubling_zfp_online_coll:rate8 steps=97 tail_total_ms=7582.440 tail_mean_ms=78.169 tail_min_ms=66.041 tail_max_ms=86.638
[Epoch 10] Hook timing summary done

================================================================================
Done in 142.8s | Best val acc: 18.23%
Epoch times (train+val): mean=13.5s  min=13.3s  max=14.1s
Train-only epoch time (epochs 2..N): median=9.80s  min=9.64s  max=9.84s
  -> use this for STRONG scaling (fixed global batch)
  -> use t_iter_median_ms from the CSV for WEAK scaling (fixed local batch)
================================================================================
=== Finished training: model=wide_resnet50_2, dataset=cifar10, batch=16, lr=0.1, scheduler=cosine, backend=mpi, hook=recursive_doubling_zfp_online_coll, zfp_rate=8, status=0 at Wed Jul 22 11:48:04 AM UTC 2026 ===
=== Job finished: Wed Jul 22 11:48:04 AM UTC 2026 ===
=== Job started: Thu Jul 30 09:10:35 PM UTC 2026 ===
=== Node: x3207c0s37b0n0 ===
[INFO] GTL preloaded: /opt/cray/pe/mpich/9.0.1/ofi/nvidia/23.3/lib/libmpi_gtl_cuda.so
=============================================
  Polaris DDP + Eagle PyTorch + Cray MPICH
=============================================
Node              : x3207c0s37b0n0
ZFP_HOME          : /home/mrest/mpiAllReduceCompressed/zfp-install
GTL               : /opt/cray/pe/mpich/9.0.1/ofi/nvidia/23.3/lib/libmpi_gtl_cuda.so
MPICH_GPU_SUPPORT : 1

PyTorch version   : 2.8.0a0+gitba56102
PyTorch location  : /lus/eagle/projects/UIC-HPC/mrest/pytorch_mpi_build/src/pytorch/torch/__init__.py
CUDA available    : True 4
MPI available     : True
mpi4py            : MPI VERSION    : CRAY MPICH version 9.0.1.498 (ANL base 4.1.2)
mpi4py rank test  : rank 0 OK
=============================================
MASTER_ADDR=x3207c0s37b0n0.hsn.cm.polaris.alcf.anl.gov
MASTER_PORT=29500
=== Starting training: model=wide_resnet50_2, dataset=cifar10, batch=4, lr=0.1, scheduler=cosine, backend=mpi, hook=ring_zfp_online_coll, zfp_rate=8 at Thu Jul 30 09:11:10 PM UTC 2026 ===

================================================================================
DISTRIBUTED TRAINING LAUNCHER
================================================================================
  Model:      wide_resnet50_2 (CIFAR stem) (from scratch)
  Dataset:    cifar10 (10 classes)
  Image size: 32
  LR:         0.1
  Momentum:   0.9 (nesterov=True)
  Optimizer:  sgd
  Weight dec: 0.0005 (on BN/bias=False)
  Backend:    mpi
  Algorithm:  ring_zfp_online_coll
  ZFP rate:   8
  Epochs:     10
  Batch/rank: 4
  LR:         0.1
  Scheduler:  cosine
  Warmup:     0
  Grad clip:  None
  Drop last:  True
  Data dir:   ./data
================================================================================


================================================================================
Distributed Training: WIDE_RESNET50_2 on CIFAR10
Backend: MPI, Algorithm: ring_zfp_online_coll
================================================================================
Ranks: 32, Epochs: 10, Batch/rank: 4, Effective batch: 128
LR: 0.1, Device: cuda:0

[Cache] Pretrained weights cache (TORCH_HOME) = ./data/pretrained_weights_cache
[Setup] Model on cuda:0, wrapped in DDP (static_graph=True)
[Setup] Hook registered: mpi/ring_zfp_online_coll
[Optim] SGD: lr=0.1 momentum=0.9 nesterov=True wd=0.0005 wd_on_bn_bias=False
[Optim]   group 0: 66,778,816 params, wd=0.0005
[Optim]   group 1: 68,234 params, wd=0.0

================================================================================
DISTRIBUTED TRAINING LAUNCHER
================================================================================
  Model:      wide_resnet50_2 (CIFAR stem) (from scratch)
  Dataset:    cifar10 (10 classes)
  Image size: 32
  LR:         0.1
  Momentum:   0.9 (nesterov=True)
  Optimizer:  sgd
  Weight dec: 0.0005 (on BN/bias=False)
  Backend:    mpi
  Algorithm:  ring_zfp_online_coll
  ZFP rate:   8
  Epochs:     10
  Batch/rank: 4
  LR:         0.1
  Scheduler:  cosine
  Warmup:     0
  Grad clip:  None
  Drop last:  True
  Data dir:   ./data
================================================================================


================================================================================
DISTRIBUTED TRAINING LAUNCHER
================================================================================
  Model:      wide_resnet50_2 (CIFAR stem) (from scratch)
  Dataset:    cifar10 (10 classes)
  Image size: 32
  LR:         0.1
  Momentum:   0.9 (nesterov=True)
  Optimizer:  sgd
  Weight dec: 0.0005 (on BN/bias=False)
  Backend:    mpi
  Algorithm:  ring_zfp_online_coll
  ZFP rate:   8
  Epochs:     10
  Batch/rank: 4
  LR:         0.1
  Scheduler:  cosine
  Warmup:     0
  Grad clip:  None
  Drop last:  True
  Data dir:   ./data
================================================================================


================================================================================
DISTRIBUTED TRAINING LAUNCHER
================================================================================
  Model:      wide_resnet50_2 (CIFAR stem) (from scratch)
  Dataset:    cifar10 (10 classes)
  Image size: 32
  LR:         0.1
  Momentum:   0.9 (nesterov=True)
  Optimizer:  sgd
  Weight dec: 0.0005 (on BN/bias=False)
  Backend:    mpi
  Algorithm:  ring_zfp_online_coll
  ZFP rate:   8
  Epochs:     10
  Batch/rank: 4
  LR:         0.1
  Scheduler:  cosine
  Warmup:     0
  Grad clip:  None
  Drop last:  True
  Data dir:   ./data
================================================================================


================================================================================
DISTRIBUTED TRAINING LAUNCHER
================================================================================
  Model:      wide_resnet50_2 (CIFAR stem) (from scratch)
  Dataset:    cifar10 (10 classes)
  Image size: 32
  LR:         0.1
  Momentum:   0.9 (nesterov=True)
  Optimizer:  sgd
  Weight dec: 0.0005 (on BN/bias=False)
  Backend:    mpi
  Algorithm:  ring_zfp_online_coll
  ZFP rate:   8
  Epochs:     10
  Batch/rank: 4
  LR:         0.1
  Scheduler:  cosine
  Warmup:     0
  Grad clip:  None
  Drop last:  True
  Data dir:   ./data
================================================================================

[Data] Train batches: 390, Val batches: 2500

[Sched] cosine: steps/epoch=390, total_steps=3900, warmup_steps=0 (0 epochs)


[Epoch 1] Training... (lr at epoch start=0.100000)

================================================================================
DISTRIBUTED TRAINING LAUNCHER
================================================================================
  Model:      wide_resnet50_2 (CIFAR stem) (from scratch)
  Dataset:    cifar10 (10 classes)
  Image size: 32
  LR:         0.1
  Momentum:   0.9 (nesterov=True)
  Optimizer:  sgd
  Weight dec: 0.0005 (on BN/bias=False)
  Backend:    mpi
  Algorithm:  ring_zfp_online_coll
  ZFP rate:   8
  Epochs:     10
  Batch/rank: 4
  LR:         0.1
  Scheduler:  cosine
  Warmup:     0
  Grad clip:  None
  Drop last:  True
  Data dir:   ./data
================================================================================


================================================================================
DISTRIBUTED TRAINING LAUNCHER
================================================================================
  Model:      wide_resnet50_2 (CIFAR stem) (from scratch)
  Dataset:    cifar10 (10 classes)
  Image size: 32
  LR:         0.1
  Momentum:   0.9 (nesterov=True)
  Optimizer:  sgd
  Weight dec: 0.0005 (on BN/bias=False)
  Backend:    mpi
  Algorithm:  ring_zfp_online_coll
  ZFP rate:   8
  Epochs:     10
  Batch/rank: 4
  LR:         0.1
  Scheduler:  cosine
  Warmup:     0
  Grad clip:  None
  Drop last:  True
  Data dir:   ./data
================================================================================


================================================================================
DISTRIBUTED TRAINING LAUNCHER
================================================================================
  Model:      wide_resnet50_2 (CIFAR stem) (from scratch)
  Dataset:    cifar10 (10 classes)
  Image size: 32
  LR:         0.1
  Momentum:   0.9 (nesterov=True)
  Optimizer:  sgd
  Weight dec: 0.0005 (on BN/bias=False)
  Backend:    mpi
  Algorithm:  ring_zfp_online_coll
  ZFP rate:   8
  Epochs:     10
  Batch/rank: 4
  LR:         0.1
  Scheduler:  cosine
  Warmup:     0
  Grad clip:  None
  Drop last:  True
  Data dir:   ./data
================================================================================


================================================================================
DISTRIBUTED TRAINING LAUNCHER
================================================================================
  Model:      wide_resnet50_2 (CIFAR stem) (from scratch)
  Dataset:    cifar10 (10 classes)
  Image size: 32
  LR:         0.1
  Momentum:   0.9 (nesterov=True)
  Optimizer:  sgd
  Weight dec: 0.0005 (on BN/bias=False)
  Backend:    mpi
  Algorithm:  ring_zfp_online_coll
  ZFP rate:   8
  Epochs:     10
  Batch/rank: 4
  LR:         0.1
  Scheduler:  cosine
  Warmup:     0
  Grad clip:  None
  Drop last:  True
  Data dir:   ./data
================================================================================


================================================================================
DISTRIBUTED TRAINING LAUNCHER
================================================================================
  Model:      wide_resnet50_2 (CIFAR stem) (from scratch)
  Dataset:    cifar10 (10 classes)
  Image size: 32
  LR:         0.1
  Momentum:   0.9 (nesterov=True)
  Optimizer:  sgd
  Weight dec: 0.0005 (on BN/bias=False)
  Backend:    mpi
  Algorithm:  ring_zfp_online_coll
  ZFP rate:   8
  Epochs:     10
  Batch/rank: 4
  LR:         0.1
  Scheduler:  cosine
  Warmup:     0
  Grad clip:  None
  Drop last:  True
  Data dir:   ./data
================================================================================


================================================================================
DISTRIBUTED TRAINING LAUNCHER
================================================================================
  Model:      wide_resnet50_2 (CIFAR stem) (from scratch)
  Dataset:    cifar10 (10 classes)
  Image size: 32
  LR:         0.1
  Momentum:   0.9 (nesterov=True)
  Optimizer:  sgd
  Weight dec: 0.0005 (on BN/bias=False)
  Backend:    mpi
  Algorithm:  ring_zfp_online_coll
  ZFP rate:   8
  Epochs:     10
  Batch/rank: 4
  LR:         0.1
  Scheduler:  cosine
  Warmup:     0
  Grad clip:  None
  Drop last:  True
  Data dir:   ./data
================================================================================


================================================================================
DISTRIBUTED TRAINING LAUNCHER
================================================================================
  Model:      wide_resnet50_2 (CIFAR stem) (from scratch)
  Dataset:    cifar10 (10 classes)
  Image size: 32
  LR:         0.1
  Momentum:   0.9 (nesterov=True)
  Optimizer:  sgd
  Weight dec: 0.0005 (on BN/bias=False)
  Backend:    mpi
  Algorithm:  ring_zfp_online_coll
  ZFP rate:   8
  Epochs:     10
  Batch/rank: 4
  LR:         0.1
  Scheduler:  cosine
  Warmup:     0
  Grad clip:  None
  Drop last:  True
  Data dir:   ./data
================================================================================


================================================================================
DISTRIBUTED TRAINING LAUNCHER
================================================================================
  Model:      wide_resnet50_2 (CIFAR stem) (from scratch)
  Dataset:    cifar10 (10 classes)
  Image size: 32
  LR:         0.1
  Momentum:   0.9 (nesterov=True)
  Optimizer:  sgd
  Weight dec: 0.0005 (on BN/bias=False)
  Backend:    mpi
  Algorithm:  ring_zfp_online_coll
  ZFP rate:   8
  Epochs:     10
  Batch/rank: 4
  LR:         0.1
  Scheduler:  cosine
  Warmup:     0
  Grad clip:  None
  Drop last:  True
  Data dir:   ./data
================================================================================


================================================================================
DISTRIBUTED TRAINING LAUNCHER
================================================================================
  Model:      wide_resnet50_2 (CIFAR stem) (from scratch)
  Dataset:    cifar10 (10 classes)
  Image size: 32
  LR:         0.1
  Momentum:   0.9 (nesterov=True)
  Optimizer:  sgd
  Weight dec: 0.0005 (on BN/bias=False)
  Backend:    mpi
  Algorithm:  ring_zfp_online_coll
  ZFP rate:   8
  Epochs:     10
  Batch/rank: 4
  LR:         0.1
  Scheduler:  cosine
  Warmup:     0
  Grad clip:  None
  Drop last:  True
  Data dir:   ./data
================================================================================


================================================================================
DISTRIBUTED TRAINING LAUNCHER
================================================================================
  Model:      wide_resnet50_2 (CIFAR stem) (from scratch)
  Dataset:    cifar10 (10 classes)
  Image size: 32
  LR:         0.1
  Momentum:   0.9 (nesterov=True)
  Optimizer:  sgd
  Weight dec: 0.0005 (on BN/bias=False)
  Backend:    mpi
  Algorithm:  ring_zfp_online_coll
  ZFP rate:   8
  Epochs:     10
  Batch/rank: 4
  LR:         0.1
  Scheduler:  cosine
  Warmup:     0
  Grad clip:  None
  Drop last:  True
  Data dir:   ./data
================================================================================


================================================================================
DISTRIBUTED TRAINING LAUNCHER
================================================================================
  Model:      wide_resnet50_2 (CIFAR stem) (from scratch)
  Dataset:    cifar10 (10 classes)
  Image size: 32
  LR:         0.1
  Momentum:   0.9 (nesterov=True)
  Optimizer:  sgd
  Weight dec: 0.0005 (on BN/bias=False)
  Backend:    mpi
  Algorithm:  ring_zfp_online_coll
  ZFP rate:   8
  Epochs:     10
  Batch/rank: 4
  LR:         0.1
  Scheduler:  cosine
  Warmup:     0
  Grad clip:  None
  Drop last:  True
  Data dir:   ./data
================================================================================


================================================================================
DISTRIBUTED TRAINING LAUNCHER
================================================================================
  Model:      wide_resnet50_2 (CIFAR stem) (from scratch)
  Dataset:    cifar10 (10 classes)
  Image size: 32
  LR:         0.1
  Momentum:   0.9 (nesterov=True)
  Optimizer:  sgd
  Weight dec: 0.0005 (on BN/bias=False)
  Backend:    mpi
  Algorithm:  ring_zfp_online_coll
  ZFP rate:   8
  Epochs:     10
  Batch/rank: 4
  LR:         0.1
  Scheduler:  cosine
  Warmup:     0
  Grad clip:  None
  Drop last:  True
  Data dir:   ./data
================================================================================


================================================================================
DISTRIBUTED TRAINING LAUNCHER
================================================================================
  Model:      wide_resnet50_2 (CIFAR stem) (from scratch)
  Dataset:    cifar10 (10 classes)
  Image size: 32
  LR:         0.1
  Momentum:   0.9 (nesterov=True)
  Optimizer:  sgd
  Weight dec: 0.0005 (on BN/bias=False)
  Backend:    mpi
  Algorithm:  ring_zfp_online_coll
  ZFP rate:   8
  Epochs:     10
  Batch/rank: 4
  LR:         0.1
  Scheduler:  cosine
  Warmup:     0
  Grad clip:  None
  Drop last:  True
  Data dir:   ./data
================================================================================


================================================================================
DISTRIBUTED TRAINING LAUNCHER
================================================================================
  Model:      wide_resnet50_2 (CIFAR stem) (from scratch)
  Dataset:    cifar10 (10 classes)
  Image size: 32
  LR:         0.1
  Momentum:   0.9 (nesterov=True)
  Optimizer:  sgd
  Weight dec: 0.0005 (on BN/bias=False)
  Backend:    mpi
  Algorithm:  ring_zfp_online_coll
  ZFP rate:   8
  Epochs:     10
  Batch/rank: 4
  LR:         0.1
  Scheduler:  cosine
  Warmup:     0
  Grad clip:  None
  Drop last:  True
  Data dir:   ./data
================================================================================


================================================================================
DISTRIBUTED TRAINING LAUNCHER
================================================================================
  Model:      wide_resnet50_2 (CIFAR stem) (from scratch)
  Dataset:    cifar10 (10 classes)
  Image size: 32
  LR:         0.1
  Momentum:   0.9 (nesterov=True)
  Optimizer:  sgd
  Weight dec: 0.0005 (on BN/bias=False)
  Backend:    mpi
  Algorithm:  ring_zfp_online_coll
  ZFP rate:   8
  Epochs:     10
  Batch/rank: 4
  LR:         0.1
  Scheduler:  cosine
  Warmup:     0
  Grad clip:  None
  Drop last:  True
  Data dir:   ./data
================================================================================


================================================================================
DISTRIBUTED TRAINING LAUNCHER
================================================================================
  Model:      wide_resnet50_2 (CIFAR stem) (from scratch)
  Dataset:    cifar10 (10 classes)
  Image size: 32
  LR:         0.1
  Momentum:   0.9 (nesterov=True)
  Optimizer:  sgd
  Weight dec: 0.0005 (on BN/bias=False)
  Backend:    mpi
  Algorithm:  ring_zfp_online_coll
  ZFP rate:   8
  Epochs:     10
  Batch/rank: 4
  LR:         0.1
  Scheduler:  cosine
  Warmup:     0
  Grad clip:  None
  Drop last:  True
  Data dir:   ./data
================================================================================


================================================================================
DISTRIBUTED TRAINING LAUNCHER
================================================================================
  Model:      wide_resnet50_2 (CIFAR stem) (from scratch)
  Dataset:    cifar10 (10 classes)
  Image size: 32
  LR:         0.1
  Momentum:   0.9 (nesterov=True)
  Optimizer:  sgd
  Weight dec: 0.0005 (on BN/bias=False)
  Backend:    mpi
  Algorithm:  ring_zfp_online_coll
  ZFP rate:   8
  Epochs:     10
  Batch/rank: 4
  LR:         0.1
  Scheduler:  cosine
  Warmup:     0
  Grad clip:  None
  Drop last:  True
  Data dir:   ./data
================================================================================


================================================================================
DISTRIBUTED TRAINING LAUNCHER
================================================================================
  Model:      wide_resnet50_2 (CIFAR stem) (from scratch)
  Dataset:    cifar10 (10 classes)
  Image size: 32
  LR:         0.1
  Momentum:   0.9 (nesterov=True)
  Optimizer:  sgd
  Weight dec: 0.0005 (on BN/bias=False)
  Backend:    mpi
  Algorithm:  ring_zfp_online_coll
  ZFP rate:   8
  Epochs:     10
  Batch/rank: 4
  LR:         0.1
  Scheduler:  cosine
  Warmup:     0
  Grad clip:  None
  Drop last:  True
  Data dir:   ./data
================================================================================


================================================================================
DISTRIBUTED TRAINING LAUNCHER
================================================================================
  Model:      wide_resnet50_2 (CIFAR stem) (from scratch)
  Dataset:    cifar10 (10 classes)
  Image size: 32
  LR:         0.1
  Momentum:   0.9 (nesterov=True)
  Optimizer:  sgd
  Weight dec: 0.0005 (on BN/bias=False)
  Backend:    mpi
  Algorithm:  ring_zfp_online_coll
  ZFP rate:   8
  Epochs:     10
  Batch/rank: 4
  LR:         0.1
  Scheduler:  cosine
  Warmup:     0
  Grad clip:  None
  Drop last:  True
  Data dir:   ./data
================================================================================


================================================================================
DISTRIBUTED TRAINING LAUNCHER
================================================================================
  Model:      wide_resnet50_2 (CIFAR stem) (from scratch)
  Dataset:    cifar10 (10 classes)
  Image size: 32
  LR:         0.1
  Momentum:   0.9 (nesterov=True)
  Optimizer:  sgd
  Weight dec: 0.0005 (on BN/bias=False)
  Backend:    mpi
  Algorithm:  ring_zfp_online_coll
  ZFP rate:   8
  Epochs:     10
  Batch/rank: 4
  LR:         0.1
  Scheduler:  cosine
  Warmup:     0
  Grad clip:  None
  Drop last:  True
  Data dir:   ./data
================================================================================


================================================================================
DISTRIBUTED TRAINING LAUNCHER
================================================================================
  Model:      wide_resnet50_2 (CIFAR stem) (from scratch)
  Dataset:    cifar10 (10 classes)
  Image size: 32
  LR:         0.1
  Momentum:   0.9 (nesterov=True)
  Optimizer:  sgd
  Weight dec: 0.0005 (on BN/bias=False)
  Backend:    mpi
  Algorithm:  ring_zfp_online_coll
  ZFP rate:   8
  Epochs:     10
  Batch/rank: 4
  LR:         0.1
  Scheduler:  cosine
  Warmup:     0
  Grad clip:  None
  Drop last:  True
  Data dir:   ./data
================================================================================


================================================================================
DISTRIBUTED TRAINING LAUNCHER
================================================================================
  Model:      wide_resnet50_2 (CIFAR stem) (from scratch)
  Dataset:    cifar10 (10 classes)
  Image size: 32
  LR:         0.1
  Momentum:   0.9 (nesterov=True)
  Optimizer:  sgd
  Weight dec: 0.0005 (on BN/bias=False)
  Backend:    mpi
  Algorithm:  ring_zfp_online_coll
  ZFP rate:   8
  Epochs:     10
  Batch/rank: 4
  LR:         0.1
  Scheduler:  cosine
  Warmup:     0
  Grad clip:  None
  Drop last:  True
  Data dir:   ./data
================================================================================


================================================================================
DISTRIBUTED TRAINING LAUNCHER
================================================================================
  Model:      wide_resnet50_2 (CIFAR stem) (from scratch)
  Dataset:    cifar10 (10 classes)
  Image size: 32
  LR:         0.1
  Momentum:   0.9 (nesterov=True)
  Optimizer:  sgd
  Weight dec: 0.0005 (on BN/bias=False)
  Backend:    mpi
  Algorithm:  ring_zfp_online_coll
  ZFP rate:   8
  Epochs:     10
  Batch/rank: 4
  LR:         0.1
  Scheduler:  cosine
  Warmup:     0
  Grad clip:  None
  Drop last:  True
  Data dir:   ./data
================================================================================


================================================================================
DISTRIBUTED TRAINING LAUNCHER
================================================================================
  Model:      wide_resnet50_2 (CIFAR stem) (from scratch)
  Dataset:    cifar10 (10 classes)
  Image size: 32
  LR:         0.1
  Momentum:   0.9 (nesterov=True)
  Optimizer:  sgd
  Weight dec: 0.0005 (on BN/bias=False)
  Backend:    mpi
  Algorithm:  ring_zfp_online_coll
  ZFP rate:   8
  Epochs:     10
  Batch/rank: 4
  LR:         0.1
  Scheduler:  cosine
  Warmup:     0
  Grad clip:  None
  Drop last:  True
  Data dir:   ./data
================================================================================


================================================================================
DISTRIBUTED TRAINING LAUNCHER
================================================================================
  Model:      wide_resnet50_2 (CIFAR stem) (from scratch)
  Dataset:    cifar10 (10 classes)
  Image size: 32
  LR:         0.1
  Momentum:   0.9 (nesterov=True)
  Optimizer:  sgd
  Weight dec: 0.0005 (on BN/bias=False)
  Backend:    mpi
  Algorithm:  ring_zfp_online_coll
  ZFP rate:   8
  Epochs:     10
  Batch/rank: 4
  LR:         0.1
  Scheduler:  cosine
  Warmup:     0
  Grad clip:  None
  Drop last:  True
  Data dir:   ./data
================================================================================


================================================================================
DISTRIBUTED TRAINING LAUNCHER
================================================================================
  Model:      wide_resnet50_2 (CIFAR stem) (from scratch)
  Dataset:    cifar10 (10 classes)
  Image size: 32
  LR:         0.1
  Momentum:   0.9 (nesterov=True)
  Optimizer:  sgd
  Weight dec: 0.0005 (on BN/bias=False)
  Backend:    mpi
  Algorithm:  ring_zfp_online_coll
  ZFP rate:   8
  Epochs:     10
  Batch/rank: 4
  LR:         0.1
  Scheduler:  cosine
  Warmup:     0
  Grad clip:  None
  Drop last:  True
  Data dir:   ./data
================================================================================


================================================================================
DISTRIBUTED TRAINING LAUNCHER
================================================================================
  Model:      wide_resnet50_2 (CIFAR stem) (from scratch)
  Dataset:    cifar10 (10 classes)
  Image size: 32
  LR:         0.1
  Momentum:   0.9 (nesterov=True)
  Optimizer:  sgd
  Weight dec: 0.0005 (on BN/bias=False)
  Backend:    mpi
  Algorithm:  ring_zfp_online_coll
  ZFP rate:   8
  Epochs:     10
  Batch/rank: 4
  LR:         0.1
  Scheduler:  cosine
  Warmup:     0
  Grad clip:  None
  Drop last:  True
  Data dir:   ./data
================================================================================

  Batch [50/390] Loss: 54.6978, Acc: 9.00%, lr: 0.099959
  Batch [100/390] Loss: 39.9105, Acc: 10.25%, lr: 0.099838
  Batch [150/390] Loss: 35.1402, Acc: 11.00%, lr: 0.099635
  Batch [200/390] Loss: 32.1454, Acc: 11.50%, lr: 0.099353
  Batch [250/390] Loss: 29.5990, Acc: 11.50%, lr: 0.098990
  Batch [300/390] Loss: 27.5429, Acc: 12.00%, lr: 0.098547
  Batch [350/390] Loss: 25.6057, Acc: 11.43%, lr: 0.098026
[Epoch 1] Train Loss: 24.9424, Acc: 11.54%  |  Val Loss: 133.5370, Acc: 11.87%  |  Time: 81.9s
[Epoch 1] t_iter median: 169.99 ms  (fwd 6.80 | bwd+comm 159.56 | opt 3.50 | data 0.07)  |  train-only epoch: 69.0s
  -> Best model saved (11.87%)
[Epoch 1] Summarizing hook timing...

[HOOK_TIMING_SUMMARY] epoch=1
[HOOK_WORK_SUMMARY] label=mpi:ring_zfp_online_coll:rate8 calls=3106 work_total_ms=61533.644 work_mean_ms=19.811 work_min_ms=15.127 work_max_ms=85.038
[HOOK_TAIL_SUMMARY] label=mpi:ring_zfp_online_coll:rate8 steps=391 tail_total_ms=57842.602 tail_mean_ms=147.935 tail_min_ms=19.676 tail_max_ms=184.580
[Epoch 1] Hook timing summary done

[Epoch 2] Training... (lr at epoch start=0.097553)
  Batch [50/390] Loss: 18.1260, Acc: 19.00%, lr: 0.096892
  Batch [100/390] Loss: 18.3100, Acc: 15.25%, lr: 0.096155
  Batch [150/390] Loss: 18.3936, Acc: 13.83%, lr: 0.095344
  Batch [200/390] Loss: 18.3219, Acc: 14.00%, lr: 0.094459
  Batch [250/390] Loss: 18.8486, Acc: 13.90%, lr: 0.093501
  Batch [300/390] Loss: 18.5108, Acc: 13.92%, lr: 0.092473
  Batch [350/390] Loss: 18.3745, Acc: 14.14%, lr: 0.091377
[Epoch 2] Train Loss: 18.4851, Acc: 13.46%  |  Val Loss: 177.8097, Acc: 9.95%  |  Time: 79.4s
[Epoch 2] t_iter median: 170.01 ms  (fwd 6.84 | bwd+comm 159.74 | opt 3.33 | data 0.07)  |  train-only epoch: 66.7s
[Epoch 2] Summarizing hook timing...

[HOOK_TIMING_SUMMARY] epoch=2
[HOOK_WORK_SUMMARY] label=mpi:ring_zfp_online_coll:rate8 calls=3120 work_total_ms=61638.734 work_mean_ms=19.756 work_min_ms=15.191 work_max_ms=44.945
[HOOK_TAIL_SUMMARY] label=mpi:ring_zfp_online_coll:rate8 steps=390 tail_total_ms=57880.106 tail_mean_ms=148.411 tail_min_ms=143.087 tail_max_ms=184.063
[Epoch 2] Hook timing summary done

[Epoch 3] Training... (lr at epoch start=0.090451)
  Batch [50/390] Loss: 16.5710, Acc: 16.00%, lr: 0.089235
  Batch [100/390] Loss: 17.9703, Acc: 14.75%, lr: 0.087955
  Batch [150/390] Loss: 16.9254, Acc: 13.67%, lr: 0.086613
  Batch [200/390] Loss: 17.1976, Acc: 12.12%, lr: 0.085213
  Batch [250/390] Loss: 16.5044, Acc: 12.20%, lr: 0.083755
  Batch [300/390] Loss: 17.8368, Acc: 11.75%, lr: 0.082242
  Batch [350/390] Loss: 17.1912, Acc: 12.07%, lr: 0.080677
[Epoch 3] Train Loss: 16.9786, Acc: 11.67%  |  Val Loss: 42.8059, Acc: 11.84%  |  Time: 79.4s
[Epoch 3] t_iter median: 170.21 ms  (fwd 6.76 | bwd+comm 160.04 | opt 3.28 | data 0.07)  |  train-only epoch: 66.8s
[Epoch 3] Summarizing hook timing...

[HOOK_TIMING_SUMMARY] epoch=3
[HOOK_WORK_SUMMARY] label=mpi:ring_zfp_online_coll:rate8 calls=3120 work_total_ms=61946.038 work_mean_ms=19.854 work_min_ms=15.102 work_max_ms=40.330
[HOOK_TAIL_SUMMARY] label=mpi:ring_zfp_online_coll:rate8 steps=390 tail_total_ms=58304.953 tail_mean_ms=149.500 tail_min_ms=143.418 tail_max_ms=182.912
[Epoch 3] Hook timing summary done

[Epoch 4] Training... (lr at epoch start=0.079389)
  Batch [50/390] Loss: 17.5112, Acc: 9.50%, lr: 0.077737
  Batch [100/390] Loss: 16.1037, Acc: 11.25%, lr: 0.076039
  Batch [150/390] Loss: 17.2671, Acc: 11.67%, lr: 0.074299
  Batch [200/390] Loss: 17.0415, Acc: 12.12%, lr: 0.072520
  Batch [250/390] Loss: 17.0957, Acc: 12.40%, lr: 0.070704
  Batch [300/390] Loss: 16.9783, Acc: 12.25%, lr: 0.068855
  Batch [350/390] Loss: 16.3501, Acc: 12.57%, lr: 0.066975
[Epoch 4] Train Loss: 16.2886, Acc: 12.50%  |  Val Loss: 125.6155, Acc: 10.60%  |  Time: 79.5s
[Epoch 4] t_iter median: 170.55 ms  (fwd 6.81 | bwd+comm 160.42 | opt 3.26 | data 0.06)  |  train-only epoch: 66.9s
[Epoch 4] Summarizing hook timing...

[HOOK_TIMING_SUMMARY] epoch=4
[HOOK_WORK_SUMMARY] label=mpi:ring_zfp_online_coll:rate8 calls=3120 work_total_ms=62158.632 work_mean_ms=19.923 work_min_ms=15.125 work_max_ms=43.519
[HOOK_TAIL_SUMMARY] label=mpi:ring_zfp_online_coll:rate8 steps=390 tail_total_ms=58586.835 tail_mean_ms=150.223 tail_min_ms=144.094 tail_max_ms=178.537
[Epoch 4] Hook timing summary done

[Epoch 5] Training... (lr at epoch start=0.065451)
  Batch [50/390] Loss: 18.3894, Acc: 8.00%, lr: 0.063524
  Batch [100/390] Loss: 16.5273, Acc: 12.25%, lr: 0.061574
  Batch [150/390] Loss: 14.9038, Acc: 12.50%, lr: 0.059606
  Batch [200/390] Loss: 13.6650, Acc: 12.12%, lr: 0.057623
  Batch [250/390] Loss: 13.5043, Acc: 12.30%, lr: 0.055627
  Batch [300/390] Loss: 13.0764, Acc: 12.33%, lr: 0.053622
  Batch [350/390] Loss: 12.7723, Acc: 12.71%, lr: 0.051611
[Epoch 5] Train Loss: 12.3811, Acc: 12.82%  |  Val Loss: 32.6326, Acc: 12.24%  |  Time: 79.3s
[Epoch 5] t_iter median: 170.06 ms  (fwd 6.82 | bwd+comm 159.57 | opt 3.51 | data 0.11)  |  train-only epoch: 66.7s
  -> Best model saved (12.24%)
[Epoch 5] Summarizing hook timing...

[HOOK_TIMING_SUMMARY] epoch=5
[HOOK_WORK_SUMMARY] label=mpi:ring_zfp_online_coll:rate8 calls=3120 work_total_ms=61715.358 work_mean_ms=19.781 work_min_ms=14.142 work_max_ms=44.714
[HOOK_TAIL_SUMMARY] label=mpi:ring_zfp_online_coll:rate8 steps=390 tail_total_ms=57980.298 tail_mean_ms=148.667 tail_min_ms=141.953 tail_max_ms=181.227
[Epoch 5] Hook timing summary done

[Epoch 6] Training... (lr at epoch start=0.050000)
  Batch [50/390] Loss: 9.6631, Acc: 15.00%, lr: 0.047987
  Batch [100/390] Loss: 10.7904, Acc: 14.25%, lr: 0.045977
  Batch [150/390] Loss: 9.8334, Acc: 15.67%, lr: 0.043973
  Batch [200/390] Loss: 10.1836, Acc: 14.38%, lr: 0.041979
  Batch [250/390] Loss: 10.3124, Acc: 14.40%, lr: 0.039999
  Batch [300/390] Loss: 10.4541, Acc: 14.17%, lr: 0.038034
  Batch [350/390] Loss: 10.0818, Acc: 13.79%, lr: 0.036089
[Epoch 6] Train Loss: 9.9941, Acc: 14.10%  |  Val Loss: 60.6841, Acc: 12.22%  |  Time: 79.3s
[Epoch 6] t_iter median: 169.99 ms  (fwd 6.85 | bwd+comm 159.55 | opt 3.51 | data 0.07)  |  train-only epoch: 66.6s
[Epoch 6] Summarizing hook timing...

[HOOK_TIMING_SUMMARY] epoch=6
[HOOK_WORK_SUMMARY] label=mpi:ring_zfp_online_coll:rate8 calls=3120 work_total_ms=61622.916 work_mean_ms=19.751 work_min_ms=15.121 work_max_ms=37.940
[HOOK_TAIL_SUMMARY] label=mpi:ring_zfp_online_coll:rate8 steps=390 tail_total_ms=57862.838 tail_mean_ms=148.366 tail_min_ms=140.812 tail_max_ms=177.658
[Epoch 6] Hook timing summary done

[Epoch 7] Training... (lr at epoch start=0.034549)
  Batch [50/390] Loss: 8.7750, Acc: 12.50%, lr: 0.032647
  Batch [100/390] Loss: 8.1475, Acc: 13.50%, lr: 0.030773
  Batch [150/390] Loss: 7.7708, Acc: 13.50%, lr: 0.028930
  Batch [200/390] Loss: 8.0320, Acc: 13.50%, lr: 0.027121
  Batch [250/390] Loss: 7.9674, Acc: 13.40%, lr: 0.025350
  Batch [300/390] Loss: 7.9819, Acc: 13.67%, lr: 0.023618
  Batch [350/390] Loss: 7.9841, Acc: 13.36%, lr: 0.021929
[Epoch 7] Train Loss: 7.7679, Acc: 13.59%  |  Val Loss: 25.5314, Acc: 15.36%  |  Time: 79.3s
[Epoch 7] t_iter median: 170.03 ms  (fwd 6.80 | bwd+comm 159.88 | opt 3.26 | data 0.08)  |  train-only epoch: 66.7s
  -> Best model saved (15.36%)
[Epoch 7] Summarizing hook timing...

[HOOK_TIMING_SUMMARY] epoch=7
[HOOK_WORK_SUMMARY] label=mpi:ring_zfp_online_coll:rate8 calls=3120 work_total_ms=61991.567 work_mean_ms=19.869 work_min_ms=15.134 work_max_ms=68.758
[HOOK_TAIL_SUMMARY] label=mpi:ring_zfp_online_coll:rate8 steps=390 tail_total_ms=58422.524 tail_mean_ms=149.801 tail_min_ms=143.022 tail_max_ms=213.602
[Epoch 7] Hook timing summary done

[Epoch 8] Training... (lr at epoch start=0.020611)
  Batch [50/390] Loss: 6.7860, Acc: 9.50%, lr: 0.019006
  Batch [100/390] Loss: 6.9106, Acc: 12.25%, lr: 0.017451
  Batch [150/390] Loss: 6.5869, Acc: 13.50%, lr: 0.015949
  Batch [200/390] Loss: 6.5709, Acc: 13.00%, lr: 0.014503
  Batch [250/390] Loss: 6.3379, Acc: 13.70%, lr: 0.013113
  Batch [300/390] Loss: 6.1778, Acc: 14.50%, lr: 0.011784
  Batch [350/390] Loss: 6.2456, Acc: 13.79%, lr: 0.010517
[Epoch 8] Train Loss: 6.2699, Acc: 13.59%  |  Val Loss: 32.8816, Acc: 15.69%  |  Time: 79.6s
[Epoch 8] t_iter median: 170.12 ms  (fwd 6.84 | bwd+comm 159.79 | opt 3.35 | data 0.07)  |  train-only epoch: 66.7s
  -> Best model saved (15.69%)
[Epoch 8] Summarizing hook timing...

[HOOK_TIMING_SUMMARY] epoch=8
[HOOK_WORK_SUMMARY] label=mpi:ring_zfp_online_coll:rate8 calls=3120 work_total_ms=61893.040 work_mean_ms=19.838 work_min_ms=15.103 work_max_ms=44.071
[HOOK_TAIL_SUMMARY] label=mpi:ring_zfp_online_coll:rate8 steps=390 tail_total_ms=58265.081 tail_mean_ms=149.398 tail_min_ms=143.179 tail_max_ms=184.503
[Epoch 8] Hook timing summary done

[Epoch 9] Training... (lr at epoch start=0.009549)
  Batch [50/390] Loss: 5.4142, Acc: 13.50%, lr: 0.008399
  Batch [100/390] Loss: 5.7028, Acc: 13.50%, lr: 0.007315
  Batch [150/390] Loss: 5.7396, Acc: 13.83%, lr: 0.006302
  Batch [200/390] Loss: 5.6008, Acc: 15.50%, lr: 0.005359
  Batch [250/390] Loss: 5.6884, Acc: 15.70%, lr: 0.004488
  Batch [300/390] Loss: 5.7049, Acc: 15.58%, lr: 0.003691
  Batch [350/390] Loss: 5.6719, Acc: 15.43%, lr: 0.002970
[Epoch 9] Train Loss: 5.6254, Acc: 15.13%  |  Val Loss: 76.8389, Acc: 14.33%  |  Time: 79.4s
[Epoch 9] t_iter median: 170.11 ms  (fwd 6.83 | bwd+comm 159.99 | opt 3.21 | data 0.06)  |  train-only epoch: 66.7s
[Epoch 9] Summarizing hook timing...

[HOOK_TIMING_SUMMARY] epoch=9
[HOOK_WORK_SUMMARY] label=mpi:ring_zfp_online_coll:rate8 calls=3120 work_total_ms=62005.559 work_mean_ms=19.874 work_min_ms=15.112 work_max_ms=39.412
[HOOK_TAIL_SUMMARY] label=mpi:ring_zfp_online_coll:rate8 steps=390 tail_total_ms=58494.877 tail_mean_ms=149.987 tail_min_ms=143.699 tail_max_ms=183.491
[Epoch 9] Hook timing summary done

[Epoch 10] Training... (lr at epoch start=0.002447)
  Batch [50/390] Loss: 5.2082, Acc: 17.50%, lr: 0.001864
  Batch [100/390] Loss: 5.3742, Acc: 15.50%, lr: 0.001358
  Batch [150/390] Loss: 5.3095, Acc: 15.00%, lr: 0.000931
  Batch [200/390] Loss: 5.3755, Acc: 14.75%, lr: 0.000584
  Batch [250/390] Loss: 5.4789, Acc: 14.10%, lr: 0.000318
  Batch [300/390] Loss: 5.4675, Acc: 14.67%, lr: 0.000131
  Batch [350/390] Loss: 5.4880, Acc: 14.43%, lr: 0.000026
[Epoch 10] Train Loss: 5.4789, Acc: 13.85%  |  Val Loss: 52.0523, Acc: 14.20%  |  Time: 81.5s
[Epoch 10] t_iter median: 170.13 ms  (fwd 6.82 | bwd+comm 159.98 | opt 3.21 | data 0.07)  |  train-only epoch: 68.7s
[Epoch 10] Summarizing hook timing...

[HOOK_TIMING_SUMMARY] epoch=10
[HOOK_WORK_SUMMARY] label=mpi:ring_zfp_online_coll:rate8 calls=3120 work_total_ms=64075.713 work_mean_ms=20.537 work_min_ms=15.104 work_max_ms=1887.975
[HOOK_TAIL_SUMMARY] label=mpi:ring_zfp_online_coll:rate8 steps=390 tail_total_ms=60571.971 tail_mean_ms=155.313 tail_min_ms=144.289 tail_max_ms=2018.825
[Epoch 10] Hook timing summary done

================================================================================
Done in 802.4s | Best val acc: 15.69%
Epoch times (train+val): mean=79.9s  min=79.3s  max=81.9s
Train-only epoch time (epochs 2..N): median=66.70s  min=66.60s  max=68.75s
  -> use this for STRONG scaling (fixed global batch)
  -> use t_iter_median_ms from the CSV for WEAK scaling (fixed local batch)
================================================================================
=== Finished training: model=wide_resnet50_2, dataset=cifar10, batch=4, lr=0.1, scheduler=cosine, backend=mpi, hook=ring_zfp_online_coll, zfp_rate=8, status=0 at Thu Jul 30 09:24:55 PM UTC 2026 ===
=== Starting training: model=wide_resnet50_2, dataset=cifar10, batch=16, lr=0.1, scheduler=cosine, backend=mpi, hook=ring_zfp_online_coll, zfp_rate=8 at Thu Jul 30 09:24:55 PM UTC 2026 ===

================================================================================
DISTRIBUTED TRAINING LAUNCHER
================================================================================
  Model:      wide_resnet50_2 (CIFAR stem) (from scratch)
  Dataset:    cifar10 (10 classes)
  Image size: 32
  LR:         0.1
  Momentum:   0.9 (nesterov=True)
  Optimizer:  sgd
  Weight dec: 0.0005 (on BN/bias=False)
  Backend:    mpi
  Algorithm:  ring_zfp_online_coll
  ZFP rate:   8
  Epochs:     10
  Batch/rank: 16
  LR:         0.1
  Scheduler:  cosine
  Warmup:     0
  Grad clip:  None
  Drop last:  True
  Data dir:   ./data
================================================================================


================================================================================
Distributed Training: WIDE_RESNET50_2 on CIFAR10
Backend: MPI, Algorithm: ring_zfp_online_coll
================================================================================
Ranks: 32, Epochs: 10, Batch/rank: 16, Effective batch: 512
LR: 0.1, Device: cuda:0

[Cache] Pretrained weights cache (TORCH_HOME) = ./data/pretrained_weights_cache
[Setup] Model on cuda:0, wrapped in DDP (static_graph=True)
[Setup] Hook registered: mpi/ring_zfp_online_coll
[Optim] SGD: lr=0.1 momentum=0.9 nesterov=True wd=0.0005 wd_on_bn_bias=False
[Optim]   group 0: 66,778,816 params, wd=0.0005
[Optim]   group 1: 68,234 params, wd=0.0

================================================================================
DISTRIBUTED TRAINING LAUNCHER
================================================================================
  Model:      wide_resnet50_2 (CIFAR stem) (from scratch)
  Dataset:    cifar10 (10 classes)
  Image size: 32
  LR:         0.1
  Momentum:   0.9 (nesterov=True)
  Optimizer:  sgd
  Weight dec: 0.0005 (on BN/bias=False)
  Backend:    mpi
  Algorithm:  ring_zfp_online_coll
  ZFP rate:   8
  Epochs:     10
  Batch/rank: 16
  LR:         0.1
  Scheduler:  cosine
  Warmup:     0
  Grad clip:  None
  Drop last:  True
  Data dir:   ./data
================================================================================


================================================================================
DISTRIBUTED TRAINING LAUNCHER
================================================================================
  Model:      wide_resnet50_2 (CIFAR stem) (from scratch)
  Dataset:    cifar10 (10 classes)
  Image size: 32
  LR:         0.1
  Momentum:   0.9 (nesterov=True)
  Optimizer:  sgd
  Weight dec: 0.0005 (on BN/bias=False)
  Backend:    mpi
  Algorithm:  ring_zfp_online_coll
  ZFP rate:   8
  Epochs:     10
  Batch/rank: 16
  LR:         0.1
  Scheduler:  cosine
  Warmup:     0
  Grad clip:  None
  Drop last:  True
  Data dir:   ./data
================================================================================

[Data] Train batches: 97, Val batches: 625

[Sched] cosine: steps/epoch=97, total_steps=970, warmup_steps=0 (0 epochs)


[Epoch 1] Training... (lr at epoch start=0.100000)

================================================================================
DISTRIBUTED TRAINING LAUNCHER
================================================================================
  Model:      wide_resnet50_2 (CIFAR stem) (from scratch)
  Dataset:    cifar10 (10 classes)
  Image size: 32
  LR:         0.1
  Momentum:   0.9 (nesterov=True)
  Optimizer:  sgd
  Weight dec: 0.0005 (on BN/bias=False)
  Backend:    mpi
  Algorithm:  ring_zfp_online_coll
  ZFP rate:   8
  Epochs:     10
  Batch/rank: 16
  LR:         0.1
  Scheduler:  cosine
  Warmup:     0
  Grad clip:  None
  Drop last:  True
  Data dir:   ./data
================================================================================


================================================================================
DISTRIBUTED TRAINING LAUNCHER
================================================================================
  Model:      wide_resnet50_2 (CIFAR stem) (from scratch)
  Dataset:    cifar10 (10 classes)
  Image size: 32
  LR:         0.1
  Momentum:   0.9 (nesterov=True)
  Optimizer:  sgd
  Weight dec: 0.0005 (on BN/bias=False)
  Backend:    mpi
  Algorithm:  ring_zfp_online_coll
  ZFP rate:   8
  Epochs:     10
  Batch/rank: 16
  LR:         0.1
  Scheduler:  cosine
  Warmup:     0
  Grad clip:  None
  Drop last:  True
  Data dir:   ./data
================================================================================


================================================================================
DISTRIBUTED TRAINING LAUNCHER
================================================================================
  Model:      wide_resnet50_2 (CIFAR stem) (from scratch)
  Dataset:    cifar10 (10 classes)
  Image size: 32
  LR:         0.1
  Momentum:   0.9 (nesterov=True)
  Optimizer:  sgd
  Weight dec: 0.0005 (on BN/bias=False)
  Backend:    mpi
  Algorithm:  ring_zfp_online_coll
  ZFP rate:   8
  Epochs:     10
  Batch/rank: 16
  LR:         0.1
  Scheduler:  cosine
  Warmup:     0
  Grad clip:  None
  Drop last:  True
  Data dir:   ./data
================================================================================


================================================================================
DISTRIBUTED TRAINING LAUNCHER
================================================================================
  Model:      wide_resnet50_2 (CIFAR stem) (from scratch)
  Dataset:    cifar10 (10 classes)
  Image size: 32
  LR:         0.1
  Momentum:   0.9 (nesterov=True)
  Optimizer:  sgd
  Weight dec: 0.0005 (on BN/bias=False)
  Backend:    mpi
  Algorithm:  ring_zfp_online_coll
  ZFP rate:   8
  Epochs:     10
  Batch/rank: 16
  LR:         0.1
  Scheduler:  cosine
  Warmup:     0
  Grad clip:  None
  Drop last:  True
  Data dir:   ./data
================================================================================


================================================================================
DISTRIBUTED TRAINING LAUNCHER
================================================================================
  Model:      wide_resnet50_2 (CIFAR stem) (from scratch)
  Dataset:    cifar10 (10 classes)
  Image size: 32
  LR:         0.1
  Momentum:   0.9 (nesterov=True)
  Optimizer:  sgd
  Weight dec: 0.0005 (on BN/bias=False)
  Backend:    mpi
  Algorithm:  ring_zfp_online_coll
  ZFP rate:   8
  Epochs:     10
  Batch/rank: 16
  LR:         0.1
  Scheduler:  cosine
  Warmup:     0
  Grad clip:  None
  Drop last:  True
  Data dir:   ./data
================================================================================


================================================================================
DISTRIBUTED TRAINING LAUNCHER
================================================================================
  Model:      wide_resnet50_2 (CIFAR stem) (from scratch)
  Dataset:    cifar10 (10 classes)
  Image size: 32
  LR:         0.1
  Momentum:   0.9 (nesterov=True)
  Optimizer:  sgd
  Weight dec: 0.0005 (on BN/bias=False)
  Backend:    mpi
  Algorithm:  ring_zfp_online_coll
  ZFP rate:   8
  Epochs:     10
  Batch/rank: 16
  LR:         0.1
  Scheduler:  cosine
  Warmup:     0
  Grad clip:  None
  Drop last:  True
  Data dir:   ./data
================================================================================


================================================================================
DISTRIBUTED TRAINING LAUNCHER
================================================================================
  Model:      wide_resnet50_2 (CIFAR stem) (from scratch)
  Dataset:    cifar10 (10 classes)
  Image size: 32
  LR:         0.1
  Momentum:   0.9 (nesterov=True)
  Optimizer:  sgd
  Weight dec: 0.0005 (on BN/bias=False)
  Backend:    mpi
  Algorithm:  ring_zfp_online_coll
  ZFP rate:   8
  Epochs:     10
  Batch/rank: 16
  LR:         0.1
  Scheduler:  cosine
  Warmup:     0
  Grad clip:  None
  Drop last:  True
  Data dir:   ./data
================================================================================


================================================================================
DISTRIBUTED TRAINING LAUNCHER
================================================================================
  Model:      wide_resnet50_2 (CIFAR stem) (from scratch)
  Dataset:    cifar10 (10 classes)
  Image size: 32
  LR:         0.1
  Momentum:   0.9 (nesterov=True)
  Optimizer:  sgd
  Weight dec: 0.0005 (on BN/bias=False)
  Backend:    mpi
  Algorithm:  ring_zfp_online_coll
  ZFP rate:   8
  Epochs:     10
  Batch/rank: 16
  LR:         0.1
  Scheduler:  cosine
  Warmup:     0
  Grad clip:  None
  Drop last:  True
  Data dir:   ./data
================================================================================


================================================================================
DISTRIBUTED TRAINING LAUNCHER
================================================================================
  Model:      wide_resnet50_2 (CIFAR stem) (from scratch)
  Dataset:    cifar10 (10 classes)
  Image size: 32
  LR:         0.1
  Momentum:   0.9 (nesterov=True)
  Optimizer:  sgd
  Weight dec: 0.0005 (on BN/bias=False)
  Backend:    mpi
  Algorithm:  ring_zfp_online_coll
  ZFP rate:   8
  Epochs:     10
  Batch/rank: 16
  LR:         0.1
  Scheduler:  cosine
  Warmup:     0
  Grad clip:  None
  Drop last:  True
  Data dir:   ./data
================================================================================


================================================================================
DISTRIBUTED TRAINING LAUNCHER
================================================================================
  Model:      wide_resnet50_2 (CIFAR stem) (from scratch)
  Dataset:    cifar10 (10 classes)
  Image size: 32
  LR:         0.1
  Momentum:   0.9 (nesterov=True)
  Optimizer:  sgd
  Weight dec: 0.0005 (on BN/bias=False)
  Backend:    mpi
  Algorithm:  ring_zfp_online_coll
  ZFP rate:   8
  Epochs:     10
  Batch/rank: 16
  LR:         0.1
  Scheduler:  cosine
  Warmup:     0
  Grad clip:  None
  Drop last:  True
  Data dir:   ./data
================================================================================


================================================================================
DISTRIBUTED TRAINING LAUNCHER
================================================================================
  Model:      wide_resnet50_2 (CIFAR stem) (from scratch)
  Dataset:    cifar10 (10 classes)
  Image size: 32
  LR:         0.1
  Momentum:   0.9 (nesterov=True)
  Optimizer:  sgd
  Weight dec: 0.0005 (on BN/bias=False)
  Backend:    mpi
  Algorithm:  ring_zfp_online_coll
  ZFP rate:   8
  Epochs:     10
  Batch/rank: 16
  LR:         0.1
  Scheduler:  cosine
  Warmup:     0
  Grad clip:  None
  Drop last:  True
  Data dir:   ./data
================================================================================


================================================================================
DISTRIBUTED TRAINING LAUNCHER
================================================================================
  Model:      wide_resnet50_2 (CIFAR stem) (from scratch)
  Dataset:    cifar10 (10 classes)
  Image size: 32
  LR:         0.1
  Momentum:   0.9 (nesterov=True)
  Optimizer:  sgd
  Weight dec: 0.0005 (on BN/bias=False)
  Backend:    mpi
  Algorithm:  ring_zfp_online_coll
  ZFP rate:   8
  Epochs:     10
  Batch/rank: 16
  LR:         0.1
  Scheduler:  cosine
  Warmup:     0
  Grad clip:  None
  Drop last:  True
  Data dir:   ./data
================================================================================


================================================================================
DISTRIBUTED TRAINING LAUNCHER
================================================================================
  Model:      wide_resnet50_2 (CIFAR stem) (from scratch)
  Dataset:    cifar10 (10 classes)
  Image size: 32
  LR:         0.1
  Momentum:   0.9 (nesterov=True)
  Optimizer:  sgd
  Weight dec: 0.0005 (on BN/bias=False)
  Backend:    mpi
  Algorithm:  ring_zfp_online_coll
  ZFP rate:   8
  Epochs:     10
  Batch/rank: 16
  LR:         0.1
  Scheduler:  cosine
  Warmup:     0
  Grad clip:  None
  Drop last:  True
  Data dir:   ./data
================================================================================


================================================================================
DISTRIBUTED TRAINING LAUNCHER
================================================================================
  Model:      wide_resnet50_2 (CIFAR stem) (from scratch)
  Dataset:    cifar10 (10 classes)
  Image size: 32
  LR:         0.1
  Momentum:   0.9 (nesterov=True)
  Optimizer:  sgd
  Weight dec: 0.0005 (on BN/bias=False)
  Backend:    mpi
  Algorithm:  ring_zfp_online_coll
  ZFP rate:   8
  Epochs:     10
  Batch/rank: 16
  LR:         0.1
  Scheduler:  cosine
  Warmup:     0
  Grad clip:  None
  Drop last:  True
  Data dir:   ./data
================================================================================


================================================================================
DISTRIBUTED TRAINING LAUNCHER
================================================================================
  Model:      wide_resnet50_2 (CIFAR stem) (from scratch)
  Dataset:    cifar10 (10 classes)
  Image size: 32
  LR:         0.1
  Momentum:   0.9 (nesterov=True)
  Optimizer:  sgd
  Weight dec: 0.0005 (on BN/bias=False)
  Backend:    mpi
  Algorithm:  ring_zfp_online_coll
  ZFP rate:   8
  Epochs:     10
  Batch/rank: 16
  LR:         0.1
  Scheduler:  cosine
  Warmup:     0
  Grad clip:  None
  Drop last:  True
  Data dir:   ./data
================================================================================


================================================================================
DISTRIBUTED TRAINING LAUNCHER
================================================================================
  Model:      wide_resnet50_2 (CIFAR stem) (from scratch)
  Dataset:    cifar10 (10 classes)
  Image size: 32
  LR:         0.1
  Momentum:   0.9 (nesterov=True)
  Optimizer:  sgd
  Weight dec: 0.0005 (on BN/bias=False)
  Backend:    mpi
  Algorithm:  ring_zfp_online_coll
  ZFP rate:   8
  Epochs:     10
  Batch/rank: 16
  LR:         0.1
  Scheduler:  cosine
  Warmup:     0
  Grad clip:  None
  Drop last:  True
  Data dir:   ./data
================================================================================


================================================================================
DISTRIBUTED TRAINING LAUNCHER
================================================================================
  Model:      wide_resnet50_2 (CIFAR stem) (from scratch)
  Dataset:    cifar10 (10 classes)
  Image size: 32
  LR:         0.1
  Momentum:   0.9 (nesterov=True)
  Optimizer:  sgd
  Weight dec: 0.0005 (on BN/bias=False)
  Backend:    mpi
  Algorithm:  ring_zfp_online_coll
  ZFP rate:   8
  Epochs:     10
  Batch/rank: 16
  LR:         0.1
  Scheduler:  cosine
  Warmup:     0
  Grad clip:  None
  Drop last:  True
  Data dir:   ./data
================================================================================


================================================================================
DISTRIBUTED TRAINING LAUNCHER
================================================================================
  Model:      wide_resnet50_2 (CIFAR stem) (from scratch)
  Dataset:    cifar10 (10 classes)
  Image size: 32
  LR:         0.1
  Momentum:   0.9 (nesterov=True)
  Optimizer:  sgd
  Weight dec: 0.0005 (on BN/bias=False)
  Backend:    mpi
  Algorithm:  ring_zfp_online_coll
  ZFP rate:   8
  Epochs:     10
  Batch/rank: 16
  LR:         0.1
  Scheduler:  cosine
  Warmup:     0
  Grad clip:  None
  Drop last:  True
  Data dir:   ./data
================================================================================


================================================================================
DISTRIBUTED TRAINING LAUNCHER
================================================================================
  Model:      wide_resnet50_2 (CIFAR stem) (from scratch)
  Dataset:    cifar10 (10 classes)
  Image size: 32
  LR:         0.1
  Momentum:   0.9 (nesterov=True)
  Optimizer:  sgd
  Weight dec: 0.0005 (on BN/bias=False)
  Backend:    mpi
  Algorithm:  ring_zfp_online_coll
  ZFP rate:   8
  Epochs:     10
  Batch/rank: 16
  LR:         0.1
  Scheduler:  cosine
  Warmup:     0
  Grad clip:  None
  Drop last:  True
  Data dir:   ./data
================================================================================


================================================================================
DISTRIBUTED TRAINING LAUNCHER
================================================================================
  Model:      wide_resnet50_2 (CIFAR stem) (from scratch)
  Dataset:    cifar10 (10 classes)
  Image size: 32
  LR:         0.1
  Momentum:   0.9 (nesterov=True)
  Optimizer:  sgd
  Weight dec: 0.0005 (on BN/bias=False)
  Backend:    mpi
  Algorithm:  ring_zfp_online_coll
  ZFP rate:   8
  Epochs:     10
  Batch/rank: 16
  LR:         0.1
  Scheduler:  cosine
  Warmup:     0
  Grad clip:  None
  Drop last:  True
  Data dir:   ./data
================================================================================


================================================================================
DISTRIBUTED TRAINING LAUNCHER
================================================================================
  Model:      wide_resnet50_2 (CIFAR stem) (from scratch)
  Dataset:    cifar10 (10 classes)
  Image size: 32
  LR:         0.1
  Momentum:   0.9 (nesterov=True)
  Optimizer:  sgd
  Weight dec: 0.0005 (on BN/bias=False)
  Backend:    mpi
  Algorithm:  ring_zfp_online_coll
  ZFP rate:   8
  Epochs:     10
  Batch/rank: 16
  LR:         0.1
  Scheduler:  cosine
  Warmup:     0
  Grad clip:  None
  Drop last:  True
  Data dir:   ./data
================================================================================


================================================================================
DISTRIBUTED TRAINING LAUNCHER
================================================================================
  Model:      wide_resnet50_2 (CIFAR stem) (from scratch)
  Dataset:    cifar10 (10 classes)
  Image size: 32
  LR:         0.1
  Momentum:   0.9 (nesterov=True)
  Optimizer:  sgd
  Weight dec: 0.0005 (on BN/bias=False)
  Backend:    mpi
  Algorithm:  ring_zfp_online_coll
  ZFP rate:   8
  Epochs:     10
  Batch/rank: 16
  LR:         0.1
  Scheduler:  cosine
  Warmup:     0
  Grad clip:  None
  Drop last:  True
  Data dir:   ./data
================================================================================


================================================================================
DISTRIBUTED TRAINING LAUNCHER
================================================================================
  Model:      wide_resnet50_2 (CIFAR stem) (from scratch)
  Dataset:    cifar10 (10 classes)
  Image size: 32
  LR:         0.1
  Momentum:   0.9 (nesterov=True)
  Optimizer:  sgd
  Weight dec: 0.0005 (on BN/bias=False)
  Backend:    mpi
  Algorithm:  ring_zfp_online_coll
  ZFP rate:   8
  Epochs:     10
  Batch/rank: 16
  LR:         0.1
  Scheduler:  cosine
  Warmup:     0
  Grad clip:  None
  Drop last:  True
  Data dir:   ./data
================================================================================


================================================================================
DISTRIBUTED TRAINING LAUNCHER
================================================================================
  Model:      wide_resnet50_2 (CIFAR stem) (from scratch)
  Dataset:    cifar10 (10 classes)
  Image size: 32
  LR:         0.1
  Momentum:   0.9 (nesterov=True)
  Optimizer:  sgd
  Weight dec: 0.0005 (on BN/bias=False)
  Backend:    mpi
  Algorithm:  ring_zfp_online_coll
  ZFP rate:   8
  Epochs:     10
  Batch/rank: 16
  LR:         0.1
  Scheduler:  cosine
  Warmup:     0
  Grad clip:  None
  Drop last:  True
  Data dir:   ./data
================================================================================


================================================================================
DISTRIBUTED TRAINING LAUNCHER
================================================================================
  Model:      wide_resnet50_2 (CIFAR stem) (from scratch)
  Dataset:    cifar10 (10 classes)
  Image size: 32
  LR:         0.1
  Momentum:   0.9 (nesterov=True)
  Optimizer:  sgd
  Weight dec: 0.0005 (on BN/bias=False)
  Backend:    mpi
  Algorithm:  ring_zfp_online_coll
  ZFP rate:   8
  Epochs:     10
  Batch/rank: 16
  LR:         0.1
  Scheduler:  cosine
  Warmup:     0
  Grad clip:  None
  Drop last:  True
  Data dir:   ./data
================================================================================


================================================================================
DISTRIBUTED TRAINING LAUNCHER
================================================================================
  Model:      wide_resnet50_2 (CIFAR stem) (from scratch)
  Dataset:    cifar10 (10 classes)
  Image size: 32
  LR:         0.1
  Momentum:   0.9 (nesterov=True)
  Optimizer:  sgd
  Weight dec: 0.0005 (on BN/bias=False)
  Backend:    mpi
  Algorithm:  ring_zfp_online_coll
  ZFP rate:   8
  Epochs:     10
  Batch/rank: 16
  LR:         0.1
  Scheduler:  cosine
  Warmup:     0
  Grad clip:  None
  Drop last:  True
  Data dir:   ./data
================================================================================


================================================================================
DISTRIBUTED TRAINING LAUNCHER
================================================================================
  Model:      wide_resnet50_2 (CIFAR stem) (from scratch)
  Dataset:    cifar10 (10 classes)
  Image size: 32
  LR:         0.1
  Momentum:   0.9 (nesterov=True)
  Optimizer:  sgd
  Weight dec: 0.0005 (on BN/bias=False)
  Backend:    mpi
  Algorithm:  ring_zfp_online_coll
  ZFP rate:   8
  Epochs:     10
  Batch/rank: 16
  LR:         0.1
  Scheduler:  cosine
  Warmup:     0
  Grad clip:  None
  Drop last:  True
  Data dir:   ./data
================================================================================


================================================================================
DISTRIBUTED TRAINING LAUNCHER
================================================================================
  Model:      wide_resnet50_2 (CIFAR stem) (from scratch)
  Dataset:    cifar10 (10 classes)
  Image size: 32
  LR:         0.1
  Momentum:   0.9 (nesterov=True)
  Optimizer:  sgd
  Weight dec: 0.0005 (on BN/bias=False)
  Backend:    mpi
  Algorithm:  ring_zfp_online_coll
  ZFP rate:   8
  Epochs:     10
  Batch/rank: 16
  LR:         0.1
  Scheduler:  cosine
  Warmup:     0
  Grad clip:  None
  Drop last:  True
  Data dir:   ./data
================================================================================


================================================================================
DISTRIBUTED TRAINING LAUNCHER
================================================================================
  Model:      wide_resnet50_2 (CIFAR stem) (from scratch)
  Dataset:    cifar10 (10 classes)
  Image size: 32
  LR:         0.1
  Momentum:   0.9 (nesterov=True)
  Optimizer:  sgd
  Weight dec: 0.0005 (on BN/bias=False)
  Backend:    mpi
  Algorithm:  ring_zfp_online_coll
  ZFP rate:   8
  Epochs:     10
  Batch/rank: 16
  LR:         0.1
  Scheduler:  cosine
  Warmup:     0
  Grad clip:  None
  Drop last:  True
  Data dir:   ./data
================================================================================

  Batch [50/97] Loss: 30.5985, Acc: 10.62%, lr: 0.099346
[Epoch 1] Train Loss: 21.5830, Acc: 10.57%  |  Val Loss: 3619.2633, Acc: 10.00%  |  Time: 20.9s
[Epoch 1] t_iter median: 169.30 ms  (fwd 7.30 | bwd+comm 158.47 | opt 3.52 | data 0.06)  |  train-only epoch: 17.3s
  -> Best model saved (10.00%)
[Epoch 1] Summarizing hook timing...

[HOOK_TIMING_SUMMARY] epoch=1
[HOOK_WORK_SUMMARY] label=mpi:ring_zfp_online_coll:rate8 calls=762 work_total_ms=15161.365 work_mean_ms=19.897 work_min_ms=15.069 work_max_ms=87.818
[HOOK_TAIL_SUMMARY] label=mpi:ring_zfp_online_coll:rate8 steps=98 tail_total_ms=14310.053 tail_mean_ms=146.021 tail_min_ms=20.051 tail_max_ms=182.420
[Epoch 1] Hook timing summary done

[Epoch 2] Training... (lr at epoch start=0.097553)
  Batch [50/97] Loss: 8.7724, Acc: 15.50%, lr: 0.094440
[Epoch 2] Train Loss: 8.1038, Acc: 13.53%  |  Val Loss: 5000.1803, Acc: 10.00%  |  Time: 20.4s
[Epoch 2] t_iter median: 169.57 ms  (fwd 7.30 | bwd+comm 158.69 | opt 3.52 | data 0.07)  |  train-only epoch: 16.7s
[Epoch 2] Summarizing hook timing...

[HOOK_TIMING_SUMMARY] epoch=2
[HOOK_WORK_SUMMARY] label=mpi:ring_zfp_online_coll:rate8 calls=776 work_total_ms=15347.575 work_mean_ms=19.778 work_min_ms=15.292 work_max_ms=37.380
[HOOK_TAIL_SUMMARY] label=mpi:ring_zfp_online_coll:rate8 steps=97 tail_total_ms=14459.223 tail_mean_ms=149.064 tail_min_ms=141.040 tail_max_ms=182.530
[Epoch 2] Hook timing summary done

[Epoch 3] Training... (lr at epoch start=0.090451)
  Batch [50/97] Loss: 6.1201, Acc: 15.12%, lr: 0.085183
[Epoch 3] Train Loss: 6.4503, Acc: 13.34%  |  Val Loss: 2647.8487, Acc: 10.00%  |  Time: 20.4s
[Epoch 3] t_iter median: 169.81 ms  (fwd 7.30 | bwd+comm 159.02 | opt 3.51 | data 0.07)  |  train-only epoch: 16.8s
[Epoch 3] Summarizing hook timing...

[HOOK_TIMING_SUMMARY] epoch=3
[HOOK_WORK_SUMMARY] label=mpi:ring_zfp_online_coll:rate8 calls=776 work_total_ms=15404.885 work_mean_ms=19.852 work_min_ms=15.198 work_max_ms=39.000
[HOOK_TAIL_SUMMARY] label=mpi:ring_zfp_online_coll:rate8 steps=97 tail_total_ms=14534.818 tail_mean_ms=149.843 tail_min_ms=144.916 tail_max_ms=184.194
[Epoch 3] Hook timing summary done

[Epoch 4] Training... (lr at epoch start=0.079389)
  Batch [50/97] Loss: 4.3895, Acc: 16.75%, lr: 0.072483
[Epoch 4] Train Loss: 5.0504, Acc: 15.27%  |  Val Loss: 2751.7565, Acc: 10.22%  |  Time: 20.5s
[Epoch 4] t_iter median: 170.64 ms  (fwd 7.19 | bwd+comm 160.13 | opt 3.27 | data 0.07)  |  train-only epoch: 16.8s
  -> Best model saved (10.22%)
[Epoch 4] Summarizing hook timing...

[HOOK_TIMING_SUMMARY] epoch=4
[HOOK_WORK_SUMMARY] label=mpi:ring_zfp_online_coll:rate8 calls=776 work_total_ms=15532.769 work_mean_ms=20.016 work_min_ms=15.197 work_max_ms=38.384
[HOOK_TAIL_SUMMARY] label=mpi:ring_zfp_online_coll:rate8 steps=97 tail_total_ms=14690.990 tail_mean_ms=151.454 tail_min_ms=147.137 tail_max_ms=187.968
[Epoch 4] Hook timing summary done

[Epoch 5] Training... (lr at epoch start=0.065451)
  Batch [50/97] Loss: 5.0591, Acc: 15.50%, lr: 0.057582
[Epoch 5] Train Loss: 4.5572, Acc: 15.98%  |  Val Loss: 2445.3190, Acc: 10.00%  |  Time: 20.4s
[Epoch 5] t_iter median: 170.44 ms  (fwd 7.31 | bwd+comm 159.82 | opt 3.22 | data 0.07)  |  train-only epoch: 16.8s
[Epoch 5] Summarizing hook timing...

[HOOK_TIMING_SUMMARY] epoch=5
[HOOK_WORK_SUMMARY] label=mpi:ring_zfp_online_coll:rate8 calls=776 work_total_ms=15448.581 work_mean_ms=19.908 work_min_ms=15.200 work_max_ms=32.676
[HOOK_TAIL_SUMMARY] label=mpi:ring_zfp_online_coll:rate8 steps=97 tail_total_ms=14604.257 tail_mean_ms=150.559 tail_min_ms=142.408 tail_max_ms=176.130
[Epoch 5] Hook timing summary done

[Epoch 6] Training... (lr at epoch start=0.050000)
  Batch [50/97] Loss: 3.7924, Acc: 13.25%, lr: 0.041938
[Epoch 6] Train Loss: 3.7233, Acc: 14.76%  |  Val Loss: 611.1155, Acc: 9.84%  |  Time: 20.5s
[Epoch 6] t_iter median: 170.79 ms  (fwd 7.27 | bwd+comm 159.98 | opt 3.52 | data 0.08)  |  train-only epoch: 16.8s
[Epoch 6] Summarizing hook timing...

[HOOK_TIMING_SUMMARY] epoch=6
[HOOK_WORK_SUMMARY] label=mpi:ring_zfp_online_coll:rate8 calls=776 work_total_ms=15463.250 work_mean_ms=19.927 work_min_ms=15.264 work_max_ms=42.655
[HOOK_TAIL_SUMMARY] label=mpi:ring_zfp_online_coll:rate8 steps=97 tail_total_ms=14561.702 tail_mean_ms=150.121 tail_min_ms=145.753 tail_max_ms=181.413
[Epoch 6] Hook timing summary done

[Epoch 7] Training... (lr at epoch start=0.034549)
  Batch [50/97] Loss: 3.2182, Acc: 15.75%, lr: 0.027084
[Epoch 7] Train Loss: 3.1831, Acc: 15.98%  |  Val Loss: 47.2643, Acc: 9.26%  |  Time: 20.3s
[Epoch 7] t_iter median: 169.50 ms  (fwd 7.20 | bwd+comm 158.82 | opt 3.23 | data 0.07)  |  train-only epoch: 16.7s
[Epoch 7] Summarizing hook timing...

[HOOK_TIMING_SUMMARY] epoch=7
[HOOK_WORK_SUMMARY] label=mpi:ring_zfp_online_coll:rate8 calls=776 work_total_ms=15385.948 work_mean_ms=19.827 work_min_ms=15.076 work_max_ms=35.535
[HOOK_TAIL_SUMMARY] label=mpi:ring_zfp_online_coll:rate8 steps=97 tail_total_ms=14528.857 tail_mean_ms=149.782 tail_min_ms=143.937 tail_max_ms=177.464
[Epoch 7] Hook timing summary done

[Epoch 8] Training... (lr at epoch start=0.020611)
  Batch [50/97] Loss: 2.8672, Acc: 15.75%, lr: 0.014473
[Epoch 8] Train Loss: 2.7336, Acc: 16.17%  |  Val Loss: 14.3614, Acc: 12.10%  |  Time: 20.3s
[Epoch 8] t_iter median: 169.61 ms  (fwd 7.16 | bwd+comm 159.02 | opt 3.27 | data 0.07)  |  train-only epoch: 16.7s
  -> Best model saved (12.10%)
[Epoch 8] Summarizing hook timing...

[HOOK_TIMING_SUMMARY] epoch=8
[HOOK_WORK_SUMMARY] label=mpi:ring_zfp_online_coll:rate8 calls=776 work_total_ms=15421.009 work_mean_ms=19.872 work_min_ms=15.309 work_max_ms=36.495
[HOOK_TAIL_SUMMARY] label=mpi:ring_zfp_online_coll:rate8 steps=97 tail_total_ms=14575.946 tail_mean_ms=150.267 tail_min_ms=146.133 tail_max_ms=177.874
[Epoch 8] Hook timing summary done

[Epoch 9] Training... (lr at epoch start=0.009549)
  Batch [50/97] Loss: 2.6975, Acc: 18.62%, lr: 0.005340
[Epoch 9] Train Loss: 2.6173, Acc: 18.75%  |  Val Loss: 5.8163, Acc: 19.45%  |  Time: 20.4s
[Epoch 9] t_iter median: 170.07 ms  (fwd 7.21 | bwd+comm 159.50 | opt 3.27 | data 0.07)  |  train-only epoch: 16.8s
  -> Best model saved (19.45%)
[Epoch 9] Summarizing hook timing...

[HOOK_TIMING_SUMMARY] epoch=9
[HOOK_WORK_SUMMARY] label=mpi:ring_zfp_online_coll:rate8 calls=776 work_total_ms=15463.668 work_mean_ms=19.927 work_min_ms=15.185 work_max_ms=38.533
[HOOK_TAIL_SUMMARY] label=mpi:ring_zfp_online_coll:rate8 steps=97 tail_total_ms=14612.632 tail_mean_ms=150.646 tail_min_ms=140.327 tail_max_ms=185.372
[Epoch 9] Hook timing summary done

[Epoch 10] Training... (lr at epoch start=0.002447)
  Batch [50/97] Loss: 2.5122, Acc: 18.62%, lr: 0.000578
[Epoch 10] Train Loss: 2.5108, Acc: 19.14%  |  Val Loss: 3.5871, Acc: 19.31%  |  Time: 20.4s
[Epoch 10] t_iter median: 170.05 ms  (fwd 7.23 | bwd+comm 159.47 | opt 3.27 | data 0.07)  |  train-only epoch: 16.8s
[Epoch 10] Summarizing hook timing...

[HOOK_TIMING_SUMMARY] epoch=10
[HOOK_WORK_SUMMARY] label=mpi:ring_zfp_online_coll:rate8 calls=776 work_total_ms=15489.504 work_mean_ms=19.961 work_min_ms=15.132 work_max_ms=43.452
[HOOK_TAIL_SUMMARY] label=mpi:ring_zfp_online_coll:rate8 steps=97 tail_total_ms=14641.207 tail_mean_ms=150.940 tail_min_ms=146.458 tail_max_ms=180.590
[Epoch 10] Hook timing summary done

================================================================================
Done in 208.2s | Best val acc: 19.45%
Epoch times (train+val): mean=20.5s  min=20.3s  max=20.9s
Train-only epoch time (epochs 2..N): median=16.76s  min=16.71s  max=16.84s
  -> use this for STRONG scaling (fixed global batch)
  -> use t_iter_median_ms from the CSV for WEAK scaling (fixed local batch)
================================================================================
=== Finished training: model=wide_resnet50_2, dataset=cifar10, batch=16, lr=0.1, scheduler=cosine, backend=mpi, hook=ring_zfp_online_coll, zfp_rate=8, status=0 at Thu Jul 30 09:28:37 PM UTC 2026 ===
=== Job finished: Thu Jul 30 09:28:37 PM UTC 2026 ===
