=== Job started: Fri Jul 17 08:29:19 PM EDT 2026 ===
=== Node: frontier10314 ===
=== Copying golden cache from Lustre to local NVMe on  frontier10314  ===
Using ENV_TARBALL=/lustre/orion/gen243/proj-shared/matilderestelli/pytorch/conda_env_torch_vision_20260701_hipfix.tar.gz
Using ENV_DIR=/mnt/bb/matilderestelli/torch_env
Deactivating conda environments
PyTorch: 2.14.0a0
Location: /mnt/bb/matilderestelli/torch_env/lib/python3.10/site-packages/torch/__init__.py
HIP available: True gpus: 8
MPI available: True
=== Starting: model=wide_resnet50_2, ws=8, bs=64, gb=512, lr=0.1, sched=cosine, warmup=0, mom=0.9, wd=5e-4, nesterov=true, wd_bn_bias=false, backend=mpi, hook=none, zfp=none at Fri Jul 17 08:30:03 PM EDT 2026 ===
MIOPEN_USER_DB_PATH=/mnt/bb/matilderestelli/miopen_cache_5019124/miopen_db
MIOPEN_CUSTOM_CACHE_DIR=/mnt/bb/matilderestelli/miopen_cache_5019124/kernel_cache
drwxr-sr-x 2 matilderestelli gen243 103 Jul 14 05:38 /mnt/bb/matilderestelli/miopen_cache_5019124/miopen_db
==== GPU visibility debug (batch shell) ====
frontier10314
ROCR_VISIBLE_DEVICES=0,1,2,3,4,5,6,7
SLURM_JOB_GPUS=0,1,2,3,4,5,6,7
[37mROCk module version 6.16.13 is loaded[0m
=====================    
HSA System Attributes    
=====================    
Runtime Version:         1.18
Runtime Ext Version:     1.14
System Timestamp Freq.:  1000.000000MHz
Sig. Max Wait Duration:  18446744073709551615 (0xFFFFFFFFFFFFFFFF) (timestamp count)
Machine Model:           LARGE                              
System Endianness:       LITTLE                             
Mwaitx:                  DISABLED
XNACK enabled:           NO
DMAbuf Support:          YES
VMM Support:             YES

==========               
HSA Agents               
==========               
*******                  
Agent 1                  
*******                  
  Name:                    AMD EPYC 7A53 64-Core Processor    
  Uuid:                    CPU-XX                             
  Marketing Name:          AMD EPYC 7A53 64-Core Processor    
  Vendor Name:             CPU                                
  Feature:                 None specified                     
  Profile:                 FULL_PROFILE                       
  Float Round Mode:        NEAR                               
  Max Queue Number:        0(0x0)                             
  Queue Min Size:          0(0x0)                             

================================================================================
DISTRIBUTED TRAINING LAUNCHER
================================================================================
  Model:      wide_resnet50_2 (CIFAR stem) (from scratch)
  Dataset:    cifar10 (10 classes)
  Image size: 32
  LR:         0.1
  Momentum:   0.9 (nesterov=True)
  Optimizer:  sgd
  Weight dec: 0.0005 (on BN/bias=False)
  Backend:    mpi
  Algorithm:  built-in (no hook)
  Epochs:     20
  Batch/rank: 64
  LR:         0.1
  Scheduler:  cosine
  Warmup:     0
  Grad clip:  None
  Drop last:  True
  Data dir:   ./data
================================================================================


================================================================================
DISTRIBUTED TRAINING LAUNCHER
================================================================================
  Model:      wide_resnet50_2 (CIFAR stem) (from scratch)
  Dataset:    cifar10 (10 classes)
  Image size: 32
  LR:         0.1
  Momentum:   0.9 (nesterov=True)
  Optimizer:  sgd
  Weight dec: 0.0005 (on BN/bias=False)
  Backend:    mpi
  Algorithm:  built-in (no hook)
  Epochs:     20
  Batch/rank: 64
  LR:         0.1
  Scheduler:  cosine
  Warmup:     0
  Grad clip:  None
  Drop last:  True
  Data dir:   ./data
================================================================================


================================================================================
DISTRIBUTED TRAINING LAUNCHER
================================================================================
  Model:      wide_resnet50_2 (CIFAR stem) (from scratch)
  Dataset:    cifar10 (10 classes)
  Image size: 32
  LR:         0.1
  Momentum:   0.9 (nesterov=True)
  Optimizer:  sgd
  Weight dec: 0.0005 (on BN/bias=False)
  Backend:    mpi
  Algorithm:  built-in (no hook)

================================================================================
DISTRIBUTED TRAINING LAUNCHER
================================================================================
  Model:      wide_resnet50_2 (CIFAR stem) (from scratch)
  Dataset:    cifar10 (10 classes)
  Image size: 32
  LR:         0.1
  Momentum:   0.9 (nesterov=True)
  Optimizer:  sgd
  Weight dec: 0.0005 (on BN/bias=False)
  Backend:    mpi
  Algorithm:  built-in (no hook)
  Epochs:     20
  Batch/rank: 64
  LR:         0.1
  Scheduler:  cosine
  Warmup:     0
  Grad clip:  None
  Drop last:  True
  Data dir:   ./data
================================================================================

  Epochs:     20
  Batch/rank: 64
  LR:         0.1
  Scheduler:  cosine
  Warmup:     0
  Grad clip:  None
  Drop last:  True
  Data dir:   ./data
================================================================================


================================================================================
DISTRIBUTED TRAINING LAUNCHER
================================================================================
  Model:      wide_resnet50_2 (CIFAR stem) (from scratch)
  Dataset:    cifar10 (10 classes)
  Image size: 32
  LR:         0.1
  Momentum:   0.9 (nesterov=True)
  Optimizer:  sgd
  Weight dec: 0.0005 (on BN/bias=False)
  Backend:    mpi
  Algorithm:  built-in (no hook)
  Epochs:     20
  Batch/rank: 64
  LR:         0.1
  Scheduler:  cosine
  Warmup:     0
  Grad clip:  None
  Drop last:  True
  Data dir:   ./data
================================================================================


================================================================================
DISTRIBUTED TRAINING LAUNCHER
================================================================================
  Model:      wide_resnet50_2 (CIFAR stem) (from scratch)
  Dataset:    cifar10 (10 classes)
  Image size: 32
  LR:         0.1
  Momentum:   0.9 (nesterov=True)
  Optimizer:  sgd
  Weight dec: 0.0005 (on BN/bias=False)
  Backend:    mpi
  Algorithm:  built-in (no hook)
  Epochs:     20
  Batch/rank: 64
  LR:         0.1
  Scheduler:  cosine
  Warmup:     0
  Grad clip:  None
  Drop last:  True
  Data dir:   ./data
================================================================================


================================================================================
DISTRIBUTED TRAINING LAUNCHER
================================================================================
  Model:      wide_resnet50_2 (CIFAR stem) (from scratch)
  Dataset:    cifar10 (10 classes)
  Image size: 32
  LR:         0.1
  Momentum:   0.9 (nesterov=True)
  Optimizer:  sgd
  Weight dec: 0.0005 (on BN/bias=False)
  Backend:    mpi
  Algorithm:  built-in (no hook)
  Epochs:     20
  Batch/rank: 64
  LR:         0.1
  Scheduler:  cosine
  Warmup:     0
  Grad clip:  None
  Drop last:  True
  Data dir:   ./data
================================================================================


================================================================================
DISTRIBUTED TRAINING LAUNCHER
================================================================================
  Model:      wide_resnet50_2 (CIFAR stem) (from scratch)
  Dataset:    cifar10 (10 classes)
  Image size: 32
  LR:         0.1
  Momentum:   0.9 (nesterov=True)
  Optimizer:  sgd
  Weight dec: 0.0005 (on BN/bias=False)
  Backend:    mpi
  Algorithm:  built-in (no hook)
  Epochs:     20
  Batch/rank: 64
  LR:         0.1
  Scheduler:  cosine
  Warmup:     0
  Grad clip:  None
  Drop last:  True
  Data dir:   ./data
================================================================================


================================================================================
Distributed Training: WIDE_RESNET50_2 on CIFAR10
Backend: MPI, Algorithm: built-in (no hook)
================================================================================
Ranks: 8, Epochs: 20, Batch/rank: 64, Effective batch: 512
LR: 0.1, Device: cuda:0

[Cache] Pretrained weights cache (TORCH_HOME) = /lustre/orion/gen243/proj-shared/matilderestelli/pretrained_weights_cache
[Setup] Model on cuda:0, wrapped in DDP (static_graph=True)
[Setup] No hook — using DDP built-in MPI allreduce
[Optim] SGD: lr=0.1 momentum=0.9 nesterov=True wd=0.0005 wd_on_bn_bias=False
[Optim]   group 0: 66,778,816 params, wd=0.0005
[Optim]   group 1: 68,234 params, wd=0.0
[Data] Train batches: 97, Val batches: 157

[Sched] cosine: steps/epoch=97, total_steps=1940, warmup_steps=0 (0 epochs)


[Epoch 1] Training... (lr at epoch start=0.100000)
  Batch [50/97] Loss: 10.6620, Acc: 10.72%, lr: 0.099836
[Epoch 1] Train Loss: 7.4504, Acc: 10.52%  |  Val Loss: 3.3620, Acc: 9.87%  |  Time: 45.8s
[Epoch 1] t_iter median: 94.52 ms  (fwd 27.95 | bwd+comm 56.82 | opt 5.88 | data 0.09)  |  train-only epoch: 31.3s
  -> Best model saved (9.87%)
[Epoch 1] Summarizing hook timing...
[HOOK_TIMING_SUMMARY] epoch=1 no hook timing samples
[Epoch 1] Hook timing summary done

[Epoch 2] Training... (lr at epoch start=0.099384)
  Batch [50/97] Loss: 3.0001, Acc: 10.50%, lr: 0.098590
[Epoch 2] Train Loss: 2.9179, Acc: 10.36%  |  Val Loss: 2.7964, Acc: 10.42%  |  Time: 15.2s
[Epoch 2] t_iter median: 95.14 ms  (fwd 25.11 | bwd+comm 48.61 | opt 5.71 | data 15.79)  |  train-only epoch: 9.2s
  -> Best model saved (10.42%)
[Epoch 2] Summarizing hook timing...
[HOOK_TIMING_SUMMARY] epoch=2 no hook timing samples
[Epoch 2] Hook timing summary done

[Epoch 3] Training... (lr at epoch start=0.097553)
  Batch [50/97] Loss: 2.7186, Acc: 10.66%, lr: 0.096147
[Epoch 3] Train Loss: 2.6674, Acc: 10.70%  |  Val Loss: 2.5984, Acc: 10.40%  |  Time: 15.9s
[Epoch 3] t_iter median: 95.19 ms  (fwd 24.99 | bwd+comm 48.75 | opt 5.72 | data 15.51)  |  train-only epoch: 9.9s
[Epoch 3] Summarizing hook timing...
[HOOK_TIMING_SUMMARY] epoch=3 no hook timing samples
[Epoch 3] Hook timing summary done

[Epoch 4] Training... (lr at epoch start=0.094550)
  Batch [50/97] Loss: 5.4118, Acc: 9.84%, lr: 0.092568
[Epoch 4] Train Loss: 5.6317, Acc: 9.49%  |  Val Loss: 7.6038, Acc: 10.64%  |  Time: 15.7s
[Epoch 4] t_iter median: 95.26 ms  (fwd 29.10 | bwd+comm 57.21 | opt 6.07 | data 0.08)  |  train-only epoch: 9.9s
  -> Best model saved (10.64%)
[Epoch 4] Summarizing hook timing...
[HOOK_TIMING_SUMMARY] epoch=4 no hook timing samples
[Epoch 4] Hook timing summary done

[Epoch 5] Training... (lr at epoch start=0.090451)
  Batch [50/97] Loss: 2.4430, Acc: 13.19%, lr: 0.087941
[Epoch 5] Train Loss: 2.3489, Acc: 14.92%  |  Val Loss: 2.2756, Acc: 17.50%  |  Time: 15.2s
[Epoch 5] t_iter median: 95.17 ms  (fwd 25.11 | bwd+comm 48.70 | opt 5.72 | data 15.73)  |  train-only epoch: 9.3s
  -> Best model saved (17.50%)
[Epoch 5] Summarizing hook timing...
[HOOK_TIMING_SUMMARY] epoch=5 no hook timing samples
[Epoch 5] Hook timing summary done

[Epoch 6] Training... (lr at epoch start=0.085355)
  Batch [50/97] Loss: 2.2426, Acc: 17.25%, lr: 0.082380
[Epoch 6] Train Loss: 2.2355, Acc: 17.16%  |  Val Loss: 2.3450, Acc: 15.68%  |  Time: 15.3s
[Epoch 6] t_iter median: 95.22 ms  (fwd 25.07 | bwd+comm 48.76 | opt 5.72 | data 15.63)  |  train-only epoch: 9.3s
[Epoch 6] Summarizing hook timing...
[HOOK_TIMING_SUMMARY] epoch=6 no hook timing samples
[Epoch 6] Hook timing summary done

[Epoch 7] Training... (lr at epoch start=0.079389)
  Batch [50/97] Loss: 2.1906, Acc: 17.28%, lr: 0.076021
[Epoch 7] Train Loss: 2.1894, Acc: 18.20%  |  Val Loss: 2.1705, Acc: 20.03%  |  Time: 15.2s
[Epoch 7] t_iter median: 95.41 ms  (fwd 25.14 | bwd+comm 48.73 | opt 5.72 | data 15.71)  |  train-only epoch: 9.3s
  -> Best model saved (20.03%)
[Epoch 7] Summarizing hook timing...
[HOOK_TIMING_SUMMARY] epoch=7 no hook timing samples
[Epoch 7] Hook timing summary done

[Epoch 8] Training... (lr at epoch start=0.072700)
  Batch [50/97] Loss: 2.1610, Acc: 19.59%, lr: 0.069022
[Epoch 8] Train Loss: 2.1545, Acc: 20.14%  |  Val Loss: 2.1096, Acc: 23.66%  |  Time: 15.3s
[Epoch 8] t_iter median: 95.37 ms  (fwd 25.12 | bwd+comm 48.73 | opt 5.72 | data 15.65)  |  train-only epoch: 9.3s
  -> Best model saved (23.66%)
[Epoch 8] Summarizing hook timing...
[HOOK_TIMING_SUMMARY] epoch=8 no hook timing samples
[Epoch 8] Hook timing summary done

[Epoch 9] Training... (lr at epoch start=0.065451)
  Batch [50/97] Loss: 2.1300, Acc: 21.34%, lr: 0.061554
[Epoch 9] Train Loss: 2.1214, Acc: 22.00%  |  Val Loss: 2.2353, Acc: 23.37%  |  Time: 15.3s
[Epoch 9] t_iter median: 95.35 ms  (fwd 25.12 | bwd+comm 48.74 | opt 5.72 | data 15.77)  |  train-only epoch: 9.3s
[Epoch 9] Summarizing hook timing...
[HOOK_TIMING_SUMMARY] epoch=9 no hook timing samples
[Epoch 9] Hook timing summary done

[Epoch 10] Training... (lr at epoch start=0.057822)
  Batch [50/97] Loss: 2.1715, Acc: 19.69%, lr: 0.053802
[Epoch 10] Train Loss: 2.1498, Acc: 20.88%  |  Val Loss: 2.5560, Acc: 14.31%  |  Time: 15.3s
[Epoch 10] t_iter median: 95.29 ms  (fwd 25.28 | bwd+comm 49.44 | opt 5.80 | data 0.09)  |  train-only epoch: 9.3s
[Epoch 10] Summarizing hook timing...
[HOOK_TIMING_SUMMARY] epoch=10 no hook timing samples
[Epoch 10] Hook timing summary done

[Epoch 11] Training... (lr at epoch start=0.050000)
  Batch [50/97] Loss: 2.1542, Acc: 21.22%, lr: 0.045956
[Epoch 11] Train Loss: 2.1211, Acc: 21.65%  |  Val Loss: 2.1128, Acc: 26.17%  |  Time: 15.3s
[Epoch 11] t_iter median: 95.39 ms  (fwd 28.14 | bwd+comm 56.60 | opt 6.02 | data 0.09)  |  train-only epoch: 9.3s
  -> Best model saved (26.17%)
[Epoch 11] Summarizing hook timing...
[HOOK_TIMING_SUMMARY] epoch=11 no hook timing samples
[Epoch 11] Hook timing summary done

[Epoch 12] Training... (lr at epoch start=0.042178)
  Batch [50/97] Loss: 2.0170, Acc: 24.75%, lr: 0.038210
[Epoch 12] Train Loss: 1.9889, Acc: 26.00%  |  Val Loss: 1.9887, Acc: 26.85%  |  Time: 15.2s
[Epoch 12] t_iter median: 95.38 ms  (fwd 25.18 | bwd+comm 48.70 | opt 5.73 | data 15.76)  |  train-only epoch: 9.3s
  -> Best model saved (26.85%)
[Epoch 12] Summarizing hook timing...
[HOOK_TIMING_SUMMARY] epoch=12 no hook timing samples
[Epoch 12] Hook timing summary done

[Epoch 13] Training... (lr at epoch start=0.034549)
  Batch [50/97] Loss: 2.0457, Acc: 24.00%, lr: 0.030754
[Epoch 13] Train Loss: 1.9891, Acc: 24.97%  |  Val Loss: 2.0840, Acc: 27.56%  |  Time: 15.2s
[Epoch 13] t_iter median: 95.33 ms  (fwd 25.17 | bwd+comm 48.79 | opt 5.72 | data 15.63)  |  train-only epoch: 9.3s
  -> Best model saved (27.56%)
[Epoch 13] Summarizing hook timing...
[HOOK_TIMING_SUMMARY] epoch=13 no hook timing samples
[Epoch 13] Hook timing summary done

[Epoch 14] Training... (lr at epoch start=0.027300)
  Batch [50/97] Loss: 1.9311, Acc: 29.12%, lr: 0.023772
[Epoch 14] Train Loss: 1.9229, Acc: 29.30%  |  Val Loss: 1.9564, Acc: 29.15%  |  Time: 15.2s
[Epoch 14] t_iter median: 95.36 ms  (fwd 25.14 | bwd+comm 48.76 | opt 5.72 | data 15.68)  |  train-only epoch: 9.3s
  -> Best model saved (29.15%)
[Epoch 14] Summarizing hook timing...
[HOOK_TIMING_SUMMARY] epoch=14 no hook timing samples
[Epoch 14] Hook timing summary done

[Epoch 15] Training... (lr at epoch start=0.020611)
  Batch [50/97] Loss: 1.8906, Acc: 28.62%, lr: 0.017435
[Epoch 15] Train Loss: 1.8933, Acc: 29.11%  |  Val Loss: 1.9454, Acc: 29.92%  |  Time: 15.3s
[Epoch 15] t_iter median: 95.34 ms  (fwd 25.14 | bwd+comm 48.75 | opt 5.72 | data 15.72)  |  train-only epoch: 9.3s
  -> Best model saved (29.92%)
[Epoch 15] Summarizing hook timing...
[HOOK_TIMING_SUMMARY] epoch=15 no hook timing samples
[Epoch 15] Hook timing summary done

[Epoch 16] Training... (lr at epoch start=0.014645)
  Batch [50/97] Loss: 1.8692, Acc: 30.44%, lr: 0.011901
[Epoch 16] Train Loss: 1.8660, Acc: 30.46%  |  Val Loss: 1.8503, Acc: 31.90%  |  Time: 15.3s
[Epoch 16] t_iter median: 95.36 ms  (fwd 25.16 | bwd+comm 48.72 | opt 5.72 | data 15.74)  |  train-only epoch: 9.3s
  -> Best model saved (31.90%)
[Epoch 16] Summarizing hook timing...
[HOOK_TIMING_SUMMARY] epoch=16 no hook timing samples
[Epoch 16] Hook timing summary done

[Epoch 17] Training... (lr at epoch start=0.009549)
  Batch [50/97] Loss: 1.8340, Acc: 33.50%, lr: 0.007305
[Epoch 17] Train Loss: 1.8367, Acc: 32.72%  |  Val Loss: 1.8890, Acc: 33.16%  |  Time: 15.2s
[Epoch 17] t_iter median: 95.33 ms  (fwd 25.14 | bwd+comm 48.80 | opt 5.72 | data 15.66)  |  train-only epoch: 9.3s
  -> Best model saved (33.16%)
[Epoch 17] Summarizing hook timing...
[HOOK_TIMING_SUMMARY] epoch=17 no hook timing samples
[Epoch 17] Hook timing summary done

[Epoch 18] Training... (lr at epoch start=0.005450)
  Batch [50/97] Loss: 1.8292, Acc: 30.91%, lr: 0.003760
[Epoch 18] Train Loss: 1.8406, Acc: 31.15%  |  Val Loss: 1.7982, Acc: 33.94%  |  Time: 15.2s
[Epoch 18] t_iter median: 95.24 ms  (fwd 25.12 | bwd+comm 48.79 | opt 5.71 | data 15.66)  |  train-only epoch: 9.3s
  -> Best model saved (33.94%)
[Epoch 18] Summarizing hook timing...
[HOOK_TIMING_SUMMARY] epoch=18 no hook timing samples
[Epoch 18] Hook timing summary done

[Epoch 19] Training... (lr at epoch start=0.002447)
  Batch [50/97] Loss: 1.8243, Acc: 32.06%, lr: 0.001353
[Epoch 19] Train Loss: 1.8227, Acc: 31.78%  |  Val Loss: 1.8016, Acc: 32.76%  |  Time: 15.3s
[Epoch 19] t_iter median: 95.18 ms  (fwd 25.10 | bwd+comm 48.79 | opt 5.71 | data 15.66)  |  train-only epoch: 9.3s
[Epoch 19] Summarizing hook timing...
[HOOK_TIMING_SUMMARY] epoch=19 no hook timing samples
[Epoch 19] Hook timing summary done

[Epoch 20] Training... (lr at epoch start=0.000616)
  Batch [50/97] Loss: 1.8195, Acc: 32.25%, lr: 0.000145
[Epoch 20] Train Loss: 1.8212, Acc: 32.33%  |  Val Loss: 1.8606, Acc: 32.78%  |  Time: 15.3s
[Epoch 20] t_iter median: 95.34 ms  (fwd 25.14 | bwd+comm 48.78 | opt 5.71 | data 15.68)  |  train-only epoch: 9.4s
[Epoch 20] Summarizing hook timing...
[HOOK_TIMING_SUMMARY] epoch=20 no hook timing samples
[Epoch 20] Hook timing summary done

================================================================================
Done in 358.9s | Best val acc: 33.94%
Epoch times (train+val): mean=16.8s  min=15.2s  max=45.8s
Train-only epoch time (epochs 2..N): median=9.32s  min=9.23s  max=9.93s
  -> use this for STRONG scaling (fixed global batch)
  -> use t_iter_median_ms from the CSV for WEAK scaling (fixed local batch)
================================================================================
=== Finished training: model=wide_resnet50_2, dataset=cifar10, batch=64, lr=0.1, scheduler=cosine, backend=mpi, hook=none, zfp_rate=none, status=0 at Fri Jul 17 08:36:11 PM EDT 2026 ===
=== Starting: model=wide_resnet50_2, ws=8, bs=64, gb=512, lr=0.1, sched=cosine, warmup=0, mom=0.9, wd=5e-4, nesterov=true, wd_bn_bias=false, backend=mpi, hook=ring, zfp=none at Fri Jul 17 08:36:11 PM EDT 2026 ===
MIOPEN_USER_DB_PATH=/mnt/bb/matilderestelli/miopen_cache_5019124/miopen_db
MIOPEN_CUSTOM_CACHE_DIR=/mnt/bb/matilderestelli/miopen_cache_5019124/kernel_cache
drwxr-sr-x 2 matilderestelli gen243 103 Jul 14 05:38 /mnt/bb/matilderestelli/miopen_cache_5019124/miopen_db
==== GPU visibility debug (batch shell) ====
frontier10314
ROCR_VISIBLE_DEVICES=0,1,2,3,4,5,6,7
SLURM_JOB_GPUS=0,1,2,3,4,5,6,7
[37mROCk module version 6.16.13 is loaded[0m
=====================    
HSA System Attributes    
=====================    
Runtime Version:         1.18
Runtime Ext Version:     1.14
System Timestamp Freq.:  1000.000000MHz
Sig. Max Wait Duration:  18446744073709551615 (0xFFFFFFFFFFFFFFFF) (timestamp count)
Machine Model:           LARGE                              
System Endianness:       LITTLE                             
Mwaitx:                  DISABLED
XNACK enabled:           NO
DMAbuf Support:          YES
VMM Support:             YES

==========               
HSA Agents               
==========               
*******                  
Agent 1                  
*******                  
  Name:                    AMD EPYC 7A53 64-Core Processor    
  Uuid:                    CPU-XX                             
  Marketing Name:          AMD EPYC 7A53 64-Core Processor    
  Vendor Name:             CPU                                
  Feature:                 None specified                     
  Profile:                 FULL_PROFILE                       
  Float Round Mode:        NEAR                               
  Max Queue Number:        0(0x0)                             
  Queue Min Size:          0(0x0)                             

================================================================================
DISTRIBUTED TRAINING LAUNCHER
================================================================================
  Model:      wide_resnet50_2 (CIFAR stem) (from scratch)
  Dataset:    cifar10 (10 classes)
  Image size: 32
  LR:         0.1
  Momentum:   0.9 (nesterov=True)
  Optimizer:  sgd
  Weight dec: 0.0005 (on BN/bias=False)
  Backend:    mpi
  Algorithm:  ring
  Epochs:     20
  Batch/rank: 64
  LR:         0.1
  Scheduler:  cosine
  Warmup:     0
  Grad clip:  None
  Drop last:  True
  Data dir:   ./data
================================================================================


================================================================================
DISTRIBUTED TRAINING LAUNCHER
================================================================================
  Model:      wide_resnet50_2 (CIFAR stem) (from scratch)
  Dataset:    cifar10 (10 classes)
  Image size: 32
  LR:         0.1
  Momentum:   0.9 (nesterov=True)
  Optimizer:  sgd
  Weight dec: 0.0005 (on BN/bias=False)
  Backend:    mpi
  Algorithm:  ring
  Epochs:     20
  Batch/rank: 64
  LR:         0.1
  Scheduler:  cosine
  Warmup:     0
  Grad clip:  None
  Drop last:  True
  Data dir:   ./data
================================================================================


================================================================================
DISTRIBUTED TRAINING LAUNCHER
================================================================================
  Model:      wide_resnet50_2 (CIFAR stem) (from scratch)
  Dataset:    cifar10 (10 classes)
  Image size: 32
  LR:         0.1
  Momentum:   0.9 (nesterov=True)
  Optimizer:  sgd
  Weight dec: 0.0005 (on BN/bias=False)
  Backend:    mpi
  Algorithm:  ring
  Epochs:     20
  Batch/rank: 64
  LR:         0.1
  Scheduler:  cosine
  Warmup:     0
  Grad clip:  None
  Drop last:  True
  Data dir:   ./data
================================================================================


================================================================================
DISTRIBUTED TRAINING LAUNCHER
================================================================================
  Model:      wide_resnet50_2 (CIFAR stem) (from scratch)
  Dataset:    cifar10 (10 classes)
  Image size: 32
  LR:         0.1
  Momentum:   0.9 (nesterov=True)
  Optimizer:  sgd
  Weight dec: 0.0005 (on BN/bias=False)
  Backend:    mpi
  Algorithm:  ring
  Epochs:     20
  Batch/rank: 64
  LR:         0.1
  Scheduler:  cosine
  Warmup:     0
  Grad clip:  None
  Drop last:  True
  Data dir:   ./data
================================================================================


================================================================================
DISTRIBUTED TRAINING LAUNCHER
================================================================================
  Model:      wide_resnet50_2 (CIFAR stem) (from scratch)
  Dataset:    cifar10 (10 classes)
  Image size: 32
  LR:         0.1
  Momentum:   0.9 (nesterov=True)
  Optimizer:  sgd
  Weight dec: 0.0005 (on BN/bias=False)
  Backend:    mpi
  Algorithm:  ring
  Epochs:     20
  Batch/rank: 64
  LR:         0.1
  Scheduler:  cosine
  Warmup:     0
  Grad clip:  None
  Drop last:  True
  Data dir:   ./data
================================================================================


================================================================================
DISTRIBUTED TRAINING LAUNCHER
================================================================================
  Model:      wide_resnet50_2 (CIFAR stem) (from scratch)
  Dataset:    cifar10 (10 classes)
  Image size: 32
  LR:         0.1
  Momentum:   0.9 (nesterov=True)
  Optimizer:  sgd
  Weight dec: 0.0005 (on BN/bias=False)
  Backend:    mpi
  Algorithm:  ring
  Epochs:     20
  Batch/rank: 64
  LR:         0.1
  Scheduler:  cosine
  Warmup:     0
  Grad clip:  None
  Drop last:  True
  Data dir:   ./data
================================================================================


================================================================================
DISTRIBUTED TRAINING LAUNCHER
================================================================================
  Model:      wide_resnet50_2 (CIFAR stem) (from scratch)
  Dataset:    cifar10 (10 classes)
  Image size: 32
  LR:         0.1
  Momentum:   0.9 (nesterov=True)
  Optimizer:  sgd
  Weight dec: 0.0005 (on BN/bias=False)
  Backend:    mpi
  Algorithm:  ring
  Epochs:     20
  Batch/rank: 64
  LR:         0.1
  Scheduler:  cosine
  Warmup:     0
  Grad clip:  None
  Drop last:  True
  Data dir:   ./data
================================================================================


================================================================================
DISTRIBUTED TRAINING LAUNCHER
================================================================================
  Model:      wide_resnet50_2 (CIFAR stem) (from scratch)
  Dataset:    cifar10 (10 classes)
  Image size: 32
  LR:         0.1
  Momentum:   0.9 (nesterov=True)
  Optimizer:  sgd
  Weight dec: 0.0005 (on BN/bias=False)
  Backend:    mpi
  Algorithm:  ring
  Epochs:     20
  Batch/rank: 64
  LR:         0.1
  Scheduler:  cosine
  Warmup:     0
  Grad clip:  None
  Drop last:  True
  Data dir:   ./data
================================================================================


================================================================================
Distributed Training: WIDE_RESNET50_2 on CIFAR10
Backend: MPI, Algorithm: ring
================================================================================
Ranks: 8, Epochs: 20, Batch/rank: 64, Effective batch: 512
LR: 0.1, Device: cuda:0

[Cache] Pretrained weights cache (TORCH_HOME) = /lustre/orion/gen243/proj-shared/matilderestelli/pretrained_weights_cache
[Setup] Model on cuda:0, wrapped in DDP (static_graph=True)
[Setup] Hook registered: mpi/ring
[Optim] SGD: lr=0.1 momentum=0.9 nesterov=True wd=0.0005 wd_on_bn_bias=False
[Optim]   group 0: 66,778,816 params, wd=0.0005
[Optim]   group 1: 68,234 params, wd=0.0
[Data] Train batches: 97, Val batches: 157

[Sched] cosine: steps/epoch=97, total_steps=1940, warmup_steps=0 (0 epochs)


[Epoch 1] Training... (lr at epoch start=0.100000)
  Batch [50/97] Loss: 7.0815, Acc: 11.69%, lr: 0.099836
[Epoch 1] Train Loss: 4.8618, Acc: 14.42%  |  Val Loss: 2.2223, Acc: 17.09%  |  Time: 19.5s
[Epoch 1] t_iter median: 114.48 ms  (fwd 28.78 | bwd+comm 79.03 | opt 5.66 | data 0.08)  |  train-only epoch: 13.5s
  -> Best model saved (17.09%)
[Epoch 1] Summarizing hook timing...

[HOOK_TIMING_SUMMARY] epoch=1
[HOOK_WORK_SUMMARY] label=mpi:ring calls=769 work_total_ms=6941.460 work_mean_ms=9.027 work_min_ms=2.354 work_max_ms=53.161
[HOOK_TAIL_SUMMARY] label=mpi:ring steps=98 tail_total_ms=6479.675 tail_mean_ms=66.119 tail_min_ms=36.896 tail_max_ms=79.973
[Epoch 1] Hook timing summary done

[Epoch 2] Training... (lr at epoch start=0.099384)
  Batch [50/97] Loss: 2.1346, Acc: 19.50%, lr: 0.098590
[Epoch 2] Train Loss: 2.1381, Acc: 19.10%  |  Val Loss: 2.0845, Acc: 20.93%  |  Time: 17.1s
[Epoch 2] t_iter median: 114.79 ms  (fwd 28.85 | bwd+comm 78.61 | opt 5.78 | data 0.08)  |  train-only epoch: 11.2s
  -> Best model saved (20.93%)
[Epoch 2] Summarizing hook timing...

[HOOK_TIMING_SUMMARY] epoch=2
[HOOK_WORK_SUMMARY] label=mpi:ring calls=776 work_total_ms=7015.409 work_mean_ms=9.040 work_min_ms=2.380 work_max_ms=54.013
[HOOK_TAIL_SUMMARY] label=mpi:ring steps=97 tail_total_ms=6440.258 tail_mean_ms=66.394 tail_min_ms=42.092 tail_max_ms=80.423
[Epoch 2] Hook timing summary done

[Epoch 3] Training... (lr at epoch start=0.097553)
  Batch [50/97] Loss: 2.0942, Acc: 21.53%, lr: 0.096147
[Epoch 3] Train Loss: 2.0668, Acc: 21.09%  |  Val Loss: 1.9981, Acc: 23.18%  |  Time: 17.1s
[Epoch 3] t_iter median: 114.14 ms  (fwd 29.51 | bwd+comm 77.72 | opt 5.77 | data 0.08)  |  train-only epoch: 11.3s
  -> Best model saved (23.18%)
[Epoch 3] Summarizing hook timing...

[HOOK_TIMING_SUMMARY] epoch=3
[HOOK_WORK_SUMMARY] label=mpi:ring calls=776 work_total_ms=6950.337 work_mean_ms=8.957 work_min_ms=2.358 work_max_ms=53.742
[HOOK_TAIL_SUMMARY] label=mpi:ring steps=97 tail_total_ms=6506.714 tail_mean_ms=67.080 tail_min_ms=47.050 tail_max_ms=80.452
[Epoch 3] Hook timing summary done

[Epoch 4] Training... (lr at epoch start=0.094550)
  Batch [50/97] Loss: 1.9909, Acc: 21.94%, lr: 0.092568
[Epoch 4] Train Loss: 1.9812, Acc: 22.74%  |  Val Loss: 1.9181, Acc: 26.17%  |  Time: 17.2s
[Epoch 4] t_iter median: 115.18 ms  (fwd 29.22 | bwd+comm 79.15 | opt 5.80 | data 0.08)  |  train-only epoch: 11.3s
  -> Best model saved (26.17%)
[Epoch 4] Summarizing hook timing...

[HOOK_TIMING_SUMMARY] epoch=4
[HOOK_WORK_SUMMARY] label=mpi:ring calls=776 work_total_ms=7041.220 work_mean_ms=9.074 work_min_ms=2.373 work_max_ms=55.213
[HOOK_TAIL_SUMMARY] label=mpi:ring steps=97 tail_total_ms=6343.226 tail_mean_ms=65.394 tail_min_ms=44.295 tail_max_ms=80.734
[Epoch 4] Hook timing summary done

[Epoch 5] Training... (lr at epoch start=0.090451)
  Batch [50/97] Loss: 1.9315, Acc: 24.66%, lr: 0.087941
[Epoch 5] Train Loss: 1.8856, Acc: 27.24%  |  Val Loss: 1.8048, Acc: 31.33%  |  Time: 17.1s
[Epoch 5] t_iter median: 114.81 ms  (fwd 29.39 | bwd+comm 78.77 | opt 5.81 | data 0.08)  |  train-only epoch: 11.2s
  -> Best model saved (31.33%)
[Epoch 5] Summarizing hook timing...

[HOOK_TIMING_SUMMARY] epoch=5
[HOOK_WORK_SUMMARY] label=mpi:ring calls=776 work_total_ms=7010.845 work_mean_ms=9.035 work_min_ms=2.390 work_max_ms=55.412
[HOOK_TAIL_SUMMARY] label=mpi:ring steps=97 tail_total_ms=6473.721 tail_mean_ms=66.739 tail_min_ms=48.099 tail_max_ms=80.505
[Epoch 5] Hook timing summary done

[Epoch 6] Training... (lr at epoch start=0.085355)
  Batch [50/97] Loss: 1.7886, Acc: 31.19%, lr: 0.082380
[Epoch 6] Train Loss: 1.7701, Acc: 32.25%  |  Val Loss: 1.6954, Acc: 35.61%  |  Time: 17.1s
[Epoch 6] t_iter median: 115.20 ms  (fwd 29.66 | bwd+comm 78.85 | opt 5.80 | data 0.08)  |  train-only epoch: 11.3s
  -> Best model saved (35.61%)
[Epoch 6] Summarizing hook timing...

[HOOK_TIMING_SUMMARY] epoch=6
[HOOK_WORK_SUMMARY] label=mpi:ring calls=776 work_total_ms=7054.381 work_mean_ms=9.091 work_min_ms=2.370 work_max_ms=54.946
[HOOK_TAIL_SUMMARY] label=mpi:ring steps=97 tail_total_ms=6450.899 tail_mean_ms=66.504 tail_min_ms=45.564 tail_max_ms=80.378
[Epoch 6] Hook timing summary done

[Epoch 7] Training... (lr at epoch start=0.079389)
  Batch [50/97] Loss: 1.6949, Acc: 35.47%, lr: 0.076021
[Epoch 7] Train Loss: 1.6810, Acc: 36.79%  |  Val Loss: 1.6259, Acc: 40.42%  |  Time: 17.1s
[Epoch 7] t_iter median: 114.21 ms  (fwd 29.49 | bwd+comm 77.78 | opt 5.77 | data 0.08)  |  train-only epoch: 11.2s
  -> Best model saved (40.42%)
[Epoch 7] Summarizing hook timing...

[HOOK_TIMING_SUMMARY] epoch=7
[HOOK_WORK_SUMMARY] label=mpi:ring calls=776 work_total_ms=6935.396 work_mean_ms=8.937 work_min_ms=2.273 work_max_ms=55.990
[HOOK_TAIL_SUMMARY] label=mpi:ring steps=97 tail_total_ms=6483.418 tail_mean_ms=66.839 tail_min_ms=48.610 tail_max_ms=79.724
[Epoch 7] Hook timing summary done

[Epoch 8] Training... (lr at epoch start=0.072700)
  Batch [50/97] Loss: 1.6101, Acc: 40.62%, lr: 0.069022
[Epoch 8] Train Loss: 1.5869, Acc: 41.40%  |  Val Loss: 1.6993, Acc: 39.30%  |  Time: 17.1s
[Epoch 8] t_iter median: 113.20 ms  (fwd 29.28 | bwd+comm 76.84 | opt 5.77 | data 0.08)  |  train-only epoch: 11.1s
[Epoch 8] Summarizing hook timing...

[HOOK_TIMING_SUMMARY] epoch=8
[HOOK_WORK_SUMMARY] label=mpi:ring calls=776 work_total_ms=6928.307 work_mean_ms=8.928 work_min_ms=2.231 work_max_ms=55.770
[HOOK_TAIL_SUMMARY] label=mpi:ring steps=97 tail_total_ms=6345.639 tail_mean_ms=65.419 tail_min_ms=54.584 tail_max_ms=79.596
[Epoch 8] Hook timing summary done

[Epoch 9] Training... (lr at epoch start=0.065451)
  Batch [50/97] Loss: 1.5278, Acc: 43.34%, lr: 0.061554
[Epoch 9] Train Loss: 1.5131, Acc: 44.33%  |  Val Loss: 1.5370, Acc: 43.85%  |  Time: 17.2s
[Epoch 9] t_iter median: 112.93 ms  (fwd 29.31 | bwd+comm 77.31 | opt 5.78 | data 0.08)  |  train-only epoch: 11.2s
  -> Best model saved (43.85%)
[Epoch 9] Summarizing hook timing...

[HOOK_TIMING_SUMMARY] epoch=9
[HOOK_WORK_SUMMARY] label=mpi:ring calls=776 work_total_ms=6963.210 work_mean_ms=8.973 work_min_ms=2.282 work_max_ms=57.153
[HOOK_TAIL_SUMMARY] label=mpi:ring steps=97 tail_total_ms=6386.577 tail_mean_ms=65.841 tail_min_ms=54.109 tail_max_ms=79.525
[Epoch 9] Hook timing summary done

[Epoch 10] Training... (lr at epoch start=0.057822)
  Batch [50/97] Loss: 1.4654, Acc: 45.66%, lr: 0.053802
[Epoch 10] Train Loss: 1.4575, Acc: 46.38%  |  Val Loss: 1.3922, Acc: 49.21%  |  Time: 17.1s
[Epoch 10] t_iter median: 113.27 ms  (fwd 29.30 | bwd+comm 76.56 | opt 5.78 | data 0.07)  |  train-only epoch: 11.1s
  -> Best model saved (49.21%)
[Epoch 10] Summarizing hook timing...

[HOOK_TIMING_SUMMARY] epoch=10
[HOOK_WORK_SUMMARY] label=mpi:ring calls=776 work_total_ms=6905.251 work_mean_ms=8.899 work_min_ms=2.243 work_max_ms=53.111
[HOOK_TAIL_SUMMARY] label=mpi:ring steps=97 tail_total_ms=6365.902 tail_mean_ms=65.628 tail_min_ms=42.996 tail_max_ms=79.544
[Epoch 10] Hook timing summary done

[Epoch 11] Training... (lr at epoch start=0.050000)
  Batch [50/97] Loss: 1.4142, Acc: 48.31%, lr: 0.045956
[Epoch 11] Train Loss: 1.4075, Acc: 48.74%  |  Val Loss: 1.3573, Acc: 51.03%  |  Time: 17.1s
[Epoch 11] t_iter median: 113.01 ms  (fwd 29.06 | bwd+comm 77.23 | opt 5.75 | data 0.08)  |  train-only epoch: 11.1s
  -> Best model saved (51.03%)
[Epoch 11] Summarizing hook timing...

[HOOK_TIMING_SUMMARY] epoch=11
[HOOK_WORK_SUMMARY] label=mpi:ring calls=776 work_total_ms=6910.000 work_mean_ms=8.905 work_min_ms=2.283 work_max_ms=54.197
[HOOK_TAIL_SUMMARY] label=mpi:ring steps=97 tail_total_ms=6421.077 tail_mean_ms=66.197 tail_min_ms=47.951 tail_max_ms=79.723
[Epoch 11] Hook timing summary done

[Epoch 12] Training... (lr at epoch start=0.042178)
  Batch [50/97] Loss: 1.3386, Acc: 50.97%, lr: 0.038210
[Epoch 12] Train Loss: 1.3068, Acc: 52.09%  |  Val Loss: 1.2538, Acc: 55.21%  |  Time: 17.1s
[Epoch 12] t_iter median: 113.49 ms  (fwd 29.53 | bwd+comm 76.48 | opt 5.79 | data 0.08)  |  train-only epoch: 11.1s
  -> Best model saved (55.21%)
[Epoch 12] Summarizing hook timing...

[HOOK_TIMING_SUMMARY] epoch=12
[HOOK_WORK_SUMMARY] label=mpi:ring calls=776 work_total_ms=6924.454 work_mean_ms=8.923 work_min_ms=2.266 work_max_ms=56.007
[HOOK_TAIL_SUMMARY] label=mpi:ring steps=97 tail_total_ms=6445.268 tail_mean_ms=66.446 tail_min_ms=44.550 tail_max_ms=79.517
[Epoch 12] Hook timing summary done

[Epoch 13] Training... (lr at epoch start=0.034549)
  Batch [50/97] Loss: 1.2788, Acc: 53.62%, lr: 0.030754
[Epoch 13] Train Loss: 1.2748, Acc: 54.11%  |  Val Loss: 1.2482, Acc: 54.89%  |  Time: 17.2s
[Epoch 13] t_iter median: 113.74 ms  (fwd 29.63 | bwd+comm 77.07 | opt 5.78 | data 0.07)  |  train-only epoch: 11.2s
[Epoch 13] Summarizing hook timing...

[HOOK_TIMING_SUMMARY] epoch=13
[HOOK_WORK_SUMMARY] label=mpi:ring calls=776 work_total_ms=6923.852 work_mean_ms=8.922 work_min_ms=2.238 work_max_ms=54.645
[HOOK_TAIL_SUMMARY] label=mpi:ring steps=97 tail_total_ms=6423.640 tail_mean_ms=66.223 tail_min_ms=49.816 tail_max_ms=79.649
[Epoch 13] Hook timing summary done

[Epoch 14] Training... (lr at epoch start=0.027300)
  Batch [50/97] Loss: 1.2158, Acc: 55.75%, lr: 0.023772
[Epoch 14] Train Loss: 1.1933, Acc: 56.86%  |  Val Loss: 1.2217, Acc: 56.38%  |  Time: 17.2s
[Epoch 14] t_iter median: 113.43 ms  (fwd 29.55 | bwd+comm 76.77 | opt 5.76 | data 0.08)  |  train-only epoch: 11.2s
  -> Best model saved (56.38%)
[Epoch 14] Summarizing hook timing...

[HOOK_TIMING_SUMMARY] epoch=14
[HOOK_WORK_SUMMARY] label=mpi:ring calls=776 work_total_ms=6944.916 work_mean_ms=8.950 work_min_ms=2.239 work_max_ms=55.880
[HOOK_TAIL_SUMMARY] label=mpi:ring steps=97 tail_total_ms=6372.555 tail_mean_ms=65.696 tail_min_ms=49.170 tail_max_ms=79.443
[Epoch 14] Hook timing summary done

[Epoch 15] Training... (lr at epoch start=0.020611)
  Batch [50/97] Loss: 1.1533, Acc: 57.12%, lr: 0.017435
[Epoch 15] Train Loss: 1.1623, Acc: 57.70%  |  Val Loss: 1.0896, Acc: 60.99%  |  Time: 17.2s
[Epoch 15] t_iter median: 113.33 ms  (fwd 29.42 | bwd+comm 77.14 | opt 5.76 | data 0.07)  |  train-only epoch: 11.1s
  -> Best model saved (60.99%)
[Epoch 15] Summarizing hook timing...

[HOOK_TIMING_SUMMARY] epoch=15
[HOOK_WORK_SUMMARY] label=mpi:ring calls=776 work_total_ms=6928.891 work_mean_ms=8.929 work_min_ms=2.216 work_max_ms=56.023
[HOOK_TAIL_SUMMARY] label=mpi:ring steps=97 tail_total_ms=6372.176 tail_mean_ms=65.693 tail_min_ms=52.096 tail_max_ms=79.858
[Epoch 15] Hook timing summary done

[Epoch 16] Training... (lr at epoch start=0.014645)
  Batch [50/97] Loss: 1.0921, Acc: 60.00%, lr: 0.011901
[Epoch 16] Train Loss: 1.0962, Acc: 60.31%  |  Val Loss: 1.0758, Acc: 62.63%  |  Time: 17.2s
[Epoch 16] t_iter median: 114.19 ms  (fwd 29.43 | bwd+comm 78.22 | opt 5.76 | data 0.08)  |  train-only epoch: 11.2s
  -> Best model saved (62.63%)
[Epoch 16] Summarizing hook timing...

[HOOK_TIMING_SUMMARY] epoch=16
[HOOK_WORK_SUMMARY] label=mpi:ring calls=776 work_total_ms=6976.556 work_mean_ms=8.990 work_min_ms=2.241 work_max_ms=53.376
[HOOK_TAIL_SUMMARY] label=mpi:ring steps=97 tail_total_ms=6433.039 tail_mean_ms=66.320 tail_min_ms=54.606 tail_max_ms=80.018
[Epoch 16] Hook timing summary done

[Epoch 17] Training... (lr at epoch start=0.009549)
  Batch [50/97] Loss: 1.0382, Acc: 63.44%, lr: 0.007305
[Epoch 17] Train Loss: 1.0231, Acc: 63.98%  |  Val Loss: 1.0040, Acc: 64.78%  |  Time: 17.2s
[Epoch 17] t_iter median: 113.35 ms  (fwd 29.35 | bwd+comm 77.39 | opt 5.76 | data 0.08)  |  train-only epoch: 11.1s
  -> Best model saved (64.78%)
[Epoch 17] Summarizing hook timing...

[HOOK_TIMING_SUMMARY] epoch=17
[HOOK_WORK_SUMMARY] label=mpi:ring calls=776 work_total_ms=6914.004 work_mean_ms=8.910 work_min_ms=2.262 work_max_ms=55.909
[HOOK_TAIL_SUMMARY] label=mpi:ring steps=97 tail_total_ms=6361.556 tail_mean_ms=65.583 tail_min_ms=46.557 tail_max_ms=79.628
[Epoch 17] Hook timing summary done

[Epoch 18] Training... (lr at epoch start=0.005450)
  Batch [50/97] Loss: 0.9924, Acc: 65.72%, lr: 0.003760
[Epoch 18] Train Loss: 0.9934, Acc: 65.43%  |  Val Loss: 0.9951, Acc: 65.61%  |  Time: 17.2s
[Epoch 18] t_iter median: 113.78 ms  (fwd 29.74 | bwd+comm 77.19 | opt 5.77 | data 0.08)  |  train-only epoch: 11.2s
  -> Best model saved (65.61%)
[Epoch 18] Summarizing hook timing...

[HOOK_TIMING_SUMMARY] epoch=18
[HOOK_WORK_SUMMARY] label=mpi:ring calls=776 work_total_ms=6930.239 work_mean_ms=8.931 work_min_ms=2.291 work_max_ms=55.338
[HOOK_TAIL_SUMMARY] label=mpi:ring steps=97 tail_total_ms=6395.849 tail_mean_ms=65.937 tail_min_ms=52.193 tail_max_ms=79.564
[Epoch 18] Hook timing summary done

[Epoch 19] Training... (lr at epoch start=0.002447)
  Batch [50/97] Loss: 0.9547, Acc: 65.94%, lr: 0.001353
[Epoch 19] Train Loss: 0.9678, Acc: 65.09%  |  Val Loss: 0.9619, Acc: 66.54%  |  Time: 17.3s
[Epoch 19] t_iter median: 113.95 ms  (fwd 29.58 | bwd+comm 77.94 | opt 5.74 | data 0.08)  |  train-only epoch: 11.2s
  -> Best model saved (66.54%)
[Epoch 19] Summarizing hook timing...

[HOOK_TIMING_SUMMARY] epoch=19
[HOOK_WORK_SUMMARY] label=mpi:ring calls=776 work_total_ms=6987.457 work_mean_ms=9.004 work_min_ms=2.223 work_max_ms=56.082
[HOOK_TAIL_SUMMARY] label=mpi:ring steps=97 tail_total_ms=6400.808 tail_mean_ms=65.988 tail_min_ms=52.890 tail_max_ms=85.461
[Epoch 19] Hook timing summary done

[Epoch 20] Training... (lr at epoch start=0.000616)
  Batch [50/97] Loss: 0.9176, Acc: 67.94%, lr: 0.000145
[Epoch 20] Train Loss: 0.9225, Acc: 67.57%  |  Val Loss: 0.9500, Acc: 66.84%  |  Time: 17.3s
[Epoch 20] t_iter median: 113.16 ms  (fwd 28.89 | bwd+comm 77.24 | opt 5.75 | data 0.07)  |  train-only epoch: 11.1s
  -> Best model saved (66.84%)
[Epoch 20] Summarizing hook timing...

[HOOK_TIMING_SUMMARY] epoch=20
[HOOK_WORK_SUMMARY] label=mpi:ring calls=776 work_total_ms=6882.876 work_mean_ms=8.870 work_min_ms=2.257 work_max_ms=53.070
[HOOK_TAIL_SUMMARY] label=mpi:ring steps=97 tail_total_ms=6420.783 tail_mean_ms=66.194 tail_min_ms=52.995 tail_max_ms=79.694
[Epoch 20] Hook timing summary done

================================================================================
Done in 373.9s | Best val acc: 66.84%
Epoch times (train+val): mean=17.3s  min=17.1s  max=19.5s
Train-only epoch time (epochs 2..N): median=11.16s  min=11.09s  max=11.29s
  -> use this for STRONG scaling (fixed global batch)
  -> use t_iter_median_ms from the CSV for WEAK scaling (fixed local batch)
================================================================================
=== Finished training: model=wide_resnet50_2, dataset=cifar10, batch=64, lr=0.1, scheduler=cosine, backend=mpi, hook=ring, zfp_rate=none, status=0 at Fri Jul 17 08:42:30 PM EDT 2026 ===
=== Starting: model=wide_resnet50_2, ws=8, bs=64, gb=512, lr=0.1, sched=cosine, warmup=0, mom=0.9, wd=5e-4, nesterov=true, wd_bn_bias=false, backend=mpi, hook=ring_zfp_naive, zfp=16 at Fri Jul 17 08:42:30 PM EDT 2026 ===
MIOPEN_USER_DB_PATH=/mnt/bb/matilderestelli/miopen_cache_5019124/miopen_db
MIOPEN_CUSTOM_CACHE_DIR=/mnt/bb/matilderestelli/miopen_cache_5019124/kernel_cache
drwxr-sr-x 2 matilderestelli gen243 103 Jul 14 05:38 /mnt/bb/matilderestelli/miopen_cache_5019124/miopen_db
==== GPU visibility debug (batch shell) ====
frontier10314
ROCR_VISIBLE_DEVICES=0,1,2,3,4,5,6,7
SLURM_JOB_GPUS=0,1,2,3,4,5,6,7
[37mROCk module version 6.16.13 is loaded[0m
=====================    
HSA System Attributes    
=====================    
Runtime Version:         1.18
Runtime Ext Version:     1.14
System Timestamp Freq.:  1000.000000MHz
Sig. Max Wait Duration:  18446744073709551615 (0xFFFFFFFFFFFFFFFF) (timestamp count)
Machine Model:           LARGE                              
System Endianness:       LITTLE                             
Mwaitx:                  DISABLED
XNACK enabled:           NO
DMAbuf Support:          YES
VMM Support:             YES

==========               
HSA Agents               
==========               
*******                  
Agent 1                  
*******                  
  Name:                    AMD EPYC 7A53 64-Core Processor    
  Uuid:                    CPU-XX                             
  Marketing Name:          AMD EPYC 7A53 64-Core Processor    
  Vendor Name:             CPU                                
  Feature:                 None specified                     
  Profile:                 FULL_PROFILE                       
  Float Round Mode:        NEAR                               
  Max Queue Number:        0(0x0)                             
  Queue Min Size:          0(0x0)                             

================================================================================
DISTRIBUTED TRAINING LAUNCHER
================================================================================
  Model:      wide_resnet50_2 (CIFAR stem) (from scratch)
  Dataset:    cifar10 (10 classes)
  Image size: 32
  LR:         0.1
  Momentum:   0.9 (nesterov=True)
  Optimizer:  sgd
  Weight dec: 0.0005 (on BN/bias=False)
  Backend:    mpi
  Algorithm:  ring_zfp_naive
  ZFP rate:   16
  Epochs:     20
  Batch/rank: 64
  LR:         0.1
  Scheduler:  cosine
  Warmup:     0
  Grad clip:  None
  Drop last:  True
  Data dir:   ./data
================================================================================


================================================================================
DISTRIBUTED TRAINING LAUNCHER
================================================================================
  Model:      wide_resnet50_2 (CIFAR stem) (from scratch)
  Dataset:    cifar10 (10 classes)
  Image size: 32
  LR:         0.1
  Momentum:   0.9 (nesterov=True)
  Optimizer:  sgd
  Weight dec: 0.0005 (on BN/bias=False)
  Backend:    mpi
  Algorithm:  ring_zfp_naive
  ZFP rate:   16
  Epochs:     20
  Batch/rank: 64
  LR:         0.1
  Scheduler:  cosine
  Warmup:     0
  Grad clip:  None
  Drop last:  True
  Data dir:   ./data
================================================================================


================================================================================
DISTRIBUTED TRAINING LAUNCHER
================================================================================
  Model:      wide_resnet50_2 (CIFAR stem) (from scratch)
  Dataset:    cifar10 (10 classes)
  Image size: 32
  LR:         0.1
  Momentum:   0.9 (nesterov=True)
  Optimizer:  sgd
  Weight dec: 0.0005 (on BN/bias=False)
  Backend:    mpi
  Algorithm:  ring_zfp_naive
  ZFP rate:   16
  Epochs:     20
  Batch/rank: 64
  LR:         0.1
  Scheduler:  cosine
  Warmup:     0
  Grad clip:  None
  Drop last:  True
  Data dir:   ./data
================================================================================


================================================================================
DISTRIBUTED TRAINING LAUNCHER
================================================================================
  Model:      wide_resnet50_2 (CIFAR stem) (from scratch)
  Dataset:    cifar10 (10 classes)
  Image size: 32
  LR:         0.1
  Momentum:   0.9 (nesterov=True)
  Optimizer:  sgd
  Weight dec: 0.0005 (on BN/bias=False)
  Backend:    mpi
  Algorithm:  ring_zfp_naive
  ZFP rate:   16
  Epochs:     20
  Batch/rank: 64
  LR:         0.1
  Scheduler:  cosine
  Warmup:     0
  Grad clip:  None
  Drop last:  True
  Data dir:   ./data
================================================================================


================================================================================
DISTRIBUTED TRAINING LAUNCHER
================================================================================
  Model:      wide_resnet50_2 (CIFAR stem) (from scratch)
  Dataset:    cifar10 (10 classes)
  Image size: 32
  LR:         0.1
  Momentum:   0.9 (nesterov=True)
  Optimizer:  sgd
  Weight dec: 0.0005 (on BN/bias=False)
  Backend:    mpi
  Algorithm:  ring_zfp_naive
  ZFP rate:   16
  Epochs:     20
  Batch/rank: 64
  LR:         0.1
  Scheduler:  cosine
  Warmup:     0
  Grad clip:  None
  Drop last:  True
  Data dir:   ./data
================================================================================


================================================================================
DISTRIBUTED TRAINING LAUNCHER
================================================================================
  Model:      wide_resnet50_2 (CIFAR stem) (from scratch)
  Dataset:    cifar10 (10 classes)
  Image size: 32
  LR:         0.1
  Momentum:   0.9 (nesterov=True)
  Optimizer:  sgd
  Weight dec: 0.0005 (on BN/bias=False)
  Backend:    mpi
  Algorithm:  ring_zfp_naive
  ZFP rate:   16
  Epochs:     20
  Batch/rank: 64
  LR:         0.1
  Scheduler:  cosine
  Warmup:     0
  Grad clip:  None
  Drop last:  True
  Data dir:   ./data
================================================================================


================================================================================
DISTRIBUTED TRAINING LAUNCHER
================================================================================
  Model:      wide_resnet50_2 (CIFAR stem) (from scratch)
  Dataset:    cifar10 (10 classes)
  Image size: 32
  LR:         0.1
  Momentum:   0.9 (nesterov=True)
  Optimizer:  sgd
  Weight dec: 0.0005 (on BN/bias=False)
  Backend:    mpi
  Algorithm:  ring_zfp_naive
  ZFP rate:   16
  Epochs:     20
  Batch/rank: 64
  LR:         0.1
  Scheduler:  cosine
  Warmup:     0
  Grad clip:  None
  Drop last:  True
  Data dir:   ./data
================================================================================


================================================================================
DISTRIBUTED TRAINING LAUNCHER
================================================================================
  Model:      wide_resnet50_2 (CIFAR stem) (from scratch)
  Dataset:    cifar10 (10 classes)
  Image size: 32
  LR:         0.1
  Momentum:   0.9 (nesterov=True)
  Optimizer:  sgd
  Weight dec: 0.0005 (on BN/bias=False)
  Backend:    mpi
  Algorithm:  ring_zfp_naive
  ZFP rate:   16
  Epochs:     20
  Batch/rank: 64
  LR:         0.1
  Scheduler:  cosine
  Warmup:     0
  Grad clip:  None
  Drop last:  True
  Data dir:   ./data
================================================================================


================================================================================
Distributed Training: WIDE_RESNET50_2 on CIFAR10
Backend: MPI, Algorithm: ring_zfp_naive
================================================================================
Ranks: 8, Epochs: 20, Batch/rank: 64, Effective batch: 512
LR: 0.1, Device: cuda:0

[Cache] Pretrained weights cache (TORCH_HOME) = /lustre/orion/gen243/proj-shared/matilderestelli/pretrained_weights_cache
[Setup] Model on cuda:0, wrapped in DDP (static_graph=True)
[Setup] Hook registered: mpi/ring_zfp_naive
[Optim] SGD: lr=0.1 momentum=0.9 nesterov=True wd=0.0005 wd_on_bn_bias=False
[Optim]   group 0: 66,778,816 params, wd=0.0005
[Optim]   group 1: 68,234 params, wd=0.0
[Data] Train batches: 97, Val batches: 157

[Sched] cosine: steps/epoch=97, total_steps=1940, warmup_steps=0 (0 epochs)


[Epoch 1] Training... (lr at epoch start=0.100000)
  Batch [50/97] Loss: 6.2804, Acc: 10.69%, lr: 0.099836
[Epoch 1] Train Loss: 4.3456, Acc: 12.45%  |  Val Loss: 2.3404, Acc: 12.67%  |  Time: 24.3s
[Epoch 1] t_iter median: 164.22 ms  (fwd 29.92 | bwd+comm 127.89 | opt 5.58 | data 0.08)  |  train-only epoch: 18.4s
  -> Best model saved (12.67%)
[Epoch 1] Summarizing hook timing...

[HOOK_TIMING_SUMMARY] epoch=1
[HOOK_WORK_SUMMARY] label=mpi:ring_zfp_naive:rate16 calls=769 work_total_ms=11913.091 work_mean_ms=15.492 work_min_ms=8.319 work_max_ms=179.097
[HOOK_TAIL_SUMMARY] label=mpi:ring_zfp_naive:rate16 steps=98 tail_total_ms=9270.687 tail_mean_ms=94.599 tail_min_ms=23.648 tail_max_ms=189.818
[Epoch 1] Hook timing summary done

[Epoch 2] Training... (lr at epoch start=0.099384)
  Batch [50/97] Loss: 2.2002, Acc: 17.81%, lr: 0.098590
[Epoch 2] Train Loss: 2.1366, Acc: 19.49%  |  Val Loss: 2.0715, Acc: 19.69%  |  Time: 21.9s
[Epoch 2] t_iter median: 163.47 ms  (fwd 29.94 | bwd+comm 126.53 | opt 5.56 | data 0.08)  |  train-only epoch: 16.0s
  -> Best model saved (19.69%)
[Epoch 2] Summarizing hook timing...

[HOOK_TIMING_SUMMARY] epoch=2
[HOOK_WORK_SUMMARY] label=mpi:ring_zfp_naive:rate16 calls=776 work_total_ms=11746.382 work_mean_ms=15.137 work_min_ms=8.432 work_max_ms=62.816
[HOOK_TAIL_SUMMARY] label=mpi:ring_zfp_naive:rate16 steps=97 tail_total_ms=9077.790 tail_mean_ms=93.585 tail_min_ms=77.368 tail_max_ms=128.416
[Epoch 2] Hook timing summary done

[Epoch 3] Training... (lr at epoch start=0.097553)
  Batch [50/97] Loss: 2.0487, Acc: 19.97%, lr: 0.096147
[Epoch 3] Train Loss: 2.0336, Acc: 20.73%  |  Val Loss: 1.9744, Acc: 24.71%  |  Time: 22.0s
[Epoch 3] t_iter median: 163.85 ms  (fwd 29.75 | bwd+comm 126.97 | opt 5.54 | data 0.08)  |  train-only epoch: 16.0s
  -> Best model saved (24.71%)
[Epoch 3] Summarizing hook timing...

[HOOK_TIMING_SUMMARY] epoch=3
[HOOK_WORK_SUMMARY] label=mpi:ring_zfp_naive:rate16 calls=776 work_total_ms=11779.101 work_mean_ms=15.179 work_min_ms=8.426 work_max_ms=62.398
[HOOK_TAIL_SUMMARY] label=mpi:ring_zfp_naive:rate16 steps=97 tail_total_ms=9197.699 tail_mean_ms=94.822 tail_min_ms=77.868 tail_max_ms=128.681
[Epoch 3] Hook timing summary done

[Epoch 4] Training... (lr at epoch start=0.094550)
  Batch [50/97] Loss: 1.9614, Acc: 23.41%, lr: 0.092568
[Epoch 4] Train Loss: 1.9334, Acc: 25.71%  |  Val Loss: 1.8389, Acc: 30.53%  |  Time: 21.9s
[Epoch 4] t_iter median: 163.72 ms  (fwd 29.39 | bwd+comm 126.89 | opt 5.54 | data 0.08)  |  train-only epoch: 16.0s
  -> Best model saved (30.53%)
[Epoch 4] Summarizing hook timing...

[HOOK_TIMING_SUMMARY] epoch=4
[HOOK_WORK_SUMMARY] label=mpi:ring_zfp_naive:rate16 calls=776 work_total_ms=11746.125 work_mean_ms=15.137 work_min_ms=8.442 work_max_ms=62.974
[HOOK_TAIL_SUMMARY] label=mpi:ring_zfp_naive:rate16 steps=97 tail_total_ms=8944.136 tail_mean_ms=92.208 tail_min_ms=78.013 tail_max_ms=128.314
[Epoch 4] Hook timing summary done

[Epoch 5] Training... (lr at epoch start=0.090451)
  Batch [50/97] Loss: 1.8466, Acc: 27.97%, lr: 0.087941
[Epoch 5] Train Loss: 1.7980, Acc: 30.40%  |  Val Loss: 1.6819, Acc: 36.72%  |  Time: 22.0s
[Epoch 5] t_iter median: 164.51 ms  (fwd 30.63 | bwd+comm 126.48 | opt 5.58 | data 0.08)  |  train-only epoch: 16.1s
  -> Best model saved (36.72%)
[Epoch 5] Summarizing hook timing...

[HOOK_TIMING_SUMMARY] epoch=5
[HOOK_WORK_SUMMARY] label=mpi:ring_zfp_naive:rate16 calls=776 work_total_ms=11778.912 work_mean_ms=15.179 work_min_ms=8.458 work_max_ms=62.862
[HOOK_TAIL_SUMMARY] label=mpi:ring_zfp_naive:rate16 steps=97 tail_total_ms=8985.820 tail_mean_ms=92.637 tail_min_ms=77.717 tail_max_ms=129.046
[Epoch 5] Hook timing summary done

[Epoch 6] Training... (lr at epoch start=0.085355)
  Batch [50/97] Loss: 1.6875, Acc: 36.84%, lr: 0.082380
[Epoch 6] Train Loss: 1.6614, Acc: 37.60%  |  Val Loss: 1.5752, Acc: 41.88%  |  Time: 21.6s
[Epoch 6] t_iter median: 159.75 ms  (fwd 28.76 | bwd+comm 125.24 | opt 5.57 | data 0.08)  |  train-only epoch: 15.7s
  -> Best model saved (41.88%)
[Epoch 6] Summarizing hook timing...

[HOOK_TIMING_SUMMARY] epoch=6
[HOOK_WORK_SUMMARY] label=mpi:ring_zfp_naive:rate16 calls=776 work_total_ms=11446.736 work_mean_ms=14.751 work_min_ms=7.802 work_max_ms=61.831
[HOOK_TAIL_SUMMARY] label=mpi:ring_zfp_naive:rate16 steps=97 tail_total_ms=8767.801 tail_mean_ms=90.390 tail_min_ms=73.750 tail_max_ms=128.454
[Epoch 6] Hook timing summary done

[Epoch 7] Training... (lr at epoch start=0.079389)
  Batch [50/97] Loss: 1.5683, Acc: 41.41%, lr: 0.076021
[Epoch 7] Train Loss: 1.5558, Acc: 43.11%  |  Val Loss: 1.5053, Acc: 44.41%  |  Time: 21.6s
[Epoch 7] t_iter median: 159.11 ms  (fwd 29.45 | bwd+comm 122.20 | opt 5.56 | data 0.08)  |  train-only epoch: 15.6s
  -> Best model saved (44.41%)
[Epoch 7] Summarizing hook timing...

[HOOK_TIMING_SUMMARY] epoch=7
[HOOK_WORK_SUMMARY] label=mpi:ring_zfp_naive:rate16 calls=776 work_total_ms=11332.819 work_mean_ms=14.604 work_min_ms=7.793 work_max_ms=62.430
[HOOK_TAIL_SUMMARY] label=mpi:ring_zfp_naive:rate16 steps=97 tail_total_ms=8755.949 tail_mean_ms=90.268 tail_min_ms=73.433 tail_max_ms=123.943
[Epoch 7] Hook timing summary done

[Epoch 8] Training... (lr at epoch start=0.072700)
  Batch [50/97] Loss: 1.4698, Acc: 46.38%, lr: 0.069022
[Epoch 8] Train Loss: 1.4602, Acc: 46.54%  |  Val Loss: 1.4963, Acc: 48.32%  |  Time: 21.6s
[Epoch 8] t_iter median: 158.68 ms  (fwd 29.03 | bwd+comm 123.00 | opt 5.56 | data 0.08)  |  train-only epoch: 15.6s
  -> Best model saved (48.32%)
[Epoch 8] Summarizing hook timing...

[HOOK_TIMING_SUMMARY] epoch=8
[HOOK_WORK_SUMMARY] label=mpi:ring_zfp_naive:rate16 calls=776 work_total_ms=11324.682 work_mean_ms=14.594 work_min_ms=7.860 work_max_ms=64.574
[HOOK_TAIL_SUMMARY] label=mpi:ring_zfp_naive:rate16 steps=97 tail_total_ms=8604.799 tail_mean_ms=88.709 tail_min_ms=73.705 tail_max_ms=122.228
[Epoch 8] Hook timing summary done

[Epoch 9] Training... (lr at epoch start=0.065451)
  Batch [50/97] Loss: 1.4154, Acc: 47.88%, lr: 0.061554
[Epoch 9] Train Loss: 1.3985, Acc: 48.71%  |  Val Loss: 1.3516, Acc: 51.83%  |  Time: 21.6s
[Epoch 9] t_iter median: 158.62 ms  (fwd 28.81 | bwd+comm 122.71 | opt 5.56 | data 0.08)  |  train-only epoch: 15.5s
  -> Best model saved (51.83%)
[Epoch 9] Summarizing hook timing...

[HOOK_TIMING_SUMMARY] epoch=9
[HOOK_WORK_SUMMARY] label=mpi:ring_zfp_naive:rate16 calls=776 work_total_ms=11272.725 work_mean_ms=14.527 work_min_ms=7.886 work_max_ms=62.599
[HOOK_TAIL_SUMMARY] label=mpi:ring_zfp_naive:rate16 steps=97 tail_total_ms=8565.170 tail_mean_ms=88.301 tail_min_ms=72.402 tail_max_ms=123.968
[Epoch 9] Hook timing summary done

[Epoch 10] Training... (lr at epoch start=0.057822)
  Batch [50/97] Loss: 1.3408, Acc: 51.75%, lr: 0.053802
[Epoch 10] Train Loss: 1.3135, Acc: 53.03%  |  Val Loss: 1.3680, Acc: 51.67%  |  Time: 21.7s
[Epoch 10] t_iter median: 159.37 ms  (fwd 29.22 | bwd+comm 123.21 | opt 5.57 | data 0.08)  |  train-only epoch: 15.6s
[Epoch 10] Summarizing hook timing...

[HOOK_TIMING_SUMMARY] epoch=10
[HOOK_WORK_SUMMARY] label=mpi:ring_zfp_naive:rate16 calls=776 work_total_ms=11343.584 work_mean_ms=14.618 work_min_ms=7.891 work_max_ms=62.069
[HOOK_TAIL_SUMMARY] label=mpi:ring_zfp_naive:rate16 steps=97 tail_total_ms=8739.098 tail_mean_ms=90.094 tail_min_ms=72.408 tail_max_ms=123.755
[Epoch 10] Hook timing summary done

[Epoch 11] Training... (lr at epoch start=0.050000)
  Batch [50/97] Loss: 1.2718, Acc: 54.56%, lr: 0.045956
[Epoch 11] Train Loss: 1.2460, Acc: 55.38%  |  Val Loss: 1.3429, Acc: 57.31%  |  Time: 21.6s
[Epoch 11] t_iter median: 158.20 ms  (fwd 29.42 | bwd+comm 122.36 | opt 5.54 | data 0.08)  |  train-only epoch: 15.6s
  -> Best model saved (57.31%)
[Epoch 11] Summarizing hook timing...

[HOOK_TIMING_SUMMARY] epoch=11
[HOOK_WORK_SUMMARY] label=mpi:ring_zfp_naive:rate16 calls=776 work_total_ms=11290.224 work_mean_ms=14.549 work_min_ms=7.865 work_max_ms=62.755
[HOOK_TAIL_SUMMARY] label=mpi:ring_zfp_naive:rate16 steps=97 tail_total_ms=8678.205 tail_mean_ms=89.466 tail_min_ms=72.994 tail_max_ms=118.980
[Epoch 11] Hook timing summary done

[Epoch 12] Training... (lr at epoch start=0.042178)
  Batch [50/97] Loss: 1.1735, Acc: 57.03%, lr: 0.038210
[Epoch 12] Train Loss: 1.1400, Acc: 58.51%  |  Val Loss: 1.1370, Acc: 60.81%  |  Time: 21.7s
[Epoch 12] t_iter median: 158.18 ms  (fwd 29.46 | bwd+comm 121.99 | opt 5.52 | data 0.08)  |  train-only epoch: 15.6s
  -> Best model saved (60.81%)
[Epoch 12] Summarizing hook timing...

[HOOK_TIMING_SUMMARY] epoch=12
[HOOK_WORK_SUMMARY] label=mpi:ring_zfp_naive:rate16 calls=776 work_total_ms=11378.733 work_mean_ms=14.663 work_min_ms=7.782 work_max_ms=83.482
[HOOK_TAIL_SUMMARY] label=mpi:ring_zfp_naive:rate16 steps=97 tail_total_ms=8397.252 tail_mean_ms=86.570 tail_min_ms=72.655 tail_max_ms=154.987
[Epoch 12] Hook timing summary done

[Epoch 13] Training... (lr at epoch start=0.034549)
  Batch [50/97] Loss: 1.0905, Acc: 60.41%, lr: 0.030754
[Epoch 13] Train Loss: 1.0788, Acc: 61.57%  |  Val Loss: 1.0699, Acc: 62.58%  |  Time: 21.7s
[Epoch 13] t_iter median: 159.16 ms  (fwd 29.82 | bwd+comm 122.49 | opt 5.51 | data 0.08)  |  train-only epoch: 15.6s
  -> Best model saved (62.58%)
[Epoch 13] Summarizing hook timing...

[HOOK_TIMING_SUMMARY] epoch=13
[HOOK_WORK_SUMMARY] label=mpi:ring_zfp_naive:rate16 calls=776 work_total_ms=11332.966 work_mean_ms=14.604 work_min_ms=7.826 work_max_ms=62.681
[HOOK_TAIL_SUMMARY] label=mpi:ring_zfp_naive:rate16 steps=97 tail_total_ms=8511.459 tail_mean_ms=87.747 tail_min_ms=73.455 tail_max_ms=118.635
[Epoch 13] Hook timing summary done

[Epoch 14] Training... (lr at epoch start=0.027300)
  Batch [50/97] Loss: 1.0284, Acc: 63.78%, lr: 0.023772
[Epoch 14] Train Loss: 0.9918, Acc: 64.79%  |  Val Loss: 1.1427, Acc: 65.79%  |  Time: 21.6s
[Epoch 14] t_iter median: 158.87 ms  (fwd 29.58 | bwd+comm 122.36 | opt 5.56 | data 0.08)  |  train-only epoch: 15.5s
  -> Best model saved (65.79%)
[Epoch 14] Summarizing hook timing...

[HOOK_TIMING_SUMMARY] epoch=14
[HOOK_WORK_SUMMARY] label=mpi:ring_zfp_naive:rate16 calls=776 work_total_ms=11274.284 work_mean_ms=14.529 work_min_ms=7.885 work_max_ms=62.174
[HOOK_TAIL_SUMMARY] label=mpi:ring_zfp_naive:rate16 steps=97 tail_total_ms=8970.755 tail_mean_ms=92.482 tail_min_ms=72.625 tail_max_ms=123.528
[Epoch 14] Hook timing summary done

[Epoch 15] Training... (lr at epoch start=0.020611)
  Batch [50/97] Loss: 0.9573, Acc: 66.12%, lr: 0.017435
[Epoch 15] Train Loss: 0.9584, Acc: 65.85%  |  Val Loss: 0.9167, Acc: 69.00%  |  Time: 21.7s
[Epoch 15] t_iter median: 158.86 ms  (fwd 29.72 | bwd+comm 122.81 | opt 5.55 | data 0.08)  |  train-only epoch: 15.6s
  -> Best model saved (69.00%)
[Epoch 15] Summarizing hook timing...

[HOOK_TIMING_SUMMARY] epoch=15
[HOOK_WORK_SUMMARY] label=mpi:ring_zfp_naive:rate16 calls=776 work_total_ms=11304.472 work_mean_ms=14.568 work_min_ms=7.819 work_max_ms=62.446
[HOOK_TAIL_SUMMARY] label=mpi:ring_zfp_naive:rate16 steps=97 tail_total_ms=8607.979 tail_mean_ms=88.742 tail_min_ms=73.095 tail_max_ms=118.761
[Epoch 15] Hook timing summary done

[Epoch 16] Training... (lr at epoch start=0.014645)
  Batch [50/97] Loss: 0.9035, Acc: 67.94%, lr: 0.011901
[Epoch 16] Train Loss: 0.8942, Acc: 68.40%  |  Val Loss: 1.0269, Acc: 69.20%  |  Time: 21.7s
[Epoch 16] t_iter median: 159.90 ms  (fwd 29.67 | bwd+comm 122.98 | opt 5.57 | data 0.08)  |  train-only epoch: 15.6s
  -> Best model saved (69.20%)
[Epoch 16] Summarizing hook timing...

[HOOK_TIMING_SUMMARY] epoch=16
[HOOK_WORK_SUMMARY] label=mpi:ring_zfp_naive:rate16 calls=776 work_total_ms=11360.109 work_mean_ms=14.639 work_min_ms=7.803 work_max_ms=62.938
[HOOK_TAIL_SUMMARY] label=mpi:ring_zfp_naive:rate16 steps=97 tail_total_ms=8677.484 tail_mean_ms=89.459 tail_min_ms=73.123 tail_max_ms=124.812
[Epoch 16] Hook timing summary done

[Epoch 17] Training... (lr at epoch start=0.009549)
  Batch [50/97] Loss: 0.8417, Acc: 70.28%, lr: 0.007305
[Epoch 17] Train Loss: 0.8324, Acc: 70.49%  |  Val Loss: 0.8921, Acc: 71.67%  |  Time: 21.6s
[Epoch 17] t_iter median: 158.07 ms  (fwd 29.14 | bwd+comm 122.12 | opt 5.52 | data 0.08)  |  train-only epoch: 15.5s
  -> Best model saved (71.67%)
[Epoch 17] Summarizing hook timing...

[HOOK_TIMING_SUMMARY] epoch=17
[HOOK_WORK_SUMMARY] label=mpi:ring_zfp_naive:rate16 calls=776 work_total_ms=11251.880 work_mean_ms=14.500 work_min_ms=7.857 work_max_ms=62.492
[HOOK_TAIL_SUMMARY] label=mpi:ring_zfp_naive:rate16 steps=97 tail_total_ms=8465.889 tail_mean_ms=87.277 tail_min_ms=73.157 tail_max_ms=123.274
[Epoch 17] Hook timing summary done

[Epoch 18] Training... (lr at epoch start=0.005450)
  Batch [50/97] Loss: 0.7790, Acc: 73.41%, lr: 0.003760
[Epoch 18] Train Loss: 0.7921, Acc: 72.68%  |  Val Loss: 0.8435, Acc: 72.37%  |  Time: 21.7s
[Epoch 18] t_iter median: 159.42 ms  (fwd 29.58 | bwd+comm 122.58 | opt 5.56 | data 0.08)  |  train-only epoch: 15.6s
  -> Best model saved (72.37%)
[Epoch 18] Summarizing hook timing...

[HOOK_TIMING_SUMMARY] epoch=18
[HOOK_WORK_SUMMARY] label=mpi:ring_zfp_naive:rate16 calls=776 work_total_ms=11341.721 work_mean_ms=14.616 work_min_ms=7.864 work_max_ms=62.423
[HOOK_TAIL_SUMMARY] label=mpi:ring_zfp_naive:rate16 steps=97 tail_total_ms=8570.787 tail_mean_ms=88.359 tail_min_ms=72.970 tail_max_ms=123.657
[Epoch 18] Hook timing summary done

[Epoch 19] Training... (lr at epoch start=0.002447)
  Batch [50/97] Loss: 0.7599, Acc: 72.47%, lr: 0.001353
[Epoch 19] Train Loss: 0.7630, Acc: 72.60%  |  Val Loss: 0.8712, Acc: 72.80%  |  Time: 21.7s
[Epoch 19] t_iter median: 158.83 ms  (fwd 29.54 | bwd+comm 122.08 | opt 5.53 | data 0.08)  |  train-only epoch: 15.6s
  -> Best model saved (72.80%)
[Epoch 19] Summarizing hook timing...

[HOOK_TIMING_SUMMARY] epoch=19
[HOOK_WORK_SUMMARY] label=mpi:ring_zfp_naive:rate16 calls=776 work_total_ms=11290.036 work_mean_ms=14.549 work_min_ms=7.828 work_max_ms=62.614
[HOOK_TAIL_SUMMARY] label=mpi:ring_zfp_naive:rate16 steps=97 tail_total_ms=8459.715 tail_mean_ms=87.214 tail_min_ms=73.590 tail_max_ms=118.220
[Epoch 19] Hook timing summary done

[Epoch 20] Training... (lr at epoch start=0.000616)
  Batch [50/97] Loss: 0.7131, Acc: 74.38%, lr: 0.000145
[Epoch 20] Train Loss: 0.7272, Acc: 74.00%  |  Val Loss: 0.8368, Acc: 72.97%  |  Time: 21.8s
[Epoch 20] t_iter median: 159.41 ms  (fwd 29.44 | bwd+comm 123.97 | opt 5.56 | data 0.08)  |  train-only epoch: 15.6s
  -> Best model saved (72.97%)
[Epoch 20] Summarizing hook timing...

[HOOK_TIMING_SUMMARY] epoch=20
[HOOK_WORK_SUMMARY] label=mpi:ring_zfp_naive:rate16 calls=776 work_total_ms=11345.966 work_mean_ms=14.621 work_min_ms=7.862 work_max_ms=62.510
[HOOK_TAIL_SUMMARY] label=mpi:ring_zfp_naive:rate16 steps=97 tail_total_ms=8548.012 tail_mean_ms=88.124 tail_min_ms=73.269 tail_max_ms=123.615
[Epoch 20] Hook timing summary done

================================================================================
Done in 467.1s | Best val acc: 72.97%
Epoch times (train+val): mean=21.9s  min=21.6s  max=24.3s
Train-only epoch time (epochs 2..N): median=15.59s  min=15.50s  max=16.07s
  -> use this for STRONG scaling (fixed global batch)
  -> use t_iter_median_ms from the CSV for WEAK scaling (fixed local batch)
================================================================================
=== Finished training: model=wide_resnet50_2, dataset=cifar10, batch=64, lr=0.1, scheduler=cosine, backend=mpi, hook=ring_zfp_naive, zfp_rate=16, status=0 at Fri Jul 17 08:50:22 PM EDT 2026 ===
=== Starting: model=wide_resnet50_2, ws=8, bs=64, gb=512, lr=0.1, sched=cosine, warmup=0, mom=0.9, wd=5e-4, nesterov=true, wd_bn_bias=false, backend=mpi, hook=ring_zfp_online_coll, zfp=16 at Fri Jul 17 08:50:22 PM EDT 2026 ===
MIOPEN_USER_DB_PATH=/mnt/bb/matilderestelli/miopen_cache_5019124/miopen_db
MIOPEN_CUSTOM_CACHE_DIR=/mnt/bb/matilderestelli/miopen_cache_5019124/kernel_cache
drwxr-sr-x 2 matilderestelli gen243 103 Jul 14 05:38 /mnt/bb/matilderestelli/miopen_cache_5019124/miopen_db
==== GPU visibility debug (batch shell) ====
frontier10314
ROCR_VISIBLE_DEVICES=0,1,2,3,4,5,6,7
SLURM_JOB_GPUS=0,1,2,3,4,5,6,7
[37mROCk module version 6.16.13 is loaded[0m
=====================    
HSA System Attributes    
=====================    
Runtime Version:         1.18
Runtime Ext Version:     1.14
System Timestamp Freq.:  1000.000000MHz
Sig. Max Wait Duration:  18446744073709551615 (0xFFFFFFFFFFFFFFFF) (timestamp count)
Machine Model:           LARGE                              
System Endianness:       LITTLE                             
Mwaitx:                  DISABLED
XNACK enabled:           NO
DMAbuf Support:          YES
VMM Support:             YES

==========               
HSA Agents               
==========               
*******                  
Agent 1                  
*******                  
  Name:                    AMD EPYC 7A53 64-Core Processor    
  Uuid:                    CPU-XX                             
  Marketing Name:          AMD EPYC 7A53 64-Core Processor    
  Vendor Name:             CPU                                
  Feature:                 None specified                     
  Profile:                 FULL_PROFILE                       
  Float Round Mode:        NEAR                               
  Max Queue Number:        0(0x0)                             
  Queue Min Size:          0(0x0)                             

================================================================================
DISTRIBUTED TRAINING LAUNCHER
================================================================================
  Model:      wide_resnet50_2 (CIFAR stem) (from scratch)
  Dataset:    cifar10 (10 classes)
  Image size: 32
  LR:         0.1
  Momentum:   0.9 (nesterov=True)
  Optimizer:  sgd
  Weight dec: 0.0005 (on BN/bias=False)
  Backend:    mpi
  Algorithm:  ring_zfp_online_coll
  ZFP rate:   16
  Epochs:     20
  Batch/rank: 64
  LR:         0.1
  Scheduler:  cosine
  Warmup:     0
  Grad clip:  None
  Drop last:  True
  Data dir:   ./data
================================================================================


================================================================================
DISTRIBUTED TRAINING LAUNCHER
================================================================================
  Model:      wide_resnet50_2 (CIFAR stem) (from scratch)
  Dataset:    cifar10 (10 classes)
  Image size: 32
  LR:         0.1
  Momentum:   0.9 (nesterov=True)
  Optimizer:  sgd
  Weight dec: 0.0005 (on BN/bias=False)
  Backend:    mpi
  Algorithm:  ring_zfp_online_coll
  ZFP rate:   16
  Epochs:     20
  Batch/rank: 64
  LR:         0.1
  Scheduler:  cosine
  Warmup:     0
  Grad clip:  None
  Drop last:  True
  Data dir:   ./data
================================================================================


================================================================================
DISTRIBUTED TRAINING LAUNCHER
================================================================================
  Model:      wide_resnet50_2 (CIFAR stem) (from scratch)
  Dataset:    cifar10 (10 classes)
  Image size: 32
  LR:         0.1
  Momentum:   0.9 (nesterov=True)
  Optimizer:  sgd
  Weight dec: 0.0005 (on BN/bias=False)
  Backend:    mpi
  Algorithm:  ring_zfp_online_coll
  ZFP rate:   16
  Epochs:     20
  Batch/rank: 64
  LR:         0.1
  Scheduler:  cosine
  Warmup:     0
  Grad clip:  None
  Drop last:  True
  Data dir:   ./data
================================================================================


================================================================================
DISTRIBUTED TRAINING LAUNCHER
================================================================================
  Model:      wide_resnet50_2 (CIFAR stem) (from scratch)
  Dataset:    cifar10 (10 classes)
  Image size: 32
  LR:         0.1
  Momentum:   0.9 (nesterov=True)
  Optimizer:  sgd
  Weight dec: 0.0005 (on BN/bias=False)
  Backend:    mpi
  Algorithm:  ring_zfp_online_coll
  ZFP rate:   16
  Epochs:     20
  Batch/rank: 64
  LR:         0.1
  Scheduler:  cosine
  Warmup:     0
  Grad clip:  None
  Drop last:  True
  Data dir:   ./data
================================================================================


================================================================================
DISTRIBUTED TRAINING LAUNCHER
================================================================================
  Model:      wide_resnet50_2 (CIFAR stem) (from scratch)
  Dataset:    cifar10 (10 classes)
  Image size: 32
  LR:         0.1
  Momentum:   0.9 (nesterov=True)
  Optimizer:  sgd
  Weight dec: 0.0005 (on BN/bias=False)
  Backend:    mpi
  Algorithm:  ring_zfp_online_coll
  ZFP rate:   16
  Epochs:     20
  Batch/rank: 64
  LR:         0.1
  Scheduler:  cosine
  Warmup:     0
  Grad clip:  None
  Drop last:  True
  Data dir:   ./data
================================================================================


================================================================================
DISTRIBUTED TRAINING LAUNCHER
================================================================================
  Model:      wide_resnet50_2 (CIFAR stem) (from scratch)
  Dataset:    cifar10 (10 classes)
  Image size: 32
  LR:         0.1
  Momentum:   0.9 (nesterov=True)
  Optimizer:  sgd
  Weight dec: 0.0005 (on BN/bias=False)
  Backend:    mpi
  Algorithm:  ring_zfp_online_coll
  ZFP rate:   16
  Epochs:     20
  Batch/rank: 64
  LR:         0.1
  Scheduler:  cosine
  Warmup:     0
  Grad clip:  None
  Drop last:  True
  Data dir:   ./data
================================================================================


================================================================================
DISTRIBUTED TRAINING LAUNCHER
================================================================================
  Model:      wide_resnet50_2 (CIFAR stem) (from scratch)
  Dataset:    cifar10 (10 classes)
  Image size: 32
  LR:         0.1
  Momentum:   0.9 (nesterov=True)
  Optimizer:  sgd
  Weight dec: 0.0005 (on BN/bias=False)
  Backend:    mpi
  Algorithm:  ring_zfp_online_coll
  ZFP rate:   16
  Epochs:     20
  Batch/rank: 64
  LR:         0.1
  Scheduler:  cosine
  Warmup:     0
  Grad clip:  None
  Drop last:  True
  Data dir:   ./data
================================================================================


================================================================================
DISTRIBUTED TRAINING LAUNCHER
================================================================================
  Model:      wide_resnet50_2 (CIFAR stem) (from scratch)
  Dataset:    cifar10 (10 classes)
  Image size: 32
  LR:         0.1
  Momentum:   0.9 (nesterov=True)
  Optimizer:  sgd
  Weight dec: 0.0005 (on BN/bias=False)
  Backend:    mpi
  Algorithm:  ring_zfp_online_coll
  ZFP rate:   16
  Epochs:     20
  Batch/rank: 64
  LR:         0.1
  Scheduler:  cosine
  Warmup:     0
  Grad clip:  None
  Drop last:  True
  Data dir:   ./data
================================================================================


================================================================================
Distributed Training: WIDE_RESNET50_2 on CIFAR10
Backend: MPI, Algorithm: ring_zfp_online_coll
================================================================================
Ranks: 8, Epochs: 20, Batch/rank: 64, Effective batch: 512
LR: 0.1, Device: cuda:0

[Cache] Pretrained weights cache (TORCH_HOME) = /lustre/orion/gen243/proj-shared/matilderestelli/pretrained_weights_cache
[Setup] Model on cuda:0, wrapped in DDP (static_graph=True)
[Setup] Hook registered: mpi/ring_zfp_online_coll
[Optim] SGD: lr=0.1 momentum=0.9 nesterov=True wd=0.0005 wd_on_bn_bias=False
[Optim]   group 0: 66,778,816 params, wd=0.0005
[Optim]   group 1: 68,234 params, wd=0.0
[Data] Train batches: 97, Val batches: 157

[Sched] cosine: steps/epoch=97, total_steps=1940, warmup_steps=0 (0 epochs)


[Epoch 1] Training... (lr at epoch start=0.100000)
  Batch [50/97] Loss: 6.6521, Acc: 11.41%, lr: 0.099836
[Epoch 1] Train Loss: 4.4860, Acc: 15.00%  |  Val Loss: 2.1577, Acc: 18.35%  |  Time: 23.2s
[Epoch 1] t_iter median: 151.65 ms  (fwd 29.32 | bwd+comm 115.85 | opt 5.76 | data 0.08)  |  train-only epoch: 17.3s
  -> Best model saved (18.35%)
[Epoch 1] Summarizing hook timing...

[HOOK_TIMING_SUMMARY] epoch=1
[HOOK_WORK_SUMMARY] label=mpi:ring_zfp_online_coll:rate16 calls=769 work_total_ms=10648.701 work_mean_ms=13.847 work_min_ms=6.979 work_max_ms=86.672
[HOOK_TAIL_SUMMARY] label=mpi:ring_zfp_online_coll:rate16 steps=98 tail_total_ms=8040.314 tail_mean_ms=82.044 tail_min_ms=30.541 tail_max_ms=117.162
[Epoch 1] Hook timing summary done

[Epoch 2] Training... (lr at epoch start=0.099384)
  Batch [50/97] Loss: 2.1291, Acc: 20.31%, lr: 0.098590
[Epoch 2] Train Loss: 2.0749, Acc: 20.94%  |  Val Loss: 1.9780, Acc: 22.74%  |  Time: 20.7s
[Epoch 2] t_iter median: 151.61 ms  (fwd 29.42 | bwd+comm 115.52 | opt 5.81 | data 0.08)  |  train-only epoch: 14.9s
  -> Best model saved (22.74%)
[Epoch 2] Summarizing hook timing...

[HOOK_TIMING_SUMMARY] epoch=2
[HOOK_WORK_SUMMARY] label=mpi:ring_zfp_online_coll:rate16 calls=776 work_total_ms=10565.028 work_mean_ms=13.615 work_min_ms=7.006 work_max_ms=63.642
[HOOK_TAIL_SUMMARY] label=mpi:ring_zfp_online_coll:rate16 steps=97 tail_total_ms=7947.365 tail_mean_ms=81.932 tail_min_ms=63.589 tail_max_ms=114.962
[Epoch 2] Hook timing summary done

[Epoch 3] Training... (lr at epoch start=0.097553)
  Batch [50/97] Loss: 1.9654, Acc: 25.34%, lr: 0.096147
[Epoch 3] Train Loss: 1.9166, Acc: 27.06%  |  Val Loss: 1.9767, Acc: 27.67%  |  Time: 20.7s
[Epoch 3] t_iter median: 150.95 ms  (fwd 29.82 | bwd+comm 114.92 | opt 5.79 | data 0.08)  |  train-only epoch: 14.8s
  -> Best model saved (27.67%)
[Epoch 3] Summarizing hook timing...

[HOOK_TIMING_SUMMARY] epoch=3
[HOOK_WORK_SUMMARY] label=mpi:ring_zfp_online_coll:rate16 calls=776 work_total_ms=10485.420 work_mean_ms=13.512 work_min_ms=6.992 work_max_ms=66.380
[HOOK_TAIL_SUMMARY] label=mpi:ring_zfp_online_coll:rate16 steps=97 tail_total_ms=7807.893 tail_mean_ms=80.494 tail_min_ms=63.464 tail_max_ms=114.249
[Epoch 3] Hook timing summary done

[Epoch 4] Training... (lr at epoch start=0.094550)
  Batch [50/97] Loss: 1.9194, Acc: 27.12%, lr: 0.092568
[Epoch 4] Train Loss: 1.8638, Acc: 29.17%  |  Val Loss: 1.7221, Acc: 34.56%  |  Time: 20.7s
[Epoch 4] t_iter median: 151.34 ms  (fwd 29.69 | bwd+comm 114.42 | opt 5.83 | data 0.08)  |  train-only epoch: 14.8s
  -> Best model saved (34.56%)
[Epoch 4] Summarizing hook timing...

[HOOK_TIMING_SUMMARY] epoch=4
[HOOK_WORK_SUMMARY] label=mpi:ring_zfp_online_coll:rate16 calls=776 work_total_ms=10407.305 work_mean_ms=13.411 work_min_ms=6.671 work_max_ms=61.171
[HOOK_TAIL_SUMMARY] label=mpi:ring_zfp_online_coll:rate16 steps=97 tail_total_ms=7993.002 tail_mean_ms=82.402 tail_min_ms=63.041 tail_max_ms=113.555
[Epoch 4] Hook timing summary done

[Epoch 5] Training... (lr at epoch start=0.090451)
  Batch [50/97] Loss: 1.7428, Acc: 34.66%, lr: 0.087941
[Epoch 5] Train Loss: 1.6999, Acc: 35.68%  |  Val Loss: 1.5936, Acc: 40.47%  |  Time: 20.4s
[Epoch 5] t_iter median: 147.76 ms  (fwd 29.62 | bwd+comm 110.53 | opt 5.81 | data 0.08)  |  train-only epoch: 14.5s
  -> Best model saved (40.47%)
[Epoch 5] Summarizing hook timing...

[HOOK_TIMING_SUMMARY] epoch=5
[HOOK_WORK_SUMMARY] label=mpi:ring_zfp_online_coll:rate16 calls=776 work_total_ms=10125.374 work_mean_ms=13.048 work_min_ms=6.705 work_max_ms=59.778
[HOOK_TAIL_SUMMARY] label=mpi:ring_zfp_online_coll:rate16 steps=97 tail_total_ms=7362.611 tail_mean_ms=75.903 tail_min_ms=61.769 tail_max_ms=111.825
[Epoch 5] Hook timing summary done

[Epoch 6] Training... (lr at epoch start=0.085355)
  Batch [50/97] Loss: 1.6131, Acc: 39.50%, lr: 0.082380
[Epoch 6] Train Loss: 1.6014, Acc: 39.85%  |  Val Loss: 1.5021, Acc: 43.80%  |  Time: 20.6s
[Epoch 6] t_iter median: 147.74 ms  (fwd 30.00 | bwd+comm 111.48 | opt 5.82 | data 0.08)  |  train-only epoch: 14.5s
  -> Best model saved (43.80%)
[Epoch 6] Summarizing hook timing...

[HOOK_TIMING_SUMMARY] epoch=6
[HOOK_WORK_SUMMARY] label=mpi:ring_zfp_online_coll:rate16 calls=776 work_total_ms=10152.869 work_mean_ms=13.084 work_min_ms=6.711 work_max_ms=61.259
[HOOK_TAIL_SUMMARY] label=mpi:ring_zfp_online_coll:rate16 steps=97 tail_total_ms=7466.613 tail_mean_ms=76.975 tail_min_ms=62.337 tail_max_ms=113.196
[Epoch 6] Hook timing summary done

[Epoch 7] Training... (lr at epoch start=0.079389)
  Batch [50/97] Loss: 1.5112, Acc: 44.06%, lr: 0.076021
[Epoch 7] Train Loss: 1.4884, Acc: 45.94%  |  Val Loss: 1.3817, Acc: 49.86%  |  Time: 20.5s
[Epoch 7] t_iter median: 147.52 ms  (fwd 29.66 | bwd+comm 111.34 | opt 5.82 | data 0.08)  |  train-only epoch: 14.4s
  -> Best model saved (49.86%)
[Epoch 7] Summarizing hook timing...

[HOOK_TIMING_SUMMARY] epoch=7
[HOOK_WORK_SUMMARY] label=mpi:ring_zfp_online_coll:rate16 calls=776 work_total_ms=10111.554 work_mean_ms=13.030 work_min_ms=6.681 work_max_ms=61.382
[HOOK_TAIL_SUMMARY] label=mpi:ring_zfp_online_coll:rate16 steps=97 tail_total_ms=7537.494 tail_mean_ms=77.706 tail_min_ms=61.081 tail_max_ms=112.810
[Epoch 7] Hook timing summary done

[Epoch 8] Training... (lr at epoch start=0.072700)
  Batch [50/97] Loss: 1.3890, Acc: 49.41%, lr: 0.069022
[Epoch 8] Train Loss: 1.3651, Acc: 50.48%  |  Val Loss: 1.2701, Acc: 54.26%  |  Time: 20.6s
[Epoch 8] t_iter median: 147.86 ms  (fwd 29.76 | bwd+comm 111.47 | opt 5.80 | data 0.08)  |  train-only epoch: 14.5s
  -> Best model saved (54.26%)
[Epoch 8] Summarizing hook timing...

[HOOK_TIMING_SUMMARY] epoch=8
[HOOK_WORK_SUMMARY] label=mpi:ring_zfp_online_coll:rate16 calls=776 work_total_ms=10203.503 work_mean_ms=13.149 work_min_ms=6.694 work_max_ms=61.262
[HOOK_TAIL_SUMMARY] label=mpi:ring_zfp_online_coll:rate16 steps=97 tail_total_ms=7643.122 tail_mean_ms=78.795 tail_min_ms=62.296 tail_max_ms=114.505
[Epoch 8] Hook timing summary done

[Epoch 9] Training... (lr at epoch start=0.065451)
  Batch [50/97] Loss: 1.2599, Acc: 53.53%, lr: 0.061554
[Epoch 9] Train Loss: 1.2331, Acc: 54.64%  |  Val Loss: 1.1277, Acc: 59.45%  |  Time: 20.6s
[Epoch 9] t_iter median: 147.30 ms  (fwd 29.52 | bwd+comm 111.31 | opt 5.76 | data 0.08)  |  train-only epoch: 14.5s
  -> Best model saved (59.45%)
[Epoch 9] Summarizing hook timing...

[HOOK_TIMING_SUMMARY] epoch=9
[HOOK_WORK_SUMMARY] label=mpi:ring_zfp_online_coll:rate16 calls=776 work_total_ms=10099.096 work_mean_ms=13.014 work_min_ms=6.688 work_max_ms=61.097
[HOOK_TAIL_SUMMARY] label=mpi:ring_zfp_online_coll:rate16 steps=97 tail_total_ms=7427.757 tail_mean_ms=76.575 tail_min_ms=60.173 tail_max_ms=111.393
[Epoch 9] Hook timing summary done

[Epoch 10] Training... (lr at epoch start=0.057822)
  Batch [50/97] Loss: 1.1583, Acc: 58.28%, lr: 0.053802
[Epoch 10] Train Loss: 1.1411, Acc: 58.46%  |  Val Loss: 1.0368, Acc: 62.35%  |  Time: 20.7s
[Epoch 10] t_iter median: 147.61 ms  (fwd 29.87 | bwd+comm 110.96 | opt 5.81 | data 0.08)  |  train-only epoch: 14.5s
  -> Best model saved (62.35%)
[Epoch 10] Summarizing hook timing...

[HOOK_TIMING_SUMMARY] epoch=10
[HOOK_WORK_SUMMARY] label=mpi:ring_zfp_online_coll:rate16 calls=776 work_total_ms=10124.379 work_mean_ms=13.047 work_min_ms=6.646 work_max_ms=61.094
[HOOK_TAIL_SUMMARY] label=mpi:ring_zfp_online_coll:rate16 steps=97 tail_total_ms=7616.603 tail_mean_ms=78.522 tail_min_ms=62.312 tail_max_ms=112.187
[Epoch 10] Hook timing summary done

[Epoch 11] Training... (lr at epoch start=0.050000)
  Batch [50/97] Loss: 1.0468, Acc: 62.66%, lr: 0.045956
[Epoch 11] Train Loss: 1.0246, Acc: 63.61%  |  Val Loss: 0.9908, Acc: 65.80%  |  Time: 20.6s
[Epoch 11] t_iter median: 147.48 ms  (fwd 29.26 | bwd+comm 111.28 | opt 5.81 | data 0.08)  |  train-only epoch: 14.5s
  -> Best model saved (65.80%)
[Epoch 11] Summarizing hook timing...

[HOOK_TIMING_SUMMARY] epoch=11
[HOOK_WORK_SUMMARY] label=mpi:ring_zfp_online_coll:rate16 calls=776 work_total_ms=10123.297 work_mean_ms=13.045 work_min_ms=6.654 work_max_ms=61.498
[HOOK_TAIL_SUMMARY] label=mpi:ring_zfp_online_coll:rate16 steps=97 tail_total_ms=7606.695 tail_mean_ms=78.420 tail_min_ms=62.566 tail_max_ms=111.821
[Epoch 11] Hook timing summary done

[Epoch 12] Training... (lr at epoch start=0.042178)
  Batch [50/97] Loss: 0.9510, Acc: 66.44%, lr: 0.038210
[Epoch 12] Train Loss: 0.9214, Acc: 67.35%  |  Val Loss: 0.8892, Acc: 69.05%  |  Time: 20.7s
[Epoch 12] t_iter median: 148.10 ms  (fwd 30.11 | bwd+comm 111.86 | opt 5.76 | data 0.08)  |  train-only epoch: 14.5s
  -> Best model saved (69.05%)
[Epoch 12] Summarizing hook timing...

[HOOK_TIMING_SUMMARY] epoch=12
[HOOK_WORK_SUMMARY] label=mpi:ring_zfp_online_coll:rate16 calls=776 work_total_ms=10182.647 work_mean_ms=13.122 work_min_ms=6.717 work_max_ms=62.149
[HOOK_TAIL_SUMMARY] label=mpi:ring_zfp_online_coll:rate16 steps=97 tail_total_ms=7476.750 tail_mean_ms=77.080 tail_min_ms=63.567 tail_max_ms=109.118
[Epoch 12] Hook timing summary done

[Epoch 13] Training... (lr at epoch start=0.034549)
  Batch [50/97] Loss: 0.8507, Acc: 69.31%, lr: 0.030754
[Epoch 13] Train Loss: 0.8526, Acc: 69.41%  |  Val Loss: 0.8526, Acc: 70.55%  |  Time: 20.7s
[Epoch 13] t_iter median: 147.93 ms  (fwd 29.44 | bwd+comm 111.22 | opt 5.77 | data 0.08)  |  train-only epoch: 14.4s
  -> Best model saved (70.55%)
[Epoch 13] Summarizing hook timing...

[HOOK_TIMING_SUMMARY] epoch=13
[HOOK_WORK_SUMMARY] label=mpi:ring_zfp_online_coll:rate16 calls=776 work_total_ms=10130.585 work_mean_ms=13.055 work_min_ms=6.698 work_max_ms=60.196
[HOOK_TAIL_SUMMARY] label=mpi:ring_zfp_online_coll:rate16 steps=97 tail_total_ms=7470.622 tail_mean_ms=77.017 tail_min_ms=62.568 tail_max_ms=110.921
[Epoch 13] Hook timing summary done

[Epoch 14] Training... (lr at epoch start=0.027300)
  Batch [50/97] Loss: 0.8202, Acc: 71.38%, lr: 0.023772
[Epoch 14] Train Loss: 0.8044, Acc: 71.67%  |  Val Loss: 0.8094, Acc: 72.03%  |  Time: 20.7s
[Epoch 14] t_iter median: 148.48 ms  (fwd 29.43 | bwd+comm 111.51 | opt 5.82 | data 0.08)  |  train-only epoch: 14.5s
  -> Best model saved (72.03%)
[Epoch 14] Summarizing hook timing...

[HOOK_TIMING_SUMMARY] epoch=14
[HOOK_WORK_SUMMARY] label=mpi:ring_zfp_online_coll:rate16 calls=776 work_total_ms=10161.352 work_mean_ms=13.095 work_min_ms=6.644 work_max_ms=61.820
[HOOK_TAIL_SUMMARY] label=mpi:ring_zfp_online_coll:rate16 steps=97 tail_total_ms=7414.746 tail_mean_ms=76.441 tail_min_ms=62.717 tail_max_ms=111.909
[Epoch 14] Hook timing summary done

[Epoch 15] Training... (lr at epoch start=0.020611)
  Batch [50/97] Loss: 0.7756, Acc: 72.12%, lr: 0.017435
[Epoch 15] Train Loss: 0.7749, Acc: 72.18%  |  Val Loss: 0.7584, Acc: 74.40%  |  Time: 20.7s
[Epoch 15] t_iter median: 147.91 ms  (fwd 29.69 | bwd+comm 111.21 | opt 5.82 | data 0.08)  |  train-only epoch: 14.5s
  -> Best model saved (74.40%)
[Epoch 15] Summarizing hook timing...

[HOOK_TIMING_SUMMARY] epoch=15
[HOOK_WORK_SUMMARY] label=mpi:ring_zfp_online_coll:rate16 calls=776 work_total_ms=10165.368 work_mean_ms=13.100 work_min_ms=6.684 work_max_ms=61.776
[HOOK_TAIL_SUMMARY] label=mpi:ring_zfp_online_coll:rate16 steps=97 tail_total_ms=7537.806 tail_mean_ms=77.709 tail_min_ms=61.759 tail_max_ms=112.203
[Epoch 15] Hook timing summary done

[Epoch 16] Training... (lr at epoch start=0.014645)
  Batch [50/97] Loss: 0.7394, Acc: 73.84%, lr: 0.011901
[Epoch 16] Train Loss: 0.7242, Acc: 74.90%  |  Val Loss: 0.7938, Acc: 75.43%  |  Time: 20.9s
[Epoch 16] t_iter median: 148.40 ms  (fwd 29.69 | bwd+comm 111.77 | opt 5.76 | data 0.08)  |  train-only epoch: 14.7s
  -> Best model saved (75.43%)
[Epoch 16] Summarizing hook timing...

[HOOK_TIMING_SUMMARY] epoch=16
[HOOK_WORK_SUMMARY] label=mpi:ring_zfp_online_coll:rate16 calls=776 work_total_ms=10329.598 work_mean_ms=13.311 work_min_ms=6.705 work_max_ms=79.330
[HOOK_TAIL_SUMMARY] label=mpi:ring_zfp_online_coll:rate16 steps=97 tail_total_ms=7692.537 tail_mean_ms=79.305 tail_min_ms=60.957 tail_max_ms=130.150
[Epoch 16] Hook timing summary done

[Epoch 17] Training... (lr at epoch start=0.009549)
  Batch [50/97] Loss: 0.6687, Acc: 76.28%, lr: 0.007305
[Epoch 17] Train Loss: 0.6619, Acc: 76.66%  |  Val Loss: 0.7310, Acc: 76.82%  |  Time: 20.7s
[Epoch 17] t_iter median: 148.00 ms  (fwd 29.64 | bwd+comm 111.84 | opt 5.77 | data 0.08)  |  train-only epoch: 14.5s
  -> Best model saved (76.82%)
[Epoch 17] Summarizing hook timing...

[HOOK_TIMING_SUMMARY] epoch=17
[HOOK_WORK_SUMMARY] label=mpi:ring_zfp_online_coll:rate16 calls=776 work_total_ms=10176.452 work_mean_ms=13.114 work_min_ms=6.712 work_max_ms=60.093
[HOOK_TAIL_SUMMARY] label=mpi:ring_zfp_online_coll:rate16 steps=97 tail_total_ms=7458.778 tail_mean_ms=76.895 tail_min_ms=62.319 tail_max_ms=111.546
[Epoch 17] Hook timing summary done

[Epoch 18] Training... (lr at epoch start=0.005450)
  Batch [50/97] Loss: 0.6047, Acc: 78.31%, lr: 0.003760
[Epoch 18] Train Loss: 0.6312, Acc: 77.75%  |  Val Loss: 0.6967, Acc: 77.09%  |  Time: 20.7s
[Epoch 18] t_iter median: 147.80 ms  (fwd 29.93 | bwd+comm 112.17 | opt 5.76 | data 0.08)  |  train-only epoch: 14.5s
  -> Best model saved (77.09%)
[Epoch 18] Summarizing hook timing...

[HOOK_TIMING_SUMMARY] epoch=18
[HOOK_WORK_SUMMARY] label=mpi:ring_zfp_online_coll:rate16 calls=776 work_total_ms=10151.192 work_mean_ms=13.081 work_min_ms=6.587 work_max_ms=60.948
[HOOK_TAIL_SUMMARY] label=mpi:ring_zfp_online_coll:rate16 steps=97 tail_total_ms=7545.523 tail_mean_ms=77.789 tail_min_ms=61.402 tail_max_ms=109.623
[Epoch 18] Hook timing summary done

[Epoch 19] Training... (lr at epoch start=0.002447)
  Batch [50/97] Loss: 0.6091, Acc: 78.41%, lr: 0.001353
[Epoch 19] Train Loss: 0.6138, Acc: 78.32%  |  Val Loss: 0.7816, Acc: 77.42%  |  Time: 20.8s
[Epoch 19] t_iter median: 148.23 ms  (fwd 29.63 | bwd+comm 111.70 | opt 5.77 | data 0.08)  |  train-only epoch: 14.5s
  -> Best model saved (77.42%)
[Epoch 19] Summarizing hook timing...

[HOOK_TIMING_SUMMARY] epoch=19
[HOOK_WORK_SUMMARY] label=mpi:ring_zfp_online_coll:rate16 calls=776 work_total_ms=10141.515 work_mean_ms=13.069 work_min_ms=6.719 work_max_ms=62.942
[HOOK_TAIL_SUMMARY] label=mpi:ring_zfp_online_coll:rate16 steps=97 tail_total_ms=7698.912 tail_mean_ms=79.370 tail_min_ms=63.811 tail_max_ms=113.819
[Epoch 19] Hook timing summary done

[Epoch 20] Training... (lr at epoch start=0.000616)
  Batch [50/97] Loss: 0.5527, Acc: 81.19%, lr: 0.000145
[Epoch 20] Train Loss: 0.5737, Acc: 80.07%  |  Val Loss: 0.7671, Acc: 77.63%  |  Time: 20.8s
[Epoch 20] t_iter median: 148.23 ms  (fwd 29.74 | bwd+comm 111.61 | opt 5.77 | data 0.08)  |  train-only epoch: 14.5s
  -> Best model saved (77.63%)
[Epoch 20] Summarizing hook timing...

[HOOK_TIMING_SUMMARY] epoch=20
[HOOK_WORK_SUMMARY] label=mpi:ring_zfp_online_coll:rate16 calls=776 work_total_ms=10172.490 work_mean_ms=13.109 work_min_ms=6.647 work_max_ms=61.934
[HOOK_TAIL_SUMMARY] label=mpi:ring_zfp_online_coll:rate16 steps=97 tail_total_ms=7495.855 tail_mean_ms=77.277 tail_min_ms=62.442 tail_max_ms=111.691
[Epoch 20] Hook timing summary done

================================================================================
Done in 448.8s | Best val acc: 77.63%
Epoch times (train+val): mean=20.8s  min=20.4s  max=23.2s
Train-only epoch time (epochs 2..N): median=14.50s  min=14.42s  max=14.87s
  -> use this for STRONG scaling (fixed global batch)
  -> use t_iter_median_ms from the CSV for WEAK scaling (fixed local batch)
================================================================================
=== Finished training: model=wide_resnet50_2, dataset=cifar10, batch=64, lr=0.1, scheduler=cosine, backend=mpi, hook=ring_zfp_online_coll, zfp_rate=16, status=0 at Fri Jul 17 08:57:57 PM EDT 2026 ===
=== Starting: model=wide_resnet50_2, ws=8, bs=64, gb=512, lr=0.1, sched=cosine, warmup=0, mom=0.9, wd=5e-4, nesterov=true, wd_bn_bias=false, backend=mpi, hook=ring_zfp_online_coll, zfp=10 at Fri Jul 17 08:57:57 PM EDT 2026 ===
MIOPEN_USER_DB_PATH=/mnt/bb/matilderestelli/miopen_cache_5019124/miopen_db
MIOPEN_CUSTOM_CACHE_DIR=/mnt/bb/matilderestelli/miopen_cache_5019124/kernel_cache
drwxr-sr-x 2 matilderestelli gen243 103 Jul 14 05:38 /mnt/bb/matilderestelli/miopen_cache_5019124/miopen_db
==== GPU visibility debug (batch shell) ====
frontier10314
ROCR_VISIBLE_DEVICES=0,1,2,3,4,5,6,7
SLURM_JOB_GPUS=0,1,2,3,4,5,6,7
[37mROCk module version 6.16.13 is loaded[0m
=====================    
HSA System Attributes    
=====================    
Runtime Version:         1.18
Runtime Ext Version:     1.14
System Timestamp Freq.:  1000.000000MHz
Sig. Max Wait Duration:  18446744073709551615 (0xFFFFFFFFFFFFFFFF) (timestamp count)
Machine Model:           LARGE                              
System Endianness:       LITTLE                             
Mwaitx:                  DISABLED
XNACK enabled:           NO
DMAbuf Support:          YES
VMM Support:             YES

==========               
HSA Agents               
==========               
*******                  
Agent 1                  
*******                  
  Name:                    AMD EPYC 7A53 64-Core Processor    
  Uuid:                    CPU-XX                             
  Marketing Name:          AMD EPYC 7A53 64-Core Processor    
  Vendor Name:             CPU                                
  Feature:                 None specified                     
  Profile:                 FULL_PROFILE                       
  Float Round Mode:        NEAR                               
  Max Queue Number:        0(0x0)                             
  Queue Min Size:          0(0x0)                             

================================================================================
DISTRIBUTED TRAINING LAUNCHER
================================================================================
  Model:      wide_resnet50_2 (CIFAR stem) (from scratch)
  Dataset:    cifar10 (10 classes)
  Image size: 32
  LR:         0.1
  Momentum:   0.9 (nesterov=True)
  Optimizer:  sgd
  Weight dec: 0.0005 (on BN/bias=False)
  Backend:    mpi
  Algorithm:  ring_zfp_online_coll
  ZFP rate:   10
  Epochs:     20
  Batch/rank: 64
  LR:         0.1
  Scheduler:  cosine
  Warmup:     0
  Grad clip:  None
  Drop last:  True
  Data dir:   ./data
================================================================================


================================================================================
DISTRIBUTED TRAINING LAUNCHER
================================================================================
  Model:      wide_resnet50_2 (CIFAR stem) (from scratch)
  Dataset:    cifar10 (10 classes)
  Image size: 32
  LR:         0.1
  Momentum:   0.9 (nesterov=True)
  Optimizer:  sgd
  Weight dec: 0.0005 (on BN/bias=False)
  Backend:    mpi
  Algorithm:  ring_zfp_online_coll
  ZFP rate:   10
  Epochs:     20
  Batch/rank: 64
  LR:         0.1
  Scheduler:  cosine
  Warmup:     0
  Grad clip:  None
  Drop last:  True
  Data dir:   ./data
================================================================================


================================================================================
DISTRIBUTED TRAINING LAUNCHER
================================================================================
  Model:      wide_resnet50_2 (CIFAR stem) (from scratch)
  Dataset:    cifar10 (10 classes)
  Image size: 32
  LR:         0.1
  Momentum:   0.9 (nesterov=True)
  Optimizer:  sgd
  Weight dec: 0.0005 (on BN/bias=False)
  Backend:    mpi
  Algorithm:  ring_zfp_online_coll
  ZFP rate:   10
  Epochs:     20
  Batch/rank: 64
  LR:         0.1
  Scheduler:  cosine
  Warmup:     0
  Grad clip:  None
  Drop last:  True
  Data dir:   ./data
================================================================================


================================================================================
DISTRIBUTED TRAINING LAUNCHER
================================================================================
  Model:      wide_resnet50_2 (CIFAR stem) (from scratch)
  Dataset:    cifar10 (10 classes)
  Image size: 32
  LR:         0.1
  Momentum:   0.9 (nesterov=True)
  Optimizer:  sgd
  Weight dec: 0.0005 (on BN/bias=False)
  Backend:    mpi
  Algorithm:  ring_zfp_online_coll
  ZFP rate:   10
  Epochs:     20
  Batch/rank: 64
  LR:         0.1
  Scheduler:  cosine
  Warmup:     0
  Grad clip:  None
  Drop last:  True
  Data dir:   ./data
================================================================================


================================================================================
DISTRIBUTED TRAINING LAUNCHER
================================================================================
  Model:      wide_resnet50_2 (CIFAR stem) (from scratch)
  Dataset:    cifar10 (10 classes)
  Image size: 32
  LR:         0.1
  Momentum:   0.9 (nesterov=True)
  Optimizer:  sgd
  Weight dec: 0.0005 (on BN/bias=False)
  Backend:    mpi
  Algorithm:  ring_zfp_online_coll
  ZFP rate:   10
  Epochs:     20
  Batch/rank: 64
  LR:         0.1
  Scheduler:  cosine
  Warmup:     0
  Grad clip:  None
  Drop last:  True
  Data dir:   ./data
================================================================================


================================================================================
DISTRIBUTED TRAINING LAUNCHER
================================================================================
  Model:      wide_resnet50_2 (CIFAR stem) (from scratch)
  Dataset:    cifar10 (10 classes)
  Image size: 32
  LR:         0.1
  Momentum:   0.9 (nesterov=True)
  Optimizer:  sgd
  Weight dec: 0.0005 (on BN/bias=False)
  Backend:    mpi
  Algorithm:  ring_zfp_online_coll
  ZFP rate:   10
  Epochs:     20
  Batch/rank: 64
  LR:         0.1
  Scheduler:  cosine
  Warmup:     0
  Grad clip:  None
  Drop last:  True
  Data dir:   ./data
================================================================================


================================================================================
DISTRIBUTED TRAINING LAUNCHER
================================================================================
  Model:      wide_resnet50_2 (CIFAR stem) (from scratch)
  Dataset:    cifar10 (10 classes)
  Image size: 32
  LR:         0.1
  Momentum:   0.9 (nesterov=True)
  Optimizer:  sgd
  Weight dec: 0.0005 (on BN/bias=False)
  Backend:    mpi
  Algorithm:  ring_zfp_online_coll
  ZFP rate:   10
  Epochs:     20
  Batch/rank: 64
  LR:         0.1
  Scheduler:  cosine
  Warmup:     0
  Grad clip:  None
  Drop last:  True
  Data dir:   ./data
================================================================================


================================================================================
DISTRIBUTED TRAINING LAUNCHER
================================================================================
  Model:      wide_resnet50_2 (CIFAR stem) (from scratch)
  Dataset:    cifar10 (10 classes)
  Image size: 32
  LR:         0.1
  Momentum:   0.9 (nesterov=True)
  Optimizer:  sgd
  Weight dec: 0.0005 (on BN/bias=False)
  Backend:    mpi
  Algorithm:  ring_zfp_online_coll
  ZFP rate:   10
  Epochs:     20
  Batch/rank: 64
  LR:         0.1
  Scheduler:  cosine
  Warmup:     0
  Grad clip:  None
  Drop last:  True
  Data dir:   ./data
================================================================================


================================================================================
Distributed Training: WIDE_RESNET50_2 on CIFAR10
Backend: MPI, Algorithm: ring_zfp_online_coll
================================================================================
Ranks: 8, Epochs: 20, Batch/rank: 64, Effective batch: 512
LR: 0.1, Device: cuda:0

[Cache] Pretrained weights cache (TORCH_HOME) = /lustre/orion/gen243/proj-shared/matilderestelli/pretrained_weights_cache
[Setup] Model on cuda:0, wrapped in DDP (static_graph=True)
[Setup] Hook registered: mpi/ring_zfp_online_coll
[Optim] SGD: lr=0.1 momentum=0.9 nesterov=True wd=0.0005 wd_on_bn_bias=False
[Optim]   group 0: 66,778,816 params, wd=0.0005
[Optim]   group 1: 68,234 params, wd=0.0
[Data] Train batches: 97, Val batches: 157

[Sched] cosine: steps/epoch=97, total_steps=1940, warmup_steps=0 (0 epochs)


[Epoch 1] Training... (lr at epoch start=0.100000)
  Batch [50/97] Loss: 5.4546, Acc: 10.69%, lr: 0.099836
[Epoch 1] Train Loss: 3.9297, Acc: 11.57%  |  Val Loss: 2.3737, Acc: 11.82%  |  Time: 22.6s
[Epoch 1] t_iter median: 146.05 ms  (fwd 28.37 | bwd+comm 111.30 | opt 5.28 | data 0.08)  |  train-only epoch: 16.6s
  -> Best model saved (11.82%)
[Epoch 1] Summarizing hook timing...

[HOOK_TIMING_SUMMARY] epoch=1
[HOOK_WORK_SUMMARY] label=mpi:ring_zfp_online_coll:rate10 calls=769 work_total_ms=10124.523 work_mean_ms=13.166 work_min_ms=6.789 work_max_ms=100.202
[HOOK_TAIL_SUMMARY] label=mpi:ring_zfp_online_coll:rate10 steps=98 tail_total_ms=7664.403 tail_mean_ms=78.208 tail_min_ms=31.744 tail_max_ms=111.357
[Epoch 1] Hook timing summary done

[Epoch 2] Training... (lr at epoch start=0.099384)
  Batch [50/97] Loss: 2.2513, Acc: 14.38%, lr: 0.098590
[Epoch 2] Train Loss: 2.1675, Acc: 17.30%  |  Val Loss: 2.0442, Acc: 22.66%  |  Time: 20.2s
[Epoch 2] t_iter median: 146.43 ms  (fwd 28.78 | bwd+comm 110.89 | opt 5.23 | data 0.09)  |  train-only epoch: 14.3s
  -> Best model saved (22.66%)
[Epoch 2] Summarizing hook timing...

[HOOK_TIMING_SUMMARY] epoch=2
[HOOK_WORK_SUMMARY] label=mpi:ring_zfp_online_coll:rate10 calls=776 work_total_ms=10149.067 work_mean_ms=13.079 work_min_ms=6.856 work_max_ms=60.823
[HOOK_TAIL_SUMMARY] label=mpi:ring_zfp_online_coll:rate10 steps=97 tail_total_ms=7751.420 tail_mean_ms=79.912 tail_min_ms=60.792 tail_max_ms=112.814
[Epoch 2] Hook timing summary done

[Epoch 3] Training... (lr at epoch start=0.097553)
  Batch [50/97] Loss: 2.0059, Acc: 22.72%, lr: 0.096147
[Epoch 3] Train Loss: 1.9463, Acc: 25.53%  |  Val Loss: 1.9213, Acc: 29.83%  |  Time: 20.3s
[Epoch 3] t_iter median: 146.39 ms  (fwd 28.51 | bwd+comm 110.26 | opt 5.24 | data 0.08)  |  train-only epoch: 14.3s
  -> Best model saved (29.83%)
[Epoch 3] Summarizing hook timing...

[HOOK_TIMING_SUMMARY] epoch=3
[HOOK_WORK_SUMMARY] label=mpi:ring_zfp_online_coll:rate10 calls=776 work_total_ms=10174.517 work_mean_ms=13.111 work_min_ms=6.833 work_max_ms=60.924
[HOOK_TAIL_SUMMARY] label=mpi:ring_zfp_online_coll:rate10 steps=97 tail_total_ms=7631.171 tail_mean_ms=78.672 tail_min_ms=61.363 tail_max_ms=112.236
[Epoch 3] Hook timing summary done

[Epoch 4] Training... (lr at epoch start=0.094550)
  Batch [50/97] Loss: 1.8082, Acc: 30.91%, lr: 0.092568
[Epoch 4] Train Loss: 1.7705, Acc: 33.04%  |  Val Loss: 1.6080, Acc: 40.39%  |  Time: 20.3s
[Epoch 4] t_iter median: 146.76 ms  (fwd 28.38 | bwd+comm 111.23 | opt 5.25 | data 0.09)  |  train-only epoch: 14.3s
  -> Best model saved (40.39%)
[Epoch 4] Summarizing hook timing...

[HOOK_TIMING_SUMMARY] epoch=4
[HOOK_WORK_SUMMARY] label=mpi:ring_zfp_online_coll:rate10 calls=776 work_total_ms=10157.700 work_mean_ms=13.090 work_min_ms=6.567 work_max_ms=59.995
[HOOK_TAIL_SUMMARY] label=mpi:ring_zfp_online_coll:rate10 steps=97 tail_total_ms=7684.794 tail_mean_ms=79.225 tail_min_ms=60.165 tail_max_ms=123.038
[Epoch 4] Hook timing summary done

[Epoch 5] Training... (lr at epoch start=0.090451)
  Batch [50/97] Loss: 1.6306, Acc: 39.50%, lr: 0.087941
[Epoch 5] Train Loss: 1.5842, Acc: 41.35%  |  Val Loss: 1.4848, Acc: 45.52%  |  Time: 20.1s
[Epoch 5] t_iter median: 143.85 ms  (fwd 29.63 | bwd+comm 107.71 | opt 5.24 | data 0.08)  |  train-only epoch: 14.1s
  -> Best model saved (45.52%)
[Epoch 5] Summarizing hook timing...

[HOOK_TIMING_SUMMARY] epoch=5
[HOOK_WORK_SUMMARY] label=mpi:ring_zfp_online_coll:rate10 calls=776 work_total_ms=9908.177 work_mean_ms=12.768 work_min_ms=6.488 work_max_ms=60.327
[HOOK_TAIL_SUMMARY] label=mpi:ring_zfp_online_coll:rate10 steps=97 tail_total_ms=7385.924 tail_mean_ms=76.144 tail_min_ms=58.227 tail_max_ms=110.230
[Epoch 5] Hook timing summary done

[Epoch 6] Training... (lr at epoch start=0.085355)
  Batch [50/97] Loss: 1.4381, Acc: 47.12%, lr: 0.082380
[Epoch 6] Train Loss: 1.4363, Acc: 47.16%  |  Val Loss: 1.4020, Acc: 51.36%  |  Time: 20.1s
[Epoch 6] t_iter median: 144.13 ms  (fwd 29.28 | bwd+comm 108.79 | opt 5.24 | data 0.08)  |  train-only epoch: 14.1s
  -> Best model saved (51.36%)
[Epoch 6] Summarizing hook timing...

[HOOK_TIMING_SUMMARY] epoch=6
[HOOK_WORK_SUMMARY] label=mpi:ring_zfp_online_coll:rate10 calls=776 work_total_ms=9905.899 work_mean_ms=12.765 work_min_ms=6.516 work_max_ms=60.175
[HOOK_TAIL_SUMMARY] label=mpi:ring_zfp_online_coll:rate10 steps=97 tail_total_ms=7357.046 tail_mean_ms=75.846 tail_min_ms=59.771 tail_max_ms=108.741
[Epoch 6] Hook timing summary done

[Epoch 7] Training... (lr at epoch start=0.079389)
  Batch [50/97] Loss: 1.3178, Acc: 52.31%, lr: 0.076021
[Epoch 7] Train Loss: 1.3082, Acc: 53.08%  |  Val Loss: 1.2381, Acc: 55.79%  |  Time: 20.2s
[Epoch 7] t_iter median: 143.60 ms  (fwd 29.58 | bwd+comm 108.82 | opt 5.24 | data 0.08)  |  train-only epoch: 14.1s
  -> Best model saved (55.79%)
[Epoch 7] Summarizing hook timing...

[HOOK_TIMING_SUMMARY] epoch=7
[HOOK_WORK_SUMMARY] label=mpi:ring_zfp_online_coll:rate10 calls=776 work_total_ms=9879.882 work_mean_ms=12.732 work_min_ms=6.493 work_max_ms=59.938
[HOOK_TAIL_SUMMARY] label=mpi:ring_zfp_online_coll:rate10 steps=97 tail_total_ms=7243.900 tail_mean_ms=74.679 tail_min_ms=59.518 tail_max_ms=111.754
[Epoch 7] Hook timing summary done

[Epoch 8] Training... (lr at epoch start=0.072700)
  Batch [50/97] Loss: 1.2053, Acc: 56.94%, lr: 0.069022
[Epoch 8] Train Loss: 1.1772, Acc: 58.33%  |  Val Loss: 1.1295, Acc: 62.14%  |  Time: 20.2s
[Epoch 8] t_iter median: 144.39 ms  (fwd 30.36 | bwd+comm 107.87 | opt 5.23 | data 0.08)  |  train-only epoch: 14.2s
  -> Best model saved (62.14%)
[Epoch 8] Summarizing hook timing...

[HOOK_TIMING_SUMMARY] epoch=8
[HOOK_WORK_SUMMARY] label=mpi:ring_zfp_online_coll:rate10 calls=776 work_total_ms=10027.280 work_mean_ms=12.922 work_min_ms=6.416 work_max_ms=63.958
[HOOK_TAIL_SUMMARY] label=mpi:ring_zfp_online_coll:rate10 steps=97 tail_total_ms=7432.329 tail_mean_ms=76.622 tail_min_ms=58.508 tail_max_ms=116.619
[Epoch 8] Hook timing summary done

[Epoch 9] Training... (lr at epoch start=0.065451)
  Batch [50/97] Loss: 1.1044, Acc: 60.12%, lr: 0.061554
[Epoch 9] Train Loss: 1.0819, Acc: 61.55%  |  Val Loss: 1.0763, Acc: 64.32%  |  Time: 20.2s
[Epoch 9] t_iter median: 144.24 ms  (fwd 29.55 | bwd+comm 108.67 | opt 5.20 | data 0.08)  |  train-only epoch: 14.1s
  -> Best model saved (64.32%)
[Epoch 9] Summarizing hook timing...

[HOOK_TIMING_SUMMARY] epoch=9
[HOOK_WORK_SUMMARY] label=mpi:ring_zfp_online_coll:rate10 calls=776 work_total_ms=9978.071 work_mean_ms=12.858 work_min_ms=6.463 work_max_ms=60.362
[HOOK_TAIL_SUMMARY] label=mpi:ring_zfp_online_coll:rate10 steps=97 tail_total_ms=7200.234 tail_mean_ms=74.229 tail_min_ms=59.149 tail_max_ms=109.591
[Epoch 9] Hook timing summary done

[Epoch 10] Training... (lr at epoch start=0.057822)
  Batch [50/97] Loss: 1.0335, Acc: 63.47%, lr: 0.053802
[Epoch 10] Train Loss: 0.9989, Acc: 64.48%  |  Val Loss: 1.4014, Acc: 68.00%  |  Time: 20.3s
[Epoch 10] t_iter median: 144.77 ms  (fwd 29.83 | bwd+comm 109.27 | opt 5.20 | data 0.08)  |  train-only epoch: 14.1s
  -> Best model saved (68.00%)
[Epoch 10] Summarizing hook timing...

[HOOK_TIMING_SUMMARY] epoch=10
[HOOK_WORK_SUMMARY] label=mpi:ring_zfp_online_coll:rate10 calls=776 work_total_ms=9957.391 work_mean_ms=12.832 work_min_ms=6.438 work_max_ms=60.694
[HOOK_TAIL_SUMMARY] label=mpi:ring_zfp_online_coll:rate10 steps=97 tail_total_ms=7220.995 tail_mean_ms=74.443 tail_min_ms=58.681 tail_max_ms=110.784
[Epoch 10] Hook timing summary done

[Epoch 11] Training... (lr at epoch start=0.050000)
  Batch [50/97] Loss: 0.9117, Acc: 67.69%, lr: 0.045956
[Epoch 11] Train Loss: 0.8954, Acc: 68.62%  |  Val Loss: 0.8425, Acc: 70.30%  |  Time: 20.3s
[Epoch 11] t_iter median: 144.34 ms  (fwd 29.86 | bwd+comm 109.34 | opt 5.24 | data 0.08)  |  train-only epoch: 14.2s
  -> Best model saved (70.30%)
[Epoch 11] Summarizing hook timing...

[HOOK_TIMING_SUMMARY] epoch=11
[HOOK_WORK_SUMMARY] label=mpi:ring_zfp_online_coll:rate10 calls=776 work_total_ms=9974.335 work_mean_ms=12.854 work_min_ms=6.534 work_max_ms=60.752
[HOOK_TAIL_SUMMARY] label=mpi:ring_zfp_online_coll:rate10 steps=97 tail_total_ms=7299.996 tail_mean_ms=75.258 tail_min_ms=58.943 tail_max_ms=111.903
[Epoch 11] Hook timing summary done

[Epoch 12] Training... (lr at epoch start=0.042178)
  Batch [50/97] Loss: 0.8414, Acc: 69.91%, lr: 0.038210
[Epoch 12] Train Loss: 0.8190, Acc: 70.57%  |  Val Loss: 0.7779, Acc: 72.77%  |  Time: 20.3s
[Epoch 12] t_iter median: 144.75 ms  (fwd 30.02 | bwd+comm 109.39 | opt 5.21 | data 0.08)  |  train-only epoch: 14.1s
  -> Best model saved (72.77%)
[Epoch 12] Summarizing hook timing...

[HOOK_TIMING_SUMMARY] epoch=12
[HOOK_WORK_SUMMARY] label=mpi:ring_zfp_online_coll:rate10 calls=776 work_total_ms=10003.965 work_mean_ms=12.892 work_min_ms=6.480 work_max_ms=60.953
[HOOK_TAIL_SUMMARY] label=mpi:ring_zfp_online_coll:rate10 steps=97 tail_total_ms=7165.017 tail_mean_ms=73.866 tail_min_ms=59.822 tail_max_ms=111.262
[Epoch 12] Hook timing summary done

[Epoch 13] Training... (lr at epoch start=0.034549)
  Batch [50/97] Loss: 0.7428, Acc: 73.97%, lr: 0.030754
[Epoch 13] Train Loss: 0.7402, Acc: 74.07%  |  Val Loss: 0.9008, Acc: 74.57%  |  Time: 20.3s
[Epoch 13] t_iter median: 144.06 ms  (fwd 29.77 | bwd+comm 108.49 | opt 5.24 | data 0.08)  |  train-only epoch: 14.2s
  -> Best model saved (74.57%)
[Epoch 13] Summarizing hook timing...

[HOOK_TIMING_SUMMARY] epoch=13
[HOOK_WORK_SUMMARY] label=mpi:ring_zfp_online_coll:rate10 calls=776 work_total_ms=9953.824 work_mean_ms=12.827 work_min_ms=6.473 work_max_ms=60.098
[HOOK_TAIL_SUMMARY] label=mpi:ring_zfp_online_coll:rate10 steps=97 tail_total_ms=7543.600 tail_mean_ms=77.769 tail_min_ms=59.250 tail_max_ms=111.855
[Epoch 13] Hook timing summary done

[Epoch 14] Training... (lr at epoch start=0.027300)
  Batch [50/97] Loss: 0.7069, Acc: 75.22%, lr: 0.023772
[Epoch 14] Train Loss: 0.6936, Acc: 75.55%  |  Val Loss: 0.7095, Acc: 75.67%  |  Time: 20.2s
[Epoch 14] t_iter median: 144.10 ms  (fwd 29.67 | bwd+comm 108.75 | opt 5.24 | data 0.09)  |  train-only epoch: 14.1s
  -> Best model saved (75.67%)
[Epoch 14] Summarizing hook timing...

[HOOK_TIMING_SUMMARY] epoch=14
[HOOK_WORK_SUMMARY] label=mpi:ring_zfp_online_coll:rate10 calls=776 work_total_ms=9914.804 work_mean_ms=12.777 work_min_ms=6.464 work_max_ms=60.563
[HOOK_TAIL_SUMMARY] label=mpi:ring_zfp_online_coll:rate10 steps=97 tail_total_ms=7205.142 tail_mean_ms=74.280 tail_min_ms=58.923 tail_max_ms=112.325
[Epoch 14] Hook timing summary done

[Epoch 15] Training... (lr at epoch start=0.020611)
  Batch [50/97] Loss: 0.6599, Acc: 76.94%, lr: 0.017435
[Epoch 15] Train Loss: 0.6609, Acc: 76.63%  |  Val Loss: 0.6360, Acc: 77.87%  |  Time: 20.3s
[Epoch 15] t_iter median: 144.35 ms  (fwd 30.33 | bwd+comm 108.40 | opt 5.21 | data 0.08)  |  train-only epoch: 14.2s
  -> Best model saved (77.87%)
[Epoch 15] Summarizing hook timing...

[HOOK_TIMING_SUMMARY] epoch=15
[HOOK_WORK_SUMMARY] label=mpi:ring_zfp_online_coll:rate10 calls=776 work_total_ms=9947.483 work_mean_ms=12.819 work_min_ms=6.460 work_max_ms=59.594
[HOOK_TAIL_SUMMARY] label=mpi:ring_zfp_online_coll:rate10 steps=97 tail_total_ms=7170.464 tail_mean_ms=73.922 tail_min_ms=58.236 tail_max_ms=111.783
[Epoch 15] Hook timing summary done

[Epoch 16] Training... (lr at epoch start=0.014645)
  Batch [50/97] Loss: 0.6051, Acc: 78.91%, lr: 0.011901
[Epoch 16] Train Loss: 0.5988, Acc: 79.33%  |  Val Loss: 0.6188, Acc: 78.56%  |  Time: 20.5s
[Epoch 16] t_iter median: 144.74 ms  (fwd 29.36 | bwd+comm 109.13 | opt 5.20 | data 0.08)  |  train-only epoch: 14.3s
  -> Best model saved (78.56%)
[Epoch 16] Summarizing hook timing...

[HOOK_TIMING_SUMMARY] epoch=16
[HOOK_WORK_SUMMARY] label=mpi:ring_zfp_online_coll:rate10 calls=776 work_total_ms=10109.276 work_mean_ms=13.027 work_min_ms=6.425 work_max_ms=60.860
[HOOK_TAIL_SUMMARY] label=mpi:ring_zfp_online_coll:rate10 steps=97 tail_total_ms=7555.933 tail_mean_ms=77.896 tail_min_ms=58.884 tail_max_ms=128.039
[Epoch 16] Hook timing summary done

[Epoch 17] Training... (lr at epoch start=0.009549)
  Batch [50/97] Loss: 0.5489, Acc: 80.62%, lr: 0.007305
[Epoch 17] Train Loss: 0.5438, Acc: 80.59%  |  Val Loss: 0.5884, Acc: 79.59%  |  Time: 20.4s
[Epoch 17] t_iter median: 144.86 ms  (fwd 29.53 | bwd+comm 109.59 | opt 5.24 | data 0.09)  |  train-only epoch: 14.2s
  -> Best model saved (79.59%)
[Epoch 17] Summarizing hook timing...

[HOOK_TIMING_SUMMARY] epoch=17
[HOOK_WORK_SUMMARY] label=mpi:ring_zfp_online_coll:rate10 calls=776 work_total_ms=9972.665 work_mean_ms=12.851 work_min_ms=6.436 work_max_ms=60.953
[HOOK_TAIL_SUMMARY] label=mpi:ring_zfp_online_coll:rate10 steps=97 tail_total_ms=7409.700 tail_mean_ms=76.389 tail_min_ms=58.746 tail_max_ms=111.852
[Epoch 17] Hook timing summary done

[Epoch 18] Training... (lr at epoch start=0.005450)
  Batch [50/97] Loss: 0.4915, Acc: 83.06%, lr: 0.003760
[Epoch 18] Train Loss: 0.5112, Acc: 82.64%  |  Val Loss: 0.5693, Acc: 80.69%  |  Time: 20.4s
[Epoch 18] t_iter median: 144.27 ms  (fwd 29.50 | bwd+comm 109.42 | opt 5.21 | data 0.08)  |  train-only epoch: 14.2s
  -> Best model saved (80.69%)
[Epoch 18] Summarizing hook timing...

[HOOK_TIMING_SUMMARY] epoch=18
[HOOK_WORK_SUMMARY] label=mpi:ring_zfp_online_coll:rate10 calls=776 work_total_ms=9966.009 work_mean_ms=12.843 work_min_ms=6.476 work_max_ms=60.320
[HOOK_TAIL_SUMMARY] label=mpi:ring_zfp_online_coll:rate10 steps=97 tail_total_ms=7497.484 tail_mean_ms=77.294 tail_min_ms=58.093 tail_max_ms=111.476
[Epoch 18] Hook timing summary done

[Epoch 19] Training... (lr at epoch start=0.002447)
  Batch [50/97] Loss: 0.4734, Acc: 83.44%, lr: 0.001353
[Epoch 19] Train Loss: 0.4837, Acc: 82.76%  |  Val Loss: 0.5710, Acc: 80.98%  |  Time: 20.5s
[Epoch 19] t_iter median: 144.55 ms  (fwd 29.70 | bwd+comm 109.32 | opt 5.21 | data 0.08)  |  train-only epoch: 14.2s
  -> Best model saved (80.98%)
[Epoch 19] Summarizing hook timing...

[HOOK_TIMING_SUMMARY] epoch=19
[HOOK_WORK_SUMMARY] label=mpi:ring_zfp_online_coll:rate10 calls=776 work_total_ms=9974.335 work_mean_ms=12.854 work_min_ms=6.458 work_max_ms=60.852
[HOOK_TAIL_SUMMARY] label=mpi:ring_zfp_online_coll:rate10 steps=97 tail_total_ms=7730.367 tail_mean_ms=79.695 tail_min_ms=58.263 tail_max_ms=111.551
[Epoch 19] Hook timing summary done

[Epoch 20] Training... (lr at epoch start=0.000616)
  Batch [50/97] Loss: 0.4194, Acc: 85.94%, lr: 0.000145
[Epoch 20] Train Loss: 0.4344, Acc: 84.99%  |  Val Loss: 0.5612, Acc: 80.83%  |  Time: 20.5s
[Epoch 20] t_iter median: 144.21 ms  (fwd 29.70 | bwd+comm 109.69 | opt 5.24 | data 0.08)  |  train-only epoch: 14.2s
[Epoch 20] Summarizing hook timing...

[HOOK_TIMING_SUMMARY] epoch=20
[HOOK_WORK_SUMMARY] label=mpi:ring_zfp_online_coll:rate10 calls=776 work_total_ms=9943.071 work_mean_ms=12.813 work_min_ms=6.454 work_max_ms=59.614
[HOOK_TAIL_SUMMARY] label=mpi:ring_zfp_online_coll:rate10 steps=97 tail_total_ms=7606.477 tail_mean_ms=78.417 tail_min_ms=58.528 tail_max_ms=110.380
[Epoch 20] Hook timing summary done

================================================================================
Done in 439.1s | Best val acc: 80.98%
Epoch times (train+val): mean=20.4s  min=20.1s  max=22.6s
Train-only epoch time (epochs 2..N): median=14.19s  min=14.09s  max=14.35s
  -> use this for STRONG scaling (fixed global batch)
  -> use t_iter_median_ms from the CSV for WEAK scaling (fixed local batch)
================================================================================
=== Finished training: model=wide_resnet50_2, dataset=cifar10, batch=64, lr=0.1, scheduler=cosine, backend=mpi, hook=ring_zfp_online_coll, zfp_rate=10, status=0 at Fri Jul 17 09:05:22 PM EDT 2026 ===
=== Starting: model=wide_resnet50_2, ws=8, bs=64, gb=512, lr=0.1, sched=cosine, warmup=0, mom=0.9, wd=5e-4, nesterov=true, wd_bn_bias=false, backend=mpi, hook=recursive_doubling, zfp=none at Fri Jul 17 09:05:22 PM EDT 2026 ===
MIOPEN_USER_DB_PATH=/mnt/bb/matilderestelli/miopen_cache_5019124/miopen_db
MIOPEN_CUSTOM_CACHE_DIR=/mnt/bb/matilderestelli/miopen_cache_5019124/kernel_cache
drwxr-sr-x 2 matilderestelli gen243 103 Jul 14 05:38 /mnt/bb/matilderestelli/miopen_cache_5019124/miopen_db
==== GPU visibility debug (batch shell) ====
frontier10314
ROCR_VISIBLE_DEVICES=0,1,2,3,4,5,6,7
SLURM_JOB_GPUS=0,1,2,3,4,5,6,7
[37mROCk module version 6.16.13 is loaded[0m
=====================    
HSA System Attributes    
=====================    
Runtime Version:         1.18
Runtime Ext Version:     1.14
System Timestamp Freq.:  1000.000000MHz
Sig. Max Wait Duration:  18446744073709551615 (0xFFFFFFFFFFFFFFFF) (timestamp count)
Machine Model:           LARGE                              
System Endianness:       LITTLE                             
Mwaitx:                  DISABLED
XNACK enabled:           NO
DMAbuf Support:          YES
VMM Support:             YES

==========               
HSA Agents               
==========               
*******                  
Agent 1                  
*******                  
  Name:                    AMD EPYC 7A53 64-Core Processor    
  Uuid:                    CPU-XX                             
  Marketing Name:          AMD EPYC 7A53 64-Core Processor    
  Vendor Name:             CPU                                
  Feature:                 None specified                     
  Profile:                 FULL_PROFILE                       
  Float Round Mode:        NEAR                               
  Max Queue Number:        0(0x0)                             
  Queue Min Size:          0(0x0)                             

================================================================================
DISTRIBUTED TRAINING LAUNCHER
================================================================================
  Model:      wide_resnet50_2 (CIFAR stem) (from scratch)
  Dataset:    cifar10 (10 classes)
  Image size: 32
  LR:         0.1
  Momentum:   0.9 (nesterov=True)
  Optimizer:  sgd
  Weight dec: 0.0005 (on BN/bias=False)
  Backend:    mpi
  Algorithm:  recursive_doubling
  Epochs:     20
  Batch/rank: 64
  LR:         0.1
  Scheduler:  cosine
  Warmup:     0
  Grad clip:  None
  Drop last:  True
  Data dir:   ./data
================================================================================


================================================================================
DISTRIBUTED TRAINING LAUNCHER
================================================================================
  Model:      wide_resnet50_2 (CIFAR stem) (from scratch)
  Dataset:    cifar10 (10 classes)
  Image size: 32
  LR:         0.1
  Momentum:   0.9 (nesterov=True)
  Optimizer:  sgd
  Weight dec: 0.0005 (on BN/bias=False)
  Backend:    mpi
  Algorithm:  recursive_doubling
  Epochs:     20
  Batch/rank: 64
  LR:         0.1
  Scheduler:  cosine
  Warmup:     0
  Grad clip:  None
  Drop last:  True
  Data dir:   ./data
================================================================================


================================================================================
DISTRIBUTED TRAINING LAUNCHER
================================================================================
  Model:      wide_resnet50_2 (CIFAR stem) (from scratch)
  Dataset:    cifar10 (10 classes)
  Image size: 32
  LR:         0.1
  Momentum:   0.9 (nesterov=True)
  Optimizer:  sgd
  Weight dec: 0.0005 (on BN/bias=False)
  Backend:    mpi
  Algorithm:  recursive_doubling
  Epochs:     20
  Batch/rank: 64
  LR:         0.1
  Scheduler:  cosine
  Warmup:     0
  Grad clip:  None
  Drop last:  True
  Data dir:   ./data
================================================================================


================================================================================
DISTRIBUTED TRAINING LAUNCHER
================================================================================
  Model:      wide_resnet50_2 (CIFAR stem) (from scratch)
  Dataset:    cifar10 (10 classes)
  Image size: 32
  LR:         0.1
  Momentum:   0.9 (nesterov=True)
  Optimizer:  sgd
  Weight dec: 0.0005 (on BN/bias=False)
  Backend:    mpi
  Algorithm:  recursive_doubling
  Epochs:     20
  Batch/rank: 64
  LR:         0.1
  Scheduler:  cosine
  Warmup:     0
  Grad clip:  None
  Drop last:  True
  Data dir:   ./data
================================================================================


================================================================================
DISTRIBUTED TRAINING LAUNCHER
================================================================================
  Model:      wide_resnet50_2 (CIFAR stem) (from scratch)
  Dataset:    cifar10 (10 classes)
  Image size: 32
  LR:         0.1
  Momentum:   0.9 (nesterov=True)
  Optimizer:  sgd
  Weight dec: 0.0005 (on BN/bias=False)
  Backend:    mpi
  Algorithm:  recursive_doubling
  Epochs:     20
  Batch/rank: 64
  LR:         0.1
  Scheduler:  cosine
  Warmup:     0
  Grad clip:  None
  Drop last:  True
  Data dir:   ./data
================================================================================


================================================================================
DISTRIBUTED TRAINING LAUNCHER
================================================================================
  Model:      wide_resnet50_2 (CIFAR stem) (from scratch)
  Dataset:    cifar10 (10 classes)
  Image size: 32
  LR:         0.1
  Momentum:   0.9 (nesterov=True)
  Optimizer:  sgd
  Weight dec: 0.0005 (on BN/bias=False)
  Backend:    mpi
  Algorithm:  recursive_doubling
  Epochs:     20
  Batch/rank: 64
  LR:         0.1
  Scheduler:  cosine
  Warmup:     0
  Grad clip:  None
  Drop last:  True
  Data dir:   ./data
================================================================================


================================================================================
DISTRIBUTED TRAINING LAUNCHER
================================================================================
  Model:      wide_resnet50_2 (CIFAR stem) (from scratch)
  Dataset:    cifar10 (10 classes)
  Image size: 32
  LR:         0.1
  Momentum:   0.9 (nesterov=True)
  Optimizer:  sgd
  Weight dec: 0.0005 (on BN/bias=False)
  Backend:    mpi
  Algorithm:  recursive_doubling
  Epochs:     20
  Batch/rank: 64
  LR:         0.1
  Scheduler:  cosine
  Warmup:     0
  Grad clip:  None
  Drop last:  True
  Data dir:   ./data
================================================================================


================================================================================
DISTRIBUTED TRAINING LAUNCHER
================================================================================
  Model:      wide_resnet50_2 (CIFAR stem) (from scratch)
  Dataset:    cifar10 (10 classes)
  Image size: 32
  LR:         0.1
  Momentum:   0.9 (nesterov=True)
  Optimizer:  sgd
  Weight dec: 0.0005 (on BN/bias=False)
  Backend:    mpi
  Algorithm:  recursive_doubling
  Epochs:     20
  Batch/rank: 64
  LR:         0.1
  Scheduler:  cosine
  Warmup:     0
  Grad clip:  None
  Drop last:  True
  Data dir:   ./data
================================================================================


================================================================================
Distributed Training: WIDE_RESNET50_2 on CIFAR10
Backend: MPI, Algorithm: recursive_doubling
================================================================================
Ranks: 8, Epochs: 20, Batch/rank: 64, Effective batch: 512
LR: 0.1, Device: cuda:0

[Cache] Pretrained weights cache (TORCH_HOME) = /lustre/orion/gen243/proj-shared/matilderestelli/pretrained_weights_cache
[Setup] Model on cuda:0, wrapped in DDP (static_graph=True)
[Setup] Hook registered: mpi/recursive_doubling
[Optim] SGD: lr=0.1 momentum=0.9 nesterov=True wd=0.0005 wd_on_bn_bias=False
[Optim]   group 0: 66,778,816 params, wd=0.0005
[Optim]   group 1: 68,234 params, wd=0.0
[Data] Train batches: 97, Val batches: 157

[Sched] cosine: steps/epoch=97, total_steps=1940, warmup_steps=0 (0 epochs)


[Epoch 1] Training... (lr at epoch start=0.100000)
  Batch [50/97] Loss: 5.8337, Acc: 10.03%, lr: 0.099836
[Epoch 1] Train Loss: 4.1784, Acc: 10.53%  |  Val Loss: 2.2885, Acc: 14.04%  |  Time: 19.7s
[Epoch 1] t_iter median: 117.18 ms  (fwd 28.65 | bwd+comm 81.01 | opt 5.84 | data 0.08)  |  train-only epoch: 13.8s
  -> Best model saved (14.04%)
[Epoch 1] Summarizing hook timing...

[HOOK_TIMING_SUMMARY] epoch=1
[HOOK_WORK_SUMMARY] label=mpi:recursive_doubling calls=769 work_total_ms=7265.126 work_mean_ms=9.447 work_min_ms=2.064 work_max_ms=74.236
[HOOK_TAIL_SUMMARY] label=mpi:recursive_doubling steps=98 tail_total_ms=6535.642 tail_mean_ms=66.690 tail_min_ms=55.708 tail_max_ms=77.914
[Epoch 1] Hook timing summary done

[Epoch 2] Training... (lr at epoch start=0.099384)
  Batch [50/97] Loss: 2.2355, Acc: 15.97%, lr: 0.098590
[Epoch 2] Train Loss: 2.1413, Acc: 18.01%  |  Val Loss: 2.0543, Acc: 20.16%  |  Time: 17.4s
[Epoch 2] t_iter median: 117.27 ms  (fwd 29.34 | bwd+comm 81.37 | opt 5.76 | data 0.07)  |  train-only epoch: 11.5s
  -> Best model saved (20.16%)
[Epoch 2] Summarizing hook timing...

[HOOK_TIMING_SUMMARY] epoch=2
[HOOK_WORK_SUMMARY] label=mpi:recursive_doubling calls=776 work_total_ms=7238.142 work_mean_ms=9.328 work_min_ms=1.974 work_max_ms=55.758
[HOOK_TAIL_SUMMARY] label=mpi:recursive_doubling steps=97 tail_total_ms=6462.248 tail_mean_ms=66.621 tail_min_ms=56.704 tail_max_ms=82.064
[Epoch 2] Hook timing summary done

[Epoch 3] Training... (lr at epoch start=0.097553)
  Batch [50/97] Loss: 2.0051, Acc: 22.34%, lr: 0.096147
[Epoch 3] Train Loss: 1.9615, Acc: 23.53%  |  Val Loss: 1.8362, Acc: 28.80%  |  Time: 17.4s
[Epoch 3] t_iter median: 117.23 ms  (fwd 29.32 | bwd+comm 80.76 | opt 5.73 | data 0.08)  |  train-only epoch: 11.5s
  -> Best model saved (28.80%)
[Epoch 3] Summarizing hook timing...

[HOOK_TIMING_SUMMARY] epoch=3
[HOOK_WORK_SUMMARY] label=mpi:recursive_doubling calls=776 work_total_ms=7218.894 work_mean_ms=9.303 work_min_ms=1.993 work_max_ms=54.889
[HOOK_TAIL_SUMMARY] label=mpi:recursive_doubling steps=97 tail_total_ms=6593.827 tail_mean_ms=67.978 tail_min_ms=49.636 tail_max_ms=78.625
[Epoch 3] Hook timing summary done

[Epoch 4] Training... (lr at epoch start=0.094550)
  Batch [50/97] Loss: 1.8457, Acc: 28.12%, lr: 0.092568
[Epoch 4] Train Loss: 1.8104, Acc: 29.57%  |  Val Loss: 1.6472, Acc: 36.90%  |  Time: 17.5s
[Epoch 4] t_iter median: 117.49 ms  (fwd 29.34 | bwd+comm 81.58 | opt 5.76 | data 0.08)  |  train-only epoch: 11.5s
  -> Best model saved (36.90%)
[Epoch 4] Summarizing hook timing...

[HOOK_TIMING_SUMMARY] epoch=4
[HOOK_WORK_SUMMARY] label=mpi:recursive_doubling calls=776 work_total_ms=7250.844 work_mean_ms=9.344 work_min_ms=2.022 work_max_ms=55.894
[HOOK_TAIL_SUMMARY] label=mpi:recursive_doubling steps=97 tail_total_ms=6510.736 tail_mean_ms=67.121 tail_min_ms=41.182 tail_max_ms=83.041
[Epoch 4] Hook timing summary done

[Epoch 5] Training... (lr at epoch start=0.090451)
  Batch [50/97] Loss: 1.6811, Acc: 36.53%, lr: 0.087941
[Epoch 5] Train Loss: 1.6389, Acc: 38.16%  |  Val Loss: 1.5541, Acc: 42.63%  |  Time: 17.4s
[Epoch 5] t_iter median: 117.40 ms  (fwd 29.41 | bwd+comm 81.19 | opt 5.78 | data 0.08)  |  train-only epoch: 11.5s
  -> Best model saved (42.63%)
[Epoch 5] Summarizing hook timing...

[HOOK_TIMING_SUMMARY] epoch=5
[HOOK_WORK_SUMMARY] label=mpi:recursive_doubling calls=776 work_total_ms=7236.424 work_mean_ms=9.325 work_min_ms=2.066 work_max_ms=55.828
[HOOK_TAIL_SUMMARY] label=mpi:recursive_doubling steps=97 tail_total_ms=6556.218 tail_mean_ms=67.590 tail_min_ms=54.849 tail_max_ms=81.500
[Epoch 5] Hook timing summary done

[Epoch 6] Training... (lr at epoch start=0.085355)
  Batch [50/97] Loss: 1.5397, Acc: 42.75%, lr: 0.082380
[Epoch 6] Train Loss: 1.5339, Acc: 42.78%  |  Val Loss: 1.4550, Acc: 45.88%  |  Time: 17.5s
[Epoch 6] t_iter median: 117.25 ms  (fwd 30.10 | bwd+comm 80.26 | opt 5.76 | data 0.08)  |  train-only epoch: 11.5s
  -> Best model saved (45.88%)
[Epoch 6] Summarizing hook timing...

[HOOK_TIMING_SUMMARY] epoch=6
[HOOK_WORK_SUMMARY] label=mpi:recursive_doubling calls=776 work_total_ms=7241.417 work_mean_ms=9.332 work_min_ms=2.063 work_max_ms=56.151
[HOOK_TAIL_SUMMARY] label=mpi:recursive_doubling steps=97 tail_total_ms=6500.076 tail_mean_ms=67.011 tail_min_ms=52.758 tail_max_ms=82.476
[Epoch 6] Hook timing summary done

[Epoch 7] Training... (lr at epoch start=0.079389)
  Batch [50/97] Loss: 1.4264, Acc: 47.94%, lr: 0.076021
[Epoch 7] Train Loss: 1.4190, Acc: 48.37%  |  Val Loss: 1.3205, Acc: 50.91%  |  Time: 17.4s
[Epoch 7] t_iter median: 117.39 ms  (fwd 29.41 | bwd+comm 80.69 | opt 5.75 | data 0.08)  |  train-only epoch: 11.5s
  -> Best model saved (50.91%)
[Epoch 7] Summarizing hook timing...

[HOOK_TIMING_SUMMARY] epoch=7
[HOOK_WORK_SUMMARY] label=mpi:recursive_doubling calls=776 work_total_ms=7228.682 work_mean_ms=9.315 work_min_ms=2.115 work_max_ms=55.173
[HOOK_TAIL_SUMMARY] label=mpi:recursive_doubling steps=97 tail_total_ms=6607.002 tail_mean_ms=68.113 tail_min_ms=41.420 tail_max_ms=82.831
[Epoch 7] Hook timing summary done

[Epoch 8] Training... (lr at epoch start=0.072700)
  Batch [50/97] Loss: 1.3166, Acc: 51.75%, lr: 0.069022
[Epoch 8] Train Loss: 1.2961, Acc: 52.71%  |  Val Loss: 1.2291, Acc: 55.29%  |  Time: 17.5s
[Epoch 8] t_iter median: 117.71 ms  (fwd 29.51 | bwd+comm 81.25 | opt 5.72 | data 0.08)  |  train-only epoch: 11.5s
  -> Best model saved (55.29%)
[Epoch 8] Summarizing hook timing...

[HOOK_TIMING_SUMMARY] epoch=8
[HOOK_WORK_SUMMARY] label=mpi:recursive_doubling calls=776 work_total_ms=7286.496 work_mean_ms=9.390 work_min_ms=2.202 work_max_ms=55.984
[HOOK_TAIL_SUMMARY] label=mpi:recursive_doubling steps=97 tail_total_ms=6563.875 tail_mean_ms=67.669 tail_min_ms=57.503 tail_max_ms=82.557
[Epoch 8] Hook timing summary done

[Epoch 9] Training... (lr at epoch start=0.065451)
  Batch [50/97] Loss: 1.2135, Acc: 55.41%, lr: 0.061554
[Epoch 9] Train Loss: 1.1990, Acc: 56.09%  |  Val Loss: 1.1807, Acc: 57.53%  |  Time: 17.5s
[Epoch 9] t_iter median: 117.33 ms  (fwd 29.64 | bwd+comm 80.57 | opt 5.73 | data 0.08)  |  train-only epoch: 11.5s
  -> Best model saved (57.53%)
[Epoch 9] Summarizing hook timing...

[HOOK_TIMING_SUMMARY] epoch=9
[HOOK_WORK_SUMMARY] label=mpi:recursive_doubling calls=776 work_total_ms=7253.721 work_mean_ms=9.348 work_min_ms=1.980 work_max_ms=56.297
[HOOK_TAIL_SUMMARY] label=mpi:recursive_doubling steps=97 tail_total_ms=6621.734 tail_mean_ms=68.265 tail_min_ms=58.242 tail_max_ms=82.402
[Epoch 9] Hook timing summary done

[Epoch 10] Training... (lr at epoch start=0.057822)
  Batch [50/97] Loss: 1.1519, Acc: 59.06%, lr: 0.053802
[Epoch 10] Train Loss: 1.1137, Acc: 60.44%  |  Val Loss: 1.0089, Acc: 64.03%  |  Time: 17.5s
[Epoch 10] t_iter median: 117.62 ms  (fwd 29.55 | bwd+comm 81.45 | opt 5.74 | data 0.08)  |  train-only epoch: 11.5s
  -> Best model saved (64.03%)
[Epoch 10] Summarizing hook timing...

[HOOK_TIMING_SUMMARY] epoch=10
[HOOK_WORK_SUMMARY] label=mpi:recursive_doubling calls=776 work_total_ms=7258.867 work_mean_ms=9.354 work_min_ms=2.232 work_max_ms=55.642
[HOOK_TAIL_SUMMARY] label=mpi:recursive_doubling steps=97 tail_total_ms=6682.654 tail_mean_ms=68.893 tail_min_ms=57.147 tail_max_ms=82.543
[Epoch 10] Hook timing summary done

[Epoch 11] Training... (lr at epoch start=0.050000)
  Batch [50/97] Loss: 1.0196, Acc: 63.56%, lr: 0.045956
[Epoch 11] Train Loss: 1.0141, Acc: 63.60%  |  Val Loss: 1.0088, Acc: 64.42%  |  Time: 17.6s
[Epoch 11] t_iter median: 117.77 ms  (fwd 29.54 | bwd+comm 81.50 | opt 5.70 | data 0.08)  |  train-only epoch: 11.5s
  -> Best model saved (64.42%)
[Epoch 11] Summarizing hook timing...

[HOOK_TIMING_SUMMARY] epoch=11
[HOOK_WORK_SUMMARY] label=mpi:recursive_doubling calls=776 work_total_ms=7259.138 work_mean_ms=9.355 work_min_ms=2.117 work_max_ms=55.402
[HOOK_TAIL_SUMMARY] label=mpi:recursive_doubling steps=97 tail_total_ms=6665.710 tail_mean_ms=68.719 tail_min_ms=53.384 tail_max_ms=82.911
[Epoch 11] Hook timing summary done

[Epoch 12] Training... (lr at epoch start=0.042178)
  Batch [50/97] Loss: 0.9555, Acc: 65.25%, lr: 0.038210
[Epoch 12] Train Loss: 0.9248, Acc: 66.30%  |  Val Loss: 0.8756, Acc: 68.92%  |  Time: 17.5s
[Epoch 12] t_iter median: 117.38 ms  (fwd 29.38 | bwd+comm 80.31 | opt 5.70 | data 0.08)  |  train-only epoch: 11.5s
  -> Best model saved (68.92%)
[Epoch 12] Summarizing hook timing...

[HOOK_TIMING_SUMMARY] epoch=12
[HOOK_WORK_SUMMARY] label=mpi:recursive_doubling calls=776 work_total_ms=7265.383 work_mean_ms=9.363 work_min_ms=2.007 work_max_ms=56.261
[HOOK_TAIL_SUMMARY] label=mpi:recursive_doubling steps=97 tail_total_ms=6621.255 tail_mean_ms=68.260 tail_min_ms=53.029 tail_max_ms=82.481
[Epoch 12] Hook timing summary done

[Epoch 13] Training... (lr at epoch start=0.034549)
  Batch [50/97] Loss: 0.8507, Acc: 69.25%, lr: 0.030754
[Epoch 13] Train Loss: 0.8451, Acc: 69.75%  |  Val Loss: 0.8834, Acc: 68.93%  |  Time: 17.6s
[Epoch 13] t_iter median: 117.94 ms  (fwd 30.25 | bwd+comm 80.41 | opt 5.75 | data 0.08)  |  train-only epoch: 11.6s
  -> Best model saved (68.93%)
[Epoch 13] Summarizing hook timing...

[HOOK_TIMING_SUMMARY] epoch=13
[HOOK_WORK_SUMMARY] label=mpi:recursive_doubling calls=776 work_total_ms=7291.772 work_mean_ms=9.397 work_min_ms=2.143 work_max_ms=55.691
[HOOK_TAIL_SUMMARY] label=mpi:recursive_doubling steps=97 tail_total_ms=6682.841 tail_mean_ms=68.895 tail_min_ms=57.738 tail_max_ms=82.756
[Epoch 13] Hook timing summary done

[Epoch 14] Training... (lr at epoch start=0.027300)
  Batch [50/97] Loss: 0.8259, Acc: 71.25%, lr: 0.023772
[Epoch 14] Train Loss: 0.8098, Acc: 71.59%  |  Val Loss: 0.8365, Acc: 70.95%  |  Time: 17.6s
[Epoch 14] t_iter median: 116.89 ms  (fwd 29.51 | bwd+comm 81.29 | opt 5.70 | data 0.08)  |  train-only epoch: 11.5s
  -> Best model saved (70.95%)
[Epoch 14] Summarizing hook timing...

[HOOK_TIMING_SUMMARY] epoch=14
[HOOK_WORK_SUMMARY] label=mpi:recursive_doubling calls=776 work_total_ms=7247.565 work_mean_ms=9.340 work_min_ms=2.141 work_max_ms=55.929
[HOOK_TAIL_SUMMARY] label=mpi:recursive_doubling steps=97 tail_total_ms=6567.711 tail_mean_ms=67.708 tail_min_ms=56.897 tail_max_ms=75.342
[Epoch 14] Hook timing summary done

[Epoch 15] Training... (lr at epoch start=0.020611)
  Batch [50/97] Loss: 0.7735, Acc: 72.06%, lr: 0.017435
[Epoch 15] Train Loss: 0.7687, Acc: 72.12%  |  Val Loss: 0.7329, Acc: 73.84%  |  Time: 17.5s
[Epoch 15] t_iter median: 117.33 ms  (fwd 29.81 | bwd+comm 80.00 | opt 5.74 | data 0.08)  |  train-only epoch: 11.4s
  -> Best model saved (73.84%)
[Epoch 15] Summarizing hook timing...

[HOOK_TIMING_SUMMARY] epoch=15
[HOOK_WORK_SUMMARY] label=mpi:recursive_doubling calls=776 work_total_ms=7214.655 work_mean_ms=9.297 work_min_ms=1.991 work_max_ms=55.341
[HOOK_TAIL_SUMMARY] label=mpi:recursive_doubling steps=97 tail_total_ms=6571.812 tail_mean_ms=67.751 tail_min_ms=52.173 tail_max_ms=82.427
[Epoch 15] Hook timing summary done

[Epoch 16] Training... (lr at epoch start=0.014645)
  Batch [50/97] Loss: 0.7287, Acc: 74.22%, lr: 0.011901
[Epoch 16] Train Loss: 0.7106, Acc: 74.90%  |  Val Loss: 0.6949, Acc: 75.39%  |  Time: 17.8s
[Epoch 16] t_iter median: 117.98 ms  (fwd 30.26 | bwd+comm 80.44 | opt 5.69 | data 0.08)  |  train-only epoch: 11.5s
  -> Best model saved (75.39%)
[Epoch 16] Summarizing hook timing...

[HOOK_TIMING_SUMMARY] epoch=16
[HOOK_WORK_SUMMARY] label=mpi:recursive_doubling calls=776 work_total_ms=7292.352 work_mean_ms=9.397 work_min_ms=2.074 work_max_ms=55.717
[HOOK_TAIL_SUMMARY] label=mpi:recursive_doubling steps=97 tail_total_ms=6616.337 tail_mean_ms=68.210 tail_min_ms=48.615 tail_max_ms=82.126
[Epoch 16] Hook timing summary done

[Epoch 17] Training... (lr at epoch start=0.009549)
  Batch [50/97] Loss: 0.6762, Acc: 75.50%, lr: 0.007305
[Epoch 17] Train Loss: 0.6621, Acc: 76.45%  |  Val Loss: 0.6705, Acc: 76.19%  |  Time: 17.6s
[Epoch 17] t_iter median: 117.80 ms  (fwd 29.43 | bwd+comm 80.91 | opt 5.75 | data 0.08)  |  train-only epoch: 11.5s
  -> Best model saved (76.19%)
[Epoch 17] Summarizing hook timing...

[HOOK_TIMING_SUMMARY] epoch=17
[HOOK_WORK_SUMMARY] label=mpi:recursive_doubling calls=776 work_total_ms=7266.869 work_mean_ms=9.365 work_min_ms=2.080 work_max_ms=55.196
[HOOK_TAIL_SUMMARY] label=mpi:recursive_doubling steps=97 tail_total_ms=6552.352 tail_mean_ms=67.550 tail_min_ms=51.237 tail_max_ms=82.710
[Epoch 17] Hook timing summary done

[Epoch 18] Training... (lr at epoch start=0.005450)
  Batch [50/97] Loss: 0.6069, Acc: 78.19%, lr: 0.003760
[Epoch 18] Train Loss: 0.6218, Acc: 77.82%  |  Val Loss: 0.6525, Acc: 76.94%  |  Time: 17.6s
[Epoch 18] t_iter median: 117.16 ms  (fwd 29.64 | bwd+comm 80.47 | opt 5.75 | data 0.08)  |  train-only epoch: 11.5s
  -> Best model saved (76.94%)
[Epoch 18] Summarizing hook timing...

[HOOK_TIMING_SUMMARY] epoch=18
[HOOK_WORK_SUMMARY] label=mpi:recursive_doubling calls=776 work_total_ms=7262.245 work_mean_ms=9.359 work_min_ms=1.950 work_max_ms=55.095
[HOOK_TAIL_SUMMARY] label=mpi:recursive_doubling steps=97 tail_total_ms=6530.202 tail_mean_ms=67.322 tail_min_ms=56.788 tail_max_ms=83.471
[Epoch 18] Hook timing summary done

[Epoch 19] Training... (lr at epoch start=0.002447)
  Batch [50/97] Loss: 0.6068, Acc: 78.00%, lr: 0.001353
[Epoch 19] Train Loss: 0.6157, Acc: 77.48%  |  Val Loss: 0.6383, Acc: 77.44%  |  Time: 17.6s
[Epoch 19] t_iter median: 117.94 ms  (fwd 29.63 | bwd+comm 81.01 | opt 5.70 | data 0.08)  |  train-only epoch: 11.5s
  -> Best model saved (77.44%)
[Epoch 19] Summarizing hook timing...

[HOOK_TIMING_SUMMARY] epoch=19
[HOOK_WORK_SUMMARY] label=mpi:recursive_doubling calls=776 work_total_ms=7288.889 work_mean_ms=9.393 work_min_ms=2.167 work_max_ms=56.295
[HOOK_TAIL_SUMMARY] label=mpi:recursive_doubling steps=97 tail_total_ms=6635.525 tail_mean_ms=68.407 tail_min_ms=56.752 tail_max_ms=82.403
[Epoch 19] Hook timing summary done

[Epoch 20] Training... (lr at epoch start=0.000616)
  Batch [50/97] Loss: 0.5597, Acc: 80.97%, lr: 0.000145
[Epoch 20] Train Loss: 0.5667, Acc: 80.03%  |  Val Loss: 0.6357, Acc: 77.48%  |  Time: 17.6s
[Epoch 20] t_iter median: 118.05 ms  (fwd 30.39 | bwd+comm 79.80 | opt 5.75 | data 0.08)  |  train-only epoch: 11.5s
  -> Best model saved (77.48%)
[Epoch 20] Summarizing hook timing...

[HOOK_TIMING_SUMMARY] epoch=20
[HOOK_WORK_SUMMARY] label=mpi:recursive_doubling calls=776 work_total_ms=7265.374 work_mean_ms=9.363 work_min_ms=2.138 work_max_ms=55.404
[HOOK_TAIL_SUMMARY] label=mpi:recursive_doubling steps=97 tail_total_ms=6579.575 tail_mean_ms=67.831 tail_min_ms=51.699 tail_max_ms=82.541
[Epoch 20] Hook timing summary done

================================================================================
Done in 383.5s | Best val acc: 77.48%
Epoch times (train+val): mean=17.6s  min=17.4s  max=19.7s
Train-only epoch time (epochs 2..N): median=11.52s  min=11.44s  max=11.56s
  -> use this for STRONG scaling (fixed global batch)
  -> use t_iter_median_ms from the CSV for WEAK scaling (fixed local batch)
================================================================================
=== Finished training: model=wide_resnet50_2, dataset=cifar10, batch=64, lr=0.1, scheduler=cosine, backend=mpi, hook=recursive_doubling, zfp_rate=none, status=0 at Fri Jul 17 09:11:50 PM EDT 2026 ===
=== Starting: model=wide_resnet50_2, ws=8, bs=64, gb=512, lr=0.1, sched=cosine, warmup=0, mom=0.9, wd=5e-4, nesterov=true, wd_bn_bias=false, backend=mpi, hook=recursive_doubling_zfp_naive, zfp=16 at Fri Jul 17 09:11:50 PM EDT 2026 ===
MIOPEN_USER_DB_PATH=/mnt/bb/matilderestelli/miopen_cache_5019124/miopen_db
MIOPEN_CUSTOM_CACHE_DIR=/mnt/bb/matilderestelli/miopen_cache_5019124/kernel_cache
drwxr-sr-x 2 matilderestelli gen243 103 Jul 14 05:38 /mnt/bb/matilderestelli/miopen_cache_5019124/miopen_db
==== GPU visibility debug (batch shell) ====
frontier10314
ROCR_VISIBLE_DEVICES=0,1,2,3,4,5,6,7
SLURM_JOB_GPUS=0,1,2,3,4,5,6,7
[37mROCk module version 6.16.13 is loaded[0m
=====================    
HSA System Attributes    
=====================    
Runtime Version:         1.18
Runtime Ext Version:     1.14
System Timestamp Freq.:  1000.000000MHz
Sig. Max Wait Duration:  18446744073709551615 (0xFFFFFFFFFFFFFFFF) (timestamp count)
Machine Model:           LARGE                              
System Endianness:       LITTLE                             
Mwaitx:                  DISABLED
XNACK enabled:           NO
DMAbuf Support:          YES
VMM Support:             YES

==========               
HSA Agents               
==========               
*******                  
Agent 1                  
*******                  
  Name:                    AMD EPYC 7A53 64-Core Processor    
  Uuid:                    CPU-XX                             
  Marketing Name:          AMD EPYC 7A53 64-Core Processor    
  Vendor Name:             CPU                                
  Feature:                 None specified                     
  Profile:                 FULL_PROFILE                       
  Float Round Mode:        NEAR                               
  Max Queue Number:        0(0x0)                             
  Queue Min Size:          0(0x0)                             

================================================================================
DISTRIBUTED TRAINING LAUNCHER
================================================================================
  Model:      wide_resnet50_2 (CIFAR stem) (from scratch)
  Dataset:    cifar10 (10 classes)
  Image size: 32
  LR:         0.1
  Momentum:   0.9 (nesterov=True)
  Optimizer:  sgd
  Weight dec: 0.0005 (on BN/bias=False)
  Backend:    mpi
  Algorithm:  recursive_doubling_zfp_naive
  ZFP rate:   16
  Epochs:     20
  Batch/rank: 64
  LR:         0.1
  Scheduler:  cosine
  Warmup:     0
  Grad clip:  None
  Drop last:  True
  Data dir:   ./data
================================================================================


================================================================================
DISTRIBUTED TRAINING LAUNCHER
================================================================================
  Model:      wide_resnet50_2 (CIFAR stem) (from scratch)
  Dataset:    cifar10 (10 classes)
  Image size: 32
  LR:         0.1
  Momentum:   0.9 (nesterov=True)
  Optimizer:  sgd
  Weight dec: 0.0005 (on BN/bias=False)
  Backend:    mpi
  Algorithm:  recursive_doubling_zfp_naive
  ZFP rate:   16
  Epochs:     20
  Batch/rank: 64
  LR:         0.1
  Scheduler:  cosine
  Warmup:     0
  Grad clip:  None
  Drop last:  True
  Data dir:   ./data
================================================================================


================================================================================
DISTRIBUTED TRAINING LAUNCHER
================================================================================
  Model:      wide_resnet50_2 (CIFAR stem) (from scratch)
  Dataset:    cifar10 (10 classes)
  Image size: 32
  LR:         0.1
  Momentum:   0.9 (nesterov=True)
  Optimizer:  sgd
  Weight dec: 0.0005 (on BN/bias=False)
  Backend:    mpi
  Algorithm:  recursive_doubling_zfp_naive
  ZFP rate:   16
  Epochs:     20
  Batch/rank: 64
  LR:         0.1
  Scheduler:  cosine
  Warmup:     0
  Grad clip:  None
  Drop last:  True
  Data dir:   ./data
================================================================================


================================================================================
DISTRIBUTED TRAINING LAUNCHER
================================================================================
  Model:      wide_resnet50_2 (CIFAR stem) (from scratch)
  Dataset:    cifar10 (10 classes)
  Image size: 32
  LR:         0.1
  Momentum:   0.9 (nesterov=True)
  Optimizer:  sgd
  Weight dec: 0.0005 (on BN/bias=False)
  Backend:    mpi
  Algorithm:  recursive_doubling_zfp_naive
  ZFP rate:   16
  Epochs:     20
  Batch/rank: 64
  LR:         0.1
  Scheduler:  cosine
  Warmup:     0
  Grad clip:  None
  Drop last:  True
  Data dir:   ./data
================================================================================


================================================================================
DISTRIBUTED TRAINING LAUNCHER
================================================================================
  Model:      wide_resnet50_2 (CIFAR stem) (from scratch)
  Dataset:    cifar10 (10 classes)
  Image size: 32
  LR:         0.1
  Momentum:   0.9 (nesterov=True)
  Optimizer:  sgd
  Weight dec: 0.0005 (on BN/bias=False)
  Backend:    mpi
  Algorithm:  recursive_doubling_zfp_naive
  ZFP rate:   16
  Epochs:     20
  Batch/rank: 64
  LR:         0.1
  Scheduler:  cosine
  Warmup:     0
  Grad clip:  None
  Drop last:  True
  Data dir:   ./data
================================================================================


================================================================================
DISTRIBUTED TRAINING LAUNCHER
================================================================================
  Model:      wide_resnet50_2 (CIFAR stem) (from scratch)
  Dataset:    cifar10 (10 classes)
  Image size: 32
  LR:         0.1
  Momentum:   0.9 (nesterov=True)
  Optimizer:  sgd
  Weight dec: 0.0005 (on BN/bias=False)
  Backend:    mpi
  Algorithm:  recursive_doubling_zfp_naive
  ZFP rate:   16
  Epochs:     20
  Batch/rank: 64
  LR:         0.1
  Scheduler:  cosine
  Warmup:     0
  Grad clip:  None
  Drop last:  True
  Data dir:   ./data
================================================================================


================================================================================
DISTRIBUTED TRAINING LAUNCHER
================================================================================
  Model:      wide_resnet50_2 (CIFAR stem) (from scratch)
  Dataset:    cifar10 (10 classes)
  Image size: 32
  LR:         0.1
  Momentum:   0.9 (nesterov=True)
  Optimizer:  sgd
  Weight dec: 0.0005 (on BN/bias=False)
  Backend:    mpi
  Algorithm:  recursive_doubling_zfp_naive
  ZFP rate:   16
  Epochs:     20
  Batch/rank: 64
  LR:         0.1
  Scheduler:  cosine
  Warmup:     0
  Grad clip:  None
  Drop last:  True
  Data dir:   ./data
================================================================================


================================================================================
DISTRIBUTED TRAINING LAUNCHER
================================================================================
  Model:      wide_resnet50_2 (CIFAR stem) (from scratch)
  Dataset:    cifar10 (10 classes)
  Image size: 32
  LR:         0.1
  Momentum:   0.9 (nesterov=True)
  Optimizer:  sgd
  Weight dec: 0.0005 (on BN/bias=False)
  Backend:    mpi
  Algorithm:  recursive_doubling_zfp_naive
  ZFP rate:   16
  Epochs:     20
  Batch/rank: 64
  LR:         0.1
  Scheduler:  cosine
  Warmup:     0
  Grad clip:  None
  Drop last:  True
  Data dir:   ./data
================================================================================


================================================================================
Distributed Training: WIDE_RESNET50_2 on CIFAR10
Backend: MPI, Algorithm: recursive_doubling_zfp_naive
================================================================================
Ranks: 8, Epochs: 20, Batch/rank: 64, Effective batch: 512
LR: 0.1, Device: cuda:0

[Cache] Pretrained weights cache (TORCH_HOME) = /lustre/orion/gen243/proj-shared/matilderestelli/pretrained_weights_cache
[Setup] Model on cuda:0, wrapped in DDP (static_graph=True)
[Setup] Hook registered: mpi/recursive_doubling_zfp_naive
[Optim] SGD: lr=0.1 momentum=0.9 nesterov=True wd=0.0005 wd_on_bn_bias=False
[Optim]   group 0: 66,778,816 params, wd=0.0005
[Optim]   group 1: 68,234 params, wd=0.0
[Data] Train batches: 97, Val batches: 157

[Sched] cosine: steps/epoch=97, total_steps=1940, warmup_steps=0 (0 epochs)


[Epoch 1] Training... (lr at epoch start=0.100000)
  Batch [50/97] Loss: 6.4174, Acc: 11.97%, lr: 0.099836
[Epoch 1] Train Loss: 4.3890, Acc: 14.66%  |  Val Loss: 2.2215, Acc: 15.58%  |  Time: 20.7s
[Epoch 1] t_iter median: 126.04 ms  (fwd 29.31 | bwd+comm 90.11 | opt 5.85 | data 0.08)  |  train-only epoch: 14.8s
  -> Best model saved (15.58%)
[Epoch 1] Summarizing hook timing...

[HOOK_TIMING_SUMMARY] epoch=1
[HOOK_WORK_SUMMARY] label=mpi:recursive_doubling_zfp_naive:rate16 calls=769 work_total_ms=8150.803 work_mean_ms=10.599 work_min_ms=3.091 work_max_ms=103.177
[HOOK_TAIL_SUMMARY] label=mpi:recursive_doubling_zfp_naive:rate16 steps=98 tail_total_ms=5821.231 tail_mean_ms=59.400 tail_min_ms=16.132 tail_max_ms=112.141
[Epoch 1] Hook timing summary done

[Epoch 2] Training... (lr at epoch start=0.099384)
  Batch [50/97] Loss: 2.1465, Acc: 20.25%, lr: 0.098590
[Epoch 2] Train Loss: 2.1083, Acc: 21.07%  |  Val Loss: 2.0428, Acc: 22.26%  |  Time: 18.3s
[Epoch 2] t_iter median: 125.86 ms  (fwd 28.68 | bwd+comm 89.05 | opt 5.93 | data 0.08)  |  train-only epoch: 12.3s
  -> Best model saved (22.26%)
[Epoch 2] Summarizing hook timing...

[HOOK_TIMING_SUMMARY] epoch=2
[HOOK_WORK_SUMMARY] label=mpi:recursive_doubling_zfp_naive:rate16 calls=776 work_total_ms=8064.415 work_mean_ms=10.392 work_min_ms=3.151 work_max_ms=56.813
[HOOK_TAIL_SUMMARY] label=mpi:recursive_doubling_zfp_naive:rate16 steps=97 tail_total_ms=5651.434 tail_mean_ms=58.262 tail_min_ms=39.574 tail_max_ms=97.766
[Epoch 2] Hook timing summary done

[Epoch 3] Training... (lr at epoch start=0.097553)
  Batch [50/97] Loss: 2.0184, Acc: 22.72%, lr: 0.096147
[Epoch 3] Train Loss: 2.0424, Acc: 23.13%  |  Val Loss: 1.9342, Acc: 24.73%  |  Time: 18.3s
[Epoch 3] t_iter median: 126.09 ms  (fwd 28.71 | bwd+comm 90.06 | opt 5.90 | data 0.08)  |  train-only epoch: 12.4s
  -> Best model saved (24.73%)
[Epoch 3] Summarizing hook timing...

[HOOK_TIMING_SUMMARY] epoch=3
[HOOK_WORK_SUMMARY] label=mpi:recursive_doubling_zfp_naive:rate16 calls=776 work_total_ms=8051.336 work_mean_ms=10.375 work_min_ms=3.120 work_max_ms=58.644
[HOOK_TAIL_SUMMARY] label=mpi:recursive_doubling_zfp_naive:rate16 steps=97 tail_total_ms=5889.054 tail_mean_ms=60.712 tail_min_ms=39.246 tail_max_ms=91.443
[Epoch 3] Hook timing summary done

[Epoch 4] Training... (lr at epoch start=0.094550)
  Batch [50/97] Loss: 1.8854, Acc: 26.38%, lr: 0.092568
[Epoch 4] Train Loss: 1.8469, Acc: 29.43%  |  Val Loss: 1.7279, Acc: 35.21%  |  Time: 18.4s
[Epoch 4] t_iter median: 126.42 ms  (fwd 29.03 | bwd+comm 89.68 | opt 5.90 | data 0.08)  |  train-only epoch: 12.4s
  -> Best model saved (35.21%)
[Epoch 4] Summarizing hook timing...

[HOOK_TIMING_SUMMARY] epoch=4
[HOOK_WORK_SUMMARY] label=mpi:recursive_doubling_zfp_naive:rate16 calls=776 work_total_ms=8116.061 work_mean_ms=10.459 work_min_ms=3.162 work_max_ms=57.341
[HOOK_TAIL_SUMMARY] label=mpi:recursive_doubling_zfp_naive:rate16 steps=97 tail_total_ms=5869.632 tail_mean_ms=60.512 tail_min_ms=40.377 tail_max_ms=91.329
[Epoch 4] Hook timing summary done

[Epoch 5] Training... (lr at epoch start=0.090451)
  Batch [50/97] Loss: 1.7020, Acc: 36.00%, lr: 0.087941
[Epoch 5] Train Loss: 1.6616, Acc: 37.85%  |  Val Loss: 1.6012, Acc: 41.37%  |  Time: 18.4s
[Epoch 5] t_iter median: 127.06 ms  (fwd 29.14 | bwd+comm 90.26 | opt 5.95 | data 0.08)  |  train-only epoch: 12.5s
  -> Best model saved (41.37%)
[Epoch 5] Summarizing hook timing...

[HOOK_TIMING_SUMMARY] epoch=5
[HOOK_WORK_SUMMARY] label=mpi:recursive_doubling_zfp_naive:rate16 calls=776 work_total_ms=8167.651 work_mean_ms=10.525 work_min_ms=3.146 work_max_ms=57.762
[HOOK_TAIL_SUMMARY] label=mpi:recursive_doubling_zfp_naive:rate16 steps=97 tail_total_ms=5667.660 tail_mean_ms=58.429 tail_min_ms=41.933 tail_max_ms=86.080
[Epoch 5] Hook timing summary done

[Epoch 6] Training... (lr at epoch start=0.085355)
  Batch [50/97] Loss: 1.5533, Acc: 41.94%, lr: 0.082380
[Epoch 6] Train Loss: 1.5262, Acc: 43.22%  |  Val Loss: 1.4412, Acc: 47.11%  |  Time: 18.4s
[Epoch 6] t_iter median: 126.24 ms  (fwd 28.72 | bwd+comm 90.24 | opt 5.89 | data 0.08)  |  train-only epoch: 12.4s
  -> Best model saved (47.11%)
[Epoch 6] Summarizing hook timing...

[HOOK_TIMING_SUMMARY] epoch=6
[HOOK_WORK_SUMMARY] label=mpi:recursive_doubling_zfp_naive:rate16 calls=776 work_total_ms=8081.515 work_mean_ms=10.414 work_min_ms=3.003 work_max_ms=58.106
[HOOK_TAIL_SUMMARY] label=mpi:recursive_doubling_zfp_naive:rate16 steps=97 tail_total_ms=5714.816 tail_mean_ms=58.916 tail_min_ms=41.058 tail_max_ms=92.068
[Epoch 6] Hook timing summary done

[Epoch 7] Training... (lr at epoch start=0.079389)
  Batch [50/97] Loss: 1.4209, Acc: 48.34%, lr: 0.076021
[Epoch 7] Train Loss: 1.4232, Acc: 48.13%  |  Val Loss: 1.3379, Acc: 50.97%  |  Time: 18.3s
[Epoch 7] t_iter median: 126.17 ms  (fwd 29.24 | bwd+comm 89.23 | opt 5.91 | data 0.08)  |  train-only epoch: 12.3s
  -> Best model saved (50.97%)
[Epoch 7] Summarizing hook timing...

[HOOK_TIMING_SUMMARY] epoch=7
[HOOK_WORK_SUMMARY] label=mpi:recursive_doubling_zfp_naive:rate16 calls=776 work_total_ms=8025.688 work_mean_ms=10.342 work_min_ms=3.001 work_max_ms=57.418
[HOOK_TAIL_SUMMARY] label=mpi:recursive_doubling_zfp_naive:rate16 steps=97 tail_total_ms=5592.615 tail_mean_ms=57.656 tail_min_ms=40.555 tail_max_ms=89.878
[Epoch 7] Hook timing summary done

[Epoch 8] Training... (lr at epoch start=0.072700)
  Batch [50/97] Loss: 1.3145, Acc: 52.78%, lr: 0.069022
[Epoch 8] Train Loss: 1.2935, Acc: 53.17%  |  Val Loss: 1.3117, Acc: 54.41%  |  Time: 18.3s
[Epoch 8] t_iter median: 125.76 ms  (fwd 29.51 | bwd+comm 88.98 | opt 5.87 | data 0.08)  |  train-only epoch: 12.3s
  -> Best model saved (54.41%)
[Epoch 8] Summarizing hook timing...

[HOOK_TIMING_SUMMARY] epoch=8
[HOOK_WORK_SUMMARY] label=mpi:recursive_doubling_zfp_naive:rate16 calls=776 work_total_ms=7999.213 work_mean_ms=10.308 work_min_ms=2.994 work_max_ms=57.072
[HOOK_TAIL_SUMMARY] label=mpi:recursive_doubling_zfp_naive:rate16 steps=97 tail_total_ms=5420.253 tail_mean_ms=55.879 tail_min_ms=39.400 tail_max_ms=83.305
[Epoch 8] Hook timing summary done

[Epoch 9] Training... (lr at epoch start=0.065451)
  Batch [50/97] Loss: 1.2178, Acc: 55.59%, lr: 0.061554
[Epoch 9] Train Loss: 1.1971, Acc: 56.22%  |  Val Loss: 1.1541, Acc: 58.91%  |  Time: 18.3s
[Epoch 9] t_iter median: 125.64 ms  (fwd 29.51 | bwd+comm 89.22 | opt 5.92 | data 0.08)  |  train-only epoch: 12.3s
  -> Best model saved (58.91%)
[Epoch 9] Summarizing hook timing...

[HOOK_TIMING_SUMMARY] epoch=9
[HOOK_WORK_SUMMARY] label=mpi:recursive_doubling_zfp_naive:rate16 calls=776 work_total_ms=7993.540 work_mean_ms=10.301 work_min_ms=3.012 work_max_ms=57.931
[HOOK_TAIL_SUMMARY] label=mpi:recursive_doubling_zfp_naive:rate16 steps=97 tail_total_ms=5565.132 tail_mean_ms=57.372 tail_min_ms=40.526 tail_max_ms=85.957
[Epoch 9] Hook timing summary done

[Epoch 10] Training... (lr at epoch start=0.057822)
  Batch [50/97] Loss: 1.1394, Acc: 58.16%, lr: 0.053802
[Epoch 10] Train Loss: 1.1143, Acc: 59.71%  |  Val Loss: 1.1715, Acc: 58.36%  |  Time: 18.3s
[Epoch 10] t_iter median: 125.66 ms  (fwd 29.23 | bwd+comm 88.62 | opt 5.87 | data 0.08)  |  train-only epoch: 12.3s
[Epoch 10] Summarizing hook timing...

[HOOK_TIMING_SUMMARY] epoch=10
[HOOK_WORK_SUMMARY] label=mpi:recursive_doubling_zfp_naive:rate16 calls=776 work_total_ms=7990.473 work_mean_ms=10.297 work_min_ms=3.008 work_max_ms=57.605
[HOOK_TAIL_SUMMARY] label=mpi:recursive_doubling_zfp_naive:rate16 steps=97 tail_total_ms=5626.986 tail_mean_ms=58.010 tail_min_ms=38.985 tail_max_ms=89.850
[Epoch 10] Hook timing summary done

[Epoch 11] Training... (lr at epoch start=0.050000)
  Batch [50/97] Loss: 1.0557, Acc: 62.75%, lr: 0.045956
[Epoch 11] Train Loss: 1.0408, Acc: 63.42%  |  Val Loss: 1.0108, Acc: 64.11%  |  Time: 18.3s
[Epoch 11] t_iter median: 125.46 ms  (fwd 29.33 | bwd+comm 89.25 | opt 5.89 | data 0.08)  |  train-only epoch: 12.4s
  -> Best model saved (64.11%)
[Epoch 11] Summarizing hook timing...

[HOOK_TIMING_SUMMARY] epoch=11
[HOOK_WORK_SUMMARY] label=mpi:recursive_doubling_zfp_naive:rate16 calls=776 work_total_ms=8014.864 work_mean_ms=10.328 work_min_ms=2.998 work_max_ms=57.338
[HOOK_TAIL_SUMMARY] label=mpi:recursive_doubling_zfp_naive:rate16 steps=97 tail_total_ms=5472.201 tail_mean_ms=56.414 tail_min_ms=40.407 tail_max_ms=89.860
[Epoch 11] Hook timing summary done

[Epoch 12] Training... (lr at epoch start=0.042178)
  Batch [50/97] Loss: 0.9919, Acc: 65.34%, lr: 0.038210
[Epoch 12] Train Loss: 0.9630, Acc: 65.87%  |  Val Loss: 0.9069, Acc: 67.02%  |  Time: 18.4s
[Epoch 12] t_iter median: 125.69 ms  (fwd 29.07 | bwd+comm 89.46 | opt 5.91 | data 0.08)  |  train-only epoch: 12.3s
  -> Best model saved (67.02%)
[Epoch 12] Summarizing hook timing...

[HOOK_TIMING_SUMMARY] epoch=12
[HOOK_WORK_SUMMARY] label=mpi:recursive_doubling_zfp_naive:rate16 calls=776 work_total_ms=8002.329 work_mean_ms=10.312 work_min_ms=2.983 work_max_ms=57.432
[HOOK_TAIL_SUMMARY] label=mpi:recursive_doubling_zfp_naive:rate16 steps=97 tail_total_ms=5748.558 tail_mean_ms=59.263 tail_min_ms=40.267 tail_max_ms=89.944
[Epoch 12] Hook timing summary done

[Epoch 13] Training... (lr at epoch start=0.034549)
  Batch [50/97] Loss: 0.8938, Acc: 67.66%, lr: 0.030754
[Epoch 13] Train Loss: 0.8903, Acc: 68.03%  |  Val Loss: 0.8911, Acc: 68.61%  |  Time: 18.3s
[Epoch 13] t_iter median: 125.64 ms  (fwd 29.26 | bwd+comm 88.95 | opt 5.90 | data 0.08)  |  train-only epoch: 12.3s
  -> Best model saved (68.61%)
[Epoch 13] Summarizing hook timing...

[HOOK_TIMING_SUMMARY] epoch=13
[HOOK_WORK_SUMMARY] label=mpi:recursive_doubling_zfp_naive:rate16 calls=776 work_total_ms=8034.302 work_mean_ms=10.353 work_min_ms=2.997 work_max_ms=57.869
[HOOK_TAIL_SUMMARY] label=mpi:recursive_doubling_zfp_naive:rate16 steps=97 tail_total_ms=5777.456 tail_mean_ms=59.561 tail_min_ms=40.001 tail_max_ms=89.818
[Epoch 13] Hook timing summary done

[Epoch 14] Training... (lr at epoch start=0.027300)
  Batch [50/97] Loss: 0.8601, Acc: 69.88%, lr: 0.023772
[Epoch 14] Train Loss: 0.8331, Acc: 70.38%  |  Val Loss: 0.8574, Acc: 70.57%  |  Time: 18.3s
[Epoch 14] t_iter median: 125.70 ms  (fwd 29.48 | bwd+comm 88.76 | opt 5.91 | data 0.08)  |  train-only epoch: 12.3s
  -> Best model saved (70.57%)
[Epoch 14] Summarizing hook timing...

[HOOK_TIMING_SUMMARY] epoch=14
[HOOK_WORK_SUMMARY] label=mpi:recursive_doubling_zfp_naive:rate16 calls=776 work_total_ms=7980.072 work_mean_ms=10.284 work_min_ms=3.014 work_max_ms=57.516
[HOOK_TAIL_SUMMARY] label=mpi:recursive_doubling_zfp_naive:rate16 steps=97 tail_total_ms=5540.440 tail_mean_ms=57.118 tail_min_ms=38.488 tail_max_ms=89.119
[Epoch 14] Hook timing summary done

[Epoch 15] Training... (lr at epoch start=0.020611)
  Batch [50/97] Loss: 0.8296, Acc: 70.72%, lr: 0.017435
[Epoch 15] Train Loss: 0.8276, Acc: 70.72%  |  Val Loss: 0.8253, Acc: 72.35%  |  Time: 18.3s
[Epoch 15] t_iter median: 125.61 ms  (fwd 29.43 | bwd+comm 89.44 | opt 5.90 | data 0.08)  |  train-only epoch: 12.3s
  -> Best model saved (72.35%)
[Epoch 15] Summarizing hook timing...

[HOOK_TIMING_SUMMARY] epoch=15
[HOOK_WORK_SUMMARY] label=mpi:recursive_doubling_zfp_naive:rate16 calls=776 work_total_ms=8033.982 work_mean_ms=10.353 work_min_ms=3.007 work_max_ms=57.897
[HOOK_TAIL_SUMMARY] label=mpi:recursive_doubling_zfp_naive:rate16 steps=97 tail_total_ms=5688.687 tail_mean_ms=58.646 tail_min_ms=40.105 tail_max_ms=90.973
[Epoch 15] Hook timing summary done

[Epoch 16] Training... (lr at epoch start=0.014645)
  Batch [50/97] Loss: 0.7769, Acc: 72.84%, lr: 0.011901
[Epoch 16] Train Loss: 0.7617, Acc: 73.52%  |  Val Loss: 0.8514, Acc: 72.77%  |  Time: 18.3s
[Epoch 16] t_iter median: 125.66 ms  (fwd 29.47 | bwd+comm 88.63 | opt 5.88 | data 0.08)  |  train-only epoch: 12.3s
  -> Best model saved (72.77%)
[Epoch 16] Summarizing hook timing...

[HOOK_TIMING_SUMMARY] epoch=16
[HOOK_WORK_SUMMARY] label=mpi:recursive_doubling_zfp_naive:rate16 calls=776 work_total_ms=8013.821 work_mean_ms=10.327 work_min_ms=3.020 work_max_ms=57.825
[HOOK_TAIL_SUMMARY] label=mpi:recursive_doubling_zfp_naive:rate16 steps=97 tail_total_ms=5387.940 tail_mean_ms=55.546 tail_min_ms=40.468 tail_max_ms=83.586
[Epoch 16] Hook timing summary done

[Epoch 17] Training... (lr at epoch start=0.009549)
  Batch [50/97] Loss: 0.7181, Acc: 74.97%, lr: 0.007305
[Epoch 17] Train Loss: 0.7155, Acc: 74.73%  |  Val Loss: 0.7453, Acc: 74.68%  |  Time: 18.4s
[Epoch 17] t_iter median: 126.09 ms  (fwd 29.48 | bwd+comm 89.60 | opt 5.87 | data 0.08)  |  train-only epoch: 12.3s
  -> Best model saved (74.68%)
[Epoch 17] Summarizing hook timing...

[HOOK_TIMING_SUMMARY] epoch=17
[HOOK_WORK_SUMMARY] label=mpi:recursive_doubling_zfp_naive:rate16 calls=776 work_total_ms=7998.547 work_mean_ms=10.307 work_min_ms=2.985 work_max_ms=57.444
[HOOK_TAIL_SUMMARY] label=mpi:recursive_doubling_zfp_naive:rate16 steps=97 tail_total_ms=5698.867 tail_mean_ms=58.751 tail_min_ms=38.869 tail_max_ms=90.669
[Epoch 17] Hook timing summary done

[Epoch 18] Training... (lr at epoch start=0.005450)
  Batch [50/97] Loss: 0.7092, Acc: 76.50%, lr: 0.003760
[Epoch 18] Train Loss: 0.7046, Acc: 76.30%  |  Val Loss: 0.7341, Acc: 75.04%  |  Time: 18.3s
[Epoch 18] t_iter median: 126.36 ms  (fwd 30.28 | bwd+comm 88.51 | opt 5.88 | data 0.08)  |  train-only epoch: 12.4s
  -> Best model saved (75.04%)
[Epoch 18] Summarizing hook timing...

[HOOK_TIMING_SUMMARY] epoch=18
[HOOK_WORK_SUMMARY] label=mpi:recursive_doubling_zfp_naive:rate16 calls=776 work_total_ms=8041.953 work_mean_ms=10.363 work_min_ms=2.988 work_max_ms=57.701
[HOOK_TAIL_SUMMARY] label=mpi:recursive_doubling_zfp_naive:rate16 steps=97 tail_total_ms=5473.937 tail_mean_ms=56.432 tail_min_ms=38.799 tail_max_ms=83.612
[Epoch 18] Hook timing summary done

[Epoch 19] Training... (lr at epoch start=0.002447)
  Batch [50/97] Loss: 0.6477, Acc: 76.88%, lr: 0.001353
[Epoch 19] Train Loss: 0.6540, Acc: 76.26%  |  Val Loss: 0.6953, Acc: 75.77%  |  Time: 18.4s
[Epoch 19] t_iter median: 125.79 ms  (fwd 30.09 | bwd+comm 88.67 | opt 5.92 | data 0.08)  |  train-only epoch: 12.3s
  -> Best model saved (75.77%)
[Epoch 19] Summarizing hook timing...

[HOOK_TIMING_SUMMARY] epoch=19
[HOOK_WORK_SUMMARY] label=mpi:recursive_doubling_zfp_naive:rate16 calls=776 work_total_ms=8030.236 work_mean_ms=10.348 work_min_ms=2.984 work_max_ms=57.376
[HOOK_TAIL_SUMMARY] label=mpi:recursive_doubling_zfp_naive:rate16 steps=97 tail_total_ms=5725.282 tail_mean_ms=59.024 tail_min_ms=39.345 tail_max_ms=91.055
[Epoch 19] Hook timing summary done

[Epoch 20] Training... (lr at epoch start=0.000616)
  Batch [50/97] Loss: 0.6057, Acc: 78.97%, lr: 0.000145
[Epoch 20] Train Loss: 0.6186, Acc: 78.58%  |  Val Loss: 0.7029, Acc: 75.54%  |  Time: 18.4s
[Epoch 20] t_iter median: 125.48 ms  (fwd 29.46 | bwd+comm 88.57 | opt 5.89 | data 0.08)  |  train-only epoch: 12.3s
[Epoch 20] Summarizing hook timing...

[HOOK_TIMING_SUMMARY] epoch=20
[HOOK_WORK_SUMMARY] label=mpi:recursive_doubling_zfp_naive:rate16 calls=776 work_total_ms=7998.054 work_mean_ms=10.307 work_min_ms=2.995 work_max_ms=57.745
[HOOK_TAIL_SUMMARY] label=mpi:recursive_doubling_zfp_naive:rate16 steps=97 tail_total_ms=5505.316 tail_mean_ms=56.756 tail_min_ms=39.788 tail_max_ms=90.608
[Epoch 20] Hook timing summary done

================================================================================
Done in 396.6s | Best val acc: 75.77%
Epoch times (train+val): mean=18.4s  min=18.3s  max=20.7s
Train-only epoch time (epochs 2..N): median=12.33s  min=12.25s  max=12.48s
  -> use this for STRONG scaling (fixed global batch)
  -> use t_iter_median_ms from the CSV for WEAK scaling (fixed local batch)
================================================================================
=== Finished training: model=wide_resnet50_2, dataset=cifar10, batch=64, lr=0.1, scheduler=cosine, backend=mpi, hook=recursive_doubling_zfp_naive, zfp_rate=16, status=0 at Fri Jul 17 09:18:32 PM EDT 2026 ===
=== Starting: model=wide_resnet50_2, ws=8, bs=64, gb=512, lr=0.1, sched=cosine, warmup=0, mom=0.9, wd=5e-4, nesterov=true, wd_bn_bias=false, backend=mpi, hook=recursive_doubling_zfp_online_coll, zfp=16 at Fri Jul 17 09:18:32 PM EDT 2026 ===
MIOPEN_USER_DB_PATH=/mnt/bb/matilderestelli/miopen_cache_5019124/miopen_db
MIOPEN_CUSTOM_CACHE_DIR=/mnt/bb/matilderestelli/miopen_cache_5019124/kernel_cache
drwxr-sr-x 2 matilderestelli gen243 103 Jul 14 05:38 /mnt/bb/matilderestelli/miopen_cache_5019124/miopen_db
==== GPU visibility debug (batch shell) ====
frontier10314
ROCR_VISIBLE_DEVICES=0,1,2,3,4,5,6,7
SLURM_JOB_GPUS=0,1,2,3,4,5,6,7
[37mROCk module version 6.16.13 is loaded[0m
=====================    
HSA System Attributes    
=====================    
Runtime Version:         1.18
Runtime Ext Version:     1.14
System Timestamp Freq.:  1000.000000MHz
Sig. Max Wait Duration:  18446744073709551615 (0xFFFFFFFFFFFFFFFF) (timestamp count)
Machine Model:           LARGE                              
System Endianness:       LITTLE                             
Mwaitx:                  DISABLED
XNACK enabled:           NO
DMAbuf Support:          YES
VMM Support:             YES

==========               
HSA Agents               
==========               
*******                  
Agent 1                  
*******                  
  Name:                    AMD EPYC 7A53 64-Core Processor    
  Uuid:                    CPU-XX                             
  Marketing Name:          AMD EPYC 7A53 64-Core Processor    
  Vendor Name:             CPU                                
  Feature:                 None specified                     
  Profile:                 FULL_PROFILE                       
  Float Round Mode:        NEAR                               
  Max Queue Number:        0(0x0)                             
  Queue Min Size:          0(0x0)                             

================================================================================
DISTRIBUTED TRAINING LAUNCHER
================================================================================
  Model:      wide_resnet50_2 (CIFAR stem) (from scratch)
  Dataset:    cifar10 (10 classes)
  Image size: 32
  LR:         0.1
  Momentum:   0.9 (nesterov=True)
  Optimizer:  sgd
  Weight dec: 0.0005 (on BN/bias=False)
  Backend:    mpi
  Algorithm:  recursive_doubling_zfp_online_coll
  ZFP rate:   16
  Epochs:     20
  Batch/rank: 64
  LR:         0.1
  Scheduler:  cosine
  Warmup:     0
  Grad clip:  None
  Drop last:  True
  Data dir:   ./data
================================================================================


================================================================================
DISTRIBUTED TRAINING LAUNCHER
================================================================================
  Model:      wide_resnet50_2 (CIFAR stem) (from scratch)
  Dataset:    cifar10 (10 classes)
  Image size: 32
  LR:         0.1
  Momentum:   0.9 (nesterov=True)
  Optimizer:  sgd
  Weight dec: 0.0005 (on BN/bias=False)
  Backend:    mpi
  Algorithm:  recursive_doubling_zfp_online_coll
  ZFP rate:   16
  Epochs:     20
  Batch/rank: 64
  LR:         0.1
  Scheduler:  cosine
  Warmup:     0
  Grad clip:  None
  Drop last:  True
  Data dir:   ./data
================================================================================


================================================================================
DISTRIBUTED TRAINING LAUNCHER
================================================================================
  Model:      wide_resnet50_2 (CIFAR stem) (from scratch)
  Dataset:    cifar10 (10 classes)
  Image size: 32
  LR:         0.1
  Momentum:   0.9 (nesterov=True)
  Optimizer:  sgd
  Weight dec: 0.0005 (on BN/bias=False)
  Backend:    mpi
  Algorithm:  recursive_doubling_zfp_online_coll
  ZFP rate:   16
  Epochs:     20
  Batch/rank: 64
  LR:         0.1
  Scheduler:  cosine
  Warmup:     0
  Grad clip:  None
  Drop last:  True
  Data dir:   ./data
================================================================================


================================================================================
DISTRIBUTED TRAINING LAUNCHER
================================================================================
  Model:      wide_resnet50_2 (CIFAR stem) (from scratch)
  Dataset:    cifar10 (10 classes)
  Image size: 32
  LR:         0.1
  Momentum:   0.9 (nesterov=True)
  Optimizer:  sgd
  Weight dec: 0.0005 (on BN/bias=False)
  Backend:    mpi
  Algorithm:  recursive_doubling_zfp_online_coll
  ZFP rate:   16
  Epochs:     20
  Batch/rank: 64
  LR:         0.1
  Scheduler:  cosine
  Warmup:     0
  Grad clip:  None
  Drop last:  True
  Data dir:   ./data
================================================================================


================================================================================
DISTRIBUTED TRAINING LAUNCHER
================================================================================
  Model:      wide_resnet50_2 (CIFAR stem) (from scratch)
  Dataset:    cifar10 (10 classes)
  Image size: 32
  LR:         0.1
  Momentum:   0.9 (nesterov=True)
  Optimizer:  sgd
  Weight dec: 0.0005 (on BN/bias=False)
  Backend:    mpi
  Algorithm:  recursive_doubling_zfp_online_coll
  ZFP rate:   16
  Epochs:     20
  Batch/rank: 64
  LR:         0.1
  Scheduler:  cosine
  Warmup:     0
  Grad clip:  None
  Drop last:  True
  Data dir:   ./data
================================================================================


================================================================================
DISTRIBUTED TRAINING LAUNCHER
================================================================================
  Model:      wide_resnet50_2 (CIFAR stem) (from scratch)
  Dataset:    cifar10 (10 classes)
  Image size: 32
  LR:         0.1
  Momentum:   0.9 (nesterov=True)
  Optimizer:  sgd
  Weight dec: 0.0005 (on BN/bias=False)
  Backend:    mpi
  Algorithm:  recursive_doubling_zfp_online_coll
  ZFP rate:   16
  Epochs:     20
  Batch/rank: 64
  LR:         0.1
  Scheduler:  cosine
  Warmup:     0
  Grad clip:  None
  Drop last:  True
  Data dir:   ./data
================================================================================


================================================================================
DISTRIBUTED TRAINING LAUNCHER
================================================================================
  Model:      wide_resnet50_2 (CIFAR stem) (from scratch)
  Dataset:    cifar10 (10 classes)
  Image size: 32
  LR:         0.1
  Momentum:   0.9 (nesterov=True)
  Optimizer:  sgd
  Weight dec: 0.0005 (on BN/bias=False)
  Backend:    mpi
  Algorithm:  recursive_doubling_zfp_online_coll
  ZFP rate:   16
  Epochs:     20
  Batch/rank: 64
  LR:         0.1
  Scheduler:  cosine
  Warmup:     0
  Grad clip:  None
  Drop last:  True
  Data dir:   ./data
================================================================================


================================================================================
DISTRIBUTED TRAINING LAUNCHER
================================================================================
  Model:      wide_resnet50_2 (CIFAR stem) (from scratch)
  Dataset:    cifar10 (10 classes)
  Image size: 32
  LR:         0.1
  Momentum:   0.9 (nesterov=True)
  Optimizer:  sgd
  Weight dec: 0.0005 (on BN/bias=False)
  Backend:    mpi
  Algorithm:  recursive_doubling_zfp_online_coll
  ZFP rate:   16
  Epochs:     20
  Batch/rank: 64
  LR:         0.1
  Scheduler:  cosine
  Warmup:     0
  Grad clip:  None
  Drop last:  True
  Data dir:   ./data
================================================================================


================================================================================
Distributed Training: WIDE_RESNET50_2 on CIFAR10
Backend: MPI, Algorithm: recursive_doubling_zfp_online_coll
================================================================================
Ranks: 8, Epochs: 20, Batch/rank: 64, Effective batch: 512
LR: 0.1, Device: cuda:0

[Cache] Pretrained weights cache (TORCH_HOME) = /lustre/orion/gen243/proj-shared/matilderestelli/pretrained_weights_cache
[Setup] Model on cuda:0, wrapped in DDP (static_graph=True)
[Setup] Hook registered: mpi/recursive_doubling_zfp_online_coll
[Optim] SGD: lr=0.1 momentum=0.9 nesterov=True wd=0.0005 wd_on_bn_bias=False
[Optim]   group 0: 66,778,816 params, wd=0.0005
[Optim]   group 1: 68,234 params, wd=0.0
[Data] Train batches: 97, Val batches: 157

[Sched] cosine: steps/epoch=97, total_steps=1940, warmup_steps=0 (0 epochs)


[Epoch 1] Training... (lr at epoch start=0.100000)
  Batch [50/97] Loss: 4.9969, Acc: 10.66%, lr: 0.099836
[Epoch 1] Train Loss: 3.6980, Acc: 10.41%  |  Val Loss: 2.3991, Acc: 9.83%  |  Time: 20.2s
[Epoch 1] t_iter median: 120.14 ms  (fwd 28.86 | bwd+comm 84.54 | opt 5.62 | data 0.08)  |  train-only epoch: 14.2s
  -> Best model saved (9.83%)
[Epoch 1] Summarizing hook timing...

[HOOK_TIMING_SUMMARY] epoch=1
[HOOK_WORK_SUMMARY] label=mpi:recursive_doubling_zfp_online_coll:rate16 calls=769 work_total_ms=7614.062 work_mean_ms=9.901 work_min_ms=2.923 work_max_ms=58.571
[HOOK_TAIL_SUMMARY] label=mpi:recursive_doubling_zfp_online_coll:rate16 steps=98 tail_total_ms=5093.046 tail_mean_ms=51.970 tail_min_ms=24.595 tail_max_ms=87.708
[Epoch 1] Hook timing summary done

[Epoch 2] Training... (lr at epoch start=0.099384)
  Batch [50/97] Loss: 2.3148, Acc: 10.38%, lr: 0.098590
[Epoch 2] Train Loss: 2.3099, Acc: 10.71%  |  Val Loss: 2.3197, Acc: 12.05%  |  Time: 17.8s
[Epoch 2] t_iter median: 120.68 ms  (fwd 28.56 | bwd+comm 85.93 | opt 5.54 | data 0.08)  |  train-only epoch: 11.8s
  -> Best model saved (12.05%)
[Epoch 2] Summarizing hook timing...

[HOOK_TIMING_SUMMARY] epoch=2
[HOOK_WORK_SUMMARY] label=mpi:recursive_doubling_zfp_online_coll:rate16 calls=776 work_total_ms=7668.323 work_mean_ms=9.882 work_min_ms=2.961 work_max_ms=56.187
[HOOK_TAIL_SUMMARY] label=mpi:recursive_doubling_zfp_online_coll:rate16 steps=97 tail_total_ms=5114.358 tail_mean_ms=52.725 tail_min_ms=35.809 tail_max_ms=90.998
[Epoch 2] Hook timing summary done

[Epoch 3] Training... (lr at epoch start=0.097553)
  Batch [50/97] Loss: 2.2282, Acc: 15.62%, lr: 0.096147
[Epoch 3] Train Loss: 2.1628, Acc: 17.07%  |  Val Loss: 2.0388, Acc: 19.72%  |  Time: 17.7s
[Epoch 3] t_iter median: 120.93 ms  (fwd 28.36 | bwd+comm 85.77 | opt 5.52 | data 0.08)  |  train-only epoch: 11.8s
  -> Best model saved (19.72%)
[Epoch 3] Summarizing hook timing...

[HOOK_TIMING_SUMMARY] epoch=3
[HOOK_WORK_SUMMARY] label=mpi:recursive_doubling_zfp_online_coll:rate16 calls=776 work_total_ms=7649.721 work_mean_ms=9.858 work_min_ms=2.997 work_max_ms=56.498
[HOOK_TAIL_SUMMARY] label=mpi:recursive_doubling_zfp_online_coll:rate16 steps=97 tail_total_ms=5026.428 tail_mean_ms=51.819 tail_min_ms=34.682 tail_max_ms=87.530
[Epoch 3] Hook timing summary done

[Epoch 4] Training... (lr at epoch start=0.094550)
  Batch [50/97] Loss: 2.0292, Acc: 19.41%, lr: 0.092568
[Epoch 4] Train Loss: 2.0003, Acc: 20.88%  |  Val Loss: 2.1655, Acc: 20.52%  |  Time: 17.8s
[Epoch 4] t_iter median: 120.75 ms  (fwd 28.76 | bwd+comm 85.25 | opt 5.55 | data 0.09)  |  train-only epoch: 11.9s
  -> Best model saved (20.52%)
[Epoch 4] Summarizing hook timing...

[HOOK_TIMING_SUMMARY] epoch=4
[HOOK_WORK_SUMMARY] label=mpi:recursive_doubling_zfp_online_coll:rate16 calls=776 work_total_ms=7611.706 work_mean_ms=9.809 work_min_ms=2.980 work_max_ms=56.883
[HOOK_TAIL_SUMMARY] label=mpi:recursive_doubling_zfp_online_coll:rate16 steps=97 tail_total_ms=4960.836 tail_mean_ms=51.143 tail_min_ms=36.495 tail_max_ms=86.308
[Epoch 4] Hook timing summary done

[Epoch 5] Training... (lr at epoch start=0.090451)
  Batch [50/97] Loss: 1.9186, Acc: 26.50%, lr: 0.087941
[Epoch 5] Train Loss: 1.8943, Acc: 27.17%  |  Val Loss: 1.8461, Acc: 29.27%  |  Time: 17.8s
[Epoch 5] t_iter median: 121.09 ms  (fwd 28.92 | bwd+comm 85.03 | opt 5.54 | data 0.08)  |  train-only epoch: 11.9s
  -> Best model saved (29.27%)
[Epoch 5] Summarizing hook timing...

[HOOK_TIMING_SUMMARY] epoch=5
[HOOK_WORK_SUMMARY] label=mpi:recursive_doubling_zfp_online_coll:rate16 calls=776 work_total_ms=7643.600 work_mean_ms=9.850 work_min_ms=3.019 work_max_ms=56.646
[HOOK_TAIL_SUMMARY] label=mpi:recursive_doubling_zfp_online_coll:rate16 steps=97 tail_total_ms=4990.724 tail_mean_ms=51.451 tail_min_ms=35.770 tail_max_ms=85.800
[Epoch 5] Hook timing summary done

[Epoch 6] Training... (lr at epoch start=0.085355)
  Batch [50/97] Loss: 1.7886, Acc: 31.91%, lr: 0.082380
[Epoch 6] Train Loss: 1.7809, Acc: 32.60%  |  Val Loss: 1.6918, Acc: 35.44%  |  Time: 17.9s
[Epoch 6] t_iter median: 121.51 ms  (fwd 30.15 | bwd+comm 84.94 | opt 5.52 | data 0.08)  |  train-only epoch: 11.9s
  -> Best model saved (35.44%)
[Epoch 6] Summarizing hook timing...

[HOOK_TIMING_SUMMARY] epoch=6
[HOOK_WORK_SUMMARY] label=mpi:recursive_doubling_zfp_online_coll:rate16 calls=776 work_total_ms=7645.231 work_mean_ms=9.852 work_min_ms=2.993 work_max_ms=56.242
[HOOK_TAIL_SUMMARY] label=mpi:recursive_doubling_zfp_online_coll:rate16 steps=97 tail_total_ms=5032.736 tail_mean_ms=51.884 tail_min_ms=36.589 tail_max_ms=86.851
[Epoch 6] Hook timing summary done

[Epoch 7] Training... (lr at epoch start=0.079389)
  Batch [50/97] Loss: 1.6974, Acc: 36.47%, lr: 0.076021
[Epoch 7] Train Loss: 1.6865, Acc: 37.19%  |  Val Loss: 1.6068, Acc: 41.54%  |  Time: 17.8s
[Epoch 7] t_iter median: 121.38 ms  (fwd 30.09 | bwd+comm 84.19 | opt 5.55 | data 0.08)  |  train-only epoch: 11.9s
  -> Best model saved (41.54%)
[Epoch 7] Summarizing hook timing...

[HOOK_TIMING_SUMMARY] epoch=7
[HOOK_WORK_SUMMARY] label=mpi:recursive_doubling_zfp_online_coll:rate16 calls=776 work_total_ms=7626.801 work_mean_ms=9.828 work_min_ms=2.975 work_max_ms=56.730
[HOOK_TAIL_SUMMARY] label=mpi:recursive_doubling_zfp_online_coll:rate16 steps=97 tail_total_ms=4891.124 tail_mean_ms=50.424 tail_min_ms=35.619 tail_max_ms=86.835
[Epoch 7] Hook timing summary done

[Epoch 8] Training... (lr at epoch start=0.072700)
  Batch [50/97] Loss: 1.5950, Acc: 40.28%, lr: 0.069022
[Epoch 8] Train Loss: 1.5786, Acc: 41.48%  |  Val Loss: 1.5148, Acc: 44.34%  |  Time: 17.9s
[Epoch 8] t_iter median: 121.44 ms  (fwd 29.72 | bwd+comm 84.29 | opt 5.54 | data 0.08)  |  train-only epoch: 11.9s
  -> Best model saved (44.34%)
[Epoch 8] Summarizing hook timing...

[HOOK_TIMING_SUMMARY] epoch=8
[HOOK_WORK_SUMMARY] label=mpi:recursive_doubling_zfp_online_coll:rate16 calls=776 work_total_ms=7639.794 work_mean_ms=9.845 work_min_ms=2.903 work_max_ms=56.573
[HOOK_TAIL_SUMMARY] label=mpi:recursive_doubling_zfp_online_coll:rate16 steps=97 tail_total_ms=4695.128 tail_mean_ms=48.403 tail_min_ms=35.805 tail_max_ms=80.210
[Epoch 8] Hook timing summary done

[Epoch 9] Training... (lr at epoch start=0.065451)
  Batch [50/97] Loss: 1.4979, Acc: 45.44%, lr: 0.061554
[Epoch 9] Train Loss: 1.4798, Acc: 45.91%  |  Val Loss: 1.4520, Acc: 47.26%  |  Time: 17.9s
[Epoch 9] t_iter median: 121.53 ms  (fwd 29.87 | bwd+comm 84.42 | opt 5.54 | data 0.08)  |  train-only epoch: 11.9s
  -> Best model saved (47.26%)
[Epoch 9] Summarizing hook timing...

[HOOK_TIMING_SUMMARY] epoch=9
[HOOK_WORK_SUMMARY] label=mpi:recursive_doubling_zfp_online_coll:rate16 calls=776 work_total_ms=7669.165 work_mean_ms=9.883 work_min_ms=2.942 work_max_ms=56.783
[HOOK_TAIL_SUMMARY] label=mpi:recursive_doubling_zfp_online_coll:rate16 steps=97 tail_total_ms=4745.763 tail_mean_ms=48.925 tail_min_ms=35.984 tail_max_ms=86.723
[Epoch 9] Hook timing summary done

[Epoch 10] Training... (lr at epoch start=0.057822)
  Batch [50/97] Loss: 1.4281, Acc: 47.53%, lr: 0.053802
[Epoch 10] Train Loss: 1.4132, Acc: 47.81%  |  Val Loss: 1.2984, Acc: 52.99%  |  Time: 18.0s
[Epoch 10] t_iter median: 121.42 ms  (fwd 30.39 | bwd+comm 84.57 | opt 5.55 | data 0.08)  |  train-only epoch: 11.9s
  -> Best model saved (52.99%)
[Epoch 10] Summarizing hook timing...

[HOOK_TIMING_SUMMARY] epoch=10
[HOOK_WORK_SUMMARY] label=mpi:recursive_doubling_zfp_online_coll:rate16 calls=776 work_total_ms=7675.408 work_mean_ms=9.891 work_min_ms=3.029 work_max_ms=56.598
[HOOK_TAIL_SUMMARY] label=mpi:recursive_doubling_zfp_online_coll:rate16 steps=97 tail_total_ms=4803.245 tail_mean_ms=49.518 tail_min_ms=35.015 tail_max_ms=87.342
[Epoch 10] Hook timing summary done

[Epoch 11] Training... (lr at epoch start=0.050000)
  Batch [50/97] Loss: 1.3721, Acc: 50.31%, lr: 0.045956
[Epoch 11] Train Loss: 1.3438, Acc: 51.72%  |  Val Loss: 1.3508, Acc: 54.29%  |  Time: 18.0s
[Epoch 11] t_iter median: 121.17 ms  (fwd 29.70 | bwd+comm 84.62 | opt 5.53 | data 0.08)  |  train-only epoch: 11.9s
  -> Best model saved (54.29%)
[Epoch 11] Summarizing hook timing...

[HOOK_TIMING_SUMMARY] epoch=11
[HOOK_WORK_SUMMARY] label=mpi:recursive_doubling_zfp_online_coll:rate16 calls=776 work_total_ms=7638.672 work_mean_ms=9.844 work_min_ms=3.031 work_max_ms=56.751
[HOOK_TAIL_SUMMARY] label=mpi:recursive_doubling_zfp_online_coll:rate16 steps=97 tail_total_ms=4771.968 tail_mean_ms=49.196 tail_min_ms=36.347 tail_max_ms=78.612
[Epoch 11] Hook timing summary done

[Epoch 12] Training... (lr at epoch start=0.042178)
  Batch [50/97] Loss: 1.2602, Acc: 54.16%, lr: 0.038210
[Epoch 12] Train Loss: 1.2306, Acc: 55.38%  |  Val Loss: 1.1517, Acc: 58.04%  |  Time: 18.1s
[Epoch 12] t_iter median: 122.15 ms  (fwd 28.90 | bwd+comm 85.97 | opt 5.56 | data 0.08)  |  train-only epoch: 12.0s
  -> Best model saved (58.04%)
[Epoch 12] Summarizing hook timing...

[HOOK_TIMING_SUMMARY] epoch=12
[HOOK_WORK_SUMMARY] label=mpi:recursive_doubling_zfp_online_coll:rate16 calls=776 work_total_ms=7674.836 work_mean_ms=9.890 work_min_ms=2.888 work_max_ms=56.424
[HOOK_TAIL_SUMMARY] label=mpi:recursive_doubling_zfp_online_coll:rate16 steps=97 tail_total_ms=4918.849 tail_mean_ms=50.710 tail_min_ms=36.253 tail_max_ms=85.613
[Epoch 12] Hook timing summary done

[Epoch 13] Training... (lr at epoch start=0.034549)
  Batch [50/97] Loss: 1.1763, Acc: 57.06%, lr: 0.030754
[Epoch 13] Train Loss: 1.1560, Acc: 58.10%  |  Val Loss: 1.1154, Acc: 60.37%  |  Time: 18.0s
[Epoch 13] t_iter median: 120.50 ms  (fwd 29.00 | bwd+comm 84.71 | opt 5.55 | data 0.08)  |  train-only epoch: 11.8s
  -> Best model saved (60.37%)
[Epoch 13] Summarizing hook timing...

[HOOK_TIMING_SUMMARY] epoch=13
[HOOK_WORK_SUMMARY] label=mpi:recursive_doubling_zfp_online_coll:rate16 calls=776 work_total_ms=7591.563 work_mean_ms=9.783 work_min_ms=2.967 work_max_ms=57.530
[HOOK_TAIL_SUMMARY] label=mpi:recursive_doubling_zfp_online_coll:rate16 steps=97 tail_total_ms=5068.677 tail_mean_ms=52.254 tail_min_ms=36.488 tail_max_ms=86.545
[Epoch 13] Hook timing summary done

[Epoch 14] Training... (lr at epoch start=0.027300)
  Batch [50/97] Loss: 1.1084, Acc: 60.41%, lr: 0.023772
[Epoch 14] Train Loss: 1.0833, Acc: 61.55%  |  Val Loss: 1.0780, Acc: 62.83%  |  Time: 18.0s
[Epoch 14] t_iter median: 121.38 ms  (fwd 29.79 | bwd+comm 84.33 | opt 5.55 | data 0.08)  |  train-only epoch: 11.9s
  -> Best model saved (62.83%)
[Epoch 14] Summarizing hook timing...

[HOOK_TIMING_SUMMARY] epoch=14
[HOOK_WORK_SUMMARY] label=mpi:recursive_doubling_zfp_online_coll:rate16 calls=776 work_total_ms=7666.520 work_mean_ms=9.880 work_min_ms=3.020 work_max_ms=56.918
[HOOK_TAIL_SUMMARY] label=mpi:recursive_doubling_zfp_online_coll:rate16 steps=97 tail_total_ms=4798.557 tail_mean_ms=49.470 tail_min_ms=37.073 tail_max_ms=85.381
[Epoch 14] Hook timing summary done

[Epoch 15] Training... (lr at epoch start=0.020611)
  Batch [50/97] Loss: 1.0442, Acc: 62.31%, lr: 0.017435
[Epoch 15] Train Loss: 1.0507, Acc: 62.29%  |  Val Loss: 1.0099, Acc: 64.88%  |  Time: 18.0s
[Epoch 15] t_iter median: 121.32 ms  (fwd 29.29 | bwd+comm 84.91 | opt 5.53 | data 0.08)  |  train-only epoch: 11.9s
  -> Best model saved (64.88%)
[Epoch 15] Summarizing hook timing...

[HOOK_TIMING_SUMMARY] epoch=15
[HOOK_WORK_SUMMARY] label=mpi:recursive_doubling_zfp_online_coll:rate16 calls=776 work_total_ms=7631.382 work_mean_ms=9.834 work_min_ms=2.913 work_max_ms=56.758
[HOOK_TAIL_SUMMARY] label=mpi:recursive_doubling_zfp_online_coll:rate16 steps=97 tail_total_ms=4985.925 tail_mean_ms=51.401 tail_min_ms=35.870 tail_max_ms=87.358
[Epoch 15] Hook timing summary done

[Epoch 16] Training... (lr at epoch start=0.014645)
  Batch [50/97] Loss: 1.0138, Acc: 63.66%, lr: 0.011901
[Epoch 16] Train Loss: 1.0022, Acc: 64.45%  |  Val Loss: 0.9540, Acc: 67.00%  |  Time: 18.0s
[Epoch 16] t_iter median: 121.82 ms  (fwd 30.20 | bwd+comm 84.49 | opt 5.55 | data 0.08)  |  train-only epoch: 11.9s
  -> Best model saved (67.00%)
[Epoch 16] Summarizing hook timing...

[HOOK_TIMING_SUMMARY] epoch=16
[HOOK_WORK_SUMMARY] label=mpi:recursive_doubling_zfp_online_coll:rate16 calls=776 work_total_ms=7658.207 work_mean_ms=9.869 work_min_ms=2.937 work_max_ms=56.295
[HOOK_TAIL_SUMMARY] label=mpi:recursive_doubling_zfp_online_coll:rate16 steps=97 tail_total_ms=4730.478 tail_mean_ms=48.768 tail_min_ms=35.624 tail_max_ms=87.473
[Epoch 16] Hook timing summary done

[Epoch 17] Training... (lr at epoch start=0.009549)
  Batch [50/97] Loss: 0.9430, Acc: 68.06%, lr: 0.007305
[Epoch 17] Train Loss: 0.9384, Acc: 67.61%  |  Val Loss: 0.8982, Acc: 68.64%  |  Time: 18.1s
[Epoch 17] t_iter median: 121.85 ms  (fwd 30.38 | bwd+comm 84.99 | opt 5.52 | data 0.08)  |  train-only epoch: 12.0s
  -> Best model saved (68.64%)
[Epoch 17] Summarizing hook timing...

[HOOK_TIMING_SUMMARY] epoch=17
[HOOK_WORK_SUMMARY] label=mpi:recursive_doubling_zfp_online_coll:rate16 calls=776 work_total_ms=7678.388 work_mean_ms=9.895 work_min_ms=2.915 work_max_ms=56.028
[HOOK_TAIL_SUMMARY] label=mpi:recursive_doubling_zfp_online_coll:rate16 steps=97 tail_total_ms=4807.601 tail_mean_ms=49.563 tail_min_ms=36.170 tail_max_ms=87.218
[Epoch 17] Hook timing summary done

[Epoch 18] Training... (lr at epoch start=0.005450)
  Batch [50/97] Loss: 0.8797, Acc: 69.09%, lr: 0.003760
[Epoch 18] Train Loss: 0.9028, Acc: 68.27%  |  Val Loss: 0.8981, Acc: 69.24%  |  Time: 18.2s
[Epoch 18] t_iter median: 121.76 ms  (fwd 30.04 | bwd+comm 85.44 | opt 5.54 | data 0.08)  |  train-only epoch: 12.0s
  -> Best model saved (69.24%)
[Epoch 18] Summarizing hook timing...

[HOOK_TIMING_SUMMARY] epoch=18
[HOOK_WORK_SUMMARY] label=mpi:recursive_doubling_zfp_online_coll:rate16 calls=776 work_total_ms=7673.713 work_mean_ms=9.889 work_min_ms=2.962 work_max_ms=56.572
[HOOK_TAIL_SUMMARY] label=mpi:recursive_doubling_zfp_online_coll:rate16 steps=97 tail_total_ms=4962.164 tail_mean_ms=51.156 tail_min_ms=36.137 tail_max_ms=86.960
[Epoch 18] Hook timing summary done

[Epoch 19] Training... (lr at epoch start=0.002447)
  Batch [50/97] Loss: 0.8870, Acc: 67.59%, lr: 0.001353
[Epoch 19] Train Loss: 0.8931, Acc: 67.90%  |  Val Loss: 0.8885, Acc: 69.60%  |  Time: 18.0s
[Epoch 19] t_iter median: 121.90 ms  (fwd 29.57 | bwd+comm 84.77 | opt 5.56 | data 0.09)  |  train-only epoch: 12.0s
  -> Best model saved (69.60%)
[Epoch 19] Summarizing hook timing...

[HOOK_TIMING_SUMMARY] epoch=19
[HOOK_WORK_SUMMARY] label=mpi:recursive_doubling_zfp_online_coll:rate16 calls=776 work_total_ms=7653.019 work_mean_ms=9.862 work_min_ms=3.014 work_max_ms=56.392
[HOOK_TAIL_SUMMARY] label=mpi:recursive_doubling_zfp_online_coll:rate16 steps=97 tail_total_ms=5122.741 tail_mean_ms=52.812 tail_min_ms=36.892 tail_max_ms=87.152
[Epoch 19] Hook timing summary done

[Epoch 20] Training... (lr at epoch start=0.000616)
  Batch [50/97] Loss: 0.8567, Acc: 68.56%, lr: 0.000145
[Epoch 20] Train Loss: 0.8535, Acc: 68.67%  |  Val Loss: 0.8946, Acc: 69.37%  |  Time: 18.1s
[Epoch 20] t_iter median: 122.43 ms  (fwd 30.38 | bwd+comm 84.78 | opt 5.55 | data 0.08)  |  train-only epoch: 12.0s
[Epoch 20] Summarizing hook timing...

[HOOK_TIMING_SUMMARY] epoch=20
[HOOK_WORK_SUMMARY] label=mpi:recursive_doubling_zfp_online_coll:rate16 calls=776 work_total_ms=7677.675 work_mean_ms=9.894 work_min_ms=3.006 work_max_ms=56.533
[HOOK_TAIL_SUMMARY] label=mpi:recursive_doubling_zfp_online_coll:rate16 steps=97 tail_total_ms=4720.416 tail_mean_ms=48.664 tail_min_ms=36.376 tail_max_ms=86.908
[Epoch 20] Hook timing summary done

================================================================================
Done in 391.9s | Best val acc: 69.60%
Epoch times (train+val): mean=18.1s  min=17.7s  max=20.2s
Train-only epoch time (epochs 2..N): median=11.89s  min=11.81s  max=11.96s
  -> use this for STRONG scaling (fixed global batch)
  -> use t_iter_median_ms from the CSV for WEAK scaling (fixed local batch)
================================================================================
=== Finished training: model=wide_resnet50_2, dataset=cifar10, batch=64, lr=0.1, scheduler=cosine, backend=mpi, hook=recursive_doubling_zfp_online_coll, zfp_rate=16, status=0 at Fri Jul 17 09:25:09 PM EDT 2026 ===
=== Starting: model=wide_resnet50_2, ws=8, bs=64, gb=512, lr=0.1, sched=cosine, warmup=0, mom=0.9, wd=5e-4, nesterov=true, wd_bn_bias=false, backend=mpi, hook=recursive_doubling_zfp_online_coll, zfp=8 at Fri Jul 17 09:25:09 PM EDT 2026 ===
MIOPEN_USER_DB_PATH=/mnt/bb/matilderestelli/miopen_cache_5019124/miopen_db
MIOPEN_CUSTOM_CACHE_DIR=/mnt/bb/matilderestelli/miopen_cache_5019124/kernel_cache
drwxr-sr-x 2 matilderestelli gen243 103 Jul 14 05:38 /mnt/bb/matilderestelli/miopen_cache_5019124/miopen_db
==== GPU visibility debug (batch shell) ====
frontier10314
ROCR_VISIBLE_DEVICES=0,1,2,3,4,5,6,7
SLURM_JOB_GPUS=0,1,2,3,4,5,6,7
[37mROCk module version 6.16.13 is loaded[0m
=====================    
HSA System Attributes    
=====================    
Runtime Version:         1.18
Runtime Ext Version:     1.14
System Timestamp Freq.:  1000.000000MHz
Sig. Max Wait Duration:  18446744073709551615 (0xFFFFFFFFFFFFFFFF) (timestamp count)
Machine Model:           LARGE                              
System Endianness:       LITTLE                             
Mwaitx:                  DISABLED
XNACK enabled:           NO
DMAbuf Support:          YES
VMM Support:             YES

==========               
HSA Agents               
==========               
*******                  
Agent 1                  
*******                  
  Name:                    AMD EPYC 7A53 64-Core Processor    
  Uuid:                    CPU-XX                             
  Marketing Name:          AMD EPYC 7A53 64-Core Processor    
  Vendor Name:             CPU                                
  Feature:                 None specified                     
  Profile:                 FULL_PROFILE                       
  Float Round Mode:        NEAR                               
  Max Queue Number:        0(0x0)                             
  Queue Min Size:          0(0x0)                             

================================================================================
DISTRIBUTED TRAINING LAUNCHER
================================================================================
  Model:      wide_resnet50_2 (CIFAR stem) (from scratch)
  Dataset:    cifar10 (10 classes)
  Image size: 32
  LR:         0.1
  Momentum:   0.9 (nesterov=True)
  Optimizer:  sgd
  Weight dec: 0.0005 (on BN/bias=False)
  Backend:    mpi
  Algorithm:  recursive_doubling_zfp_online_coll
  ZFP rate:   8
  Epochs:     20
  Batch/rank: 64
  LR:         0.1
  Scheduler:  cosine
  Warmup:     0
  Grad clip:  None
  Drop last:  True
  Data dir:   ./data
================================================================================


================================================================================
DISTRIBUTED TRAINING LAUNCHER
================================================================================
  Model:      wide_resnet50_2 (CIFAR stem) (from scratch)
  Dataset:    cifar10 (10 classes)
  Image size: 32
  LR:         0.1
  Momentum:   0.9 (nesterov=True)
  Optimizer:  sgd
  Weight dec: 0.0005 (on BN/bias=False)
  Backend:    mpi
  Algorithm:  recursive_doubling_zfp_online_coll
  ZFP rate:   8
  Epochs:     20
  Batch/rank: 64
  LR:         0.1
  Scheduler:  cosine
  Warmup:     0
  Grad clip:  None
  Drop last:  True
  Data dir:   ./data
================================================================================


================================================================================
DISTRIBUTED TRAINING LAUNCHER
================================================================================
  Model:      wide_resnet50_2 (CIFAR stem) (from scratch)
  Dataset:    cifar10 (10 classes)
  Image size: 32
  LR:         0.1
  Momentum:   0.9 (nesterov=True)
  Optimizer:  sgd
  Weight dec: 0.0005 (on BN/bias=False)
  Backend:    mpi
  Algorithm:  recursive_doubling_zfp_online_coll
  ZFP rate:   8
  Epochs:     20
  Batch/rank: 64
  LR:         0.1
  Scheduler:  cosine
  Warmup:     0
  Grad clip:  None
  Drop last:  True
  Data dir:   ./data
================================================================================


================================================================================
DISTRIBUTED TRAINING LAUNCHER
================================================================================
  Model:      wide_resnet50_2 (CIFAR stem) (from scratch)
  Dataset:    cifar10 (10 classes)
  Image size: 32
  LR:         0.1
  Momentum:   0.9 (nesterov=True)
  Optimizer:  sgd
  Weight dec: 0.0005 (on BN/bias=False)
  Backend:    mpi
  Algorithm:  recursive_doubling_zfp_online_coll
  ZFP rate:   8
  Epochs:     20
  Batch/rank: 64
  LR:         0.1
  Scheduler:  cosine
  Warmup:     0
  Grad clip:  None
  Drop last:  True
  Data dir:   ./data
================================================================================


================================================================================
DISTRIBUTED TRAINING LAUNCHER
================================================================================
  Model:      wide_resnet50_2 (CIFAR stem) (from scratch)
  Dataset:    cifar10 (10 classes)
  Image size: 32
  LR:         0.1
  Momentum:   0.9 (nesterov=True)
  Optimizer:  sgd
  Weight dec: 0.0005 (on BN/bias=False)
  Backend:    mpi
  Algorithm:  recursive_doubling_zfp_online_coll
  ZFP rate:   8
  Epochs:     20
  Batch/rank: 64
  LR:         0.1
  Scheduler:  cosine
  Warmup:     0
  Grad clip:  None
  Drop last:  True
  Data dir:   ./data
================================================================================


================================================================================
DISTRIBUTED TRAINING LAUNCHER
================================================================================
  Model:      wide_resnet50_2 (CIFAR stem) (from scratch)
  Dataset:    cifar10 (10 classes)
  Image size: 32
  LR:         0.1
  Momentum:   0.9 (nesterov=True)
  Optimizer:  sgd
  Weight dec: 0.0005 (on BN/bias=False)
  Backend:    mpi
  Algorithm:  recursive_doubling_zfp_online_coll
  ZFP rate:   8
  Epochs:     20
  Batch/rank: 64
  LR:         0.1
  Scheduler:  cosine
  Warmup:     0
  Grad clip:  None
  Drop last:  True
  Data dir:   ./data
================================================================================


================================================================================
DISTRIBUTED TRAINING LAUNCHER
================================================================================
  Model:      wide_resnet50_2 (CIFAR stem) (from scratch)
  Dataset:    cifar10 (10 classes)
  Image size: 32
  LR:         0.1
  Momentum:   0.9 (nesterov=True)
  Optimizer:  sgd
  Weight dec: 0.0005 (on BN/bias=False)
  Backend:    mpi
  Algorithm:  recursive_doubling_zfp_online_coll
  ZFP rate:   8
  Epochs:     20
  Batch/rank: 64
  LR:         0.1
  Scheduler:  cosine
  Warmup:     0
  Grad clip:  None
  Drop last:  True
  Data dir:   ./data
================================================================================


================================================================================
DISTRIBUTED TRAINING LAUNCHER
================================================================================
  Model:      wide_resnet50_2 (CIFAR stem) (from scratch)
  Dataset:    cifar10 (10 classes)
  Image size: 32
  LR:         0.1
  Momentum:   0.9 (nesterov=True)
  Optimizer:  sgd
  Weight dec: 0.0005 (on BN/bias=False)
  Backend:    mpi
  Algorithm:  recursive_doubling_zfp_online_coll
  ZFP rate:   8
  Epochs:     20
  Batch/rank: 64
  LR:         0.1
  Scheduler:  cosine
  Warmup:     0
  Grad clip:  None
  Drop last:  True
  Data dir:   ./data
================================================================================


================================================================================
Distributed Training: WIDE_RESNET50_2 on CIFAR10
Backend: MPI, Algorithm: recursive_doubling_zfp_online_coll
================================================================================
Ranks: 8, Epochs: 20, Batch/rank: 64, Effective batch: 512
LR: 0.1, Device: cuda:0

[Cache] Pretrained weights cache (TORCH_HOME) = /lustre/orion/gen243/proj-shared/matilderestelli/pretrained_weights_cache
[Setup] Model on cuda:0, wrapped in DDP (static_graph=True)
[Setup] Hook registered: mpi/recursive_doubling_zfp_online_coll
[Optim] SGD: lr=0.1 momentum=0.9 nesterov=True wd=0.0005 wd_on_bn_bias=False
[Optim]   group 0: 66,778,816 params, wd=0.0005
[Optim]   group 1: 68,234 params, wd=0.0
[Data] Train batches: 97, Val batches: 157

[Sched] cosine: steps/epoch=97, total_steps=1940, warmup_steps=0 (0 epochs)


[Epoch 1] Training... (lr at epoch start=0.100000)
  Batch [50/97] Loss: 5.1563, Acc: 10.75%, lr: 0.099836
[Epoch 1] Train Loss: 3.7733, Acc: 11.16%  |  Val Loss: 2.3549, Acc: 12.03%  |  Time: 19.6s
[Epoch 1] t_iter median: 115.05 ms  (fwd 29.12 | bwd+comm 78.16 | opt 5.67 | data 0.08)  |  train-only epoch: 13.7s
  -> Best model saved (12.03%)
[Epoch 1] Summarizing hook timing...

[HOOK_TIMING_SUMMARY] epoch=1
[HOOK_WORK_SUMMARY] label=mpi:recursive_doubling_zfp_online_coll:rate8 calls=769 work_total_ms=7238.241 work_mean_ms=9.413 work_min_ms=2.544 work_max_ms=209.734
[HOOK_TAIL_SUMMARY] label=mpi:recursive_doubling_zfp_online_coll:rate8 steps=98 tail_total_ms=5149.018 tail_mean_ms=52.541 tail_min_ms=25.083 tail_max_ms=219.222
[Epoch 1] Hook timing summary done

[Epoch 2] Training... (lr at epoch start=0.099384)
  Batch [50/97] Loss: 2.2979, Acc: 11.78%, lr: 0.098590
[Epoch 2] Train Loss: 2.2843, Acc: 13.39%  |  Val Loss: 2.2623, Acc: 15.14%  |  Time: 17.1s
[Epoch 2] t_iter median: 114.94 ms  (fwd 28.43 | bwd+comm 79.45 | opt 5.53 | data 0.08)  |  train-only epoch: 11.3s
  -> Best model saved (15.14%)
[Epoch 2] Summarizing hook timing...

[HOOK_TIMING_SUMMARY] epoch=2
[HOOK_WORK_SUMMARY] label=mpi:recursive_doubling_zfp_online_coll:rate8 calls=776 work_total_ms=7089.616 work_mean_ms=9.136 work_min_ms=2.599 work_max_ms=56.998
[HOOK_TAIL_SUMMARY] label=mpi:recursive_doubling_zfp_online_coll:rate8 steps=97 tail_total_ms=4772.096 tail_mean_ms=49.197 tail_min_ms=25.594 tail_max_ms=84.313
[Epoch 2] Hook timing summary done

[Epoch 3] Training... (lr at epoch start=0.097553)
  Batch [50/97] Loss: 2.1905, Acc: 18.44%, lr: 0.096147
[Epoch 3] Train Loss: 2.1255, Acc: 19.75%  |  Val Loss: 1.9969, Acc: 21.98%  |  Time: 17.1s
[Epoch 3] t_iter median: 115.21 ms  (fwd 29.19 | bwd+comm 78.73 | opt 5.52 | data 0.08)  |  train-only epoch: 11.2s
  -> Best model saved (21.98%)
[Epoch 3] Summarizing hook timing...

[HOOK_TIMING_SUMMARY] epoch=3
[HOOK_WORK_SUMMARY] label=mpi:recursive_doubling_zfp_online_coll:rate8 calls=776 work_total_ms=7085.620 work_mean_ms=9.131 work_min_ms=2.569 work_max_ms=54.067
[HOOK_TAIL_SUMMARY] label=mpi:recursive_doubling_zfp_online_coll:rate8 steps=97 tail_total_ms=4827.033 tail_mean_ms=49.763 tail_min_ms=29.142 tail_max_ms=80.677
[Epoch 3] Hook timing summary done

[Epoch 4] Training... (lr at epoch start=0.094550)
  Batch [50/97] Loss: 2.0073, Acc: 20.69%, lr: 0.092568
[Epoch 4] Train Loss: 1.9878, Acc: 22.04%  |  Val Loss: 1.9190, Acc: 25.92%  |  Time: 17.2s
[Epoch 4] t_iter median: 115.06 ms  (fwd 29.99 | bwd+comm 78.11 | opt 5.54 | data 0.08)  |  train-only epoch: 11.3s
  -> Best model saved (25.92%)
[Epoch 4] Summarizing hook timing...

[HOOK_TIMING_SUMMARY] epoch=4
[HOOK_WORK_SUMMARY] label=mpi:recursive_doubling_zfp_online_coll:rate8 calls=776 work_total_ms=7014.155 work_mean_ms=9.039 work_min_ms=2.581 work_max_ms=53.798
[HOOK_TAIL_SUMMARY] label=mpi:recursive_doubling_zfp_online_coll:rate8 steps=97 tail_total_ms=4735.122 tail_mean_ms=48.816 tail_min_ms=29.486 tail_max_ms=80.296
[Epoch 4] Hook timing summary done

[Epoch 5] Training... (lr at epoch start=0.090451)
  Batch [50/97] Loss: 1.9064, Acc: 24.72%, lr: 0.087941
[Epoch 5] Train Loss: 1.8791, Acc: 26.61%  |  Val Loss: 1.7759, Acc: 31.93%  |  Time: 17.2s
[Epoch 5] t_iter median: 114.72 ms  (fwd 29.48 | bwd+comm 78.43 | opt 5.53 | data 0.08)  |  train-only epoch: 11.3s
  -> Best model saved (31.93%)
[Epoch 5] Summarizing hook timing...

[HOOK_TIMING_SUMMARY] epoch=5
[HOOK_WORK_SUMMARY] label=mpi:recursive_doubling_zfp_online_coll:rate8 calls=776 work_total_ms=7028.037 work_mean_ms=9.057 work_min_ms=2.633 work_max_ms=56.233
[HOOK_TAIL_SUMMARY] label=mpi:recursive_doubling_zfp_online_coll:rate8 steps=97 tail_total_ms=5000.975 tail_mean_ms=51.556 tail_min_ms=28.972 tail_max_ms=80.381
[Epoch 5] Hook timing summary done

[Epoch 6] Training... (lr at epoch start=0.085355)
  Batch [50/97] Loss: 1.7847, Acc: 31.66%, lr: 0.082380
[Epoch 6] Train Loss: 1.7820, Acc: 32.07%  |  Val Loss: 1.7404, Acc: 35.12%  |  Time: 17.2s
[Epoch 6] t_iter median: 115.09 ms  (fwd 29.72 | bwd+comm 78.54 | opt 5.52 | data 0.08)  |  train-only epoch: 11.3s
  -> Best model saved (35.12%)
[Epoch 6] Summarizing hook timing...

[HOOK_TIMING_SUMMARY] epoch=6
[HOOK_WORK_SUMMARY] label=mpi:recursive_doubling_zfp_online_coll:rate8 calls=776 work_total_ms=7008.029 work_mean_ms=9.031 work_min_ms=2.621 work_max_ms=57.009
[HOOK_TAIL_SUMMARY] label=mpi:recursive_doubling_zfp_online_coll:rate8 steps=97 tail_total_ms=4820.097 tail_mean_ms=49.692 tail_min_ms=29.512 tail_max_ms=80.709
[Epoch 6] Hook timing summary done

[Epoch 7] Training... (lr at epoch start=0.079389)
  Batch [50/97] Loss: 1.7058, Acc: 35.00%, lr: 0.076021
[Epoch 7] Train Loss: 1.6892, Acc: 36.08%  |  Val Loss: 1.5682, Acc: 41.38%  |  Time: 17.3s
[Epoch 7] t_iter median: 114.95 ms  (fwd 29.64 | bwd+comm 78.31 | opt 5.55 | data 0.08)  |  train-only epoch: 11.3s
  -> Best model saved (41.38%)
[Epoch 7] Summarizing hook timing...

[HOOK_TIMING_SUMMARY] epoch=7
[HOOK_WORK_SUMMARY] label=mpi:recursive_doubling_zfp_online_coll:rate8 calls=776 work_total_ms=7044.691 work_mean_ms=9.078 work_min_ms=2.563 work_max_ms=57.036
[HOOK_TAIL_SUMMARY] label=mpi:recursive_doubling_zfp_online_coll:rate8 steps=97 tail_total_ms=4473.124 tail_mean_ms=46.115 tail_min_ms=29.112 tail_max_ms=80.983
[Epoch 7] Hook timing summary done

[Epoch 8] Training... (lr at epoch start=0.072700)
  Batch [50/97] Loss: 1.5973, Acc: 40.16%, lr: 0.069022
[Epoch 8] Train Loss: 1.5855, Acc: 40.85%  |  Val Loss: 1.5135, Acc: 43.53%  |  Time: 17.2s
[Epoch 8] t_iter median: 115.34 ms  (fwd 30.21 | bwd+comm 78.18 | opt 5.54 | data 0.08)  |  train-only epoch: 11.3s
  -> Best model saved (43.53%)
[Epoch 8] Summarizing hook timing...

[HOOK_TIMING_SUMMARY] epoch=8
[HOOK_WORK_SUMMARY] label=mpi:recursive_doubling_zfp_online_coll:rate8 calls=776 work_total_ms=7040.827 work_mean_ms=9.073 work_min_ms=2.645 work_max_ms=57.130
[HOOK_TAIL_SUMMARY] label=mpi:recursive_doubling_zfp_online_coll:rate8 steps=97 tail_total_ms=4605.681 tail_mean_ms=47.481 tail_min_ms=30.314 tail_max_ms=80.405
[Epoch 8] Hook timing summary done

[Epoch 9] Training... (lr at epoch start=0.065451)
  Batch [50/97] Loss: 1.5075, Acc: 43.50%, lr: 0.061554
[Epoch 9] Train Loss: 1.4973, Acc: 44.02%  |  Val Loss: 1.4217, Acc: 47.40%  |  Time: 17.3s
[Epoch 9] t_iter median: 115.56 ms  (fwd 30.17 | bwd+comm 78.87 | opt 5.54 | data 0.08)  |  train-only epoch: 11.3s
  -> Best model saved (47.40%)
[Epoch 9] Summarizing hook timing...

[HOOK_TIMING_SUMMARY] epoch=9
[HOOK_WORK_SUMMARY] label=mpi:recursive_doubling_zfp_online_coll:rate8 calls=776 work_total_ms=7070.690 work_mean_ms=9.112 work_min_ms=2.586 work_max_ms=54.183
[HOOK_TAIL_SUMMARY] label=mpi:recursive_doubling_zfp_online_coll:rate8 steps=97 tail_total_ms=4765.805 tail_mean_ms=49.132 tail_min_ms=28.187 tail_max_ms=80.635
[Epoch 9] Hook timing summary done

[Epoch 10] Training... (lr at epoch start=0.057822)
  Batch [50/97] Loss: 1.4559, Acc: 46.47%, lr: 0.053802
[Epoch 10] Train Loss: 1.4424, Acc: 46.99%  |  Val Loss: 1.3424, Acc: 50.79%  |  Time: 17.4s
[Epoch 10] t_iter median: 115.48 ms  (fwd 29.94 | bwd+comm 78.51 | opt 5.53 | data 0.08)  |  train-only epoch: 11.3s
  -> Best model saved (50.79%)
[Epoch 10] Summarizing hook timing...

[HOOK_TIMING_SUMMARY] epoch=10
[HOOK_WORK_SUMMARY] label=mpi:recursive_doubling_zfp_online_coll:rate8 calls=776 work_total_ms=7051.419 work_mean_ms=9.087 work_min_ms=2.598 work_max_ms=56.066
[HOOK_TAIL_SUMMARY] label=mpi:recursive_doubling_zfp_online_coll:rate8 steps=97 tail_total_ms=4532.093 tail_mean_ms=46.723 tail_min_ms=29.772 tail_max_ms=79.238
[Epoch 10] Hook timing summary done

[Epoch 11] Training... (lr at epoch start=0.050000)
  Batch [50/97] Loss: 1.3836, Acc: 48.91%, lr: 0.045956
[Epoch 11] Train Loss: 1.3671, Acc: 49.97%  |  Val Loss: 1.3149, Acc: 50.82%  |  Time: 17.4s
[Epoch 11] t_iter median: 115.22 ms  (fwd 30.19 | bwd+comm 78.11 | opt 5.54 | data 0.08)  |  train-only epoch: 11.3s
  -> Best model saved (50.82%)
[Epoch 11] Summarizing hook timing...

[HOOK_TIMING_SUMMARY] epoch=11
[HOOK_WORK_SUMMARY] label=mpi:recursive_doubling_zfp_online_coll:rate8 calls=776 work_total_ms=7090.715 work_mean_ms=9.138 work_min_ms=2.510 work_max_ms=63.475
[HOOK_TAIL_SUMMARY] label=mpi:recursive_doubling_zfp_online_coll:rate8 steps=97 tail_total_ms=4254.307 tail_mean_ms=43.859 tail_min_ms=29.163 tail_max_ms=76.227
[Epoch 11] Hook timing summary done

[Epoch 12] Training... (lr at epoch start=0.042178)
  Batch [50/97] Loss: 1.2987, Acc: 51.25%, lr: 0.038210
[Epoch 12] Train Loss: 1.2706, Acc: 53.08%  |  Val Loss: 1.2145, Acc: 55.74%  |  Time: 17.4s
[Epoch 12] t_iter median: 115.39 ms  (fwd 29.95 | bwd+comm 78.55 | opt 5.51 | data 0.08)  |  train-only epoch: 11.3s
  -> Best model saved (55.74%)
[Epoch 12] Summarizing hook timing...

[HOOK_TIMING_SUMMARY] epoch=12
[HOOK_WORK_SUMMARY] label=mpi:recursive_doubling_zfp_online_coll:rate8 calls=776 work_total_ms=7036.954 work_mean_ms=9.068 work_min_ms=2.608 work_max_ms=56.777
[HOOK_TAIL_SUMMARY] label=mpi:recursive_doubling_zfp_online_coll:rate8 steps=97 tail_total_ms=4667.089 tail_mean_ms=48.114 tail_min_ms=30.011 tail_max_ms=76.151
[Epoch 12] Hook timing summary done

[Epoch 13] Training... (lr at epoch start=0.034549)
  Batch [50/97] Loss: 1.2113, Acc: 56.03%, lr: 0.030754
[Epoch 13] Train Loss: 1.2109, Acc: 55.82%  |  Val Loss: 1.2195, Acc: 55.84%  |  Time: 17.4s
[Epoch 13] t_iter median: 115.93 ms  (fwd 30.08 | bwd+comm 78.93 | opt 5.54 | data 0.08)  |  train-only epoch: 11.3s
  -> Best model saved (55.84%)
[Epoch 13] Summarizing hook timing...

[HOOK_TIMING_SUMMARY] epoch=13
[HOOK_WORK_SUMMARY] label=mpi:recursive_doubling_zfp_online_coll:rate8 calls=776 work_total_ms=7089.461 work_mean_ms=9.136 work_min_ms=2.596 work_max_ms=56.982
[HOOK_TAIL_SUMMARY] label=mpi:recursive_doubling_zfp_online_coll:rate8 steps=97 tail_total_ms=4687.158 tail_mean_ms=48.321 tail_min_ms=30.661 tail_max_ms=80.714
[Epoch 13] Hook timing summary done

[Epoch 14] Training... (lr at epoch start=0.027300)
  Batch [50/97] Loss: 1.1690, Acc: 57.94%, lr: 0.023772
[Epoch 14] Train Loss: 1.1509, Acc: 58.76%  |  Val Loss: 1.1053, Acc: 59.89%  |  Time: 17.4s
[Epoch 14] t_iter median: 115.28 ms  (fwd 30.05 | bwd+comm 78.38 | opt 5.54 | data 0.08)  |  train-only epoch: 11.4s
  -> Best model saved (59.89%)
[Epoch 14] Summarizing hook timing...

[HOOK_TIMING_SUMMARY] epoch=14
[HOOK_WORK_SUMMARY] label=mpi:recursive_doubling_zfp_online_coll:rate8 calls=776 work_total_ms=7049.520 work_mean_ms=9.084 work_min_ms=2.525 work_max_ms=57.355
[HOOK_TAIL_SUMMARY] label=mpi:recursive_doubling_zfp_online_coll:rate8 steps=97 tail_total_ms=4848.998 tail_mean_ms=49.990 tail_min_ms=29.449 tail_max_ms=80.624
[Epoch 14] Hook timing summary done

[Epoch 15] Training... (lr at epoch start=0.020611)
  Batch [50/97] Loss: 1.1109, Acc: 59.81%, lr: 0.017435
[Epoch 15] Train Loss: 1.1079, Acc: 59.47%  |  Val Loss: 1.0489, Acc: 62.20%  |  Time: 17.4s
[Epoch 15] t_iter median: 115.49 ms  (fwd 29.93 | bwd+comm 78.52 | opt 5.54 | data 0.08)  |  train-only epoch: 11.3s
  -> Best model saved (62.20%)
[Epoch 15] Summarizing hook timing...

[HOOK_TIMING_SUMMARY] epoch=15
[HOOK_WORK_SUMMARY] label=mpi:recursive_doubling_zfp_online_coll:rate8 calls=776 work_total_ms=7072.393 work_mean_ms=9.114 work_min_ms=2.621 work_max_ms=55.631
[HOOK_TAIL_SUMMARY] label=mpi:recursive_doubling_zfp_online_coll:rate8 steps=97 tail_total_ms=4601.548 tail_mean_ms=47.439 tail_min_ms=29.189 tail_max_ms=80.949
[Epoch 15] Hook timing summary done

[Epoch 16] Training... (lr at epoch start=0.014645)
  Batch [50/97] Loss: 1.0647, Acc: 61.88%, lr: 0.011901
[Epoch 16] Train Loss: 1.0437, Acc: 62.92%  |  Val Loss: 0.9873, Acc: 64.51%  |  Time: 17.4s
[Epoch 16] t_iter median: 115.44 ms  (fwd 30.17 | bwd+comm 78.27 | opt 5.54 | data 0.08)  |  train-only epoch: 11.3s
  -> Best model saved (64.51%)
[Epoch 16] Summarizing hook timing...

[HOOK_TIMING_SUMMARY] epoch=16
[HOOK_WORK_SUMMARY] label=mpi:recursive_doubling_zfp_online_coll:rate8 calls=776 work_total_ms=7005.681 work_mean_ms=9.028 work_min_ms=2.559 work_max_ms=54.386
[HOOK_TAIL_SUMMARY] label=mpi:recursive_doubling_zfp_online_coll:rate8 steps=97 tail_total_ms=4703.352 tail_mean_ms=48.488 tail_min_ms=28.979 tail_max_ms=80.453
[Epoch 16] Hook timing summary done

[Epoch 17] Training... (lr at epoch start=0.009549)
  Batch [50/97] Loss: 0.9951, Acc: 66.12%, lr: 0.007305
[Epoch 17] Train Loss: 0.9930, Acc: 65.19%  |  Val Loss: 0.9556, Acc: 65.77%  |  Time: 17.5s
[Epoch 17] t_iter median: 115.58 ms  (fwd 30.32 | bwd+comm 78.41 | opt 5.54 | data 0.08)  |  train-only epoch: 11.3s
  -> Best model saved (65.77%)
[Epoch 17] Summarizing hook timing...

[HOOK_TIMING_SUMMARY] epoch=17
[HOOK_WORK_SUMMARY] label=mpi:recursive_doubling_zfp_online_coll:rate8 calls=776 work_total_ms=7053.391 work_mean_ms=9.089 work_min_ms=2.538 work_max_ms=57.212
[HOOK_TAIL_SUMMARY] label=mpi:recursive_doubling_zfp_online_coll:rate8 steps=97 tail_total_ms=4415.468 tail_mean_ms=45.520 tail_min_ms=28.514 tail_max_ms=80.653
[Epoch 17] Hook timing summary done

[Epoch 18] Training... (lr at epoch start=0.005450)
  Batch [50/97] Loss: 0.9445, Acc: 65.91%, lr: 0.003760
[Epoch 18] Train Loss: 0.9649, Acc: 65.17%  |  Val Loss: 0.9409, Acc: 66.38%  |  Time: 17.5s
[Epoch 18] t_iter median: 115.63 ms  (fwd 30.32 | bwd+comm 78.47 | opt 5.55 | data 0.08)  |  train-only epoch: 11.3s
  -> Best model saved (66.38%)
[Epoch 18] Summarizing hook timing...

[HOOK_TIMING_SUMMARY] epoch=18
[HOOK_WORK_SUMMARY] label=mpi:recursive_doubling_zfp_online_coll:rate8 calls=776 work_total_ms=7048.870 work_mean_ms=9.084 work_min_ms=2.586 work_max_ms=57.203
[HOOK_TAIL_SUMMARY] label=mpi:recursive_doubling_zfp_online_coll:rate8 steps=97 tail_total_ms=4889.748 tail_mean_ms=50.410 tail_min_ms=29.917 tail_max_ms=80.608
[Epoch 18] Hook timing summary done

[Epoch 19] Training... (lr at epoch start=0.002447)
  Batch [50/97] Loss: 0.9457, Acc: 65.84%, lr: 0.001353
[Epoch 19] Train Loss: 0.9478, Acc: 65.51%  |  Val Loss: 0.9246, Acc: 66.93%  |  Time: 17.5s
[Epoch 19] t_iter median: 115.00 ms  (fwd 30.46 | bwd+comm 78.20 | opt 5.55 | data 0.08)  |  train-only epoch: 11.3s
  -> Best model saved (66.93%)
[Epoch 19] Summarizing hook timing...

[HOOK_TIMING_SUMMARY] epoch=19
[HOOK_WORK_SUMMARY] label=mpi:recursive_doubling_zfp_online_coll:rate8 calls=776 work_total_ms=7005.395 work_mean_ms=9.028 work_min_ms=2.534 work_max_ms=54.015
[HOOK_TAIL_SUMMARY] label=mpi:recursive_doubling_zfp_online_coll:rate8 steps=97 tail_total_ms=4657.811 tail_mean_ms=48.019 tail_min_ms=29.314 tail_max_ms=80.485
[Epoch 19] Hook timing summary done

[Epoch 20] Training... (lr at epoch start=0.000616)
  Batch [50/97] Loss: 0.8992, Acc: 67.91%, lr: 0.000145
[Epoch 20] Train Loss: 0.9042, Acc: 67.61%  |  Val Loss: 0.9201, Acc: 67.19%  |  Time: 17.5s
[Epoch 20] t_iter median: 115.52 ms  (fwd 30.59 | bwd+comm 78.51 | opt 5.54 | data 0.08)  |  train-only epoch: 11.4s
  -> Best model saved (67.19%)
[Epoch 20] Summarizing hook timing...

[HOOK_TIMING_SUMMARY] epoch=20
[HOOK_WORK_SUMMARY] label=mpi:recursive_doubling_zfp_online_coll:rate8 calls=776 work_total_ms=7081.112 work_mean_ms=9.125 work_min_ms=2.608 work_max_ms=56.730
[HOOK_TAIL_SUMMARY] label=mpi:recursive_doubling_zfp_online_coll:rate8 steps=97 tail_total_ms=4588.097 tail_mean_ms=47.300 tail_min_ms=29.252 tail_max_ms=80.080
[Epoch 20] Hook timing summary done

================================================================================
Done in 379.9s | Best val acc: 67.19%
Epoch times (train+val): mean=17.5s  min=17.1s  max=19.6s
Train-only epoch time (epochs 2..N): median=11.32s  min=11.22s  max=11.37s
  -> use this for STRONG scaling (fixed global batch)
  -> use t_iter_median_ms from the CSV for WEAK scaling (fixed local batch)
================================================================================
=== Finished training: model=wide_resnet50_2, dataset=cifar10, batch=64, lr=0.1, scheduler=cosine, backend=mpi, hook=recursive_doubling_zfp_online_coll, zfp_rate=8, status=0 at Fri Jul 17 09:31:34 PM EDT 2026 ===
=== Job finished: Fri Jul 17 09:31:34 PM EDT 2026 ===
=== Starting: model=wide_resnet50_2, ws=8, bs=64, gb=512, lr=0.1, sched=cosine, warmup=0, mom=0.9, wd=5e-4, nesterov=true, wd_bn_bias=false, backend=mpi, hook=ring_zfp_online_coll, zfp=8 at Thu Jul 30 06:57:12 PM EDT 2026 ===
MIOPEN_USER_DB_PATH=/mnt/bb/matilderestelli/miopen_cache_5121715/miopen_db
MIOPEN_CUSTOM_CACHE_DIR=/mnt/bb/matilderestelli/miopen_cache_5121715/kernel_cache
drwxr-sr-x 2 matilderestelli gen243 103 Jul 14 05:38 /mnt/bb/matilderestelli/miopen_cache_5121715/miopen_db
==== GPU visibility debug (batch shell) ====
frontier08955
ROCR_VISIBLE_DEVICES=0,1,2,3,4,5,6,7
SLURM_JOB_GPUS=0,1,2,3,4,5,6,7
[37mROCk module version 6.16.13 is loaded[0m
=====================    
HSA System Attributes    
=====================    
Runtime Version:         1.18
Runtime Ext Version:     1.14
System Timestamp Freq.:  1000.000000MHz
Sig. Max Wait Duration:  18446744073709551615 (0xFFFFFFFFFFFFFFFF) (timestamp count)
Machine Model:           LARGE                              
System Endianness:       LITTLE                             
Mwaitx:                  DISABLED
XNACK enabled:           NO
DMAbuf Support:          YES
VMM Support:             YES

==========               
HSA Agents               
==========               
*******                  
Agent 1                  
*******                  
  Name:                    AMD EPYC 7A53 64-Core Processor    
  Uuid:                    CPU-XX                             
  Marketing Name:          AMD EPYC 7A53 64-Core Processor    
  Vendor Name:             CPU                                
  Feature:                 None specified                     
  Profile:                 FULL_PROFILE                       
  Float Round Mode:        NEAR                               
  Max Queue Number:        0(0x0)                             
  Queue Min Size:          0(0x0)                             

================================================================================
DISTRIBUTED TRAINING LAUNCHER
================================================================================
  Model:      wide_resnet50_2 (CIFAR stem) (from scratch)
  Dataset:    cifar10 (10 classes)
  Image size: 32
  LR:         0.1
  Momentum:   0.9 (nesterov=True)
  Optimizer:  sgd
  Weight dec: 0.0005 (on BN/bias=False)
  Backend:    mpi
  Algorithm:  ring_zfp_online_coll
  ZFP rate:   8
  Epochs:     10
  Batch/rank: 64
  LR:         0.1
  Scheduler:  cosine
  Warmup:     0
  Grad clip:  None
  Drop last:  True
  Data dir:   ./data
================================================================================


================================================================================
DISTRIBUTED TRAINING LAUNCHER
================================================================================
  Model:      wide_resnet50_2 (CIFAR stem) (from scratch)
  Dataset:    cifar10 (10 classes)
  Image size: 32
  LR:         0.1
  Momentum:   0.9 (nesterov=True)
  Optimizer:  sgd
  Weight dec: 0.0005 (on BN/bias=False)
  Backend:    mpi
  Algorithm:  ring_zfp_online_coll
  ZFP rate:   8
  Epochs:     10
  Batch/rank: 64
  LR:         0.1
  Scheduler:  cosine
  Warmup:     0
  Grad clip:  None
  Drop last:  True
  Data dir:   ./data
================================================================================


================================================================================
DISTRIBUTED TRAINING LAUNCHER
================================================================================
  Model:      wide_resnet50_2 (CIFAR stem) (from scratch)
  Dataset:    cifar10 (10 classes)
  Image size: 32
  LR:         0.1
  Momentum:   0.9 (nesterov=True)
  Optimizer:  sgd
  Weight dec: 0.0005 (on BN/bias=False)
  Backend:    mpi
  Algorithm:  ring_zfp_online_coll
  ZFP rate:   8
  Epochs:     10
  Batch/rank: 64
  LR:         0.1
  Scheduler:  cosine
  Warmup:     0
  Grad clip:  None
  Drop last:  True
  Data dir:   ./data
================================================================================


================================================================================
DISTRIBUTED TRAINING LAUNCHER
================================================================================
  Model:      wide_resnet50_2 (CIFAR stem) (from scratch)
  Dataset:    cifar10 (10 classes)
  Image size: 32
  LR:         0.1
  Momentum:   0.9 (nesterov=True)
  Optimizer:  sgd
  Weight dec: 0.0005 (on BN/bias=False)
  Backend:    mpi
  Algorithm:  ring_zfp_online_coll
  ZFP rate:   8
  Epochs:     10
  Batch/rank: 64
  LR:         0.1
  Scheduler:  cosine
  Warmup:     0
  Grad clip:  None
  Drop last:  True
  Data dir:   ./data
================================================================================


================================================================================
DISTRIBUTED TRAINING LAUNCHER
================================================================================
  Model:      wide_resnet50_2 (CIFAR stem) (from scratch)
  Dataset:    cifar10 (10 classes)
  Image size: 32
  LR:         0.1
  Momentum:   0.9 (nesterov=True)
  Optimizer:  sgd
  Weight dec: 0.0005 (on BN/bias=False)
  Backend:    mpi
  Algorithm:  ring_zfp_online_coll
  ZFP rate:   8
  Epochs:     10
  Batch/rank: 64
  LR:         0.1
  Scheduler:  cosine
  Warmup:     0
  Grad clip:  None
  Drop last:  True
  Data dir:   ./data
================================================================================


================================================================================
DISTRIBUTED TRAINING LAUNCHER
================================================================================
  Model:      wide_resnet50_2 (CIFAR stem) (from scratch)
  Dataset:    cifar10 (10 classes)
  Image size: 32
  LR:         0.1
  Momentum:   0.9 (nesterov=True)
  Optimizer:  sgd
  Weight dec: 0.0005 (on BN/bias=False)
  Backend:    mpi
  Algorithm:  ring_zfp_online_coll
  ZFP rate:   8
  Epochs:     10
  Batch/rank: 64
  LR:         0.1
  Scheduler:  cosine
  Warmup:     0
  Grad clip:  None
  Drop last:  True
  Data dir:   ./data
================================================================================


================================================================================
DISTRIBUTED TRAINING LAUNCHER
================================================================================
  Model:      wide_resnet50_2 (CIFAR stem) (from scratch)
  Dataset:    cifar10 (10 classes)
  Image size: 32
  LR:         0.1
  Momentum:   0.9 (nesterov=True)
  Optimizer:  sgd
  Weight dec: 0.0005 (on BN/bias=False)
  Backend:    mpi
  Algorithm:  ring_zfp_online_coll
  ZFP rate:   8
  Epochs:     10
  Batch/rank: 64
  LR:         0.1
  Scheduler:  cosine
  Warmup:     0
  Grad clip:  None
  Drop last:  True
  Data dir:   ./data
================================================================================


================================================================================
DISTRIBUTED TRAINING LAUNCHER
================================================================================
  Model:      wide_resnet50_2 (CIFAR stem) (from scratch)
  Dataset:    cifar10 (10 classes)
  Image size: 32
  LR:         0.1
  Momentum:   0.9 (nesterov=True)
  Optimizer:  sgd
  Weight dec: 0.0005 (on BN/bias=False)
  Backend:    mpi
  Algorithm:  ring_zfp_online_coll
  ZFP rate:   8
  Epochs:     10
  Batch/rank: 64
  LR:         0.1
  Scheduler:  cosine
  Warmup:     0
  Grad clip:  None
  Drop last:  True
  Data dir:   ./data
================================================================================


================================================================================
Distributed Training: WIDE_RESNET50_2 on CIFAR10
Backend: MPI, Algorithm: ring_zfp_online_coll
================================================================================
Ranks: 8, Epochs: 10, Batch/rank: 64, Effective batch: 512
LR: 0.1, Device: cuda:0

[Cache] Pretrained weights cache (TORCH_HOME) = /lustre/orion/gen243/proj-shared/matilderestelli/pretrained_weights_cache
[Setup] Model on cuda:0, wrapped in DDP (static_graph=True)
[Setup] Hook registered: mpi/ring_zfp_online_coll
[Optim] SGD: lr=0.1 momentum=0.9 nesterov=True wd=0.0005 wd_on_bn_bias=False
[Optim]   group 0: 66,778,816 params, wd=0.0005
[Optim]   group 1: 68,234 params, wd=0.0
[Data] Train batches: 97, Val batches: 157

[Sched] cosine: steps/epoch=97, total_steps=970, warmup_steps=0 (0 epochs)


[Epoch 1] Training... (lr at epoch start=0.100000)
  Batch [50/97] Loss: 6.4309, Acc: 10.75%, lr: 0.099346
[Epoch 1] Train Loss: 4.4231, Acc: 11.89%  |  Val Loss: 2.2636, Acc: 13.50%  |  Time: 37.0s
[Epoch 1] t_iter median: 135.08 ms  (fwd 24.38 | bwd+comm 105.28 | opt 5.33 | data 0.07)  |  train-only epoch: 32.8s
  -> Best model saved (13.50%)
[Epoch 1] Summarizing hook timing...

[HOOK_TIMING_SUMMARY] epoch=1
[HOOK_WORK_SUMMARY] label=mpi:ring_zfp_online_coll:rate8 calls=762 work_total_ms=11397.487 work_mean_ms=14.957 work_min_ms=6.613 work_max_ms=92.648
[HOOK_TAIL_SUMMARY] label=mpi:ring_zfp_online_coll:rate8 steps=98 tail_total_ms=7101.609 tail_mean_ms=72.465 tail_min_ms=49.870 tail_max_ms=103.607
[Epoch 1] Hook timing summary done

[Epoch 2] Training... (lr at epoch start=0.097553)
  Batch [50/97] Loss: 2.1495, Acc: 18.72%, lr: 0.094440
[Epoch 2] Train Loss: 2.0433, Acc: 21.59%  |  Val Loss: 1.8411, Acc: 27.77%  |  Time: 17.5s
[Epoch 2] t_iter median: 135.70 ms  (fwd 24.40 | bwd+comm 105.48 | opt 5.74 | data 0.07)  |  train-only epoch: 13.3s
  -> Best model saved (27.77%)
[Epoch 2] Summarizing hook timing...

[HOOK_TIMING_SUMMARY] epoch=2
[HOOK_WORK_SUMMARY] label=mpi:ring_zfp_online_coll:rate8 calls=776 work_total_ms=11467.831 work_mean_ms=14.778 work_min_ms=6.664 work_max_ms=68.506
[HOOK_TAIL_SUMMARY] label=mpi:ring_zfp_online_coll:rate8 steps=97 tail_total_ms=7228.217 tail_mean_ms=74.518 tail_min_ms=28.560 tail_max_ms=91.921
[Epoch 2] Hook timing summary done

[Epoch 3] Training... (lr at epoch start=0.090451)
  Batch [50/97] Loss: 1.8614, Acc: 29.31%, lr: 0.085183
[Epoch 3] Train Loss: 1.8283, Acc: 30.73%  |  Val Loss: 1.6980, Acc: 35.91%  |  Time: 17.5s
[Epoch 3] t_iter median: 135.67 ms  (fwd 24.43 | bwd+comm 105.45 | opt 5.65 | data 0.07)  |  train-only epoch: 13.2s
  -> Best model saved (35.91%)
[Epoch 3] Summarizing hook timing...

[HOOK_TIMING_SUMMARY] epoch=3
[HOOK_WORK_SUMMARY] label=mpi:ring_zfp_online_coll:rate8 calls=776 work_total_ms=11442.201 work_mean_ms=14.745 work_min_ms=6.695 work_max_ms=68.372
[HOOK_TAIL_SUMMARY] label=mpi:ring_zfp_online_coll:rate8 steps=97 tail_total_ms=7310.224 tail_mean_ms=75.363 tail_min_ms=28.384 tail_max_ms=86.004
[Epoch 3] Hook timing summary done

[Epoch 4] Training... (lr at epoch start=0.079389)
  Batch [50/97] Loss: 1.7397, Acc: 34.12%, lr: 0.072483
[Epoch 4] Train Loss: 1.7041, Acc: 36.34%  |  Val Loss: 1.6293, Acc: 40.22%  |  Time: 17.6s
[Epoch 4] t_iter median: 135.67 ms  (fwd 24.45 | bwd+comm 105.44 | opt 5.64 | data 0.07)  |  train-only epoch: 13.3s
  -> Best model saved (40.22%)
[Epoch 4] Summarizing hook timing...

[HOOK_TIMING_SUMMARY] epoch=4
[HOOK_WORK_SUMMARY] label=mpi:ring_zfp_online_coll:rate8 calls=776 work_total_ms=11509.474 work_mean_ms=14.832 work_min_ms=6.706 work_max_ms=68.742
[HOOK_TAIL_SUMMARY] label=mpi:ring_zfp_online_coll:rate8 steps=97 tail_total_ms=7298.565 tail_mean_ms=75.243 tail_min_ms=28.403 tail_max_ms=132.608
[Epoch 4] Hook timing summary done

[Epoch 5] Training... (lr at epoch start=0.065451)
  Batch [50/97] Loss: 1.5650, Acc: 41.62%, lr: 0.057582
[Epoch 5] Train Loss: 1.5243, Acc: 43.12%  |  Val Loss: 1.4414, Acc: 46.61%  |  Time: 17.5s
[Epoch 5] t_iter median: 135.58 ms  (fwd 24.47 | bwd+comm 105.24 | opt 5.76 | data 0.07)  |  train-only epoch: 13.2s
  -> Best model saved (46.61%)
[Epoch 5] Summarizing hook timing...

[HOOK_TIMING_SUMMARY] epoch=5
[HOOK_WORK_SUMMARY] label=mpi:ring_zfp_online_coll:rate8 calls=776 work_total_ms=11431.881 work_mean_ms=14.732 work_min_ms=6.696 work_max_ms=69.151
[HOOK_TAIL_SUMMARY] label=mpi:ring_zfp_online_coll:rate8 steps=97 tail_total_ms=7206.345 tail_mean_ms=74.292 tail_min_ms=28.736 tail_max_ms=85.956
[Epoch 5] Hook timing summary done

[Epoch 6] Training... (lr at epoch start=0.050000)
  Batch [50/97] Loss: 1.3796, Acc: 48.91%, lr: 0.041938
[Epoch 6] Train Loss: 1.3855, Acc: 48.26%  |  Val Loss: 1.2791, Acc: 53.38%  |  Time: 17.6s
[Epoch 6] t_iter median: 135.69 ms  (fwd 24.48 | bwd+comm 105.38 | opt 5.73 | data 0.08)  |  train-only epoch: 13.2s
  -> Best model saved (53.38%)
[Epoch 6] Summarizing hook timing...

[HOOK_TIMING_SUMMARY] epoch=6
[HOOK_WORK_SUMMARY] label=mpi:ring_zfp_online_coll:rate8 calls=776 work_total_ms=11424.479 work_mean_ms=14.722 work_min_ms=6.684 work_max_ms=68.065
[HOOK_TAIL_SUMMARY] label=mpi:ring_zfp_online_coll:rate8 steps=97 tail_total_ms=7085.550 tail_mean_ms=73.047 tail_min_ms=28.827 tail_max_ms=84.554
[Epoch 6] Hook timing summary done

[Epoch 7] Training... (lr at epoch start=0.034549)
  Batch [50/97] Loss: 1.2530, Acc: 54.72%, lr: 0.027084
[Epoch 7] Train Loss: 1.2478, Acc: 55.46%  |  Val Loss: 1.1797, Acc: 58.12%  |  Time: 17.6s
[Epoch 7] t_iter median: 135.63 ms  (fwd 24.50 | bwd+comm 105.28 | opt 5.75 | data 0.07)  |  train-only epoch: 13.2s
  -> Best model saved (58.12%)
[Epoch 7] Summarizing hook timing...

[HOOK_TIMING_SUMMARY] epoch=7
[HOOK_WORK_SUMMARY] label=mpi:ring_zfp_online_coll:rate8 calls=776 work_total_ms=11431.623 work_mean_ms=14.731 work_min_ms=6.696 work_max_ms=68.696
[HOOK_TAIL_SUMMARY] label=mpi:ring_zfp_online_coll:rate8 steps=97 tail_total_ms=7410.294 tail_mean_ms=76.395 tail_min_ms=30.998 tail_max_ms=85.766
[Epoch 7] Hook timing summary done

[Epoch 8] Training... (lr at epoch start=0.020611)
  Batch [50/97] Loss: 1.1431, Acc: 58.75%, lr: 0.014473
[Epoch 8] Train Loss: 1.1279, Acc: 59.81%  |  Val Loss: 1.0980, Acc: 60.32%  |  Time: 17.7s
[Epoch 8] t_iter median: 135.75 ms  (fwd 24.51 | bwd+comm 105.44 | opt 5.72 | data 0.07)  |  train-only epoch: 13.3s
  -> Best model saved (60.32%)
[Epoch 8] Summarizing hook timing...

[HOOK_TIMING_SUMMARY] epoch=8
[HOOK_WORK_SUMMARY] label=mpi:ring_zfp_online_coll:rate8 calls=776 work_total_ms=11529.520 work_mean_ms=14.858 work_min_ms=6.660 work_max_ms=68.664
[HOOK_TAIL_SUMMARY] label=mpi:ring_zfp_online_coll:rate8 steps=97 tail_total_ms=7233.047 tail_mean_ms=74.567 tail_min_ms=28.304 tail_max_ms=125.309
[Epoch 8] Hook timing summary done

[Epoch 9] Training... (lr at epoch start=0.009549)
  Batch [50/97] Loss: 1.0635, Acc: 61.84%, lr: 0.005340
[Epoch 9] Train Loss: 1.0477, Acc: 62.11%  |  Val Loss: 1.0138, Acc: 63.48%  |  Time: 17.6s
[Epoch 9] t_iter median: 135.65 ms  (fwd 24.52 | bwd+comm 105.38 | opt 5.68 | data 0.07)  |  train-only epoch: 13.2s
  -> Best model saved (63.48%)
[Epoch 9] Summarizing hook timing...

[HOOK_TIMING_SUMMARY] epoch=9
[HOOK_WORK_SUMMARY] label=mpi:ring_zfp_online_coll:rate8 calls=776 work_total_ms=11445.013 work_mean_ms=14.749 work_min_ms=6.680 work_max_ms=68.775
[HOOK_TAIL_SUMMARY] label=mpi:ring_zfp_online_coll:rate8 steps=97 tail_total_ms=7181.280 tail_mean_ms=74.034 tail_min_ms=27.028 tail_max_ms=86.196
[Epoch 9] Hook timing summary done

[Epoch 10] Training... (lr at epoch start=0.002447)
  Batch [50/97] Loss: 1.0456, Acc: 62.75%, lr: 0.000578
[Epoch 10] Train Loss: 1.0212, Acc: 62.87%  |  Val Loss: 0.9849, Acc: 64.62%  |  Time: 17.7s
[Epoch 10] t_iter median: 135.90 ms  (fwd 24.51 | bwd+comm 105.51 | opt 5.76 | data 0.08)  |  train-only epoch: 13.3s
  -> Best model saved (64.62%)
[Epoch 10] Summarizing hook timing...

[HOOK_TIMING_SUMMARY] epoch=10
[HOOK_WORK_SUMMARY] label=mpi:ring_zfp_online_coll:rate8 calls=776 work_total_ms=11445.205 work_mean_ms=14.749 work_min_ms=6.685 work_max_ms=68.919
[HOOK_TAIL_SUMMARY] label=mpi:ring_zfp_online_coll:rate8 steps=97 tail_total_ms=7322.222 tail_mean_ms=75.487 tail_min_ms=28.585 tail_max_ms=85.890
[Epoch 10] Hook timing summary done

================================================================================
Done in 209.6s | Best val acc: 64.62%
Epoch times (train+val): mean=19.5s  min=17.5s  max=37.0s
Train-only epoch time (epochs 2..N): median=13.24s  min=13.23s  max=13.34s
  -> use this for STRONG scaling (fixed global batch)
  -> use t_iter_median_ms from the CSV for WEAK scaling (fixed local batch)
================================================================================
=== Finished training: model=wide_resnet50_2, dataset=cifar10, batch=64, lr=0.1, scheduler=cosine, backend=mpi, hook=ring_zfp_online_coll, zfp_rate=8, status=0 at Thu Jul 30 07:00:49 PM EDT 2026 ===
=== Job finished: Thu Jul 30 07:00:49 PM EDT 2026 ===