=== Job started: Mon Jul 20 09:02:31 AM EDT 2026 ===
=== Node: frontier10349 ===
=== Copying golden cache from Lustre to local NVMe on  frontier10353  ===
=== Copying golden cache from Lustre to local NVMe on  frontier10365  ===
=== Copying golden cache from Lustre to local NVMe on  frontier10352  ===
=== Copying golden cache from Lustre to local NVMe on  frontier10349  ===
Using ENV_TARBALL=/lustre/orion/gen243/proj-shared/matilderestelli/pytorch/conda_env_torch_vision_20260701_hipfix.tar.gz
Using ENV_DIR=/mnt/bb/matilderestelli/torch_env
Deactivating conda environments
Deactivating conda environments
Deactivating conda environments
Deactivating conda environments
PyTorch: 2.14.0a0
Location: /mnt/bb/matilderestelli/torch_env/lib/python3.10/site-packages/torch/__init__.py
HIP available: True gpus: 8
MPI available: True
Deactivating conda environments
Deactivating conda environments
Deactivating conda environments
Deactivating conda environments
Deactivating conda environments
Deactivating conda environments
Deactivating conda environments
Deactivating conda environments
Deactivating conda environments
Deactivating conda environments
Deactivating conda environments
Deactivating conda environments
Deactivating conda environments
Deactivating conda environments
Deactivating conda environments
Deactivating conda environments
Deactivating conda environments
Deactivating conda environments
Deactivating conda environments
Deactivating conda environments
Deactivating conda environments
Deactivating conda environments
Deactivating conda environments
Deactivating conda environments
Deactivating conda environments
Deactivating conda environments
Deactivating conda environments
Deactivating conda environments
Deactivating conda environments
Deactivating conda environments
Deactivating conda environments
Deactivating conda environments
python 3.10.20 | packaged by conda-forge | (main, Jun 11 2026, 03:31:56) [GCC 14.3.0]
torchvision._C spec: ModuleSpec(name='torchvision._C', loader=<_frozen_importlib_external.ExtensionFileLoader object at 0x7fffed508850>, origin='/mnt/bb/matilderestelli/torch_env/lib/python3.10/site-packages/torchvision/_C.so')
origin: /mnt/bb/matilderestelli/torch_env/lib/python3.10/site-packages/torchvision/_C.so
python 3.10.20 | packaged by conda-forge | (main, Jun 11 2026, 03:31:56) [GCC 14.3.0]
torchvision._C spec: ModuleSpec(name='torchvision._C', loader=<_frozen_importlib_external.ExtensionFileLoader object at 0x7fffed508880>, origin='/mnt/bb/matilderestelli/torch_env/lib/python3.10/site-packages/torchvision/_C.so')
origin: /mnt/bb/matilderestelli/torch_env/lib/python3.10/site-packages/torchvision/_C.so
python 3.10.20 | packaged by conda-forge | (main, Jun 11 2026, 03:31:56) [GCC 14.3.0]
torchvision._C spec: ModuleSpec(name='torchvision._C', loader=<_frozen_importlib_external.ExtensionFileLoader object at 0x7fffed4c7df0>, origin='/mnt/bb/matilderestelli/torch_env/lib/python3.10/site-packages/torchvision/_C.so')
origin: /mnt/bb/matilderestelli/torch_env/lib/python3.10/site-packages/torchvision/_C.so
python 3.10.20 | packaged by conda-forge | (main, Jun 11 2026, 03:31:56) [GCC 14.3.0]
torchvision._C spec: ModuleSpec(name='torchvision._C', loader=<_frozen_importlib_external.ExtensionFileLoader object at 0x7fffed508880>, origin='/mnt/bb/matilderestelli/torch_env/lib/python3.10/site-packages/torchvision/_C.so')
origin: /mnt/bb/matilderestelli/torch_env/lib/python3.10/site-packages/torchvision/_C.so
python 3.10.20 | packaged by conda-forge | (main, Jun 11 2026, 03:31:56) [GCC 14.3.0]
torchvision._C spec: ModuleSpec(name='torchvision._C', loader=<_frozen_importlib_external.ExtensionFileLoader object at 0x7fffed508880>, origin='/mnt/bb/matilderestelli/torch_env/lib/python3.10/site-packages/torchvision/_C.so')
origin: /mnt/bb/matilderestelli/torch_env/lib/python3.10/site-packages/torchvision/_C.so
python 3.10.20 | packaged by conda-forge | (main, Jun 11 2026, 03:31:56) [GCC 14.3.0]
torchvision._C spec: ModuleSpec(name='torchvision._C', loader=<_frozen_importlib_external.ExtensionFileLoader object at 0x7fffed508880>, origin='/mnt/bb/matilderestelli/torch_env/lib/python3.10/site-packages/torchvision/_C.so')
origin: /mnt/bb/matilderestelli/torch_env/lib/python3.10/site-packages/torchvision/_C.so
python 3.10.20 | packaged by conda-forge | (main, Jun 11 2026, 03:31:56) [GCC 14.3.0]
torchvision._C spec: ModuleSpec(name='torchvision._C', loader=<_frozen_importlib_external.ExtensionFileLoader object at 0x7fffed508850>, origin='/mnt/bb/matilderestelli/torch_env/lib/python3.10/site-packages/torchvision/_C.so')
origin: /mnt/bb/matilderestelli/torch_env/lib/python3.10/site-packages/torchvision/_C.so
python 3.10.20 | packaged by conda-forge | (main, Jun 11 2026, 03:31:56) [GCC 14.3.0]
torchvision._C spec: ModuleSpec(name='torchvision._C', loader=<_frozen_importlib_external.ExtensionFileLoader object at 0x7fffed508850>, origin='/mnt/bb/matilderestelli/torch_env/lib/python3.10/site-packages/torchvision/_C.so')
origin: /mnt/bb/matilderestelli/torch_env/lib/python3.10/site-packages/torchvision/_C.so
python 3.10.20 | packaged by conda-forge | (main, Jun 11 2026, 03:31:56) [GCC 14.3.0]
torchvision._C spec: ModuleSpec(name='torchvision._C', loader=<_frozen_importlib_external.ExtensionFileLoader object at 0x7fffed5088b0>, origin='/mnt/bb/matilderestelli/torch_env/lib/python3.10/site-packages/torchvision/_C.so')
origin: /mnt/bb/matilderestelli/torch_env/lib/python3.10/site-packages/torchvision/_C.so
python 3.10.20 | packaged by conda-forge | (main, Jun 11 2026, 03:31:56) [GCC 14.3.0]
torchvision._C spec: ModuleSpec(name='torchvision._C', loader=<_frozen_importlib_external.ExtensionFileLoader object at 0x7fffed5088b0>, origin='/mnt/bb/matilderestelli/torch_env/lib/python3.10/site-packages/torchvision/_C.so')
origin: /mnt/bb/matilderestelli/torch_env/lib/python3.10/site-packages/torchvision/_C.so
python 3.10.20 | packaged by conda-forge | (main, Jun 11 2026, 03:31:56) [GCC 14.3.0]
torchvision._C spec: ModuleSpec(name='torchvision._C', loader=<_frozen_importlib_external.ExtensionFileLoader object at 0x7fffed508820>, origin='/mnt/bb/matilderestelli/torch_env/lib/python3.10/site-packages/torchvision/_C.so')
origin: /mnt/bb/matilderestelli/torch_env/lib/python3.10/site-packages/torchvision/_C.so
python 3.10.20 | packaged by conda-forge | (main, Jun 11 2026, 03:31:56) [GCC 14.3.0]
torchvision._C spec: ModuleSpec(name='torchvision._C', loader=<_frozen_importlib_external.ExtensionFileLoader object at 0x7fffed508850>, origin='/mnt/bb/matilderestelli/torch_env/lib/python3.10/site-packages/torchvision/_C.so')
origin: /mnt/bb/matilderestelli/torch_env/lib/python3.10/site-packages/torchvision/_C.so
python 3.10.20 | packaged by conda-forge | (main, Jun 11 2026, 03:31:56) [GCC 14.3.0]
torchvision._C spec: ModuleSpec(name='torchvision._C', loader=<_frozen_importlib_external.ExtensionFileLoader object at 0x7ffee83e7100>, origin='/mnt/bb/matilderestelli/torch_env/lib/python3.10/site-packages/torchvision/_C.so')
origin: /mnt/bb/matilderestelli/torch_env/lib/python3.10/site-packages/torchvision/_C.so
python 3.10.20 | packaged by conda-forge | (main, Jun 11 2026, 03:31:56) [GCC 14.3.0]
torchvision._C spec: ModuleSpec(name='torchvision._C', loader=<_frozen_importlib_external.ExtensionFileLoader object at 0x7fffed5088e0>, origin='/mnt/bb/matilderestelli/torch_env/lib/python3.10/site-packages/torchvision/_C.so')
origin: /mnt/bb/matilderestelli/torch_env/lib/python3.10/site-packages/torchvision/_C.so
python 3.10.20 | packaged by conda-forge | (main, Jun 11 2026, 03:31:56) [GCC 14.3.0]
torchvision._C spec: ModuleSpec(name='torchvision._C', loader=<_frozen_importlib_external.ExtensionFileLoader object at 0x7fffed5088e0>, origin='/mnt/bb/matilderestelli/torch_env/lib/python3.10/site-packages/torchvision/_C.so')
origin: /mnt/bb/matilderestelli/torch_env/lib/python3.10/site-packages/torchvision/_C.so
python 3.10.20 | packaged by conda-forge | (main, Jun 11 2026, 03:31:56) [GCC 14.3.0]
torchvision._C spec: ModuleSpec(name='torchvision._C', loader=<_frozen_importlib_external.ExtensionFileLoader object at 0x7fffed5088e0>, origin='/mnt/bb/matilderestelli/torch_env/lib/python3.10/site-packages/torchvision/_C.so')
origin: /mnt/bb/matilderestelli/torch_env/lib/python3.10/site-packages/torchvision/_C.so
python 3.10.20 | packaged by conda-forge | (main, Jun 11 2026, 03:31:56) [GCC 14.3.0]
torchvision._C spec: ModuleSpec(name='torchvision._C', loader=<_frozen_importlib_external.ExtensionFileLoader object at 0x7ffee81008b0>, origin='/mnt/bb/matilderestelli/torch_env/lib/python3.10/site-packages/torchvision/_C.so')
origin: /mnt/bb/matilderestelli/torch_env/lib/python3.10/site-packages/torchvision/_C.so
python 3.10.20 | packaged by conda-forge | (main, Jun 11 2026, 03:31:56) [GCC 14.3.0]
torchvision._C spec: ModuleSpec(name='torchvision._C', loader=<_frozen_importlib_external.ExtensionFileLoader object at 0x7fffed5088b0>, origin='/mnt/bb/matilderestelli/torch_env/lib/python3.10/site-packages/torchvision/_C.so')
origin: /mnt/bb/matilderestelli/torch_env/lib/python3.10/site-packages/torchvision/_C.so
python 3.10.20 | packaged by conda-forge | (main, Jun 11 2026, 03:31:56) [GCC 14.3.0]
torchvision._C spec: ModuleSpec(name='torchvision._C', loader=<_frozen_importlib_external.ExtensionFileLoader object at 0x7fffed5088b0>, origin='/mnt/bb/matilderestelli/torch_env/lib/python3.10/site-packages/torchvision/_C.so')
origin: /mnt/bb/matilderestelli/torch_env/lib/python3.10/site-packages/torchvision/_C.so
python 3.10.20 | packaged by conda-forge | (main, Jun 11 2026, 03:31:56) [GCC 14.3.0]
torchvision._C spec: ModuleSpec(name='torchvision._C', loader=<_frozen_importlib_external.ExtensionFileLoader object at 0x7fffed5088b0>, origin='/mnt/bb/matilderestelli/torch_env/lib/python3.10/site-packages/torchvision/_C.so')
origin: /mnt/bb/matilderestelli/torch_env/lib/python3.10/site-packages/torchvision/_C.so
python 3.10.20 | packaged by conda-forge | (main, Jun 11 2026, 03:31:56) [GCC 14.3.0]
torchvision._C spec: ModuleSpec(name='torchvision._C', loader=<_frozen_importlib_external.ExtensionFileLoader object at 0x7fffed4c7e80>, origin='/mnt/bb/matilderestelli/torch_env/lib/python3.10/site-packages/torchvision/_C.so')
origin: /mnt/bb/matilderestelli/torch_env/lib/python3.10/site-packages/torchvision/_C.so
python 3.10.20 | packaged by conda-forge | (main, Jun 11 2026, 03:31:56) [GCC 14.3.0]
torchvision._C spec: ModuleSpec(name='torchvision._C', loader=<_frozen_importlib_external.ExtensionFileLoader object at 0x7fffed5088e0>, origin='/mnt/bb/matilderestelli/torch_env/lib/python3.10/site-packages/torchvision/_C.so')
origin: /mnt/bb/matilderestelli/torch_env/lib/python3.10/site-packages/torchvision/_C.so
python 3.10.20 | packaged by conda-forge | (main, Jun 11 2026, 03:31:56) [GCC 14.3.0]
torchvision._C spec: ModuleSpec(name='torchvision._C', loader=<_frozen_importlib_external.ExtensionFileLoader object at 0x7fffed5088b0>, origin='/mnt/bb/matilderestelli/torch_env/lib/python3.10/site-packages/torchvision/_C.so')
origin: /mnt/bb/matilderestelli/torch_env/lib/python3.10/site-packages/torchvision/_C.so
python 3.10.20 | packaged by conda-forge | (main, Jun 11 2026, 03:31:56) [GCC 14.3.0]
torchvision._C spec: ModuleSpec(name='torchvision._C', loader=<_frozen_importlib_external.ExtensionFileLoader object at 0x7fffed5088e0>, origin='/mnt/bb/matilderestelli/torch_env/lib/python3.10/site-packages/torchvision/_C.so')
origin: /mnt/bb/matilderestelli/torch_env/lib/python3.10/site-packages/torchvision/_C.so
python 3.10.20 | packaged by conda-forge | (main, Jun 11 2026, 03:31:56) [GCC 14.3.0]
torchvision._C spec: ModuleSpec(name='torchvision._C', loader=<_frozen_importlib_external.ExtensionFileLoader object at 0x7fffed5088b0>, origin='/mnt/bb/matilderestelli/torch_env/lib/python3.10/site-packages/torchvision/_C.so')
origin: /mnt/bb/matilderestelli/torch_env/lib/python3.10/site-packages/torchvision/_C.so
python 3.10.20 | packaged by conda-forge | (main, Jun 11 2026, 03:31:56) [GCC 14.3.0]
torchvision._C spec: ModuleSpec(name='torchvision._C', loader=<_frozen_importlib_external.ExtensionFileLoader object at 0x7fffed5088e0>, origin='/mnt/bb/matilderestelli/torch_env/lib/python3.10/site-packages/torchvision/_C.so')
origin: /mnt/bb/matilderestelli/torch_env/lib/python3.10/site-packages/torchvision/_C.so
python 3.10.20 | packaged by conda-forge | (main, Jun 11 2026, 03:31:56) [GCC 14.3.0]
torchvision._C spec: ModuleSpec(name='torchvision._C', loader=<_frozen_importlib_external.ExtensionFileLoader object at 0x7ffee4c1df00>, origin='/mnt/bb/matilderestelli/torch_env/lib/python3.10/site-packages/torchvision/_C.so')
origin: /mnt/bb/matilderestelli/torch_env/lib/python3.10/site-packages/torchvision/_C.so
python 3.10.20 | packaged by conda-forge | (main, Jun 11 2026, 03:31:56) [GCC 14.3.0]
torchvision._C spec: ModuleSpec(name='torchvision._C', loader=<_frozen_importlib_external.ExtensionFileLoader object at 0x7ffee4d1b1f0>, origin='/mnt/bb/matilderestelli/torch_env/lib/python3.10/site-packages/torchvision/_C.so')
origin: /mnt/bb/matilderestelli/torch_env/lib/python3.10/site-packages/torchvision/_C.so
python 3.10.20 | packaged by conda-forge | (main, Jun 11 2026, 03:31:56) [GCC 14.3.0]
torchvision._C spec: ModuleSpec(name='torchvision._C', loader=<_frozen_importlib_external.ExtensionFileLoader object at 0x7ffee84bedd0>, origin='/mnt/bb/matilderestelli/torch_env/lib/python3.10/site-packages/torchvision/_C.so')
origin: /mnt/bb/matilderestelli/torch_env/lib/python3.10/site-packages/torchvision/_C.so
python 3.10.20 | packaged by conda-forge | (main, Jun 11 2026, 03:31:56) [GCC 14.3.0]
torchvision._C spec: ModuleSpec(name='torchvision._C', loader=<_frozen_importlib_external.ExtensionFileLoader object at 0x7fffed4c7e80>, origin='/mnt/bb/matilderestelli/torch_env/lib/python3.10/site-packages/torchvision/_C.so')
origin: /mnt/bb/matilderestelli/torch_env/lib/python3.10/site-packages/torchvision/_C.so
python 3.10.20 | packaged by conda-forge | (main, Jun 11 2026, 03:31:56) [GCC 14.3.0]
torchvision._C spec: ModuleSpec(name='torchvision._C', loader=<_frozen_importlib_external.ExtensionFileLoader object at 0x7fffed5088b0>, origin='/mnt/bb/matilderestelli/torch_env/lib/python3.10/site-packages/torchvision/_C.so')
origin: /mnt/bb/matilderestelli/torch_env/lib/python3.10/site-packages/torchvision/_C.so
python 3.10.20 | packaged by conda-forge | (main, Jun 11 2026, 03:31:56) [GCC 14.3.0]
torchvision._C spec: ModuleSpec(name='torchvision._C', loader=<_frozen_importlib_external.ExtensionFileLoader object at 0x7fffed5088b0>, origin='/mnt/bb/matilderestelli/torch_env/lib/python3.10/site-packages/torchvision/_C.so')
origin: /mnt/bb/matilderestelli/torch_env/lib/python3.10/site-packages/torchvision/_C.so
-rwxr-xr-x 1 matilderestelli matilderestelli 1495168 Jun 26 11:13 /mnt/bb/matilderestelli/torch_env/lib/python3.10/site-packages/torchvision/_C.so
-rwxr-xr-x 1 matilderestelli matilderestelli 1495168 Jun 26 11:13 /mnt/bb/matilderestelli/torch_env/lib/python3.10/site-packages/torchvision/_C.so
torchvision package dir: /mnt/bb/matilderestelli/torch_env/lib/python3.10/site-packages/torchvision
C candidates: [PosixPath('/mnt/bb/matilderestelli/torch_env/lib/python3.10/site-packages/torchvision/_C.so')]
torchvision package dir: /mnt/bb/matilderestelli/torch_env/lib/python3.10/site-packages/torchvision
C candidates: [PosixPath('/mnt/bb/matilderestelli/torch_env/lib/python3.10/site-packages/torchvision/_C.so')]
=== Starting: model=wide_resnet50_2, ws=32, bs=16, gb=512, lr=0.1, sched=cosine, warmup=0, mom=0.9, wd=5e-4, nesterov=true, wd_bn_bias=false, backend=mpi, hook=none, zfp=none at Mon Jul 20 09:03:26 AM EDT 2026 ===
MIOPEN_USER_DB_PATH=/mnt/bb/matilderestelli/miopen_cache_5035615/miopen_db
MIOPEN_CUSTOM_CACHE_DIR=/mnt/bb/matilderestelli/miopen_cache_5035615/kernel_cache
drwxr-sr-x 2 matilderestelli gen243 103 Jul 14 05:38 /mnt/bb/matilderestelli/miopen_cache_5035615/miopen_db
==== GPU visibility debug (batch shell) ====
frontier10349
ROCR_VISIBLE_DEVICES=0,1,2,3,4,5,6,7
SLURM_JOB_GPUS=0,1,2,3,4,5,6,7
[37mROCk module version 6.16.13 is loaded[0m
=====================    
HSA System Attributes    
=====================    
Runtime Version:         1.18
Runtime Ext Version:     1.14
System Timestamp Freq.:  1000.000000MHz
Sig. Max Wait Duration:  18446744073709551615 (0xFFFFFFFFFFFFFFFF) (timestamp count)
Machine Model:           LARGE                              
System Endianness:       LITTLE                             
Mwaitx:                  DISABLED
XNACK enabled:           NO
DMAbuf Support:          YES
VMM Support:             YES

==========               
HSA Agents               
==========               
*******                  
Agent 1                  
*******                  
  Name:                    AMD EPYC 7A53 64-Core Processor    
  Uuid:                    CPU-XX                             
  Marketing Name:          AMD EPYC 7A53 64-Core Processor    
  Vendor Name:             CPU                                
  Feature:                 None specified                     
  Profile:                 FULL_PROFILE                       
  Float Round Mode:        NEAR                               
  Max Queue Number:        0(0x0)                             
  Queue Min Size:          0(0x0)                             

================================================================================
DISTRIBUTED TRAINING LAUNCHER
================================================================================
  Model:      wide_resnet50_2 (CIFAR stem) (from scratch)
  Dataset:    cifar10 (10 classes)
  Image size: 32
  LR:         0.1
  Momentum:   0.9 (nesterov=True)
  Optimizer:  sgd
  Weight dec: 0.0005 (on BN/bias=False)
  Backend:    mpi
  Algorithm:  built-in (no hook)
  Epochs:     20
  Batch/rank: 16
  LR:         0.1
  Scheduler:  cosine
  Warmup:     0
  Grad clip:  None
  Drop last:  True
  Data dir:   ./data

================================================================================
DISTRIBUTED TRAINING LAUNCHER
================================================================================
  Model:      wide_resnet50_2 (CIFAR stem) (from scratch)
  Dataset:    cifar10 (10 classes)
  Image size: 32
  LR:         0.1
  Momentum:   0.9 (nesterov=True)
  Optimizer:  sgd
  Weight dec: 0.0005 (on BN/bias=False)
  Backend:    mpi
  Algorithm:  built-in (no hook)
  Epochs:     20
  Batch/rank: 16
  LR:         0.1
  Scheduler:  cosine
  Warmup:     0
  Grad clip:  None
  Drop last:  True
  Data dir:   ./data
================================================================================


================================================================================
DISTRIBUTED TRAINING LAUNCHER
================================================================================
  Model:      wide_resnet50_2 (CIFAR stem) (from scratch)
  Dataset:    cifar10 (10 classes)
  Image size: 32
  LR:         0.1
  Momentum:   0.9 (nesterov=True)
  Optimizer:  sgd
  Weight dec: 0.0005 (on BN/bias=False)
  Backend:    mpi
  Algorithm:  built-in (no hook)
  Epochs:     20
  Batch/rank: 16
  LR:         0.1
  Scheduler:  cosine
  Warmup:     0
  Grad clip:  None
  Drop last:  True
  Data dir:   ./data
================================================================================


================================================================================
DISTRIBUTED TRAINING LAUNCHER
================================================================================
  Model:      wide_resnet50_2 (CIFAR stem) (from scratch)
  Dataset:    cifar10 (10 classes)
  Image size: 32
  LR:         0.1
  Momentum:   0.9 (nesterov=True)
  Optimizer:  sgd
  Weight dec: 0.0005 (on BN/bias=False)
  Backend:    mpi
  Algorithm:  built-in (no hook)
  Epochs:     20
  Batch/rank: 16
  LR:         0.1
  Scheduler:  cosine
  Warmup:     0
  Grad clip:  None
  Drop last:  True
  Data dir:   ./data
================================================================================


================================================================================
DISTRIBUTED TRAINING LAUNCHER
================================================================================
  Model:      wide_resnet50_2 (CIFAR stem) (from scratch)
  Dataset:    cifar10 (10 classes)
  Image size: 32
  LR:         0.1
  Momentum:   0.9 (nesterov=True)
  Optimizer:  sgd
  Weight dec: 0.0005 (on BN/bias=False)
  Backend:    mpi
  Algorithm:  built-in (no hook)
  Epochs:     20
  Batch/rank: 16
  LR:         0.1
  Scheduler:  cosine
  Warmup:     0
  Grad clip:  None
  Drop last:  True
  Data dir:   ./data
================================================================================

================================================================================


================================================================================
DISTRIBUTED TRAINING LAUNCHER
================================================================================
  Model:      wide_resnet50_2 (CIFAR stem) (from scratch)
  Dataset:    cifar10 (10 classes)
  Image size: 32
  LR:         0.1
  Momentum:   0.9 (nesterov=True)
  Optimizer:  sgd
  Weight dec: 0.0005 (on BN/bias=False)
  Backend:    mpi
  Algorithm:  built-in (no hook)
  Epochs:     20
  Batch/rank: 16
  LR:         0.1
  Scheduler:  cosine
  Warmup:     0
  Grad clip:  None
  Drop last:  True
  Data dir:   ./data
================================================================================


================================================================================
DISTRIBUTED TRAINING LAUNCHER
================================================================================
  Model:      wide_resnet50_2 (CIFAR stem) (from scratch)
  Dataset:    cifar10 (10 classes)
  Image size: 32
  LR:         0.1
  Momentum:   0.9 (nesterov=True)
  Optimizer:  sgd
  Weight dec: 0.0005 (on BN/bias=False)
  Backend:    mpi

================================================================================
DISTRIBUTED TRAINING LAUNCHER
================================================================================
  Model:      wide_resnet50_2 (CIFAR stem) (from scratch)
  Dataset:    cifar10 (10 classes)
  Image size: 32
  LR:         0.1
  Momentum:   0.9 (nesterov=True)
  Optimizer:  sgd
  Weight dec: 0.0005 (on BN/bias=False)
  Backend:    mpi
  Algorithm:  built-in (no hook)
  Epochs:     20
  Batch/rank: 16
  LR:         0.1
  Scheduler:  cosine
  Warmup:     0
  Grad clip:  None
  Drop last:  True
  Data dir:   ./data
================================================================================


================================================================================
DISTRIBUTED TRAINING LAUNCHER
================================================================================
  Model:      wide_resnet50_2 (CIFAR stem) (from scratch)
  Dataset:    cifar10 (10 classes)
  Image size: 32
  LR:         0.1
  Momentum:   0.9 (nesterov=True)
  Optimizer:  sgd
  Weight dec: 0.0005 (on BN/bias=False)
  Backend:    mpi
  Algorithm:  built-in (no hook)
  Epochs:     20
  Batch/rank: 16
  LR:         0.1
  Scheduler:  cosine
  Warmup:     0
  Grad clip:  None
  Drop last:  True
  Data dir:   ./data
================================================================================

  Algorithm:  built-in (no hook)
  Epochs:     20
  Batch/rank: 16
  LR:         0.1
  Scheduler:  cosine
  Warmup:     0
  Grad clip:  None
  Drop last:  True
  Data dir:   ./data
================================================================================


================================================================================
DISTRIBUTED TRAINING LAUNCHER
================================================================================
  Model:      wide_resnet50_2 (CIFAR stem) (from scratch)
  Dataset:    cifar10 (10 classes)
  Image size: 32
  LR:         0.1
  Momentum:   0.9 (nesterov=True)
  Optimizer:  sgd
  Weight dec: 0.0005 (on BN/bias=False)
  Backend:    mpi
  Algorithm:  built-in (no hook)
  Epochs:     20
  Batch/rank: 16
  LR:         0.1
  Scheduler:  cosine
  Warmup:     0
  Grad clip:  None
  Drop last:  True
  Data dir:   ./data
================================================================================


================================================================================
DISTRIBUTED TRAINING LAUNCHER
================================================================================
  Model:      wide_resnet50_2 (CIFAR stem) (from scratch)
  Dataset:    cifar10 (10 classes)
  Image size: 32
  LR:         0.1
  Momentum:   0.9 (nesterov=True)
  Optimizer:  sgd
  Weight dec: 0.0005 (on BN/bias=False)
  Backend:    mpi
  Algorithm:  built-in (no hook)
  Epochs:     20
  Batch/rank: 16
  LR:         0.1
  Scheduler:  cosine
  Warmup:     0
  Grad clip:  None
  Drop last:  True
  Data dir:   ./data
================================================================================


================================================================================
DISTRIBUTED TRAINING LAUNCHER
================================================================================
  Model:      wide_resnet50_2 (CIFAR stem) (from scratch)
  Dataset:    cifar10 (10 classes)
  Image size: 32
  LR:         0.1
  Momentum:   0.9 (nesterov=True)
  Optimizer:  sgd
  Weight dec: 0.0005 (on BN/bias=False)
  Backend:    mpi
  Algorithm:  built-in (no hook)
  Epochs:     20
  Batch/rank: 16
  LR:         0.1
  Scheduler:  cosine
  Warmup:     0
  Grad clip:  None
  Drop last:  True
  Data dir:   ./data
================================================================================


================================================================================
DISTRIBUTED TRAINING LAUNCHER
================================================================================
  Model:      wide_resnet50_2 (CIFAR stem) (from scratch)
  Dataset:    cifar10 (10 classes)
  Image size: 32
  LR:         0.1
  Momentum:   0.9 (nesterov=True)
  Optimizer:  sgd
  Weight dec: 0.0005 (on BN/bias=False)
  Backend:    mpi
  Algorithm:  built-in (no hook)
  Epochs:     20
  Batch/rank: 16
  LR:         0.1
  Scheduler:  cosine
  Warmup:     0
  Grad clip:  None
  Drop last:  True
  Data dir:   ./data
================================================================================


================================================================================
DISTRIBUTED TRAINING LAUNCHER
================================================================================
  Model:      wide_resnet50_2 (CIFAR stem) (from scratch)
  Dataset:    cifar10 (10 classes)
  Image size: 32
  LR:         0.1
  Momentum:   0.9 (nesterov=True)
  Optimizer:  sgd
  Weight dec: 0.0005 (on BN/bias=False)
  Backend:    mpi
  Algorithm:  built-in (no hook)
  Epochs:     20
  Batch/rank: 16
  LR:         0.1
  Scheduler:  cosine
  Warmup:     0
  Grad clip:  None
  Drop last:  True
  Data dir:   ./data
================================================================================


================================================================================
DISTRIBUTED TRAINING LAUNCHER
================================================================================
  Model:      wide_resnet50_2 (CIFAR stem) (from scratch)
  Dataset:    cifar10 (10 classes)
  Image size: 32
  LR:         0.1
  Momentum:   0.9 (nesterov=True)
  Optimizer:  sgd
  Weight dec: 0.0005 (on BN/bias=False)
  Backend:    mpi
  Algorithm:  built-in (no hook)
  Epochs:     20
  Batch/rank: 16
  LR:         0.1
  Scheduler:  cosine
  Warmup:     0
  Grad clip:  None
  Drop last:  True
  Data dir:   ./data
================================================================================


================================================================================
DISTRIBUTED TRAINING LAUNCHER
================================================================================
  Model:      wide_resnet50_2 (CIFAR stem) (from scratch)
  Dataset:    cifar10 (10 classes)
  Image size: 32
  LR:         0.1
  Momentum:   0.9 (nesterov=True)
  Optimizer:  sgd
  Weight dec: 0.0005 (on BN/bias=False)
  Backend:    mpi
  Algorithm:  built-in (no hook)
  Epochs:     20
  Batch/rank: 16
  LR:         0.1
  Scheduler:  cosine
  Warmup:     0
  Grad clip:  None
  Drop last:  True
  Data dir:   ./data
================================================================================


================================================================================
DISTRIBUTED TRAINING LAUNCHER
================================================================================
  Model:      wide_resnet50_2 (CIFAR stem) (from scratch)
  Dataset:    cifar10 (10 classes)
  Image size: 32
  LR:         0.1
  Momentum:   0.9 (nesterov=True)
  Optimizer:  sgd
  Weight dec: 0.0005 (on BN/bias=False)
  Backend:    mpi
  Algorithm:  built-in (no hook)
  Epochs:     20
  Batch/rank: 16
  LR:         0.1
  Scheduler:  cosine
  Warmup:     0
  Grad clip:  None
  Drop last:  True
  Data dir:   ./data
================================================================================


================================================================================
DISTRIBUTED TRAINING LAUNCHER
================================================================================

================================================================================
DISTRIBUTED TRAINING LAUNCHER
================================================================================
  Model:      wide_resnet50_2 (CIFAR stem) (from scratch)
  Dataset:    cifar10 (10 classes)
  Image size: 32
  LR:         0.1
  Momentum:   0.9 (nesterov=True)
  Optimizer:  sgd
  Weight dec: 0.0005 (on BN/bias=False)
  Backend:    mpi
  Algorithm:  built-in (no hook)
  Epochs:     20
  Batch/rank: 16
  LR:         0.1
  Scheduler:  cosine
  Warmup:     0
  Grad clip:  None
  Drop last:  True
  Data dir:   ./data
================================================================================

  Model:      wide_resnet50_2 (CIFAR stem) (from scratch)
  Dataset:    cifar10 (10 classes)
  Image size: 32
  LR:         0.1
  Momentum:   0.9 (nesterov=True)
  Optimizer:  sgd
  Weight dec: 0.0005 (on BN/bias=False)
  Backend:    mpi
  Algorithm:  built-in (no hook)
  Epochs:     20
  Batch/rank: 16
  LR:         0.1
  Scheduler:  cosine
  Warmup:     0
  Grad clip:  None
  Drop last:  True
  Data dir:   ./data
================================================================================


================================================================================
DISTRIBUTED TRAINING LAUNCHER
================================================================================
  Model:      wide_resnet50_2 (CIFAR stem) (from scratch)
  Dataset:    cifar10 (10 classes)
  Image size: 32
  LR:         0.1
  Momentum:   0.9 (nesterov=True)
  Optimizer:  sgd
  Weight dec: 0.0005 (on BN/bias=False)
  Backend:    mpi
  Algorithm:  built-in (no hook)
  Epochs:     20
  Batch/rank: 16
  LR:         0.1
  Scheduler:  cosine
  Warmup:     0
  Grad clip:  None
  Drop last:  True
  Data dir:   ./data
================================================================================


================================================================================
DISTRIBUTED TRAINING LAUNCHER
================================================================================
  Model:      wide_resnet50_2 (CIFAR stem) (from scratch)
  Dataset:    cifar10 (10 classes)
  Image size: 32
  LR:         0.1
  Momentum:   0.9 (nesterov=True)
  Optimizer:  sgd
  Weight dec: 0.0005 (on BN/bias=False)
  Backend:    mpi
  Algorithm:  built-in (no hook)
  Epochs:     20
  Batch/rank: 16
  LR:         0.1
  Scheduler:  cosine
  Warmup:     0
  Grad clip:  None
  Drop last:  True
  Data dir:   ./data
================================================================================


================================================================================
DISTRIBUTED TRAINING LAUNCHER
================================================================================
  Model:      wide_resnet50_2 (CIFAR stem) (from scratch)

================================================================================
DISTRIBUTED TRAINING LAUNCHER
================================================================================
  Model:      wide_resnet50_2 (CIFAR stem) (from scratch)
  Dataset:    cifar10 (10 classes)
  Image size: 32
  LR:         0.1
  Momentum:   0.9 (nesterov=True)
  Optimizer:  sgd
  Weight dec: 0.0005 (on BN/bias=False)
  Backend:    mpi
  Algorithm:  built-in (no hook)
  Epochs:     20
  Batch/rank: 16
  LR:         0.1
  Scheduler:  cosine
  Warmup:     0
  Grad clip:  None
  Drop last:  True
  Data dir:   ./data
================================================================================

  Dataset:    cifar10 (10 classes)
  Image size: 32
  LR:         0.1
  Momentum:   0.9 (nesterov=True)
  Optimizer:  sgd
  Weight dec: 0.0005 (on BN/bias=False)
  Backend:    mpi
  Algorithm:  built-in (no hook)
  Epochs:     20
  Batch/rank: 16
  LR:         0.1
  Scheduler:  cosine
  Warmup:     0
  Grad clip:  None
  Drop last:  True
  Data dir:   ./data
================================================================================


================================================================================
DISTRIBUTED TRAINING LAUNCHER
================================================================================
  Model:      wide_resnet50_2 (CIFAR stem) (from scratch)
  Dataset:    cifar10 (10 classes)
  Image size: 32
  LR:         0.1
  Momentum:   0.9 (nesterov=True)
  Optimizer:  sgd
  Weight dec: 0.0005 (on BN/bias=False)
  Backend:    mpi
  Algorithm:  built-in (no hook)
  Epochs:     20
  Batch/rank: 16
  LR:         0.1
  Scheduler:  cosine
  Warmup:     0
  Grad clip:  None
  Drop last:  True
  Data dir:   ./data
================================================================================


================================================================================
DISTRIBUTED TRAINING LAUNCHER
================================================================================
  Model:      wide_resnet50_2 (CIFAR stem) (from scratch)
  Dataset:    cifar10 (10 classes)
  Image size: 32
  LR:         0.1
  Momentum:   0.9 (nesterov=True)

================================================================================
DISTRIBUTED TRAINING LAUNCHER
================================================================================
  Model:      wide_resnet50_2 (CIFAR stem) (from scratch)
  Dataset:    cifar10 (10 classes)
  Image size: 32
  LR:         0.1
  Momentum:   0.9 (nesterov=True)
  Optimizer:  sgd
  Weight dec: 0.0005 (on BN/bias=False)
  Backend:    mpi
  Algorithm:  built-in (no hook)
  Epochs:     20
  Batch/rank: 16
  LR:         0.1
  Scheduler:  cosine
  Warmup:     0
  Grad clip:  None
  Drop last:  True
  Data dir:   ./data
================================================================================


================================================================================
DISTRIBUTED TRAINING LAUNCHER
================================================================================
  Model:      wide_resnet50_2 (CIFAR stem) (from scratch)
  Dataset:    cifar10 (10 classes)
  Image size: 32
  LR:         0.1
  Momentum:   0.9 (nesterov=True)
  Optimizer:  sgd
  Weight dec: 0.0005 (on BN/bias=False)
  Backend:    mpi
  Algorithm:  built-in (no hook)
  Epochs:     20
  Batch/rank: 16
  LR:         0.1
  Scheduler:  cosine
  Warmup:     0
  Grad clip:  None
  Drop last:  True
  Data dir:   ./data
================================================================================

  Optimizer:  sgd
  Weight dec: 0.0005 (on BN/bias=False)
  Backend:    mpi
  Algorithm:  built-in (no hook)
  Epochs:     20
  Batch/rank: 16
  LR:         0.1
  Scheduler:  cosine
  Warmup:     0
  Grad clip:  None
  Drop last:  True
  Data dir:   ./data
================================================================================


================================================================================
DISTRIBUTED TRAINING LAUNCHER
================================================================================
  Model:      wide_resnet50_2 (CIFAR stem) (from scratch)
  Dataset:    cifar10 (10 classes)
  Image size: 32
  LR:         0.1
  Momentum:   0.9 (nesterov=True)
  Optimizer:  sgd
  Weight dec: 0.0005 (on BN/bias=False)
  Backend:    mpi
  Algorithm:  built-in (no hook)
  Epochs:     20
  Batch/rank: 16
  LR:         0.1
  Scheduler:  cosine
  Warmup:     0
  Grad clip:  None
  Drop last:  True
  Data dir:   ./data
================================================================================


================================================================================
DISTRIBUTED TRAINING LAUNCHER
================================================================================
  Model:      wide_resnet50_2 (CIFAR stem) (from scratch)
  Dataset:    cifar10 (10 classes)
  Image size: 32
  LR:         0.1
  Momentum:   0.9 (nesterov=True)
  Optimizer:  sgd
  Weight dec: 0.0005 (on BN/bias=False)
  Backend:    mpi
  Algorithm:  built-in (no hook)
  Epochs:     20
  Batch/rank: 16
  LR:         0.1
  Scheduler:  cosine
  Warmup:     0
  Grad clip:  None
  Drop last:  True
  Data dir:   ./data
================================================================================


================================================================================
DISTRIBUTED TRAINING LAUNCHER
================================================================================
  Model:      wide_resnet50_2 (CIFAR stem) (from scratch)
  Dataset:    cifar10 (10 classes)
  Image size: 32
  LR:         0.1
  Momentum:   0.9 (nesterov=True)
  Optimizer:  sgd
  Weight dec: 0.0005 (on BN/bias=False)
  Backend:    mpi
  Algorithm:  built-in (no hook)
  Epochs:     20
  Batch/rank: 16
  LR:         0.1
  Scheduler:  cosine
  Warmup:     0
  Grad clip:  None
  Drop last:  True
  Data dir:   ./data
================================================================================


================================================================================
DISTRIBUTED TRAINING LAUNCHER
================================================================================
  Model:      wide_resnet50_2 (CIFAR stem) (from scratch)
  Dataset:    cifar10 (10 classes)
  Image size: 32
  LR:         0.1
  Momentum:   0.9 (nesterov=True)
  Optimizer:  sgd
  Weight dec: 0.0005 (on BN/bias=False)
  Backend:    mpi
  Algorithm:  built-in (no hook)
  Epochs:     20
  Batch/rank: 16
  LR:         0.1
  Scheduler:  cosine
  Warmup:     0
  Grad clip:  None
  Drop last:  True
  Data dir:   ./data
================================================================================


================================================================================
DISTRIBUTED TRAINING LAUNCHER
================================================================================
  Model:      wide_resnet50_2 (CIFAR stem) (from scratch)
  Dataset:    cifar10 (10 classes)
  Image size: 32
  LR:         0.1
  Momentum:   0.9 (nesterov=True)
  Optimizer:  sgd
  Weight dec: 0.0005 (on BN/bias=False)
  Backend:    mpi
  Algorithm:  built-in (no hook)
  Epochs:     20
  Batch/rank: 16
  LR:         0.1
  Scheduler:  cosine
  Warmup:     0
  Grad clip:  None
  Drop last:  True
  Data dir:   ./data
================================================================================


================================================================================
Distributed Training: WIDE_RESNET50_2 on CIFAR10
Backend: MPI, Algorithm: built-in (no hook)
================================================================================
Ranks: 32, Epochs: 20, Batch/rank: 16, Effective batch: 512
LR: 0.1, Device: cuda:0

[Cache] Pretrained weights cache (TORCH_HOME) = /lustre/orion/gen243/proj-shared/matilderestelli/pretrained_weights_cache
[Setup] Model on cuda:0, wrapped in DDP (static_graph=True)
[Setup] No hook — using DDP built-in MPI allreduce
[Optim] SGD: lr=0.1 momentum=0.9 nesterov=True wd=0.0005 wd_on_bn_bias=False
[Optim]   group 0: 66,778,816 params, wd=0.0005
[Optim]   group 1: 68,234 params, wd=0.0
[Data] Train batches: 97, Val batches: 625

[Sched] cosine: steps/epoch=97, total_steps=1940, warmup_steps=0 (0 epochs)


[Epoch 1] Training... (lr at epoch start=0.100000)
  Batch [50/97] Loss: 8.6792, Acc: 11.75%, lr: 0.099836
[Epoch 1] Train Loss: 5.6058, Acc: 12.89%  |  Val Loss: 2.2962, Acc: 11.88%  |  Time: 29.9s
[Epoch 1] t_iter median: 64.60 ms  (fwd 14.61 | bwd+comm 44.20 | opt 5.41 | data 0.08)  |  train-only epoch: 22.2s
  -> Best model saved (11.88%)
[Epoch 1] Summarizing hook timing...
[HOOK_TIMING_SUMMARY] epoch=1 no hook timing samples
[Epoch 1] Hook timing summary done

[Epoch 2] Training... (lr at epoch start=0.099384)
  Batch [50/97] Loss: 2.2374, Acc: 15.38%, lr: 0.098590
[Epoch 2] Train Loss: 2.2079, Acc: 16.37%  |  Val Loss: 2.0936, Acc: 18.96%  |  Time: 14.0s
[Epoch 2] t_iter median: 65.03 ms  (fwd 14.66 | bwd+comm 44.78 | opt 5.43 | data 0.08)  |  train-only epoch: 6.3s
  -> Best model saved (18.96%)
[Epoch 2] Summarizing hook timing...
[HOOK_TIMING_SUMMARY] epoch=2 no hook timing samples
[Epoch 2] Hook timing summary done

[Epoch 3] Training... (lr at epoch start=0.097553)
  Batch [50/97] Loss: 2.1178, Acc: 19.88%, lr: 0.096147
[Epoch 3] Train Loss: 2.1079, Acc: 20.17%  |  Val Loss: 2.0626, Acc: 21.56%  |  Time: 14.2s
[Epoch 3] t_iter median: 65.10 ms  (fwd 14.94 | bwd+comm 44.81 | opt 5.43 | data 0.07)  |  train-only epoch: 6.3s
  -> Best model saved (21.56%)
[Epoch 3] Summarizing hook timing...
[HOOK_TIMING_SUMMARY] epoch=3 no hook timing samples
[Epoch 3] Hook timing summary done

[Epoch 4] Training... (lr at epoch start=0.094550)
  Batch [50/97] Loss: 2.0374, Acc: 23.62%, lr: 0.092568
[Epoch 4] Train Loss: 2.0271, Acc: 23.20%  |  Val Loss: 1.9754, Acc: 24.86%  |  Time: 14.1s
[Epoch 4] t_iter median: 64.84 ms  (fwd 14.90 | bwd+comm 44.31 | opt 5.42 | data 0.07)  |  train-only epoch: 6.3s
  -> Best model saved (24.86%)
[Epoch 4] Summarizing hook timing...
[HOOK_TIMING_SUMMARY] epoch=4 no hook timing samples
[Epoch 4] Hook timing summary done

[Epoch 5] Training... (lr at epoch start=0.090451)
  Batch [50/97] Loss: 2.0132, Acc: 24.00%, lr: 0.087941
[Epoch 5] Train Loss: 1.9824, Acc: 25.64%  |  Val Loss: 1.8383, Acc: 30.61%  |  Time: 14.2s
[Epoch 5] t_iter median: 65.28 ms  (fwd 14.81 | bwd+comm 45.04 | opt 5.41 | data 0.07)  |  train-only epoch: 6.4s
  -> Best model saved (30.61%)
[Epoch 5] Summarizing hook timing...
[HOOK_TIMING_SUMMARY] epoch=5 no hook timing samples
[Epoch 5] Hook timing summary done

[Epoch 6] Training... (lr at epoch start=0.085355)
  Batch [50/97] Loss: 1.8053, Acc: 31.50%, lr: 0.082380
[Epoch 6] Train Loss: 1.8164, Acc: 30.80%  |  Val Loss: 1.7311, Acc: 34.50%  |  Time: 14.3s
[Epoch 6] t_iter median: 65.05 ms  (fwd 15.11 | bwd+comm 44.45 | opt 5.41 | data 0.08)  |  train-only epoch: 6.4s
  -> Best model saved (34.50%)
[Epoch 6] Summarizing hook timing...
[HOOK_TIMING_SUMMARY] epoch=6 no hook timing samples
[Epoch 6] Hook timing summary done

[Epoch 7] Training... (lr at epoch start=0.079389)
  Batch [50/97] Loss: 1.7319, Acc: 35.38%, lr: 0.076021
[Epoch 7] Train Loss: 1.7115, Acc: 36.73%  |  Val Loss: 1.5979, Acc: 40.25%  |  Time: 14.3s
[Epoch 7] t_iter median: 64.97 ms  (fwd 15.02 | bwd+comm 44.55 | opt 5.45 | data 0.07)  |  train-only epoch: 6.4s
  -> Best model saved (40.25%)
[Epoch 7] Summarizing hook timing...
[HOOK_TIMING_SUMMARY] epoch=7 no hook timing samples
[Epoch 7] Hook timing summary done

[Epoch 8] Training... (lr at epoch start=0.072700)
  Batch [50/97] Loss: 1.6483, Acc: 39.00%, lr: 0.069022
[Epoch 8] Train Loss: 1.6258, Acc: 40.79%  |  Val Loss: 1.5588, Acc: 42.80%  |  Time: 14.3s
[Epoch 8] t_iter median: 64.81 ms  (fwd 14.88 | bwd+comm 44.38 | opt 5.41 | data 0.07)  |  train-only epoch: 6.3s
  -> Best model saved (42.80%)
[Epoch 8] Summarizing hook timing...
[HOOK_TIMING_SUMMARY] epoch=8 no hook timing samples
[Epoch 8] Hook timing summary done

[Epoch 9] Training... (lr at epoch start=0.065451)
  Batch [50/97] Loss: 1.5957, Acc: 40.75%, lr: 0.061554
[Epoch 9] Train Loss: 1.5905, Acc: 41.11%  |  Val Loss: 1.5075, Acc: 45.30%  |  Time: 14.3s
[Epoch 9] t_iter median: 64.39 ms  (fwd 15.01 | bwd+comm 43.87 | opt 5.44 | data 0.08)  |  train-only epoch: 6.3s
  -> Best model saved (45.30%)
[Epoch 9] Summarizing hook timing...
[HOOK_TIMING_SUMMARY] epoch=9 no hook timing samples
[Epoch 9] Hook timing summary done

[Epoch 10] Training... (lr at epoch start=0.057822)
  Batch [50/97] Loss: 1.5538, Acc: 42.62%, lr: 0.053802
[Epoch 10] Train Loss: 1.5516, Acc: 43.43%  |  Val Loss: 1.4096, Acc: 48.33%  |  Time: 14.4s
[Epoch 10] t_iter median: 65.34 ms  (fwd 15.20 | bwd+comm 44.55 | opt 5.45 | data 0.08)  |  train-only epoch: 6.4s
  -> Best model saved (48.33%)
[Epoch 10] Summarizing hook timing...
[HOOK_TIMING_SUMMARY] epoch=10 no hook timing samples
[Epoch 10] Hook timing summary done

[Epoch 11] Training... (lr at epoch start=0.050000)
  Batch [50/97] Loss: 1.5084, Acc: 41.88%, lr: 0.045956
[Epoch 11] Train Loss: 1.5109, Acc: 42.85%  |  Val Loss: 1.3810, Acc: 50.51%  |  Time: 14.4s
[Epoch 11] t_iter median: 65.27 ms  (fwd 15.07 | bwd+comm 44.56 | opt 5.42 | data 0.08)  |  train-only epoch: 6.4s
  -> Best model saved (50.51%)
[Epoch 11] Summarizing hook timing...
[HOOK_TIMING_SUMMARY] epoch=11 no hook timing samples
[Epoch 11] Hook timing summary done

[Epoch 12] Training... (lr at epoch start=0.042178)
  Batch [50/97] Loss: 1.4176, Acc: 48.50%, lr: 0.038210
[Epoch 12] Train Loss: 1.3980, Acc: 48.26%  |  Val Loss: 1.3793, Acc: 50.57%  |  Time: 14.5s
[Epoch 12] t_iter median: 65.18 ms  (fwd 15.14 | bwd+comm 44.38 | opt 5.42 | data 0.08)  |  train-only epoch: 6.4s
  -> Best model saved (50.57%)
[Epoch 12] Summarizing hook timing...
[HOOK_TIMING_SUMMARY] epoch=12 no hook timing samples
[Epoch 12] Hook timing summary done

[Epoch 13] Training... (lr at epoch start=0.034549)
  Batch [50/97] Loss: 1.3958, Acc: 50.00%, lr: 0.030754
[Epoch 13] Train Loss: 1.3911, Acc: 49.94%  |  Val Loss: 1.3538, Acc: 52.59%  |  Time: 14.4s
[Epoch 13] t_iter median: 64.71 ms  (fwd 15.08 | bwd+comm 44.04 | opt 5.42 | data 0.07)  |  train-only epoch: 6.4s
  -> Best model saved (52.59%)
[Epoch 13] Summarizing hook timing...
[HOOK_TIMING_SUMMARY] epoch=13 no hook timing samples
[Epoch 13] Hook timing summary done

[Epoch 14] Training... (lr at epoch start=0.027300)
  Batch [50/97] Loss: 1.3271, Acc: 53.00%, lr: 0.023772
[Epoch 14] Train Loss: 1.2924, Acc: 53.54%  |  Val Loss: 1.2487, Acc: 55.51%  |  Time: 14.4s
[Epoch 14] t_iter median: 65.73 ms  (fwd 15.14 | bwd+comm 45.09 | opt 5.43 | data 0.07)  |  train-only epoch: 6.4s
  -> Best model saved (55.51%)
[Epoch 14] Summarizing hook timing...
[HOOK_TIMING_SUMMARY] epoch=14 no hook timing samples
[Epoch 14] Hook timing summary done

[Epoch 15] Training... (lr at epoch start=0.020611)
  Batch [50/97] Loss: 1.3003, Acc: 50.00%, lr: 0.017435
[Epoch 15] Train Loss: 1.2727, Acc: 52.71%  |  Val Loss: 1.3063, Acc: 57.62%  |  Time: 14.3s
[Epoch 15] t_iter median: 64.48 ms  (fwd 15.05 | bwd+comm 43.84 | opt 5.41 | data 0.08)  |  train-only epoch: 6.3s
  -> Best model saved (57.62%)
[Epoch 15] Summarizing hook timing...
[HOOK_TIMING_SUMMARY] epoch=15 no hook timing samples
[Epoch 15] Hook timing summary done

[Epoch 16] Training... (lr at epoch start=0.014645)
  Batch [50/97] Loss: 1.2217, Acc: 55.62%, lr: 0.011901
[Epoch 16] Train Loss: 1.2187, Acc: 56.12%  |  Val Loss: 1.1532, Acc: 60.80%  |  Time: 14.4s
[Epoch 16] t_iter median: 65.64 ms  (fwd 15.20 | bwd+comm 44.81 | opt 5.42 | data 0.07)  |  train-only epoch: 6.4s
  -> Best model saved (60.80%)
[Epoch 16] Summarizing hook timing...
[HOOK_TIMING_SUMMARY] epoch=16 no hook timing samples
[Epoch 16] Hook timing summary done

[Epoch 17] Training... (lr at epoch start=0.009549)
  Batch [50/97] Loss: 1.1406, Acc: 58.88%, lr: 0.007305
[Epoch 17] Train Loss: 1.1116, Acc: 61.34%  |  Val Loss: 1.1430, Acc: 62.42%  |  Time: 14.5s
[Epoch 17] t_iter median: 64.96 ms  (fwd 15.10 | bwd+comm 44.11 | opt 5.41 | data 0.08)  |  train-only epoch: 6.3s
  -> Best model saved (62.42%)
[Epoch 17] Summarizing hook timing...
[HOOK_TIMING_SUMMARY] epoch=17 no hook timing samples
[Epoch 17] Hook timing summary done

[Epoch 18] Training... (lr at epoch start=0.005450)
  Batch [50/97] Loss: 1.1335, Acc: 58.00%, lr: 0.003760
[Epoch 18] Train Loss: 1.1402, Acc: 59.21%  |  Val Loss: 1.0385, Acc: 63.97%  |  Time: 14.5s
[Epoch 18] t_iter median: 64.47 ms  (fwd 15.21 | bwd+comm 44.25 | opt 5.44 | data 0.07)  |  train-only epoch: 6.4s
  -> Best model saved (63.97%)
[Epoch 18] Summarizing hook timing...
[HOOK_TIMING_SUMMARY] epoch=18 no hook timing samples
[Epoch 18] Hook timing summary done

[Epoch 19] Training... (lr at epoch start=0.002447)
  Batch [50/97] Loss: 1.0559, Acc: 64.12%, lr: 0.001353
[Epoch 19] Train Loss: 1.1077, Acc: 61.28%  |  Val Loss: 1.0918, Acc: 63.84%  |  Time: 14.5s
[Epoch 19] t_iter median: 64.92 ms  (fwd 15.28 | bwd+comm 44.34 | opt 5.42 | data 0.08)  |  train-only epoch: 6.4s
[Epoch 19] Summarizing hook timing...
[HOOK_TIMING_SUMMARY] epoch=19 no hook timing samples
[Epoch 19] Hook timing summary done

[Epoch 20] Training... (lr at epoch start=0.000616)
  Batch [50/97] Loss: 1.0943, Acc: 61.62%, lr: 0.000145
[Epoch 20] Train Loss: 1.0610, Acc: 61.86%  |  Val Loss: 1.0141, Acc: 64.31%  |  Time: 14.6s
[Epoch 20] t_iter median: 65.26 ms  (fwd 15.31 | bwd+comm 44.51 | opt 5.44 | data 0.08)  |  train-only epoch: 6.4s
  -> Best model saved (64.31%)
[Epoch 20] Summarizing hook timing...
[HOOK_TIMING_SUMMARY] epoch=20 no hook timing samples
[Epoch 20] Hook timing summary done

================================================================================
Done in 328.1s | Best val acc: 64.31%
Epoch times (train+val): mean=15.1s  min=14.0s  max=29.9s
Train-only epoch time (epochs 2..N): median=6.36s  min=6.30s  max=6.41s
  -> use this for STRONG scaling (fixed global batch)
  -> use t_iter_median_ms from the CSV for WEAK scaling (fixed local batch)
================================================================================
=== Finished training: model=wide_resnet50_2, dataset=cifar10, batch=16, lr=0.1, scheduler=cosine, backend=mpi, hook=none, zfp_rate=none, status=0 at Mon Jul 20 09:09:01 AM EDT 2026 ===
=== Starting: model=wide_resnet50_2, ws=32, bs=16, gb=512, lr=0.1, sched=cosine, warmup=0, mom=0.9, wd=5e-4, nesterov=true, wd_bn_bias=false, backend=mpi, hook=ring, zfp=none at Mon Jul 20 09:09:01 AM EDT 2026 ===
MIOPEN_USER_DB_PATH=/mnt/bb/matilderestelli/miopen_cache_5035615/miopen_db
MIOPEN_CUSTOM_CACHE_DIR=/mnt/bb/matilderestelli/miopen_cache_5035615/kernel_cache
drwxr-sr-x 2 matilderestelli gen243 103 Jul 14 05:38 /mnt/bb/matilderestelli/miopen_cache_5035615/miopen_db
==== GPU visibility debug (batch shell) ====
frontier10349
ROCR_VISIBLE_DEVICES=0,1,2,3,4,5,6,7
SLURM_JOB_GPUS=0,1,2,3,4,5,6,7
[37mROCk module version 6.16.13 is loaded[0m
=====================    
HSA System Attributes    
=====================    
Runtime Version:         1.18
Runtime Ext Version:     1.14
System Timestamp Freq.:  1000.000000MHz
Sig. Max Wait Duration:  18446744073709551615 (0xFFFFFFFFFFFFFFFF) (timestamp count)
Machine Model:           LARGE                              
System Endianness:       LITTLE                             
Mwaitx:                  DISABLED
XNACK enabled:           NO
DMAbuf Support:          YES
VMM Support:             YES

==========               
HSA Agents               
==========               
*******                  
Agent 1                  
*******                  
  Name:                    AMD EPYC 7A53 64-Core Processor    
  Uuid:                    CPU-XX                             
  Marketing Name:          AMD EPYC 7A53 64-Core Processor    
  Vendor Name:             CPU                                
  Feature:                 None specified                     
  Profile:                 FULL_PROFILE                       
  Float Round Mode:        NEAR                               
  Max Queue Number:        0(0x0)                             
  Queue Min Size:          0(0x0)                             

================================================================================
DISTRIBUTED TRAINING LAUNCHER
================================================================================
  Model:      wide_resnet50_2 (CIFAR stem) (from scratch)
  Dataset:    cifar10 (10 classes)
  Image size: 32
  LR:         0.1
  Momentum:   0.9 (nesterov=True)
  Optimizer:  sgd
  Weight dec: 0.0005 (on BN/bias=False)
  Backend:    mpi
  Algorithm:  ring
  Epochs:     20
  Batch/rank: 16
  LR:         0.1
  Scheduler:  cosine
  Warmup:     0
  Grad clip:  None
  Drop last:  True
  Data dir:   ./data
================================================================================


================================================================================
DISTRIBUTED TRAINING LAUNCHER
================================================================================
  Model:      wide_resnet50_2 (CIFAR stem) (from scratch)
  Dataset:    cifar10 (10 classes)
  Image size: 32
  LR:         0.1
  Momentum:   0.9 (nesterov=True)
  Optimizer:  sgd
  Weight dec: 0.0005 (on BN/bias=False)
  Backend:    mpi
  Algorithm:  ring
  Epochs:     20
  Batch/rank: 16
  LR:         0.1
  Scheduler:  cosine
  Warmup:     0
  Grad clip:  None
  Drop last:  True
  Data dir:   ./data
================================================================================


================================================================================
DISTRIBUTED TRAINING LAUNCHER
================================================================================
  Model:      wide_resnet50_2 (CIFAR stem) (from scratch)
  Dataset:    cifar10 (10 classes)
  Image size: 32
  LR:         0.1
  Momentum:   0.9 (nesterov=True)
  Optimizer:  sgd
  Weight dec: 0.0005 (on BN/bias=False)
  Backend:    mpi
  Algorithm:  ring
  Epochs:     20
  Batch/rank: 16
  LR:         0.1
  Scheduler:  cosine
  Warmup:     0
  Grad clip:  None
  Drop last:  True
  Data dir:   ./data
================================================================================


================================================================================
DISTRIBUTED TRAINING LAUNCHER
================================================================================
  Model:      wide_resnet50_2 (CIFAR stem) (from scratch)
  Dataset:    cifar10 (10 classes)
  Image size: 32
  LR:         0.1
  Momentum:   0.9 (nesterov=True)
  Optimizer:  sgd
  Weight dec: 0.0005 (on BN/bias=False)
  Backend:    mpi
  Algorithm:  ring
  Epochs:     20
  Batch/rank: 16
  LR:         0.1
  Scheduler:  cosine
  Warmup:     0
  Grad clip:  None
  Drop last:  True
  Data dir:   ./data
================================================================================


================================================================================
DISTRIBUTED TRAINING LAUNCHER
================================================================================
  Model:      wide_resnet50_2 (CIFAR stem) (from scratch)
  Dataset:    cifar10 (10 classes)
  Image size: 32
  LR:         0.1
  Momentum:   0.9 (nesterov=True)
  Optimizer:  sgd
  Weight dec: 0.0005 (on BN/bias=False)
  Backend:    mpi
  Algorithm:  ring
  Epochs:     20
  Batch/rank: 16
  LR:         0.1
  Scheduler:  cosine
  Warmup:     0
  Grad clip:  None
  Drop last:  True
  Data dir:   ./data
================================================================================


================================================================================
DISTRIBUTED TRAINING LAUNCHER
================================================================================
  Model:      wide_resnet50_2 (CIFAR stem) (from scratch)
  Dataset:    cifar10 (10 classes)
  Image size: 32
  LR:         0.1
  Momentum:   0.9 (nesterov=True)
  Optimizer:  sgd
  Weight dec: 0.0005 (on BN/bias=False)
  Backend:    mpi
  Algorithm:  ring
  Epochs:     20
  Batch/rank: 16
  LR:         0.1
  Scheduler:  cosine
  Warmup:     0
  Grad clip:  None
  Drop last:  True
  Data dir:   ./data
================================================================================


================================================================================
DISTRIBUTED TRAINING LAUNCHER
================================================================================
  Model:      wide_resnet50_2 (CIFAR stem) (from scratch)
  Dataset:    cifar10 (10 classes)
  Image size: 32
  LR:         0.1
  Momentum:   0.9 (nesterov=True)
  Optimizer:  sgd
  Weight dec: 0.0005 (on BN/bias=False)
  Backend:    mpi
  Algorithm:  ring
  Epochs:     20
  Batch/rank: 16
  LR:         0.1
  Scheduler:  cosine
  Warmup:     0
  Grad clip:  None
  Drop last:  True
  Data dir:   ./data
================================================================================


================================================================================
DISTRIBUTED TRAINING LAUNCHER
================================================================================
  Model:      wide_resnet50_2 (CIFAR stem) (from scratch)
  Dataset:    cifar10 (10 classes)
  Image size: 32
  LR:         0.1
  Momentum:   0.9 (nesterov=True)
  Optimizer:  sgd
  Weight dec: 0.0005 (on BN/bias=False)
  Backend:    mpi
  Algorithm:  ring
  Epochs:     20
  Batch/rank: 16
  LR:         0.1
  Scheduler:  cosine
  Warmup:     0
  Grad clip:  None
  Drop last:  True
  Data dir:   ./data
================================================================================


================================================================================
DISTRIBUTED TRAINING LAUNCHER
================================================================================
  Model:      wide_resnet50_2 (CIFAR stem) (from scratch)
  Dataset:    cifar10 (10 classes)
  Image size: 32
  LR:         0.1
  Momentum:   0.9 (nesterov=True)
  Optimizer:  sgd
  Weight dec: 0.0005 (on BN/bias=False)
  Backend:    mpi
  Algorithm:  ring
  Epochs:     20
  Batch/rank: 16
  LR:         0.1
  Scheduler:  cosine
  Warmup:     0
  Grad clip:  None
  Drop last:  True
  Data dir:   ./data
================================================================================

================================================================================
DISTRIBUTED TRAINING LAUNCHER
================================================================================
  Model:      wide_resnet50_2 (CIFAR stem) (from scratch)
  Dataset:    cifar10 (10 classes)
  Image size: 32
  LR:         0.1
  Momentum:   0.9 (nesterov=True)
  Optimizer:  sgd
  Weight dec: 0.0005 (on BN/bias=False)
  Backend:    mpi
  Algorithm:  ring
  Epochs:     20
  Batch/rank: 16
  LR:         0.1
  Scheduler:  cosine
  Warmup:     0
  Grad clip:  None
  Drop last:  True
  Data dir:   ./data
================================================================================



================================================================================
DISTRIBUTED TRAINING LAUNCHER
================================================================================
  Model:      wide_resnet50_2 (CIFAR stem) (from scratch)
  Dataset:    cifar10 (10 classes)
  Image size: 32
  LR:         0.1
  Momentum:   0.9 (nesterov=True)
  Optimizer:  sgd
  Weight dec: 0.0005 (on BN/bias=False)
  Backend:    mpi
  Algorithm:  ring
  Epochs:     20
  Batch/rank: 16
  LR:         0.1
  Scheduler:  cosine
  Warmup:     0
  Grad clip:  None
  Drop last:  True
  Data dir:   ./data
================================================================================


================================================================================
DISTRIBUTED TRAINING LAUNCHER
================================================================================
  Model:      wide_resnet50_2 (CIFAR stem) (from scratch)
  Dataset:    cifar10 (10 classes)
  Image size: 32
  LR:         0.1
  Momentum:   0.9 (nesterov=True)
  Optimizer:  sgd
  Weight dec: 0.0005 (on BN/bias=False)
  Backend:    mpi
  Algorithm:  ring
  Epochs:     20
  Batch/rank: 16
  LR:         0.1
  Scheduler:  cosine
  Warmup:     0
  Grad clip:  None
  Drop last:  True
  Data dir:   ./data
================================================================================


================================================================================
DISTRIBUTED TRAINING LAUNCHER
================================================================================
  Model:      wide_resnet50_2 (CIFAR stem) (from scratch)
  Dataset:    cifar10 (10 classes)
  Image size: 32
  LR:         0.1
  Momentum:   0.9 (nesterov=True)
  Optimizer:  sgd
  Weight dec: 0.0005 (on BN/bias=False)
  Backend:    mpi
  Algorithm:  ring
  Epochs:     20
  Batch/rank: 16
  LR:         0.1
  Scheduler:  cosine
  Warmup:     0
  Grad clip:  None
  Drop last:  True
  Data dir:   ./data
================================================================================


================================================================================
DISTRIBUTED TRAINING LAUNCHER
================================================================================
  Model:      wide_resnet50_2 (CIFAR stem) (from scratch)
  Dataset:    cifar10 (10 classes)
  Image size: 32
  LR:         0.1
  Momentum:   0.9 (nesterov=True)
  Optimizer:  sgd
  Weight dec: 0.0005 (on BN/bias=False)
  Backend:    mpi
  Algorithm:  ring
  Epochs:     20
  Batch/rank: 16
  LR:         0.1
  Scheduler:  cosine
  Warmup:     0
  Grad clip:  None
  Drop last:  True
  Data dir:   ./data
================================================================================


================================================================================
DISTRIBUTED TRAINING LAUNCHER
================================================================================
  Model:      wide_resnet50_2 (CIFAR stem) (from scratch)
  Dataset:    cifar10 (10 classes)
  Image size: 32
  LR:         0.1
  Momentum:   0.9 (nesterov=True)
  Optimizer:  sgd
  Weight dec: 0.0005 (on BN/bias=False)
  Backend:    mpi
  Algorithm:  ring
  Epochs:     20
  Batch/rank: 16
  LR:         0.1
  Scheduler:  cosine
  Warmup:     0
  Grad clip:  None
  Drop last:  True
  Data dir:   ./data
================================================================================


================================================================================
DISTRIBUTED TRAINING LAUNCHER
================================================================================
  Model:      wide_resnet50_2 (CIFAR stem) (from scratch)
  Dataset:    cifar10 (10 classes)
  Image size: 32
  LR:         0.1
  Momentum:   0.9 (nesterov=True)
  Optimizer:  sgd
  Weight dec: 0.0005 (on BN/bias=False)
  Backend:    mpi
  Algorithm:  ring
  Epochs:     20
  Batch/rank: 16
  LR:         0.1
  Scheduler:  cosine
  Warmup:     0
  Grad clip:  None
  Drop last:  True
  Data dir:   ./data
================================================================================


================================================================================
DISTRIBUTED TRAINING LAUNCHER
================================================================================
  Model:      wide_resnet50_2 (CIFAR stem) (from scratch)
  Dataset:    cifar10 (10 classes)
  Image size: 32
  LR:         0.1
  Momentum:   0.9 (nesterov=True)
  Optimizer:  sgd
  Weight dec: 0.0005 (on BN/bias=False)
  Backend:    mpi
  Algorithm:  ring
  Epochs:     20
  Batch/rank: 16
  LR:         0.1
  Scheduler:  cosine
  Warmup:     0
  Grad clip:  None
  Drop last:  True
  Data dir:   ./data
================================================================================


================================================================================
DISTRIBUTED TRAINING LAUNCHER
================================================================================
  Model:      wide_resnet50_2 (CIFAR stem) (from scratch)
  Dataset:    cifar10 (10 classes)
  Image size: 32
  LR:         0.1
  Momentum:   0.9 (nesterov=True)
  Optimizer:  sgd
  Weight dec: 0.0005 (on BN/bias=False)
  Backend:    mpi
  Algorithm:  ring
  Epochs:     20
  Batch/rank: 16
  LR:         0.1
  Scheduler:  cosine
  Warmup:     0
  Grad clip:  None
  Drop last:  True
  Data dir:   ./data
================================================================================


================================================================================
DISTRIBUTED TRAINING LAUNCHER
================================================================================
  Model:      wide_resnet50_2 (CIFAR stem) (from scratch)
  Dataset:    cifar10 (10 classes)
  Image size: 32
  LR:         0.1
  Momentum:   0.9 (nesterov=True)
  Optimizer:  sgd
  Weight dec: 0.0005 (on BN/bias=False)
  Backend:    mpi
  Algorithm:  ring
  Epochs:     20
  Batch/rank: 16
  LR:         0.1
  Scheduler:  cosine
  Warmup:     0
  Grad clip:  None
  Drop last:  True
  Data dir:   ./data
================================================================================


================================================================================
DISTRIBUTED TRAINING LAUNCHER
================================================================================
  Model:      wide_resnet50_2 (CIFAR stem) (from scratch)
  Dataset:    cifar10 (10 classes)
  Image size: 32
  LR:         0.1
  Momentum:   0.9 (nesterov=True)
  Optimizer:  sgd
  Weight dec: 0.0005 (on BN/bias=False)
  Backend:    mpi
  Algorithm:  ring
  Epochs:     20
  Batch/rank: 16
  LR:         0.1
  Scheduler:  cosine
  Warmup:     0
  Grad clip:  None
  Drop last:  True
  Data dir:   ./data
================================================================================


================================================================================
DISTRIBUTED TRAINING LAUNCHER
================================================================================
  Model:      wide_resnet50_2 (CIFAR stem) (from scratch)
  Dataset:    cifar10 (10 classes)
  Image size: 32
  LR:         0.1
  Momentum:   0.9 (nesterov=True)
  Optimizer:  sgd
  Weight dec: 0.0005 (on BN/bias=False)
  Backend:    mpi
  Algorithm:  ring
  Epochs:     20
  Batch/rank: 16
  LR:         0.1
  Scheduler:  cosine
  Warmup:     0
  Grad clip:  None
  Drop last:  True
  Data dir:   ./data
================================================================================


================================================================================
DISTRIBUTED TRAINING LAUNCHER
================================================================================
  Model:      wide_resnet50_2 (CIFAR stem) (from scratch)
  Dataset:    cifar10 (10 classes)
  Image size: 32
  LR:         0.1
  Momentum:   0.9 (nesterov=True)
  Optimizer:  sgd
  Weight dec: 0.0005 (on BN/bias=False)
  Backend:    mpi
  Algorithm:  ring
  Epochs:     20
  Batch/rank: 16
  LR:         0.1
  Scheduler:  cosine
  Warmup:     0
  Grad clip:  None
  Drop last:  True
  Data dir:   ./data
================================================================================


================================================================================
DISTRIBUTED TRAINING LAUNCHER
================================================================================
  Model:      wide_resnet50_2 (CIFAR stem) (from scratch)
  Dataset:    cifar10 (10 classes)
  Image size: 32
  LR:         0.1
  Momentum:   0.9 (nesterov=True)
  Optimizer:  sgd
  Weight dec: 0.0005 (on BN/bias=False)
  Backend:    mpi
  Algorithm:  ring
  Epochs:     20
  Batch/rank: 16
  LR:         0.1
  Scheduler:  cosine
  Warmup:     0
  Grad clip:  None
  Drop last:  True
  Data dir:   ./data
================================================================================


================================================================================
DISTRIBUTED TRAINING LAUNCHER
================================================================================
  Model:      wide_resnet50_2 (CIFAR stem) (from scratch)
  Dataset:    cifar10 (10 classes)
  Image size: 32
  LR:         0.1
  Momentum:   0.9 (nesterov=True)
  Optimizer:  sgd
  Weight dec: 0.0005 (on BN/bias=False)
  Backend:    mpi
  Algorithm:  ring
  Epochs:     20
  Batch/rank: 16
  LR:         0.1
  Scheduler:  cosine
  Warmup:     0
  Grad clip:  None
  Drop last:  True
  Data dir:   ./data
================================================================================


================================================================================
DISTRIBUTED TRAINING LAUNCHER
================================================================================
  Model:      wide_resnet50_2 (CIFAR stem) (from scratch)
  Dataset:    cifar10 (10 classes)
  Image size: 32
  LR:         0.1
  Momentum:   0.9 (nesterov=True)
  Optimizer:  sgd
  Weight dec: 0.0005 (on BN/bias=False)
  Backend:    mpi
  Algorithm:  ring
  Epochs:     20
  Batch/rank: 16
  LR:         0.1
  Scheduler:  cosine
  Warmup:     0
  Grad clip:  None
  Drop last:  True
  Data dir:   ./data
================================================================================


================================================================================
DISTRIBUTED TRAINING LAUNCHER
================================================================================
  Model:      wide_resnet50_2 (CIFAR stem) (from scratch)
  Dataset:    cifar10 (10 classes)
  Image size: 32
  LR:         0.1
  Momentum:   0.9 (nesterov=True)
  Optimizer:  sgd
  Weight dec: 0.0005 (on BN/bias=False)
  Backend:    mpi
  Algorithm:  ring
  Epochs:     20
  Batch/rank: 16
  LR:         0.1
  Scheduler:  cosine
  Warmup:     0
  Grad clip:  None
  Drop last:  True
  Data dir:   ./data
================================================================================


================================================================================
DISTRIBUTED TRAINING LAUNCHER
================================================================================
  Model:      wide_resnet50_2 (CIFAR stem) (from scratch)
  Dataset:    cifar10 (10 classes)
  Image size: 32
  LR:         0.1
  Momentum:   0.9 (nesterov=True)
  Optimizer:  sgd
  Weight dec: 0.0005 (on BN/bias=False)
  Backend:    mpi
  Algorithm:  ring
  Epochs:     20
  Batch/rank: 16
  LR:         0.1
  Scheduler:  cosine
  Warmup:     0
  Grad clip:  None
  Drop last:  True
  Data dir:   ./data
================================================================================


================================================================================
DISTRIBUTED TRAINING LAUNCHER
================================================================================
  Model:      wide_resnet50_2 (CIFAR stem) (from scratch)
  Dataset:    cifar10 (10 classes)
  Image size: 32
  LR:         0.1
  Momentum:   0.9 (nesterov=True)
  Optimizer:  sgd
  Weight dec: 0.0005 (on BN/bias=False)
  Backend:    mpi
  Algorithm:  ring
  Epochs:     20
  Batch/rank: 16
  LR:         0.1
  Scheduler:  cosine
  Warmup:     0
  Grad clip:  None
  Drop last:  True
  Data dir:   ./data
================================================================================


================================================================================
DISTRIBUTED TRAINING LAUNCHER
================================================================================
  Model:      wide_resnet50_2 (CIFAR stem) (from scratch)
  Dataset:    cifar10 (10 classes)
  Image size: 32
  LR:         0.1
  Momentum:   0.9 (nesterov=True)
  Optimizer:  sgd
  Weight dec: 0.0005 (on BN/bias=False)
  Backend:    mpi
  Algorithm:  ring
  Epochs:     20
  Batch/rank: 16
  LR:         0.1
  Scheduler:  cosine
  Warmup:     0
  Grad clip:  None
  Drop last:  True
  Data dir:   ./data
================================================================================


================================================================================
DISTRIBUTED TRAINING LAUNCHER
================================================================================
  Model:      wide_resnet50_2 (CIFAR stem) (from scratch)
  Dataset:    cifar10 (10 classes)
  Image size: 32
  LR:         0.1
  Momentum:   0.9 (nesterov=True)
  Optimizer:  sgd
  Weight dec: 0.0005 (on BN/bias=False)
  Backend:    mpi
  Algorithm:  ring
  Epochs:     20
  Batch/rank: 16
  LR:         0.1
  Scheduler:  cosine
  Warmup:     0
  Grad clip:  None
  Drop last:  True
  Data dir:   ./data
================================================================================


================================================================================
DISTRIBUTED TRAINING LAUNCHER
================================================================================
  Model:      wide_resnet50_2 (CIFAR stem) (from scratch)
  Dataset:    cifar10 (10 classes)
  Image size: 32
  LR:         0.1
  Momentum:   0.9 (nesterov=True)
  Optimizer:  sgd
  Weight dec: 0.0005 (on BN/bias=False)
  Backend:    mpi
  Algorithm:  ring
  Epochs:     20
  Batch/rank: 16
  LR:         0.1
  Scheduler:  cosine
  Warmup:     0
  Grad clip:  None
  Drop last:  True
  Data dir:   ./data
================================================================================


================================================================================
DISTRIBUTED TRAINING LAUNCHER
================================================================================
  Model:      wide_resnet50_2 (CIFAR stem) (from scratch)
  Dataset:    cifar10 (10 classes)
  Image size: 32
  LR:         0.1
  Momentum:   0.9 (nesterov=True)
  Optimizer:  sgd
  Weight dec: 0.0005 (on BN/bias=False)
  Backend:    mpi
  Algorithm:  ring
  Epochs:     20
  Batch/rank: 16
  LR:         0.1
  Scheduler:  cosine
  Warmup:     0
  Grad clip:  None
  Drop last:  True
  Data dir:   ./data
================================================================================


================================================================================
Distributed Training: WIDE_RESNET50_2 on CIFAR10
Backend: MPI, Algorithm: ring
================================================================================
Ranks: 32, Epochs: 20, Batch/rank: 16, Effective batch: 512
LR: 0.1, Device: cuda:0

[Cache] Pretrained weights cache (TORCH_HOME) = /lustre/orion/gen243/proj-shared/matilderestelli/pretrained_weights_cache
[Setup] Model on cuda:0, wrapped in DDP (static_graph=True)
[Setup] Hook registered: mpi/ring
[Optim] SGD: lr=0.1 momentum=0.9 nesterov=True wd=0.0005 wd_on_bn_bias=False
[Optim]   group 0: 66,778,816 params, wd=0.0005
[Optim]   group 1: 68,234 params, wd=0.0
[Data] Train batches: 97, Val batches: 625

[Sched] cosine: steps/epoch=97, total_steps=1940, warmup_steps=0 (0 epochs)


[Epoch 1] Training... (lr at epoch start=0.100000)
  Batch [50/97] Loss: 8.6583, Acc: 10.62%, lr: 0.099836
[Epoch 1] Train Loss: 5.6259, Acc: 11.86%  |  Val Loss: 2.2575, Acc: 13.49%  |  Time: 21.3s
[Epoch 1] t_iter median: 116.10 ms  (fwd 14.65 | bwd+comm 96.30 | opt 5.26 | data 0.08)  |  train-only epoch: 13.6s
  -> Best model saved (13.49%)
[Epoch 1] Summarizing hook timing...

[HOOK_TIMING_SUMMARY] epoch=1
[HOOK_WORK_SUMMARY] label=mpi:ring calls=769 work_total_ms=8157.743 work_mean_ms=10.608 work_min_ms=7.032 work_max_ms=96.465
[HOOK_TAIL_SUMMARY] label=mpi:ring steps=98 tail_total_ms=7411.576 tail_mean_ms=75.628 tail_min_ms=46.341 tail_max_ms=156.514
[Epoch 1] Hook timing summary done

[Epoch 2] Training... (lr at epoch start=0.099384)
  Batch [50/97] Loss: 2.2045, Acc: 17.12%, lr: 0.098590
[Epoch 2] Train Loss: 2.1998, Acc: 17.33%  |  Val Loss: 2.0707, Acc: 20.87%  |  Time: 19.1s
[Epoch 2] t_iter median: 116.36 ms  (fwd 14.86 | bwd+comm 96.31 | opt 5.29 | data 0.08)  |  train-only epoch: 11.4s
  -> Best model saved (20.87%)
[Epoch 2] Summarizing hook timing...

[HOOK_TIMING_SUMMARY] epoch=2
[HOOK_WORK_SUMMARY] label=mpi:ring calls=776 work_total_ms=8082.321 work_mean_ms=10.415 work_min_ms=7.116 work_max_ms=28.054
[HOOK_TAIL_SUMMARY] label=mpi:ring steps=97 tail_total_ms=7051.445 tail_mean_ms=72.695 tail_min_ms=57.764 tail_max_ms=87.318
[Epoch 2] Hook timing summary done

[Epoch 3] Training... (lr at epoch start=0.097553)
  Batch [50/97] Loss: 2.1105, Acc: 19.75%, lr: 0.096147
[Epoch 3] Train Loss: 2.0814, Acc: 19.65%  |  Val Loss: 2.1901, Acc: 18.82%  |  Time: 19.1s
[Epoch 3] t_iter median: 115.62 ms  (fwd 14.83 | bwd+comm 95.78 | opt 5.28 | data 0.08)  |  train-only epoch: 11.3s
[Epoch 3] Summarizing hook timing...

[HOOK_TIMING_SUMMARY] epoch=3
[HOOK_WORK_SUMMARY] label=mpi:ring calls=776 work_total_ms=8047.131 work_mean_ms=10.370 work_min_ms=7.019 work_max_ms=30.593
[HOOK_TAIL_SUMMARY] label=mpi:ring steps=97 tail_total_ms=7147.005 tail_mean_ms=73.680 tail_min_ms=53.795 tail_max_ms=92.967
[Epoch 3] Hook timing summary done

[Epoch 4] Training... (lr at epoch start=0.094550)
  Batch [50/97] Loss: 2.0378, Acc: 23.00%, lr: 0.092568
[Epoch 4] Train Loss: 2.0081, Acc: 23.45%  |  Val Loss: 2.0614, Acc: 25.93%  |  Time: 19.3s
[Epoch 4] t_iter median: 116.02 ms  (fwd 14.98 | bwd+comm 95.80 | opt 5.27 | data 0.08)  |  train-only epoch: 11.5s
  -> Best model saved (25.93%)
[Epoch 4] Summarizing hook timing...

[HOOK_TIMING_SUMMARY] epoch=4
[HOOK_WORK_SUMMARY] label=mpi:ring calls=776 work_total_ms=8121.541 work_mean_ms=10.466 work_min_ms=7.012 work_max_ms=66.538
[HOOK_TAIL_SUMMARY] label=mpi:ring steps=97 tail_total_ms=7232.893 tail_mean_ms=74.566 tail_min_ms=61.667 tail_max_ms=114.430
[Epoch 4] Hook timing summary done

[Epoch 5] Training... (lr at epoch start=0.090451)
  Batch [50/97] Loss: 1.9904, Acc: 24.00%, lr: 0.087941
[Epoch 5] Train Loss: 1.9484, Acc: 24.55%  |  Val Loss: 1.8742, Acc: 30.81%  |  Time: 19.3s
[Epoch 5] t_iter median: 116.37 ms  (fwd 15.04 | bwd+comm 95.84 | opt 5.29 | data 0.08)  |  train-only epoch: 11.4s
  -> Best model saved (30.81%)
[Epoch 5] Summarizing hook timing...

[HOOK_TIMING_SUMMARY] epoch=5
[HOOK_WORK_SUMMARY] label=mpi:ring calls=776 work_total_ms=8117.915 work_mean_ms=10.461 work_min_ms=6.775 work_max_ms=59.167
[HOOK_TAIL_SUMMARY] label=mpi:ring steps=97 tail_total_ms=7153.855 tail_mean_ms=73.751 tail_min_ms=53.669 tail_max_ms=129.368
[Epoch 5] Hook timing summary done

[Epoch 6] Training... (lr at epoch start=0.085355)
  Batch [50/97] Loss: 1.7799, Acc: 31.75%, lr: 0.082380
[Epoch 6] Train Loss: 1.7536, Acc: 33.76%  |  Val Loss: 1.6768, Acc: 38.14%  |  Time: 19.0s
[Epoch 6] t_iter median: 114.25 ms  (fwd 15.11 | bwd+comm 93.64 | opt 5.27 | data 0.08)  |  train-only epoch: 11.1s
  -> Best model saved (38.14%)
[Epoch 6] Summarizing hook timing...

[HOOK_TIMING_SUMMARY] epoch=6
[HOOK_WORK_SUMMARY] label=mpi:ring calls=776 work_total_ms=7824.174 work_mean_ms=10.083 work_min_ms=6.331 work_max_ms=28.635
[HOOK_TAIL_SUMMARY] label=mpi:ring steps=97 tail_total_ms=6895.443 tail_mean_ms=71.087 tail_min_ms=58.781 tail_max_ms=85.048
[Epoch 6] Hook timing summary done

[Epoch 7] Training... (lr at epoch start=0.079389)
  Batch [50/97] Loss: 1.6846, Acc: 35.00%, lr: 0.076021
[Epoch 7] Train Loss: 1.6454, Acc: 38.72%  |  Val Loss: 1.5385, Acc: 42.59%  |  Time: 18.7s
[Epoch 7] t_iter median: 110.67 ms  (fwd 14.98 | bwd+comm 90.48 | opt 5.25 | data 0.07)  |  train-only epoch: 10.9s
  -> Best model saved (42.59%)
[Epoch 7] Summarizing hook timing...

[HOOK_TIMING_SUMMARY] epoch=7
[HOOK_WORK_SUMMARY] label=mpi:ring calls=776 work_total_ms=7575.222 work_mean_ms=9.762 work_min_ms=6.336 work_max_ms=26.402
[HOOK_TAIL_SUMMARY] label=mpi:ring steps=97 tail_total_ms=6707.522 tail_mean_ms=69.150 tail_min_ms=55.166 tail_max_ms=85.975
[Epoch 7] Hook timing summary done

[Epoch 8] Training... (lr at epoch start=0.072700)
  Batch [50/97] Loss: 1.5894, Acc: 41.62%, lr: 0.069022
[Epoch 8] Train Loss: 1.5813, Acc: 42.27%  |  Val Loss: 1.5154, Acc: 45.06%  |  Time: 18.6s
[Epoch 8] t_iter median: 110.06 ms  (fwd 14.99 | bwd+comm 89.76 | opt 5.24 | data 0.07)  |  train-only epoch: 10.8s
  -> Best model saved (45.06%)
[Epoch 8] Summarizing hook timing...

[HOOK_TIMING_SUMMARY] epoch=8
[HOOK_WORK_SUMMARY] label=mpi:ring calls=776 work_total_ms=7490.109 work_mean_ms=9.652 work_min_ms=6.347 work_max_ms=26.217
[HOOK_TAIL_SUMMARY] label=mpi:ring steps=97 tail_total_ms=6619.059 tail_mean_ms=68.238 tail_min_ms=50.829 tail_max_ms=81.914
[Epoch 8] Hook timing summary done

[Epoch 9] Training... (lr at epoch start=0.065451)
  Batch [50/97] Loss: 1.5346, Acc: 42.88%, lr: 0.061554
[Epoch 9] Train Loss: 1.5231, Acc: 43.04%  |  Val Loss: 1.5207, Acc: 49.02%  |  Time: 18.8s
[Epoch 9] t_iter median: 111.15 ms  (fwd 15.19 | bwd+comm 90.53 | opt 5.25 | data 0.08)  |  train-only epoch: 10.9s
  -> Best model saved (49.02%)
[Epoch 9] Summarizing hook timing...

[HOOK_TIMING_SUMMARY] epoch=9
[HOOK_WORK_SUMMARY] label=mpi:ring calls=776 work_total_ms=7589.652 work_mean_ms=9.780 work_min_ms=6.316 work_max_ms=27.796
[HOOK_TAIL_SUMMARY] label=mpi:ring steps=97 tail_total_ms=6674.990 tail_mean_ms=68.814 tail_min_ms=54.733 tail_max_ms=88.330
[Epoch 9] Hook timing summary done

[Epoch 10] Training... (lr at epoch start=0.057822)
  Batch [50/97] Loss: 1.4415, Acc: 49.00%, lr: 0.053802
[Epoch 10] Train Loss: 1.4264, Acc: 49.68%  |  Val Loss: 1.4109, Acc: 50.70%  |  Time: 18.8s
[Epoch 10] t_iter median: 110.72 ms  (fwd 15.21 | bwd+comm 90.04 | opt 5.24 | data 0.08)  |  train-only epoch: 10.9s
  -> Best model saved (50.70%)
[Epoch 10] Summarizing hook timing...

[HOOK_TIMING_SUMMARY] epoch=10
[HOOK_WORK_SUMMARY] label=mpi:ring calls=776 work_total_ms=7554.255 work_mean_ms=9.735 work_min_ms=6.330 work_max_ms=26.102
[HOOK_TAIL_SUMMARY] label=mpi:ring steps=97 tail_total_ms=6610.274 tail_mean_ms=68.147 tail_min_ms=53.500 tail_max_ms=83.285
[Epoch 10] Hook timing summary done

[Epoch 11] Training... (lr at epoch start=0.050000)
  Batch [50/97] Loss: 1.4338, Acc: 46.62%, lr: 0.045956
[Epoch 11] Train Loss: 1.4040, Acc: 47.94%  |  Val Loss: 1.3671, Acc: 53.66%  |  Time: 19.0s
[Epoch 11] t_iter median: 111.14 ms  (fwd 15.13 | bwd+comm 90.68 | opt 5.25 | data 0.08)  |  train-only epoch: 11.0s
  -> Best model saved (53.66%)
[Epoch 11] Summarizing hook timing...

[HOOK_TIMING_SUMMARY] epoch=11
[HOOK_WORK_SUMMARY] label=mpi:ring calls=776 work_total_ms=7735.305 work_mean_ms=9.968 work_min_ms=6.234 work_max_ms=122.150
[HOOK_TAIL_SUMMARY] label=mpi:ring steps=97 tail_total_ms=6749.903 tail_mean_ms=69.587 tail_min_ms=55.497 tail_max_ms=183.267
[Epoch 11] Hook timing summary done

[Epoch 12] Training... (lr at epoch start=0.042178)
  Batch [50/97] Loss: 1.3166, Acc: 52.38%, lr: 0.038210
[Epoch 12] Train Loss: 1.2734, Acc: 53.93%  |  Val Loss: 1.4554, Acc: 57.13%  |  Time: 18.9s
[Epoch 12] t_iter median: 110.33 ms  (fwd 15.24 | bwd+comm 89.67 | opt 5.25 | data 0.07)  |  train-only epoch: 10.8s
  -> Best model saved (57.13%)
[Epoch 12] Summarizing hook timing...

[HOOK_TIMING_SUMMARY] epoch=12
[HOOK_WORK_SUMMARY] label=mpi:ring calls=776 work_total_ms=7528.213 work_mean_ms=9.701 work_min_ms=6.224 work_max_ms=28.411
[HOOK_TAIL_SUMMARY] label=mpi:ring steps=97 tail_total_ms=6576.088 tail_mean_ms=67.795 tail_min_ms=55.308 tail_max_ms=80.588
[Epoch 12] Hook timing summary done

[Epoch 13] Training... (lr at epoch start=0.034549)
  Batch [50/97] Loss: 1.2137, Acc: 55.12%, lr: 0.030754
[Epoch 13] Train Loss: 1.2159, Acc: 55.61%  |  Val Loss: 1.1649, Acc: 59.75%  |  Time: 19.1s
[Epoch 13] t_iter median: 111.71 ms  (fwd 15.14 | bwd+comm 91.42 | opt 5.24 | data 0.07)  |  train-only epoch: 10.9s
  -> Best model saved (59.75%)
[Epoch 13] Summarizing hook timing...

[HOOK_TIMING_SUMMARY] epoch=13
[HOOK_WORK_SUMMARY] label=mpi:ring calls=776 work_total_ms=7655.592 work_mean_ms=9.865 work_min_ms=6.330 work_max_ms=28.668
[HOOK_TAIL_SUMMARY] label=mpi:ring steps=97 tail_total_ms=6789.371 tail_mean_ms=69.994 tail_min_ms=56.005 tail_max_ms=83.107
[Epoch 13] Hook timing summary done

[Epoch 14] Training... (lr at epoch start=0.027300)
  Batch [50/97] Loss: 1.2012, Acc: 55.75%, lr: 0.023772
[Epoch 14] Train Loss: 1.1653, Acc: 57.15%  |  Val Loss: 1.3643, Acc: 60.26%  |  Time: 19.1s
[Epoch 14] t_iter median: 110.73 ms  (fwd 15.14 | bwd+comm 90.42 | opt 5.25 | data 0.07)  |  train-only epoch: 10.9s
  -> Best model saved (60.26%)
[Epoch 14] Summarizing hook timing...

[HOOK_TIMING_SUMMARY] epoch=14
[HOOK_WORK_SUMMARY] label=mpi:ring calls=776 work_total_ms=7546.339 work_mean_ms=9.725 work_min_ms=6.348 work_max_ms=27.141
[HOOK_TAIL_SUMMARY] label=mpi:ring steps=97 tail_total_ms=6549.561 tail_mean_ms=67.521 tail_min_ms=53.380 tail_max_ms=80.557
[Epoch 14] Hook timing summary done

[Epoch 15] Training... (lr at epoch start=0.020611)
  Batch [50/97] Loss: 1.1524, Acc: 57.75%, lr: 0.017435
[Epoch 15] Train Loss: 1.1176, Acc: 59.66%  |  Val Loss: 1.1222, Acc: 64.26%  |  Time: 19.1s
[Epoch 15] t_iter median: 111.48 ms  (fwd 15.14 | bwd+comm 91.08 | opt 5.25 | data 0.08)  |  train-only epoch: 10.9s
  -> Best model saved (64.26%)
[Epoch 15] Summarizing hook timing...

[HOOK_TIMING_SUMMARY] epoch=15
[HOOK_WORK_SUMMARY] label=mpi:ring calls=776 work_total_ms=7612.980 work_mean_ms=9.811 work_min_ms=6.363 work_max_ms=28.704
[HOOK_TAIL_SUMMARY] label=mpi:ring steps=97 tail_total_ms=6725.569 tail_mean_ms=69.336 tail_min_ms=59.353 tail_max_ms=80.540
[Epoch 15] Hook timing summary done

[Epoch 16] Training... (lr at epoch start=0.014645)
  Batch [50/97] Loss: 1.0663, Acc: 62.50%, lr: 0.011901
[Epoch 16] Train Loss: 1.0381, Acc: 63.85%  |  Val Loss: 1.3135, Acc: 64.53%  |  Time: 19.2s
[Epoch 16] t_iter median: 110.98 ms  (fwd 15.18 | bwd+comm 90.48 | opt 5.24 | data 0.08)  |  train-only epoch: 10.9s
  -> Best model saved (64.53%)
[Epoch 16] Summarizing hook timing...

[HOOK_TIMING_SUMMARY] epoch=16
[HOOK_WORK_SUMMARY] label=mpi:ring calls=776 work_total_ms=7604.273 work_mean_ms=9.799 work_min_ms=6.319 work_max_ms=26.467
[HOOK_TAIL_SUMMARY] label=mpi:ring steps=97 tail_total_ms=6622.879 tail_mean_ms=68.277 tail_min_ms=57.780 tail_max_ms=80.649
[Epoch 16] Hook timing summary done

[Epoch 17] Training... (lr at epoch start=0.009549)
  Batch [50/97] Loss: 1.0039, Acc: 65.38%, lr: 0.007305
[Epoch 17] Train Loss: 0.9689, Acc: 65.59%  |  Val Loss: 1.5275, Acc: 65.51%  |  Time: 19.1s
[Epoch 17] t_iter median: 111.35 ms  (fwd 15.31 | bwd+comm 90.71 | opt 5.26 | data 0.07)  |  train-only epoch: 10.9s
  -> Best model saved (65.51%)
[Epoch 17] Summarizing hook timing...

[HOOK_TIMING_SUMMARY] epoch=17
[HOOK_WORK_SUMMARY] label=mpi:ring calls=776 work_total_ms=7603.333 work_mean_ms=9.798 work_min_ms=6.299 work_max_ms=27.285
[HOOK_TAIL_SUMMARY] label=mpi:ring steps=97 tail_total_ms=6614.675 tail_mean_ms=68.193 tail_min_ms=54.667 tail_max_ms=81.675
[Epoch 17] Hook timing summary done

[Epoch 18] Training... (lr at epoch start=0.005450)
  Batch [50/97] Loss: 0.9748, Acc: 64.25%, lr: 0.003760
[Epoch 18] Train Loss: 0.9703, Acc: 65.27%  |  Val Loss: 1.2812, Acc: 67.09%  |  Time: 19.2s
[Epoch 18] t_iter median: 111.47 ms  (fwd 15.19 | bwd+comm 91.25 | opt 5.24 | data 0.08)  |  train-only epoch: 10.9s
  -> Best model saved (67.09%)
[Epoch 18] Summarizing hook timing...

[HOOK_TIMING_SUMMARY] epoch=18
[HOOK_WORK_SUMMARY] label=mpi:ring calls=776 work_total_ms=7631.505 work_mean_ms=9.834 work_min_ms=6.312 work_max_ms=30.395
[HOOK_TAIL_SUMMARY] label=mpi:ring steps=97 tail_total_ms=6705.425 tail_mean_ms=69.128 tail_min_ms=58.253 tail_max_ms=81.944
[Epoch 18] Hook timing summary done

[Epoch 19] Training... (lr at epoch start=0.002447)
  Batch [50/97] Loss: 0.8909, Acc: 68.88%, lr: 0.001353
[Epoch 19] Train Loss: 0.9414, Acc: 66.88%  |  Val Loss: 1.6273, Acc: 66.85%  |  Time: 19.2s
[Epoch 19] t_iter median: 111.49 ms  (fwd 15.19 | bwd+comm 90.92 | opt 5.25 | data 0.07)  |  train-only epoch: 11.0s
[Epoch 19] Summarizing hook timing...

[HOOK_TIMING_SUMMARY] epoch=19
[HOOK_WORK_SUMMARY] label=mpi:ring calls=776 work_total_ms=7629.745 work_mean_ms=9.832 work_min_ms=6.263 work_max_ms=46.405
[HOOK_TAIL_SUMMARY] label=mpi:ring steps=97 tail_total_ms=6650.095 tail_mean_ms=68.558 tail_min_ms=54.853 tail_max_ms=81.298
[Epoch 19] Hook timing summary done

[Epoch 20] Training... (lr at epoch start=0.000616)
  Batch [50/97] Loss: 0.9131, Acc: 68.00%, lr: 0.000145
[Epoch 20] Train Loss: 0.8951, Acc: 67.91%  |  Val Loss: 2.0164, Acc: 66.24%  |  Time: 19.1s
[Epoch 20] t_iter median: 111.51 ms  (fwd 15.29 | bwd+comm 91.15 | opt 5.23 | data 0.07)  |  train-only epoch: 11.0s
[Epoch 20] Summarizing hook timing...

[HOOK_TIMING_SUMMARY] epoch=20
[HOOK_WORK_SUMMARY] label=mpi:ring calls=776 work_total_ms=7581.736 work_mean_ms=9.770 work_min_ms=6.310 work_max_ms=28.597
[HOOK_TAIL_SUMMARY] label=mpi:ring steps=97 tail_total_ms=6724.392 tail_mean_ms=69.324 tail_min_ms=55.589 tail_max_ms=81.812
[Epoch 20] Hook timing summary done

================================================================================
Done in 443.7s | Best val acc: 67.09%
Epoch times (train+val): mean=19.2s  min=18.6s  max=21.3s
Train-only epoch time (epochs 2..N): median=10.92s  min=10.80s  max=11.46s
  -> use this for STRONG scaling (fixed global batch)
  -> use t_iter_median_ms from the CSV for WEAK scaling (fixed local batch)
================================================================================
=== Finished training: model=wide_resnet50_2, dataset=cifar10, batch=16, lr=0.1, scheduler=cosine, backend=mpi, hook=ring, zfp_rate=none, status=0 at Mon Jul 20 09:16:31 AM EDT 2026 ===
=== Starting: model=wide_resnet50_2, ws=32, bs=16, gb=512, lr=0.1, sched=cosine, warmup=0, mom=0.9, wd=5e-4, nesterov=true, wd_bn_bias=false, backend=mpi, hook=ring_zfp_naive, zfp=16 at Mon Jul 20 09:16:31 AM EDT 2026 ===
MIOPEN_USER_DB_PATH=/mnt/bb/matilderestelli/miopen_cache_5035615/miopen_db
MIOPEN_CUSTOM_CACHE_DIR=/mnt/bb/matilderestelli/miopen_cache_5035615/kernel_cache
drwxr-sr-x 2 matilderestelli gen243 103 Jul 14 05:38 /mnt/bb/matilderestelli/miopen_cache_5035615/miopen_db
==== GPU visibility debug (batch shell) ====
frontier10349
ROCR_VISIBLE_DEVICES=0,1,2,3,4,5,6,7
SLURM_JOB_GPUS=0,1,2,3,4,5,6,7
[37mROCk module version 6.16.13 is loaded[0m
=====================    
HSA System Attributes    
=====================    
Runtime Version:         1.18
Runtime Ext Version:     1.14
System Timestamp Freq.:  1000.000000MHz
Sig. Max Wait Duration:  18446744073709551615 (0xFFFFFFFFFFFFFFFF) (timestamp count)
Machine Model:           LARGE                              
System Endianness:       LITTLE                             
Mwaitx:                  DISABLED
XNACK enabled:           NO
DMAbuf Support:          YES
VMM Support:             YES

==========               
HSA Agents               
==========               
*******                  
Agent 1                  
*******                  
  Name:                    AMD EPYC 7A53 64-Core Processor    
  Uuid:                    CPU-XX                             
  Marketing Name:          AMD EPYC 7A53 64-Core Processor    
  Vendor Name:             CPU                                
  Feature:                 None specified                     
  Profile:                 FULL_PROFILE                       
  Float Round Mode:        NEAR                               
  Max Queue Number:        0(0x0)                             
  Queue Min Size:          0(0x0)                             

================================================================================
DISTRIBUTED TRAINING LAUNCHER
================================================================================
  Model:      wide_resnet50_2 (CIFAR stem) (from scratch)
  Dataset:    cifar10 (10 classes)
  Image size: 32
  LR:         0.1
  Momentum:   0.9 (nesterov=True)
  Optimizer:  sgd
  Weight dec: 0.0005 (on BN/bias=False)
  Backend:    mpi
  Algorithm:  ring_zfp_naive
  ZFP rate:   16
  Epochs:     20
  Batch/rank: 16
  LR:         0.1
  Scheduler:  cosine
  Warmup:     0
  Grad clip:  None
  Drop last:  True
  Data dir:   ./data
================================================================================


================================================================================
DISTRIBUTED TRAINING LAUNCHER
================================================================================
  Model:      wide_resnet50_2 (CIFAR stem) (from scratch)
  Dataset:    cifar10 (10 classes)
  Image size: 32
  LR:         0.1
  Momentum:   0.9 (nesterov=True)
  Optimizer:  sgd
  Weight dec: 0.0005 (on BN/bias=False)
  Backend:    mpi
  Algorithm:  ring_zfp_naive
  ZFP rate:   16
  Epochs:     20
  Batch/rank: 16
  LR:         0.1
  Scheduler:  cosine
  Warmup:     0
  Grad clip:  None
  Drop last:  True
  Data dir:   ./data
================================================================================

================================================================================
DISTRIBUTED TRAINING LAUNCHER
================================================================================
  Model:      wide_resnet50_2 (CIFAR stem) (from scratch)
  Dataset:    cifar10 (10 classes)
  Image size: 32
  LR:         0.1
  Momentum:   0.9 (nesterov=True)
  Optimizer:  sgd
  Weight dec: 0.0005 (on BN/bias=False)
  Backend:    mpi
  Algorithm:  ring_zfp_naive
  ZFP rate:   16
  Epochs:     20
  Batch/rank: 16
  LR:         0.1
  Scheduler:  cosine
  Warmup:     0
  Grad clip:  None
  Drop last:  True
  Data dir:   ./data
================================================================================



================================================================================
DISTRIBUTED TRAINING LAUNCHER
================================================================================
  Model:      wide_resnet50_2 (CIFAR stem) (from scratch)
  Dataset:    cifar10 (10 classes)
  Image size: 32
  LR:         0.1
  Momentum:   0.9 (nesterov=True)
  Optimizer:  sgd
  Weight dec: 0.0005 (on BN/bias=False)
  Backend:    mpi
  Algorithm:  ring_zfp_naive
  ZFP rate:   16
  Epochs:     20
  Batch/rank: 16
  LR:         0.1
  Scheduler:  cosine
  Warmup:     0
  Grad clip:  None
  Drop last:  True
  Data dir:   ./data
================================================================================


================================================================================
DISTRIBUTED TRAINING LAUNCHER
================================================================================
  Model:      wide_resnet50_2 (CIFAR stem) (from scratch)
  Dataset:    cifar10 (10 classes)
  Image size: 32
  LR:         0.1
  Momentum:   0.9 (nesterov=True)
  Optimizer:  sgd
  Weight dec: 0.0005 (on BN/bias=False)
  Backend:    mpi
  Algorithm:  ring_zfp_naive
  ZFP rate:   16
  Epochs:     20
  Batch/rank: 16
  LR:         0.1
  Scheduler:  cosine
  Warmup:     0
  Grad clip:  None
  Drop last:  True
  Data dir:   ./data
================================================================================


================================================================================
DISTRIBUTED TRAINING LAUNCHER
================================================================================
  Model:      wide_resnet50_2 (CIFAR stem) (from scratch)
  Dataset:    cifar10 (10 classes)
  Image size: 32
  LR:         0.1
  Momentum:   0.9 (nesterov=True)
  Optimizer:  sgd
  Weight dec: 0.0005 (on BN/bias=False)
  Backend:    mpi
  Algorithm:  ring_zfp_naive
  ZFP rate:   16
  Epochs:     20
  Batch/rank: 16
  LR:         0.1
  Scheduler:  cosine
  Warmup:     0
  Grad clip:  None
  Drop last:  True
  Data dir:   ./data
================================================================================


================================================================================
DISTRIBUTED TRAINING LAUNCHER
================================================================================
  Model:      wide_resnet50_2 (CIFAR stem) (from scratch)
  Dataset:    cifar10 (10 classes)
  Image size: 32
  LR:         0.1
  Momentum:   0.9 (nesterov=True)
  Optimizer:  sgd
  Weight dec: 0.0005 (on BN/bias=False)
  Backend:    mpi
  Algorithm:  ring_zfp_naive
  ZFP rate:   16
  Epochs:     20
  Batch/rank: 16
  LR:         0.1
  Scheduler:  cosine
  Warmup:     0
  Grad clip:  None
  Drop last:  True
  Data dir:   ./data
================================================================================


================================================================================
DISTRIBUTED TRAINING LAUNCHER
================================================================================
  Model:      wide_resnet50_2 (CIFAR stem) (from scratch)
  Dataset:    cifar10 (10 classes)
  Image size: 32
  LR:         0.1
  Momentum:   0.9 (nesterov=True)
  Optimizer:  sgd
  Weight dec: 0.0005 (on BN/bias=False)
  Backend:    mpi
  Algorithm:  ring_zfp_naive
  ZFP rate:   16
  Epochs:     20
  Batch/rank: 16
  LR:         0.1
  Scheduler:  cosine
  Warmup:     0
  Grad clip:  None
  Drop last:  True
  Data dir:   ./data
================================================================================


================================================================================
DISTRIBUTED TRAINING LAUNCHER
================================================================================
  Model:      wide_resnet50_2 (CIFAR stem) (from scratch)
  Dataset:    cifar10 (10 classes)
  Image size: 32
  LR:         0.1
  Momentum:   0.9 (nesterov=True)
  Optimizer:  sgd
  Weight dec: 0.0005 (on BN/bias=False)
  Backend:    mpi
  Algorithm:  ring_zfp_naive
  ZFP rate:   16
  Epochs:     20
  Batch/rank: 16
  LR:         0.1
  Scheduler:  cosine
  Warmup:     0
  Grad clip:  None
  Drop last:  True
  Data dir:   ./data
================================================================================


================================================================================
DISTRIBUTED TRAINING LAUNCHER
================================================================================
  Model:      wide_resnet50_2 (CIFAR stem) (from scratch)
  Dataset:    cifar10 (10 classes)
  Image size: 32
  LR:         0.1
  Momentum:   0.9 (nesterov=True)
  Optimizer:  sgd
  Weight dec: 0.0005 (on BN/bias=False)
  Backend:    mpi
  Algorithm:  ring_zfp_naive
  ZFP rate:   16
  Epochs:     20
  Batch/rank: 16
  LR:         0.1
  Scheduler:  cosine
  Warmup:     0
  Grad clip:  None
  Drop last:  True
  Data dir:   ./data
================================================================================


================================================================================
DISTRIBUTED TRAINING LAUNCHER
================================================================================
  Model:      wide_resnet50_2 (CIFAR stem) (from scratch)
  Dataset:    cifar10 (10 classes)
  Image size: 32
  LR:         0.1
  Momentum:   0.9 (nesterov=True)
  Optimizer:  sgd
  Weight dec: 0.0005 (on BN/bias=False)
  Backend:    mpi
  Algorithm:  ring_zfp_naive
  ZFP rate:   16
  Epochs:     20
  Batch/rank: 16
  LR:         0.1
  Scheduler:  cosine
  Warmup:     0
  Grad clip:  None
  Drop last:  True
  Data dir:   ./data
================================================================================


================================================================================
DISTRIBUTED TRAINING LAUNCHER
================================================================================
  Model:      wide_resnet50_2 (CIFAR stem) (from scratch)
  Dataset:    cifar10 (10 classes)
  Image size: 32
  LR:         0.1
  Momentum:   0.9 (nesterov=True)
  Optimizer:  sgd
  Weight dec: 0.0005 (on BN/bias=False)
  Backend:    mpi
  Algorithm:  ring_zfp_naive
  ZFP rate:   16
  Epochs:     20
  Batch/rank: 16
  LR:         0.1
  Scheduler:  cosine
  Warmup:     0
  Grad clip:  None
  Drop last:  True
  Data dir:   ./data
================================================================================


================================================================================
DISTRIBUTED TRAINING LAUNCHER
================================================================================
  Model:      wide_resnet50_2 (CIFAR stem) (from scratch)
  Dataset:    cifar10 (10 classes)
  Image size: 32
  LR:         0.1
  Momentum:   0.9 (nesterov=True)
  Optimizer:  sgd
  Weight dec: 0.0005 (on BN/bias=False)
  Backend:    mpi
  Algorithm:  ring_zfp_naive
  ZFP rate:   16
  Epochs:     20
  Batch/rank: 16
  LR:         0.1
  Scheduler:  cosine
  Warmup:     0
  Grad clip:  None
  Drop last:  True
  Data dir:   ./data
================================================================================


================================================================================
DISTRIBUTED TRAINING LAUNCHER
================================================================================
  Model:      wide_resnet50_2 (CIFAR stem) (from scratch)
  Dataset:    cifar10 (10 classes)
  Image size: 32
  LR:         0.1
  Momentum:   0.9 (nesterov=True)
  Optimizer:  sgd
  Weight dec: 0.0005 (on BN/bias=False)
  Backend:    mpi
  Algorithm:  ring_zfp_naive
  ZFP rate:   16
  Epochs:     20
  Batch/rank: 16
  LR:         0.1
  Scheduler:  cosine
  Warmup:     0
  Grad clip:  None
  Drop last:  True
  Data dir:   ./data
================================================================================


================================================================================
DISTRIBUTED TRAINING LAUNCHER
================================================================================
  Model:      wide_resnet50_2 (CIFAR stem) (from scratch)
  Dataset:    cifar10 (10 classes)
  Image size: 32
  LR:         0.1
  Momentum:   0.9 (nesterov=True)
  Optimizer:  sgd
  Weight dec: 0.0005 (on BN/bias=False)
  Backend:    mpi
  Algorithm:  ring_zfp_naive
  ZFP rate:   16
  Epochs:     20
  Batch/rank: 16
  LR:         0.1
  Scheduler:  cosine
  Warmup:     0
  Grad clip:  None
  Drop last:  True
  Data dir:   ./data
================================================================================


================================================================================
DISTRIBUTED TRAINING LAUNCHER
================================================================================
  Model:      wide_resnet50_2 (CIFAR stem) (from scratch)
  Dataset:    cifar10 (10 classes)
  Image size: 32
  LR:         0.1
  Momentum:   0.9 (nesterov=True)
  Optimizer:  sgd
  Weight dec: 0.0005 (on BN/bias=False)
  Backend:    mpi
  Algorithm:  ring_zfp_naive
  ZFP rate:   16
  Epochs:     20
  Batch/rank: 16
  LR:         0.1
  Scheduler:  cosine
  Warmup:     0
  Grad clip:  None
  Drop last:  True
  Data dir:   ./data
================================================================================


================================================================================
DISTRIBUTED TRAINING LAUNCHER
================================================================================
  Model:      wide_resnet50_2 (CIFAR stem) (from scratch)
  Dataset:    cifar10 (10 classes)
  Image size: 32
  LR:         0.1
  Momentum:   0.9 (nesterov=True)
  Optimizer:  sgd
  Weight dec: 0.0005 (on BN/bias=False)
  Backend:    mpi
  Algorithm:  ring_zfp_naive
  ZFP rate:   16
  Epochs:     20
  Batch/rank: 16
  LR:         0.1
  Scheduler:  cosine
  Warmup:     0
  Grad clip:  None
  Drop last:  True
  Data dir:   ./data
================================================================================


================================================================================
DISTRIBUTED TRAINING LAUNCHER
================================================================================
  Model:      wide_resnet50_2 (CIFAR stem) (from scratch)
  Dataset:    cifar10 (10 classes)
  Image size: 32
  LR:         0.1
  Momentum:   0.9 (nesterov=True)
  Optimizer:  sgd
  Weight dec: 0.0005 (on BN/bias=False)
  Backend:    mpi
  Algorithm:  ring_zfp_naive
  ZFP rate:   16
  Epochs:     20
  Batch/rank: 16
  LR:         0.1
  Scheduler:  cosine
  Warmup:     0
  Grad clip:  None
  Drop last:  True
  Data dir:   ./data
================================================================================


================================================================================
DISTRIBUTED TRAINING LAUNCHER
================================================================================
  Model:      wide_resnet50_2 (CIFAR stem) (from scratch)
  Dataset:    cifar10 (10 classes)
  Image size: 32
  LR:         0.1
  Momentum:   0.9 (nesterov=True)
  Optimizer:  sgd
  Weight dec: 0.0005 (on BN/bias=False)
  Backend:    mpi
  Algorithm:  ring_zfp_naive
  ZFP rate:   16
  Epochs:     20
  Batch/rank: 16
  LR:         0.1
  Scheduler:  cosine
  Warmup:     0
  Grad clip:  None
  Drop last:  True
  Data dir:   ./data
================================================================================


================================================================================
DISTRIBUTED TRAINING LAUNCHER
================================================================================
  Model:      wide_resnet50_2 (CIFAR stem) (from scratch)
  Dataset:    cifar10 (10 classes)
  Image size: 32
  LR:         0.1
  Momentum:   0.9 (nesterov=True)
  Optimizer:  sgd
  Weight dec: 0.0005 (on BN/bias=False)
  Backend:    mpi
  Algorithm:  ring_zfp_naive
  ZFP rate:   16
  Epochs:     20
  Batch/rank: 16
  LR:         0.1
  Scheduler:  cosine
  Warmup:     0
  Grad clip:  None
  Drop last:  True
  Data dir:   ./data
================================================================================


================================================================================
DISTRIBUTED TRAINING LAUNCHER
================================================================================
  Model:      wide_resnet50_2 (CIFAR stem) (from scratch)
  Dataset:    cifar10 (10 classes)
  Image size: 32
  LR:         0.1
  Momentum:   0.9 (nesterov=True)
  Optimizer:  sgd
  Weight dec: 0.0005 (on BN/bias=False)
  Backend:    mpi
  Algorithm:  ring_zfp_naive
  ZFP rate:   16
  Epochs:     20
  Batch/rank: 16
  LR:         0.1
  Scheduler:  cosine
  Warmup:     0
  Grad clip:  None
  Drop last:  True
  Data dir:   ./data
================================================================================


================================================================================
DISTRIBUTED TRAINING LAUNCHER
================================================================================
  Model:      wide_resnet50_2 (CIFAR stem) (from scratch)
  Dataset:    cifar10 (10 classes)
  Image size: 32
  LR:         0.1
  Momentum:   0.9 (nesterov=True)
  Optimizer:  sgd
  Weight dec: 0.0005 (on BN/bias=False)
  Backend:    mpi
  Algorithm:  ring_zfp_naive
  ZFP rate:   16
  Epochs:     20
  Batch/rank: 16
  LR:         0.1
  Scheduler:  cosine
  Warmup:     0
  Grad clip:  None
  Drop last:  True
  Data dir:   ./data
================================================================================


================================================================================
DISTRIBUTED TRAINING LAUNCHER
================================================================================
  Model:      wide_resnet50_2 (CIFAR stem) (from scratch)
  Dataset:    cifar10 (10 classes)
  Image size: 32
  LR:         0.1
  Momentum:   0.9 (nesterov=True)
  Optimizer:  sgd
  Weight dec: 0.0005 (on BN/bias=False)
  Backend:    mpi
  Algorithm:  ring_zfp_naive
  ZFP rate:   16
  Epochs:     20
  Batch/rank: 16
  LR:         0.1
  Scheduler:  cosine
  Warmup:     0
  Grad clip:  None
  Drop last:  True
  Data dir:   ./data
================================================================================


================================================================================
DISTRIBUTED TRAINING LAUNCHER
================================================================================
  Model:      wide_resnet50_2 (CIFAR stem) (from scratch)
  Dataset:    cifar10 (10 classes)
  Image size: 32
  LR:         0.1
  Momentum:   0.9 (nesterov=True)
  Optimizer:  sgd
  Weight dec: 0.0005 (on BN/bias=False)
  Backend:    mpi
  Algorithm:  ring_zfp_naive
  ZFP rate:   16
  Epochs:     20
  Batch/rank: 16
  LR:         0.1
  Scheduler:  cosine
  Warmup:     0
  Grad clip:  None
  Drop last:  True
  Data dir:   ./data
================================================================================


================================================================================
DISTRIBUTED TRAINING LAUNCHER
================================================================================
  Model:      wide_resnet50_2 (CIFAR stem) (from scratch)
  Dataset:    cifar10 (10 classes)
  Image size: 32
  LR:         0.1
  Momentum:   0.9 (nesterov=True)
  Optimizer:  sgd
  Weight dec: 0.0005 (on BN/bias=False)
  Backend:    mpi
  Algorithm:  ring_zfp_naive
  ZFP rate:   16
  Epochs:     20
  Batch/rank: 16
  LR:         0.1
  Scheduler:  cosine
  Warmup:     0
  Grad clip:  None
  Drop last:  True
  Data dir:   ./data
================================================================================


================================================================================
DISTRIBUTED TRAINING LAUNCHER
================================================================================
  Model:      wide_resnet50_2 (CIFAR stem) (from scratch)
  Dataset:    cifar10 (10 classes)
  Image size: 32
  LR:         0.1
  Momentum:   0.9 (nesterov=True)
  Optimizer:  sgd
  Weight dec: 0.0005 (on BN/bias=False)
  Backend:    mpi
  Algorithm:  ring_zfp_naive
  ZFP rate:   16
  Epochs:     20
  Batch/rank: 16
  LR:         0.1
  Scheduler:  cosine
  Warmup:     0
  Grad clip:  None
  Drop last:  True
  Data dir:   ./data
================================================================================


================================================================================
DISTRIBUTED TRAINING LAUNCHER
================================================================================
  Model:      wide_resnet50_2 (CIFAR stem) (from scratch)
  Dataset:    cifar10 (10 classes)
  Image size: 32
  LR:         0.1
  Momentum:   0.9 (nesterov=True)
  Optimizer:  sgd
  Weight dec: 0.0005 (on BN/bias=False)
  Backend:    mpi
  Algorithm:  ring_zfp_naive
  ZFP rate:   16
  Epochs:     20
  Batch/rank: 16
  LR:         0.1
  Scheduler:  cosine
  Warmup:     0
  Grad clip:  None
  Drop last:  True
  Data dir:   ./data
================================================================================


================================================================================
DISTRIBUTED TRAINING LAUNCHER
================================================================================
  Model:      wide_resnet50_2 (CIFAR stem) (from scratch)
  Dataset:    cifar10 (10 classes)
  Image size: 32
  LR:         0.1
  Momentum:   0.9 (nesterov=True)
  Optimizer:  sgd
  Weight dec: 0.0005 (on BN/bias=False)
  Backend:    mpi
  Algorithm:  ring_zfp_naive
  ZFP rate:   16
  Epochs:     20
  Batch/rank: 16
  LR:         0.1
  Scheduler:  cosine
  Warmup:     0
  Grad clip:  None
  Drop last:  True
  Data dir:   ./data
================================================================================


================================================================================
DISTRIBUTED TRAINING LAUNCHER
================================================================================
  Model:      wide_resnet50_2 (CIFAR stem) (from scratch)
  Dataset:    cifar10 (10 classes)
  Image size: 32
  LR:         0.1
  Momentum:   0.9 (nesterov=True)
  Optimizer:  sgd
  Weight dec: 0.0005 (on BN/bias=False)
  Backend:    mpi
  Algorithm:  ring_zfp_naive
  ZFP rate:   16
  Epochs:     20
  Batch/rank: 16
  LR:         0.1
  Scheduler:  cosine
  Warmup:     0
  Grad clip:  None
  Drop last:  True
  Data dir:   ./data
================================================================================


================================================================================
DISTRIBUTED TRAINING LAUNCHER
================================================================================
  Model:      wide_resnet50_2 (CIFAR stem) (from scratch)
  Dataset:    cifar10 (10 classes)
  Image size: 32
  LR:         0.1
  Momentum:   0.9 (nesterov=True)
  Optimizer:  sgd
  Weight dec: 0.0005 (on BN/bias=False)
  Backend:    mpi
  Algorithm:  ring_zfp_naive
  ZFP rate:   16
  Epochs:     20
  Batch/rank: 16
  LR:         0.1
  Scheduler:  cosine
  Warmup:     0
  Grad clip:  None
  Drop last:  True
  Data dir:   ./data
================================================================================


================================================================================
DISTRIBUTED TRAINING LAUNCHER
================================================================================
  Model:      wide_resnet50_2 (CIFAR stem) (from scratch)
  Dataset:    cifar10 (10 classes)
  Image size: 32
  LR:         0.1
  Momentum:   0.9 (nesterov=True)
  Optimizer:  sgd
  Weight dec: 0.0005 (on BN/bias=False)
  Backend:    mpi
  Algorithm:  ring_zfp_naive
  ZFP rate:   16
  Epochs:     20
  Batch/rank: 16
  LR:         0.1
  Scheduler:  cosine
  Warmup:     0
  Grad clip:  None
  Drop last:  True
  Data dir:   ./data
================================================================================


================================================================================
DISTRIBUTED TRAINING LAUNCHER
================================================================================
  Model:      wide_resnet50_2 (CIFAR stem) (from scratch)
  Dataset:    cifar10 (10 classes)
  Image size: 32
  LR:         0.1
  Momentum:   0.9 (nesterov=True)
  Optimizer:  sgd
  Weight dec: 0.0005 (on BN/bias=False)
  Backend:    mpi
  Algorithm:  ring_zfp_naive
  ZFP rate:   16
  Epochs:     20
  Batch/rank: 16
  LR:         0.1
  Scheduler:  cosine
  Warmup:     0
  Grad clip:  None
  Drop last:  True
  Data dir:   ./data
================================================================================


================================================================================
Distributed Training: WIDE_RESNET50_2 on CIFAR10
Backend: MPI, Algorithm: ring_zfp_naive
================================================================================
Ranks: 32, Epochs: 20, Batch/rank: 16, Effective batch: 512
LR: 0.1, Device: cuda:0

[Cache] Pretrained weights cache (TORCH_HOME) = /lustre/orion/gen243/proj-shared/matilderestelli/pretrained_weights_cache
[Setup] Model on cuda:0, wrapped in DDP (static_graph=True)
[Setup] Hook registered: mpi/ring_zfp_naive
[Optim] SGD: lr=0.1 momentum=0.9 nesterov=True wd=0.0005 wd_on_bn_bias=False
[Optim]   group 0: 66,778,816 params, wd=0.0005
[Optim]   group 1: 68,234 params, wd=0.0
[Data] Train batches: 97, Val batches: 625

[Sched] cosine: steps/epoch=97, total_steps=1940, warmup_steps=0 (0 epochs)


[Epoch 1] Training... (lr at epoch start=0.100000)
  Batch [50/97] Loss: 7.8485, Acc: 12.38%, lr: 0.099836
[Epoch 1] Train Loss: 5.2316, Acc: 13.27%  |  Val Loss: 2.3861, Acc: 11.21%  |  Time: 43.6s
[Epoch 1] t_iter median: 343.92 ms  (fwd 15.22 | bwd+comm 323.48 | opt 5.26 | data 0.09)  |  train-only epoch: 35.9s
  -> Best model saved (11.21%)
[Epoch 1] Summarizing hook timing...

[HOOK_TIMING_SUMMARY] epoch=1
[HOOK_WORK_SUMMARY] label=mpi:ring_zfp_naive:rate16 calls=769 work_total_ms=30432.980 work_mean_ms=39.575 work_min_ms=35.477 work_max_ms=237.923
[HOOK_TAIL_SUMMARY] label=mpi:ring_zfp_naive:rate16 steps=98 tail_total_ms=29402.248 tail_mean_ms=300.023 tail_min_ms=194.399 tail_max_ms=497.145
[Epoch 1] Hook timing summary done

[Epoch 2] Training... (lr at epoch start=0.099384)
  Batch [50/97] Loss: 2.2814, Acc: 16.50%, lr: 0.098590
[Epoch 2] Train Loss: 2.2758, Acc: 17.01%  |  Val Loss: 2.1593, Acc: 16.66%  |  Time: 41.6s
[Epoch 2] t_iter median: 346.45 ms  (fwd 15.28 | bwd+comm 325.94 | opt 5.29 | data 0.09)  |  train-only epoch: 33.8s
  -> Best model saved (16.66%)
[Epoch 2] Summarizing hook timing...

[HOOK_TIMING_SUMMARY] epoch=2
[HOOK_WORK_SUMMARY] label=mpi:ring_zfp_naive:rate16 calls=776 work_total_ms=30515.427 work_mean_ms=39.324 work_min_ms=35.811 work_max_ms=103.400
[HOOK_TAIL_SUMMARY] label=mpi:ring_zfp_naive:rate16 steps=97 tail_total_ms=29348.942 tail_mean_ms=302.566 tail_min_ms=288.789 tail_max_ms=356.817
[Epoch 2] Hook timing summary done

[Epoch 3] Training... (lr at epoch start=0.097553)
  Batch [50/97] Loss: 2.1946, Acc: 19.50%, lr: 0.096147
[Epoch 3] Train Loss: 2.1794, Acc: 20.43%  |  Val Loss: 2.1117, Acc: 22.77%  |  Time: 41.8s
[Epoch 3] t_iter median: 346.72 ms  (fwd 15.46 | bwd+comm 325.88 | opt 5.29 | data 0.09)  |  train-only epoch: 33.9s
  -> Best model saved (22.77%)
[Epoch 3] Summarizing hook timing...

[HOOK_TIMING_SUMMARY] epoch=3
[HOOK_WORK_SUMMARY] label=mpi:ring_zfp_naive:rate16 calls=776 work_total_ms=30595.474 work_mean_ms=39.427 work_min_ms=35.923 work_max_ms=191.370
[HOOK_TAIL_SUMMARY] label=mpi:ring_zfp_naive:rate16 steps=97 tail_total_ms=29403.814 tail_mean_ms=303.132 tail_min_ms=279.344 tail_max_ms=459.486
[Epoch 3] Hook timing summary done

[Epoch 4] Training... (lr at epoch start=0.094550)
  Batch [50/97] Loss: 2.0196, Acc: 23.75%, lr: 0.092568
[Epoch 4] Train Loss: 1.9827, Acc: 24.94%  |  Val Loss: 2.0399, Acc: 24.53%  |  Time: 41.6s
[Epoch 4] t_iter median: 347.06 ms  (fwd 15.58 | bwd+comm 326.60 | opt 5.28 | data 0.09)  |  train-only epoch: 33.8s
  -> Best model saved (24.53%)
[Epoch 4] Summarizing hook timing...

[HOOK_TIMING_SUMMARY] epoch=4
[HOOK_WORK_SUMMARY] label=mpi:ring_zfp_naive:rate16 calls=776 work_total_ms=30462.554 work_mean_ms=39.256 work_min_ms=36.112 work_max_ms=58.121
[HOOK_TAIL_SUMMARY] label=mpi:ring_zfp_naive:rate16 steps=97 tail_total_ms=29124.289 tail_mean_ms=300.250 tail_min_ms=283.304 tail_max_ms=313.282
[Epoch 4] Hook timing summary done

[Epoch 5] Training... (lr at epoch start=0.090451)
  Batch [50/97] Loss: 1.9806, Acc: 25.12%, lr: 0.087941
[Epoch 5] Train Loss: 1.9203, Acc: 28.16%  |  Val Loss: 1.8816, Acc: 31.23%  |  Time: 41.2s
[Epoch 5] t_iter median: 345.96 ms  (fwd 15.55 | bwd+comm 324.75 | opt 5.28 | data 0.09)  |  train-only epoch: 33.3s
  -> Best model saved (31.23%)
[Epoch 5] Summarizing hook timing...

[HOOK_TIMING_SUMMARY] epoch=5
[HOOK_WORK_SUMMARY] label=mpi:ring_zfp_naive:rate16 calls=776 work_total_ms=30010.724 work_mean_ms=38.674 work_min_ms=33.533 work_max_ms=58.505
[HOOK_TAIL_SUMMARY] label=mpi:ring_zfp_naive:rate16 steps=97 tail_total_ms=28659.341 tail_mean_ms=295.457 tail_min_ms=270.970 tail_max_ms=312.565
[Epoch 5] Hook timing summary done

[Epoch 6] Training... (lr at epoch start=0.085355)
  Batch [50/97] Loss: 1.7538, Acc: 34.62%, lr: 0.082380
[Epoch 6] Train Loss: 1.7404, Acc: 35.44%  |  Val Loss: 2.8936, Acc: 36.32%  |  Time: 40.3s
[Epoch 6] t_iter median: 326.39 ms  (fwd 15.52 | bwd+comm 305.70 | opt 5.26 | data 0.09)  |  train-only epoch: 32.3s
  -> Best model saved (36.32%)
[Epoch 6] Summarizing hook timing...

[HOOK_TIMING_SUMMARY] epoch=6
[HOOK_WORK_SUMMARY] label=mpi:ring_zfp_naive:rate16 calls=776 work_total_ms=28903.072 work_mean_ms=37.246 work_min_ms=33.266 work_max_ms=442.426
[HOOK_TAIL_SUMMARY] label=mpi:ring_zfp_naive:rate16 steps=97 tail_total_ms=27850.048 tail_mean_ms=287.114 tail_min_ms=263.257 tail_max_ms=705.342
[Epoch 6] Hook timing summary done

[Epoch 7] Training... (lr at epoch start=0.079389)
  Batch [50/97] Loss: 1.6539, Acc: 37.00%, lr: 0.076021
[Epoch 7] Train Loss: 1.6198, Acc: 39.18%  |  Val Loss: 1.8489, Acc: 42.14%  |  Time: 39.9s
[Epoch 7] t_iter median: 327.73 ms  (fwd 15.57 | bwd+comm 306.80 | opt 5.26 | data 0.09)  |  train-only epoch: 31.9s
  -> Best model saved (42.14%)
[Epoch 7] Summarizing hook timing...

[HOOK_TIMING_SUMMARY] epoch=7
[HOOK_WORK_SUMMARY] label=mpi:ring_zfp_naive:rate16 calls=776 work_total_ms=28500.694 work_mean_ms=36.728 work_min_ms=33.258 work_max_ms=58.802
[HOOK_TAIL_SUMMARY] label=mpi:ring_zfp_naive:rate16 steps=97 tail_total_ms=27428.749 tail_mean_ms=282.771 tail_min_ms=268.466 tail_max_ms=299.013
[Epoch 7] Hook timing summary done

[Epoch 8] Training... (lr at epoch start=0.072700)
  Batch [50/97] Loss: 1.5514, Acc: 43.12%, lr: 0.069022
[Epoch 8] Train Loss: 1.5139, Acc: 44.27%  |  Val Loss: 1.6400, Acc: 48.49%  |  Time: 40.0s
[Epoch 8] t_iter median: 328.55 ms  (fwd 15.55 | bwd+comm 307.63 | opt 5.26 | data 0.09)  |  train-only epoch: 32.0s
  -> Best model saved (48.49%)
[Epoch 8] Summarizing hook timing...

[HOOK_TIMING_SUMMARY] epoch=8
[HOOK_WORK_SUMMARY] label=mpi:ring_zfp_naive:rate16 calls=776 work_total_ms=28586.453 work_mean_ms=36.838 work_min_ms=33.533 work_max_ms=57.119
[HOOK_TAIL_SUMMARY] label=mpi:ring_zfp_naive:rate16 steps=97 tail_total_ms=27461.015 tail_mean_ms=283.103 tail_min_ms=270.618 tail_max_ms=299.243
[Epoch 8] Hook timing summary done

[Epoch 9] Training... (lr at epoch start=0.065451)
  Batch [50/97] Loss: 1.5169, Acc: 45.50%, lr: 0.061554
[Epoch 9] Train Loss: 1.4804, Acc: 45.10%  |  Val Loss: 2.6673, Acc: 48.63%  |  Time: 40.0s
[Epoch 9] t_iter median: 328.11 ms  (fwd 15.61 | bwd+comm 307.26 | opt 5.26 | data 0.09)  |  train-only epoch: 31.9s
  -> Best model saved (48.63%)
[Epoch 9] Summarizing hook timing...

[HOOK_TIMING_SUMMARY] epoch=9
[HOOK_WORK_SUMMARY] label=mpi:ring_zfp_naive:rate16 calls=776 work_total_ms=28528.438 work_mean_ms=36.763 work_min_ms=33.334 work_max_ms=55.276
[HOOK_TAIL_SUMMARY] label=mpi:ring_zfp_naive:rate16 steps=97 tail_total_ms=27409.383 tail_mean_ms=282.571 tail_min_ms=267.838 tail_max_ms=304.543
[Epoch 9] Hook timing summary done

[Epoch 10] Training... (lr at epoch start=0.057822)
  Batch [50/97] Loss: 1.4067, Acc: 48.62%, lr: 0.053802
[Epoch 10] Train Loss: 1.4062, Acc: 48.90%  |  Val Loss: 3.8352, Acc: 49.74%  |  Time: 40.1s
[Epoch 10] t_iter median: 328.63 ms  (fwd 15.72 | bwd+comm 307.70 | opt 5.27 | data 0.09)  |  train-only epoch: 32.0s
  -> Best model saved (49.74%)
[Epoch 10] Summarizing hook timing...

[HOOK_TIMING_SUMMARY] epoch=10
[HOOK_WORK_SUMMARY] label=mpi:ring_zfp_naive:rate16 calls=776 work_total_ms=28597.671 work_mean_ms=36.853 work_min_ms=33.133 work_max_ms=57.400
[HOOK_TAIL_SUMMARY] label=mpi:ring_zfp_naive:rate16 steps=97 tail_total_ms=27494.392 tail_mean_ms=283.447 tail_min_ms=267.596 tail_max_ms=305.975
[Epoch 10] Hook timing summary done

[Epoch 11] Training... (lr at epoch start=0.050000)
  Batch [50/97] Loss: 1.3508, Acc: 51.88%, lr: 0.045956
[Epoch 11] Train Loss: 1.3464, Acc: 51.68%  |  Val Loss: 13.1404, Acc: 52.59%  |  Time: 41.2s
[Epoch 11] t_iter median: 326.57 ms  (fwd 15.65 | bwd+comm 306.42 | opt 5.26 | data 0.09)  |  train-only epoch: 33.0s
  -> Best model saved (52.59%)
[Epoch 11] Summarizing hook timing...

[HOOK_TIMING_SUMMARY] epoch=11
[HOOK_WORK_SUMMARY] label=mpi:ring_zfp_naive:rate16 calls=776 work_total_ms=29604.867 work_mean_ms=38.151 work_min_ms=33.203 work_max_ms=1003.121
[HOOK_TAIL_SUMMARY] label=mpi:ring_zfp_naive:rate16 steps=97 tail_total_ms=28536.539 tail_mean_ms=294.191 tail_min_ms=268.562 tail_max_ms=1228.344
[Epoch 11] Hook timing summary done

[Epoch 12] Training... (lr at epoch start=0.042178)
  Batch [50/97] Loss: 1.2731, Acc: 54.50%, lr: 0.038210
[Epoch 12] Train Loss: 1.2071, Acc: 56.31%  |  Val Loss: 6.9292, Acc: 58.43%  |  Time: 40.2s
[Epoch 12] t_iter median: 328.74 ms  (fwd 15.75 | bwd+comm 308.06 | opt 5.27 | data 0.09)  |  train-only epoch: 32.0s
  -> Best model saved (58.43%)
[Epoch 12] Summarizing hook timing...

[HOOK_TIMING_SUMMARY] epoch=12
[HOOK_WORK_SUMMARY] label=mpi:ring_zfp_naive:rate16 calls=776 work_total_ms=28611.374 work_mean_ms=36.870 work_min_ms=33.489 work_max_ms=57.928
[HOOK_TAIL_SUMMARY] label=mpi:ring_zfp_naive:rate16 steps=97 tail_total_ms=27480.457 tail_mean_ms=283.304 tail_min_ms=269.553 tail_max_ms=303.942
[Epoch 12] Hook timing summary done

[Epoch 13] Training... (lr at epoch start=0.034549)
  Batch [50/97] Loss: 1.1577, Acc: 58.88%, lr: 0.030754
[Epoch 13] Train Loss: 1.1408, Acc: 59.28%  |  Val Loss: 3.3094, Acc: 61.64%  |  Time: 40.3s
[Epoch 13] t_iter median: 328.86 ms  (fwd 15.76 | bwd+comm 307.60 | opt 5.27 | data 0.09)  |  train-only epoch: 32.0s
  -> Best model saved (61.64%)
[Epoch 13] Summarizing hook timing...

[HOOK_TIMING_SUMMARY] epoch=13
[HOOK_WORK_SUMMARY] label=mpi:ring_zfp_naive:rate16 calls=776 work_total_ms=28607.723 work_mean_ms=36.866 work_min_ms=33.447 work_max_ms=57.608
[HOOK_TAIL_SUMMARY] label=mpi:ring_zfp_naive:rate16 steps=97 tail_total_ms=27411.386 tail_mean_ms=282.592 tail_min_ms=266.831 tail_max_ms=298.924
[Epoch 13] Hook timing summary done

[Epoch 14] Training... (lr at epoch start=0.027300)
  Batch [50/97] Loss: 1.0913, Acc: 60.75%, lr: 0.023772
[Epoch 14] Train Loss: 1.0577, Acc: 61.92%  |  Val Loss: 4.9401, Acc: 61.43%  |  Time: 40.4s
[Epoch 14] t_iter median: 329.21 ms  (fwd 15.71 | bwd+comm 308.18 | opt 5.26 | data 0.09)  |  train-only epoch: 32.0s
[Epoch 14] Summarizing hook timing...

[HOOK_TIMING_SUMMARY] epoch=14
[HOOK_WORK_SUMMARY] label=mpi:ring_zfp_naive:rate16 calls=776 work_total_ms=28649.236 work_mean_ms=36.919 work_min_ms=33.544 work_max_ms=57.332
[HOOK_TAIL_SUMMARY] label=mpi:ring_zfp_naive:rate16 steps=97 tail_total_ms=27401.354 tail_mean_ms=282.488 tail_min_ms=268.077 tail_max_ms=299.370
[Epoch 14] Hook timing summary done

[Epoch 15] Training... (lr at epoch start=0.020611)
  Batch [50/97] Loss: 1.0996, Acc: 57.50%, lr: 0.017435
[Epoch 15] Train Loss: 1.0570, Acc: 60.89%  |  Val Loss: 8.2885, Acc: 65.64%  |  Time: 40.4s
[Epoch 15] t_iter median: 328.60 ms  (fwd 15.77 | bwd+comm 307.49 | opt 5.24 | data 0.09)  |  train-only epoch: 32.1s
  -> Best model saved (65.64%)
[Epoch 15] Summarizing hook timing...

[HOOK_TIMING_SUMMARY] epoch=15
[HOOK_WORK_SUMMARY] label=mpi:ring_zfp_naive:rate16 calls=776 work_total_ms=28598.994 work_mean_ms=36.854 work_min_ms=33.618 work_max_ms=55.813
[HOOK_TAIL_SUMMARY] label=mpi:ring_zfp_naive:rate16 steps=97 tail_total_ms=27407.419 tail_mean_ms=282.551 tail_min_ms=268.997 tail_max_ms=296.601
[Epoch 15] Hook timing summary done

[Epoch 16] Training... (lr at epoch start=0.014645)
  Batch [50/97] Loss: 1.0051, Acc: 64.25%, lr: 0.011901
[Epoch 16] Train Loss: 0.9727, Acc: 65.98%  |  Val Loss: 4.5748, Acc: 67.21%  |  Time: 40.5s
[Epoch 16] t_iter median: 329.39 ms  (fwd 15.68 | bwd+comm 308.63 | opt 5.27 | data 0.09)  |  train-only epoch: 32.1s
  -> Best model saved (67.21%)
[Epoch 16] Summarizing hook timing...

[HOOK_TIMING_SUMMARY] epoch=16
[HOOK_WORK_SUMMARY] label=mpi:ring_zfp_naive:rate16 calls=776 work_total_ms=28662.501 work_mean_ms=36.936 work_min_ms=33.703 work_max_ms=56.774
[HOOK_TAIL_SUMMARY] label=mpi:ring_zfp_naive:rate16 steps=97 tail_total_ms=27616.778 tail_mean_ms=284.709 tail_min_ms=272.826 tail_max_ms=298.211
[Epoch 16] Hook timing summary done

[Epoch 17] Training... (lr at epoch start=0.009549)
  Batch [50/97] Loss: 0.9415, Acc: 66.75%, lr: 0.007305
[Epoch 17] Train Loss: 0.9091, Acc: 67.59%  |  Val Loss: 9.3230, Acc: 68.82%  |  Time: 40.5s
[Epoch 17] t_iter median: 329.12 ms  (fwd 15.64 | bwd+comm 307.86 | opt 5.25 | data 0.09)  |  train-only epoch: 32.0s
  -> Best model saved (68.82%)
[Epoch 17] Summarizing hook timing...

[HOOK_TIMING_SUMMARY] epoch=17
[HOOK_WORK_SUMMARY] label=mpi:ring_zfp_naive:rate16 calls=776 work_total_ms=28627.303 work_mean_ms=36.891 work_min_ms=33.619 work_max_ms=56.970
[HOOK_TAIL_SUMMARY] label=mpi:ring_zfp_naive:rate16 steps=97 tail_total_ms=27520.559 tail_mean_ms=283.717 tail_min_ms=262.713 tail_max_ms=303.288
[Epoch 17] Hook timing summary done

[Epoch 18] Training... (lr at epoch start=0.005450)
  Batch [50/97] Loss: 0.8733, Acc: 68.62%, lr: 0.003760
[Epoch 18] Train Loss: 0.8723, Acc: 68.62%  |  Val Loss: 7.7390, Acc: 70.21%  |  Time: 40.6s
[Epoch 18] t_iter median: 329.37 ms  (fwd 15.73 | bwd+comm 308.62 | opt 5.26 | data 0.09)  |  train-only epoch: 32.1s
  -> Best model saved (70.21%)
[Epoch 18] Summarizing hook timing...

[HOOK_TIMING_SUMMARY] epoch=18
[HOOK_WORK_SUMMARY] label=mpi:ring_zfp_naive:rate16 calls=776 work_total_ms=28708.206 work_mean_ms=36.995 work_min_ms=33.644 work_max_ms=56.879
[HOOK_TAIL_SUMMARY] label=mpi:ring_zfp_naive:rate16 steps=97 tail_total_ms=27497.286 tail_mean_ms=283.477 tail_min_ms=271.775 tail_max_ms=304.326
[Epoch 18] Hook timing summary done

[Epoch 19] Training... (lr at epoch start=0.002447)
  Batch [50/97] Loss: 0.7946, Acc: 71.38%, lr: 0.001353
[Epoch 19] Train Loss: 0.8592, Acc: 70.30%  |  Val Loss: 11.4612, Acc: 70.37%  |  Time: 40.6s
[Epoch 19] t_iter median: 330.12 ms  (fwd 15.68 | bwd+comm 309.11 | opt 5.27 | data 0.09)  |  train-only epoch: 32.2s
  -> Best model saved (70.37%)
[Epoch 19] Summarizing hook timing...

[HOOK_TIMING_SUMMARY] epoch=19
[HOOK_WORK_SUMMARY] label=mpi:ring_zfp_naive:rate16 calls=776 work_total_ms=28729.522 work_mean_ms=37.023 work_min_ms=33.671 work_max_ms=57.711
[HOOK_TAIL_SUMMARY] label=mpi:ring_zfp_naive:rate16 steps=97 tail_total_ms=27485.786 tail_mean_ms=283.359 tail_min_ms=269.735 tail_max_ms=307.277
[Epoch 19] Hook timing summary done

[Epoch 20] Training... (lr at epoch start=0.000616)
  Batch [50/97] Loss: 0.7969, Acc: 72.62%, lr: 0.000145
[Epoch 20] Train Loss: 0.7869, Acc: 72.29%  |  Val Loss: 10.9834, Acc: 70.24%  |  Time: 40.7s
[Epoch 20] t_iter median: 330.73 ms  (fwd 15.74 | bwd+comm 309.84 | opt 5.27 | data 0.09)  |  train-only epoch: 32.2s
[Epoch 20] Summarizing hook timing...

[HOOK_TIMING_SUMMARY] epoch=20
[HOOK_WORK_SUMMARY] label=mpi:ring_zfp_naive:rate16 calls=776 work_total_ms=28746.116 work_mean_ms=37.044 work_min_ms=33.640 work_max_ms=56.557
[HOOK_TAIL_SUMMARY] label=mpi:ring_zfp_naive:rate16 steps=97 tail_total_ms=27737.100 tail_mean_ms=285.949 tail_min_ms=272.643 tail_max_ms=300.822
[Epoch 20] Hook timing summary done

================================================================================
Done in 839.7s | Best val acc: 70.37%
Epoch times (train+val): mean=40.8s  min=39.9s  max=43.6s
Train-only epoch time (epochs 2..N): median=32.10s  min=31.88s  max=33.91s
  -> use this for STRONG scaling (fixed global batch)
  -> use t_iter_median_ms from the CSV for WEAK scaling (fixed local batch)
================================================================================
=== Finished training: model=wide_resnet50_2, dataset=cifar10, batch=16, lr=0.1, scheduler=cosine, backend=mpi, hook=ring_zfp_naive, zfp_rate=16, status=0 at Mon Jul 20 09:30:38 AM EDT 2026 ===
=== Starting: model=wide_resnet50_2, ws=32, bs=16, gb=512, lr=0.1, sched=cosine, warmup=0, mom=0.9, wd=5e-4, nesterov=true, wd_bn_bias=false, backend=mpi, hook=ring_zfp_online_coll, zfp=16 at Mon Jul 20 09:30:38 AM EDT 2026 ===
MIOPEN_USER_DB_PATH=/mnt/bb/matilderestelli/miopen_cache_5035615/miopen_db
MIOPEN_CUSTOM_CACHE_DIR=/mnt/bb/matilderestelli/miopen_cache_5035615/kernel_cache
drwxr-sr-x 2 matilderestelli gen243 103 Jul 14 05:38 /mnt/bb/matilderestelli/miopen_cache_5035615/miopen_db
==== GPU visibility debug (batch shell) ====
frontier10349
ROCR_VISIBLE_DEVICES=0,1,2,3,4,5,6,7
SLURM_JOB_GPUS=0,1,2,3,4,5,6,7
[37mROCk module version 6.16.13 is loaded[0m
=====================    
HSA System Attributes    
=====================    
Runtime Version:         1.18
Runtime Ext Version:     1.14
System Timestamp Freq.:  1000.000000MHz
Sig. Max Wait Duration:  18446744073709551615 (0xFFFFFFFFFFFFFFFF) (timestamp count)
Machine Model:           LARGE                              
System Endianness:       LITTLE                             
Mwaitx:                  DISABLED
XNACK enabled:           NO
DMAbuf Support:          YES
VMM Support:             YES

==========               
HSA Agents               
==========               
*******                  
Agent 1                  
*******                  
  Name:                    AMD EPYC 7A53 64-Core Processor    
  Uuid:                    CPU-XX                             
  Marketing Name:          AMD EPYC 7A53 64-Core Processor    
  Vendor Name:             CPU                                
  Feature:                 None specified                     
  Profile:                 FULL_PROFILE                       
  Float Round Mode:        NEAR                               
  Max Queue Number:        0(0x0)                             
  Queue Min Size:          0(0x0)                             

================================================================================
DISTRIBUTED TRAINING LAUNCHER
================================================================================
  Model:      wide_resnet50_2 (CIFAR stem) (from scratch)
  Dataset:    cifar10 (10 classes)
  Image size: 32
  LR:         0.1
  Momentum:   0.9 (nesterov=True)
  Optimizer:  sgd
  Weight dec: 0.0005 (on BN/bias=False)
  Backend:    mpi
  Algorithm:  ring_zfp_online_coll
  ZFP rate:   16
  Epochs:     20
  Batch/rank: 16
  LR:         0.1
  Scheduler:  cosine
  Warmup:     0
  Grad clip:  None
  Drop last:  True
  Data dir:   ./data
================================================================================


================================================================================
DISTRIBUTED TRAINING LAUNCHER
================================================================================
  Model:      wide_resnet50_2 (CIFAR stem) (from scratch)
  Dataset:    cifar10 (10 classes)
  Image size: 32
  LR:         0.1
  Momentum:   0.9 (nesterov=True)
  Optimizer:  sgd
  Weight dec: 0.0005 (on BN/bias=False)
  Backend:    mpi
  Algorithm:  ring_zfp_online_coll
  ZFP rate:   16
  Epochs:     20
  Batch/rank: 16
  LR:         0.1
  Scheduler:  cosine
  Warmup:     0
  Grad clip:  None
  Drop last:  True
  Data dir:   ./data
================================================================================


================================================================================
DISTRIBUTED TRAINING LAUNCHER
================================================================================
  Model:      wide_resnet50_2 (CIFAR stem) (from scratch)
  Dataset:    cifar10 (10 classes)
  Image size: 32
  LR:         0.1
  Momentum:   0.9 (nesterov=True)
  Optimizer:  sgd
  Weight dec: 0.0005 (on BN/bias=False)
  Backend:    mpi
  Algorithm:  ring_zfp_online_coll
  ZFP rate:   16
  Epochs:     20
  Batch/rank: 16
  LR:         0.1
  Scheduler:  cosine
  Warmup:     0
  Grad clip:  None
  Drop last:  True
  Data dir:   ./data
================================================================================


================================================================================
DISTRIBUTED TRAINING LAUNCHER
================================================================================
  Model:      wide_resnet50_2 (CIFAR stem) (from scratch)
  Dataset:    cifar10 (10 classes)
  Image size: 32
  LR:         0.1
  Momentum:   0.9 (nesterov=True)
  Optimizer:  sgd
  Weight dec: 0.0005 (on BN/bias=False)
  Backend:    mpi
  Algorithm:  ring_zfp_online_coll
  ZFP rate:   16
  Epochs:     20
  Batch/rank: 16
  LR:         0.1
  Scheduler:  cosine
  Warmup:     0
  Grad clip:  None
  Drop last:  True
  Data dir:   ./data
================================================================================


================================================================================
DISTRIBUTED TRAINING LAUNCHER
================================================================================
  Model:      wide_resnet50_2 (CIFAR stem) (from scratch)
  Dataset:    cifar10 (10 classes)
  Image size: 32
  LR:         0.1
  Momentum:   0.9 (nesterov=True)
  Optimizer:  sgd
  Weight dec: 0.0005 (on BN/bias=False)
  Backend:    mpi
  Algorithm:  ring_zfp_online_coll
  ZFP rate:   16
  Epochs:     20
  Batch/rank: 16
  LR:         0.1
  Scheduler:  cosine
  Warmup:     0
  Grad clip:  None
  Drop last:  True
  Data dir:   ./data
================================================================================


================================================================================
DISTRIBUTED TRAINING LAUNCHER
================================================================================
  Model:      wide_resnet50_2 (CIFAR stem) (from scratch)
  Dataset:    cifar10 (10 classes)
  Image size: 32
  LR:         0.1
  Momentum:   0.9 (nesterov=True)
  Optimizer:  sgd
  Weight dec: 0.0005 (on BN/bias=False)
  Backend:    mpi
  Algorithm:  ring_zfp_online_coll
  ZFP rate:   16
  Epochs:     20
  Batch/rank: 16
  LR:         0.1
  Scheduler:  cosine
  Warmup:     0
  Grad clip:  None
  Drop last:  True

================================================================================
DISTRIBUTED TRAINING LAUNCHER
================================================================================
  Model:      wide_resnet50_2 (CIFAR stem) (from scratch)
  Dataset:    cifar10 (10 classes)
  Image size: 32
  LR:         0.1
  Momentum:   0.9 (nesterov=True)
  Optimizer:  sgd
  Weight dec: 0.0005 (on BN/bias=False)
  Backend:    mpi
  Algorithm:  ring_zfp_online_coll
  ZFP rate:   16
  Epochs:     20
  Batch/rank: 16
  LR:         0.1
  Scheduler:  cosine
  Warmup:     0
  Grad clip:  None
  Drop last:  True
  Data dir:   ./data
================================================================================

  Data dir:   ./data
================================================================================


================================================================================
DISTRIBUTED TRAINING LAUNCHER
================================================================================
  Model:      wide_resnet50_2 (CIFAR stem) (from scratch)
  Dataset:    cifar10 (10 classes)
  Image size: 32
  LR:         0.1
  Momentum:   0.9 (nesterov=True)
  Optimizer:  sgd
  Weight dec: 0.0005 (on BN/bias=False)
  Backend:    mpi
  Algorithm:  ring_zfp_online_coll
  ZFP rate:   16
  Epochs:     20
  Batch/rank: 16
  LR:         0.1
  Scheduler:  cosine
  Warmup:     0
  Grad clip:  None
  Drop last:  True

================================================================================
DISTRIBUTED TRAINING LAUNCHER
================================================================================
  Model:      wide_resnet50_2 (CIFAR stem) (from scratch)
  Dataset:    cifar10 (10 classes)
  Image size: 32
  LR:         0.1
  Momentum:   0.9 (nesterov=True)
  Optimizer:  sgd
  Weight dec: 0.0005 (on BN/bias=False)
  Backend:    mpi
  Algorithm:  ring_zfp_online_coll
  ZFP rate:   16
  Epochs:     20
  Batch/rank: 16
  LR:         0.1
  Scheduler:  cosine
  Warmup:     0
  Grad clip:  None
  Drop last:  True
  Data dir:   ./data
================================================================================

  Data dir:   ./data
================================================================================


================================================================================
DISTRIBUTED TRAINING LAUNCHER
================================================================================
  Model:      wide_resnet50_2 (CIFAR stem) (from scratch)
  Dataset:    cifar10 (10 classes)
  Image size: 32
  LR:         0.1
  Momentum:   0.9 (nesterov=True)
  Optimizer:  sgd
  Weight dec: 0.0005 (on BN/bias=False)
  Backend:    mpi
  Algorithm:  ring_zfp_online_coll
  ZFP rate:   16
  Epochs:     20
  Batch/rank: 16
  LR:         0.1
  Scheduler:  cosine
  Warmup:     0
  Grad clip:  None
  Drop last:  True
  Data dir:   ./data
================================================================================


================================================================================
DISTRIBUTED TRAINING LAUNCHER
================================================================================
  Model:      wide_resnet50_2 (CIFAR stem) (from scratch)
  Dataset:    cifar10 (10 classes)
  Image size: 32
  LR:         0.1
  Momentum:   0.9 (nesterov=True)
  Optimizer:  sgd
  Weight dec: 0.0005 (on BN/bias=False)
  Backend:    mpi
  Algorithm:  ring_zfp_online_coll
  ZFP rate:   16
  Epochs:     20
  Batch/rank: 16
  LR:         0.1
  Scheduler:  cosine
  Warmup:     0
  Grad clip:  None
  Drop last:  True
  Data dir:   ./data
================================================================================


================================================================================
DISTRIBUTED TRAINING LAUNCHER
================================================================================
  Model:      wide_resnet50_2 (CIFAR stem) (from scratch)
  Dataset:    cifar10 (10 classes)
  Image size: 32
  LR:         0.1
  Momentum:   0.9 (nesterov=True)
  Optimizer:  sgd
  Weight dec: 0.0005 (on BN/bias=False)
  Backend:    mpi
  Algorithm:  ring_zfp_online_coll
  ZFP rate:   16
  Epochs:     20
  Batch/rank: 16
  LR:         0.1
  Scheduler:  cosine
  Warmup:     0
  Grad clip:  None
  Drop last:  True
  Data dir:   ./data
================================================================================


================================================================================
DISTRIBUTED TRAINING LAUNCHER
================================================================================
  Model:      wide_resnet50_2 (CIFAR stem) (from scratch)
  Dataset:    cifar10 (10 classes)
  Image size: 32
  LR:         0.1
  Momentum:   0.9 (nesterov=True)
  Optimizer:  sgd
  Weight dec: 0.0005 (on BN/bias=False)
  Backend:    mpi
  Algorithm:  ring_zfp_online_coll
  ZFP rate:   16
  Epochs:     20
  Batch/rank: 16
  LR:         0.1
  Scheduler:  cosine
  Warmup:     0
  Grad clip:  None
  Drop last:  True
  Data dir:   ./data
================================================================================


================================================================================
DISTRIBUTED TRAINING LAUNCHER
================================================================================
  Model:      wide_resnet50_2 (CIFAR stem) (from scratch)
  Dataset:    cifar10 (10 classes)
  Image size: 32
  LR:         0.1
  Momentum:   0.9 (nesterov=True)
  Optimizer:  sgd
  Weight dec: 0.0005 (on BN/bias=False)
  Backend:    mpi
  Algorithm:  ring_zfp_online_coll
  ZFP rate:   16
  Epochs:     20
  Batch/rank: 16
  LR:         0.1
  Scheduler:  cosine
  Warmup:     0
  Grad clip:  None
  Drop last:  True
  Data dir:   ./data
================================================================================


================================================================================
DISTRIBUTED TRAINING LAUNCHER
================================================================================
  Model:      wide_resnet50_2 (CIFAR stem) (from scratch)
  Dataset:    cifar10 (10 classes)
  Image size: 32
  LR:         0.1
  Momentum:   0.9 (nesterov=True)
  Optimizer:  sgd
  Weight dec: 0.0005 (on BN/bias=False)
  Backend:    mpi
  Algorithm:  ring_zfp_online_coll
  ZFP rate:   16
  Epochs:     20
  Batch/rank: 16
  LR:         0.1
  Scheduler:  cosine
  Warmup:     0
  Grad clip:  None
  Drop last:  True
  Data dir:   ./data
================================================================================


================================================================================
DISTRIBUTED TRAINING LAUNCHER
================================================================================
  Model:      wide_resnet50_2 (CIFAR stem) (from scratch)
  Dataset:    cifar10 (10 classes)
  Image size: 32
  LR:         0.1
  Momentum:   0.9 (nesterov=True)
  Optimizer:  sgd
  Weight dec: 0.0005 (on BN/bias=False)
  Backend:    mpi
  Algorithm:  ring_zfp_online_coll
  ZFP rate:   16
  Epochs:     20
  Batch/rank: 16
  LR:         0.1
  Scheduler:  cosine
  Warmup:     0
  Grad clip:  None
  Drop last:  True
  Data dir:   ./data
================================================================================


================================================================================
DISTRIBUTED TRAINING LAUNCHER
================================================================================
  Model:      wide_resnet50_2 (CIFAR stem) (from scratch)
  Dataset:    cifar10 (10 classes)
  Image size: 32
  LR:         0.1
  Momentum:   0.9 (nesterov=True)
  Optimizer:  sgd
  Weight dec: 0.0005 (on BN/bias=False)
  Backend:    mpi
  Algorithm:  ring_zfp_online_coll
  ZFP rate:   16
  Epochs:     20
  Batch/rank: 16
  LR:         0.1
  Scheduler:  cosine
  Warmup:     0
  Grad clip:  None

================================================================================
DISTRIBUTED TRAINING LAUNCHER
================================================================================
  Model:      wide_resnet50_2 (CIFAR stem) (from scratch)
  Dataset:    cifar10 (10 classes)
  Image size: 32
  LR:         0.1
  Momentum:   0.9 (nesterov=True)
  Optimizer:  sgd
  Weight dec: 0.0005 (on BN/bias=False)
  Backend:    mpi
  Algorithm:  ring_zfp_online_coll
  ZFP rate:   16
  Epochs:     20
  Batch/rank: 16
  LR:         0.1
  Scheduler:  cosine
  Warmup:     0
  Drop last:  True
  Data dir:   ./data
================================================================================

  Grad clip:  None
  Drop last:  True
  Data dir:   ./data
================================================================================


================================================================================
DISTRIBUTED TRAINING LAUNCHER
================================================================================
  Model:      wide_resnet50_2 (CIFAR stem) (from scratch)
  Dataset:    cifar10 (10 classes)
  Image size: 32
  LR:         0.1
  Momentum:   0.9 (nesterov=True)
  Optimizer:  sgd
  Weight dec: 0.0005 (on BN/bias=False)
  Backend:    mpi
  Algorithm:  ring_zfp_online_coll
  ZFP rate:   16
  Epochs:     20
  Batch/rank: 16
  LR:         0.1
  Scheduler:  cosine
  Warmup:     0
  Grad clip:  None
  Drop last:  True
  Data dir:   ./data
================================================================================

================================================================================
DISTRIBUTED TRAINING LAUNCHER
================================================================================
  Model:      wide_resnet50_2 (CIFAR stem) (from scratch)
  Dataset:    cifar10 (10 classes)
  Image size: 32
  LR:         0.1
  Momentum:   0.9 (nesterov=True)
  Optimizer:  sgd
  Weight dec: 0.0005 (on BN/bias=False)
  Backend:    mpi
  Algorithm:  ring_zfp_online_coll
  ZFP rate:   16
  Epochs:     20
  Batch/rank: 16
  LR:         0.1
  Scheduler:  cosine
  Warmup:     0
  Grad clip:  None
  Drop last:  True
  Data dir:   ./data
================================================================================



================================================================================
DISTRIBUTED TRAINING LAUNCHER
================================================================================
  Model:      wide_resnet50_2 (CIFAR stem) (from scratch)
  Dataset:    cifar10 (10 classes)
  Image size: 32
  LR:         0.1
  Momentum:   0.9 (nesterov=True)
  Optimizer:  sgd
  Weight dec: 0.0005 (on BN/bias=False)
  Backend:    mpi
  Algorithm:  ring_zfp_online_coll
  ZFP rate:   16
  Epochs:     20
  Batch/rank: 16
  LR:         0.1
  Scheduler:  cosine
  Warmup:     0
  Grad clip:  None
  Drop last:  True
  Data dir:   ./data
================================================================================


================================================================================
DISTRIBUTED TRAINING LAUNCHER
================================================================================
  Model:      wide_resnet50_2 (CIFAR stem) (from scratch)
  Dataset:    cifar10 (10 classes)
  Image size: 32
  LR:         0.1
  Momentum:   0.9 (nesterov=True)
  Optimizer:  sgd
  Weight dec: 0.0005 (on BN/bias=False)
  Backend:    mpi
  Algorithm:  ring_zfp_online_coll
  ZFP rate:   16
  Epochs:     20
  Batch/rank: 16
  LR:         0.1
  Scheduler:  cosine
  Warmup:     0
  Grad clip:  None
  Drop last:  True
  Data dir:   ./data
================================================================================


================================================================================
DISTRIBUTED TRAINING LAUNCHER
================================================================================
  Model:      wide_resnet50_2 (CIFAR stem) (from scratch)
  Dataset:    cifar10 (10 classes)
  Image size: 32
  LR:         0.1
  Momentum:   0.9 (nesterov=True)
  Optimizer:  sgd
  Weight dec: 0.0005 (on BN/bias=False)
  Backend:    mpi
  Algorithm:  ring_zfp_online_coll
  ZFP rate:   16
  Epochs:     20
  Batch/rank: 16
  LR:         0.1
  Scheduler:  cosine
  Warmup:     0
  Grad clip:  None
  Drop last:  True
  Data dir:   ./data
================================================================================


================================================================================
DISTRIBUTED TRAINING LAUNCHER
================================================================================
  Model:      wide_resnet50_2 (CIFAR stem) (from scratch)
  Dataset:    cifar10 (10 classes)
  Image size: 32
  LR:         0.1
  Momentum:   0.9 (nesterov=True)
  Optimizer:  sgd
  Weight dec: 0.0005 (on BN/bias=False)
  Backend:    mpi
  Algorithm:  ring_zfp_online_coll
  ZFP rate:   16
  Epochs:     20
  Batch/rank: 16
  LR:         0.1
  Scheduler:  cosine
  Warmup:     0
  Grad clip:  None
  Drop last:  True
  Data dir:   ./data
================================================================================


================================================================================
DISTRIBUTED TRAINING LAUNCHER
================================================================================
  Model:      wide_resnet50_2 (CIFAR stem) (from scratch)
  Dataset:    cifar10 (10 classes)
  Image size: 32
  LR:         0.1
  Momentum:   0.9 (nesterov=True)
  Optimizer:  sgd
  Weight dec: 0.0005 (on BN/bias=False)
  Backend:    mpi
  Algorithm:  ring_zfp_online_coll
  ZFP rate:   16
  Epochs:     20
  Batch/rank: 16
  LR:         0.1
  Scheduler:  cosine
  Warmup:     0
  Grad clip:  None
  Drop last:  True
  Data dir:   ./data
================================================================================


================================================================================
DISTRIBUTED TRAINING LAUNCHER
================================================================================
  Model:      wide_resnet50_2 (CIFAR stem) (from scratch)
  Dataset:    cifar10 (10 classes)
  Image size: 32
  LR:         0.1
  Momentum:   0.9 (nesterov=True)
  Optimizer:  sgd
  Weight dec: 0.0005 (on BN/bias=False)
  Backend:    mpi
  Algorithm:  ring_zfp_online_coll
  ZFP rate:   16
  Epochs:     20
  Batch/rank: 16
  LR:         0.1
  Scheduler:  cosine
  Warmup:     0
  Grad clip:  None
  Drop last:  True
  Data dir:   ./data
================================================================================


================================================================================
DISTRIBUTED TRAINING LAUNCHER
================================================================================
  Model:      wide_resnet50_2 (CIFAR stem) (from scratch)
  Dataset:    cifar10 (10 classes)
  Image size: 32
  LR:         0.1
  Momentum:   0.9 (nesterov=True)
  Optimizer:  sgd
  Weight dec: 0.0005 (on BN/bias=False)
  Backend:    mpi
  Algorithm:  ring_zfp_online_coll
  ZFP rate:   16
  Epochs:     20
  Batch/rank: 16
  LR:         0.1
  Scheduler:  cosine
  Warmup:     0
  Grad clip:  None
  Drop last:  True
  Data dir:   ./data
================================================================================


================================================================================
DISTRIBUTED TRAINING LAUNCHER
================================================================================
  Model:      wide_resnet50_2 (CIFAR stem) (from scratch)
  Dataset:    cifar10 (10 classes)
  Image size: 32
  LR:         0.1
  Momentum:   0.9 (nesterov=True)
  Optimizer:  sgd
  Weight dec: 0.0005 (on BN/bias=False)
  Backend:    mpi
  Algorithm:  ring_zfp_online_coll
  ZFP rate:   16
  Epochs:     20
  Batch/rank: 16
  LR:         0.1
  Scheduler:  cosine
  Warmup:     0
  Grad clip:  None
  Drop last:  True
  Data dir:   ./data
================================================================================


================================================================================
DISTRIBUTED TRAINING LAUNCHER
================================================================================
  Model:      wide_resnet50_2 (CIFAR stem) (from scratch)
  Dataset:    cifar10 (10 classes)
  Image size: 32
  LR:         0.1
  Momentum:   0.9 (nesterov=True)
  Optimizer:  sgd
  Weight dec: 0.0005 (on BN/bias=False)
  Backend:    mpi
  Algorithm:  ring_zfp_online_coll
  ZFP rate:   16
  Epochs:     20
  Batch/rank: 16
  LR:         0.1
  Scheduler:  cosine
  Warmup:     0
  Grad clip:  None
  Drop last:  True
  Data dir:   ./data
================================================================================


================================================================================
DISTRIBUTED TRAINING LAUNCHER
================================================================================
  Model:      wide_resnet50_2 (CIFAR stem) (from scratch)
  Dataset:    cifar10 (10 classes)
  Image size: 32
  LR:         0.1
  Momentum:   0.9 (nesterov=True)
  Optimizer:  sgd
  Weight dec: 0.0005 (on BN/bias=False)
  Backend:    mpi
  Algorithm:  ring_zfp_online_coll
  ZFP rate:   16
  Epochs:     20
  Batch/rank: 16
  LR:         0.1
  Scheduler:  cosine
  Warmup:     0
  Grad clip:  None
  Drop last:  True
  Data dir:   ./data
================================================================================


================================================================================
DISTRIBUTED TRAINING LAUNCHER
================================================================================
  Model:      wide_resnet50_2 (CIFAR stem) (from scratch)
  Dataset:    cifar10 (10 classes)
  Image size: 32
  LR:         0.1
  Momentum:   0.9 (nesterov=True)
  Optimizer:  sgd
  Weight dec: 0.0005 (on BN/bias=False)
  Backend:    mpi
  Algorithm:  ring_zfp_online_coll
  ZFP rate:   16
  Epochs:     20
  Batch/rank: 16
  LR:         0.1
  Scheduler:  cosine
  Warmup:     0
  Grad clip:  None
  Drop last:  True
  Data dir:   ./data
================================================================================


================================================================================
DISTRIBUTED TRAINING LAUNCHER
================================================================================
  Model:      wide_resnet50_2 (CIFAR stem) (from scratch)
  Dataset:    cifar10 (10 classes)
  Image size: 32
  LR:         0.1
  Momentum:   0.9 (nesterov=True)
  Optimizer:  sgd
  Weight dec: 0.0005 (on BN/bias=False)
  Backend:    mpi
  Algorithm:  ring_zfp_online_coll
  ZFP rate:   16
  Epochs:     20
  Batch/rank: 16
  LR:         0.1
  Scheduler:  cosine
  Warmup:     0
  Grad clip:  None
  Drop last:  True
  Data dir:   ./data
================================================================================


================================================================================
Distributed Training: WIDE_RESNET50_2 on CIFAR10
Backend: MPI, Algorithm: ring_zfp_online_coll
================================================================================
Ranks: 32, Epochs: 20, Batch/rank: 16, Effective batch: 512
LR: 0.1, Device: cuda:0

[Cache] Pretrained weights cache (TORCH_HOME) = /lustre/orion/gen243/proj-shared/matilderestelli/pretrained_weights_cache
[Setup] Model on cuda:0, wrapped in DDP (static_graph=True)
[Setup] Hook registered: mpi/ring_zfp_online_coll
[Optim] SGD: lr=0.1 momentum=0.9 nesterov=True wd=0.0005 wd_on_bn_bias=False
[Optim]   group 0: 66,778,816 params, wd=0.0005
[Optim]   group 1: 68,234 params, wd=0.0
[Data] Train batches: 97, Val batches: 625

[Sched] cosine: steps/epoch=97, total_steps=1940, warmup_steps=0 (0 epochs)


[Epoch 1] Training... (lr at epoch start=0.100000)
  Batch [50/97] Loss: 7.2504, Acc: 8.50%, lr: 0.099836
[Epoch 1] Train Loss: 4.8506, Acc: 10.05%  |  Val Loss: 2.3045, Acc: 9.99%  |  Time: 38.5s
[Epoch 1] t_iter median: 280.85 ms  (fwd 15.24 | bwd+comm 260.45 | opt 5.37 | data 0.08)  |  train-only epoch: 30.7s
  -> Best model saved (9.99%)
[Epoch 1] Summarizing hook timing...

[HOOK_TIMING_SUMMARY] epoch=1
[HOOK_WORK_SUMMARY] label=mpi:ring_zfp_online_coll:rate16 calls=769 work_total_ms=25221.793 work_mean_ms=32.798 work_min_ms=28.221 work_max_ms=234.628
[HOOK_TAIL_SUMMARY] label=mpi:ring_zfp_online_coll:rate16 steps=98 tail_total_ms=24089.133 tail_mean_ms=245.807 tail_min_ms=179.050 tail_max_ms=458.889
[Epoch 1] Hook timing summary done

[Epoch 2] Training... (lr at epoch start=0.099384)
  Batch [50/97] Loss: 2.2976, Acc: 12.00%, lr: 0.098590
[Epoch 2] Train Loss: 2.3008, Acc: 10.50%  |  Val Loss: 2.3047, Acc: 9.98%  |  Time: 37.3s
[Epoch 2] t_iter median: 283.52 ms  (fwd 15.26 | bwd+comm 262.77 | opt 5.37 | data 0.08)  |  train-only epoch: 29.6s
[Epoch 2] Summarizing hook timing...

[HOOK_TIMING_SUMMARY] epoch=2
[HOOK_WORK_SUMMARY] label=mpi:ring_zfp_online_coll:rate16 calls=776 work_total_ms=26226.363 work_mean_ms=33.797 work_min_ms=28.240 work_max_ms=76.357
[HOOK_TAIL_SUMMARY] label=mpi:ring_zfp_online_coll:rate16 steps=97 tail_total_ms=25105.914 tail_mean_ms=258.824 tail_min_ms=222.617 tail_max_ms=346.079
[Epoch 2] Hook timing summary done

[Epoch 3] Training... (lr at epoch start=0.097553)
  Batch [50/97] Loss: 2.2978, Acc: 10.88%, lr: 0.096147
[Epoch 3] Train Loss: 2.2950, Acc: 11.47%  |  Val Loss: 2.3037, Acc: 10.03%  |  Time: 37.7s
[Epoch 3] t_iter median: 283.70 ms  (fwd 15.30 | bwd+comm 263.22 | opt 5.36 | data 0.08)  |  train-only epoch: 29.9s
  -> Best model saved (10.03%)
[Epoch 3] Summarizing hook timing...

[HOOK_TIMING_SUMMARY] epoch=3
[HOOK_WORK_SUMMARY] label=mpi:ring_zfp_online_coll:rate16 calls=776 work_total_ms=26524.720 work_mean_ms=34.181 work_min_ms=28.541 work_max_ms=98.319
[HOOK_TAIL_SUMMARY] label=mpi:ring_zfp_online_coll:rate16 steps=97 tail_total_ms=25466.161 tail_mean_ms=262.538 tail_min_ms=226.428 tail_max_ms=387.225
[Epoch 3] Hook timing summary done

[Epoch 4] Training... (lr at epoch start=0.094550)
  Batch [50/97] Loss: 2.2963, Acc: 12.75%, lr: 0.092568
[Epoch 4] Train Loss: 2.2945, Acc: 12.18%  |  Val Loss: 2.3032, Acc: 10.03%  |  Time: 38.3s
[Epoch 4] t_iter median: 283.62 ms  (fwd 15.79 | bwd+comm 262.45 | opt 5.38 | data 0.08)  |  train-only epoch: 30.5s
[Epoch 4] Summarizing hook timing...

[HOOK_TIMING_SUMMARY] epoch=4
[HOOK_WORK_SUMMARY] label=mpi:ring_zfp_online_coll:rate16 calls=776 work_total_ms=27112.186 work_mean_ms=34.938 work_min_ms=28.130 work_max_ms=131.469
[HOOK_TAIL_SUMMARY] label=mpi:ring_zfp_online_coll:rate16 steps=97 tail_total_ms=25953.557 tail_mean_ms=267.562 tail_min_ms=224.021 tail_max_ms=346.115
[Epoch 4] Hook timing summary done

[Epoch 5] Training... (lr at epoch start=0.090451)
  Batch [50/97] Loss: 2.2905, Acc: 11.75%, lr: 0.087941
[Epoch 5] Train Loss: 2.2935, Acc: 11.53%  |  Val Loss: 2.3040, Acc: 10.06%  |  Time: 37.9s
[Epoch 5] t_iter median: 283.93 ms  (fwd 16.39 | bwd+comm 262.34 | opt 5.36 | data 0.09)  |  train-only epoch: 29.9s
  -> Best model saved (10.06%)
[Epoch 5] Summarizing hook timing...

[HOOK_TIMING_SUMMARY] epoch=5
[HOOK_WORK_SUMMARY] label=mpi:ring_zfp_online_coll:rate16 calls=776 work_total_ms=26543.861 work_mean_ms=34.206 work_min_ms=27.875 work_max_ms=57.907
[HOOK_TAIL_SUMMARY] label=mpi:ring_zfp_online_coll:rate16 steps=97 tail_total_ms=25141.424 tail_mean_ms=259.190 tail_min_ms=220.381 tail_max_ms=345.528
[Epoch 5] Hook timing summary done

[Epoch 6] Training... (lr at epoch start=0.085355)
  Batch [50/97] Loss: 2.2939, Acc: 10.88%, lr: 0.082380
[Epoch 6] Train Loss: 2.2942, Acc: 11.15%  |  Val Loss: 2.3026, Acc: 10.79%  |  Time: 38.0s
[Epoch 6] t_iter median: 283.05 ms  (fwd 16.16 | bwd+comm 262.02 | opt 5.38 | data 0.09)  |  train-only epoch: 30.1s
  -> Best model saved (10.79%)
[Epoch 6] Summarizing hook timing...

[HOOK_TIMING_SUMMARY] epoch=6
[HOOK_WORK_SUMMARY] label=mpi:ring_zfp_online_coll:rate16 calls=776 work_total_ms=26715.306 work_mean_ms=34.427 work_min_ms=28.122 work_max_ms=59.421
[HOOK_TAIL_SUMMARY] label=mpi:ring_zfp_online_coll:rate16 steps=97 tail_total_ms=25511.504 tail_mean_ms=263.005 tail_min_ms=225.159 tail_max_ms=348.383
[Epoch 6] Hook timing summary done

[Epoch 7] Training... (lr at epoch start=0.079389)
  Batch [50/97] Loss: 2.2860, Acc: 12.62%, lr: 0.076021
[Epoch 7] Train Loss: 2.2843, Acc: 12.44%  |  Val Loss: 2.2940, Acc: 13.49%  |  Time: 39.1s
[Epoch 7] t_iter median: 285.89 ms  (fwd 16.21 | bwd+comm 264.05 | opt 5.38 | data 0.09)  |  train-only epoch: 31.0s
  -> Best model saved (13.49%)
[Epoch 7] Summarizing hook timing...

[HOOK_TIMING_SUMMARY] epoch=7
[HOOK_WORK_SUMMARY] label=mpi:ring_zfp_online_coll:rate16 calls=776 work_total_ms=27645.354 work_mean_ms=35.625 work_min_ms=28.345 work_max_ms=59.012
[HOOK_TAIL_SUMMARY] label=mpi:ring_zfp_online_coll:rate16 steps=97 tail_total_ms=26380.083 tail_mean_ms=271.960 tail_min_ms=225.058 tail_max_ms=347.920
[Epoch 7] Hook timing summary done

[Epoch 8] Training... (lr at epoch start=0.072700)
  Batch [50/97] Loss: 2.2255, Acc: 15.25%, lr: 0.069022
[Epoch 8] Train Loss: 2.1262, Acc: 18.11%  |  Val Loss: 2.0059, Acc: 18.77%  |  Time: 39.9s
[Epoch 8] t_iter median: 285.40 ms  (fwd 16.17 | bwd+comm 264.07 | opt 5.38 | data 0.09)  |  train-only epoch: 31.9s
  -> Best model saved (18.77%)
[Epoch 8] Summarizing hook timing...

[HOOK_TIMING_SUMMARY] epoch=8
[HOOK_WORK_SUMMARY] label=mpi:ring_zfp_online_coll:rate16 calls=776 work_total_ms=28537.737 work_mean_ms=36.775 work_min_ms=28.178 work_max_ms=162.961
[HOOK_TAIL_SUMMARY] label=mpi:ring_zfp_online_coll:rate16 steps=97 tail_total_ms=27188.279 tail_mean_ms=280.292 tail_min_ms=224.450 tail_max_ms=537.158
[Epoch 8] Hook timing summary done

[Epoch 9] Training... (lr at epoch start=0.065451)
  Batch [50/97] Loss: 2.0057, Acc: 19.62%, lr: 0.061554
[Epoch 9] Train Loss: 1.9846, Acc: 19.78%  |  Val Loss: 1.9173, Acc: 22.04%  |  Time: 38.4s
[Epoch 9] t_iter median: 284.80 ms  (fwd 16.27 | bwd+comm 263.23 | opt 5.39 | data 0.09)  |  train-only epoch: 30.4s
  -> Best model saved (22.04%)
[Epoch 9] Summarizing hook timing...

[HOOK_TIMING_SUMMARY] epoch=9
[HOOK_WORK_SUMMARY] label=mpi:ring_zfp_online_coll:rate16 calls=776 work_total_ms=27004.623 work_mean_ms=34.800 work_min_ms=28.344 work_max_ms=59.294
[HOOK_TAIL_SUMMARY] label=mpi:ring_zfp_online_coll:rate16 steps=97 tail_total_ms=25701.803 tail_mean_ms=264.967 tail_min_ms=222.996 tail_max_ms=348.937
[Epoch 9] Hook timing summary done

[Epoch 10] Training... (lr at epoch start=0.057822)
  Batch [50/97] Loss: 1.9565, Acc: 19.88%, lr: 0.053802
[Epoch 10] Train Loss: 1.9504, Acc: 19.72%  |  Val Loss: 1.8717, Acc: 21.88%  |  Time: 38.7s
[Epoch 10] t_iter median: 284.75 ms  (fwd 16.38 | bwd+comm 262.86 | opt 5.40 | data 0.09)  |  train-only epoch: 30.6s
[Epoch 10] Summarizing hook timing...

[HOOK_TIMING_SUMMARY] epoch=10
[HOOK_WORK_SUMMARY] label=mpi:ring_zfp_online_coll:rate16 calls=776 work_total_ms=27152.733 work_mean_ms=34.991 work_min_ms=28.316 work_max_ms=63.692
[HOOK_TAIL_SUMMARY] label=mpi:ring_zfp_online_coll:rate16 steps=97 tail_total_ms=25805.319 tail_mean_ms=266.034 tail_min_ms=223.224 tail_max_ms=345.575
[Epoch 10] Hook timing summary done

[Epoch 11] Training... (lr at epoch start=0.050000)
  Batch [50/97] Loss: 1.9463, Acc: 22.50%, lr: 0.045956
[Epoch 11] Train Loss: 1.9323, Acc: 22.62%  |  Val Loss: 1.8540, Acc: 23.80%  |  Time: 39.0s
[Epoch 11] t_iter median: 285.28 ms  (fwd 16.41 | bwd+comm 263.68 | opt 5.36 | data 0.09)  |  train-only epoch: 30.9s
  -> Best model saved (23.80%)
[Epoch 11] Summarizing hook timing...

[HOOK_TIMING_SUMMARY] epoch=11
[HOOK_WORK_SUMMARY] label=mpi:ring_zfp_online_coll:rate16 calls=776 work_total_ms=27421.146 work_mean_ms=35.337 work_min_ms=28.416 work_max_ms=62.465
[HOOK_TAIL_SUMMARY] label=mpi:ring_zfp_online_coll:rate16 steps=97 tail_total_ms=26080.815 tail_mean_ms=268.874 tail_min_ms=226.285 tail_max_ms=346.507
[Epoch 11] Hook timing summary done

[Epoch 12] Training... (lr at epoch start=0.042178)
  Batch [50/97] Loss: 1.9153, Acc: 21.88%, lr: 0.038210
[Epoch 12] Train Loss: 1.8917, Acc: 22.36%  |  Val Loss: 1.8411, Acc: 24.50%  |  Time: 38.7s
[Epoch 12] t_iter median: 285.11 ms  (fwd 16.40 | bwd+comm 263.39 | opt 5.38 | data 0.09)  |  train-only epoch: 30.5s
  -> Best model saved (24.50%)
[Epoch 12] Summarizing hook timing...

[HOOK_TIMING_SUMMARY] epoch=12
[HOOK_WORK_SUMMARY] label=mpi:ring_zfp_online_coll:rate16 calls=776 work_total_ms=27134.116 work_mean_ms=34.967 work_min_ms=28.171 work_max_ms=58.654
[HOOK_TAIL_SUMMARY] label=mpi:ring_zfp_online_coll:rate16 steps=97 tail_total_ms=25775.790 tail_mean_ms=265.730 tail_min_ms=223.853 tail_max_ms=346.026
[Epoch 12] Hook timing summary done

[Epoch 13] Training... (lr at epoch start=0.034549)
  Batch [50/97] Loss: 1.8671, Acc: 23.75%, lr: 0.030754
[Epoch 13] Train Loss: 1.8636, Acc: 23.78%  |  Val Loss: 1.8417, Acc: 24.48%  |  Time: 38.4s
[Epoch 13] t_iter median: 284.86 ms  (fwd 16.44 | bwd+comm 262.72 | opt 5.39 | data 0.09)  |  train-only epoch: 30.1s
[Epoch 13] Summarizing hook timing...

[HOOK_TIMING_SUMMARY] epoch=13
[HOOK_WORK_SUMMARY] label=mpi:ring_zfp_online_coll:rate16 calls=776 work_total_ms=26713.578 work_mean_ms=34.425 work_min_ms=28.047 work_max_ms=58.476
[HOOK_TAIL_SUMMARY] label=mpi:ring_zfp_online_coll:rate16 steps=97 tail_total_ms=25449.204 tail_mean_ms=262.363 tail_min_ms=227.008 tail_max_ms=348.628
[Epoch 13] Hook timing summary done

[Epoch 14] Training... (lr at epoch start=0.027300)
  Batch [50/97] Loss: 1.8632, Acc: 21.75%, lr: 0.023772
[Epoch 14] Train Loss: 1.8523, Acc: 22.42%  |  Val Loss: 1.8080, Acc: 25.50%  |  Time: 38.3s
[Epoch 14] t_iter median: 284.27 ms  (fwd 16.41 | bwd+comm 262.93 | opt 5.38 | data 0.09)  |  train-only epoch: 30.1s
  -> Best model saved (25.50%)
[Epoch 14] Summarizing hook timing...

[HOOK_TIMING_SUMMARY] epoch=14
[HOOK_WORK_SUMMARY] label=mpi:ring_zfp_online_coll:rate16 calls=776 work_total_ms=26625.181 work_mean_ms=34.311 work_min_ms=27.875 work_max_ms=55.848
[HOOK_TAIL_SUMMARY] label=mpi:ring_zfp_online_coll:rate16 steps=97 tail_total_ms=25199.503 tail_mean_ms=259.789 tail_min_ms=226.290 tail_max_ms=348.416
[Epoch 14] Hook timing summary done

[Epoch 15] Training... (lr at epoch start=0.020611)
  Batch [50/97] Loss: 1.8274, Acc: 25.88%, lr: 0.017435
[Epoch 15] Train Loss: 1.8327, Acc: 26.35%  |  Val Loss: 1.7745, Acc: 27.87%  |  Time: 38.4s
[Epoch 15] t_iter median: 285.60 ms  (fwd 16.44 | bwd+comm 263.96 | opt 5.39 | data 0.09)  |  train-only epoch: 30.1s
  -> Best model saved (27.87%)
[Epoch 15] Summarizing hook timing...

[HOOK_TIMING_SUMMARY] epoch=15
[HOOK_WORK_SUMMARY] label=mpi:ring_zfp_online_coll:rate16 calls=776 work_total_ms=26682.905 work_mean_ms=34.385 work_min_ms=28.213 work_max_ms=58.811
[HOOK_TAIL_SUMMARY] label=mpi:ring_zfp_online_coll:rate16 steps=97 tail_total_ms=25356.466 tail_mean_ms=261.407 tail_min_ms=223.969 tail_max_ms=348.487
[Epoch 15] Hook timing summary done

[Epoch 16] Training... (lr at epoch start=0.014645)
  Batch [50/97] Loss: 1.8274, Acc: 26.75%, lr: 0.011901
[Epoch 16] Train Loss: 1.8189, Acc: 28.16%  |  Val Loss: 1.7397, Acc: 29.71%  |  Time: 42.3s
[Epoch 16] t_iter median: 288.00 ms  (fwd 16.34 | bwd+comm 266.30 | opt 5.40 | data 0.09)  |  train-only epoch: 34.0s
  -> Best model saved (29.71%)
[Epoch 16] Summarizing hook timing...

[HOOK_TIMING_SUMMARY] epoch=16
[HOOK_WORK_SUMMARY] label=mpi:ring_zfp_online_coll:rate16 calls=776 work_total_ms=30575.830 work_mean_ms=39.402 work_min_ms=28.434 work_max_ms=382.684
[HOOK_TAIL_SUMMARY] label=mpi:ring_zfp_online_coll:rate16 steps=97 tail_total_ms=29051.647 tail_mean_ms=299.502 tail_min_ms=222.998 tail_max_ms=637.789
[Epoch 16] Hook timing summary done

[Epoch 17] Training... (lr at epoch start=0.009549)
  Batch [50/97] Loss: 1.7874, Acc: 31.62%, lr: 0.007305
[Epoch 17] Train Loss: 1.7775, Acc: 30.99%  |  Val Loss: 1.7059, Acc: 31.22%  |  Time: 38.2s
[Epoch 17] t_iter median: 284.83 ms  (fwd 16.49 | bwd+comm 263.14 | opt 5.40 | data 0.09)  |  train-only epoch: 29.8s
  -> Best model saved (31.22%)
[Epoch 17] Summarizing hook timing...

[HOOK_TIMING_SUMMARY] epoch=17
[HOOK_WORK_SUMMARY] label=mpi:ring_zfp_online_coll:rate16 calls=776 work_total_ms=26404.334 work_mean_ms=34.026 work_min_ms=28.161 work_max_ms=55.013
[HOOK_TAIL_SUMMARY] label=mpi:ring_zfp_online_coll:rate16 steps=97 tail_total_ms=25038.592 tail_mean_ms=258.130 tail_min_ms=227.527 tail_max_ms=348.198
[Epoch 17] Hook timing summary done

[Epoch 18] Training... (lr at epoch start=0.005450)
  Batch [50/97] Loss: 1.7600, Acc: 31.50%, lr: 0.003760
[Epoch 18] Train Loss: 1.7622, Acc: 31.25%  |  Val Loss: 1.6935, Acc: 32.92%  |  Time: 39.0s
[Epoch 18] t_iter median: 285.39 ms  (fwd 16.43 | bwd+comm 264.34 | opt 5.39 | data 0.09)  |  train-only epoch: 30.7s
  -> Best model saved (32.92%)
[Epoch 18] Summarizing hook timing...

[HOOK_TIMING_SUMMARY] epoch=18
[HOOK_WORK_SUMMARY] label=mpi:ring_zfp_online_coll:rate16 calls=776 work_total_ms=27259.630 work_mean_ms=35.128 work_min_ms=28.284 work_max_ms=58.492
[HOOK_TAIL_SUMMARY] label=mpi:ring_zfp_online_coll:rate16 steps=97 tail_total_ms=25926.660 tail_mean_ms=267.285 tail_min_ms=224.837 tail_max_ms=346.862
[Epoch 18] Hook timing summary done

[Epoch 19] Training... (lr at epoch start=0.002447)
  Batch [50/97] Loss: 1.7584, Acc: 33.00%, lr: 0.001353
[Epoch 19] Train Loss: 1.7600, Acc: 31.83%  |  Val Loss: 1.6718, Acc: 33.27%  |  Time: 39.2s
[Epoch 19] t_iter median: 285.98 ms  (fwd 16.32 | bwd+comm 263.93 | opt 5.39 | data 0.09)  |  train-only epoch: 30.8s
  -> Best model saved (33.27%)
[Epoch 19] Summarizing hook timing...

[HOOK_TIMING_SUMMARY] epoch=19
[HOOK_WORK_SUMMARY] label=mpi:ring_zfp_online_coll:rate16 calls=776 work_total_ms=27368.420 work_mean_ms=35.269 work_min_ms=28.318 work_max_ms=62.607
[HOOK_TAIL_SUMMARY] label=mpi:ring_zfp_online_coll:rate16 steps=97 tail_total_ms=26066.333 tail_mean_ms=268.725 tail_min_ms=224.869 tail_max_ms=346.935
[Epoch 19] Hook timing summary done

[Epoch 20] Training... (lr at epoch start=0.000616)
  Batch [50/97] Loss: 1.7279, Acc: 31.25%, lr: 0.000145
[Epoch 20] Train Loss: 1.7097, Acc: 31.70%  |  Val Loss: 1.6704, Acc: 33.24%  |  Time: 38.8s
[Epoch 20] t_iter median: 286.53 ms  (fwd 16.55 | bwd+comm 264.51 | opt 5.40 | data 0.09)  |  train-only epoch: 30.4s
[Epoch 20] Summarizing hook timing...

[HOOK_TIMING_SUMMARY] epoch=20
[HOOK_WORK_SUMMARY] label=mpi:ring_zfp_online_coll:rate16 calls=776 work_total_ms=26904.650 work_mean_ms=34.671 work_min_ms=28.264 work_max_ms=58.158
[HOOK_TAIL_SUMMARY] label=mpi:ring_zfp_online_coll:rate16 steps=97 tail_total_ms=25510.692 tail_mean_ms=262.997 tail_min_ms=225.534 tail_max_ms=342.154
[Epoch 20] Hook timing summary done

================================================================================
Done in 794.7s | Best val acc: 33.27%
Epoch times (train+val): mean=38.7s  min=37.3s  max=42.3s
Train-only epoch time (epochs 2..N): median=30.39s  min=29.55s  max=34.00s
  -> use this for STRONG scaling (fixed global batch)
  -> use t_iter_median_ms from the CSV for WEAK scaling (fixed local batch)
================================================================================
=== Finished training: model=wide_resnet50_2, dataset=cifar10, batch=16, lr=0.1, scheduler=cosine, backend=mpi, hook=ring_zfp_online_coll, zfp_rate=16, status=0 at Mon Jul 20 09:44:01 AM EDT 2026 ===
=== Starting: model=wide_resnet50_2, ws=32, bs=16, gb=512, lr=0.1, sched=cosine, warmup=0, mom=0.9, wd=5e-4, nesterov=true, wd_bn_bias=false, backend=mpi, hook=ring_zfp_online_coll, zfp=10 at Mon Jul 20 09:44:01 AM EDT 2026 ===
MIOPEN_USER_DB_PATH=/mnt/bb/matilderestelli/miopen_cache_5035615/miopen_db
MIOPEN_CUSTOM_CACHE_DIR=/mnt/bb/matilderestelli/miopen_cache_5035615/kernel_cache
drwxr-sr-x 2 matilderestelli gen243 103 Jul 14 05:38 /mnt/bb/matilderestelli/miopen_cache_5035615/miopen_db
==== GPU visibility debug (batch shell) ====
frontier10349
ROCR_VISIBLE_DEVICES=0,1,2,3,4,5,6,7
SLURM_JOB_GPUS=0,1,2,3,4,5,6,7
[37mROCk module version 6.16.13 is loaded[0m
=====================    
HSA System Attributes    
=====================    
Runtime Version:         1.18
Runtime Ext Version:     1.14
System Timestamp Freq.:  1000.000000MHz
Sig. Max Wait Duration:  18446744073709551615 (0xFFFFFFFFFFFFFFFF) (timestamp count)
Machine Model:           LARGE                              
System Endianness:       LITTLE                             
Mwaitx:                  DISABLED
XNACK enabled:           NO
DMAbuf Support:          YES
VMM Support:             YES

==========               
HSA Agents               
==========               
*******                  
Agent 1                  
*******                  
  Name:                    AMD EPYC 7A53 64-Core Processor    
  Uuid:                    CPU-XX                             
  Marketing Name:          AMD EPYC 7A53 64-Core Processor    
  Vendor Name:             CPU                                
  Feature:                 None specified                     
  Profile:                 FULL_PROFILE                       
  Float Round Mode:        NEAR                               
  Max Queue Number:        0(0x0)                             
  Queue Min Size:          0(0x0)                             

================================================================================
DISTRIBUTED TRAINING LAUNCHER
================================================================================
  Model:      wide_resnet50_2 (CIFAR stem) (from scratch)
  Dataset:    cifar10 (10 classes)
  Image size: 32
  LR:         0.1
  Momentum:   0.9 (nesterov=True)
  Optimizer:  sgd
  Weight dec: 0.0005 (on BN/bias=False)
  Backend:    mpi
  Algorithm:  ring_zfp_online_coll
  ZFP rate:   10
  Epochs:     20
  Batch/rank: 16
  LR:         0.1
  Scheduler:  cosine
  Warmup:     0
  Grad clip:  None
  Drop last:  True
  Data dir:   ./data
================================================================================


================================================================================
DISTRIBUTED TRAINING LAUNCHER
================================================================================
  Model:      wide_resnet50_2 (CIFAR stem) (from scratch)
  Dataset:    cifar10 (10 classes)
  Image size: 32
  LR:         0.1
  Momentum:   0.9 (nesterov=True)
  Optimizer:  sgd
  Weight dec: 0.0005 (on BN/bias=False)
  Backend:    mpi
  Algorithm:  ring_zfp_online_coll
  ZFP rate:   10
  Epochs:     20
  Batch/rank: 16
  LR:         0.1
  Scheduler:  cosine
  Warmup:     0
  Grad clip:  None
  Drop last:  True
  Data dir:   ./data
================================================================================


================================================================================
DISTRIBUTED TRAINING LAUNCHER
================================================================================
  Model:      wide_resnet50_2 (CIFAR stem) (from scratch)
  Dataset:    cifar10 (10 classes)
  Image size: 32
  LR:         0.1
  Momentum:   0.9 (nesterov=True)
  Optimizer:  sgd
  Weight dec: 0.0005 (on BN/bias=False)
  Backend:    mpi
  Algorithm:  ring_zfp_online_coll
  ZFP rate:   10
  Epochs:     20
  Batch/rank: 16
  LR:         0.1
  Scheduler:  cosine
  Warmup:     0
  Grad clip:  None
  Drop last:  True
  Data dir:   ./data
================================================================================


================================================================================
DISTRIBUTED TRAINING LAUNCHER
================================================================================
  Model:      wide_resnet50_2 (CIFAR stem) (from scratch)
  Dataset:    cifar10 (10 classes)
  Image size: 32
  LR:         0.1
  Momentum:   0.9 (nesterov=True)
  Optimizer:  sgd
  Weight dec: 0.0005 (on BN/bias=False)
  Backend:    mpi
  Algorithm:  ring_zfp_online_coll
  ZFP rate:   10
  Epochs:     20
  Batch/rank: 16
  LR:         0.1
  Scheduler:  cosine
  Warmup:     0
  Grad clip:  None
  Drop last:  True
  Data dir:   ./data
================================================================================


================================================================================
DISTRIBUTED TRAINING LAUNCHER
================================================================================
  Model:      wide_resnet50_2 (CIFAR stem) (from scratch)
  Dataset:    cifar10 (10 classes)
  Image size: 32
  LR:         0.1
  Momentum:   0.9 (nesterov=True)
  Optimizer:  sgd
  Weight dec: 0.0005 (on BN/bias=False)
  Backend:    mpi
  Algorithm:  ring_zfp_online_coll
  ZFP rate:   10
  Epochs:     20
  Batch/rank: 16
  LR:         0.1
  Scheduler:  cosine
  Warmup:     0
  Grad clip:  None
  Drop last:  True
  Data dir:   ./data
================================================================================


================================================================================
DISTRIBUTED TRAINING LAUNCHER
================================================================================
  Model:      wide_resnet50_2 (CIFAR stem) (from scratch)
  Dataset:    cifar10 (10 classes)
  Image size: 32
  LR:         0.1
  Momentum:   0.9 (nesterov=True)
  Optimizer:  sgd
  Weight dec: 0.0005 (on BN/bias=False)
  Backend:    mpi
  Algorithm:  ring_zfp_online_coll
  ZFP rate:   10
  Epochs:     20
  Batch/rank: 16
  LR:         0.1
  Scheduler:  cosine
  Warmup:     0
  Grad clip:  None
  Drop last:  True
  Data dir:   ./data
================================================================================


================================================================================
DISTRIBUTED TRAINING LAUNCHER
================================================================================
  Model:      wide_resnet50_2 (CIFAR stem) (from scratch)
  Dataset:    cifar10 (10 classes)
  Image size: 32
  LR:         0.1
  Momentum:   0.9 (nesterov=True)
  Optimizer:  sgd
  Weight dec: 0.0005 (on BN/bias=False)
  Backend:    mpi
  Algorithm:  ring_zfp_online_coll
  ZFP rate:   10
  Epochs:     20
  Batch/rank: 16
  LR:         0.1
  Scheduler:  cosine
  Warmup:     0
  Grad clip:  None
  Drop last:  True
  Data dir:   ./data
================================================================================


================================================================================
DISTRIBUTED TRAINING LAUNCHER
================================================================================
  Model:      wide_resnet50_2 (CIFAR stem) (from scratch)
  Dataset:    cifar10 (10 classes)
  Image size: 32
  LR:         0.1
  Momentum:   0.9 (nesterov=True)
  Optimizer:  sgd
  Weight dec: 0.0005 (on BN/bias=False)
  Backend:    mpi
  Algorithm:  ring_zfp_online_coll
  ZFP rate:   10
  Epochs:     20
  Batch/rank: 16
  LR:         0.1
  Scheduler:  cosine
  Warmup:     0
  Grad clip:  None
  Drop last:  True
  Data dir:   ./data
================================================================================


================================================================================
DISTRIBUTED TRAINING LAUNCHER
================================================================================
  Model:      wide_resnet50_2 (CIFAR stem) (from scratch)
  Dataset:    cifar10 (10 classes)
  Image size: 32
  LR:         0.1
  Momentum:   0.9 (nesterov=True)
  Optimizer:  sgd
  Weight dec: 0.0005 (on BN/bias=False)
  Backend:    mpi
  Algorithm:  ring_zfp_online_coll
  ZFP rate:   10
  Epochs:     20
  Batch/rank: 16
  LR:         0.1
  Scheduler:  cosine
  Warmup:     0
  Grad clip:  None
  Drop last:  True
  Data dir:   ./data
================================================================================


================================================================================
DISTRIBUTED TRAINING LAUNCHER
================================================================================
  Model:      wide_resnet50_2 (CIFAR stem) (from scratch)
  Dataset:    cifar10 (10 classes)
  Image size: 32
  LR:         0.1
  Momentum:   0.9 (nesterov=True)
  Optimizer:  sgd
  Weight dec: 0.0005 (on BN/bias=False)
  Backend:    mpi
  Algorithm:  ring_zfp_online_coll
  ZFP rate:   10
  Epochs:     20
  Batch/rank: 16
  LR:         0.1
  Scheduler:  cosine
  Warmup:     0
  Grad clip:  None
  Drop last:  True
  Data dir:   ./data
================================================================================


================================================================================
DISTRIBUTED TRAINING LAUNCHER
================================================================================
  Model:      wide_resnet50_2 (CIFAR stem) (from scratch)
  Dataset:    cifar10 (10 classes)
  Image size: 32
  LR:         0.1
  Momentum:   0.9 (nesterov=True)
  Optimizer:  sgd
  Weight dec: 0.0005 (on BN/bias=False)
  Backend:    mpi
  Algorithm:  ring_zfp_online_coll
  ZFP rate:   10
  Epochs:     20
  Batch/rank: 16
  LR:         0.1
  Scheduler:  cosine
  Warmup:     0

================================================================================
DISTRIBUTED TRAINING LAUNCHER
================================================================================
  Model:      wide_resnet50_2 (CIFAR stem) (from scratch)
  Dataset:    cifar10 (10 classes)
  Image size: 32
  LR:         0.1
  Momentum:   0.9 (nesterov=True)
  Optimizer:  sgd
  Weight dec: 0.0005 (on BN/bias=False)
  Backend:    mpi
  Algorithm:  ring_zfp_online_coll
  ZFP rate:   10
  Epochs:     20
  Batch/rank: 16
  LR:         0.1
  Scheduler:  cosine
  Warmup:     0
  Grad clip:  None
  Drop last:  True
  Data dir:   ./data
================================================================================

  Grad clip:  None
  Drop last:  True
  Data dir:   ./data
================================================================================


================================================================================
DISTRIBUTED TRAINING LAUNCHER
================================================================================
  Model:      wide_resnet50_2 (CIFAR stem) (from scratch)
  Dataset:    cifar10 (10 classes)
  Image size: 32
  LR:         0.1
  Momentum:   0.9 (nesterov=True)
  Optimizer:  sgd
  Weight dec: 0.0005 (on BN/bias=False)
  Backend:    mpi
  Algorithm:  ring_zfp_online_coll
  ZFP rate:   10
  Epochs:     20
  Batch/rank: 16
  LR:         0.1
  Scheduler:  cosine
  Warmup:     0
  Grad clip:  None
  Drop last:  True
  Data dir:   ./data
================================================================================


================================================================================
DISTRIBUTED TRAINING LAUNCHER
================================================================================
  Model:      wide_resnet50_2 (CIFAR stem) (from scratch)
  Dataset:    cifar10 (10 classes)
  Image size: 32
  LR:         0.1
  Momentum:   0.9 (nesterov=True)
  Optimizer:  sgd
  Weight dec: 0.0005 (on BN/bias=False)
  Backend:    mpi
  Algorithm:  ring_zfp_online_coll
  ZFP rate:   10
  Epochs:     20
  Batch/rank: 16
  LR:         0.1
  Scheduler:  cosine
  Warmup:     0
  Grad clip:  None
  Drop last:  True
  Data dir:   ./data
================================================================================


================================================================================
DISTRIBUTED TRAINING LAUNCHER
================================================================================
  Model:      wide_resnet50_2 (CIFAR stem) (from scratch)
  Dataset:    cifar10 (10 classes)
  Image size: 32
  LR:         0.1
  Momentum:   0.9 (nesterov=True)
  Optimizer:  sgd
  Weight dec: 0.0005 (on BN/bias=False)
  Backend:    mpi
  Algorithm:  ring_zfp_online_coll
  ZFP rate:   10
  Epochs:     20
  Batch/rank: 16
  LR:         0.1
  Scheduler:  cosine
  Warmup:     0
  Grad clip:  None
  Drop last:  True
  Data dir:   ./data
================================================================================


================================================================================
DISTRIBUTED TRAINING LAUNCHER
================================================================================
  Model:      wide_resnet50_2 (CIFAR stem) (from scratch)
  Dataset:    cifar10 (10 classes)
  Image size: 32
  LR:         0.1
  Momentum:   0.9 (nesterov=True)
  Optimizer:  sgd
  Weight dec: 0.0005 (on BN/bias=False)
  Backend:    mpi
  Algorithm:  ring_zfp_online_coll
  ZFP rate:   10
  Epochs:     20
  Batch/rank: 16
  LR:         0.1
  Scheduler:  cosine
  Warmup:     0
  Grad clip:  None
  Drop last:  True
  Data dir:   ./data
================================================================================


================================================================================
DISTRIBUTED TRAINING LAUNCHER
================================================================================
  Model:      wide_resnet50_2 (CIFAR stem) (from scratch)
  Dataset:    cifar10 (10 classes)
  Image size: 32
  LR:         0.1
  Momentum:   0.9 (nesterov=True)
  Optimizer:  sgd
  Weight dec: 0.0005 (on BN/bias=False)
  Backend:    mpi
  Algorithm:  ring_zfp_online_coll
  ZFP rate:   10
  Epochs:     20
  Batch/rank: 16
  LR:         0.1
  Scheduler:  cosine
  Warmup:     0
  Grad clip:  None
  Drop last:  True
  Data dir:   ./data
================================================================================


================================================================================
DISTRIBUTED TRAINING LAUNCHER
================================================================================
  Model:      wide_resnet50_2 (CIFAR stem) (from scratch)
  Dataset:    cifar10 (10 classes)
  Image size: 32
  LR:         0.1
  Momentum:   0.9 (nesterov=True)
  Optimizer:  sgd
  Weight dec: 0.0005 (on BN/bias=False)
  Backend:    mpi
  Algorithm:  ring_zfp_online_coll
  ZFP rate:   10
  Epochs:     20
  Batch/rank: 16
  LR:         0.1
  Scheduler:  cosine
  Warmup:     0
  Grad clip:  None
  Drop last:  True
  Data dir:   ./data
================================================================================


================================================================================
DISTRIBUTED TRAINING LAUNCHER
================================================================================
  Model:      wide_resnet50_2 (CIFAR stem) (from scratch)
  Dataset:    cifar10 (10 classes)
  Image size: 32
  LR:         0.1
  Momentum:   0.9 (nesterov=True)
  Optimizer:  sgd
  Weight dec: 0.0005 (on BN/bias=False)
  Backend:    mpi
  Algorithm:  ring_zfp_online_coll
  ZFP rate:   10
  Epochs:     20
  Batch/rank: 16
  LR:         0.1
  Scheduler:  cosine
  Warmup:     0
  Grad clip:  None
  Drop last:  True

================================================================================
DISTRIBUTED TRAINING LAUNCHER
================================================================================
  Model:      wide_resnet50_2 (CIFAR stem) (from scratch)
  Dataset:    cifar10 (10 classes)
  Image size: 32
  LR:         0.1
  Momentum:   0.9 (nesterov=True)
  Optimizer:  sgd
  Weight dec: 0.0005 (on BN/bias=False)
  Backend:    mpi
  Algorithm:  ring_zfp_online_coll
  ZFP rate:   10
  Epochs:     20
  Batch/rank: 16
  LR:         0.1
  Scheduler:  cosine
  Warmup:     0
  Grad clip:  None
  Drop last:  True
  Data dir:   ./data
================================================================================

  Data dir:   ./data
================================================================================


================================================================================
DISTRIBUTED TRAINING LAUNCHER
================================================================================
  Model:      wide_resnet50_2 (CIFAR stem) (from scratch)
  Dataset:    cifar10 (10 classes)
  Image size: 32
  LR:         0.1
  Momentum:   0.9 (nesterov=True)
  Optimizer:  sgd
  Weight dec: 0.0005 (on BN/bias=False)
  Backend:    mpi
  Algorithm:  ring_zfp_online_coll
  ZFP rate:   10
  Epochs:     20
  Batch/rank: 16
  LR:         0.1
  Scheduler:  cosine
  Warmup:     0
  Grad clip:  None
  Drop last:  True
  Data dir:   ./data
================================================================================


================================================================================
DISTRIBUTED TRAINING LAUNCHER
================================================================================
  Model:      wide_resnet50_2 (CIFAR stem) (from scratch)
  Dataset:    cifar10 (10 classes)
  Image size: 32
  LR:         0.1
  Momentum:   0.9 (nesterov=True)
  Optimizer:  sgd
  Weight dec: 0.0005 (on BN/bias=False)
  Backend:    mpi
  Algorithm:  ring_zfp_online_coll
  ZFP rate:   10
  Epochs:     20
  Batch/rank: 16
  LR:         0.1
  Scheduler:  cosine
  Warmup:     0
  Grad clip:  None
  Drop last:  True
  Data dir:   ./data
================================================================================


================================================================================
DISTRIBUTED TRAINING LAUNCHER
================================================================================
  Model:      wide_resnet50_2 (CIFAR stem) (from scratch)
  Dataset:    cifar10 (10 classes)
  Image size: 32
  LR:         0.1
  Momentum:   0.9 (nesterov=True)
  Optimizer:  sgd
  Weight dec: 0.0005 (on BN/bias=False)
  Backend:    mpi
  Algorithm:  ring_zfp_online_coll
  ZFP rate:   10
  Epochs:     20
  Batch/rank: 16
  LR:         0.1
  Scheduler:  cosine
  Warmup:     0
  Grad clip:  None
  Drop last:  True
  Data dir:   ./data
================================================================================


================================================================================
DISTRIBUTED TRAINING LAUNCHER
================================================================================
  Model:      wide_resnet50_2 (CIFAR stem) (from scratch)
  Dataset:    cifar10 (10 classes)
  Image size: 32
  LR:         0.1
  Momentum:   0.9 (nesterov=True)
  Optimizer:  sgd
  Weight dec: 0.0005 (on BN/bias=False)
  Backend:    mpi
  Algorithm:  ring_zfp_online_coll
  ZFP rate:   10
  Epochs:     20
  Batch/rank: 16
  LR:         0.1
  Scheduler:  cosine
  Warmup:     0
  Grad clip:  None
  Drop last:  True
  Data dir:   ./data
================================================================================


================================================================================
DISTRIBUTED TRAINING LAUNCHER
================================================================================
  Model:      wide_resnet50_2 (CIFAR stem) (from scratch)
  Dataset:    cifar10 (10 classes)
  Image size: 32
  LR:         0.1
  Momentum:   0.9 (nesterov=True)
  Optimizer:  sgd
  Weight dec: 0.0005 (on BN/bias=False)
  Backend:    mpi
  Algorithm:  ring_zfp_online_coll
  ZFP rate:   10
  Epochs:     20
  Batch/rank: 16
  LR:         0.1
  Scheduler:  cosine
  Warmup:     0
  Grad clip:  None
  Drop last:  True
  Data dir:   ./data
================================================================================


================================================================================
DISTRIBUTED TRAINING LAUNCHER
================================================================================
  Model:      wide_resnet50_2 (CIFAR stem) (from scratch)
  Dataset:    cifar10 (10 classes)
  Image size: 32
  LR:         0.1
  Momentum:   0.9 (nesterov=True)
  Optimizer:  sgd
  Weight dec: 0.0005 (on BN/bias=False)
  Backend:    mpi
  Algorithm:  ring_zfp_online_coll
  ZFP rate:   10
  Epochs:     20
  Batch/rank: 16
  LR:         0.1
  Scheduler:  cosine
  Warmup:     0
  Grad clip:  None
  Drop last:  True
  Data dir:   ./data
================================================================================


================================================================================
DISTRIBUTED TRAINING LAUNCHER
================================================================================
  Model:      wide_resnet50_2 (CIFAR stem) (from scratch)
  Dataset:    cifar10 (10 classes)
  Image size: 32
  LR:         0.1
  Momentum:   0.9 (nesterov=True)
  Optimizer:  sgd
  Weight dec: 0.0005 (on BN/bias=False)
  Backend:    mpi
  Algorithm:  ring_zfp_online_coll
  ZFP rate:   10
  Epochs:     20
  Batch/rank: 16
  LR:         0.1
  Scheduler:  cosine
  Warmup:     0
  Grad clip:  None
  Drop last:  True
  Data dir:   ./data
================================================================================


================================================================================
DISTRIBUTED TRAINING LAUNCHER
================================================================================
  Model:      wide_resnet50_2 (CIFAR stem) (from scratch)
  Dataset:    cifar10 (10 classes)
  Image size: 32
  LR:         0.1
  Momentum:   0.9 (nesterov=True)
  Optimizer:  sgd
  Weight dec: 0.0005 (on BN/bias=False)
  Backend:    mpi
  Algorithm:  ring_zfp_online_coll
  ZFP rate:   10
  Epochs:     20
  Batch/rank: 16
  LR:         0.1
  Scheduler:  cosine
  Warmup:     0
  Grad clip:  None
  Drop last:  True
  Data dir:   ./data
================================================================================


================================================================================
DISTRIBUTED TRAINING LAUNCHER
================================================================================
  Model:      wide_resnet50_2 (CIFAR stem) (from scratch)
  Dataset:    cifar10 (10 classes)
  Image size: 32
  LR:         0.1
  Momentum:   0.9 (nesterov=True)
  Optimizer:  sgd
  Weight dec: 0.0005 (on BN/bias=False)
  Backend:    mpi
  Algorithm:  ring_zfp_online_coll
  ZFP rate:   10
  Epochs:     20
  Batch/rank: 16
  LR:         0.1
  Scheduler:  cosine
  Warmup:     0
  Grad clip:  None
  Drop last:  True
  Data dir:   ./data
================================================================================


================================================================================
DISTRIBUTED TRAINING LAUNCHER
================================================================================
  Model:      wide_resnet50_2 (CIFAR stem) (from scratch)
  Dataset:    cifar10 (10 classes)
  Image size: 32
  LR:         0.1
  Momentum:   0.9 (nesterov=True)
  Optimizer:  sgd
  Weight dec: 0.0005 (on BN/bias=False)
  Backend:    mpi
  Algorithm:  ring_zfp_online_coll
  ZFP rate:   10
  Epochs:     20
  Batch/rank: 16
  LR:         0.1
  Scheduler:  cosine
  Warmup:     0
  Grad clip:  None
  Drop last:  True
  Data dir:   ./data
================================================================================


================================================================================
DISTRIBUTED TRAINING LAUNCHER
================================================================================
  Model:      wide_resnet50_2 (CIFAR stem) (from scratch)
  Dataset:    cifar10 (10 classes)
  Image size: 32
  LR:         0.1
  Momentum:   0.9 (nesterov=True)
  Optimizer:  sgd
  Weight dec: 0.0005 (on BN/bias=False)
  Backend:    mpi
  Algorithm:  ring_zfp_online_coll
  ZFP rate:   10
  Epochs:     20
  Batch/rank: 16
  LR:         0.1
  Scheduler:  cosine
  Warmup:     0
  Grad clip:  None
  Drop last:  True
  Data dir:   ./data
================================================================================


================================================================================
DISTRIBUTED TRAINING LAUNCHER
================================================================================
  Model:      wide_resnet50_2 (CIFAR stem) (from scratch)
  Dataset:    cifar10 (10 classes)
  Image size: 32
  LR:         0.1
  Momentum:   0.9 (nesterov=True)
  Optimizer:  sgd
  Weight dec: 0.0005 (on BN/bias=False)
  Backend:    mpi
  Algorithm:  ring_zfp_online_coll
  ZFP rate:   10
  Epochs:     20
  Batch/rank: 16
  LR:         0.1
  Scheduler:  cosine
  Warmup:     0
  Grad clip:  None
  Drop last:  True
  Data dir:   ./data
================================================================================


================================================================================
Distributed Training: WIDE_RESNET50_2 on CIFAR10
Backend: MPI, Algorithm: ring_zfp_online_coll
================================================================================
Ranks: 32, Epochs: 20, Batch/rank: 16, Effective batch: 512
LR: 0.1, Device: cuda:0

[Cache] Pretrained weights cache (TORCH_HOME) = /lustre/orion/gen243/proj-shared/matilderestelli/pretrained_weights_cache
[Setup] Model on cuda:0, wrapped in DDP (static_graph=True)
[Setup] Hook registered: mpi/ring_zfp_online_coll
[Optim] SGD: lr=0.1 momentum=0.9 nesterov=True wd=0.0005 wd_on_bn_bias=False
[Optim]   group 0: 66,778,816 params, wd=0.0005
[Optim]   group 1: 68,234 params, wd=0.0
[Data] Train batches: 97, Val batches: 625

[Sched] cosine: steps/epoch=97, total_steps=1940, warmup_steps=0 (0 epochs)


[Epoch 1] Training... (lr at epoch start=0.100000)
  Batch [50/97] Loss: 6.8747, Acc: 11.12%, lr: 0.099836
[Epoch 1] Train Loss: 4.6523, Acc: 11.47%  |  Val Loss: 2.3095, Acc: 10.30%  |  Time: 38.9s
[Epoch 1] t_iter median: 280.03 ms  (fwd 15.00 | bwd+comm 259.42 | opt 5.50 | data 0.08)  |  train-only epoch: 31.2s
  -> Best model saved (10.30%)
[Epoch 1] Summarizing hook timing...

[HOOK_TIMING_SUMMARY] epoch=1
[HOOK_WORK_SUMMARY] label=mpi:ring_zfp_online_coll:rate10 calls=769 work_total_ms=25703.586 work_mean_ms=33.425 work_min_ms=27.917 work_max_ms=175.513
[HOOK_TAIL_SUMMARY] label=mpi:ring_zfp_online_coll:rate10 steps=98 tail_total_ms=24755.386 tail_mean_ms=252.606 tail_min_ms=121.680 tail_max_ms=409.646
[Epoch 1] Hook timing summary done

[Epoch 2] Training... (lr at epoch start=0.099384)
  Batch [50/97] Loss: 2.3052, Acc: 12.25%, lr: 0.098590
[Epoch 2] Train Loss: 2.2967, Acc: 12.24%  |  Val Loss: 2.3284, Acc: 11.01%  |  Time: 37.7s
[Epoch 2] t_iter median: 281.41 ms  (fwd 15.17 | bwd+comm 260.54 | opt 5.52 | data 0.08)  |  train-only epoch: 29.9s
  -> Best model saved (11.01%)
[Epoch 2] Summarizing hook timing...

[HOOK_TIMING_SUMMARY] epoch=2
[HOOK_WORK_SUMMARY] label=mpi:ring_zfp_online_coll:rate10 calls=776 work_total_ms=26600.415 work_mean_ms=34.279 work_min_ms=27.931 work_max_ms=75.145
[HOOK_TAIL_SUMMARY] label=mpi:ring_zfp_online_coll:rate10 steps=97 tail_total_ms=25376.572 tail_mean_ms=261.614 tail_min_ms=221.056 tail_max_ms=381.168
[Epoch 2] Hook timing summary done

[Epoch 3] Training... (lr at epoch start=0.097553)
  Batch [50/97] Loss: 2.3022, Acc: 11.38%, lr: 0.096147
[Epoch 3] Train Loss: 2.2955, Acc: 11.47%  |  Val Loss: 2.3145, Acc: 11.37%  |  Time: 37.0s
[Epoch 3] t_iter median: 281.34 ms  (fwd 15.35 | bwd+comm 260.61 | opt 5.53 | data 0.08)  |  train-only epoch: 29.3s
  -> Best model saved (11.37%)
[Epoch 3] Summarizing hook timing...

[HOOK_TIMING_SUMMARY] epoch=3
[HOOK_WORK_SUMMARY] label=mpi:ring_zfp_online_coll:rate10 calls=776 work_total_ms=25903.134 work_mean_ms=33.380 work_min_ms=28.178 work_max_ms=55.832
[HOOK_TAIL_SUMMARY] label=mpi:ring_zfp_online_coll:rate10 steps=97 tail_total_ms=24710.830 tail_mean_ms=254.751 tail_min_ms=221.649 tail_max_ms=347.456
[Epoch 3] Hook timing summary done

[Epoch 4] Training... (lr at epoch start=0.094550)
  Batch [50/97] Loss: 2.2697, Acc: 14.75%, lr: 0.092568
[Epoch 4] Train Loss: 2.2684, Acc: 14.11%  |  Val Loss: 2.2982, Acc: 12.58%  |  Time: 38.3s
[Epoch 4] t_iter median: 281.77 ms  (fwd 15.73 | bwd+comm 260.31 | opt 5.53 | data 0.09)  |  train-only epoch: 30.5s
  -> Best model saved (12.58%)
[Epoch 4] Summarizing hook timing...

[HOOK_TIMING_SUMMARY] epoch=4
[HOOK_WORK_SUMMARY] label=mpi:ring_zfp_online_coll:rate10 calls=776 work_total_ms=27114.463 work_mean_ms=34.941 work_min_ms=27.939 work_max_ms=126.891
[HOOK_TAIL_SUMMARY] label=mpi:ring_zfp_online_coll:rate10 steps=97 tail_total_ms=25890.988 tail_mean_ms=266.917 tail_min_ms=222.658 tail_max_ms=435.080
[Epoch 4] Hook timing summary done

[Epoch 5] Training... (lr at epoch start=0.090451)
  Batch [50/97] Loss: 2.2498, Acc: 15.62%, lr: 0.087941
[Epoch 5] Train Loss: 2.2310, Acc: 17.46%  |  Val Loss: 2.0999, Acc: 19.94%  |  Time: 38.0s
[Epoch 5] t_iter median: 282.62 ms  (fwd 16.11 | bwd+comm 261.31 | opt 5.53 | data 0.09)  |  train-only epoch: 30.0s
  -> Best model saved (19.94%)
[Epoch 5] Summarizing hook timing...

[HOOK_TIMING_SUMMARY] epoch=5
[HOOK_WORK_SUMMARY] label=mpi:ring_zfp_online_coll:rate10 calls=776 work_total_ms=26655.401 work_mean_ms=34.350 work_min_ms=27.951 work_max_ms=56.910
[HOOK_TAIL_SUMMARY] label=mpi:ring_zfp_online_coll:rate10 steps=97 tail_total_ms=25320.188 tail_mean_ms=261.033 tail_min_ms=220.411 tail_max_ms=338.869
[Epoch 5] Hook timing summary done

[Epoch 6] Training... (lr at epoch start=0.085355)
  Batch [50/97] Loss: 2.0592, Acc: 21.12%, lr: 0.082380
[Epoch 6] Train Loss: 2.0122, Acc: 21.97%  |  Val Loss: 1.8503, Acc: 29.91%  |  Time: 37.9s
[Epoch 6] t_iter median: 281.58 ms  (fwd 16.13 | bwd+comm 260.01 | opt 5.53 | data 0.09)  |  train-only epoch: 30.0s
  -> Best model saved (29.91%)
[Epoch 6] Summarizing hook timing...

[HOOK_TIMING_SUMMARY] epoch=6
[HOOK_WORK_SUMMARY] label=mpi:ring_zfp_online_coll:rate10 calls=776 work_total_ms=26564.476 work_mean_ms=34.233 work_min_ms=28.066 work_max_ms=55.220
[HOOK_TAIL_SUMMARY] label=mpi:ring_zfp_online_coll:rate10 steps=97 tail_total_ms=25213.771 tail_mean_ms=259.936 tail_min_ms=222.489 tail_max_ms=345.674
[Epoch 6] Hook timing summary done

[Epoch 7] Training... (lr at epoch start=0.079389)
  Batch [50/97] Loss: 1.8590, Acc: 29.00%, lr: 0.076021
[Epoch 7] Train Loss: 1.8141, Acc: 32.41%  |  Val Loss: 1.7500, Acc: 35.99%  |  Time: 38.9s
[Epoch 7] t_iter median: 284.07 ms  (fwd 16.21 | bwd+comm 262.96 | opt 5.53 | data 0.09)  |  train-only epoch: 30.9s
  -> Best model saved (35.99%)
[Epoch 7] Summarizing hook timing...

[HOOK_TIMING_SUMMARY] epoch=7
[HOOK_WORK_SUMMARY] label=mpi:ring_zfp_online_coll:rate10 calls=776 work_total_ms=27523.994 work_mean_ms=35.469 work_min_ms=28.128 work_max_ms=59.302
[HOOK_TAIL_SUMMARY] label=mpi:ring_zfp_online_coll:rate10 steps=97 tail_total_ms=26176.356 tail_mean_ms=269.859 tail_min_ms=219.365 tail_max_ms=344.252
[Epoch 7] Hook timing summary done

[Epoch 8] Training... (lr at epoch start=0.072700)
  Batch [50/97] Loss: 1.7247, Acc: 37.62%, lr: 0.069022
[Epoch 8] Train Loss: 1.6809, Acc: 38.02%  |  Val Loss: 1.5050, Acc: 44.49%  |  Time: 39.8s
[Epoch 8] t_iter median: 283.94 ms  (fwd 16.32 | bwd+comm 262.22 | opt 5.53 | data 0.09)  |  train-only epoch: 31.8s
  -> Best model saved (44.49%)
[Epoch 8] Summarizing hook timing...

[HOOK_TIMING_SUMMARY] epoch=8
[HOOK_WORK_SUMMARY] label=mpi:ring_zfp_online_coll:rate10 calls=776 work_total_ms=28387.614 work_mean_ms=36.582 work_min_ms=28.027 work_max_ms=186.350
[HOOK_TAIL_SUMMARY] label=mpi:ring_zfp_online_coll:rate10 steps=97 tail_total_ms=26933.120 tail_mean_ms=277.661 tail_min_ms=222.478 tail_max_ms=488.442
[Epoch 8] Hook timing summary done

[Epoch 9] Training... (lr at epoch start=0.065451)
  Batch [50/97] Loss: 1.5525, Acc: 42.25%, lr: 0.061554
[Epoch 9] Train Loss: 1.5194, Acc: 43.81%  |  Val Loss: 1.3257, Acc: 51.22%  |  Time: 39.1s
[Epoch 9] t_iter median: 283.70 ms  (fwd 16.27 | bwd+comm 262.27 | opt 5.53 | data 0.09)  |  train-only epoch: 31.0s
  -> Best model saved (51.22%)
[Epoch 9] Summarizing hook timing...

[HOOK_TIMING_SUMMARY] epoch=9
[HOOK_WORK_SUMMARY] label=mpi:ring_zfp_online_coll:rate10 calls=776 work_total_ms=27531.553 work_mean_ms=35.479 work_min_ms=27.868 work_max_ms=58.874
[HOOK_TAIL_SUMMARY] label=mpi:ring_zfp_online_coll:rate10 steps=97 tail_total_ms=26193.139 tail_mean_ms=270.032 tail_min_ms=222.129 tail_max_ms=345.450
[Epoch 9] Hook timing summary done

[Epoch 10] Training... (lr at epoch start=0.057822)
  Batch [50/97] Loss: 1.4078, Acc: 48.38%, lr: 0.053802
[Epoch 10] Train Loss: 1.3905, Acc: 50.06%  |  Val Loss: 1.2745, Acc: 54.26%  |  Time: 37.7s
[Epoch 10] t_iter median: 281.19 ms  (fwd 16.23 | bwd+comm 258.92 | opt 5.53 | data 0.09)  |  train-only epoch: 29.6s
  -> Best model saved (54.26%)
[Epoch 10] Summarizing hook timing...

[HOOK_TIMING_SUMMARY] epoch=10
[HOOK_WORK_SUMMARY] label=mpi:ring_zfp_online_coll:rate10 calls=776 work_total_ms=26136.605 work_mean_ms=33.681 work_min_ms=27.911 work_max_ms=56.476
[HOOK_TAIL_SUMMARY] label=mpi:ring_zfp_online_coll:rate10 steps=97 tail_total_ms=24748.780 tail_mean_ms=255.142 tail_min_ms=221.632 tail_max_ms=341.525
[Epoch 10] Hook timing summary done

[Epoch 11] Training... (lr at epoch start=0.050000)
  Batch [50/97] Loss: 1.2577, Acc: 53.38%, lr: 0.045956
[Epoch 11] Train Loss: 1.2366, Acc: 54.96%  |  Val Loss: 1.0962, Acc: 59.77%  |  Time: 39.0s
[Epoch 11] t_iter median: 283.38 ms  (fwd 16.12 | bwd+comm 261.15 | opt 5.53 | data 0.09)  |  train-only epoch: 30.8s
  -> Best model saved (59.77%)
[Epoch 11] Summarizing hook timing...

[HOOK_TIMING_SUMMARY] epoch=11
[HOOK_WORK_SUMMARY] label=mpi:ring_zfp_online_coll:rate10 calls=776 work_total_ms=27412.659 work_mean_ms=35.326 work_min_ms=28.236 work_max_ms=58.380
[HOOK_TAIL_SUMMARY] label=mpi:ring_zfp_online_coll:rate10 steps=97 tail_total_ms=25972.713 tail_mean_ms=267.760 tail_min_ms=223.030 tail_max_ms=355.013
[Epoch 11] Hook timing summary done

[Epoch 12] Training... (lr at epoch start=0.042178)
  Batch [50/97] Loss: 1.1720, Acc: 60.25%, lr: 0.038210
[Epoch 12] Train Loss: 1.1323, Acc: 60.57%  |  Val Loss: 1.0310, Acc: 62.67%  |  Time: 40.2s
[Epoch 12] t_iter median: 284.20 ms  (fwd 16.35 | bwd+comm 262.34 | opt 5.50 | data 0.09)  |  train-only epoch: 30.6s
  -> Best model saved (62.67%)
[Epoch 12] Summarizing hook timing...

[HOOK_TIMING_SUMMARY] epoch=12
[HOOK_WORK_SUMMARY] label=mpi:ring_zfp_online_coll:rate10 calls=776 work_total_ms=27161.464 work_mean_ms=35.002 work_min_ms=28.192 work_max_ms=58.930
[HOOK_TAIL_SUMMARY] label=mpi:ring_zfp_online_coll:rate10 steps=97 tail_total_ms=25768.001 tail_mean_ms=265.649 tail_min_ms=220.666 tail_max_ms=349.464
[Epoch 12] Hook timing summary done

[Epoch 13] Training... (lr at epoch start=0.034549)
  Batch [50/97] Loss: 1.0338, Acc: 62.38%, lr: 0.030754
[Epoch 13] Train Loss: 1.0344, Acc: 62.89%  |  Val Loss: 0.9675, Acc: 65.33%  |  Time: 38.6s
[Epoch 13] t_iter median: 283.57 ms  (fwd 16.25 | bwd+comm 261.74 | opt 5.54 | data 0.09)  |  train-only epoch: 30.3s
  -> Best model saved (65.33%)
[Epoch 13] Summarizing hook timing...

[HOOK_TIMING_SUMMARY] epoch=13
[HOOK_WORK_SUMMARY] label=mpi:ring_zfp_online_coll:rate10 calls=776 work_total_ms=26887.175 work_mean_ms=34.648 work_min_ms=28.078 work_max_ms=61.048
[HOOK_TAIL_SUMMARY] label=mpi:ring_zfp_online_coll:rate10 steps=97 tail_total_ms=25458.779 tail_mean_ms=262.462 tail_min_ms=222.210 tail_max_ms=343.097
[Epoch 13] Hook timing summary done

[Epoch 14] Training... (lr at epoch start=0.027300)
  Batch [50/97] Loss: 1.0591, Acc: 63.38%, lr: 0.023772
[Epoch 14] Train Loss: 1.0083, Acc: 64.43%  |  Val Loss: 0.9079, Acc: 67.69%  |  Time: 38.5s
[Epoch 14] t_iter median: 283.01 ms  (fwd 16.32 | bwd+comm 261.69 | opt 5.53 | data 0.09)  |  train-only epoch: 30.3s
  -> Best model saved (67.69%)
[Epoch 14] Summarizing hook timing...

[HOOK_TIMING_SUMMARY] epoch=14
[HOOK_WORK_SUMMARY] label=mpi:ring_zfp_online_coll:rate10 calls=776 work_total_ms=26842.360 work_mean_ms=34.591 work_min_ms=27.977 work_max_ms=57.142
[HOOK_TAIL_SUMMARY] label=mpi:ring_zfp_online_coll:rate10 steps=97 tail_total_ms=25488.440 tail_mean_ms=262.767 tail_min_ms=224.156 tail_max_ms=346.563
[Epoch 14] Hook timing summary done

[Epoch 15] Training... (lr at epoch start=0.020611)
  Batch [50/97] Loss: 1.0098, Acc: 63.88%, lr: 0.017435
[Epoch 15] Train Loss: 0.9638, Acc: 65.53%  |  Val Loss: 0.8516, Acc: 69.96%  |  Time: 38.7s
[Epoch 15] t_iter median: 283.20 ms  (fwd 16.33 | bwd+comm 261.27 | opt 5.54 | data 0.09)  |  train-only epoch: 30.5s
  -> Best model saved (69.96%)
[Epoch 15] Summarizing hook timing...

[HOOK_TIMING_SUMMARY] epoch=15
[HOOK_WORK_SUMMARY] label=mpi:ring_zfp_online_coll:rate10 calls=776 work_total_ms=27022.249 work_mean_ms=34.822 work_min_ms=28.080 work_max_ms=155.845
[HOOK_TAIL_SUMMARY] label=mpi:ring_zfp_online_coll:rate10 steps=97 tail_total_ms=25567.375 tail_mean_ms=263.581 tail_min_ms=224.425 tail_max_ms=431.975
[Epoch 15] Hook timing summary done

[Epoch 16] Training... (lr at epoch start=0.014645)
  Batch [50/97] Loss: 0.9185, Acc: 66.25%, lr: 0.011901
[Epoch 16] Train Loss: 0.9020, Acc: 67.59%  |  Val Loss: 0.8080, Acc: 71.33%  |  Time: 42.5s
[Epoch 16] t_iter median: 371.14 ms  (fwd 16.37 | bwd+comm 351.78 | opt 5.53 | data 0.09)  |  train-only epoch: 34.2s
  -> Best model saved (71.33%)
[Epoch 16] Summarizing hook timing...

[HOOK_TIMING_SUMMARY] epoch=16
[HOOK_WORK_SUMMARY] label=mpi:ring_zfp_online_coll:rate10 calls=776 work_total_ms=30731.545 work_mean_ms=39.603 work_min_ms=28.179 work_max_ms=384.413
[HOOK_TAIL_SUMMARY] label=mpi:ring_zfp_online_coll:rate10 steps=97 tail_total_ms=29281.385 tail_mean_ms=301.870 tail_min_ms=222.085 tail_max_ms=666.641
[Epoch 16] Hook timing summary done

[Epoch 17] Training... (lr at epoch start=0.009549)
  Batch [50/97] Loss: 0.8895, Acc: 71.00%, lr: 0.007305
[Epoch 17] Train Loss: 0.8498, Acc: 70.94%  |  Val Loss: 0.7804, Acc: 72.60%  |  Time: 38.5s
[Epoch 17] t_iter median: 283.22 ms  (fwd 16.36 | bwd+comm 261.20 | opt 5.53 | data 0.09)  |  train-only epoch: 30.1s
  -> Best model saved (72.60%)
[Epoch 17] Summarizing hook timing...

[HOOK_TIMING_SUMMARY] epoch=17
[HOOK_WORK_SUMMARY] label=mpi:ring_zfp_online_coll:rate10 calls=776 work_total_ms=26705.982 work_mean_ms=34.415 work_min_ms=28.027 work_max_ms=57.495
[HOOK_TAIL_SUMMARY] label=mpi:ring_zfp_online_coll:rate10 steps=97 tail_total_ms=25348.440 tail_mean_ms=261.324 tail_min_ms=220.973 tail_max_ms=346.031
[Epoch 17] Hook timing summary done

[Epoch 18] Training... (lr at epoch start=0.005450)
  Batch [50/97] Loss: 0.8540, Acc: 72.38%, lr: 0.003760
[Epoch 18] Train Loss: 0.8359, Acc: 72.36%  |  Val Loss: 0.7705, Acc: 72.91%  |  Time: 39.7s
[Epoch 18] t_iter median: 285.10 ms  (fwd 16.34 | bwd+comm 263.24 | opt 5.54 | data 0.08)  |  train-only epoch: 31.3s
  -> Best model saved (72.91%)
[Epoch 18] Summarizing hook timing...

[HOOK_TIMING_SUMMARY] epoch=18
[HOOK_WORK_SUMMARY] label=mpi:ring_zfp_online_coll:rate10 calls=776 work_total_ms=27875.816 work_mean_ms=35.922 work_min_ms=28.145 work_max_ms=59.293
[HOOK_TAIL_SUMMARY] label=mpi:ring_zfp_online_coll:rate10 steps=97 tail_total_ms=26475.071 tail_mean_ms=272.939 tail_min_ms=224.283 tail_max_ms=345.317
[Epoch 18] Hook timing summary done

[Epoch 19] Training... (lr at epoch start=0.002447)
  Batch [50/97] Loss: 0.7357, Acc: 74.12%, lr: 0.001353
[Epoch 19] Train Loss: 0.8039, Acc: 71.46%  |  Val Loss: 0.7506, Acc: 73.70%  |  Time: 39.3s
[Epoch 19] t_iter median: 284.46 ms  (fwd 16.46 | bwd+comm 262.28 | opt 5.55 | data 0.09)  |  train-only epoch: 30.9s
  -> Best model saved (73.70%)
[Epoch 19] Summarizing hook timing...

[HOOK_TIMING_SUMMARY] epoch=19
[HOOK_WORK_SUMMARY] label=mpi:ring_zfp_online_coll:rate10 calls=776 work_total_ms=27451.955 work_mean_ms=35.376 work_min_ms=27.830 work_max_ms=59.707
[HOOK_TAIL_SUMMARY] label=mpi:ring_zfp_online_coll:rate10 steps=97 tail_total_ms=26149.059 tail_mean_ms=269.578 tail_min_ms=224.008 tail_max_ms=347.510
[Epoch 19] Hook timing summary done

[Epoch 20] Training... (lr at epoch start=0.000616)
  Batch [50/97] Loss: 0.7500, Acc: 72.62%, lr: 0.000145
[Epoch 20] Train Loss: 0.7375, Acc: 73.20%  |  Val Loss: 0.7472, Acc: 73.79%  |  Time: 38.8s
[Epoch 20] t_iter median: 284.45 ms  (fwd 16.48 | bwd+comm 262.34 | opt 5.54 | data 0.09)  |  train-only epoch: 30.3s
  -> Best model saved (73.79%)
[Epoch 20] Summarizing hook timing...

[HOOK_TIMING_SUMMARY] epoch=20
[HOOK_WORK_SUMMARY] label=mpi:ring_zfp_online_coll:rate10 calls=776 work_total_ms=26840.218 work_mean_ms=34.588 work_min_ms=28.309 work_max_ms=58.096
[HOOK_TAIL_SUMMARY] label=mpi:ring_zfp_online_coll:rate10 steps=97 tail_total_ms=25340.087 tail_mean_ms=261.238 tail_min_ms=223.400 tail_max_ms=345.927
[Epoch 20] Hook timing summary done

================================================================================
Done in 804.4s | Best val acc: 73.79%
Epoch times (train+val): mean=38.9s  min=37.0s  max=42.5s
Train-only epoch time (epochs 2..N): median=30.46s  min=29.28s  max=34.18s
  -> use this for STRONG scaling (fixed global batch)
  -> use t_iter_median_ms from the CSV for WEAK scaling (fixed local batch)
================================================================================
=== Finished training: model=wide_resnet50_2, dataset=cifar10, batch=16, lr=0.1, scheduler=cosine, backend=mpi, hook=ring_zfp_online_coll, zfp_rate=10, status=0 at Mon Jul 20 09:57:35 AM EDT 2026 ===
=== Starting: model=wide_resnet50_2, ws=32, bs=16, gb=512, lr=0.1, sched=cosine, warmup=0, mom=0.9, wd=5e-4, nesterov=true, wd_bn_bias=false, backend=mpi, hook=recursive_doubling, zfp=none at Mon Jul 20 09:57:35 AM EDT 2026 ===
MIOPEN_USER_DB_PATH=/mnt/bb/matilderestelli/miopen_cache_5035615/miopen_db
MIOPEN_CUSTOM_CACHE_DIR=/mnt/bb/matilderestelli/miopen_cache_5035615/kernel_cache
drwxr-sr-x 2 matilderestelli gen243 103 Jul 14 05:38 /mnt/bb/matilderestelli/miopen_cache_5035615/miopen_db
==== GPU visibility debug (batch shell) ====
frontier10349
ROCR_VISIBLE_DEVICES=0,1,2,3,4,5,6,7
SLURM_JOB_GPUS=0,1,2,3,4,5,6,7
[37mROCk module version 6.16.13 is loaded[0m
=====================    
HSA System Attributes    
=====================    
Runtime Version:         1.18
Runtime Ext Version:     1.14
System Timestamp Freq.:  1000.000000MHz
Sig. Max Wait Duration:  18446744073709551615 (0xFFFFFFFFFFFFFFFF) (timestamp count)
Machine Model:           LARGE                              
System Endianness:       LITTLE                             
Mwaitx:                  DISABLED
XNACK enabled:           NO
DMAbuf Support:          YES
VMM Support:             YES

==========               
HSA Agents               
==========               
*******                  
Agent 1                  
*******                  
  Name:                    AMD EPYC 7A53 64-Core Processor    
  Uuid:                    CPU-XX                             
  Marketing Name:          AMD EPYC 7A53 64-Core Processor    
  Vendor Name:             CPU                                
  Feature:                 None specified                     
  Profile:                 FULL_PROFILE                       
  Float Round Mode:        NEAR                               
  Max Queue Number:        0(0x0)                             
  Queue Min Size:          0(0x0)                             

================================================================================
DISTRIBUTED TRAINING LAUNCHER
================================================================================
  Model:      wide_resnet50_2 (CIFAR stem) (from scratch)
  Dataset:    cifar10 (10 classes)
  Image size: 32
  LR:         0.1
  Momentum:   0.9 (nesterov=True)
  Optimizer:  sgd
  Weight dec: 0.0005 (on BN/bias=False)
  Backend:    mpi
  Algorithm:  recursive_doubling
  Epochs:     20
  Batch/rank: 16
  LR:         0.1
  Scheduler:  cosine
  Warmup:     0
  Grad clip:  None
  Drop last:  True
  Data dir:   ./data
================================================================================


================================================================================
DISTRIBUTED TRAINING LAUNCHER
================================================================================
  Model:      wide_resnet50_2 (CIFAR stem) (from scratch)
  Dataset:    cifar10 (10 classes)
  Image size: 32
  LR:         0.1
  Momentum:   0.9 (nesterov=True)
  Optimizer:  sgd
  Weight dec: 0.0005 (on BN/bias=False)
  Backend:    mpi
  Algorithm:  recursive_doubling
  Epochs:     20
  Batch/rank: 16
  LR:         0.1
  Scheduler:  cosine
  Warmup:     0
  Grad clip:  None
  Drop last:  True
  Data dir:   ./data
================================================================================


================================================================================
DISTRIBUTED TRAINING LAUNCHER
================================================================================
  Model:      wide_resnet50_2 (CIFAR stem) (from scratch)
  Dataset:    cifar10 (10 classes)
  Image size: 32
  LR:         0.1
  Momentum:   0.9 (nesterov=True)
  Optimizer:  sgd
  Weight dec: 0.0005 (on BN/bias=False)
  Backend:    mpi
  Algorithm:  recursive_doubling
  Epochs:     20
  Batch/rank: 16
  LR:         0.1
  Scheduler:  cosine
  Warmup:     0
  Grad clip:  None
  Drop last:  True
  Data dir:   ./data
================================================================================


================================================================================
DISTRIBUTED TRAINING LAUNCHER
================================================================================
  Model:      wide_resnet50_2 (CIFAR stem) (from scratch)
  Dataset:    cifar10 (10 classes)
  Image size: 32
  LR:         0.1
  Momentum:   0.9 (nesterov=True)
  Optimizer:  sgd
  Weight dec: 0.0005 (on BN/bias=False)
  Backend:    mpi
  Algorithm:  recursive_doubling
  Epochs:     20
  Batch/rank: 16
  LR:         0.1
  Scheduler:  cosine
  Warmup:     0
  Grad clip:  None
  Drop last:  True
  Data dir:   ./data
================================================================================


================================================================================
DISTRIBUTED TRAINING LAUNCHER
================================================================================
  Model:      wide_resnet50_2 (CIFAR stem) (from scratch)
  Dataset:    cifar10 (10 classes)
  Image size: 32
  LR:         0.1
  Momentum:   0.9 (nesterov=True)
  Optimizer:  sgd
  Weight dec: 0.0005 (on BN/bias=False)
  Backend:    mpi
  Algorithm:  recursive_doubling
  Epochs:     20
  Batch/rank: 16
  LR:         0.1
  Scheduler:  cosine
  Warmup:     0
  Grad clip:  None
  Drop last:  True
  Data dir:   ./data
================================================================================


================================================================================
DISTRIBUTED TRAINING LAUNCHER
================================================================================
  Model:      wide_resnet50_2 (CIFAR stem) (from scratch)
  Dataset:    cifar10 (10 classes)
  Image size: 32
  LR:         0.1
  Momentum:   0.9 (nesterov=True)
  Optimizer:  sgd
  Weight dec: 0.0005 (on BN/bias=False)
  Backend:    mpi
  Algorithm:  recursive_doubling
  Epochs:     20
  Batch/rank: 16
  LR:         0.1
  Scheduler:  cosine
  Warmup:     0
  Grad clip:  None
  Drop last:  True
  Data dir:   ./data
================================================================================


================================================================================
DISTRIBUTED TRAINING LAUNCHER
================================================================================
  Model:      wide_resnet50_2 (CIFAR stem) (from scratch)
  Dataset:    cifar10 (10 classes)
  Image size: 32
  LR:         0.1
  Momentum:   0.9 (nesterov=True)
  Optimizer:  sgd
  Weight dec: 0.0005 (on BN/bias=False)
  Backend:    mpi
  Algorithm:  recursive_doubling
  Epochs:     20
  Batch/rank: 16
  LR:         0.1
  Scheduler:  cosine
  Warmup:     0
  Grad clip:  None
  Drop last:  True
  Data dir:   ./data
================================================================================


================================================================================
DISTRIBUTED TRAINING LAUNCHER
================================================================================
  Model:      wide_resnet50_2 (CIFAR stem) (from scratch)
  Dataset:    cifar10 (10 classes)
  Image size: 32
  LR:         0.1
  Momentum:   0.9 (nesterov=True)
  Optimizer:  sgd
  Weight dec: 0.0005 (on BN/bias=False)
  Backend:    mpi
  Algorithm:  recursive_doubling
  Epochs:     20
  Batch/rank: 16
  LR:         0.1
  Scheduler:  cosine
  Warmup:     0
  Grad clip:  None
  Drop last:  True
  Data dir:   ./data
================================================================================


================================================================================
DISTRIBUTED TRAINING LAUNCHER
================================================================================
  Model:      wide_resnet50_2 (CIFAR stem) (from scratch)
  Dataset:    cifar10 (10 classes)
  Image size: 32
  LR:         0.1
  Momentum:   0.9 (nesterov=True)
  Optimizer:  sgd
  Weight dec: 0.0005 (on BN/bias=False)
  Backend:    mpi
  Algorithm:  recursive_doubling
  Epochs:     20
  Batch/rank: 16
  LR:         0.1
  Scheduler:  cosine
  Warmup:     0
  Grad clip:  None
  Drop last:  True
  Data dir:   ./data
================================================================================


================================================================================
DISTRIBUTED TRAINING LAUNCHER
================================================================================
  Model:      wide_resnet50_2 (CIFAR stem) (from scratch)
  Dataset:    cifar10 (10 classes)
  Image size: 32
  LR:         0.1
  Momentum:   0.9 (nesterov=True)
  Optimizer:  sgd
  Weight dec: 0.0005 (on BN/bias=False)
  Backend:    mpi
  Algorithm:  recursive_doubling
  Epochs:     20
  Batch/rank: 16
  LR:         0.1
  Scheduler:  cosine
  Warmup:     0
  Grad clip:  None
  Drop last:  True
  Data dir:   ./data
================================================================================


================================================================================
DISTRIBUTED TRAINING LAUNCHER
================================================================================
  Model:      wide_resnet50_2 (CIFAR stem) (from scratch)
  Dataset:    cifar10 (10 classes)
  Image size: 32
  LR:         0.1
  Momentum:   0.9 (nesterov=True)
  Optimizer:  sgd
  Weight dec: 0.0005 (on BN/bias=False)
  Backend:    mpi
  Algorithm:  recursive_doubling
  Epochs:     20
  Batch/rank: 16
  LR:         0.1
  Scheduler:  cosine
  Warmup:     0
  Grad clip:  None
  Drop last:  True
  Data dir:   ./data
================================================================================


================================================================================
DISTRIBUTED TRAINING LAUNCHER
================================================================================
  Model:      wide_resnet50_2 (CIFAR stem) (from scratch)
  Dataset:    cifar10 (10 classes)
  Image size: 32
  LR:         0.1
  Momentum:   0.9 (nesterov=True)
  Optimizer:  sgd
  Weight dec: 0.0005 (on BN/bias=False)
  Backend:    mpi
  Algorithm:  recursive_doubling
  Epochs:     20
  Batch/rank: 16
  LR:         0.1
  Scheduler:  cosine
  Warmup:     0
  Grad clip:  None
  Drop last:  True
  Data dir:   ./data
================================================================================


================================================================================
DISTRIBUTED TRAINING LAUNCHER
================================================================================
  Model:      wide_resnet50_2 (CIFAR stem) (from scratch)
  Dataset:    cifar10 (10 classes)
  Image size: 32
  LR:         0.1
  Momentum:   0.9 (nesterov=True)
  Optimizer:  sgd
  Weight dec: 0.0005 (on BN/bias=False)
  Backend:    mpi
  Algorithm:  recursive_doubling
  Epochs:     20
  Batch/rank: 16
  LR:         0.1
  Scheduler:  cosine
  Warmup:     0
  Grad clip:  None
  Drop last:  True
  Data dir:   ./data
================================================================================


================================================================================
DISTRIBUTED TRAINING LAUNCHER
================================================================================
  Model:      wide_resnet50_2 (CIFAR stem) (from scratch)
  Dataset:    cifar10 (10 classes)
  Image size: 32
  LR:         0.1
  Momentum:   0.9 (nesterov=True)
  Optimizer:  sgd
  Weight dec: 0.0005 (on BN/bias=False)
  Backend:    mpi
  Algorithm:  recursive_doubling
  Epochs:     20
  Batch/rank: 16
  LR:         0.1
  Scheduler:  cosine
  Warmup:     0
  Grad clip:  None
  Drop last:  True
  Data dir:   ./data
================================================================================


================================================================================
DISTRIBUTED TRAINING LAUNCHER
================================================================================
  Model:      wide_resnet50_2 (CIFAR stem) (from scratch)
  Dataset:    cifar10 (10 classes)
  Image size: 32
  LR:         0.1
  Momentum:   0.9 (nesterov=True)
  Optimizer:  sgd
  Weight dec: 0.0005 (on BN/bias=False)
  Backend:    mpi
  Algorithm:  recursive_doubling
  Epochs:     20
  Batch/rank: 16
  LR:         0.1
  Scheduler:  cosine
  Warmup:     0
  Grad clip:  None
  Drop last:  True
  Data dir:   ./data
================================================================================


================================================================================
DISTRIBUTED TRAINING LAUNCHER
================================================================================
  Model:      wide_resnet50_2 (CIFAR stem) (from scratch)
  Dataset:    cifar10 (10 classes)
  Image size: 32
  LR:         0.1
  Momentum:   0.9 (nesterov=True)
  Optimizer:  sgd
  Weight dec: 0.0005 (on BN/bias=False)
  Backend:    mpi
  Algorithm:  recursive_doubling
  Epochs:     20
  Batch/rank: 16
  LR:         0.1
  Scheduler:  cosine
  Warmup:     0
  Grad clip:  None
  Drop last:  True
  Data dir:   ./data
================================================================================


================================================================================
DISTRIBUTED TRAINING LAUNCHER
================================================================================
  Model:      wide_resnet50_2 (CIFAR stem) (from scratch)
  Dataset:    cifar10 (10 classes)
  Image size: 32
  LR:         0.1
  Momentum:   0.9 (nesterov=True)
  Optimizer:  sgd

================================================================================
DISTRIBUTED TRAINING LAUNCHER
================================================================================
  Model:      wide_resnet50_2 (CIFAR stem) (from scratch)
  Dataset:    cifar10 (10 classes)
  Image size: 32
  LR:         0.1
  Momentum:   0.9 (nesterov=True)
  Optimizer:  sgd
  Weight dec: 0.0005 (on BN/bias=False)
  Backend:    mpi
  Algorithm:  recursive_doubling
  Epochs:     20
  Batch/rank: 16
  LR:         0.1
  Scheduler:  cosine
  Warmup:     0
  Grad clip:  None
  Drop last:  True
  Data dir:   ./data
================================================================================

  Weight dec: 0.0005 (on BN/bias=False)
  Backend:    mpi
  Algorithm:  recursive_doubling
  Epochs:     20
  Batch/rank: 16
  LR:         0.1
  Scheduler:  cosine
  Warmup:     0
  Grad clip:  None
  Drop last:  True
  Data dir:   ./data
================================================================================


================================================================================
DISTRIBUTED TRAINING LAUNCHER
================================================================================
  Model:      wide_resnet50_2 (CIFAR stem) (from scratch)
  Dataset:    cifar10 (10 classes)
  Image size: 32
  LR:         0.1
  Momentum:   0.9 (nesterov=True)
  Optimizer:  sgd
  Weight dec: 0.0005 (on BN/bias=False)
  Backend:    mpi
  Algorithm:  recursive_doubling
  Epochs:     20
  Batch/rank: 16
  LR:         0.1
  Scheduler:  cosine
  Warmup:     0
  Grad clip:  None
  Drop last:  True
  Data dir:   ./data
================================================================================


================================================================================
DISTRIBUTED TRAINING LAUNCHER
================================================================================
  Model:      wide_resnet50_2 (CIFAR stem) (from scratch)
  Dataset:    cifar10 (10 classes)
  Image size: 32
  LR:         0.1
  Momentum:   0.9 (nesterov=True)
  Optimizer:  sgd
  Weight dec: 0.0005 (on BN/bias=False)
  Backend:    mpi
  Algorithm:  recursive_doubling
  Epochs:     20
  Batch/rank: 16
  LR:         0.1
  Scheduler:  cosine
  Warmup:     0
  Grad clip:  None
  Drop last:  True
  Data dir:   ./data
================================================================================


================================================================================
DISTRIBUTED TRAINING LAUNCHER
================================================================================
  Model:      wide_resnet50_2 (CIFAR stem) (from scratch)
  Dataset:    cifar10 (10 classes)
  Image size: 32
  LR:         0.1
  Momentum:   0.9 (nesterov=True)
  Optimizer:  sgd
  Weight dec: 0.0005 (on BN/bias=False)
  Backend:    mpi
  Algorithm:  recursive_doubling
  Epochs:     20
  Batch/rank: 16
  LR:         0.1
  Scheduler:  cosine
  Warmup:     0
  Grad clip:  None
  Drop last:  True
  Data dir:   ./data
================================================================================


================================================================================
DISTRIBUTED TRAINING LAUNCHER
================================================================================
  Model:      wide_resnet50_2 (CIFAR stem) (from scratch)
  Dataset:    cifar10 (10 classes)
  Image size: 32
  LR:         0.1
  Momentum:   0.9 (nesterov=True)
  Optimizer:  sgd
  Weight dec: 0.0005 (on BN/bias=False)
  Backend:    mpi
  Algorithm:  recursive_doubling
  Epochs:     20
  Batch/rank: 16
  LR:         0.1
  Scheduler:  cosine
  Warmup:     0
  Grad clip:  None
  Drop last:  True
  Data dir:   ./data
================================================================================


================================================================================
DISTRIBUTED TRAINING LAUNCHER
================================================================================
  Model:      wide_resnet50_2 (CIFAR stem) (from scratch)
  Dataset:    cifar10 (10 classes)
  Image size: 32
  LR:         0.1
  Momentum:   0.9 (nesterov=True)
  Optimizer:  sgd
  Weight dec: 0.0005 (on BN/bias=False)
  Backend:    mpi
  Algorithm:  recursive_doubling
  Epochs:     20
  Batch/rank: 16
  LR:         0.1
  Scheduler:  cosine
  Warmup:     0
  Grad clip:  None
  Drop last:  True
  Data dir:   ./data
================================================================================


================================================================================
DISTRIBUTED TRAINING LAUNCHER
================================================================================
  Model:      wide_resnet50_2 (CIFAR stem) (from scratch)
  Dataset:    cifar10 (10 classes)
  Image size: 32
  LR:         0.1
  Momentum:   0.9 (nesterov=True)
  Optimizer:  sgd
  Weight dec: 0.0005 (on BN/bias=False)
  Backend:    mpi
  Algorithm:  recursive_doubling
  Epochs:     20
  Batch/rank: 16
  LR:         0.1
  Scheduler:  cosine
  Warmup:     0
  Grad clip:  None
  Drop last:  True
  Data dir:   ./data
================================================================================


================================================================================
DISTRIBUTED TRAINING LAUNCHER
================================================================================
  Model:      wide_resnet50_2 (CIFAR stem) (from scratch)
  Dataset:    cifar10 (10 classes)
  Image size: 32
  LR:         0.1
  Momentum:   0.9 (nesterov=True)
  Optimizer:  sgd
  Weight dec: 0.0005 (on BN/bias=False)
  Backend:    mpi
  Algorithm:  recursive_doubling
  Epochs:     20
  Batch/rank: 16
  LR:         0.1
  Scheduler:  cosine
  Warmup:     0
  Grad clip:  None
  Drop last:  True
  Data dir:   ./data
================================================================================


================================================================================
DISTRIBUTED TRAINING LAUNCHER
================================================================================
  Model:      wide_resnet50_2 (CIFAR stem) (from scratch)
  Dataset:    cifar10 (10 classes)
  Image size: 32
  LR:         0.1
  Momentum:   0.9 (nesterov=True)
  Optimizer:  sgd
  Weight dec: 0.0005 (on BN/bias=False)
  Backend:    mpi
  Algorithm:  recursive_doubling
  Epochs:     20
  Batch/rank: 16
  LR:         0.1
  Scheduler:  cosine
  Warmup:     0
  Grad clip:  None
  Drop last:  True
  Data dir:   ./data
================================================================================


================================================================================
DISTRIBUTED TRAINING LAUNCHER
================================================================================
  Model:      wide_resnet50_2 (CIFAR stem) (from scratch)
  Dataset:    cifar10 (10 classes)
  Image size: 32
  LR:         0.1
  Momentum:   0.9 (nesterov=True)
  Optimizer:  sgd
  Weight dec: 0.0005 (on BN/bias=False)
  Backend:    mpi
  Algorithm:  recursive_doubling
  Epochs:     20
  Batch/rank: 16
  LR:         0.1
  Scheduler:  cosine
  Warmup:     0
  Grad clip:  None
  Drop last:  True
  Data dir:   ./data
================================================================================


================================================================================
DISTRIBUTED TRAINING LAUNCHER
================================================================================
  Model:      wide_resnet50_2 (CIFAR stem) (from scratch)
  Dataset:    cifar10 (10 classes)
  Image size: 32
  LR:         0.1
  Momentum:   0.9 (nesterov=True)
  Optimizer:  sgd
  Weight dec: 0.0005 (on BN/bias=False)
  Backend:    mpi
  Algorithm:  recursive_doubling
  Epochs:     20
  Batch/rank: 16
  LR:         0.1
  Scheduler:  cosine
  Warmup:     0
  Grad clip:  None
  Drop last:  True
  Data dir:   ./data
================================================================================


================================================================================
DISTRIBUTED TRAINING LAUNCHER
================================================================================
  Model:      wide_resnet50_2 (CIFAR stem) (from scratch)
  Dataset:    cifar10 (10 classes)
  Image size: 32
  LR:         0.1
  Momentum:   0.9 (nesterov=True)
  Optimizer:  sgd
  Weight dec: 0.0005 (on BN/bias=False)
  Backend:    mpi
  Algorithm:  recursive_doubling
  Epochs:     20
  Batch/rank: 16
  LR:         0.1
  Scheduler:  cosine
  Warmup:     0
  Grad clip:  None
  Drop last:  True
  Data dir:   ./data
================================================================================


================================================================================
DISTRIBUTED TRAINING LAUNCHER
================================================================================
  Model:      wide_resnet50_2 (CIFAR stem) (from scratch)
  Dataset:    cifar10 (10 classes)
  Image size: 32
  LR:         0.1
  Momentum:   0.9 (nesterov=True)
  Optimizer:  sgd
  Weight dec: 0.0005 (on BN/bias=False)
  Backend:    mpi
  Algorithm:  recursive_doubling
  Epochs:     20
  Batch/rank: 16
  LR:         0.1
  Scheduler:  cosine
  Warmup:     0
  Grad clip:  None
  Drop last:  True
  Data dir:   ./data
================================================================================


================================================================================
DISTRIBUTED TRAINING LAUNCHER
================================================================================
  Model:      wide_resnet50_2 (CIFAR stem) (from scratch)
  Dataset:    cifar10 (10 classes)
  Image size: 32
  LR:         0.1
  Momentum:   0.9 (nesterov=True)
  Optimizer:  sgd
  Weight dec: 0.0005 (on BN/bias=False)
  Backend:    mpi
  Algorithm:  recursive_doubling
  Epochs:     20
  Batch/rank: 16
  LR:         0.1
  Scheduler:  cosine
  Warmup:     0
  Grad clip:  None
  Drop last:  True
  Data dir:   ./data
================================================================================


================================================================================
DISTRIBUTED TRAINING LAUNCHER
================================================================================
  Model:      wide_resnet50_2 (CIFAR stem) (from scratch)
  Dataset:    cifar10 (10 classes)
  Image size: 32
  LR:         0.1
  Momentum:   0.9 (nesterov=True)
  Optimizer:  sgd
  Weight dec: 0.0005 (on BN/bias=False)
  Backend:    mpi
  Algorithm:  recursive_doubling
  Epochs:     20
  Batch/rank: 16
  LR:         0.1
  Scheduler:  cosine
  Warmup:     0
  Grad clip:  None
  Drop last:  True
  Data dir:   ./data
================================================================================


================================================================================
Distributed Training: WIDE_RESNET50_2 on CIFAR10
Backend: MPI, Algorithm: recursive_doubling
================================================================================
Ranks: 32, Epochs: 20, Batch/rank: 16, Effective batch: 512
LR: 0.1, Device: cuda:0

[Cache] Pretrained weights cache (TORCH_HOME) = /lustre/orion/gen243/proj-shared/matilderestelli/pretrained_weights_cache
[Setup] Model on cuda:0, wrapped in DDP (static_graph=True)
[Setup] Hook registered: mpi/recursive_doubling
[Optim] SGD: lr=0.1 momentum=0.9 nesterov=True wd=0.0005 wd_on_bn_bias=False
[Optim]   group 0: 66,778,816 params, wd=0.0005
[Optim]   group 1: 68,234 params, wd=0.0
[Data] Train batches: 97, Val batches: 625

[Sched] cosine: steps/epoch=97, total_steps=1940, warmup_steps=0 (0 epochs)


[Epoch 1] Training... (lr at epoch start=0.100000)
  Batch [50/97] Loss: 9.0259, Acc: 10.25%, lr: 0.099836
[Epoch 1] Train Loss: 5.8590, Acc: 11.79%  |  Val Loss: 2.5700, Acc: 12.42%  |  Time: 21.7s
[Epoch 1] t_iter median: 120.05 ms  (fwd 14.48 | bwd+comm 100.30 | opt 5.28 | data 0.07)  |  train-only epoch: 14.0s
  -> Best model saved (12.42%)
[Epoch 1] Summarizing hook timing...

[HOOK_TIMING_SUMMARY] epoch=1
[HOOK_WORK_SUMMARY] label=mpi:recursive_doubling calls=769 work_total_ms=8621.803 work_mean_ms=11.212 work_min_ms=4.509 work_max_ms=204.202
[HOOK_TAIL_SUMMARY] label=mpi:recursive_doubling steps=98 tail_total_ms=7839.945 tail_mean_ms=79.999 tail_min_ms=15.553 tail_max_ms=204.870
[Epoch 1] Hook timing summary done

[Epoch 2] Training... (lr at epoch start=0.099384)
  Batch [50/97] Loss: 2.3284, Acc: 18.62%, lr: 0.098590
[Epoch 2] Train Loss: 2.2103, Acc: 19.20%  |  Val Loss: 2.1027, Acc: 20.02%  |  Time: 19.5s
[Epoch 2] t_iter median: 120.26 ms  (fwd 14.58 | bwd+comm 100.37 | opt 5.29 | data 0.08)  |  train-only epoch: 11.7s
  -> Best model saved (20.02%)
[Epoch 2] Summarizing hook timing...

[HOOK_TIMING_SUMMARY] epoch=2
[HOOK_WORK_SUMMARY] label=mpi:recursive_doubling calls=776 work_total_ms=8485.869 work_mean_ms=10.935 work_min_ms=4.218 work_max_ms=20.189
[HOOK_TAIL_SUMMARY] label=mpi:recursive_doubling steps=97 tail_total_ms=7675.437 tail_mean_ms=79.128 tail_min_ms=55.571 tail_max_ms=90.753
[Epoch 2] Hook timing summary done

[Epoch 3] Training... (lr at epoch start=0.097553)
  Batch [50/97] Loss: 2.1126, Acc: 20.12%, lr: 0.096147
[Epoch 3] Train Loss: 2.0916, Acc: 20.04%  |  Val Loss: 2.0934, Acc: 22.64%  |  Time: 19.5s
[Epoch 3] t_iter median: 120.37 ms  (fwd 14.66 | bwd+comm 100.28 | opt 5.30 | data 0.07)  |  train-only epoch: 11.7s
  -> Best model saved (22.64%)
[Epoch 3] Summarizing hook timing...

[HOOK_TIMING_SUMMARY] epoch=3
[HOOK_WORK_SUMMARY] label=mpi:recursive_doubling calls=776 work_total_ms=8443.652 work_mean_ms=10.881 work_min_ms=4.531 work_max_ms=20.140
[HOOK_TAIL_SUMMARY] label=mpi:recursive_doubling steps=97 tail_total_ms=7697.653 tail_mean_ms=79.357 tail_min_ms=66.585 tail_max_ms=89.753
[Epoch 3] Hook timing summary done

[Epoch 4] Training... (lr at epoch start=0.094550)
  Batch [50/97] Loss: 2.0576, Acc: 24.75%, lr: 0.092568
[Epoch 4] Train Loss: 2.0205, Acc: 25.06%  |  Val Loss: 2.0454, Acc: 23.71%  |  Time: 19.5s
[Epoch 4] t_iter median: 120.30 ms  (fwd 14.74 | bwd+comm 100.19 | opt 5.29 | data 0.07)  |  train-only epoch: 11.7s
  -> Best model saved (23.71%)
[Epoch 4] Summarizing hook timing...

[HOOK_TIMING_SUMMARY] epoch=4
[HOOK_WORK_SUMMARY] label=mpi:recursive_doubling calls=776 work_total_ms=8476.644 work_mean_ms=10.924 work_min_ms=4.458 work_max_ms=21.881
[HOOK_TAIL_SUMMARY] label=mpi:recursive_doubling steps=97 tail_total_ms=7608.925 tail_mean_ms=78.443 tail_min_ms=58.874 tail_max_ms=90.866
[Epoch 4] Hook timing summary done

[Epoch 5] Training... (lr at epoch start=0.090451)
  Batch [50/97] Loss: 2.0090, Acc: 25.12%, lr: 0.087941
[Epoch 5] Train Loss: 1.9551, Acc: 27.38%  |  Val Loss: 1.8257, Acc: 34.18%  |  Time: 19.6s
[Epoch 5] t_iter median: 120.73 ms  (fwd 14.80 | bwd+comm 100.51 | opt 5.29 | data 0.07)  |  train-only epoch: 11.8s
  -> Best model saved (34.18%)
[Epoch 5] Summarizing hook timing...

[HOOK_TIMING_SUMMARY] epoch=5
[HOOK_WORK_SUMMARY] label=mpi:recursive_doubling calls=776 work_total_ms=8500.872 work_mean_ms=10.955 work_min_ms=4.461 work_max_ms=19.881
[HOOK_TAIL_SUMMARY] label=mpi:recursive_doubling steps=97 tail_total_ms=7657.420 tail_mean_ms=78.942 tail_min_ms=55.391 tail_max_ms=89.614
[Epoch 5] Hook timing summary done

[Epoch 6] Training... (lr at epoch start=0.085355)
  Batch [50/97] Loss: 1.7656, Acc: 35.88%, lr: 0.082380
[Epoch 6] Train Loss: 1.7525, Acc: 35.37%  |  Val Loss: 2.9638, Acc: 36.63%  |  Time: 19.6s
[Epoch 6] t_iter median: 120.24 ms  (fwd 14.85 | bwd+comm 100.19 | opt 5.29 | data 0.07)  |  train-only epoch: 11.8s
  -> Best model saved (36.63%)
[Epoch 6] Summarizing hook timing...

[HOOK_TIMING_SUMMARY] epoch=6
[HOOK_WORK_SUMMARY] label=mpi:recursive_doubling calls=776 work_total_ms=8467.636 work_mean_ms=10.912 work_min_ms=4.500 work_max_ms=20.076
[HOOK_TAIL_SUMMARY] label=mpi:recursive_doubling steps=97 tail_total_ms=7634.330 tail_mean_ms=78.704 tail_min_ms=56.291 tail_max_ms=89.542
[Epoch 6] Hook timing summary done

[Epoch 7] Training... (lr at epoch start=0.079389)
  Batch [50/97] Loss: 1.7150, Acc: 34.88%, lr: 0.076021
[Epoch 7] Train Loss: 1.6681, Acc: 38.21%  |  Val Loss: 1.7176, Acc: 42.41%  |  Time: 19.6s
[Epoch 7] t_iter median: 120.08 ms  (fwd 14.92 | bwd+comm 99.95 | opt 5.29 | data 0.07)  |  train-only epoch: 11.7s
  -> Best model saved (42.41%)
[Epoch 7] Summarizing hook timing...

[HOOK_TIMING_SUMMARY] epoch=7
[HOOK_WORK_SUMMARY] label=mpi:recursive_doubling calls=776 work_total_ms=8439.774 work_mean_ms=10.876 work_min_ms=3.893 work_max_ms=21.126
[HOOK_TAIL_SUMMARY] label=mpi:recursive_doubling steps=97 tail_total_ms=7501.891 tail_mean_ms=77.339 tail_min_ms=65.024 tail_max_ms=88.881
[Epoch 7] Hook timing summary done

[Epoch 8] Training... (lr at epoch start=0.072700)
  Batch [50/97] Loss: 1.5892, Acc: 42.88%, lr: 0.069022
[Epoch 8] Train Loss: 1.5422, Acc: 44.39%  |  Val Loss: 1.5573, Acc: 47.67%  |  Time: 19.7s
[Epoch 8] t_iter median: 120.45 ms  (fwd 14.90 | bwd+comm 100.24 | opt 5.27 | data 0.07)  |  train-only epoch: 11.8s
  -> Best model saved (47.67%)
[Epoch 8] Summarizing hook timing...

[HOOK_TIMING_SUMMARY] epoch=8
[HOOK_WORK_SUMMARY] label=mpi:recursive_doubling calls=776 work_total_ms=8504.167 work_mean_ms=10.959 work_min_ms=4.494 work_max_ms=20.160
[HOOK_TAIL_SUMMARY] label=mpi:recursive_doubling steps=97 tail_total_ms=7531.681 tail_mean_ms=77.646 tail_min_ms=56.639 tail_max_ms=99.480
[Epoch 8] Hook timing summary done

[Epoch 9] Training... (lr at epoch start=0.065451)
  Batch [50/97] Loss: 1.5408, Acc: 44.12%, lr: 0.061554
[Epoch 9] Train Loss: 1.4937, Acc: 45.75%  |  Val Loss: 1.3925, Acc: 50.88%  |  Time: 19.7s
[Epoch 9] t_iter median: 120.41 ms  (fwd 14.97 | bwd+comm 100.19 | opt 5.28 | data 0.07)  |  train-only epoch: 11.8s
  -> Best model saved (50.88%)
[Epoch 9] Summarizing hook timing...

[HOOK_TIMING_SUMMARY] epoch=9
[HOOK_WORK_SUMMARY] label=mpi:recursive_doubling calls=776 work_total_ms=8489.322 work_mean_ms=10.940 work_min_ms=3.913 work_max_ms=21.663
[HOOK_TAIL_SUMMARY] label=mpi:recursive_doubling steps=97 tail_total_ms=7536.798 tail_mean_ms=77.699 tail_min_ms=65.780 tail_max_ms=88.971
[Epoch 9] Hook timing summary done

[Epoch 10] Training... (lr at epoch start=0.057822)
  Batch [50/97] Loss: 1.4394, Acc: 47.88%, lr: 0.053802
[Epoch 10] Train Loss: 1.4400, Acc: 47.49%  |  Val Loss: 1.6033, Acc: 51.68%  |  Time: 19.7s
[Epoch 10] t_iter median: 120.24 ms  (fwd 15.00 | bwd+comm 100.20 | opt 5.29 | data 0.08)  |  train-only epoch: 11.8s
  -> Best model saved (51.68%)
[Epoch 10] Summarizing hook timing...

[HOOK_TIMING_SUMMARY] epoch=10
[HOOK_WORK_SUMMARY] label=mpi:recursive_doubling calls=776 work_total_ms=8499.326 work_mean_ms=10.953 work_min_ms=4.109 work_max_ms=20.882
[HOOK_TAIL_SUMMARY] label=mpi:recursive_doubling steps=97 tail_total_ms=7560.644 tail_mean_ms=77.945 tail_min_ms=66.334 tail_max_ms=89.721
[Epoch 10] Hook timing summary done

[Epoch 11] Training... (lr at epoch start=0.050000)
  Batch [50/97] Loss: 1.3886, Acc: 50.62%, lr: 0.045956
[Epoch 11] Train Loss: 1.3866, Acc: 49.87%  |  Val Loss: 1.8128, Acc: 53.82%  |  Time: 19.8s
[Epoch 11] t_iter median: 120.42 ms  (fwd 14.97 | bwd+comm 100.02 | opt 5.28 | data 0.07)  |  train-only epoch: 11.8s
  -> Best model saved (53.82%)
[Epoch 11] Summarizing hook timing...

[HOOK_TIMING_SUMMARY] epoch=11
[HOOK_WORK_SUMMARY] label=mpi:recursive_doubling calls=776 work_total_ms=8501.097 work_mean_ms=10.955 work_min_ms=4.502 work_max_ms=20.115
[HOOK_TAIL_SUMMARY] label=mpi:recursive_doubling steps=97 tail_total_ms=7632.260 tail_mean_ms=78.683 tail_min_ms=57.400 tail_max_ms=89.738
[Epoch 11] Hook timing summary done

[Epoch 12] Training... (lr at epoch start=0.042178)
  Batch [50/97] Loss: 1.3330, Acc: 53.50%, lr: 0.038210
[Epoch 12] Train Loss: 1.2719, Acc: 54.45%  |  Val Loss: 1.8509, Acc: 53.50%  |  Time: 19.8s
[Epoch 12] t_iter median: 120.87 ms  (fwd 15.09 | bwd+comm 100.40 | opt 5.29 | data 0.07)  |  train-only epoch: 11.8s
[Epoch 12] Summarizing hook timing...

[HOOK_TIMING_SUMMARY] epoch=12
[HOOK_WORK_SUMMARY] label=mpi:recursive_doubling calls=776 work_total_ms=8466.374 work_mean_ms=10.910 work_min_ms=3.973 work_max_ms=19.913
[HOOK_TAIL_SUMMARY] label=mpi:recursive_doubling steps=97 tail_total_ms=7658.859 tail_mean_ms=78.957 tail_min_ms=58.755 tail_max_ms=90.165
[Epoch 12] Hook timing summary done

[Epoch 13] Training... (lr at epoch start=0.034549)
  Batch [50/97] Loss: 1.2372, Acc: 56.50%, lr: 0.030754
[Epoch 13] Train Loss: 1.2332, Acc: 56.77%  |  Val Loss: 1.5673, Acc: 56.91%  |  Time: 19.8s
[Epoch 13] t_iter median: 120.64 ms  (fwd 15.06 | bwd+comm 100.36 | opt 5.26 | data 0.07)  |  train-only epoch: 11.8s
  -> Best model saved (56.91%)
[Epoch 13] Summarizing hook timing...

[HOOK_TIMING_SUMMARY] epoch=13
[HOOK_WORK_SUMMARY] label=mpi:recursive_doubling calls=776 work_total_ms=8469.551 work_mean_ms=10.914 work_min_ms=3.879 work_max_ms=20.555
[HOOK_TAIL_SUMMARY] label=mpi:recursive_doubling steps=97 tail_total_ms=7667.843 tail_mean_ms=79.050 tail_min_ms=55.432 tail_max_ms=89.568
[Epoch 13] Hook timing summary done

[Epoch 14] Training... (lr at epoch start=0.027300)
  Batch [50/97] Loss: 1.2230, Acc: 55.25%, lr: 0.023772
[Epoch 14] Train Loss: 1.1902, Acc: 56.96%  |  Val Loss: 2.1512, Acc: 59.33%  |  Time: 19.8s
[Epoch 14] t_iter median: 120.64 ms  (fwd 15.08 | bwd+comm 100.16 | opt 5.29 | data 0.07)  |  train-only epoch: 11.8s
  -> Best model saved (59.33%)
[Epoch 14] Summarizing hook timing...

[HOOK_TIMING_SUMMARY] epoch=14
[HOOK_WORK_SUMMARY] label=mpi:recursive_doubling calls=776 work_total_ms=8520.554 work_mean_ms=10.980 work_min_ms=3.885 work_max_ms=22.477
[HOOK_TAIL_SUMMARY] label=mpi:recursive_doubling steps=97 tail_total_ms=7626.362 tail_mean_ms=78.622 tail_min_ms=67.140 tail_max_ms=90.976
[Epoch 14] Hook timing summary done

[Epoch 15] Training... (lr at epoch start=0.020611)
  Batch [50/97] Loss: 1.1827, Acc: 55.88%, lr: 0.017435
[Epoch 15] Train Loss: 1.1521, Acc: 58.05%  |  Val Loss: 1.6975, Acc: 62.60%  |  Time: 19.9s
[Epoch 15] t_iter median: 120.64 ms  (fwd 15.14 | bwd+comm 100.23 | opt 5.28 | data 0.07)  |  train-only epoch: 11.8s
  -> Best model saved (62.60%)
[Epoch 15] Summarizing hook timing...

[HOOK_TIMING_SUMMARY] epoch=15
[HOOK_WORK_SUMMARY] label=mpi:recursive_doubling calls=776 work_total_ms=8496.552 work_mean_ms=10.949 work_min_ms=3.879 work_max_ms=20.617
[HOOK_TAIL_SUMMARY] label=mpi:recursive_doubling steps=97 tail_total_ms=7584.122 tail_mean_ms=78.187 tail_min_ms=52.160 tail_max_ms=91.275
[Epoch 15] Hook timing summary done

[Epoch 16] Training... (lr at epoch start=0.014645)
  Batch [50/97] Loss: 1.0757, Acc: 61.50%, lr: 0.011901
[Epoch 16] Train Loss: 1.0740, Acc: 62.37%  |  Val Loss: 1.5713, Acc: 65.20%  |  Time: 19.9s
[Epoch 16] t_iter median: 120.58 ms  (fwd 15.08 | bwd+comm 100.06 | opt 5.28 | data 0.08)  |  train-only epoch: 11.8s
  -> Best model saved (65.20%)
[Epoch 16] Summarizing hook timing...

[HOOK_TIMING_SUMMARY] epoch=16
[HOOK_WORK_SUMMARY] label=mpi:recursive_doubling calls=776 work_total_ms=8507.498 work_mean_ms=10.963 work_min_ms=4.497 work_max_ms=20.039
[HOOK_TAIL_SUMMARY] label=mpi:recursive_doubling steps=97 tail_total_ms=7528.483 tail_mean_ms=77.613 tail_min_ms=66.435 tail_max_ms=89.682
[Epoch 16] Hook timing summary done

[Epoch 17] Training... (lr at epoch start=0.009549)
  Batch [50/97] Loss: 1.0561, Acc: 64.12%, lr: 0.007305
[Epoch 17] Train Loss: 1.0025, Acc: 66.04%  |  Val Loss: 8.8744, Acc: 65.42%  |  Time: 19.9s
[Epoch 17] t_iter median: 120.98 ms  (fwd 15.13 | bwd+comm 100.39 | opt 5.28 | data 0.07)  |  train-only epoch: 11.8s
  -> Best model saved (65.42%)
[Epoch 17] Summarizing hook timing...

[HOOK_TIMING_SUMMARY] epoch=17
[HOOK_WORK_SUMMARY] label=mpi:recursive_doubling calls=776 work_total_ms=8513.641 work_mean_ms=10.971 work_min_ms=4.415 work_max_ms=20.088
[HOOK_TAIL_SUMMARY] label=mpi:recursive_doubling steps=97 tail_total_ms=7627.716 tail_mean_ms=78.636 tail_min_ms=67.182 tail_max_ms=88.794
[Epoch 17] Hook timing summary done

[Epoch 18] Training... (lr at epoch start=0.005450)
  Batch [50/97] Loss: 0.9531, Acc: 66.88%, lr: 0.003760
[Epoch 18] Train Loss: 0.9673, Acc: 67.07%  |  Val Loss: 5.8936, Acc: 67.10%  |  Time: 19.9s
[Epoch 18] t_iter median: 120.90 ms  (fwd 15.19 | bwd+comm 100.37 | opt 5.28 | data 0.07)  |  train-only epoch: 11.9s
  -> Best model saved (67.10%)
[Epoch 18] Summarizing hook timing...

[HOOK_TIMING_SUMMARY] epoch=18
[HOOK_WORK_SUMMARY] label=mpi:recursive_doubling calls=776 work_total_ms=8564.202 work_mean_ms=11.036 work_min_ms=3.465 work_max_ms=22.381
[HOOK_TAIL_SUMMARY] label=mpi:recursive_doubling steps=97 tail_total_ms=7518.423 tail_mean_ms=77.510 tail_min_ms=54.560 tail_max_ms=106.090
[Epoch 18] Hook timing summary done

[Epoch 19] Training... (lr at epoch start=0.002447)
  Batch [50/97] Loss: 0.8892, Acc: 68.25%, lr: 0.001353
[Epoch 19] Train Loss: 0.9532, Acc: 66.37%  |  Val Loss: 4.6659, Acc: 67.07%  |  Time: 19.9s
[Epoch 19] t_iter median: 120.79 ms  (fwd 15.18 | bwd+comm 100.18 | opt 5.29 | data 0.07)  |  train-only epoch: 11.8s
[Epoch 19] Summarizing hook timing...

[HOOK_TIMING_SUMMARY] epoch=19
[HOOK_WORK_SUMMARY] label=mpi:recursive_doubling calls=776 work_total_ms=8467.095 work_mean_ms=10.911 work_min_ms=4.518 work_max_ms=19.953
[HOOK_TAIL_SUMMARY] label=mpi:recursive_doubling steps=97 tail_total_ms=7609.721 tail_mean_ms=78.451 tail_min_ms=65.389 tail_max_ms=88.792
[Epoch 19] Hook timing summary done

[Epoch 20] Training... (lr at epoch start=0.000616)
  Batch [50/97] Loss: 0.9019, Acc: 67.88%, lr: 0.000145
[Epoch 20] Train Loss: 0.8722, Acc: 68.17%  |  Val Loss: 14.1110, Acc: 67.28%  |  Time: 20.0s
[Epoch 20] t_iter median: 121.01 ms  (fwd 15.15 | bwd+comm 100.57 | opt 5.27 | data 0.07)  |  train-only epoch: 11.9s
  -> Best model saved (67.28%)
[Epoch 20] Summarizing hook timing...

[HOOK_TIMING_SUMMARY] epoch=20
[HOOK_WORK_SUMMARY] label=mpi:recursive_doubling calls=776 work_total_ms=8530.218 work_mean_ms=10.993 work_min_ms=3.602 work_max_ms=20.841
[HOOK_TAIL_SUMMARY] label=mpi:recursive_doubling steps=97 tail_total_ms=7644.222 tail_mean_ms=78.806 tail_min_ms=65.961 tail_max_ms=90.169
[Epoch 20] Hook timing summary done

================================================================================
Done in 421.3s | Best val acc: 67.28%
Epoch times (train+val): mean=19.8s  min=19.5s  max=21.7s
Train-only epoch time (epochs 2..N): median=11.80s  min=11.73s  max=11.88s
  -> use this for STRONG scaling (fixed global batch)
  -> use t_iter_median_ms from the CSV for WEAK scaling (fixed local batch)
================================================================================
=== Finished training: model=wide_resnet50_2, dataset=cifar10, batch=16, lr=0.1, scheduler=cosine, backend=mpi, hook=recursive_doubling, zfp_rate=none, status=0 at Mon Jul 20 10:04:42 AM EDT 2026 ===
=== Starting: model=wide_resnet50_2, ws=32, bs=16, gb=512, lr=0.1, sched=cosine, warmup=0, mom=0.9, wd=5e-4, nesterov=true, wd_bn_bias=false, backend=mpi, hook=recursive_doubling_zfp_naive, zfp=16 at Mon Jul 20 10:04:42 AM EDT 2026 ===
MIOPEN_USER_DB_PATH=/mnt/bb/matilderestelli/miopen_cache_5035615/miopen_db
MIOPEN_CUSTOM_CACHE_DIR=/mnt/bb/matilderestelli/miopen_cache_5035615/kernel_cache
drwxr-sr-x 2 matilderestelli gen243 103 Jul 14 05:38 /mnt/bb/matilderestelli/miopen_cache_5035615/miopen_db
==== GPU visibility debug (batch shell) ====
frontier10349
ROCR_VISIBLE_DEVICES=0,1,2,3,4,5,6,7
SLURM_JOB_GPUS=0,1,2,3,4,5,6,7
[37mROCk module version 6.16.13 is loaded[0m
=====================    
HSA System Attributes    
=====================    
Runtime Version:         1.18
Runtime Ext Version:     1.14
System Timestamp Freq.:  1000.000000MHz
Sig. Max Wait Duration:  18446744073709551615 (0xFFFFFFFFFFFFFFFF) (timestamp count)
Machine Model:           LARGE                              
System Endianness:       LITTLE                             
Mwaitx:                  DISABLED
XNACK enabled:           NO
DMAbuf Support:          YES
VMM Support:             YES

==========               
HSA Agents               
==========               
*******                  
Agent 1                  
*******                  
  Name:                    AMD EPYC 7A53 64-Core Processor    
  Uuid:                    CPU-XX                             
  Marketing Name:          AMD EPYC 7A53 64-Core Processor    
  Vendor Name:             CPU                                
  Feature:                 None specified                     
  Profile:                 FULL_PROFILE                       
  Float Round Mode:        NEAR                               
  Max Queue Number:        0(0x0)                             
  Queue Min Size:          0(0x0)                             

================================================================================
DISTRIBUTED TRAINING LAUNCHER
================================================================================
  Model:      wide_resnet50_2 (CIFAR stem) (from scratch)
  Dataset:    cifar10 (10 classes)
  Image size: 32
  LR:         0.1
  Momentum:   0.9 (nesterov=True)
  Optimizer:  sgd
  Weight dec: 0.0005 (on BN/bias=False)
  Backend:    mpi
  Algorithm:  recursive_doubling_zfp_naive
  ZFP rate:   16
  Epochs:     20
  Batch/rank: 16
  LR:         0.1
  Scheduler:  cosine
  Warmup:     0
  Grad clip:  None
  Drop last:  True
  Data dir:   ./data
================================================================================


================================================================================
DISTRIBUTED TRAINING LAUNCHER
================================================================================
  Model:      wide_resnet50_2 (CIFAR stem) (from scratch)
  Dataset:    cifar10 (10 classes)
  Image size: 32
  LR:         0.1
  Momentum:   0.9 (nesterov=True)
  Optimizer:  sgd
  Weight dec: 0.0005 (on BN/bias=False)
  Backend:    mpi
  Algorithm:  recursive_doubling_zfp_naive
  ZFP rate:   16
  Epochs:     20
  Batch/rank: 16
  LR:         0.1
  Scheduler:  cosine
  Warmup:     0
  Grad clip:  None
  Drop last:  True
  Data dir:   ./data
================================================================================


================================================================================
DISTRIBUTED TRAINING LAUNCHER
================================================================================
  Model:      wide_resnet50_2 (CIFAR stem) (from scratch)
  Dataset:    cifar10 (10 classes)
  Image size: 32
  LR:         0.1
  Momentum:   0.9 (nesterov=True)
  Optimizer:  sgd
  Weight dec: 0.0005 (on BN/bias=False)
  Backend:    mpi
  Algorithm:  recursive_doubling_zfp_naive
  ZFP rate:   16
  Epochs:     20
  Batch/rank: 16
  LR:         0.1
  Scheduler:  cosine
  Warmup:     0
  Grad clip:  None
  Drop last:  True
  Data dir:   ./data
================================================================================


================================================================================
DISTRIBUTED TRAINING LAUNCHER
================================================================================
  Model:      wide_resnet50_2 (CIFAR stem) (from scratch)
  Dataset:    cifar10 (10 classes)
  Image size: 32
  LR:         0.1
  Momentum:   0.9 (nesterov=True)
  Optimizer:  sgd
  Weight dec: 0.0005 (on BN/bias=False)
  Backend:    mpi
  Algorithm:  recursive_doubling_zfp_naive
  ZFP rate:   16
  Epochs:     20
  Batch/rank: 16
  LR:         0.1
  Scheduler:  cosine
  Warmup:     0
  Grad clip:  None
  Drop last:  True
  Data dir:   ./data
================================================================================


================================================================================
DISTRIBUTED TRAINING LAUNCHER
================================================================================
  Model:      wide_resnet50_2 (CIFAR stem) (from scratch)
  Dataset:    cifar10 (10 classes)
  Image size: 32
  LR:         0.1
  Momentum:   0.9 (nesterov=True)
  Optimizer:  sgd
  Weight dec: 0.0005 (on BN/bias=False)
  Backend:    mpi
  Algorithm:  recursive_doubling_zfp_naive
  ZFP rate:   16
  Epochs:     20
  Batch/rank: 16
  LR:         0.1
  Scheduler:  cosine
  Warmup:     0
  Grad clip:  None
  Drop last:  True
  Data dir:   ./data
================================================================================


================================================================================
DISTRIBUTED TRAINING LAUNCHER
================================================================================
  Model:      wide_resnet50_2 (CIFAR stem) (from scratch)
  Dataset:    cifar10 (10 classes)
  Image size: 32
  LR:         0.1
  Momentum:   0.9 (nesterov=True)
  Optimizer:  sgd
  Weight dec: 0.0005 (on BN/bias=False)
  Backend:    mpi
  Algorithm:  recursive_doubling_zfp_naive
  ZFP rate:   16
  Epochs:     20
  Batch/rank: 16
  LR:         0.1
  Scheduler:  cosine
  Warmup:     0
  Grad clip:  None
  Drop last:  True
  Data dir:   ./data
================================================================================


================================================================================
DISTRIBUTED TRAINING LAUNCHER
================================================================================
  Model:      wide_resnet50_2 (CIFAR stem) (from scratch)
  Dataset:    cifar10 (10 classes)
  Image size: 32
  LR:         0.1
  Momentum:   0.9 (nesterov=True)
  Optimizer:  sgd
  Weight dec: 0.0005 (on BN/bias=False)
  Backend:    mpi
  Algorithm:  recursive_doubling_zfp_naive
  ZFP rate:   16
  Epochs:     20
  Batch/rank: 16
  LR:         0.1
  Scheduler:  cosine
  Warmup:     0
  Grad clip:  None
  Drop last:  True
  Data dir:   ./data
================================================================================


================================================================================
DISTRIBUTED TRAINING LAUNCHER
================================================================================
  Model:      wide_resnet50_2 (CIFAR stem) (from scratch)
  Dataset:    cifar10 (10 classes)
  Image size: 32
  LR:         0.1
  Momentum:   0.9 (nesterov=True)
  Optimizer:  sgd
  Weight dec: 0.0005 (on BN/bias=False)
  Backend:    mpi
  Algorithm:  recursive_doubling_zfp_naive
  ZFP rate:   16
  Epochs:     20
  Batch/rank: 16
  LR:         0.1
  Scheduler:  cosine
  Warmup:     0
  Grad clip:  None
  Drop last:  True
  Data dir:   ./data
================================================================================


================================================================================
DISTRIBUTED TRAINING LAUNCHER
================================================================================
  Model:      wide_resnet50_2 (CIFAR stem) (from scratch)
  Dataset:    cifar10 (10 classes)
  Image size: 32
  LR:         0.1
  Momentum:   0.9 (nesterov=True)
  Optimizer:  sgd
  Weight dec: 0.0005 (on BN/bias=False)
  Backend:    mpi
  Algorithm:  recursive_doubling_zfp_naive
  ZFP rate:   16
  Epochs:     20
  Batch/rank: 16
  LR:         0.1
  Scheduler:  cosine
  Warmup:     0
  Grad clip:  None
  Drop last:  True
  Data dir:   ./data
================================================================================

================================================================================
DISTRIBUTED TRAINING LAUNCHER
================================================================================
  Model:      wide_resnet50_2 (CIFAR stem) (from scratch)
  Dataset:    cifar10 (10 classes)
  Image size: 32
  LR:         0.1
  Momentum:   0.9 (nesterov=True)
  Optimizer:  sgd
  Weight dec: 0.0005 (on BN/bias=False)
  Backend:    mpi
  Algorithm:  recursive_doubling_zfp_naive
  ZFP rate:   16
  Epochs:     20
  Batch/rank: 16
  LR:         0.1
  Scheduler:  cosine
  Warmup:     0
  Grad clip:  None
  Drop last:  True
  Data dir:   ./data
================================================================================



================================================================================
DISTRIBUTED TRAINING LAUNCHER
================================================================================
  Model:      wide_resnet50_2 (CIFAR stem) (from scratch)
  Dataset:    cifar10 (10 classes)
  Image size: 32
  LR:         0.1
  Momentum:   0.9 (nesterov=True)
  Optimizer:  sgd
  Weight dec: 0.0005 (on BN/bias=False)
  Backend:    mpi
  Algorithm:  recursive_doubling_zfp_naive
  ZFP rate:   16
  Epochs:     20
  Batch/rank: 16
  LR:         0.1
  Scheduler:  cosine
  Warmup:     0
  Grad clip:  None
  Drop last:  True
  Data dir:   ./data
================================================================================


================================================================================
DISTRIBUTED TRAINING LAUNCHER
================================================================================
  Model:      wide_resnet50_2 (CIFAR stem) (from scratch)
  Dataset:    cifar10 (10 classes)
  Image size: 32
  LR:         0.1
  Momentum:   0.9 (nesterov=True)
  Optimizer:  sgd
  Weight dec: 0.0005 (on BN/bias=False)
  Backend:    mpi
  Algorithm:  recursive_doubling_zfp_naive
  ZFP rate:   16
  Epochs:     20
  Batch/rank: 16
  LR:         0.1
  Scheduler:  cosine
  Warmup:     0
  Grad clip:  None
  Drop last:  True
  Data dir:   ./data
================================================================================


================================================================================
DISTRIBUTED TRAINING LAUNCHER
================================================================================
  Model:      wide_resnet50_2 (CIFAR stem) (from scratch)
  Dataset:    cifar10 (10 classes)
  Image size: 32
  LR:         0.1
  Momentum:   0.9 (nesterov=True)
  Optimizer:  sgd
  Weight dec: 0.0005 (on BN/bias=False)
  Backend:    mpi
  Algorithm:  recursive_doubling_zfp_naive
  ZFP rate:   16
  Epochs:     20
  Batch/rank: 16
  LR:         0.1
  Scheduler:  cosine
  Warmup:     0
  Grad clip:  None
  Drop last:  True
  Data dir:   ./data
================================================================================


================================================================================
DISTRIBUTED TRAINING LAUNCHER
================================================================================
  Model:      wide_resnet50_2 (CIFAR stem) (from scratch)
  Dataset:    cifar10 (10 classes)
  Image size: 32
  LR:         0.1
  Momentum:   0.9 (nesterov=True)
  Optimizer:  sgd
  Weight dec: 0.0005 (on BN/bias=False)
  Backend:    mpi
  Algorithm:  recursive_doubling_zfp_naive
  ZFP rate:   16
  Epochs:     20
  Batch/rank: 16
  LR:         0.1
  Scheduler:  cosine
  Warmup:     0
  Grad clip:  None
  Drop last:  True
  Data dir:   ./data
================================================================================


================================================================================
DISTRIBUTED TRAINING LAUNCHER
================================================================================
  Model:      wide_resnet50_2 (CIFAR stem) (from scratch)
  Dataset:    cifar10 (10 classes)
  Image size: 32
  LR:         0.1
  Momentum:   0.9 (nesterov=True)
  Optimizer:  sgd
  Weight dec: 0.0005 (on BN/bias=False)
  Backend:    mpi
  Algorithm:  recursive_doubling_zfp_naive
  ZFP rate:   16
  Epochs:     20
  Batch/rank: 16
  LR:         0.1
  Scheduler:  cosine
  Warmup:     0
  Grad clip:  None
  Drop last:  True
  Data dir:   ./data
================================================================================


================================================================================
DISTRIBUTED TRAINING LAUNCHER
================================================================================
  Model:      wide_resnet50_2 (CIFAR stem) (from scratch)
  Dataset:    cifar10 (10 classes)
  Image size: 32
  LR:         0.1
  Momentum:   0.9 (nesterov=True)
  Optimizer:  sgd
  Weight dec: 0.0005 (on BN/bias=False)
  Backend:    mpi
  Algorithm:  recursive_doubling_zfp_naive
  ZFP rate:   16
  Epochs:     20
  Batch/rank: 16
  LR:         0.1
  Scheduler:  cosine
  Warmup:     0
  Grad clip:  None
  Drop last:  True
  Data dir:   ./data
================================================================================


================================================================================
DISTRIBUTED TRAINING LAUNCHER
================================================================================
  Model:      wide_resnet50_2 (CIFAR stem) (from scratch)
  Dataset:    cifar10 (10 classes)
  Image size: 32
  LR:         0.1
  Momentum:   0.9 (nesterov=True)
  Optimizer:  sgd
  Weight dec: 0.0005 (on BN/bias=False)
  Backend:    mpi
  Algorithm:  recursive_doubling_zfp_naive
  ZFP rate:   16
  Epochs:     20
  Batch/rank: 16
  LR:         0.1
  Scheduler:  cosine
  Warmup:     0
  Grad clip:  None
  Drop last:  True
  Data dir:   ./data
================================================================================


================================================================================
DISTRIBUTED TRAINING LAUNCHER
================================================================================
  Model:      wide_resnet50_2 (CIFAR stem) (from scratch)
  Dataset:    cifar10 (10 classes)
  Image size: 32
  LR:         0.1
  Momentum:   0.9 (nesterov=True)
  Optimizer:  sgd
  Weight dec: 0.0005 (on BN/bias=False)
  Backend:    mpi
  Algorithm:  recursive_doubling_zfp_naive
  ZFP rate:   16
  Epochs:     20
  Batch/rank: 16
  LR:         0.1
  Scheduler:  cosine
  Warmup:     0
  Grad clip:  None
  Drop last:  True
  Data dir:   ./data
================================================================================


================================================================================
DISTRIBUTED TRAINING LAUNCHER
================================================================================
  Model:      wide_resnet50_2 (CIFAR stem) (from scratch)
  Dataset:    cifar10 (10 classes)
  Image size: 32
  LR:         0.1
  Momentum:   0.9 (nesterov=True)
  Optimizer:  sgd
  Weight dec: 0.0005 (on BN/bias=False)
  Backend:    mpi
  Algorithm:  recursive_doubling_zfp_naive
  ZFP rate:   16
  Epochs:     20
  Batch/rank: 16
  LR:         0.1
  Scheduler:  cosine
  Warmup:     0
  Grad clip:  None
  Drop last:  True
  Data dir:   ./data
================================================================================


================================================================================
DISTRIBUTED TRAINING LAUNCHER
================================================================================
  Model:      wide_resnet50_2 (CIFAR stem) (from scratch)
  Dataset:    cifar10 (10 classes)
  Image size: 32
  LR:         0.1

================================================================================
DISTRIBUTED TRAINING LAUNCHER
================================================================================
  Model:      wide_resnet50_2 (CIFAR stem) (from scratch)
  Dataset:    cifar10 (10 classes)
  Image size: 32
  LR:         0.1
  Momentum:   0.9 (nesterov=True)
  Optimizer:  sgd
  Weight dec: 0.0005 (on BN/bias=False)
  Backend:    mpi
  Algorithm:  recursive_doubling_zfp_naive
  ZFP rate:   16
  Epochs:     20
  Batch/rank: 16
  LR:         0.1
  Scheduler:  cosine
  Warmup:     0
  Grad clip:  None
  Drop last:  True
  Data dir:   ./data
================================================================================

  Momentum:   0.9 (nesterov=True)
  Optimizer:  sgd
  Weight dec: 0.0005 (on BN/bias=False)
  Backend:    mpi
  Algorithm:  recursive_doubling_zfp_naive
  ZFP rate:   16
  Epochs:     20
  Batch/rank: 16
  LR:         0.1
  Scheduler:  cosine
  Warmup:     0
  Grad clip:  None

================================================================================
DISTRIBUTED TRAINING LAUNCHER
================================================================================
  Model:      wide_resnet50_2 (CIFAR stem) (from scratch)
  Dataset:    cifar10 (10 classes)
  Image size: 32
  LR:         0.1
  Momentum:   0.9 (nesterov=True)
  Optimizer:  sgd
  Weight dec: 0.0005 (on BN/bias=False)
  Backend:    mpi
  Algorithm:  recursive_doubling_zfp_naive
  ZFP rate:   16
  Epochs:     20
  Batch/rank: 16
  LR:         0.1
  Scheduler:  cosine
  Warmup:     0
  Grad clip:  None
  Drop last:  True
  Data dir:   ./data
================================================================================

  Drop last:  True
  Data dir:   ./data
================================================================================


================================================================================
DISTRIBUTED TRAINING LAUNCHER
================================================================================
  Model:      wide_resnet50_2 (CIFAR stem) (from scratch)
  Dataset:    cifar10 (10 classes)
  Image size: 32
  LR:         0.1
  Momentum:   0.9 (nesterov=True)
  Optimizer:  sgd
  Weight dec: 0.0005 (on BN/bias=False)
  Backend:    mpi
  Algorithm:  recursive_doubling_zfp_naive
  ZFP rate:   16
  Epochs:     20
  Batch/rank: 16
  LR:         0.1
  Scheduler:  cosine
  Warmup:     0
  Grad clip:  None
  Drop last:  True
  Data dir:   ./data
================================================================================

================================================================================
DISTRIBUTED TRAINING LAUNCHER
================================================================================
  Model:      wide_resnet50_2 (CIFAR stem) (from scratch)
  Dataset:    cifar10 (10 classes)
  Image size: 32
  LR:         0.1
  Momentum:   0.9 (nesterov=True)
  Optimizer:  sgd
  Weight dec: 0.0005 (on BN/bias=False)
  Backend:    mpi
  Algorithm:  recursive_doubling_zfp_naive
  ZFP rate:   16
  Epochs:     20
  Batch/rank: 16
  LR:         0.1
  Scheduler:  cosine
  Warmup:     0
  Grad clip:  None
  Drop last:  True
  Data dir:   ./data
================================================================================



================================================================================
DISTRIBUTED TRAINING LAUNCHER
================================================================================
  Model:      wide_resnet50_2 (CIFAR stem) (from scratch)
  Dataset:    cifar10 (10 classes)
  Image size: 32
  LR:         0.1
  Momentum:   0.9 (nesterov=True)
  Optimizer:  sgd
  Weight dec: 0.0005 (on BN/bias=False)
  Backend:    mpi
  Algorithm:  recursive_doubling_zfp_naive
  ZFP rate:   16
  Epochs:     20
  Batch/rank: 16
  LR:         0.1
  Scheduler:  cosine
  Warmup:     0
  Grad clip:  None
  Drop last:  True
  Data dir:   ./data
================================================================================


================================================================================
DISTRIBUTED TRAINING LAUNCHER
================================================================================
  Model:      wide_resnet50_2 (CIFAR stem) (from scratch)
  Dataset:    cifar10 (10 classes)
  Image size: 32
  LR:         0.1
  Momentum:   0.9 (nesterov=True)
  Optimizer:  sgd
  Weight dec: 0.0005 (on BN/bias=False)
  Backend:    mpi
  Algorithm:  recursive_doubling_zfp_naive
  ZFP rate:   16
  Epochs:     20
  Batch/rank: 16
  LR:         0.1
  Scheduler:  cosine
  Warmup:     0
  Grad clip:  None
  Drop last:  True
  Data dir:   ./data
================================================================================


================================================================================
DISTRIBUTED TRAINING LAUNCHER
================================================================================
  Model:      wide_resnet50_2 (CIFAR stem) (from scratch)
  Dataset:    cifar10 (10 classes)
  Image size: 32
  LR:         0.1
  Momentum:   0.9 (nesterov=True)
  Optimizer:  sgd
  Weight dec: 0.0005 (on BN/bias=False)
  Backend:    mpi
  Algorithm:  recursive_doubling_zfp_naive
  ZFP rate:   16
  Epochs:     20
  Batch/rank: 16
  LR:         0.1
  Scheduler:  cosine
  Warmup:     0
  Grad clip:  None
  Drop last:  True
  Data dir:   ./data
================================================================================


================================================================================
DISTRIBUTED TRAINING LAUNCHER
================================================================================
  Model:      wide_resnet50_2 (CIFAR stem) (from scratch)
  Dataset:    cifar10 (10 classes)
  Image size: 32
  LR:         0.1
  Momentum:   0.9 (nesterov=True)
  Optimizer:  sgd
  Weight dec: 0.0005 (on BN/bias=False)
  Backend:    mpi
  Algorithm:  recursive_doubling_zfp_naive
  ZFP rate:   16
  Epochs:     20
  Batch/rank: 16
  LR:         0.1
  Scheduler:  cosine
  Warmup:     0
  Grad clip:  None
  Drop last:  True
  Data dir:   ./data
================================================================================


================================================================================
DISTRIBUTED TRAINING LAUNCHER
================================================================================
  Model:      wide_resnet50_2 (CIFAR stem) (from scratch)
  Dataset:    cifar10 (10 classes)
  Image size: 32
  LR:         0.1
  Momentum:   0.9 (nesterov=True)
  Optimizer:  sgd
  Weight dec: 0.0005 (on BN/bias=False)
  Backend:    mpi
  Algorithm:  recursive_doubling_zfp_naive
  ZFP rate:   16
  Epochs:     20
  Batch/rank: 16
  LR:         0.1
  Scheduler:  cosine
  Warmup:     0
  Grad clip:  None
  Drop last:  True
  Data dir:   ./data
================================================================================


================================================================================
DISTRIBUTED TRAINING LAUNCHER
================================================================================
  Model:      wide_resnet50_2 (CIFAR stem) (from scratch)
  Dataset:    cifar10 (10 classes)
  Image size: 32
  LR:         0.1
  Momentum:   0.9 (nesterov=True)
  Optimizer:  sgd
  Weight dec: 0.0005 (on BN/bias=False)
  Backend:    mpi
  Algorithm:  recursive_doubling_zfp_naive
  ZFP rate:   16
  Epochs:     20
  Batch/rank: 16
  LR:         0.1
  Scheduler:  cosine
  Warmup:     0
  Grad clip:  None
  Drop last:  True
  Data dir:   ./data
================================================================================


================================================================================
DISTRIBUTED TRAINING LAUNCHER
================================================================================
  Model:      wide_resnet50_2 (CIFAR stem) (from scratch)
  Dataset:    cifar10 (10 classes)
  Image size: 32
  LR:         0.1
  Momentum:   0.9 (nesterov=True)
  Optimizer:  sgd
  Weight dec: 0.0005 (on BN/bias=False)
  Backend:    mpi
  Algorithm:  recursive_doubling_zfp_naive
  ZFP rate:   16
  Epochs:     20
  Batch/rank: 16
  LR:         0.1
  Scheduler:  cosine
  Warmup:     0
  Grad clip:  None
  Drop last:  True
  Data dir:   ./data
================================================================================


================================================================================
DISTRIBUTED TRAINING LAUNCHER
================================================================================
  Model:      wide_resnet50_2 (CIFAR stem) (from scratch)
  Dataset:    cifar10 (10 classes)
  Image size: 32
  LR:         0.1
  Momentum:   0.9 (nesterov=True)
  Optimizer:  sgd
  Weight dec: 0.0005 (on BN/bias=False)
  Backend:    mpi
  Algorithm:  recursive_doubling_zfp_naive
  ZFP rate:   16
  Epochs:     20
  Batch/rank: 16
  LR:         0.1
  Scheduler:  cosine
  Warmup:     0
  Grad clip:  None
  Drop last:  True
  Data dir:   ./data
================================================================================


================================================================================
Distributed Training: WIDE_RESNET50_2 on CIFAR10
Backend: MPI, Algorithm: recursive_doubling_zfp_naive
================================================================================
Ranks: 32, Epochs: 20, Batch/rank: 16, Effective batch: 512
LR: 0.1, Device: cuda:0

[Cache] Pretrained weights cache (TORCH_HOME) = /lustre/orion/gen243/proj-shared/matilderestelli/pretrained_weights_cache
[Setup] Model on cuda:0, wrapped in DDP (static_graph=True)
[Setup] Hook registered: mpi/recursive_doubling_zfp_naive
[Optim] SGD: lr=0.1 momentum=0.9 nesterov=True wd=0.0005 wd_on_bn_bias=False
[Optim]   group 0: 66,778,816 params, wd=0.0005
[Optim]   group 1: 68,234 params, wd=0.0
[Data] Train batches: 97, Val batches: 625

[Sched] cosine: steps/epoch=97, total_steps=1940, warmup_steps=0 (0 epochs)


[Epoch 1] Training... (lr at epoch start=0.100000)
  Batch [50/97] Loss: 7.1632, Acc: 10.88%, lr: 0.099836
[Epoch 1] Train Loss: 4.8062, Acc: 12.56%  |  Val Loss: 2.3536, Acc: 10.80%  |  Time: 21.8s
[Epoch 1] t_iter median: 120.93 ms  (fwd 14.44 | bwd+comm 101.19 | opt 5.28 | data 0.08)  |  train-only epoch: 14.1s
  -> Best model saved (10.80%)
[Epoch 1] Summarizing hook timing...

[HOOK_TIMING_SUMMARY] epoch=1
[HOOK_WORK_SUMMARY] label=mpi:recursive_doubling_zfp_naive:rate16 calls=769 work_total_ms=8627.680 work_mean_ms=11.219 work_min_ms=5.879 work_max_ms=129.305
[HOOK_TAIL_SUMMARY] label=mpi:recursive_doubling_zfp_naive:rate16 steps=98 tail_total_ms=7889.386 tail_mean_ms=80.504 tail_min_ms=13.411 tail_max_ms=138.673
[Epoch 1] Hook timing summary done

[Epoch 2] Training... (lr at epoch start=0.099384)
  Batch [50/97] Loss: 2.2811, Acc: 11.62%, lr: 0.098590
[Epoch 2] Train Loss: 2.2846, Acc: 11.60%  |  Val Loss: 2.2863, Acc: 12.15%  |  Time: 19.6s
[Epoch 2] t_iter median: 121.34 ms  (fwd 14.66 | bwd+comm 101.43 | opt 5.29 | data 0.07)  |  train-only epoch: 11.9s
  -> Best model saved (12.15%)
[Epoch 2] Summarizing hook timing...

[HOOK_TIMING_SUMMARY] epoch=2
[HOOK_WORK_SUMMARY] label=mpi:recursive_doubling_zfp_naive:rate16 calls=776 work_total_ms=8591.223 work_mean_ms=11.071 work_min_ms=5.909 work_max_ms=22.215
[HOOK_TAIL_SUMMARY] label=mpi:recursive_doubling_zfp_naive:rate16 steps=97 tail_total_ms=7852.550 tail_mean_ms=80.954 tail_min_ms=66.866 tail_max_ms=92.096
[Epoch 2] Hook timing summary done

[Epoch 3] Training... (lr at epoch start=0.097553)
  Batch [50/97] Loss: 2.1935, Acc: 18.50%, lr: 0.096147
[Epoch 3] Train Loss: 2.1591, Acc: 19.52%  |  Val Loss: 2.1587, Acc: 16.48%  |  Time: 19.7s
[Epoch 3] t_iter median: 122.05 ms  (fwd 14.70 | bwd+comm 102.04 | opt 5.29 | data 0.08)  |  train-only epoch: 11.9s
  -> Best model saved (16.48%)
[Epoch 3] Summarizing hook timing...

[HOOK_TIMING_SUMMARY] epoch=3
[HOOK_WORK_SUMMARY] label=mpi:recursive_doubling_zfp_naive:rate16 calls=776 work_total_ms=8637.416 work_mean_ms=11.131 work_min_ms=6.001 work_max_ms=21.793
[HOOK_TAIL_SUMMARY] label=mpi:recursive_doubling_zfp_naive:rate16 steps=97 tail_total_ms=7783.296 tail_mean_ms=80.240 tail_min_ms=66.839 tail_max_ms=92.775
[Epoch 3] Hook timing summary done

[Epoch 4] Training... (lr at epoch start=0.094550)
  Batch [50/97] Loss: 2.0564, Acc: 20.75%, lr: 0.092568
[Epoch 4] Train Loss: 2.0355, Acc: 20.55%  |  Val Loss: 1.9913, Acc: 22.34%  |  Time: 19.8s
[Epoch 4] t_iter median: 122.68 ms  (fwd 14.72 | bwd+comm 102.39 | opt 5.30 | data 0.07)  |  train-only epoch: 12.0s
  -> Best model saved (22.34%)
[Epoch 4] Summarizing hook timing...

[HOOK_TIMING_SUMMARY] epoch=4
[HOOK_WORK_SUMMARY] label=mpi:recursive_doubling_zfp_naive:rate16 calls=776 work_total_ms=8714.963 work_mean_ms=11.231 work_min_ms=6.121 work_max_ms=22.871
[HOOK_TAIL_SUMMARY] label=mpi:recursive_doubling_zfp_naive:rate16 steps=97 tail_total_ms=7783.352 tail_mean_ms=80.241 tail_min_ms=67.688 tail_max_ms=93.000
[Epoch 4] Hook timing summary done

[Epoch 5] Training... (lr at epoch start=0.090451)
  Batch [50/97] Loss: 2.0185, Acc: 22.88%, lr: 0.087941
[Epoch 5] Train Loss: 2.0029, Acc: 22.87%  |  Val Loss: 1.9091, Acc: 26.65%  |  Time: 19.8s
[Epoch 5] t_iter median: 121.98 ms  (fwd 14.88 | bwd+comm 101.64 | opt 5.30 | data 0.08)  |  train-only epoch: 11.9s
  -> Best model saved (26.65%)
[Epoch 5] Summarizing hook timing...

[HOOK_TIMING_SUMMARY] epoch=5
[HOOK_WORK_SUMMARY] label=mpi:recursive_doubling_zfp_naive:rate16 calls=776 work_total_ms=8613.238 work_mean_ms=11.100 work_min_ms=6.121 work_max_ms=22.776
[HOOK_TAIL_SUMMARY] label=mpi:recursive_doubling_zfp_naive:rate16 steps=97 tail_total_ms=7683.989 tail_mean_ms=79.216 tail_min_ms=63.274 tail_max_ms=92.382
[Epoch 5] Hook timing summary done

[Epoch 6] Training... (lr at epoch start=0.085355)
  Batch [50/97] Loss: 1.8711, Acc: 24.12%, lr: 0.082380
[Epoch 6] Train Loss: 1.8430, Acc: 26.74%  |  Val Loss: 1.7572, Acc: 32.78%  |  Time: 19.6s
[Epoch 6] t_iter median: 119.97 ms  (fwd 14.86 | bwd+comm 99.81 | opt 5.28 | data 0.08)  |  train-only epoch: 11.7s
  -> Best model saved (32.78%)
[Epoch 6] Summarizing hook timing...

[HOOK_TIMING_SUMMARY] epoch=6
[HOOK_WORK_SUMMARY] label=mpi:recursive_doubling_zfp_naive:rate16 calls=776 work_total_ms=8396.084 work_mean_ms=10.820 work_min_ms=5.701 work_max_ms=22.925
[HOOK_TAIL_SUMMARY] label=mpi:recursive_doubling_zfp_naive:rate16 steps=97 tail_total_ms=7601.226 tail_mean_ms=78.363 tail_min_ms=50.501 tail_max_ms=91.771
[Epoch 6] Hook timing summary done

[Epoch 7] Training... (lr at epoch start=0.079389)
  Batch [50/97] Loss: 1.7801, Acc: 30.75%, lr: 0.076021
[Epoch 7] Train Loss: 1.7560, Acc: 33.51%  |  Val Loss: 1.7650, Acc: 34.06%  |  Time: 19.6s
[Epoch 7] t_iter median: 119.38 ms  (fwd 14.86 | bwd+comm 99.22 | opt 5.29 | data 0.08)  |  train-only epoch: 11.7s
  -> Best model saved (34.06%)
[Epoch 7] Summarizing hook timing...

[HOOK_TIMING_SUMMARY] epoch=7
[HOOK_WORK_SUMMARY] label=mpi:recursive_doubling_zfp_naive:rate16 calls=776 work_total_ms=8366.526 work_mean_ms=10.782 work_min_ms=5.956 work_max_ms=21.926
[HOOK_TAIL_SUMMARY] label=mpi:recursive_doubling_zfp_naive:rate16 steps=97 tail_total_ms=7385.407 tail_mean_ms=76.138 tail_min_ms=57.667 tail_max_ms=89.941
[Epoch 7] Hook timing summary done

[Epoch 8] Training... (lr at epoch start=0.072700)
  Batch [50/97] Loss: 1.6583, Acc: 39.62%, lr: 0.069022
[Epoch 8] Train Loss: 1.6522, Acc: 38.14%  |  Val Loss: 1.7114, Acc: 38.67%  |  Time: 19.7s
[Epoch 8] t_iter median: 119.95 ms  (fwd 14.93 | bwd+comm 99.66 | opt 5.29 | data 0.08)  |  train-only epoch: 11.8s
  -> Best model saved (38.67%)
[Epoch 8] Summarizing hook timing...

[HOOK_TIMING_SUMMARY] epoch=8
[HOOK_WORK_SUMMARY] label=mpi:recursive_doubling_zfp_naive:rate16 calls=776 work_total_ms=8456.513 work_mean_ms=10.898 work_min_ms=5.739 work_max_ms=32.435
[HOOK_TAIL_SUMMARY] label=mpi:recursive_doubling_zfp_naive:rate16 steps=97 tail_total_ms=7498.199 tail_mean_ms=77.301 tail_min_ms=63.566 tail_max_ms=107.803
[Epoch 8] Hook timing summary done

[Epoch 9] Training... (lr at epoch start=0.065451)
  Batch [50/97] Loss: 1.6280, Acc: 40.12%, lr: 0.061554
[Epoch 9] Train Loss: 1.6248, Acc: 39.69%  |  Val Loss: 1.4847, Acc: 45.08%  |  Time: 19.7s
[Epoch 9] t_iter median: 120.40 ms  (fwd 14.99 | bwd+comm 100.05 | opt 5.29 | data 0.08)  |  train-only epoch: 11.8s
  -> Best model saved (45.08%)
[Epoch 9] Summarizing hook timing...

[HOOK_TIMING_SUMMARY] epoch=9
[HOOK_WORK_SUMMARY] label=mpi:recursive_doubling_zfp_naive:rate16 calls=776 work_total_ms=8461.253 work_mean_ms=10.904 work_min_ms=5.733 work_max_ms=23.580
[HOOK_TAIL_SUMMARY] label=mpi:recursive_doubling_zfp_naive:rate16 steps=97 tail_total_ms=7548.061 tail_mean_ms=77.815 tail_min_ms=63.100 tail_max_ms=90.171
[Epoch 9] Hook timing summary done

[Epoch 10] Training... (lr at epoch start=0.057822)
  Batch [50/97] Loss: 1.5724, Acc: 41.00%, lr: 0.053802
[Epoch 10] Train Loss: 1.5751, Acc: 41.95%  |  Val Loss: 1.4553, Acc: 47.41%  |  Time: 19.7s
[Epoch 10] t_iter median: 119.69 ms  (fwd 15.01 | bwd+comm 99.46 | opt 5.30 | data 0.08)  |  train-only epoch: 11.7s
  -> Best model saved (47.41%)
[Epoch 10] Summarizing hook timing...

[HOOK_TIMING_SUMMARY] epoch=10
[HOOK_WORK_SUMMARY] label=mpi:recursive_doubling_zfp_naive:rate16 calls=776 work_total_ms=8394.440 work_mean_ms=10.818 work_min_ms=5.759 work_max_ms=21.534
[HOOK_TAIL_SUMMARY] label=mpi:recursive_doubling_zfp_naive:rate16 steps=97 tail_total_ms=7469.233 tail_mean_ms=77.002 tail_min_ms=60.448 tail_max_ms=90.680
[Epoch 10] Hook timing summary done

[Epoch 11] Training... (lr at epoch start=0.050000)
  Batch [50/97] Loss: 1.5173, Acc: 43.38%, lr: 0.045956
[Epoch 11] Train Loss: 1.4980, Acc: 43.81%  |  Val Loss: 1.3873, Acc: 49.96%  |  Time: 19.7s
[Epoch 11] t_iter median: 120.06 ms  (fwd 15.05 | bwd+comm 99.80 | opt 5.30 | data 0.08)  |  train-only epoch: 11.8s
  -> Best model saved (49.96%)
[Epoch 11] Summarizing hook timing...

[HOOK_TIMING_SUMMARY] epoch=11
[HOOK_WORK_SUMMARY] label=mpi:recursive_doubling_zfp_naive:rate16 calls=776 work_total_ms=8444.513 work_mean_ms=10.882 work_min_ms=5.687 work_max_ms=22.071
[HOOK_TAIL_SUMMARY] label=mpi:recursive_doubling_zfp_naive:rate16 steps=97 tail_total_ms=7489.668 tail_mean_ms=77.213 tail_min_ms=56.077 tail_max_ms=90.548
[Epoch 11] Hook timing summary done

[Epoch 12] Training... (lr at epoch start=0.042178)
  Batch [50/97] Loss: 1.4376, Acc: 45.88%, lr: 0.038210
[Epoch 12] Train Loss: 1.4069, Acc: 47.36%  |  Val Loss: 1.3091, Acc: 52.48%  |  Time: 19.7s
[Epoch 12] t_iter median: 120.32 ms  (fwd 15.08 | bwd+comm 100.12 | opt 5.29 | data 0.08)  |  train-only epoch: 11.7s
  -> Best model saved (52.48%)
[Epoch 12] Summarizing hook timing...

[HOOK_TIMING_SUMMARY] epoch=12
[HOOK_WORK_SUMMARY] label=mpi:recursive_doubling_zfp_naive:rate16 calls=776 work_total_ms=8432.036 work_mean_ms=10.866 work_min_ms=5.687 work_max_ms=21.872
[HOOK_TAIL_SUMMARY] label=mpi:recursive_doubling_zfp_naive:rate16 steps=97 tail_total_ms=7324.782 tail_mean_ms=75.513 tail_min_ms=55.140 tail_max_ms=91.132
[Epoch 12] Hook timing summary done

[Epoch 13] Training... (lr at epoch start=0.034549)
  Batch [50/97] Loss: 1.3562, Acc: 49.12%, lr: 0.030754
[Epoch 13] Train Loss: 1.3571, Acc: 50.45%  |  Val Loss: 1.3477, Acc: 52.41%  |  Time: 19.8s
[Epoch 13] t_iter median: 120.73 ms  (fwd 15.11 | bwd+comm 100.48 | opt 5.27 | data 0.07)  |  train-only epoch: 11.8s
[Epoch 13] Summarizing hook timing...

[HOOK_TIMING_SUMMARY] epoch=13
[HOOK_WORK_SUMMARY] label=mpi:recursive_doubling_zfp_naive:rate16 calls=776 work_total_ms=8487.775 work_mean_ms=10.938 work_min_ms=5.943 work_max_ms=24.663
[HOOK_TAIL_SUMMARY] label=mpi:recursive_doubling_zfp_naive:rate16 steps=97 tail_total_ms=7475.387 tail_mean_ms=77.066 tail_min_ms=60.286 tail_max_ms=92.129
[Epoch 13] Hook timing summary done

[Epoch 14] Training... (lr at epoch start=0.027300)
  Batch [50/97] Loss: 1.3165, Acc: 50.25%, lr: 0.023772
[Epoch 14] Train Loss: 1.2753, Acc: 51.74%  |  Val Loss: 1.3308, Acc: 56.31%  |  Time: 19.9s
[Epoch 14] t_iter median: 121.46 ms  (fwd 15.12 | bwd+comm 100.91 | opt 5.27 | data 0.08)  |  train-only epoch: 11.9s
  -> Best model saved (56.31%)
[Epoch 14] Summarizing hook timing...

[HOOK_TIMING_SUMMARY] epoch=14
[HOOK_WORK_SUMMARY] label=mpi:recursive_doubling_zfp_naive:rate16 calls=776 work_total_ms=8527.174 work_mean_ms=10.989 work_min_ms=5.976 work_max_ms=24.276
[HOOK_TAIL_SUMMARY] label=mpi:recursive_doubling_zfp_naive:rate16 steps=97 tail_total_ms=7545.360 tail_mean_ms=77.787 tail_min_ms=62.227 tail_max_ms=91.813
[Epoch 14] Hook timing summary done

[Epoch 15] Training... (lr at epoch start=0.020611)
  Batch [50/97] Loss: 1.2593, Acc: 53.75%, lr: 0.017435
[Epoch 15] Train Loss: 1.2484, Acc: 54.38%  |  Val Loss: 1.1701, Acc: 59.62%  |  Time: 19.9s
[Epoch 15] t_iter median: 120.88 ms  (fwd 15.13 | bwd+comm 100.13 | opt 5.29 | data 0.08)  |  train-only epoch: 11.8s
  -> Best model saved (59.62%)
[Epoch 15] Summarizing hook timing...

[HOOK_TIMING_SUMMARY] epoch=15
[HOOK_WORK_SUMMARY] label=mpi:recursive_doubling_zfp_naive:rate16 calls=776 work_total_ms=8482.133 work_mean_ms=10.931 work_min_ms=5.701 work_max_ms=20.631
[HOOK_TAIL_SUMMARY] label=mpi:recursive_doubling_zfp_naive:rate16 steps=97 tail_total_ms=7451.961 tail_mean_ms=76.824 tail_min_ms=54.025 tail_max_ms=90.629
[Epoch 15] Hook timing summary done

[Epoch 16] Training... (lr at epoch start=0.014645)
  Batch [50/97] Loss: 1.2203, Acc: 56.12%, lr: 0.011901
[Epoch 16] Train Loss: 1.2067, Acc: 57.35%  |  Val Loss: 1.1459, Acc: 61.86%  |  Time: 20.2s
[Epoch 16] t_iter median: 121.69 ms  (fwd 15.07 | bwd+comm 101.12 | opt 5.29 | data 0.08)  |  train-only epoch: 12.0s
  -> Best model saved (61.86%)
[Epoch 16] Summarizing hook timing...

[HOOK_TIMING_SUMMARY] epoch=16
[HOOK_WORK_SUMMARY] label=mpi:recursive_doubling_zfp_naive:rate16 calls=776 work_total_ms=8688.782 work_mean_ms=11.197 work_min_ms=5.649 work_max_ms=53.608
[HOOK_TAIL_SUMMARY] label=mpi:recursive_doubling_zfp_naive:rate16 steps=97 tail_total_ms=7792.581 tail_mean_ms=80.336 tail_min_ms=66.457 tail_max_ms=189.635
[Epoch 16] Hook timing summary done

[Epoch 17] Training... (lr at epoch start=0.009549)
  Batch [50/97] Loss: 1.1433, Acc: 60.38%, lr: 0.007305
[Epoch 17] Train Loss: 1.1008, Acc: 62.31%  |  Val Loss: 1.1690, Acc: 62.47%  |  Time: 20.0s
[Epoch 17] t_iter median: 121.02 ms  (fwd 15.09 | bwd+comm 100.39 | opt 5.29 | data 0.08)  |  train-only epoch: 11.8s
  -> Best model saved (62.47%)
[Epoch 17] Summarizing hook timing...

[HOOK_TIMING_SUMMARY] epoch=17
[HOOK_WORK_SUMMARY] label=mpi:recursive_doubling_zfp_naive:rate16 calls=776 work_total_ms=8488.703 work_mean_ms=10.939 work_min_ms=5.944 work_max_ms=23.621
[HOOK_TAIL_SUMMARY] label=mpi:recursive_doubling_zfp_naive:rate16 steps=97 tail_total_ms=7456.442 tail_mean_ms=76.871 tail_min_ms=62.399 tail_max_ms=90.306
[Epoch 17] Hook timing summary done

[Epoch 18] Training... (lr at epoch start=0.005450)
  Batch [50/97] Loss: 1.1014, Acc: 60.88%, lr: 0.003760
[Epoch 18] Train Loss: 1.0930, Acc: 60.95%  |  Val Loss: 1.1912, Acc: 64.99%  |  Time: 20.0s
[Epoch 18] t_iter median: 120.61 ms  (fwd 15.18 | bwd+comm 100.34 | opt 5.28 | data 0.08)  |  train-only epoch: 11.8s
  -> Best model saved (64.99%)
[Epoch 18] Summarizing hook timing...

[HOOK_TIMING_SUMMARY] epoch=18
[HOOK_WORK_SUMMARY] label=mpi:recursive_doubling_zfp_naive:rate16 calls=776 work_total_ms=8543.946 work_mean_ms=11.010 work_min_ms=5.942 work_max_ms=23.848
[HOOK_TAIL_SUMMARY] label=mpi:recursive_doubling_zfp_naive:rate16 steps=97 tail_total_ms=7387.640 tail_mean_ms=76.161 tail_min_ms=54.790 tail_max_ms=91.077
[Epoch 18] Hook timing summary done

[Epoch 19] Training... (lr at epoch start=0.002447)
  Batch [50/97] Loss: 1.0175, Acc: 63.50%, lr: 0.001353
[Epoch 19] Train Loss: 1.0655, Acc: 62.11%  |  Val Loss: 1.0557, Acc: 66.12%  |  Time: 20.0s
[Epoch 19] t_iter median: 120.96 ms  (fwd 15.21 | bwd+comm 100.49 | opt 5.28 | data 0.08)  |  train-only epoch: 11.8s
  -> Best model saved (66.12%)
[Epoch 19] Summarizing hook timing...

[HOOK_TIMING_SUMMARY] epoch=19
[HOOK_WORK_SUMMARY] label=mpi:recursive_doubling_zfp_naive:rate16 calls=776 work_total_ms=8482.976 work_mean_ms=10.932 work_min_ms=5.758 work_max_ms=22.283
[HOOK_TAIL_SUMMARY] label=mpi:recursive_doubling_zfp_naive:rate16 steps=97 tail_total_ms=7407.100 tail_mean_ms=76.362 tail_min_ms=55.516 tail_max_ms=91.105
[Epoch 19] Hook timing summary done

[Epoch 20] Training... (lr at epoch start=0.000616)
  Batch [50/97] Loss: 0.9900, Acc: 65.88%, lr: 0.000145
[Epoch 20] Train Loss: 0.9926, Acc: 64.50%  |  Val Loss: 1.1117, Acc: 66.13%  |  Time: 20.0s
[Epoch 20] t_iter median: 120.26 ms  (fwd 15.16 | bwd+comm 99.69 | opt 5.29 | data 0.08)  |  train-only epoch: 11.8s
  -> Best model saved (66.13%)
[Epoch 20] Summarizing hook timing...

[HOOK_TIMING_SUMMARY] epoch=20
[HOOK_WORK_SUMMARY] label=mpi:recursive_doubling_zfp_naive:rate16 calls=776 work_total_ms=8445.865 work_mean_ms=10.884 work_min_ms=5.861 work_max_ms=21.798
[HOOK_TAIL_SUMMARY] label=mpi:recursive_doubling_zfp_naive:rate16 steps=97 tail_total_ms=7475.804 tail_mean_ms=77.070 tail_min_ms=63.120 tail_max_ms=90.562
[Epoch 20] Hook timing summary done

================================================================================
Done in 432.9s | Best val acc: 66.13%
Epoch times (train+val): mean=19.9s  min=19.6s  max=21.8s
Train-only epoch time (epochs 2..N): median=11.82s  min=11.68s  max=12.02s
  -> use this for STRONG scaling (fixed global batch)
  -> use t_iter_median_ms from the CSV for WEAK scaling (fixed local batch)
================================================================================
=== Finished training: model=wide_resnet50_2, dataset=cifar10, batch=16, lr=0.1, scheduler=cosine, backend=mpi, hook=recursive_doubling_zfp_naive, zfp_rate=16, status=0 at Mon Jul 20 10:12:01 AM EDT 2026 ===
=== Starting: model=wide_resnet50_2, ws=32, bs=16, gb=512, lr=0.1, sched=cosine, warmup=0, mom=0.9, wd=5e-4, nesterov=true, wd_bn_bias=false, backend=mpi, hook=recursive_doubling_zfp_online_coll, zfp=16 at Mon Jul 20 10:12:01 AM EDT 2026 ===
MIOPEN_USER_DB_PATH=/mnt/bb/matilderestelli/miopen_cache_5035615/miopen_db
MIOPEN_CUSTOM_CACHE_DIR=/mnt/bb/matilderestelli/miopen_cache_5035615/kernel_cache
drwxr-sr-x 2 matilderestelli gen243 103 Jul 14 05:38 /mnt/bb/matilderestelli/miopen_cache_5035615/miopen_db
==== GPU visibility debug (batch shell) ====
frontier10349
ROCR_VISIBLE_DEVICES=0,1,2,3,4,5,6,7
SLURM_JOB_GPUS=0,1,2,3,4,5,6,7
[37mROCk module version 6.16.13 is loaded[0m
=====================    
HSA System Attributes    
=====================    
Runtime Version:         1.18
Runtime Ext Version:     1.14
System Timestamp Freq.:  1000.000000MHz
Sig. Max Wait Duration:  18446744073709551615 (0xFFFFFFFFFFFFFFFF) (timestamp count)
Machine Model:           LARGE                              
System Endianness:       LITTLE                             
Mwaitx:                  DISABLED
XNACK enabled:           NO
DMAbuf Support:          YES
VMM Support:             YES

==========               
HSA Agents               
==========               
*******                  
Agent 1                  
*******                  
  Name:                    AMD EPYC 7A53 64-Core Processor    
  Uuid:                    CPU-XX                             
  Marketing Name:          AMD EPYC 7A53 64-Core Processor    
  Vendor Name:             CPU                                
  Feature:                 None specified                     
  Profile:                 FULL_PROFILE                       
  Float Round Mode:        NEAR                               
  Max Queue Number:        0(0x0)                             
  Queue Min Size:          0(0x0)                             

================================================================================
DISTRIBUTED TRAINING LAUNCHER
================================================================================
  Model:      wide_resnet50_2 (CIFAR stem) (from scratch)
  Dataset:    cifar10 (10 classes)
  Image size: 32
  LR:         0.1
  Momentum:   0.9 (nesterov=True)
  Optimizer:  sgd
  Weight dec: 0.0005 (on BN/bias=False)
  Backend:    mpi
  Algorithm:  recursive_doubling_zfp_online_coll
  ZFP rate:   16
  Epochs:     20
  Batch/rank: 16
  LR:         0.1
  Scheduler:  cosine
  Warmup:     0
  Grad clip:  None
  Drop last:  True
  Data dir:   ./data
================================================================================


================================================================================
DISTRIBUTED TRAINING LAUNCHER
================================================================================
  Model:      wide_resnet50_2 (CIFAR stem) (from scratch)
  Dataset:    cifar10 (10 classes)
  Image size: 32
  LR:         0.1
  Momentum:   0.9 (nesterov=True)
  Optimizer:  sgd
  Weight dec: 0.0005 (on BN/bias=False)
  Backend:    mpi
  Algorithm:  recursive_doubling_zfp_online_coll
  ZFP rate:   16
  Epochs:     20
  Batch/rank: 16
  LR:         0.1
  Scheduler:  cosine
  Warmup:     0
  Grad clip:  None
  Drop last:  True
  Data dir:   ./data
================================================================================


================================================================================
DISTRIBUTED TRAINING LAUNCHER
================================================================================
  Model:      wide_resnet50_2 (CIFAR stem) (from scratch)
  Dataset:    cifar10 (10 classes)
  Image size: 32
  LR:         0.1
  Momentum:   0.9 (nesterov=True)
  Optimizer:  sgd
  Weight dec: 0.0005 (on BN/bias=False)
  Backend:    mpi
  Algorithm:  recursive_doubling_zfp_online_coll
  ZFP rate:   16
  Epochs:     20
  Batch/rank: 16
  LR:         0.1
  Scheduler:  cosine
  Warmup:     0
  Grad clip:  None
  Drop last:  True
  Data dir:   ./data
================================================================================


================================================================================
DISTRIBUTED TRAINING LAUNCHER
================================================================================
  Model:      wide_resnet50_2 (CIFAR stem) (from scratch)
  Dataset:    cifar10 (10 classes)
  Image size: 32
  LR:         0.1
  Momentum:   0.9 (nesterov=True)
  Optimizer:  sgd
  Weight dec: 0.0005 (on BN/bias=False)
  Backend:    mpi
  Algorithm:  recursive_doubling_zfp_online_coll
  ZFP rate:   16
  Epochs:     20
  Batch/rank: 16
  LR:         0.1
  Scheduler:  cosine
  Warmup:     0
  Grad clip:  None
  Drop last:  True
  Data dir:   ./data
================================================================================


================================================================================
DISTRIBUTED TRAINING LAUNCHER
================================================================================
  Model:      wide_resnet50_2 (CIFAR stem) (from scratch)
  Dataset:    cifar10 (10 classes)
  Image size: 32
  LR:         0.1
  Momentum:   0.9 (nesterov=True)
  Optimizer:  sgd
  Weight dec: 0.0005 (on BN/bias=False)
  Backend:    mpi
  Algorithm:  recursive_doubling_zfp_online_coll
  ZFP rate:   16
  Epochs:     20
  Batch/rank: 16
  LR:         0.1
  Scheduler:  cosine
  Warmup:     0
  Grad clip:  None
  Drop last:  True
  Data dir:   ./data
================================================================================


================================================================================
DISTRIBUTED TRAINING LAUNCHER
================================================================================
  Model:      wide_resnet50_2 (CIFAR stem) (from scratch)
  Dataset:    cifar10 (10 classes)
  Image size: 32
  LR:         0.1
  Momentum:   0.9 (nesterov=True)
  Optimizer:  sgd
  Weight dec: 0.0005 (on BN/bias=False)
  Backend:    mpi
  Algorithm:  recursive_doubling_zfp_online_coll
  ZFP rate:   16
  Epochs:     20
  Batch/rank: 16
  LR:         0.1
  Scheduler:  cosine
  Warmup:     0
  Grad clip:  None
  Drop last:  True
  Data dir:   ./data
================================================================================


================================================================================
DISTRIBUTED TRAINING LAUNCHER
================================================================================
  Model:      wide_resnet50_2 (CIFAR stem) (from scratch)
  Dataset:    cifar10 (10 classes)
  Image size: 32
  LR:         0.1
  Momentum:   0.9 (nesterov=True)
  Optimizer:  sgd
  Weight dec: 0.0005 (on BN/bias=False)
  Backend:    mpi
  Algorithm:  recursive_doubling_zfp_online_coll
  ZFP rate:   16
  Epochs:     20
  Batch/rank: 16
  LR:         0.1
  Scheduler:  cosine
  Warmup:     0
  Grad clip:  None
  Drop last:  True
  Data dir:   ./data
================================================================================


================================================================================
DISTRIBUTED TRAINING LAUNCHER
================================================================================
  Model:      wide_resnet50_2 (CIFAR stem) (from scratch)
  Dataset:    cifar10 (10 classes)
  Image size: 32
  LR:         0.1
  Momentum:   0.9 (nesterov=True)
  Optimizer:  sgd
  Weight dec: 0.0005 (on BN/bias=False)
  Backend:    mpi
  Algorithm:  recursive_doubling_zfp_online_coll
  ZFP rate:   16
  Epochs:     20
  Batch/rank: 16
  LR:         0.1
  Scheduler:  cosine
  Warmup:     0
  Grad clip:  None
  Drop last:  True
  Data dir:   ./data
================================================================================


================================================================================
DISTRIBUTED TRAINING LAUNCHER
================================================================================
  Model:      wide_resnet50_2 (CIFAR stem) (from scratch)
  Dataset:    cifar10 (10 classes)
  Image size: 32
  LR:         0.1
  Momentum:   0.9 (nesterov=True)
  Optimizer:  sgd
  Weight dec: 0.0005 (on BN/bias=False)
  Backend:    mpi
  Algorithm:  recursive_doubling_zfp_online_coll
  ZFP rate:   16
  Epochs:     20
  Batch/rank: 16
  LR:         0.1
  Scheduler:  cosine
  Warmup:     0
  Grad clip:  None
  Drop last:  True
  Data dir:   ./data
================================================================================


================================================================================
DISTRIBUTED TRAINING LAUNCHER
================================================================================
  Model:      wide_resnet50_2 (CIFAR stem) (from scratch)
  Dataset:    cifar10 (10 classes)
  Image size: 32
  LR:         0.1
  Momentum:   0.9 (nesterov=True)
  Optimizer:  sgd
  Weight dec: 0.0005 (on BN/bias=False)
  Backend:    mpi
  Algorithm:  recursive_doubling_zfp_online_coll
  ZFP rate:   16
  Epochs:     20
  Batch/rank: 16
  LR:         0.1
  Scheduler:  cosine
  Warmup:     0
  Grad clip:  None
  Drop last:  True
  Data dir:   ./data
================================================================================


================================================================================
DISTRIBUTED TRAINING LAUNCHER
================================================================================
  Model:      wide_resnet50_2 (CIFAR stem) (from scratch)
  Dataset:    cifar10 (10 classes)
  Image size: 32
  LR:         0.1
  Momentum:   0.9 (nesterov=True)
  Optimizer:  sgd
  Weight dec: 0.0005 (on BN/bias=False)
  Backend:    mpi
  Algorithm:  recursive_doubling_zfp_online_coll
  ZFP rate:   16
  Epochs:     20
  Batch/rank: 16
  LR:         0.1
  Scheduler:  cosine
  Warmup:     0
  Grad clip:  None
  Drop last:  True
  Data dir:   ./data
================================================================================


================================================================================
DISTRIBUTED TRAINING LAUNCHER
================================================================================
  Model:      wide_resnet50_2 (CIFAR stem) (from scratch)
  Dataset:    cifar10 (10 classes)
  Image size: 32
  LR:         0.1
  Momentum:   0.9 (nesterov=True)
  Optimizer:  sgd
  Weight dec: 0.0005 (on BN/bias=False)
  Backend:    mpi
  Algorithm:  recursive_doubling_zfp_online_coll
  ZFP rate:   16
  Epochs:     20
  Batch/rank: 16
  LR:         0.1
  Scheduler:  cosine
  Warmup:     0
  Grad clip:  None
  Drop last:  True
  Data dir:   ./data
================================================================================


================================================================================
DISTRIBUTED TRAINING LAUNCHER
================================================================================
  Model:      wide_resnet50_2 (CIFAR stem) (from scratch)
  Dataset:    cifar10 (10 classes)
  Image size: 32
  LR:         0.1
  Momentum:   0.9 (nesterov=True)
  Optimizer:  sgd
  Weight dec: 0.0005 (on BN/bias=False)
  Backend:    mpi
  Algorithm:  recursive_doubling_zfp_online_coll
  ZFP rate:   16
  Epochs:     20
  Batch/rank: 16
  LR:         0.1
  Scheduler:  cosine
  Warmup:     0
  Grad clip:  None
  Drop last:  True
  Data dir:   ./data
================================================================================


================================================================================
DISTRIBUTED TRAINING LAUNCHER
================================================================================
  Model:      wide_resnet50_2 (CIFAR stem) (from scratch)
  Dataset:    cifar10 (10 classes)
  Image size: 32
  LR:         0.1
  Momentum:   0.9 (nesterov=True)
  Optimizer:  sgd
  Weight dec: 0.0005 (on BN/bias=False)
  Backend:    mpi
  Algorithm:  recursive_doubling_zfp_online_coll
  ZFP rate:   16
  Epochs:     20
  Batch/rank: 16
  LR:         0.1
  Scheduler:  cosine
  Warmup:     0
  Grad clip:  None
  Drop last:  True

================================================================================
DISTRIBUTED TRAINING LAUNCHER
================================================================================
  Model:      wide_resnet50_2 (CIFAR stem) (from scratch)
  Dataset:    cifar10 (10 classes)
  Image size: 32
  LR:         0.1
  Momentum:   0.9 (nesterov=True)
  Optimizer:  sgd
  Weight dec: 0.0005 (on BN/bias=False)
  Backend:    mpi
  Algorithm:  recursive_doubling_zfp_online_coll
  ZFP rate:   16
  Epochs:     20
  Batch/rank: 16
  LR:         0.1
  Scheduler:  cosine
  Warmup:     0
  Grad clip:  None
  Drop last:  True
  Data dir:   ./data
================================================================================

  Data dir:   ./data
================================================================================


================================================================================
DISTRIBUTED TRAINING LAUNCHER
================================================================================
  Model:      wide_resnet50_2 (CIFAR stem) (from scratch)
  Dataset:    cifar10 (10 classes)
  Image size: 32
  LR:         0.1
  Momentum:   0.9 (nesterov=True)
  Optimizer:  sgd
  Weight dec: 0.0005 (on BN/bias=False)
  Backend:    mpi
  Algorithm:  recursive_doubling_zfp_online_coll
  ZFP rate:   16
  Epochs:     20
  Batch/rank: 16
  LR:         0.1
  Scheduler:  cosine
  Warmup:     0
  Grad clip:  None
  Drop last:  True
  Data dir:   ./data
================================================================================

================================================================================
DISTRIBUTED TRAINING LAUNCHER
================================================================================
  Model:      wide_resnet50_2 (CIFAR stem) (from scratch)
  Dataset:    cifar10 (10 classes)
  Image size: 32
  LR:         0.1
  Momentum:   0.9 (nesterov=True)
  Optimizer:  sgd
  Weight dec: 0.0005 (on BN/bias=False)
  Backend:    mpi
  Algorithm:  recursive_doubling_zfp_online_coll
  ZFP rate:   16
  Epochs:     20
  Batch/rank: 16
  LR:         0.1
  Scheduler:  cosine
  Warmup:     0
  Grad clip:  None
  Drop last:  True
  Data dir:   ./data
================================================================================


================================================================================
DISTRIBUTED TRAINING LAUNCHER
================================================================================
  Model:      wide_resnet50_2 (CIFAR stem) (from scratch)
  Dataset:    cifar10 (10 classes)
  Image size: 32
  LR:         0.1
  Momentum:   0.9 (nesterov=True)
  Optimizer:  sgd
  Weight dec: 0.0005 (on BN/bias=False)
  Backend:    mpi
  Algorithm:  recursive_doubling_zfp_online_coll
  ZFP rate:   16
  Epochs:     20
  Batch/rank: 16
  LR:         0.1
  Scheduler:  cosine
  Warmup:     0
  Grad clip:  None
  Drop last:  True
  Data dir:   ./data
================================================================================



================================================================================
DISTRIBUTED TRAINING LAUNCHER
================================================================================
  Model:      wide_resnet50_2 (CIFAR stem) (from scratch)
  Dataset:    cifar10 (10 classes)
  Image size: 32
  LR:         0.1
  Momentum:   0.9 (nesterov=True)
  Optimizer:  sgd
  Weight dec: 0.0005 (on BN/bias=False)
  Backend:    mpi
  Algorithm:  recursive_doubling_zfp_online_coll
  ZFP rate:   16
  Epochs:     20
  Batch/rank: 16
  LR:         0.1
  Scheduler:  cosine
  Warmup:     0
  Grad clip:  None
  Drop last:  True
  Data dir:   ./data
================================================================================


================================================================================
DISTRIBUTED TRAINING LAUNCHER
================================================================================
  Model:      wide_resnet50_2 (CIFAR stem) (from scratch)
  Dataset:    cifar10 (10 classes)
  Image size: 32
  LR:         0.1
  Momentum:   0.9 (nesterov=True)
  Optimizer:  sgd
  Weight dec: 0.0005 (on BN/bias=False)
  Backend:    mpi
  Algorithm:  recursive_doubling_zfp_online_coll
  ZFP rate:   16
  Epochs:     20
  Batch/rank: 16
  LR:         0.1
  Scheduler:  cosine
  Warmup:     0
  Grad clip:  None
  Drop last:  True
  Data dir:   ./data
================================================================================


================================================================================
DISTRIBUTED TRAINING LAUNCHER
================================================================================
  Model:      wide_resnet50_2 (CIFAR stem) (from scratch)
  Dataset:    cifar10 (10 classes)
  Image size: 32
  LR:         0.1
  Momentum:   0.9 (nesterov=True)
  Optimizer:  sgd
  Weight dec: 0.0005 (on BN/bias=False)
  Backend:    mpi
  Algorithm:  recursive_doubling_zfp_online_coll
  ZFP rate:   16
  Epochs:     20
  Batch/rank: 16
  LR:         0.1
  Scheduler:  cosine
  Warmup:     0
  Grad clip:  None
  Drop last:  True
  Data dir:   ./data
================================================================================


================================================================================
DISTRIBUTED TRAINING LAUNCHER
================================================================================
  Model:      wide_resnet50_2 (CIFAR stem) (from scratch)
  Dataset:    cifar10 (10 classes)
  Image size: 32
  LR:         0.1
  Momentum:   0.9 (nesterov=True)
  Optimizer:  sgd
  Weight dec: 0.0005 (on BN/bias=False)
  Backend:    mpi
  Algorithm:  recursive_doubling_zfp_online_coll
  ZFP rate:   16
  Epochs:     20
  Batch/rank: 16
  LR:         0.1
  Scheduler:  cosine
  Warmup:     0
  Grad clip:  None
  Drop last:  True
  Data dir:   ./data
================================================================================


================================================================================
DISTRIBUTED TRAINING LAUNCHER
================================================================================
  Model:      wide_resnet50_2 (CIFAR stem) (from scratch)
  Dataset:    cifar10 (10 classes)
  Image size: 32
  LR:         0.1
  Momentum:   0.9 (nesterov=True)
  Optimizer:  sgd
  Weight dec: 0.0005 (on BN/bias=False)
  Backend:    mpi
  Algorithm:  recursive_doubling_zfp_online_coll
  ZFP rate:   16
  Epochs:     20
  Batch/rank: 16
  LR:         0.1
  Scheduler:  cosine
  Warmup:     0
  Grad clip:  None
  Drop last:  True
  Data dir:   ./data
================================================================================


================================================================================
DISTRIBUTED TRAINING LAUNCHER
================================================================================
  Model:      wide_resnet50_2 (CIFAR stem) (from scratch)
  Dataset:    cifar10 (10 classes)
  Image size: 32
  LR:         0.1
  Momentum:   0.9 (nesterov=True)
  Optimizer:  sgd
  Weight dec: 0.0005 (on BN/bias=False)
  Backend:    mpi
  Algorithm:  recursive_doubling_zfp_online_coll
  ZFP rate:   16
  Epochs:     20
  Batch/rank: 16
  LR:         0.1
  Scheduler:  cosine
  Warmup:     0
  Grad clip:  None
  Drop last:  True

================================================================================
DISTRIBUTED TRAINING LAUNCHER
================================================================================
  Model:      wide_resnet50_2 (CIFAR stem) (from scratch)
  Dataset:    cifar10 (10 classes)
  Image size: 32
  LR:         0.1
  Momentum:   0.9 (nesterov=True)
  Optimizer:  sgd
  Weight dec: 0.0005 (on BN/bias=False)
  Backend:    mpi
  Algorithm:  recursive_doubling_zfp_online_coll
  ZFP rate:   16
  Epochs:     20
  Batch/rank: 16
  LR:         0.1
  Scheduler:  cosine
  Warmup:     0
  Grad clip:  None
  Drop last:  True
  Data dir:   ./data
================================================================================

  Data dir:   ./data
================================================================================


================================================================================
DISTRIBUTED TRAINING LAUNCHER
================================================================================
  Model:      wide_resnet50_2 (CIFAR stem) (from scratch)
  Dataset:    cifar10 (10 classes)
  Image size: 32
  LR:         0.1
  Momentum:   0.9 (nesterov=True)
  Optimizer:  sgd
  Weight dec: 0.0005 (on BN/bias=False)
  Backend:    mpi
  Algorithm:  recursive_doubling_zfp_online_coll
  ZFP rate:   16
  Epochs:     20
  Batch/rank: 16
  LR:         0.1
  Scheduler:  cosine
  Warmup:     0
  Grad clip:  None
  Drop last:  True
  Data dir:   ./data
================================================================================


================================================================================
DISTRIBUTED TRAINING LAUNCHER
================================================================================
  Model:      wide_resnet50_2 (CIFAR stem) (from scratch)
  Dataset:    cifar10 (10 classes)
  Image size: 32
  LR:         0.1
  Momentum:   0.9 (nesterov=True)
  Optimizer:  sgd
  Weight dec: 0.0005 (on BN/bias=False)
  Backend:    mpi
  Algorithm:  recursive_doubling_zfp_online_coll
  ZFP rate:   16
  Epochs:     20
  Batch/rank: 16
  LR:         0.1
  Scheduler:  cosine
  Warmup:     0
  Grad clip:  None
  Drop last:  True
  Data dir:   ./data
================================================================================


================================================================================
DISTRIBUTED TRAINING LAUNCHER
================================================================================
  Model:      wide_resnet50_2 (CIFAR stem) (from scratch)
  Dataset:    cifar10 (10 classes)
  Image size: 32
  LR:         0.1
  Momentum:   0.9 (nesterov=True)
  Optimizer:  sgd
  Weight dec: 0.0005 (on BN/bias=False)
  Backend:    mpi
  Algorithm:  recursive_doubling_zfp_online_coll
  ZFP rate:   16
  Epochs:     20
  Batch/rank: 16
  LR:         0.1
  Scheduler:  cosine
  Warmup:     0
  Grad clip:  None
  Drop last:  True
  Data dir:   ./data
================================================================================


================================================================================
DISTRIBUTED TRAINING LAUNCHER
================================================================================
  Model:      wide_resnet50_2 (CIFAR stem) (from scratch)
  Dataset:    cifar10 (10 classes)
  Image size: 32
  LR:         0.1
  Momentum:   0.9 (nesterov=True)
  Optimizer:  sgd
  Weight dec: 0.0005 (on BN/bias=False)
  Backend:    mpi
  Algorithm:  recursive_doubling_zfp_online_coll
  ZFP rate:   16
  Epochs:     20
  Batch/rank: 16
  LR:         0.1
  Scheduler:  cosine
  Warmup:     0
  Grad clip:  None
  Drop last:  True
  Data dir:   ./data
================================================================================


================================================================================
DISTRIBUTED TRAINING LAUNCHER
================================================================================
  Model:      wide_resnet50_2 (CIFAR stem) (from scratch)
  Dataset:    cifar10 (10 classes)
  Image size: 32
  LR:         0.1
  Momentum:   0.9 (nesterov=True)
  Optimizer:  sgd
  Weight dec: 0.0005 (on BN/bias=False)
  Backend:    mpi
  Algorithm:  recursive_doubling_zfp_online_coll
  ZFP rate:   16
  Epochs:     20
  Batch/rank: 16
  LR:         0.1
  Scheduler:  cosine
  Warmup:     0
  Grad clip:  None
  Drop last:  True
  Data dir:   ./data
================================================================================


================================================================================
DISTRIBUTED TRAINING LAUNCHER
================================================================================
  Model:      wide_resnet50_2 (CIFAR stem) (from scratch)
  Dataset:    cifar10 (10 classes)
  Image size: 32
  LR:         0.1
  Momentum:   0.9 (nesterov=True)
  Optimizer:  sgd
  Weight dec: 0.0005 (on BN/bias=False)
  Backend:    mpi
  Algorithm:  recursive_doubling_zfp_online_coll
  ZFP rate:   16
  Epochs:     20
  Batch/rank: 16
  LR:         0.1
  Scheduler:  cosine
  Warmup:     0
  Grad clip:  None
  Drop last:  True
  Data dir:   ./data
================================================================================


================================================================================
DISTRIBUTED TRAINING LAUNCHER
================================================================================
  Model:      wide_resnet50_2 (CIFAR stem) (from scratch)
  Dataset:    cifar10 (10 classes)
  Image size: 32
  LR:         0.1
  Momentum:   0.9 (nesterov=True)
  Optimizer:  sgd
  Weight dec: 0.0005 (on BN/bias=False)
  Backend:    mpi
  Algorithm:  recursive_doubling_zfp_online_coll
  ZFP rate:   16
  Epochs:     20
  Batch/rank: 16
  LR:         0.1
  Scheduler:  cosine
  Warmup:     0
  Grad clip:  None
  Drop last:  True
  Data dir:   ./data
================================================================================


================================================================================
Distributed Training: WIDE_RESNET50_2 on CIFAR10
Backend: MPI, Algorithm: recursive_doubling_zfp_online_coll
================================================================================
Ranks: 32, Epochs: 20, Batch/rank: 16, Effective batch: 512
LR: 0.1, Device: cuda:0

[Cache] Pretrained weights cache (TORCH_HOME) = /lustre/orion/gen243/proj-shared/matilderestelli/pretrained_weights_cache
[Setup] Model on cuda:0, wrapped in DDP (static_graph=True)
[Setup] Hook registered: mpi/recursive_doubling_zfp_online_coll
[Optim] SGD: lr=0.1 momentum=0.9 nesterov=True wd=0.0005 wd_on_bn_bias=False
[Optim]   group 0: 66,778,816 params, wd=0.0005
[Optim]   group 1: 68,234 params, wd=0.0
[Data] Train batches: 97, Val batches: 625

[Sched] cosine: steps/epoch=97, total_steps=1940, warmup_steps=0 (0 epochs)


[Epoch 1] Training... (lr at epoch start=0.100000)
  Batch [50/97] Loss: 6.4991, Acc: 10.62%, lr: 0.099836
[Epoch 1] Train Loss: 4.4706, Acc: 11.08%  |  Val Loss: 2.3064, Acc: 13.11%  |  Time: 21.3s
[Epoch 1] t_iter median: 114.18 ms  (fwd 14.50 | bwd+comm 94.77 | opt 5.20 | data 0.08)  |  train-only epoch: 13.5s
  -> Best model saved (13.11%)
[Epoch 1] Summarizing hook timing...

[HOOK_TIMING_SUMMARY] epoch=1
[HOOK_WORK_SUMMARY] label=mpi:recursive_doubling_zfp_online_coll:rate16 calls=769 work_total_ms=8100.339 work_mean_ms=10.534 work_min_ms=5.994 work_max_ms=159.248
[HOOK_TAIL_SUMMARY] label=mpi:recursive_doubling_zfp_online_coll:rate16 steps=98 tail_total_ms=7217.838 tail_mean_ms=73.651 tail_min_ms=16.388 tail_max_ms=169.376
[Epoch 1] Hook timing summary done

[Epoch 2] Training... (lr at epoch start=0.099384)
  Batch [50/97] Loss: 2.2838, Acc: 14.00%, lr: 0.098590
[Epoch 2] Train Loss: 2.2517, Acc: 14.76%  |  Val Loss: 2.2160, Acc: 16.31%  |  Time: 19.1s
[Epoch 2] t_iter median: 115.14 ms  (fwd 14.65 | bwd+comm 95.53 | opt 5.22 | data 0.07)  |  train-only epoch: 11.3s
  -> Best model saved (16.31%)
[Epoch 2] Summarizing hook timing...

[HOOK_TIMING_SUMMARY] epoch=2
[HOOK_WORK_SUMMARY] label=mpi:recursive_doubling_zfp_online_coll:rate16 calls=776 work_total_ms=8052.839 work_mean_ms=10.377 work_min_ms=6.000 work_max_ms=18.533
[HOOK_TAIL_SUMMARY] label=mpi:recursive_doubling_zfp_online_coll:rate16 steps=97 tail_total_ms=6983.212 tail_mean_ms=71.992 tail_min_ms=58.515 tail_max_ms=86.440
[Epoch 2] Hook timing summary done

[Epoch 3] Training... (lr at epoch start=0.097553)
  Batch [50/97] Loss: 2.1999, Acc: 17.88%, lr: 0.096147
[Epoch 3] Train Loss: 2.1620, Acc: 17.65%  |  Val Loss: 2.0864, Acc: 20.45%  |  Time: 19.4s
[Epoch 3] t_iter median: 118.80 ms  (fwd 15.57 | bwd+comm 98.06 | opt 5.25 | data 0.08)  |  train-only epoch: 11.6s
  -> Best model saved (20.45%)
[Epoch 3] Summarizing hook timing...

[HOOK_TIMING_SUMMARY] epoch=3
[HOOK_WORK_SUMMARY] label=mpi:recursive_doubling_zfp_online_coll:rate16 calls=776 work_total_ms=8315.378 work_mean_ms=10.716 work_min_ms=5.655 work_max_ms=22.229
[HOOK_TAIL_SUMMARY] label=mpi:recursive_doubling_zfp_online_coll:rate16 steps=97 tail_total_ms=7065.694 tail_mean_ms=72.842 tail_min_ms=58.275 tail_max_ms=87.148
[Epoch 3] Hook timing summary done

[Epoch 4] Training... (lr at epoch start=0.094550)
  Batch [50/97] Loss: 2.0790, Acc: 19.38%, lr: 0.092568
[Epoch 4] Train Loss: 2.0630, Acc: 20.62%  |  Val Loss: 2.0232, Acc: 22.68%  |  Time: 19.4s
[Epoch 4] t_iter median: 117.77 ms  (fwd 15.74 | bwd+comm 96.82 | opt 5.25 | data 0.08)  |  train-only epoch: 11.6s
  -> Best model saved (22.68%)
[Epoch 4] Summarizing hook timing...

[HOOK_TIMING_SUMMARY] epoch=4
[HOOK_WORK_SUMMARY] label=mpi:recursive_doubling_zfp_online_coll:rate16 calls=776 work_total_ms=8212.087 work_mean_ms=10.583 work_min_ms=5.606 work_max_ms=21.206
[HOOK_TAIL_SUMMARY] label=mpi:recursive_doubling_zfp_online_coll:rate16 steps=97 tail_total_ms=7199.798 tail_mean_ms=74.225 tail_min_ms=59.321 tail_max_ms=87.315
[Epoch 4] Hook timing summary done

[Epoch 5] Training... (lr at epoch start=0.090451)
  Batch [50/97] Loss: 2.0823, Acc: 18.88%, lr: 0.087941
[Epoch 5] Train Loss: 2.0485, Acc: 20.17%  |  Val Loss: 1.9580, Acc: 24.91%  |  Time: 19.5s
[Epoch 5] t_iter median: 118.41 ms  (fwd 15.87 | bwd+comm 97.13 | opt 5.25 | data 0.08)  |  train-only epoch: 11.6s
  -> Best model saved (24.91%)
[Epoch 5] Summarizing hook timing...

[HOOK_TIMING_SUMMARY] epoch=5
[HOOK_WORK_SUMMARY] label=mpi:recursive_doubling_zfp_online_coll:rate16 calls=776 work_total_ms=8282.033 work_mean_ms=10.673 work_min_ms=4.964 work_max_ms=32.555
[HOOK_TAIL_SUMMARY] label=mpi:recursive_doubling_zfp_online_coll:rate16 steps=97 tail_total_ms=7148.465 tail_mean_ms=73.696 tail_min_ms=58.329 tail_max_ms=104.963
[Epoch 5] Hook timing summary done

[Epoch 6] Training... (lr at epoch start=0.085355)
  Batch [50/97] Loss: 1.9510, Acc: 25.00%, lr: 0.082380
[Epoch 6] Train Loss: 1.9401, Acc: 25.32%  |  Val Loss: 1.9581, Acc: 29.48%  |  Time: 19.7s
[Epoch 6] t_iter median: 119.45 ms  (fwd 15.79 | bwd+comm 98.45 | opt 5.25 | data 0.08)  |  train-only epoch: 11.7s
  -> Best model saved (29.48%)
[Epoch 6] Summarizing hook timing...

[HOOK_TIMING_SUMMARY] epoch=6
[HOOK_WORK_SUMMARY] label=mpi:recursive_doubling_zfp_online_coll:rate16 calls=776 work_total_ms=8399.814 work_mean_ms=10.825 work_min_ms=5.460 work_max_ms=23.510
[HOOK_TAIL_SUMMARY] label=mpi:recursive_doubling_zfp_online_coll:rate16 steps=97 tail_total_ms=7291.676 tail_mean_ms=75.172 tail_min_ms=61.485 tail_max_ms=88.952
[Epoch 6] Hook timing summary done

[Epoch 7] Training... (lr at epoch start=0.079389)
  Batch [50/97] Loss: 1.8744, Acc: 28.88%, lr: 0.076021
[Epoch 7] Train Loss: 1.8462, Acc: 29.51%  |  Val Loss: 1.8136, Acc: 33.40%  |  Time: 19.6s
[Epoch 7] t_iter median: 118.53 ms  (fwd 15.88 | bwd+comm 97.75 | opt 5.25 | data 0.08)  |  train-only epoch: 11.7s
  -> Best model saved (33.40%)
[Epoch 7] Summarizing hook timing...

[HOOK_TIMING_SUMMARY] epoch=7
[HOOK_WORK_SUMMARY] label=mpi:recursive_doubling_zfp_online_coll:rate16 calls=776 work_total_ms=8326.951 work_mean_ms=10.731 work_min_ms=5.635 work_max_ms=22.516
[HOOK_TAIL_SUMMARY] label=mpi:recursive_doubling_zfp_online_coll:rate16 steps=97 tail_total_ms=7217.328 tail_mean_ms=74.405 tail_min_ms=60.745 tail_max_ms=89.272
[Epoch 7] Hook timing summary done

[Epoch 8] Training... (lr at epoch start=0.072700)
  Batch [50/97] Loss: 1.8279, Acc: 33.88%, lr: 0.069022
[Epoch 8] Train Loss: 1.7993, Acc: 33.83%  |  Val Loss: 1.6882, Acc: 36.87%  |  Time: 19.6s
[Epoch 8] t_iter median: 119.10 ms  (fwd 15.88 | bwd+comm 98.10 | opt 5.26 | data 0.08)  |  train-only epoch: 11.7s
  -> Best model saved (36.87%)
[Epoch 8] Summarizing hook timing...

[HOOK_TIMING_SUMMARY] epoch=8
[HOOK_WORK_SUMMARY] label=mpi:recursive_doubling_zfp_online_coll:rate16 calls=776 work_total_ms=8324.388 work_mean_ms=10.727 work_min_ms=5.532 work_max_ms=22.128
[HOOK_TAIL_SUMMARY] label=mpi:recursive_doubling_zfp_online_coll:rate16 steps=97 tail_total_ms=7254.704 tail_mean_ms=74.791 tail_min_ms=58.998 tail_max_ms=88.765
[Epoch 8] Hook timing summary done

[Epoch 9] Training... (lr at epoch start=0.065451)
  Batch [50/97] Loss: 1.7995, Acc: 33.12%, lr: 0.061554
[Epoch 9] Train Loss: 1.7845, Acc: 33.96%  |  Val Loss: 1.6473, Acc: 38.74%  |  Time: 19.6s
[Epoch 9] t_iter median: 118.86 ms  (fwd 16.16 | bwd+comm 97.50 | opt 5.26 | data 0.08)  |  train-only epoch: 11.7s
  -> Best model saved (38.74%)
[Epoch 9] Summarizing hook timing...

[HOOK_TIMING_SUMMARY] epoch=9
[HOOK_WORK_SUMMARY] label=mpi:recursive_doubling_zfp_online_coll:rate16 calls=776 work_total_ms=8278.639 work_mean_ms=10.668 work_min_ms=5.082 work_max_ms=23.317
[HOOK_TAIL_SUMMARY] label=mpi:recursive_doubling_zfp_online_coll:rate16 steps=97 tail_total_ms=7132.461 tail_mean_ms=73.531 tail_min_ms=59.145 tail_max_ms=88.952
[Epoch 9] Hook timing summary done

[Epoch 10] Training... (lr at epoch start=0.057822)
  Batch [50/97] Loss: 1.7296, Acc: 35.75%, lr: 0.053802
[Epoch 10] Train Loss: 1.7233, Acc: 36.02%  |  Val Loss: 1.6592, Acc: 41.21%  |  Time: 19.8s
[Epoch 10] t_iter median: 118.96 ms  (fwd 16.23 | bwd+comm 97.61 | opt 5.26 | data 0.08)  |  train-only epoch: 11.7s
  -> Best model saved (41.21%)
[Epoch 10] Summarizing hook timing...

[HOOK_TIMING_SUMMARY] epoch=10
[HOOK_WORK_SUMMARY] label=mpi:recursive_doubling_zfp_online_coll:rate16 calls=776 work_total_ms=8423.601 work_mean_ms=10.855 work_min_ms=5.059 work_max_ms=41.327
[HOOK_TAIL_SUMMARY] label=mpi:recursive_doubling_zfp_online_coll:rate16 steps=97 tail_total_ms=7140.575 tail_mean_ms=73.614 tail_min_ms=58.619 tail_max_ms=122.008
[Epoch 10] Hook timing summary done

[Epoch 11] Training... (lr at epoch start=0.050000)
  Batch [50/97] Loss: 1.7406, Acc: 35.62%, lr: 0.045956
[Epoch 11] Train Loss: 1.6915, Acc: 38.53%  |  Val Loss: 1.5728, Acc: 42.19%  |  Time: 19.8s
[Epoch 11] t_iter median: 118.80 ms  (fwd 16.24 | bwd+comm 97.40 | opt 5.24 | data 0.08)  |  train-only epoch: 11.7s
  -> Best model saved (42.19%)
[Epoch 11] Summarizing hook timing...

[HOOK_TIMING_SUMMARY] epoch=11
[HOOK_WORK_SUMMARY] label=mpi:recursive_doubling_zfp_online_coll:rate16 calls=776 work_total_ms=8298.413 work_mean_ms=10.694 work_min_ms=5.131 work_max_ms=23.813
[HOOK_TAIL_SUMMARY] label=mpi:recursive_doubling_zfp_online_coll:rate16 steps=97 tail_total_ms=7127.702 tail_mean_ms=73.481 tail_min_ms=58.742 tail_max_ms=88.061
[Epoch 11] Hook timing summary done

[Epoch 12] Training... (lr at epoch start=0.042178)
  Batch [50/97] Loss: 1.6284, Acc: 40.50%, lr: 0.038210
[Epoch 12] Train Loss: 1.6052, Acc: 40.46%  |  Val Loss: 1.5322, Acc: 44.64%  |  Time: 19.8s
[Epoch 12] t_iter median: 119.09 ms  (fwd 15.99 | bwd+comm 97.46 | opt 5.25 | data 0.08)  |  train-only epoch: 11.7s
  -> Best model saved (44.64%)
[Epoch 12] Summarizing hook timing...

[HOOK_TIMING_SUMMARY] epoch=12
[HOOK_WORK_SUMMARY] label=mpi:recursive_doubling_zfp_online_coll:rate16 calls=776 work_total_ms=8281.197 work_mean_ms=10.672 work_min_ms=5.701 work_max_ms=22.283
[HOOK_TAIL_SUMMARY] label=mpi:recursive_doubling_zfp_online_coll:rate16 steps=97 tail_total_ms=7227.492 tail_mean_ms=74.510 tail_min_ms=59.011 tail_max_ms=88.296
[Epoch 12] Hook timing summary done

[Epoch 13] Training... (lr at epoch start=0.034549)
  Batch [50/97] Loss: 1.5938, Acc: 40.12%, lr: 0.030754
[Epoch 13] Train Loss: 1.6103, Acc: 40.91%  |  Val Loss: 1.4763, Acc: 46.91%  |  Time: 19.8s
[Epoch 13] t_iter median: 119.06 ms  (fwd 16.21 | bwd+comm 97.39 | opt 5.25 | data 0.08)  |  train-only epoch: 11.7s
  -> Best model saved (46.91%)
[Epoch 13] Summarizing hook timing...

[HOOK_TIMING_SUMMARY] epoch=13
[HOOK_WORK_SUMMARY] label=mpi:recursive_doubling_zfp_online_coll:rate16 calls=776 work_total_ms=8298.226 work_mean_ms=10.694 work_min_ms=5.541 work_max_ms=23.696
[HOOK_TAIL_SUMMARY] label=mpi:recursive_doubling_zfp_online_coll:rate16 steps=97 tail_total_ms=7064.908 tail_mean_ms=72.834 tail_min_ms=58.478 tail_max_ms=88.265
[Epoch 13] Hook timing summary done

[Epoch 14] Training... (lr at epoch start=0.027300)
  Batch [50/97] Loss: 1.5194, Acc: 43.88%, lr: 0.023772
[Epoch 14] Train Loss: 1.5054, Acc: 44.46%  |  Val Loss: 1.4714, Acc: 47.90%  |  Time: 19.9s
[Epoch 14] t_iter median: 119.35 ms  (fwd 16.18 | bwd+comm 98.09 | opt 5.25 | data 0.09)  |  train-only epoch: 11.7s
  -> Best model saved (47.90%)
[Epoch 14] Summarizing hook timing...

[HOOK_TIMING_SUMMARY] epoch=14
[HOOK_WORK_SUMMARY] label=mpi:recursive_doubling_zfp_online_coll:rate16 calls=776 work_total_ms=8362.946 work_mean_ms=10.777 work_min_ms=5.599 work_max_ms=22.956
[HOOK_TAIL_SUMMARY] label=mpi:recursive_doubling_zfp_online_coll:rate16 steps=97 tail_total_ms=7156.738 tail_mean_ms=73.781 tail_min_ms=60.898 tail_max_ms=87.329
[Epoch 14] Hook timing summary done

[Epoch 15] Training... (lr at epoch start=0.020611)
  Batch [50/97] Loss: 1.5192, Acc: 44.25%, lr: 0.017435
[Epoch 15] Train Loss: 1.4624, Acc: 47.29%  |  Val Loss: 1.4560, Acc: 49.40%  |  Time: 19.9s
[Epoch 15] t_iter median: 119.08 ms  (fwd 16.46 | bwd+comm 97.81 | opt 5.24 | data 0.08)  |  train-only epoch: 11.7s
  -> Best model saved (49.40%)
[Epoch 15] Summarizing hook timing...

[HOOK_TIMING_SUMMARY] epoch=15
[HOOK_WORK_SUMMARY] label=mpi:recursive_doubling_zfp_online_coll:rate16 calls=776 work_total_ms=8366.516 work_mean_ms=10.782 work_min_ms=5.660 work_max_ms=23.877
[HOOK_TAIL_SUMMARY] label=mpi:recursive_doubling_zfp_online_coll:rate16 steps=97 tail_total_ms=7185.825 tail_mean_ms=74.081 tail_min_ms=60.923 tail_max_ms=87.295
[Epoch 15] Hook timing summary done

[Epoch 16] Training... (lr at epoch start=0.014645)
  Batch [50/97] Loss: 1.4574, Acc: 48.62%, lr: 0.011901
[Epoch 16] Train Loss: 1.4595, Acc: 48.20%  |  Val Loss: 1.4097, Acc: 49.77%  |  Time: 20.0s
[Epoch 16] t_iter median: 119.75 ms  (fwd 16.36 | bwd+comm 98.33 | opt 5.26 | data 0.08)  |  train-only epoch: 11.7s
  -> Best model saved (49.77%)
[Epoch 16] Summarizing hook timing...

[HOOK_TIMING_SUMMARY] epoch=16
[HOOK_WORK_SUMMARY] label=mpi:recursive_doubling_zfp_online_coll:rate16 calls=776 work_total_ms=8339.379 work_mean_ms=10.747 work_min_ms=5.215 work_max_ms=22.601
[HOOK_TAIL_SUMMARY] label=mpi:recursive_doubling_zfp_online_coll:rate16 steps=97 tail_total_ms=7212.688 tail_mean_ms=74.358 tail_min_ms=60.459 tail_max_ms=87.582
[Epoch 16] Hook timing summary done

[Epoch 17] Training... (lr at epoch start=0.009549)
  Batch [50/97] Loss: 1.4240, Acc: 47.75%, lr: 0.007305
[Epoch 17] Train Loss: 1.3884, Acc: 49.81%  |  Val Loss: 1.4057, Acc: 51.48%  |  Time: 19.9s
[Epoch 17] t_iter median: 118.90 ms  (fwd 16.03 | bwd+comm 97.80 | opt 5.25 | data 0.08)  |  train-only epoch: 11.7s
  -> Best model saved (51.48%)
[Epoch 17] Summarizing hook timing...

[HOOK_TIMING_SUMMARY] epoch=17
[HOOK_WORK_SUMMARY] label=mpi:recursive_doubling_zfp_online_coll:rate16 calls=776 work_total_ms=8340.595 work_mean_ms=10.748 work_min_ms=5.715 work_max_ms=22.962
[HOOK_TAIL_SUMMARY] label=mpi:recursive_doubling_zfp_online_coll:rate16 steps=97 tail_total_ms=7214.718 tail_mean_ms=74.379 tail_min_ms=58.922 tail_max_ms=88.169
[Epoch 17] Hook timing summary done

[Epoch 18] Training... (lr at epoch start=0.005450)
  Batch [50/97] Loss: 1.3781, Acc: 50.75%, lr: 0.003760
[Epoch 18] Train Loss: 1.3906, Acc: 50.06%  |  Val Loss: 1.3431, Acc: 53.07%  |  Time: 20.0s
[Epoch 18] t_iter median: 119.58 ms  (fwd 16.20 | bwd+comm 98.13 | opt 5.26 | data 0.08)  |  train-only epoch: 11.7s
  -> Best model saved (53.07%)
[Epoch 18] Summarizing hook timing...

[HOOK_TIMING_SUMMARY] epoch=18
[HOOK_WORK_SUMMARY] label=mpi:recursive_doubling_zfp_online_coll:rate16 calls=776 work_total_ms=8348.817 work_mean_ms=10.759 work_min_ms=5.692 work_max_ms=22.077
[HOOK_TAIL_SUMMARY] label=mpi:recursive_doubling_zfp_online_coll:rate16 steps=97 tail_total_ms=7159.135 tail_mean_ms=73.806 tail_min_ms=51.605 tail_max_ms=88.593
[Epoch 18] Hook timing summary done

[Epoch 19] Training... (lr at epoch start=0.002447)
  Batch [50/97] Loss: 1.3951, Acc: 49.12%, lr: 0.001353
[Epoch 19] Train Loss: 1.4053, Acc: 49.68%  |  Val Loss: 1.3683, Acc: 53.19%  |  Time: 20.1s
[Epoch 19] t_iter median: 119.40 ms  (fwd 16.36 | bwd+comm 97.92 | opt 5.24 | data 0.08)  |  train-only epoch: 11.7s
  -> Best model saved (53.19%)
[Epoch 19] Summarizing hook timing...

[HOOK_TIMING_SUMMARY] epoch=19
[HOOK_WORK_SUMMARY] label=mpi:recursive_doubling_zfp_online_coll:rate16 calls=776 work_total_ms=8365.806 work_mean_ms=10.781 work_min_ms=5.254 work_max_ms=34.890
[HOOK_TAIL_SUMMARY] label=mpi:recursive_doubling_zfp_online_coll:rate16 steps=97 tail_total_ms=7143.529 tail_mean_ms=73.645 tail_min_ms=59.163 tail_max_ms=102.240
[Epoch 19] Hook timing summary done

[Epoch 20] Training... (lr at epoch start=0.000616)
  Batch [50/97] Loss: 1.3222, Acc: 54.25%, lr: 0.000145
[Epoch 20] Train Loss: 1.3098, Acc: 53.80%  |  Val Loss: 1.3830, Acc: 53.13%  |  Time: 20.0s
[Epoch 20] t_iter median: 119.80 ms  (fwd 16.45 | bwd+comm 98.07 | opt 5.25 | data 0.08)  |  train-only epoch: 11.7s
[Epoch 20] Summarizing hook timing...

[HOOK_TIMING_SUMMARY] epoch=20
[HOOK_WORK_SUMMARY] label=mpi:recursive_doubling_zfp_online_coll:rate16 calls=776 work_total_ms=8377.555 work_mean_ms=10.796 work_min_ms=5.543 work_max_ms=24.917
[HOOK_TAIL_SUMMARY] label=mpi:recursive_doubling_zfp_online_coll:rate16 steps=97 tail_total_ms=7139.496 tail_mean_ms=73.603 tail_min_ms=64.336 tail_max_ms=86.808
[Epoch 20] Hook timing summary done

================================================================================
Done in 421.9s | Best val acc: 53.19%
Epoch times (train+val): mean=19.8s  min=19.1s  max=21.3s
Train-only epoch time (epochs 2..N): median=11.67s  min=11.31s  max=11.75s
  -> use this for STRONG scaling (fixed global batch)
  -> use t_iter_median_ms from the CSV for WEAK scaling (fixed local batch)
================================================================================
=== Finished training: model=wide_resnet50_2, dataset=cifar10, batch=16, lr=0.1, scheduler=cosine, backend=mpi, hook=recursive_doubling_zfp_online_coll, zfp_rate=16, status=0 at Mon Jul 20 10:19:09 AM EDT 2026 ===
=== Starting: model=wide_resnet50_2, ws=32, bs=16, gb=512, lr=0.1, sched=cosine, warmup=0, mom=0.9, wd=5e-4, nesterov=true, wd_bn_bias=false, backend=mpi, hook=recursive_doubling_zfp_online_coll, zfp=8 at Mon Jul 20 10:19:09 AM EDT 2026 ===
MIOPEN_USER_DB_PATH=/mnt/bb/matilderestelli/miopen_cache_5035615/miopen_db
MIOPEN_CUSTOM_CACHE_DIR=/mnt/bb/matilderestelli/miopen_cache_5035615/kernel_cache
drwxr-sr-x 2 matilderestelli gen243 103 Jul 14 05:38 /mnt/bb/matilderestelli/miopen_cache_5035615/miopen_db
==== GPU visibility debug (batch shell) ====
frontier10349
ROCR_VISIBLE_DEVICES=0,1,2,3,4,5,6,7
SLURM_JOB_GPUS=0,1,2,3,4,5,6,7
[37mROCk module version 6.16.13 is loaded[0m
=====================    
HSA System Attributes    
=====================    
Runtime Version:         1.18
Runtime Ext Version:     1.14
System Timestamp Freq.:  1000.000000MHz
Sig. Max Wait Duration:  18446744073709551615 (0xFFFFFFFFFFFFFFFF) (timestamp count)
Machine Model:           LARGE                              
System Endianness:       LITTLE                             
Mwaitx:                  DISABLED
XNACK enabled:           NO
DMAbuf Support:          YES
VMM Support:             YES

==========               
HSA Agents               
==========               
*******                  
Agent 1                  
*******                  
  Name:                    AMD EPYC 7A53 64-Core Processor    
  Uuid:                    CPU-XX                             
  Marketing Name:          AMD EPYC 7A53 64-Core Processor    
  Vendor Name:             CPU                                
  Feature:                 None specified                     
  Profile:                 FULL_PROFILE                       
  Float Round Mode:        NEAR                               
  Max Queue Number:        0(0x0)                             
  Queue Min Size:          0(0x0)                             

================================================================================
DISTRIBUTED TRAINING LAUNCHER
================================================================================
  Model:      wide_resnet50_2 (CIFAR stem) (from scratch)
  Dataset:    cifar10 (10 classes)
  Image size: 32
  LR:         0.1
  Momentum:   0.9 (nesterov=True)
  Optimizer:  sgd
  Weight dec: 0.0005 (on BN/bias=False)
  Backend:    mpi
  Algorithm:  recursive_doubling_zfp_online_coll
  ZFP rate:   8
  Epochs:     20
  Batch/rank: 16
  LR:         0.1
  Scheduler:  cosine
  Warmup:     0
  Grad clip:  None
  Drop last:  True
  Data dir:   ./data
================================================================================


================================================================================
DISTRIBUTED TRAINING LAUNCHER
================================================================================
  Model:      wide_resnet50_2 (CIFAR stem) (from scratch)
  Dataset:    cifar10 (10 classes)
  Image size: 32
  LR:         0.1
  Momentum:   0.9 (nesterov=True)
  Optimizer:  sgd
  Weight dec: 0.0005 (on BN/bias=False)
  Backend:    mpi
  Algorithm:  recursive_doubling_zfp_online_coll
  ZFP rate:   8
  Epochs:     20
  Batch/rank: 16
  LR:         0.1
  Scheduler:  cosine
  Warmup:     0
  Grad clip:  None
  Drop last:  True
  Data dir:   ./data
================================================================================


================================================================================
DISTRIBUTED TRAINING LAUNCHER
================================================================================
  Model:      wide_resnet50_2 (CIFAR stem) (from scratch)
  Dataset:    cifar10 (10 classes)
  Image size: 32
  LR:         0.1
  Momentum:   0.9 (nesterov=True)
  Optimizer:  sgd
  Weight dec: 0.0005 (on BN/bias=False)
  Backend:    mpi
  Algorithm:  recursive_doubling_zfp_online_coll
  ZFP rate:   8
  Epochs:     20
  Batch/rank: 16
  LR:         0.1
  Scheduler:  cosine
  Warmup:     0
  Grad clip:  None
  Drop last:  True
  Data dir:   ./data
================================================================================


================================================================================
DISTRIBUTED TRAINING LAUNCHER
================================================================================
  Model:      wide_resnet50_2 (CIFAR stem) (from scratch)
  Dataset:    cifar10 (10 classes)
  Image size: 32
  LR:         0.1
  Momentum:   0.9 (nesterov=True)
  Optimizer:  sgd
  Weight dec: 0.0005 (on BN/bias=False)
  Backend:    mpi
  Algorithm:  recursive_doubling_zfp_online_coll
  ZFP rate:   8
  Epochs:     20
  Batch/rank: 16
  LR:         0.1
  Scheduler:  cosine
  Warmup:     0
  Grad clip:  None
  Drop last:  True
  Data dir:   ./data
================================================================================


================================================================================
DISTRIBUTED TRAINING LAUNCHER
================================================================================
  Model:      wide_resnet50_2 (CIFAR stem) (from scratch)
  Dataset:    cifar10 (10 classes)
  Image size: 32
  LR:         0.1
  Momentum:   0.9 (nesterov=True)
  Optimizer:  sgd
  Weight dec: 0.0005 (on BN/bias=False)
  Backend:    mpi
  Algorithm:  recursive_doubling_zfp_online_coll
  ZFP rate:   8
  Epochs:     20
  Batch/rank: 16
  LR:         0.1
  Scheduler:  cosine
  Warmup:     0
  Grad clip:  None
  Drop last:  True
  Data dir:   ./data
================================================================================


================================================================================
DISTRIBUTED TRAINING LAUNCHER
================================================================================
  Model:      wide_resnet50_2 (CIFAR stem) (from scratch)
  Dataset:    cifar10 (10 classes)
  Image size: 32
  LR:         0.1
  Momentum:   0.9 (nesterov=True)
  Optimizer:  sgd
  Weight dec: 0.0005 (on BN/bias=False)
  Backend:    mpi
  Algorithm:  recursive_doubling_zfp_online_coll
  ZFP rate:   8
  Epochs:     20
  Batch/rank: 16
  LR:         0.1
  Scheduler:  cosine
  Warmup:     0
  Grad clip:  None
  Drop last:  True
  Data dir:   ./data
================================================================================


================================================================================
DISTRIBUTED TRAINING LAUNCHER
================================================================================
  Model:      wide_resnet50_2 (CIFAR stem) (from scratch)
  Dataset:    cifar10 (10 classes)
  Image size: 32
  LR:         0.1
  Momentum:   0.9 (nesterov=True)
  Optimizer:  sgd
  Weight dec: 0.0005 (on BN/bias=False)
  Backend:    mpi
  Algorithm:  recursive_doubling_zfp_online_coll
  ZFP rate:   8
  Epochs:     20
  Batch/rank: 16
  LR:         0.1
  Scheduler:  cosine
  Warmup:     0
  Grad clip:  None
  Drop last:  True
  Data dir:   ./data
================================================================================


================================================================================
DISTRIBUTED TRAINING LAUNCHER
================================================================================
  Model:      wide_resnet50_2 (CIFAR stem) (from scratch)
  Dataset:    cifar10 (10 classes)
  Image size: 32
  LR:         0.1
  Momentum:   0.9 (nesterov=True)
  Optimizer:  sgd
  Weight dec: 0.0005 (on BN/bias=False)
  Backend:    mpi
  Algorithm:  recursive_doubling_zfp_online_coll
  ZFP rate:   8
  Epochs:     20
  Batch/rank: 16
  LR:         0.1
  Scheduler:  cosine
  Warmup:     0
  Grad clip:  None
  Drop last:  True
  Data dir:   ./data
================================================================================


================================================================================
DISTRIBUTED TRAINING LAUNCHER
================================================================================
  Model:      wide_resnet50_2 (CIFAR stem) (from scratch)
  Dataset:    cifar10 (10 classes)
  Image size: 32
  LR:         0.1
  Momentum:   0.9 (nesterov=True)
  Optimizer:  sgd
  Weight dec: 0.0005 (on BN/bias=False)
  Backend:    mpi
  Algorithm:  recursive_doubling_zfp_online_coll
  ZFP rate:   8
  Epochs:     20
  Batch/rank: 16
  LR:         0.1
  Scheduler:  cosine
  Warmup:     0
  Grad clip:  None
  Drop last:  True
  Data dir:   ./data
================================================================================


================================================================================
DISTRIBUTED TRAINING LAUNCHER
================================================================================
  Model:      wide_resnet50_2 (CIFAR stem) (from scratch)
  Dataset:    cifar10 (10 classes)
  Image size: 32
  LR:         0.1
  Momentum:   0.9 (nesterov=True)
  Optimizer:  sgd
  Weight dec: 0.0005 (on BN/bias=False)
  Backend:    mpi
  Algorithm:  recursive_doubling_zfp_online_coll
  ZFP rate:   8
  Epochs:     20
  Batch/rank: 16
  LR:         0.1
  Scheduler:  cosine
  Warmup:     0
  Grad clip:  None
  Drop last:  True
  Data dir:   ./data
================================================================================


================================================================================
DISTRIBUTED TRAINING LAUNCHER
================================================================================
  Model:      wide_resnet50_2 (CIFAR stem) (from scratch)
  Dataset:    cifar10 (10 classes)
  Image size: 32
  LR:         0.1
  Momentum:   0.9 (nesterov=True)
  Optimizer:  sgd
  Weight dec: 0.0005 (on BN/bias=False)
  Backend:    mpi
  Algorithm:  recursive_doubling_zfp_online_coll
  ZFP rate:   8
  Epochs:     20
  Batch/rank: 16
  LR:         0.1
  Scheduler:  cosine
  Warmup:     0
  Grad clip:  None
  Drop last:  True
  Data dir:   ./data
================================================================================


================================================================================
DISTRIBUTED TRAINING LAUNCHER
================================================================================
  Model:      wide_resnet50_2 (CIFAR stem) (from scratch)
  Dataset:    cifar10 (10 classes)
  Image size: 32
  LR:         0.1
  Momentum:   0.9 (nesterov=True)
  Optimizer:  sgd
  Weight dec: 0.0005 (on BN/bias=False)
  Backend:    mpi
  Algorithm:  recursive_doubling_zfp_online_coll
  ZFP rate:   8
  Epochs:     20
  Batch/rank: 16
  LR:         0.1
  Scheduler:  cosine
  Warmup:     0
  Grad clip:  None
  Drop last:  True
  Data dir:   ./data
================================================================================


================================================================================
DISTRIBUTED TRAINING LAUNCHER
================================================================================
  Model:      wide_resnet50_2 (CIFAR stem) (from scratch)
  Dataset:    cifar10 (10 classes)
  Image size: 32
  LR:         0.1
  Momentum:   0.9 (nesterov=True)
  Optimizer:  sgd
  Weight dec: 0.0005 (on BN/bias=False)
  Backend:    mpi
  Algorithm:  recursive_doubling_zfp_online_coll
  ZFP rate:   8
  Epochs:     20
  Batch/rank: 16
  LR:         0.1
  Scheduler:  cosine
  Warmup:     0
  Grad clip:  None
  Drop last:  True
  Data dir:   ./data
================================================================================


================================================================================
DISTRIBUTED TRAINING LAUNCHER
================================================================================
  Model:      wide_resnet50_2 (CIFAR stem) (from scratch)
  Dataset:    cifar10 (10 classes)
  Image size: 32
  LR:         0.1
  Momentum:   0.9 (nesterov=True)
  Optimizer:  sgd
  Weight dec: 0.0005 (on BN/bias=False)
  Backend:    mpi
  Algorithm:  recursive_doubling_zfp_online_coll
  ZFP rate:   8
  Epochs:     20
  Batch/rank: 16
  LR:         0.1
  Scheduler:  cosine
  Warmup:     0
  Grad clip:  None
  Drop last:  True
  Data dir:   ./data
================================================================================


================================================================================
DISTRIBUTED TRAINING LAUNCHER
================================================================================
  Model:      wide_resnet50_2 (CIFAR stem) (from scratch)
  Dataset:    cifar10 (10 classes)
  Image size: 32
  LR:         0.1
  Momentum:   0.9 (nesterov=True)
  Optimizer:  sgd
  Weight dec: 0.0005 (on BN/bias=False)
  Backend:    mpi
  Algorithm:  recursive_doubling_zfp_online_coll
  ZFP rate:   8
  Epochs:     20
  Batch/rank: 16
  LR:         0.1
  Scheduler:  cosine
  Warmup:     0
  Grad clip:  None
  Drop last:  True
  Data dir:   ./data
================================================================================


================================================================================
DISTRIBUTED TRAINING LAUNCHER
================================================================================
  Model:      wide_resnet50_2 (CIFAR stem) (from scratch)
  Dataset:    cifar10 (10 classes)
  Image size: 32
  LR:         0.1
  Momentum:   0.9 (nesterov=True)
  Optimizer:  sgd
  Weight dec: 0.0005 (on BN/bias=False)
  Backend:    mpi
  Algorithm:  recursive_doubling_zfp_online_coll
  ZFP rate:   8
  Epochs:     20
  Batch/rank: 16
  LR:         0.1
  Scheduler:  cosine
  Warmup:     0
  Grad clip:  None
  Drop last:  True
  Data dir:   ./data
================================================================================


================================================================================
DISTRIBUTED TRAINING LAUNCHER
================================================================================
  Model:      wide_resnet50_2 (CIFAR stem) (from scratch)
  Dataset:    cifar10 (10 classes)
  Image size: 32
  LR:         0.1
  Momentum:   0.9 (nesterov=True)
  Optimizer:  sgd
  Weight dec: 0.0005 (on BN/bias=False)
  Backend:    mpi
  Algorithm:  recursive_doubling_zfp_online_coll
  ZFP rate:   8
  Epochs:     20
  Batch/rank: 16
  LR:         0.1
  Scheduler:  cosine
  Warmup:     0
  Grad clip:  None
  Drop last:  True
  Data dir:   ./data
================================================================================


================================================================================
DISTRIBUTED TRAINING LAUNCHER
================================================================================
  Model:      wide_resnet50_2 (CIFAR stem) (from scratch)
  Dataset:    cifar10 (10 classes)
  Image size: 32
  LR:         0.1
  Momentum:   0.9 (nesterov=True)
  Optimizer:  sgd
  Weight dec: 0.0005 (on BN/bias=False)
  Backend:    mpi
  Algorithm:  recursive_doubling_zfp_online_coll
  ZFP rate:   8
  Epochs:     20
  Batch/rank: 16
  LR:         0.1
  Scheduler:  cosine
  Warmup:     0
  Grad clip:  None
  Drop last:  True
  Data dir:   ./data
================================================================================


================================================================================
DISTRIBUTED TRAINING LAUNCHER
================================================================================
  Model:      wide_resnet50_2 (CIFAR stem) (from scratch)
  Dataset:    cifar10 (10 classes)
  Image size: 32
  LR:         0.1
  Momentum:   0.9 (nesterov=True)
  Optimizer:  sgd
  Weight dec: 0.0005 (on BN/bias=False)
  Backend:    mpi
  Algorithm:  recursive_doubling_zfp_online_coll
  ZFP rate:   8
  Epochs:     20
  Batch/rank: 16
  LR:         0.1
  Scheduler:  cosine
  Warmup:     0
  Grad clip:  None
  Drop last:  True
  Data dir:   ./data
================================================================================


================================================================================
DISTRIBUTED TRAINING LAUNCHER
================================================================================
  Model:      wide_resnet50_2 (CIFAR stem) (from scratch)
  Dataset:    cifar10 (10 classes)
  Image size: 32
  LR:         0.1
  Momentum:   0.9 (nesterov=True)
  Optimizer:  sgd
  Weight dec: 0.0005 (on BN/bias=False)
  Backend:    mpi
  Algorithm:  recursive_doubling_zfp_online_coll
  ZFP rate:   8
  Epochs:     20
  Batch/rank: 16
  LR:         0.1
  Scheduler:  cosine
  Warmup:     0
  Grad clip:  None
  Drop last:  True
  Data dir:   ./data
================================================================================


================================================================================
DISTRIBUTED TRAINING LAUNCHER
================================================================================
  Model:      wide_resnet50_2 (CIFAR stem) (from scratch)
  Dataset:    cifar10 (10 classes)
  Image size: 32
  LR:         0.1
  Momentum:   0.9 (nesterov=True)
  Optimizer:  sgd
  Weight dec: 0.0005 (on BN/bias=False)
  Backend:    mpi
  Algorithm:  recursive_doubling_zfp_online_coll
  ZFP rate:   8
  Epochs:     20
  Batch/rank: 16
  LR:         0.1
  Scheduler:  cosine
  Warmup:     0
  Grad clip:  None
  Drop last:  True
  Data dir:   ./data
================================================================================


================================================================================
DISTRIBUTED TRAINING LAUNCHER
================================================================================
  Model:      wide_resnet50_2 (CIFAR stem) (from scratch)
  Dataset:    cifar10 (10 classes)
  Image size: 32
  LR:         0.1
  Momentum:   0.9 (nesterov=True)
  Optimizer:  sgd
  Weight dec: 0.0005 (on BN/bias=False)
  Backend:    mpi
  Algorithm:  recursive_doubling_zfp_online_coll
  ZFP rate:   8
  Epochs:     20
  Batch/rank: 16
  LR:         0.1
  Scheduler:  cosine
  Warmup:     0
  Grad clip:  None
  Drop last:  True
  Data dir:   ./data
================================================================================


================================================================================
DISTRIBUTED TRAINING LAUNCHER
================================================================================
  Model:      wide_resnet50_2 (CIFAR stem) (from scratch)
  Dataset:    cifar10 (10 classes)
  Image size: 32
  LR:         0.1
  Momentum:   0.9 (nesterov=True)
  Optimizer:  sgd
  Weight dec: 0.0005 (on BN/bias=False)
  Backend:    mpi
  Algorithm:  recursive_doubling_zfp_online_coll
  ZFP rate:   8
  Epochs:     20
  Batch/rank: 16
  LR:         0.1
  Scheduler:  cosine
  Warmup:     0
  Grad clip:  None
  Drop last:  True
  Data dir:   ./data
================================================================================


================================================================================
DISTRIBUTED TRAINING LAUNCHER
================================================================================
  Model:      wide_resnet50_2 (CIFAR stem) (from scratch)
  Dataset:    cifar10 (10 classes)
  Image size: 32
  LR:         0.1
  Momentum:   0.9 (nesterov=True)
  Optimizer:  sgd
  Weight dec: 0.0005 (on BN/bias=False)
  Backend:    mpi
  Algorithm:  recursive_doubling_zfp_online_coll
  ZFP rate:   8
  Epochs:     20
  Batch/rank: 16
  LR:         0.1
  Scheduler:  cosine
  Warmup:     0
  Grad clip:  None
  Drop last:  True
  Data dir:   ./data
================================================================================


================================================================================
DISTRIBUTED TRAINING LAUNCHER
================================================================================
  Model:      wide_resnet50_2 (CIFAR stem) (from scratch)
  Dataset:    cifar10 (10 classes)
  Image size: 32
  LR:         0.1
  Momentum:   0.9 (nesterov=True)
  Optimizer:  sgd
  Weight dec: 0.0005 (on BN/bias=False)
  Backend:    mpi
  Algorithm:  recursive_doubling_zfp_online_coll
  ZFP rate:   8
  Epochs:     20
  Batch/rank: 16
  LR:         0.1
  Scheduler:  cosine
  Warmup:     0
  Grad clip:  None
  Drop last:  True
  Data dir:   ./data
================================================================================


================================================================================
DISTRIBUTED TRAINING LAUNCHER
================================================================================
  Model:      wide_resnet50_2 (CIFAR stem) (from scratch)
  Dataset:    cifar10 (10 classes)
  Image size: 32
  LR:         0.1
  Momentum:   0.9 (nesterov=True)
  Optimizer:  sgd
  Weight dec: 0.0005 (on BN/bias=False)
  Backend:    mpi
  Algorithm:  recursive_doubling_zfp_online_coll
  ZFP rate:   8
  Epochs:     20
  Batch/rank: 16
  LR:         0.1
  Scheduler:  cosine
  Warmup:     0
  Grad clip:  None
  Drop last:  True
  Data dir:   ./data
================================================================================


================================================================================
DISTRIBUTED TRAINING LAUNCHER
================================================================================
  Model:      wide_resnet50_2 (CIFAR stem) (from scratch)
  Dataset:    cifar10 (10 classes)
  Image size: 32
  LR:         0.1
  Momentum:   0.9 (nesterov=True)
  Optimizer:  sgd
  Weight dec: 0.0005 (on BN/bias=False)
  Backend:    mpi
  Algorithm:  recursive_doubling_zfp_online_coll
  ZFP rate:   8
  Epochs:     20
  Batch/rank: 16
  LR:         0.1
  Scheduler:  cosine
  Warmup:     0
  Grad clip:  None
  Drop last:  True
  Data dir:   ./data
================================================================================


================================================================================
DISTRIBUTED TRAINING LAUNCHER
================================================================================
  Model:      wide_resnet50_2 (CIFAR stem) (from scratch)
  Dataset:    cifar10 (10 classes)
  Image size: 32
  LR:         0.1
  Momentum:   0.9 (nesterov=True)
  Optimizer:  sgd
  Weight dec: 0.0005 (on BN/bias=False)
  Backend:    mpi
  Algorithm:  recursive_doubling_zfp_online_coll
  ZFP rate:   8
  Epochs:     20
  Batch/rank: 16
  LR:         0.1
  Scheduler:  cosine
  Warmup:     0
  Grad clip:  None
  Drop last:  True
  Data dir:   ./data
================================================================================


================================================================================
DISTRIBUTED TRAINING LAUNCHER
================================================================================
  Model:      wide_resnet50_2 (CIFAR stem) (from scratch)
  Dataset:    cifar10 (10 classes)
  Image size: 32
  LR:         0.1
  Momentum:   0.9 (nesterov=True)
  Optimizer:  sgd
  Weight dec: 0.0005 (on BN/bias=False)
  Backend:    mpi
  Algorithm:  recursive_doubling_zfp_online_coll
  ZFP rate:   8
  Epochs:     20
  Batch/rank: 16
  LR:         0.1
  Scheduler:  cosine
  Warmup:     0
  Grad clip:  None
  Drop last:  True
  Data dir:   ./data
================================================================================


================================================================================
DISTRIBUTED TRAINING LAUNCHER
================================================================================
  Model:      wide_resnet50_2 (CIFAR stem) (from scratch)
  Dataset:    cifar10 (10 classes)
  Image size: 32
  LR:         0.1
  Momentum:   0.9 (nesterov=True)
  Optimizer:  sgd
  Weight dec: 0.0005 (on BN/bias=False)
  Backend:    mpi
  Algorithm:  recursive_doubling_zfp_online_coll
  ZFP rate:   8
  Epochs:     20
  Batch/rank: 16
  LR:         0.1
  Scheduler:  cosine
  Warmup:     0
  Grad clip:  None
  Drop last:  True
  Data dir:   ./data
================================================================================


================================================================================
DISTRIBUTED TRAINING LAUNCHER
================================================================================
  Model:      wide_resnet50_2 (CIFAR stem) (from scratch)
  Dataset:    cifar10 (10 classes)
  Image size: 32
  LR:         0.1
  Momentum:   0.9 (nesterov=True)
  Optimizer:  sgd
  Weight dec: 0.0005 (on BN/bias=False)
  Backend:    mpi
  Algorithm:  recursive_doubling_zfp_online_coll
  ZFP rate:   8
  Epochs:     20
  Batch/rank: 16
  LR:         0.1
  Scheduler:  cosine
  Warmup:     0
  Grad clip:  None
  Drop last:  True
  Data dir:   ./data
================================================================================


================================================================================
DISTRIBUTED TRAINING LAUNCHER
================================================================================
  Model:      wide_resnet50_2 (CIFAR stem) (from scratch)
  Dataset:    cifar10 (10 classes)
  Image size: 32
  LR:         0.1
  Momentum:   0.9 (nesterov=True)
  Optimizer:  sgd
  Weight dec: 0.0005 (on BN/bias=False)
  Backend:    mpi
  Algorithm:  recursive_doubling_zfp_online_coll
  ZFP rate:   8
  Epochs:     20
  Batch/rank: 16
  LR:         0.1
  Scheduler:  cosine
  Warmup:     0
  Grad clip:  None
  Drop last:  True
  Data dir:   ./data
================================================================================


================================================================================
Distributed Training: WIDE_RESNET50_2 on CIFAR10
Backend: MPI, Algorithm: recursive_doubling_zfp_online_coll
================================================================================
Ranks: 32, Epochs: 20, Batch/rank: 16, Effective batch: 512
LR: 0.1, Device: cuda:0

[Cache] Pretrained weights cache (TORCH_HOME) = /lustre/orion/gen243/proj-shared/matilderestelli/pretrained_weights_cache
[Setup] Model on cuda:0, wrapped in DDP (static_graph=True)
[Setup] Hook registered: mpi/recursive_doubling_zfp_online_coll
[Optim] SGD: lr=0.1 momentum=0.9 nesterov=True wd=0.0005 wd_on_bn_bias=False
[Optim]   group 0: 66,778,816 params, wd=0.0005
[Optim]   group 1: 68,234 params, wd=0.0
[Data] Train batches: 97, Val batches: 625

[Sched] cosine: steps/epoch=97, total_steps=1940, warmup_steps=0 (0 epochs)


[Epoch 1] Training... (lr at epoch start=0.100000)
  Batch [50/97] Loss: 6.4073, Acc: 11.62%, lr: 0.099836
[Epoch 1] Train Loss: 4.4078, Acc: 11.66%  |  Val Loss: 2.2856, Acc: 13.31%  |  Time: 19.6s
[Epoch 1] t_iter median: 97.11 ms  (fwd 14.59 | bwd+comm 77.33 | opt 5.34 | data 0.08)  |  train-only epoch: 11.8s
  -> Best model saved (13.31%)
[Epoch 1] Summarizing hook timing...

[HOOK_TIMING_SUMMARY] epoch=1
[HOOK_WORK_SUMMARY] label=mpi:recursive_doubling_zfp_online_coll:rate8 calls=769 work_total_ms=6371.469 work_mean_ms=8.285 work_min_ms=4.729 work_max_ms=117.377
[HOOK_TAIL_SUMMARY] label=mpi:recursive_doubling_zfp_online_coll:rate8 steps=98 tail_total_ms=5485.760 tail_mean_ms=55.977 tail_min_ms=15.079 tail_max_ms=126.920
[Epoch 1] Hook timing summary done

[Epoch 2] Training... (lr at epoch start=0.099384)
  Batch [50/97] Loss: 2.2756, Acc: 12.25%, lr: 0.098590
[Epoch 2] Train Loss: 2.2631, Acc: 14.11%  |  Val Loss: 2.2601, Acc: 13.79%  |  Time: 21.1s
[Epoch 2] t_iter median: 97.49 ms  (fwd 14.80 | bwd+comm 77.66 | opt 5.37 | data 0.08)  |  train-only epoch: 9.6s
  -> Best model saved (13.79%)
[Epoch 2] Summarizing hook timing...

[HOOK_TIMING_SUMMARY] epoch=2
[HOOK_WORK_SUMMARY] label=mpi:recursive_doubling_zfp_online_coll:rate8 calls=776 work_total_ms=6339.423 work_mean_ms=8.169 work_min_ms=4.612 work_max_ms=17.336
[HOOK_TAIL_SUMMARY] label=mpi:recursive_doubling_zfp_online_coll:rate8 steps=97 tail_total_ms=5266.031 tail_mean_ms=54.289 tail_min_ms=34.006 tail_max_ms=67.830
[Epoch 2] Hook timing summary done

[Epoch 3] Training... (lr at epoch start=0.097553)
  Batch [50/97] Loss: 2.2418, Acc: 13.88%, lr: 0.096147
[Epoch 3] Train Loss: 2.2299, Acc: 14.76%  |  Val Loss: 2.2396, Acc: 15.61%  |  Time: 17.9s
[Epoch 3] t_iter median: 102.41 ms  (fwd 16.11 | bwd+comm 80.72 | opt 5.39 | data 0.08)  |  train-only epoch: 10.0s
  -> Best model saved (15.61%)
[Epoch 3] Summarizing hook timing...

[HOOK_TIMING_SUMMARY] epoch=3
[HOOK_WORK_SUMMARY] label=mpi:recursive_doubling_zfp_online_coll:rate8 calls=776 work_total_ms=6620.900 work_mean_ms=8.532 work_min_ms=4.676 work_max_ms=25.009
[HOOK_TAIL_SUMMARY] label=mpi:recursive_doubling_zfp_online_coll:rate8 steps=97 tail_total_ms=5521.265 tail_mean_ms=56.920 tail_min_ms=35.931 tail_max_ms=69.779
[Epoch 3] Hook timing summary done

[Epoch 4] Training... (lr at epoch start=0.094550)
  Batch [50/97] Loss: 2.1960, Acc: 18.00%, lr: 0.092568
[Epoch 4] Train Loss: 2.1739, Acc: 18.04%  |  Val Loss: 2.0902, Acc: 20.63%  |  Time: 17.9s
[Epoch 4] t_iter median: 102.48 ms  (fwd 16.20 | bwd+comm 80.86 | opt 5.39 | data 0.08)  |  train-only epoch: 10.0s
  -> Best model saved (20.63%)
[Epoch 4] Summarizing hook timing...

[HOOK_TIMING_SUMMARY] epoch=4
[HOOK_WORK_SUMMARY] label=mpi:recursive_doubling_zfp_online_coll:rate8 calls=776 work_total_ms=6650.537 work_mean_ms=8.570 work_min_ms=4.750 work_max_ms=24.416
[HOOK_TAIL_SUMMARY] label=mpi:recursive_doubling_zfp_online_coll:rate8 steps=97 tail_total_ms=5410.709 tail_mean_ms=55.781 tail_min_ms=45.002 tail_max_ms=68.905
[Epoch 4] Hook timing summary done

[Epoch 5] Training... (lr at epoch start=0.090451)
  Batch [50/97] Loss: 2.1378, Acc: 17.50%, lr: 0.087941
[Epoch 5] Train Loss: 2.1014, Acc: 18.56%  |  Val Loss: 1.9986, Acc: 21.39%  |  Time: 18.1s
[Epoch 5] t_iter median: 102.89 ms  (fwd 16.40 | bwd+comm 81.71 | opt 5.39 | data 0.08)  |  train-only epoch: 10.1s
  -> Best model saved (21.39%)
[Epoch 5] Summarizing hook timing...

[HOOK_TIMING_SUMMARY] epoch=5
[HOOK_WORK_SUMMARY] label=mpi:recursive_doubling_zfp_online_coll:rate8 calls=776 work_total_ms=6752.087 work_mean_ms=8.701 work_min_ms=4.649 work_max_ms=24.776
[HOOK_TAIL_SUMMARY] label=mpi:recursive_doubling_zfp_online_coll:rate8 steps=97 tail_total_ms=5544.482 tail_mean_ms=57.160 tail_min_ms=43.649 tail_max_ms=76.430
[Epoch 5] Hook timing summary done

[Epoch 6] Training... (lr at epoch start=0.085355)
  Batch [50/97] Loss: 2.0108, Acc: 19.00%, lr: 0.082380
[Epoch 6] Train Loss: 2.0031, Acc: 20.43%  |  Val Loss: 1.9580, Acc: 24.42%  |  Time: 17.9s
[Epoch 6] t_iter median: 103.16 ms  (fwd 16.48 | bwd+comm 81.24 | opt 5.39 | data 0.08)  |  train-only epoch: 10.1s
  -> Best model saved (24.42%)
[Epoch 6] Summarizing hook timing...

[HOOK_TIMING_SUMMARY] epoch=6
[HOOK_WORK_SUMMARY] label=mpi:recursive_doubling_zfp_online_coll:rate8 calls=776 work_total_ms=6657.364 work_mean_ms=8.579 work_min_ms=4.568 work_max_ms=24.062
[HOOK_TAIL_SUMMARY] label=mpi:recursive_doubling_zfp_online_coll:rate8 steps=97 tail_total_ms=5413.439 tail_mean_ms=55.809 tail_min_ms=45.828 tail_max_ms=69.365
[Epoch 6] Hook timing summary done

[Epoch 7] Training... (lr at epoch start=0.079389)
  Batch [50/97] Loss: 1.9435, Acc: 24.88%, lr: 0.076021
[Epoch 7] Train Loss: 1.9270, Acc: 25.97%  |  Val Loss: 1.8780, Acc: 29.39%  |  Time: 18.0s
[Epoch 7] t_iter median: 102.99 ms  (fwd 16.19 | bwd+comm 81.27 | opt 5.39 | data 0.08)  |  train-only epoch: 10.1s
  -> Best model saved (29.39%)
[Epoch 7] Summarizing hook timing...

[HOOK_TIMING_SUMMARY] epoch=7
[HOOK_WORK_SUMMARY] label=mpi:recursive_doubling_zfp_online_coll:rate8 calls=776 work_total_ms=6689.675 work_mean_ms=8.621 work_min_ms=4.682 work_max_ms=23.637
[HOOK_TAIL_SUMMARY] label=mpi:recursive_doubling_zfp_online_coll:rate8 steps=97 tail_total_ms=5584.886 tail_mean_ms=57.576 tail_min_ms=47.000 tail_max_ms=69.428
[Epoch 7] Hook timing summary done

[Epoch 8] Training... (lr at epoch start=0.072700)
  Batch [50/97] Loss: 1.9449, Acc: 27.12%, lr: 0.069022
[Epoch 8] Train Loss: 1.9009, Acc: 28.74%  |  Val Loss: 1.8082, Acc: 32.53%  |  Time: 17.9s
[Epoch 8] t_iter median: 102.01 ms  (fwd 16.16 | bwd+comm 80.46 | opt 5.40 | data 0.08)  |  train-only epoch: 10.0s
  -> Best model saved (32.53%)
[Epoch 8] Summarizing hook timing...

[HOOK_TIMING_SUMMARY] epoch=8
[HOOK_WORK_SUMMARY] label=mpi:recursive_doubling_zfp_online_coll:rate8 calls=776 work_total_ms=6609.497 work_mean_ms=8.517 work_min_ms=4.706 work_max_ms=23.830
[HOOK_TAIL_SUMMARY] label=mpi:recursive_doubling_zfp_online_coll:rate8 steps=97 tail_total_ms=5423.401 tail_mean_ms=55.911 tail_min_ms=46.057 tail_max_ms=71.638
[Epoch 8] Hook timing summary done

[Epoch 9] Training... (lr at epoch start=0.065451)
  Batch [50/97] Loss: 1.8893, Acc: 28.88%, lr: 0.061554
[Epoch 9] Train Loss: 1.8712, Acc: 29.45%  |  Val Loss: 1.7532, Acc: 34.61%  |  Time: 18.0s
[Epoch 9] t_iter median: 103.00 ms  (fwd 16.06 | bwd+comm 81.26 | opt 5.38 | data 0.08)  |  train-only epoch: 10.1s
  -> Best model saved (34.61%)
[Epoch 9] Summarizing hook timing...

[HOOK_TIMING_SUMMARY] epoch=9
[HOOK_WORK_SUMMARY] label=mpi:recursive_doubling_zfp_online_coll:rate8 calls=776 work_total_ms=6728.316 work_mean_ms=8.671 work_min_ms=4.793 work_max_ms=23.056
[HOOK_TAIL_SUMMARY] label=mpi:recursive_doubling_zfp_online_coll:rate8 steps=97 tail_total_ms=5515.620 tail_mean_ms=56.862 tail_min_ms=34.531 tail_max_ms=71.551
[Epoch 9] Hook timing summary done

[Epoch 10] Training... (lr at epoch start=0.057822)
  Batch [50/97] Loss: 1.7894, Acc: 31.88%, lr: 0.053802
[Epoch 10] Train Loss: 1.8063, Acc: 32.15%  |  Val Loss: 1.6868, Acc: 37.66%  |  Time: 18.2s
[Epoch 10] t_iter median: 103.45 ms  (fwd 16.17 | bwd+comm 81.70 | opt 5.37 | data 0.08)  |  train-only epoch: 10.2s
  -> Best model saved (37.66%)
[Epoch 10] Summarizing hook timing...

[HOOK_TIMING_SUMMARY] epoch=10
[HOOK_WORK_SUMMARY] label=mpi:recursive_doubling_zfp_online_coll:rate8 calls=776 work_total_ms=6889.716 work_mean_ms=8.878 work_min_ms=4.621 work_max_ms=41.704
[HOOK_TAIL_SUMMARY] label=mpi:recursive_doubling_zfp_online_coll:rate8 steps=97 tail_total_ms=5661.559 tail_mean_ms=58.367 tail_min_ms=44.006 tail_max_ms=110.180
[Epoch 10] Hook timing summary done

[Epoch 11] Training... (lr at epoch start=0.050000)
  Batch [50/97] Loss: 1.8015, Acc: 34.88%, lr: 0.045956
[Epoch 11] Train Loss: 1.7786, Acc: 35.76%  |  Val Loss: 1.6438, Acc: 38.98%  |  Time: 18.1s
[Epoch 11] t_iter median: 103.14 ms  (fwd 15.99 | bwd+comm 81.52 | opt 5.37 | data 0.08)  |  train-only epoch: 10.1s
  -> Best model saved (38.98%)
[Epoch 11] Summarizing hook timing...

[HOOK_TIMING_SUMMARY] epoch=11
[HOOK_WORK_SUMMARY] label=mpi:recursive_doubling_zfp_online_coll:rate8 calls=776 work_total_ms=6729.478 work_mean_ms=8.672 work_min_ms=4.866 work_max_ms=23.236
[HOOK_TAIL_SUMMARY] label=mpi:recursive_doubling_zfp_online_coll:rate8 steps=97 tail_total_ms=5652.161 tail_mean_ms=58.270 tail_min_ms=45.477 tail_max_ms=72.111
[Epoch 11] Hook timing summary done

[Epoch 12] Training... (lr at epoch start=0.042178)
  Batch [50/97] Loss: 1.6827, Acc: 36.50%, lr: 0.038210
[Epoch 12] Train Loss: 1.6657, Acc: 37.56%  |  Val Loss: 1.6098, Acc: 40.22%  |  Time: 18.0s
[Epoch 12] t_iter median: 103.08 ms  (fwd 16.40 | bwd+comm 81.55 | opt 5.37 | data 0.08)  |  train-only epoch: 10.1s
  -> Best model saved (40.22%)
[Epoch 12] Summarizing hook timing...

[HOOK_TIMING_SUMMARY] epoch=12
[HOOK_WORK_SUMMARY] label=mpi:recursive_doubling_zfp_online_coll:rate8 calls=776 work_total_ms=6722.274 work_mean_ms=8.663 work_min_ms=4.784 work_max_ms=23.533
[HOOK_TAIL_SUMMARY] label=mpi:recursive_doubling_zfp_online_coll:rate8 steps=97 tail_total_ms=5551.045 tail_mean_ms=57.227 tail_min_ms=36.246 tail_max_ms=69.370
[Epoch 12] Hook timing summary done

[Epoch 13] Training... (lr at epoch start=0.034549)
  Batch [50/97] Loss: 1.6542, Acc: 39.00%, lr: 0.030754
[Epoch 13] Train Loss: 1.6597, Acc: 38.60%  |  Val Loss: 1.5820, Acc: 42.12%  |  Time: 18.1s
[Epoch 13] t_iter median: 102.73 ms  (fwd 16.40 | bwd+comm 81.06 | opt 5.38 | data 0.08)  |  train-only epoch: 10.1s
  -> Best model saved (42.12%)
[Epoch 13] Summarizing hook timing...

[HOOK_TIMING_SUMMARY] epoch=13
[HOOK_WORK_SUMMARY] label=mpi:recursive_doubling_zfp_online_coll:rate8 calls=776 work_total_ms=6697.033 work_mean_ms=8.630 work_min_ms=4.157 work_max_ms=23.127
[HOOK_TAIL_SUMMARY] label=mpi:recursive_doubling_zfp_online_coll:rate8 steps=97 tail_total_ms=5646.360 tail_mean_ms=58.210 tail_min_ms=45.194 tail_max_ms=73.781
[Epoch 13] Hook timing summary done

[Epoch 14] Training... (lr at epoch start=0.027300)
  Batch [50/97] Loss: 1.6058, Acc: 41.88%, lr: 0.023772
[Epoch 14] Train Loss: 1.5704, Acc: 42.27%  |  Val Loss: 1.4955, Acc: 45.16%  |  Time: 21.1s
[Epoch 14] t_iter median: 103.13 ms  (fwd 16.46 | bwd+comm 81.23 | opt 5.37 | data 0.08)  |  train-only epoch: 10.1s
  -> Best model saved (45.16%)
[Epoch 14] Summarizing hook timing...

[HOOK_TIMING_SUMMARY] epoch=14
[HOOK_WORK_SUMMARY] label=mpi:recursive_doubling_zfp_online_coll:rate8 calls=776 work_total_ms=6703.863 work_mean_ms=8.639 work_min_ms=4.925 work_max_ms=22.605
[HOOK_TAIL_SUMMARY] label=mpi:recursive_doubling_zfp_online_coll:rate8 steps=97 tail_total_ms=5581.794 tail_mean_ms=57.544 tail_min_ms=46.946 tail_max_ms=70.707
[Epoch 14] Hook timing summary done

[Epoch 15] Training... (lr at epoch start=0.020611)
  Batch [50/97] Loss: 1.5789, Acc: 41.38%, lr: 0.017435
[Epoch 15] Train Loss: 1.5519, Acc: 43.11%  |  Val Loss: 1.4709, Acc: 45.53%  |  Time: 18.1s
[Epoch 15] t_iter median: 101.99 ms  (fwd 16.32 | bwd+comm 80.53 | opt 5.38 | data 0.08)  |  train-only epoch: 10.0s
  -> Best model saved (45.53%)
[Epoch 15] Summarizing hook timing...

[HOOK_TIMING_SUMMARY] epoch=15
[HOOK_WORK_SUMMARY] label=mpi:recursive_doubling_zfp_online_coll:rate8 calls=776 work_total_ms=6635.143 work_mean_ms=8.550 work_min_ms=4.828 work_max_ms=22.951
[HOOK_TAIL_SUMMARY] label=mpi:recursive_doubling_zfp_online_coll:rate8 steps=97 tail_total_ms=5481.513 tail_mean_ms=56.510 tail_min_ms=35.390 tail_max_ms=70.911
[Epoch 15] Hook timing summary done

[Epoch 16] Training... (lr at epoch start=0.014645)
  Batch [50/97] Loss: 1.5243, Acc: 42.88%, lr: 0.011901
[Epoch 16] Train Loss: 1.5474, Acc: 42.01%  |  Val Loss: 1.4569, Acc: 46.89%  |  Time: 18.2s
[Epoch 16] t_iter median: 102.79 ms  (fwd 16.48 | bwd+comm 81.46 | opt 5.37 | data 0.08)  |  train-only epoch: 10.1s
  -> Best model saved (46.89%)
[Epoch 16] Summarizing hook timing...

[HOOK_TIMING_SUMMARY] epoch=16
[HOOK_WORK_SUMMARY] label=mpi:recursive_doubling_zfp_online_coll:rate8 calls=776 work_total_ms=6683.912 work_mean_ms=8.613 work_min_ms=4.761 work_max_ms=23.649
[HOOK_TAIL_SUMMARY] label=mpi:recursive_doubling_zfp_online_coll:rate8 steps=97 tail_total_ms=5523.161 tail_mean_ms=56.940 tail_min_ms=43.944 tail_max_ms=71.165
[Epoch 16] Hook timing summary done

[Epoch 17] Training... (lr at epoch start=0.009549)
  Batch [50/97] Loss: 1.5090, Acc: 45.00%, lr: 0.007305
[Epoch 17] Train Loss: 1.4754, Acc: 46.97%  |  Val Loss: 1.3954, Acc: 48.90%  |  Time: 18.2s
[Epoch 17] t_iter median: 102.46 ms  (fwd 16.31 | bwd+comm 80.84 | opt 5.37 | data 0.08)  |  train-only epoch: 10.1s
  -> Best model saved (48.90%)
[Epoch 17] Summarizing hook timing...

[HOOK_TIMING_SUMMARY] epoch=17
[HOOK_WORK_SUMMARY] label=mpi:recursive_doubling_zfp_online_coll:rate8 calls=776 work_total_ms=6666.846 work_mean_ms=8.591 work_min_ms=4.875 work_max_ms=22.630
[HOOK_TAIL_SUMMARY] label=mpi:recursive_doubling_zfp_online_coll:rate8 steps=97 tail_total_ms=5478.927 tail_mean_ms=56.484 tail_min_ms=43.163 tail_max_ms=70.538
[Epoch 17] Hook timing summary done

[Epoch 18] Training... (lr at epoch start=0.005450)
  Batch [50/97] Loss: 1.5083, Acc: 44.62%, lr: 0.003760
[Epoch 18] Train Loss: 1.5102, Acc: 46.07%  |  Val Loss: 1.3840, Acc: 49.63%  |  Time: 18.2s
[Epoch 18] t_iter median: 102.76 ms  (fwd 16.54 | bwd+comm 80.88 | opt 5.37 | data 0.08)  |  train-only epoch: 10.1s
  -> Best model saved (49.63%)
[Epoch 18] Summarizing hook timing...

[HOOK_TIMING_SUMMARY] epoch=18
[HOOK_WORK_SUMMARY] label=mpi:recursive_doubling_zfp_online_coll:rate8 calls=776 work_total_ms=6688.238 work_mean_ms=8.619 work_min_ms=4.872 work_max_ms=22.594
[HOOK_TAIL_SUMMARY] label=mpi:recursive_doubling_zfp_online_coll:rate8 steps=97 tail_total_ms=5448.905 tail_mean_ms=56.174 tail_min_ms=34.705 tail_max_ms=72.571
[Epoch 18] Hook timing summary done

[Epoch 19] Training... (lr at epoch start=0.002447)
  Batch [50/97] Loss: 1.5041, Acc: 46.38%, lr: 0.001353
[Epoch 19] Train Loss: 1.5175, Acc: 46.20%  |  Val Loss: 1.3872, Acc: 49.28%  |  Time: 18.3s
[Epoch 19] t_iter median: 102.80 ms  (fwd 16.19 | bwd+comm 81.12 | opt 5.38 | data 0.08)  |  train-only epoch: 10.1s
[Epoch 19] Summarizing hook timing...

[HOOK_TIMING_SUMMARY] epoch=19
[HOOK_WORK_SUMMARY] label=mpi:recursive_doubling_zfp_online_coll:rate8 calls=776 work_total_ms=6751.052 work_mean_ms=8.700 work_min_ms=4.798 work_max_ms=38.183
[HOOK_TAIL_SUMMARY] label=mpi:recursive_doubling_zfp_online_coll:rate8 steps=97 tail_total_ms=5513.023 tail_mean_ms=56.835 tail_min_ms=43.946 tail_max_ms=89.887
[Epoch 19] Hook timing summary done

[Epoch 20] Training... (lr at epoch start=0.000616)
  Batch [50/97] Loss: 1.4336, Acc: 49.75%, lr: 0.000145
[Epoch 20] Train Loss: 1.4175, Acc: 48.71%  |  Val Loss: 1.3813, Acc: 49.64%  |  Time: 18.4s
[Epoch 20] t_iter median: 102.79 ms  (fwd 16.18 | bwd+comm 81.22 | opt 5.34 | data 0.08)  |  train-only epoch: 10.3s
  -> Best model saved (49.64%)
[Epoch 20] Summarizing hook timing...

[HOOK_TIMING_SUMMARY] epoch=20
[HOOK_WORK_SUMMARY] label=mpi:recursive_doubling_zfp_online_coll:rate8 calls=776 work_total_ms=6851.303 work_mean_ms=8.829 work_min_ms=4.840 work_max_ms=35.678
[HOOK_TAIL_SUMMARY] label=mpi:recursive_doubling_zfp_online_coll:rate8 steps=97 tail_total_ms=5695.146 tail_mean_ms=58.713 tail_min_ms=34.645 tail_max_ms=90.022
[Epoch 20] Hook timing summary done

================================================================================
Done in 400.7s | Best val acc: 49.64%
Epoch times (train+val): mean=18.5s  min=17.9s  max=21.1s
Train-only epoch time (epochs 2..N): median=10.09s  min=9.62s  max=10.26s
  -> use this for STRONG scaling (fixed global batch)
  -> use t_iter_median_ms from the CSV for WEAK scaling (fixed local batch)
================================================================================
=== Finished training: model=wide_resnet50_2, dataset=cifar10, batch=16, lr=0.1, scheduler=cosine, backend=mpi, hook=recursive_doubling_zfp_online_coll, zfp_rate=8, status=0 at Mon Jul 20 10:25:56 AM EDT 2026 ===
=== Starting: model=wide_resnet50_2, ws=32, bs=4, gb=128, lr=0.1, sched=cosine, warmup=0, mom=0.9, wd=5e-4, nesterov=true, wd_bn_bias=false, backend=mpi, hook=none, zfp=none at Mon Jul 20 10:25:56 AM EDT 2026 ===
MIOPEN_USER_DB_PATH=/mnt/bb/matilderestelli/miopen_cache_5035615/miopen_db
MIOPEN_CUSTOM_CACHE_DIR=/mnt/bb/matilderestelli/miopen_cache_5035615/kernel_cache
drwxr-sr-x 2 matilderestelli gen243 103 Jul 14 05:38 /mnt/bb/matilderestelli/miopen_cache_5035615/miopen_db
==== GPU visibility debug (batch shell) ====
frontier10349
ROCR_VISIBLE_DEVICES=0,1,2,3,4,5,6,7
SLURM_JOB_GPUS=0,1,2,3,4,5,6,7
[37mROCk module version 6.16.13 is loaded[0m
=====================    
HSA System Attributes    
=====================    
Runtime Version:         1.18
Runtime Ext Version:     1.14
System Timestamp Freq.:  1000.000000MHz
Sig. Max Wait Duration:  18446744073709551615 (0xFFFFFFFFFFFFFFFF) (timestamp count)
Machine Model:           LARGE                              
System Endianness:       LITTLE                             
Mwaitx:                  DISABLED
XNACK enabled:           NO
DMAbuf Support:          YES
VMM Support:             YES

==========               
HSA Agents               
==========               
*******                  
Agent 1                  
*******                  
  Name:                    AMD EPYC 7A53 64-Core Processor    
  Uuid:                    CPU-XX                             
  Marketing Name:          AMD EPYC 7A53 64-Core Processor    
  Vendor Name:             CPU                                
  Feature:                 None specified                     
  Profile:                 FULL_PROFILE                       
  Float Round Mode:        NEAR                               
  Max Queue Number:        0(0x0)                             
  Queue Min Size:          0(0x0)                             

================================================================================
DISTRIBUTED TRAINING LAUNCHER
================================================================================
  Model:      wide_resnet50_2 (CIFAR stem) (from scratch)
  Dataset:    cifar10 (10 classes)
  Image size: 32
  LR:         0.1
  Momentum:   0.9 (nesterov=True)
  Optimizer:  sgd
  Weight dec: 0.0005 (on BN/bias=False)
  Backend:    mpi
  Algorithm:  built-in (no hook)
  Epochs:     20
  Batch/rank: 4
  LR:         0.1
  Scheduler:  cosine
  Warmup:     0
  Grad clip:  None
  Drop last:  True
  Data dir:   ./data
================================================================================


================================================================================
DISTRIBUTED TRAINING LAUNCHER
================================================================================
  Model:      wide_resnet50_2 (CIFAR stem) (from scratch)
  Dataset:    cifar10 (10 classes)
  Image size: 32
  LR:         0.1
  Momentum:   0.9 (nesterov=True)
  Optimizer:  sgd
  Weight dec: 0.0005 (on BN/bias=False)
  Backend:    mpi
  Algorithm:  built-in (no hook)
  Epochs:     20
  Batch/rank: 4
  LR:         0.1
  Scheduler:  cosine
  Warmup:     0
  Grad clip:  None
  Drop last:  True
  Data dir:   ./data
================================================================================


================================================================================
DISTRIBUTED TRAINING LAUNCHER
================================================================================
  Model:      wide_resnet50_2 (CIFAR stem) (from scratch)
  Dataset:    cifar10 (10 classes)
  Image size: 32
  LR:         0.1
  Momentum:   0.9 (nesterov=True)
  Optimizer:  sgd
  Weight dec: 0.0005 (on BN/bias=False)
  Backend:    mpi
  Algorithm:  built-in (no hook)
  Epochs:     20
  Batch/rank: 4
  LR:         0.1
  Scheduler:  cosine
  Warmup:     0
  Grad clip:  None
  Drop last:  True
  Data dir:   ./data
================================================================================


================================================================================
DISTRIBUTED TRAINING LAUNCHER
================================================================================
  Model:      wide_resnet50_2 (CIFAR stem) (from scratch)
  Dataset:    cifar10 (10 classes)
  Image size: 32
  LR:         0.1
  Momentum:   0.9 (nesterov=True)
  Optimizer:  sgd
  Weight dec: 0.0005 (on BN/bias=False)
  Backend:    mpi
  Algorithm:  built-in (no hook)
  Epochs:     20
  Batch/rank: 4
  LR:         0.1
  Scheduler:  cosine
  Warmup:     0
  Grad clip:  None
  Drop last:  True
  Data dir:   ./data
================================================================================


================================================================================
DISTRIBUTED TRAINING LAUNCHER
================================================================================
  Model:      wide_resnet50_2 (CIFAR stem) (from scratch)
  Dataset:    cifar10 (10 classes)
  Image size: 32
  LR:         0.1
  Momentum:   0.9 (nesterov=True)
  Optimizer:  sgd
  Weight dec: 0.0005 (on BN/bias=False)
  Backend:    mpi
  Algorithm:  built-in (no hook)
  Epochs:     20
  Batch/rank: 4
  LR:         0.1
  Scheduler:  cosine
  Warmup:     0
  Grad clip:  None
  Drop last:  True
  Data dir:   ./data
================================================================================


================================================================================
DISTRIBUTED TRAINING LAUNCHER
================================================================================
  Model:      wide_resnet50_2 (CIFAR stem) (from scratch)
  Dataset:    cifar10 (10 classes)
  Image size: 32
  LR:         0.1
  Momentum:   0.9 (nesterov=True)
  Optimizer:  sgd
  Weight dec: 0.0005 (on BN/bias=False)
  Backend:    mpi
  Algorithm:  built-in (no hook)
  Epochs:     20
  Batch/rank: 4
  LR:         0.1
  Scheduler:  cosine
  Warmup:     0
  Grad clip:  None
  Drop last:  True
  Data dir:   ./data
================================================================================


================================================================================
DISTRIBUTED TRAINING LAUNCHER
================================================================================
  Model:      wide_resnet50_2 (CIFAR stem) (from scratch)
  Dataset:    cifar10 (10 classes)
  Image size: 32
  LR:         0.1
  Momentum:   0.9 (nesterov=True)
  Optimizer:  sgd
  Weight dec: 0.0005 (on BN/bias=False)
  Backend:    mpi
  Algorithm:  built-in (no hook)
  Epochs:     20
  Batch/rank: 4
  LR:         0.1
  Scheduler:  cosine
  Warmup:     0
  Grad clip:  None
  Drop last:  True
  Data dir:   ./data
================================================================================


================================================================================
DISTRIBUTED TRAINING LAUNCHER
================================================================================
  Model:      wide_resnet50_2 (CIFAR stem) (from scratch)
  Dataset:    cifar10 (10 classes)
  Image size: 32
  LR:         0.1
  Momentum:   0.9 (nesterov=True)
  Optimizer:  sgd
  Weight dec: 0.0005 (on BN/bias=False)
  Backend:    mpi
  Algorithm:  built-in (no hook)
  Epochs:     20
  Batch/rank: 4
  LR:         0.1
  Scheduler:  cosine
  Warmup:     0
  Grad clip:  None
  Drop last:  True
  Data dir:   ./data
================================================================================


================================================================================
DISTRIBUTED TRAINING LAUNCHER
================================================================================
  Model:      wide_resnet50_2 (CIFAR stem) (from scratch)
  Dataset:    cifar10 (10 classes)
  Image size: 32
  LR:         0.1
  Momentum:   0.9 (nesterov=True)
  Optimizer:  sgd
  Weight dec: 0.0005 (on BN/bias=False)
  Backend:    mpi
  Algorithm:  built-in (no hook)
  Epochs:     20
  Batch/rank: 4
  LR:         0.1
  Scheduler:  cosine
  Warmup:     0
  Grad clip:  None
  Drop last:  True
  Data dir:   ./data
================================================================================


================================================================================
DISTRIBUTED TRAINING LAUNCHER
================================================================================
  Model:      wide_resnet50_2 (CIFAR stem) (from scratch)
  Dataset:    cifar10 (10 classes)
  Image size: 32
  LR:         0.1
  Momentum:   0.9 (nesterov=True)
  Optimizer:  sgd
  Weight dec: 0.0005 (on BN/bias=False)
  Backend:    mpi
  Algorithm:  built-in (no hook)
  Epochs:     20
  Batch/rank: 4
  LR:         0.1
  Scheduler:  cosine
  Warmup:     0
  Grad clip:  None
  Drop last:  True
  Data dir:   ./data
================================================================================


================================================================================
DISTRIBUTED TRAINING LAUNCHER
================================================================================
  Model:      wide_resnet50_2 (CIFAR stem) (from scratch)
  Dataset:    cifar10 (10 classes)
  Image size: 32
  LR:         0.1
  Momentum:   0.9 (nesterov=True)
  Optimizer:  sgd
  Weight dec: 0.0005 (on BN/bias=False)
  Backend:    mpi
  Algorithm:  built-in (no hook)
  Epochs:     20
  Batch/rank: 4
  LR:         0.1
  Scheduler:  cosine
  Warmup:     0
  Grad clip:  None
  Drop last:  True
  Data dir:   ./data
================================================================================


================================================================================
DISTRIBUTED TRAINING LAUNCHER
================================================================================
  Model:      wide_resnet50_2 (CIFAR stem) (from scratch)
  Dataset:    cifar10 (10 classes)
  Image size: 32
  LR:         0.1
  Momentum:   0.9 (nesterov=True)
  Optimizer:  sgd
  Weight dec: 0.0005 (on BN/bias=False)
  Backend:    mpi
  Algorithm:  built-in (no hook)
  Epochs:     20
  Batch/rank: 4
  LR:         0.1
  Scheduler:  cosine
  Warmup:     0
  Grad clip:  None
  Drop last:  True
  Data dir:   ./data
================================================================================


================================================================================
DISTRIBUTED TRAINING LAUNCHER
================================================================================
  Model:      wide_resnet50_2 (CIFAR stem) (from scratch)
  Dataset:    cifar10 (10 classes)
  Image size: 32
  LR:         0.1
  Momentum:   0.9 (nesterov=True)
  Optimizer:  sgd
  Weight dec: 0.0005 (on BN/bias=False)
  Backend:    mpi
  Algorithm:  built-in (no hook)
  Epochs:     20
  Batch/rank: 4
  LR:         0.1
  Scheduler:  cosine
  Warmup:     0
  Grad clip:  None
  Drop last:  True
  Data dir:   ./data
================================================================================


================================================================================
DISTRIBUTED TRAINING LAUNCHER
================================================================================
  Model:      wide_resnet50_2 (CIFAR stem) (from scratch)
  Dataset:    cifar10 (10 classes)
  Image size: 32
  LR:         0.1
  Momentum:   0.9 (nesterov=True)
  Optimizer:  sgd
  Weight dec: 0.0005 (on BN/bias=False)
  Backend:    mpi
  Algorithm:  built-in (no hook)
  Epochs:     20
  Batch/rank: 4
  LR:         0.1
  Scheduler:  cosine
  Warmup:     0
  Grad clip:  None
  Drop last:  True
  Data dir:   ./data
================================================================================


================================================================================
DISTRIBUTED TRAINING LAUNCHER
================================================================================
  Model:      wide_resnet50_2 (CIFAR stem) (from scratch)
  Dataset:    cifar10 (10 classes)
  Image size: 32
  LR:         0.1
  Momentum:   0.9 (nesterov=True)
  Optimizer:  sgd
  Weight dec: 0.0005 (on BN/bias=False)
  Backend:    mpi
  Algorithm:  built-in (no hook)
  Epochs:     20
  Batch/rank: 4
  LR:         0.1
  Scheduler:  cosine
  Warmup:     0
  Grad clip:  None
  Drop last:  True
  Data dir:   ./data
================================================================================


================================================================================
DISTRIBUTED TRAINING LAUNCHER
================================================================================
  Model:      wide_resnet50_2 (CIFAR stem) (from scratch)
  Dataset:    cifar10 (10 classes)
  Image size: 32
  LR:         0.1
  Momentum:   0.9 (nesterov=True)
  Optimizer:  sgd
  Weight dec: 0.0005 (on BN/bias=False)
  Backend:    mpi
  Algorithm:  built-in (no hook)
  Epochs:     20
  Batch/rank: 4
  LR:         0.1
  Scheduler:  cosine
  Warmup:     0
  Grad clip:  None
  Drop last:  True
  Data dir:   ./data
================================================================================


================================================================================
DISTRIBUTED TRAINING LAUNCHER
================================================================================
  Model:      wide_resnet50_2 (CIFAR stem) (from scratch)
  Dataset:    cifar10 (10 classes)
  Image size: 32
  LR:         0.1
  Momentum:   0.9 (nesterov=True)
  Optimizer:  sgd
  Weight dec: 0.0005 (on BN/bias=False)
  Backend:    mpi
  Algorithm:  built-in (no hook)
  Epochs:     20
  Batch/rank: 4
  LR:         0.1
  Scheduler:  cosine
  Warmup:     0
  Grad clip:  None
  Drop last:  True
  Data dir:   ./data
================================================================================


================================================================================
DISTRIBUTED TRAINING LAUNCHER
================================================================================
  Model:      wide_resnet50_2 (CIFAR stem) (from scratch)
  Dataset:    cifar10 (10 classes)
  Image size: 32
  LR:         0.1
  Momentum:   0.9 (nesterov=True)
  Optimizer:  sgd
  Weight dec: 0.0005 (on BN/bias=False)
  Backend:    mpi
  Algorithm:  built-in (no hook)
  Epochs:     20
  Batch/rank: 4
  LR:         0.1
  Scheduler:  cosine
  Warmup:     0
  Grad clip:  None
  Drop last:  True
  Data dir:   ./data
================================================================================


================================================================================
DISTRIBUTED TRAINING LAUNCHER
================================================================================
  Model:      wide_resnet50_2 (CIFAR stem) (from scratch)
  Dataset:    cifar10 (10 classes)
  Image size: 32
  LR:         0.1
  Momentum:   0.9 (nesterov=True)
  Optimizer:  sgd
  Weight dec: 0.0005 (on BN/bias=False)
  Backend:    mpi
  Algorithm:  built-in (no hook)
  Epochs:     20
  Batch/rank: 4
  LR:         0.1
  Scheduler:  cosine
  Warmup:     0
  Grad clip:  None
  Drop last:  True
  Data dir:   ./data
================================================================================


================================================================================
DISTRIBUTED TRAINING LAUNCHER
================================================================================
  Model:      wide_resnet50_2 (CIFAR stem) (from scratch)
  Dataset:    cifar10 (10 classes)
  Image size: 32
  LR:         0.1
  Momentum:   0.9 (nesterov=True)
  Optimizer:  sgd
  Weight dec: 0.0005 (on BN/bias=False)
  Backend:    mpi
  Algorithm:  built-in (no hook)
  Epochs:     20
  Batch/rank: 4
  LR:         0.1
  Scheduler:  cosine
  Warmup:     0
  Grad clip:  None
  Drop last:  True
  Data dir:   ./data
================================================================================


================================================================================
DISTRIBUTED TRAINING LAUNCHER
================================================================================
  Model:      wide_resnet50_2 (CIFAR stem) (from scratch)
  Dataset:    cifar10 (10 classes)
  Image size: 32
  LR:         0.1
  Momentum:   0.9 (nesterov=True)
  Optimizer:  sgd
  Weight dec: 0.0005 (on BN/bias=False)
  Backend:    mpi
  Algorithm:  built-in (no hook)
  Epochs:     20
  Batch/rank: 4
  LR:         0.1
  Scheduler:  cosine
  Warmup:     0
  Grad clip:  None
  Drop last:  True
  Data dir:   ./data
================================================================================


================================================================================
DISTRIBUTED TRAINING LAUNCHER
================================================================================
  Model:      wide_resnet50_2 (CIFAR stem) (from scratch)
  Dataset:    cifar10 (10 classes)
  Image size: 32
  LR:         0.1
  Momentum:   0.9 (nesterov=True)
  Optimizer:  sgd
  Weight dec: 0.0005 (on BN/bias=False)
  Backend:    mpi
  Algorithm:  built-in (no hook)
  Epochs:     20
  Batch/rank: 4
  LR:         0.1
  Scheduler:  cosine
  Warmup:     0
  Grad clip:  None
  Drop last:  True
  Data dir:   ./data
================================================================================


================================================================================
DISTRIBUTED TRAINING LAUNCHER
================================================================================
  Model:      wide_resnet50_2 (CIFAR stem) (from scratch)
  Dataset:    cifar10 (10 classes)
  Image size: 32
  LR:         0.1
  Momentum:   0.9 (nesterov=True)
  Optimizer:  sgd
  Weight dec: 0.0005 (on BN/bias=False)
  Backend:    mpi
  Algorithm:  built-in (no hook)
  Epochs:     20
  Batch/rank: 4
  LR:         0.1
  Scheduler:  cosine
  Warmup:     0
  Grad clip:  None
  Drop last:  True
  Data dir:   ./data
================================================================================


================================================================================
DISTRIBUTED TRAINING LAUNCHER
================================================================================
  Model:      wide_resnet50_2 (CIFAR stem) (from scratch)
  Dataset:    cifar10 (10 classes)
  Image size: 32
  LR:         0.1
  Momentum:   0.9 (nesterov=True)
  Optimizer:  sgd
  Weight dec: 0.0005 (on BN/bias=False)
  Backend:    mpi
  Algorithm:  built-in (no hook)
  Epochs:     20
  Batch/rank: 4
  LR:         0.1
  Scheduler:  cosine
  Warmup:     0
  Grad clip:  None
  Drop last:  True
  Data dir:   ./data
================================================================================


================================================================================
DISTRIBUTED TRAINING LAUNCHER
================================================================================
  Model:      wide_resnet50_2 (CIFAR stem) (from scratch)
  Dataset:    cifar10 (10 classes)
  Image size: 32
  LR:         0.1
  Momentum:   0.9 (nesterov=True)
  Optimizer:  sgd
  Weight dec: 0.0005 (on BN/bias=False)
  Backend:    mpi
  Algorithm:  built-in (no hook)
  Epochs:     20
  Batch/rank: 4
  LR:         0.1
  Scheduler:  cosine
  Warmup:     0
  Grad clip:  None
  Drop last:  True
  Data dir:   ./data
================================================================================


================================================================================
DISTRIBUTED TRAINING LAUNCHER
================================================================================
  Model:      wide_resnet50_2 (CIFAR stem) (from scratch)
  Dataset:    cifar10 (10 classes)
  Image size: 32
  LR:         0.1
  Momentum:   0.9 (nesterov=True)
  Optimizer:  sgd
  Weight dec: 0.0005 (on BN/bias=False)
  Backend:    mpi
  Algorithm:  built-in (no hook)
  Epochs:     20
  Batch/rank: 4
  LR:         0.1
  Scheduler:  cosine
  Warmup:     0
  Grad clip:  None
  Drop last:  True
  Data dir:   ./data
================================================================================


================================================================================
DISTRIBUTED TRAINING LAUNCHER
================================================================================
  Model:      wide_resnet50_2 (CIFAR stem) (from scratch)
  Dataset:    cifar10 (10 classes)
  Image size: 32
  LR:         0.1
  Momentum:   0.9 (nesterov=True)
  Optimizer:  sgd
  Weight dec: 0.0005 (on BN/bias=False)
  Backend:    mpi
  Algorithm:  built-in (no hook)
  Epochs:     20
  Batch/rank: 4
  LR:         0.1
  Scheduler:  cosine
  Warmup:     0
  Grad clip:  None
  Drop last:  True
  Data dir:   ./data
================================================================================


================================================================================
DISTRIBUTED TRAINING LAUNCHER
================================================================================
  Model:      wide_resnet50_2 (CIFAR stem) (from scratch)
  Dataset:    cifar10 (10 classes)
  Image size: 32
  LR:         0.1
  Momentum:   0.9 (nesterov=True)
  Optimizer:  sgd
  Weight dec: 0.0005 (on BN/bias=False)
  Backend:    mpi
  Algorithm:  built-in (no hook)
  Epochs:     20
  Batch/rank: 4
  LR:         0.1
  Scheduler:  cosine
  Warmup:     0
  Grad clip:  None
  Drop last:  True
  Data dir:   ./data
================================================================================


================================================================================
DISTRIBUTED TRAINING LAUNCHER
================================================================================
  Model:      wide_resnet50_2 (CIFAR stem) (from scratch)
  Dataset:    cifar10 (10 classes)
  Image size: 32
  LR:         0.1
  Momentum:   0.9 (nesterov=True)
  Optimizer:  sgd
  Weight dec: 0.0005 (on BN/bias=False)
  Backend:    mpi
  Algorithm:  built-in (no hook)
  Epochs:     20
  Batch/rank: 4
  LR:         0.1
  Scheduler:  cosine
  Warmup:     0
  Grad clip:  None
  Drop last:  True
  Data dir:   ./data
================================================================================


================================================================================
DISTRIBUTED TRAINING LAUNCHER
================================================================================
  Model:      wide_resnet50_2 (CIFAR stem) (from scratch)
  Dataset:    cifar10 (10 classes)
  Image size: 32
  LR:         0.1
  Momentum:   0.9 (nesterov=True)
  Optimizer:  sgd
  Weight dec: 0.0005 (on BN/bias=False)
  Backend:    mpi
  Algorithm:  built-in (no hook)
  Epochs:     20
  Batch/rank: 4
  LR:         0.1
  Scheduler:  cosine
  Warmup:     0
  Grad clip:  None
  Drop last:  True
  Data dir:   ./data
================================================================================


================================================================================
DISTRIBUTED TRAINING LAUNCHER
================================================================================
  Model:      wide_resnet50_2 (CIFAR stem) (from scratch)
  Dataset:    cifar10 (10 classes)
  Image size: 32
  LR:         0.1
  Momentum:   0.9 (nesterov=True)
  Optimizer:  sgd
  Weight dec: 0.0005 (on BN/bias=False)
  Backend:    mpi
  Algorithm:  built-in (no hook)
  Epochs:     20
  Batch/rank: 4
  LR:         0.1
  Scheduler:  cosine
  Warmup:     0
  Grad clip:  None
  Drop last:  True
  Data dir:   ./data
================================================================================


================================================================================
DISTRIBUTED TRAINING LAUNCHER
================================================================================
  Model:      wide_resnet50_2 (CIFAR stem) (from scratch)
  Dataset:    cifar10 (10 classes)
  Image size: 32
  LR:         0.1
  Momentum:   0.9 (nesterov=True)
  Optimizer:  sgd
  Weight dec: 0.0005 (on BN/bias=False)
  Backend:    mpi
  Algorithm:  built-in (no hook)
  Epochs:     20
  Batch/rank: 4
  LR:         0.1
  Scheduler:  cosine
  Warmup:     0
  Grad clip:  None
  Drop last:  True
  Data dir:   ./data
================================================================================


================================================================================
Distributed Training: WIDE_RESNET50_2 on CIFAR10
Backend: MPI, Algorithm: built-in (no hook)
================================================================================
Ranks: 32, Epochs: 20, Batch/rank: 4, Effective batch: 128
LR: 0.1, Device: cuda:0

[Cache] Pretrained weights cache (TORCH_HOME) = /lustre/orion/gen243/proj-shared/matilderestelli/pretrained_weights_cache
[Setup] Model on cuda:0, wrapped in DDP (static_graph=True)
[Setup] No hook — using DDP built-in MPI allreduce
[Optim] SGD: lr=0.1 momentum=0.9 nesterov=True wd=0.0005 wd_on_bn_bias=False
[Optim]   group 0: 66,778,816 params, wd=0.0005
[Optim]   group 1: 68,234 params, wd=0.0
[Data] Train batches: 390, Val batches: 2500

[Sched] cosine: steps/epoch=390, total_steps=7800, warmup_steps=0 (0 epochs)


[Epoch 1] Training... (lr at epoch start=0.100000)
  Batch [50/390] Loss: 18.9332, Acc: 8.50%, lr: 0.099990
  Batch [100/390] Loss: 10.6576, Acc: 10.75%, lr: 0.099959
  Batch [150/390] Loss: 7.8779, Acc: 10.33%, lr: 0.099909
  Batch [200/390] Loss: 6.4865, Acc: 11.25%, lr: 0.099838
  Batch [250/390] Loss: 5.6483, Acc: 12.00%, lr: 0.099747
  Batch [300/390] Loss: 5.0824, Acc: 13.42%, lr: 0.099635
  Batch [350/390] Loss: 4.6859, Acc: 13.93%, lr: 0.099504
[Epoch 1] Train Loss: 4.4423, Acc: 13.85%  |  Val Loss: 2.5048, Acc: 16.07%  |  Time: 56.7s
[Epoch 1] t_iter median: 62.33 ms  (fwd 12.03 | bwd+comm 44.78 | opt 5.37 | data 0.07)  |  train-only epoch: 31.9s
  -> Best model saved (16.07%)
[Epoch 1] Summarizing hook timing...
[HOOK_TIMING_SUMMARY] epoch=1 no hook timing samples
[Epoch 1] Hook timing summary done

[Epoch 2] Training... (lr at epoch start=0.099384)
  Batch [50/390] Loss: 2.2882, Acc: 11.50%, lr: 0.099217
  Batch [100/390] Loss: 2.2465, Acc: 13.75%, lr: 0.099029
  Batch [150/390] Loss: 2.2387, Acc: 15.17%, lr: 0.098822
  Batch [200/390] Loss: 2.2260, Acc: 15.00%, lr: 0.098595
  Batch [250/390] Loss: 2.2121, Acc: 16.80%, lr: 0.098348
  Batch [300/390] Loss: 2.2073, Acc: 17.33%, lr: 0.098082
  Batch [350/390] Loss: 2.1910, Acc: 17.64%, lr: 0.097796
[Epoch 2] Train Loss: 2.1807, Acc: 18.33%  |  Val Loss: 2.0453, Acc: 25.37%  |  Time: 49.5s
[Epoch 2] t_iter median: 62.85 ms  (fwd 12.19 | bwd+comm 45.23 | opt 5.38 | data 0.07)  |  train-only epoch: 24.6s
  -> Best model saved (25.37%)
[Epoch 2] Summarizing hook timing...
[HOOK_TIMING_SUMMARY] epoch=2 no hook timing samples
[Epoch 2] Hook timing summary done

[Epoch 3] Training... (lr at epoch start=0.097553)
  Batch [50/390] Loss: 2.0341, Acc: 21.00%, lr: 0.097232
  Batch [100/390] Loss: 2.1081, Acc: 17.50%, lr: 0.096892
  Batch [150/390] Loss: 2.0772, Acc: 22.67%, lr: 0.096533
  Batch [200/390] Loss: 2.0493, Acc: 23.88%, lr: 0.096155
  Batch [250/390] Loss: 2.0258, Acc: 24.40%, lr: 0.095759
  Batch [300/390] Loss: 2.0123, Acc: 24.67%, lr: 0.095344
  Batch [350/390] Loss: 2.0185, Acc: 24.21%, lr: 0.094910
[Epoch 3] Train Loss: 2.0066, Acc: 24.62%  |  Val Loss: 1.8674, Acc: 30.43%  |  Time: 49.4s
[Epoch 3] t_iter median: 63.01 ms  (fwd 12.28 | bwd+comm 45.21 | opt 5.37 | data 0.07)  |  train-only epoch: 24.6s
  -> Best model saved (30.43%)
[Epoch 3] Summarizing hook timing...
[HOOK_TIMING_SUMMARY] epoch=3 no hook timing samples
[Epoch 3] Hook timing summary done

[Epoch 4] Training... (lr at epoch start=0.094550)
  Batch [50/390] Loss: 1.8664, Acc: 26.00%, lr: 0.094084
  Batch [100/390] Loss: 1.8969, Acc: 26.25%, lr: 0.093600
  Batch [150/390] Loss: 1.8612, Acc: 26.67%, lr: 0.093098
  Batch [200/390] Loss: 1.8896, Acc: 26.88%, lr: 0.092579
  Batch [250/390] Loss: 1.8860, Acc: 27.60%, lr: 0.092043
  Batch [300/390] Loss: 1.8461, Acc: 30.00%, lr: 0.091489
  Batch [350/390] Loss: 1.8550, Acc: 30.36%, lr: 0.090919
[Epoch 4] Train Loss: 1.8470, Acc: 30.64%  |  Val Loss: 1.7955, Acc: 34.65%  |  Time: 49.8s
[Epoch 4] t_iter median: 63.08 ms  (fwd 12.34 | bwd+comm 45.28 | opt 5.38 | data 0.07)  |  train-only epoch: 24.7s
  -> Best model saved (34.65%)
[Epoch 4] Summarizing hook timing...
[HOOK_TIMING_SUMMARY] epoch=4 no hook timing samples
[Epoch 4] Hook timing summary done

[Epoch 5] Training... (lr at epoch start=0.090451)
  Batch [50/390] Loss: 1.7582, Acc: 37.00%, lr: 0.089851
  Batch [100/390] Loss: 1.7668, Acc: 35.50%, lr: 0.089235
  Batch [150/390] Loss: 1.7424, Acc: 35.33%, lr: 0.088603
  Batch [200/390] Loss: 1.7170, Acc: 36.75%, lr: 0.087955
  Batch [250/390] Loss: 1.7326, Acc: 36.20%, lr: 0.087292
  Batch [300/390] Loss: 1.7251, Acc: 37.00%, lr: 0.086613
  Batch [350/390] Loss: 1.7186, Acc: 37.79%, lr: 0.085920
[Epoch 5] Train Loss: 1.7142, Acc: 38.53%  |  Val Loss: 1.5731, Acc: 42.80%  |  Time: 49.9s
[Epoch 5] t_iter median: 63.20 ms  (fwd 12.39 | bwd+comm 45.37 | opt 5.38 | data 0.08)  |  train-only epoch: 24.8s
  -> Best model saved (42.80%)
[Epoch 5] Summarizing hook timing...
[HOOK_TIMING_SUMMARY] epoch=5 no hook timing samples
[Epoch 5] Hook timing summary done

[Epoch 6] Training... (lr at epoch start=0.085355)
  Batch [50/390] Loss: 1.4851, Acc: 41.50%, lr: 0.084636
  Batch [100/390] Loss: 1.5570, Acc: 39.50%, lr: 0.083903
  Batch [150/390] Loss: 1.5742, Acc: 38.83%, lr: 0.083156
  Batch [200/390] Loss: 1.5425, Acc: 41.00%, lr: 0.082396
  Batch [250/390] Loss: 1.5384, Acc: 41.50%, lr: 0.081622
  Batch [300/390] Loss: 1.5375, Acc: 42.75%, lr: 0.080836
  Batch [350/390] Loss: 1.5344, Acc: 42.93%, lr: 0.080037
[Epoch 6] Train Loss: 1.5151, Acc: 44.10%  |  Val Loss: 1.4080, Acc: 48.71%  |  Time: 50.0s
[Epoch 6] t_iter median: 63.21 ms  (fwd 12.46 | bwd+comm 45.28 | opt 5.38 | data 0.07)  |  train-only epoch: 24.8s
  -> Best model saved (48.71%)
[Epoch 6] Summarizing hook timing...
[HOOK_TIMING_SUMMARY] epoch=6 no hook timing samples
[Epoch 6] Hook timing summary done

[Epoch 7] Training... (lr at epoch start=0.079389)
  Batch [50/390] Loss: 1.4625, Acc: 46.00%, lr: 0.078569
  Batch [100/390] Loss: 1.5277, Acc: 43.75%, lr: 0.077737
  Batch [150/390] Loss: 1.4649, Acc: 47.00%, lr: 0.076893
  Batch [200/390] Loss: 1.4630, Acc: 46.88%, lr: 0.076039
  Batch [250/390] Loss: 1.4574, Acc: 47.30%, lr: 0.075174
  Batch [300/390] Loss: 1.4460, Acc: 47.42%, lr: 0.074299
  Batch [350/390] Loss: 1.4177, Acc: 48.86%, lr: 0.073414
[Epoch 7] Train Loss: 1.3960, Acc: 49.68%  |  Val Loss: 1.2607, Acc: 53.85%  |  Time: 50.1s
[Epoch 7] t_iter median: 63.29 ms  (fwd 12.48 | bwd+comm 45.31 | opt 5.38 | data 0.07)  |  train-only epoch: 24.8s
  -> Best model saved (53.85%)
[Epoch 7] Summarizing hook timing...
[HOOK_TIMING_SUMMARY] epoch=7 no hook timing samples
[Epoch 7] Hook timing summary done

[Epoch 8] Training... (lr at epoch start=0.072700)
  Batch [50/390] Loss: 1.4782, Acc: 41.50%, lr: 0.071798
  Batch [100/390] Loss: 1.3692, Acc: 48.00%, lr: 0.070887
  Batch [150/390] Loss: 1.2707, Acc: 54.17%, lr: 0.069968
  Batch [200/390] Loss: 1.2932, Acc: 53.50%, lr: 0.069041
  Batch [250/390] Loss: 1.2563, Acc: 54.90%, lr: 0.068106
  Batch [300/390] Loss: 1.2510, Acc: 55.67%, lr: 0.067164
  Batch [350/390] Loss: 1.2349, Acc: 56.50%, lr: 0.066215
[Epoch 8] Train Loss: 1.2366, Acc: 56.28%  |  Val Loss: 1.1307, Acc: 60.58%  |  Time: 50.3s
[Epoch 8] t_iter median: 63.43 ms  (fwd 12.50 | bwd+comm 45.43 | opt 5.38 | data 0.08)  |  train-only epoch: 24.9s
  -> Best model saved (60.58%)
[Epoch 8] Summarizing hook timing...
[HOOK_TIMING_SUMMARY] epoch=8 no hook timing samples
[Epoch 8] Hook timing summary done

[Epoch 9] Training... (lr at epoch start=0.065451)
  Batch [50/390] Loss: 1.1106, Acc: 61.50%, lr: 0.064490
  Batch [100/390] Loss: 1.1359, Acc: 58.75%, lr: 0.063524
  Batch [150/390] Loss: 1.1523, Acc: 58.17%, lr: 0.062551
  Batch [200/390] Loss: 1.1244, Acc: 60.00%, lr: 0.061574
  Batch [250/390] Loss: 1.1039, Acc: 60.80%, lr: 0.060592
  Batch [300/390] Loss: 1.0862, Acc: 61.42%, lr: 0.059606
  Batch [350/390] Loss: 1.0781, Acc: 61.57%, lr: 0.058616
[Epoch 9] Train Loss: 1.0861, Acc: 61.22%  |  Val Loss: 0.9852, Acc: 65.47%  |  Time: 51.8s
[Epoch 9] t_iter median: 63.34 ms  (fwd 12.65 | bwd+comm 45.18 | opt 5.39 | data 0.08)  |  train-only epoch: 24.8s
  -> Best model saved (65.47%)
[Epoch 9] Summarizing hook timing...
[HOOK_TIMING_SUMMARY] epoch=9 no hook timing samples
[Epoch 9] Hook timing summary done

[Epoch 10] Training... (lr at epoch start=0.057822)
  Batch [50/390] Loss: 1.0058, Acc: 64.00%, lr: 0.056826
  Batch [100/390] Loss: 1.0631, Acc: 61.25%, lr: 0.055827
  Batch [150/390] Loss: 0.9858, Acc: 64.00%, lr: 0.054826
  Batch [200/390] Loss: 0.9649, Acc: 64.50%, lr: 0.053823
  Batch [250/390] Loss: 0.9747, Acc: 64.50%, lr: 0.052818
  Batch [300/390] Loss: 0.9817, Acc: 64.75%, lr: 0.051812
  Batch [350/390] Loss: 0.9798, Acc: 64.93%, lr: 0.050806
[Epoch 10] Train Loss: 0.9841, Acc: 64.74%  |  Val Loss: 0.8654, Acc: 70.05%  |  Time: 50.4s
[Epoch 10] t_iter median: 63.39 ms  (fwd 12.53 | bwd+comm 45.31 | opt 5.38 | data 0.07)  |  train-only epoch: 24.9s
  -> Best model saved (70.05%)
[Epoch 10] Summarizing hook timing...
[HOOK_TIMING_SUMMARY] epoch=10 no hook timing samples
[Epoch 10] Hook timing summary done

[Epoch 11] Training... (lr at epoch start=0.050000)
  Batch [50/390] Loss: 0.8786, Acc: 68.00%, lr: 0.048993
  Batch [100/390] Loss: 0.8758, Acc: 67.50%, lr: 0.047987
  Batch [150/390] Loss: 0.9004, Acc: 67.67%, lr: 0.046981
  Batch [200/390] Loss: 0.8882, Acc: 68.75%, lr: 0.045977
  Batch [250/390] Loss: 0.8696, Acc: 69.90%, lr: 0.044974
  Batch [300/390] Loss: 0.8589, Acc: 70.17%, lr: 0.043973
  Batch [350/390] Loss: 0.8494, Acc: 70.79%, lr: 0.042975
[Epoch 11] Train Loss: 0.8518, Acc: 70.96%  |  Val Loss: 0.7581, Acc: 73.64%  |  Time: 50.5s
[Epoch 11] t_iter median: 63.41 ms  (fwd 12.55 | bwd+comm 45.31 | opt 5.38 | data 0.07)  |  train-only epoch: 24.9s
  -> Best model saved (73.64%)
[Epoch 11] Summarizing hook timing...
[HOOK_TIMING_SUMMARY] epoch=11 no hook timing samples
[Epoch 11] Hook timing summary done

[Epoch 12] Training... (lr at epoch start=0.042178)
  Batch [50/390] Loss: 0.7119, Acc: 73.50%, lr: 0.041185
  Batch [100/390] Loss: 0.7683, Acc: 70.25%, lr: 0.040196
  Batch [150/390] Loss: 0.8573, Acc: 68.50%, lr: 0.039211
  Batch [200/390] Loss: 0.8508, Acc: 69.12%, lr: 0.038230
  Batch [250/390] Loss: 0.8419, Acc: 69.50%, lr: 0.037254
  Batch [300/390] Loss: 0.8092, Acc: 71.33%, lr: 0.036283
  Batch [350/390] Loss: 0.7994, Acc: 71.93%, lr: 0.035317
[Epoch 12] Train Loss: 0.7806, Acc: 72.82%  |  Val Loss: 0.7329, Acc: 75.62%  |  Time: 50.5s
[Epoch 12] t_iter median: 63.30 ms  (fwd 12.58 | bwd+comm 45.22 | opt 5.37 | data 0.08)  |  train-only epoch: 24.8s
  -> Best model saved (75.62%)
[Epoch 12] Summarizing hook timing...
[HOOK_TIMING_SUMMARY] epoch=12 no hook timing samples
[Epoch 12] Hook timing summary done

[Epoch 13] Training... (lr at epoch start=0.034549)
  Batch [50/390] Loss: 0.7032, Acc: 74.50%, lr: 0.033595
  Batch [100/390] Loss: 0.7080, Acc: 74.00%, lr: 0.032647
  Batch [150/390] Loss: 0.6776, Acc: 75.83%, lr: 0.031706
  Batch [200/390] Loss: 0.6577, Acc: 76.88%, lr: 0.030773
  Batch [250/390] Loss: 0.6526, Acc: 76.80%, lr: 0.029847
  Batch [300/390] Loss: 0.6427, Acc: 77.25%, lr: 0.028930
  Batch [350/390] Loss: 0.6401, Acc: 77.36%, lr: 0.028021
[Epoch 13] Train Loss: 0.6273, Acc: 78.08%  |  Val Loss: 0.6323, Acc: 78.56%  |  Time: 50.7s
[Epoch 13] t_iter median: 63.47 ms  (fwd 12.65 | bwd+comm 45.29 | opt 5.38 | data 0.07)  |  train-only epoch: 24.9s
  -> Best model saved (78.56%)
[Epoch 13] Summarizing hook timing...
[HOOK_TIMING_SUMMARY] epoch=13 no hook timing samples
[Epoch 13] Hook timing summary done

[Epoch 14] Training... (lr at epoch start=0.027300)
  Batch [50/390] Loss: 0.6138, Acc: 76.00%, lr: 0.026408
  Batch [100/390] Loss: 0.5941, Acc: 77.50%, lr: 0.025525
  Batch [150/390] Loss: 0.6065, Acc: 77.83%, lr: 0.024652
  Batch [200/390] Loss: 0.6205, Acc: 78.50%, lr: 0.023789
  Batch [250/390] Loss: 0.6162, Acc: 78.50%, lr: 0.022937
  Batch [300/390] Loss: 0.6110, Acc: 78.75%, lr: 0.022096
  Batch [350/390] Loss: 0.5993, Acc: 79.29%, lr: 0.021266
[Epoch 14] Train Loss: 0.6022, Acc: 79.04%  |  Val Loss: 0.5911, Acc: 79.96%  |  Time: 50.7s
[Epoch 14] t_iter median: 63.33 ms  (fwd 12.59 | bwd+comm 45.25 | opt 5.38 | data 0.07)  |  train-only epoch: 24.8s
  -> Best model saved (79.96%)
[Epoch 14] Summarizing hook timing...
[HOOK_TIMING_SUMMARY] epoch=14 no hook timing samples
[Epoch 14] Hook timing summary done

[Epoch 15] Training... (lr at epoch start=0.020611)
  Batch [50/390] Loss: 0.5377, Acc: 79.50%, lr: 0.019802
  Batch [100/390] Loss: 0.5847, Acc: 78.00%, lr: 0.019006
  Batch [150/390] Loss: 0.5883, Acc: 78.33%, lr: 0.018222
  Batch [200/390] Loss: 0.5859, Acc: 79.12%, lr: 0.017451
  Batch [250/390] Loss: 0.5619, Acc: 79.90%, lr: 0.016693
  Batch [300/390] Loss: 0.5498, Acc: 80.42%, lr: 0.015949
  Batch [350/390] Loss: 0.5546, Acc: 80.14%, lr: 0.015219
[Epoch 15] Train Loss: 0.5528, Acc: 80.13%  |  Val Loss: 0.5674, Acc: 80.60%  |  Time: 50.9s
[Epoch 15] t_iter median: 63.43 ms  (fwd 12.62 | bwd+comm 45.35 | opt 5.38 | data 0.08)  |  train-only epoch: 24.9s
  -> Best model saved (80.60%)
[Epoch 15] Summarizing hook timing...
[HOOK_TIMING_SUMMARY] epoch=15 no hook timing samples
[Epoch 15] Hook timing summary done

[Epoch 16] Training... (lr at epoch start=0.014645)
  Batch [50/390] Loss: 0.4373, Acc: 85.50%, lr: 0.013940
  Batch [100/390] Loss: 0.4564, Acc: 85.75%, lr: 0.013250
  Batch [150/390] Loss: 0.4353, Acc: 85.83%, lr: 0.012574
  Batch [200/390] Loss: 0.4445, Acc: 85.62%, lr: 0.011914
  Batch [250/390] Loss: 0.4587, Acc: 84.90%, lr: 0.011270
  Batch [300/390] Loss: 0.4677, Acc: 84.50%, lr: 0.010641
  Batch [350/390] Loss: 0.4553, Acc: 84.57%, lr: 0.010028
[Epoch 16] Train Loss: 0.4589, Acc: 84.49%  |  Val Loss: 0.5046, Acc: 82.86%  |  Time: 50.9s
[Epoch 16] t_iter median: 63.35 ms  (fwd 12.66 | bwd+comm 45.19 | opt 5.38 | data 0.07)  |  train-only epoch: 24.9s
  -> Best model saved (82.86%)
[Epoch 16] Summarizing hook timing...
[HOOK_TIMING_SUMMARY] epoch=16 no hook timing samples
[Epoch 16] Hook timing summary done

[Epoch 17] Training... (lr at epoch start=0.009549)
  Batch [50/390] Loss: 0.5779, Acc: 80.50%, lr: 0.008966
  Batch [100/390] Loss: 0.5079, Acc: 82.25%, lr: 0.008399
  Batch [150/390] Loss: 0.5025, Acc: 82.17%, lr: 0.007848
  Batch [200/390] Loss: 0.4649, Acc: 83.75%, lr: 0.007315
  Batch [250/390] Loss: 0.4706, Acc: 83.80%, lr: 0.006800
  Batch [300/390] Loss: 0.4520, Acc: 84.08%, lr: 0.006302
  Batch [350/390] Loss: 0.4418, Acc: 84.36%, lr: 0.005821
[Epoch 17] Train Loss: 0.4469, Acc: 84.10%  |  Val Loss: 0.4847, Acc: 84.18%  |  Time: 50.9s
[Epoch 17] t_iter median: 63.26 ms  (fwd 12.71 | bwd+comm 45.09 | opt 5.38 | data 0.08)  |  train-only epoch: 24.9s
  -> Best model saved (84.18%)
[Epoch 17] Summarizing hook timing...
[HOOK_TIMING_SUMMARY] epoch=17 no hook timing samples
[Epoch 17] Hook timing summary done

[Epoch 18] Training... (lr at epoch start=0.005450)
  Batch [50/390] Loss: 0.4708, Acc: 80.50%, lr: 0.005002
  Batch [100/390] Loss: 0.4096, Acc: 83.50%, lr: 0.004572
  Batch [150/390] Loss: 0.4249, Acc: 83.33%, lr: 0.004160
  Batch [200/390] Loss: 0.4250, Acc: 84.25%, lr: 0.003768
  Batch [250/390] Loss: 0.4311, Acc: 84.50%, lr: 0.003394
  Batch [300/390] Loss: 0.4123, Acc: 85.25%, lr: 0.003038
  Batch [350/390] Loss: 0.3983, Acc: 85.86%, lr: 0.002702
[Epoch 18] Train Loss: 0.4108, Acc: 85.71%  |  Val Loss: 0.4560, Acc: 85.00%  |  Time: 51.0s
[Epoch 18] t_iter median: 63.50 ms  (fwd 12.79 | bwd+comm 45.17 | opt 5.38 | data 0.08)  |  train-only epoch: 24.9s
  -> Best model saved (85.00%)
[Epoch 18] Summarizing hook timing...
[HOOK_TIMING_SUMMARY] epoch=18 no hook timing samples
[Epoch 18] Hook timing summary done

[Epoch 19] Training... (lr at epoch start=0.002447)
  Batch [50/390] Loss: 0.3453, Acc: 89.00%, lr: 0.002146
  Batch [100/390] Loss: 0.3345, Acc: 87.50%, lr: 0.001864
  Batch [150/390] Loss: 0.3537, Acc: 87.67%, lr: 0.001601
  Batch [200/390] Loss: 0.3497, Acc: 88.12%, lr: 0.001358
  Batch [250/390] Loss: 0.3654, Acc: 87.50%, lr: 0.001135
  Batch [300/390] Loss: 0.4031, Acc: 86.00%, lr: 0.000931
  Batch [350/390] Loss: 0.3940, Acc: 86.50%, lr: 0.000748
[Epoch 19] Train Loss: 0.3980, Acc: 86.41%  |  Val Loss: 0.4200, Acc: 86.07%  |  Time: 51.2s
[Epoch 19] t_iter median: 63.45 ms  (fwd 12.67 | bwd+comm 45.28 | opt 5.38 | data 0.08)  |  train-only epoch: 24.9s
  -> Best model saved (86.07%)
[Epoch 19] Summarizing hook timing...
[HOOK_TIMING_SUMMARY] epoch=19 no hook timing samples
[Epoch 19] Hook timing summary done

[Epoch 20] Training... (lr at epoch start=0.000616)
  Batch [50/390] Loss: 0.3588, Acc: 87.50%, lr: 0.000468
  Batch [100/390] Loss: 0.3800, Acc: 86.00%, lr: 0.000341
  Batch [150/390] Loss: 0.3630, Acc: 86.50%, lr: 0.000233
  Batch [200/390] Loss: 0.3493, Acc: 87.00%, lr: 0.000146
  Batch [250/390] Loss: 0.3493, Acc: 87.00%, lr: 0.000079
  Batch [300/390] Loss: 0.3479, Acc: 87.50%, lr: 0.000033
  Batch [350/390] Loss: 0.3376, Acc: 87.79%, lr: 0.000006
[Epoch 20] Train Loss: 0.3362, Acc: 87.76%  |  Val Loss: 0.4272, Acc: 85.92%  |  Time: 51.2s
[Epoch 20] t_iter median: 63.41 ms  (fwd 12.70 | bwd+comm 45.26 | opt 5.38 | data 0.08)  |  train-only epoch: 24.9s
[Epoch 20] Summarizing hook timing...
[HOOK_TIMING_SUMMARY] epoch=20 no hook timing samples
[Epoch 20] Hook timing summary done

================================================================================
Done in 1042.5s | Best val acc: 86.07%
Epoch times (train+val): mean=50.8s  min=49.4s  max=56.7s
Train-only epoch time (epochs 2..N): median=24.85s  min=24.61s  max=24.92s
  -> use this for STRONG scaling (fixed global batch)
  -> use t_iter_median_ms from the CSV for WEAK scaling (fixed local batch)
================================================================================
=== Finished training: model=wide_resnet50_2, dataset=cifar10, batch=4, lr=0.1, scheduler=cosine, backend=mpi, hook=none, zfp_rate=none, status=0 at Mon Jul 20 10:43:24 AM EDT 2026 ===
=== Starting: model=wide_resnet50_2, ws=32, bs=4, gb=128, lr=0.1, sched=cosine, warmup=0, mom=0.9, wd=5e-4, nesterov=true, wd_bn_bias=false, backend=mpi, hook=ring, zfp=none at Mon Jul 20 10:43:24 AM EDT 2026 ===
MIOPEN_USER_DB_PATH=/mnt/bb/matilderestelli/miopen_cache_5035615/miopen_db
MIOPEN_CUSTOM_CACHE_DIR=/mnt/bb/matilderestelli/miopen_cache_5035615/kernel_cache
drwxr-sr-x 2 matilderestelli gen243 103 Jul 20 10:26 /mnt/bb/matilderestelli/miopen_cache_5035615/miopen_db
==== GPU visibility debug (batch shell) ====
frontier10349
ROCR_VISIBLE_DEVICES=0,1,2,3,4,5,6,7
SLURM_JOB_GPUS=0,1,2,3,4,5,6,7
[37mROCk module version 6.16.13 is loaded[0m
=====================    
HSA System Attributes    
=====================    
Runtime Version:         1.18
Runtime Ext Version:     1.14
System Timestamp Freq.:  1000.000000MHz
Sig. Max Wait Duration:  18446744073709551615 (0xFFFFFFFFFFFFFFFF) (timestamp count)
Machine Model:           LARGE                              
System Endianness:       LITTLE                             
Mwaitx:                  DISABLED
XNACK enabled:           NO
DMAbuf Support:          YES
VMM Support:             YES

==========               
HSA Agents               
==========               
*******                  
Agent 1                  
*******                  
  Name:                    AMD EPYC 7A53 64-Core Processor    
  Uuid:                    CPU-XX                             
  Marketing Name:          AMD EPYC 7A53 64-Core Processor    
  Vendor Name:             CPU                                
  Feature:                 None specified                     
  Profile:                 FULL_PROFILE                       
  Float Round Mode:        NEAR                               
  Max Queue Number:        0(0x0)                             
  Queue Min Size:          0(0x0)                             

================================================================================
DISTRIBUTED TRAINING LAUNCHER
================================================================================
  Model:      wide_resnet50_2 (CIFAR stem) (from scratch)
  Dataset:    cifar10 (10 classes)
  Image size: 32
  LR:         0.1
  Momentum:   0.9 (nesterov=True)
  Optimizer:  sgd
  Weight dec: 0.0005 (on BN/bias=False)
  Backend:    mpi
  Algorithm:  ring
  Epochs:     20
  Batch/rank: 4
  LR:         0.1
  Scheduler:  cosine
  Warmup:     0
  Grad clip:  None
  Drop last:  True
  Data dir:   ./data
================================================================================


================================================================================
DISTRIBUTED TRAINING LAUNCHER
================================================================================
  Model:      wide_resnet50_2 (CIFAR stem) (from scratch)
  Dataset:    cifar10 (10 classes)
  Image size: 32
  LR:         0.1
  Momentum:   0.9 (nesterov=True)
  Optimizer:  sgd
  Weight dec: 0.0005 (on BN/bias=False)
  Backend:    mpi
  Algorithm:  ring
  Epochs:     20
  Batch/rank: 4
  LR:         0.1
  Scheduler:  cosine
  Warmup:     0
  Grad clip:  None
  Drop last:  True
  Data dir:   ./data
================================================================================


================================================================================
DISTRIBUTED TRAINING LAUNCHER
================================================================================
  Model:      wide_resnet50_2 (CIFAR stem) (from scratch)
  Dataset:    cifar10 (10 classes)
  Image size: 32
  LR:         0.1
  Momentum:   0.9 (nesterov=True)
  Optimizer:  sgd
  Weight dec: 0.0005 (on BN/bias=False)
  Backend:    mpi
  Algorithm:  ring
  Epochs:     20
  Batch/rank: 4
  LR:         0.1
  Scheduler:  cosine
  Warmup:     0
  Grad clip:  None
  Drop last:  True
  Data dir:   ./data
================================================================================


================================================================================
DISTRIBUTED TRAINING LAUNCHER
================================================================================
  Model:      wide_resnet50_2 (CIFAR stem) (from scratch)
  Dataset:    cifar10 (10 classes)
  Image size: 32
  LR:         0.1
  Momentum:   0.9 (nesterov=True)
  Optimizer:  sgd
  Weight dec: 0.0005 (on BN/bias=False)
  Backend:    mpi
  Algorithm:  ring
  Epochs:     20
  Batch/rank: 4
  LR:         0.1
  Scheduler:  cosine
  Warmup:     0
  Grad clip:  None
  Drop last:  True
  Data dir:   ./data
================================================================================


================================================================================
DISTRIBUTED TRAINING LAUNCHER
================================================================================
  Model:      wide_resnet50_2 (CIFAR stem) (from scratch)
  Dataset:    cifar10 (10 classes)
  Image size: 32
  LR:         0.1
  Momentum:   0.9 (nesterov=True)
  Optimizer:  sgd
  Weight dec: 0.0005 (on BN/bias=False)
  Backend:    mpi
  Algorithm:  ring
  Epochs:     20
  Batch/rank: 4
  LR:         0.1
  Scheduler:  cosine
  Warmup:     0
  Grad clip:  None
  Drop last:  True
  Data dir:   ./data
================================================================================


================================================================================
DISTRIBUTED TRAINING LAUNCHER
================================================================================
  Model:      wide_resnet50_2 (CIFAR stem) (from scratch)
  Dataset:    cifar10 (10 classes)
  Image size: 32
  LR:         0.1
  Momentum:   0.9 (nesterov=True)
  Optimizer:  sgd
  Weight dec: 0.0005 (on BN/bias=False)
  Backend:    mpi
  Algorithm:  ring
  Epochs:     20
  Batch/rank: 4
  LR:         0.1
  Scheduler:  cosine
  Warmup:     0
  Grad clip:  None
  Drop last:  True
  Data dir:   ./data
================================================================================


================================================================================
DISTRIBUTED TRAINING LAUNCHER
================================================================================
  Model:      wide_resnet50_2 (CIFAR stem) (from scratch)
  Dataset:    cifar10 (10 classes)
  Image size: 32
  LR:         0.1
  Momentum:   0.9 (nesterov=True)
  Optimizer:  sgd
  Weight dec: 0.0005 (on BN/bias=False)
  Backend:    mpi
  Algorithm:  ring
  Epochs:     20
  Batch/rank: 4
  LR:         0.1
  Scheduler:  cosine
  Warmup:     0
  Grad clip:  None
  Drop last:  True
  Data dir:   ./data
================================================================================


================================================================================
DISTRIBUTED TRAINING LAUNCHER
================================================================================
  Model:      wide_resnet50_2 (CIFAR stem) (from scratch)
  Dataset:    cifar10 (10 classes)
  Image size: 32
  LR:         0.1
  Momentum:   0.9 (nesterov=True)
  Optimizer:  sgd
  Weight dec: 0.0005 (on BN/bias=False)
  Backend:    mpi
  Algorithm:  ring
  Epochs:     20
  Batch/rank: 4
  LR:         0.1
  Scheduler:  cosine
  Warmup:     0
  Grad clip:  None
  Drop last:  True
  Data dir:   ./data
================================================================================


================================================================================
DISTRIBUTED TRAINING LAUNCHER
================================================================================
  Model:      wide_resnet50_2 (CIFAR stem) (from scratch)
  Dataset:    cifar10 (10 classes)
  Image size: 32
  LR:         0.1
  Momentum:   0.9 (nesterov=True)
  Optimizer:  sgd
  Weight dec: 0.0005 (on BN/bias=False)
  Backend:    mpi
  Algorithm:  ring
  Epochs:     20
  Batch/rank: 4
  LR:         0.1
  Scheduler:  cosine
  Warmup:     0
  Grad clip:  None
  Drop last:  True
  Data dir:   ./data
================================================================================


================================================================================
DISTRIBUTED TRAINING LAUNCHER
================================================================================
  Model:      wide_resnet50_2 (CIFAR stem) (from scratch)
  Dataset:    cifar10 (10 classes)
  Image size: 32
  LR:         0.1
  Momentum:   0.9 (nesterov=True)
  Optimizer:  sgd
  Weight dec: 0.0005 (on BN/bias=False)
  Backend:    mpi
  Algorithm:  ring
  Epochs:     20
  Batch/rank: 4
  LR:         0.1
  Scheduler:  cosine
  Warmup:     0
  Grad clip:  None
  Drop last:  True
  Data dir:   ./data
================================================================================


================================================================================
DISTRIBUTED TRAINING LAUNCHER
================================================================================
  Model:      wide_resnet50_2 (CIFAR stem) (from scratch)
  Dataset:    cifar10 (10 classes)
  Image size: 32
  LR:         0.1
  Momentum:   0.9 (nesterov=True)
  Optimizer:  sgd
  Weight dec: 0.0005 (on BN/bias=False)
  Backend:    mpi
  Algorithm:  ring
  Epochs:     20
  Batch/rank: 4
  LR:         0.1
  Scheduler:  cosine
  Warmup:     0
  Grad clip:  None
  Drop last:  True
  Data dir:   ./data
================================================================================


================================================================================
DISTRIBUTED TRAINING LAUNCHER
================================================================================
  Model:      wide_resnet50_2 (CIFAR stem) (from scratch)
  Dataset:    cifar10 (10 classes)
  Image size: 32
  LR:         0.1
  Momentum:   0.9 (nesterov=True)
  Optimizer:  sgd
  Weight dec: 0.0005 (on BN/bias=False)
  Backend:    mpi
  Algorithm:  ring
  Epochs:     20
  Batch/rank: 4
  LR:         0.1
  Scheduler:  cosine
  Warmup:     0
  Grad clip:  None
  Drop last:  True
  Data dir:   ./data
================================================================================


================================================================================
DISTRIBUTED TRAINING LAUNCHER
================================================================================
  Model:      wide_resnet50_2 (CIFAR stem) (from scratch)
  Dataset:    cifar10 (10 classes)
  Image size: 32
  LR:         0.1
  Momentum:   0.9 (nesterov=True)
  Optimizer:  sgd
  Weight dec: 0.0005 (on BN/bias=False)
  Backend:    mpi
  Algorithm:  ring
  Epochs:     20
  Batch/rank: 4
  LR:         0.1
  Scheduler:  cosine
  Warmup:     0
  Grad clip:  None
  Drop last:  True
  Data dir:   ./data
================================================================================


================================================================================
DISTRIBUTED TRAINING LAUNCHER
================================================================================
  Model:      wide_resnet50_2 (CIFAR stem) (from scratch)
  Dataset:    cifar10 (10 classes)
  Image size: 32
  LR:         0.1
  Momentum:   0.9 (nesterov=True)
  Optimizer:  sgd
  Weight dec: 0.0005 (on BN/bias=False)
  Backend:    mpi
  Algorithm:  ring
  Epochs:     20
  Batch/rank: 4
  LR:         0.1
  Scheduler:  cosine
  Warmup:     0
  Grad clip:  None
  Drop last:  True

================================================================================
DISTRIBUTED TRAINING LAUNCHER
================================================================================
  Model:      wide_resnet50_2 (CIFAR stem) (from scratch)
  Dataset:    cifar10 (10 classes)
  Image size: 32
  LR:         0.1
  Momentum:   0.9 (nesterov=True)
  Optimizer:  sgd
  Weight dec: 0.0005 (on BN/bias=False)
  Backend:    mpi
  Algorithm:  ring
  Epochs:     20
  Batch/rank: 4
  LR:         0.1
  Scheduler:  cosine
  Warmup:     0
  Grad clip:  None
  Drop last:  True
  Data dir:   ./data
================================================================================


================================================================================
DISTRIBUTED TRAINING LAUNCHER
================================================================================
  Model:      wide_resnet50_2 (CIFAR stem) (from scratch)
  Dataset:    cifar10 (10 classes)
  Image size: 32
  LR:         0.1
  Momentum:   0.9 (nesterov=True)
  Optimizer:  sgd
  Weight dec: 0.0005 (on BN/bias=False)
  Backend:    mpi
  Algorithm:  ring
  Epochs:     20
  Batch/rank: 4
  LR:         0.1
  Scheduler:  cosine
  Warmup:     0
  Grad clip:  None
  Data dir:   ./data
================================================================================


================================================================================
DISTRIBUTED TRAINING LAUNCHER
================================================================================
  Model:      wide_resnet50_2 (CIFAR stem) (from scratch)
  Dataset:    cifar10 (10 classes)
  Image size: 32
  LR:         0.1
  Momentum:   0.9 (nesterov=True)
  Optimizer:  sgd
  Weight dec: 0.0005 (on BN/bias=False)
  Backend:    mpi
  Algorithm:  ring
  Epochs:     20
  Batch/rank: 4
  LR:         0.1
  Scheduler:  cosine
  Warmup:     0
  Grad clip:  None
  Drop last:  True
  Data dir:   ./data
================================================================================

  Drop last:  True
  Data dir:   ./data
================================================================================


================================================================================
DISTRIBUTED TRAINING LAUNCHER
================================================================================
  Model:      wide_resnet50_2 (CIFAR stem) (from scratch)
  Dataset:    cifar10 (10 classes)
  Image size: 32
  LR:         0.1
  Momentum:   0.9 (nesterov=True)
  Optimizer:  sgd
  Weight dec: 0.0005 (on BN/bias=False)
  Backend:    mpi
  Algorithm:  ring
  Epochs:     20
  Batch/rank: 4
  LR:         0.1
  Scheduler:  cosine
  Warmup:     0
  Grad clip:  None
  Drop last:  True
  Data dir:   ./data
================================================================================


================================================================================
DISTRIBUTED TRAINING LAUNCHER
================================================================================
  Model:      wide_resnet50_2 (CIFAR stem) (from scratch)
  Dataset:    cifar10 (10 classes)
  Image size: 32
  LR:         0.1
  Momentum:   0.9 (nesterov=True)
  Optimizer:  sgd
  Weight dec: 0.0005 (on BN/bias=False)
  Backend:    mpi
  Algorithm:  ring
  Epochs:     20
  Batch/rank: 4
  LR:         0.1
  Scheduler:  cosine
  Warmup:     0
  Grad clip:  None
  Drop last:  True
  Data dir:   ./data
================================================================================


================================================================================
DISTRIBUTED TRAINING LAUNCHER
================================================================================
  Model:      wide_resnet50_2 (CIFAR stem) (from scratch)
  Dataset:    cifar10 (10 classes)
  Image size: 32
  LR:         0.1
  Momentum:   0.9 (nesterov=True)
  Optimizer:  sgd
  Weight dec: 0.0005 (on BN/bias=False)
  Backend:    mpi
  Algorithm:  ring
  Epochs:     20
  Batch/rank: 4
  LR:         0.1
  Scheduler:  cosine
  Warmup:     0
  Grad clip:  None
  Drop last:  True
  Data dir:   ./data
================================================================================


================================================================================
DISTRIBUTED TRAINING LAUNCHER
================================================================================
  Model:      wide_resnet50_2 (CIFAR stem) (from scratch)
  Dataset:    cifar10 (10 classes)
  Image size: 32
  LR:         0.1
  Momentum:   0.9 (nesterov=True)
  Optimizer:  sgd
  Weight dec: 0.0005 (on BN/bias=False)
  Backend:    mpi
  Algorithm:  ring
  Epochs:     20
  Batch/rank: 4
  LR:         0.1
  Scheduler:  cosine
  Warmup:     0
  Grad clip:  None
  Drop last:  True
  Data dir:   ./data
================================================================================


================================================================================
DISTRIBUTED TRAINING LAUNCHER
================================================================================
  Model:      wide_resnet50_2 (CIFAR stem) (from scratch)
  Dataset:    cifar10 (10 classes)
  Image size: 32
  LR:         0.1
  Momentum:   0.9 (nesterov=True)
  Optimizer:  sgd
  Weight dec: 0.0005 (on BN/bias=False)
  Backend:    mpi
  Algorithm:  ring
  Epochs:     20
  Batch/rank: 4
  LR:         0.1
  Scheduler:  cosine
  Warmup:     0
  Grad clip:  None
  Drop last:  True
  Data dir:   ./data
================================================================================


================================================================================
DISTRIBUTED TRAINING LAUNCHER
================================================================================
  Model:      wide_resnet50_2 (CIFAR stem) (from scratch)
  Dataset:    cifar10 (10 classes)
  Image size: 32
  LR:         0.1
  Momentum:   0.9 (nesterov=True)
  Optimizer:  sgd
  Weight dec: 0.0005 (on BN/bias=False)
  Backend:    mpi
  Algorithm:  ring
  Epochs:     20
  Batch/rank: 4
  LR:         0.1
  Scheduler:  cosine
  Warmup:     0
  Grad clip:  None
  Drop last:  True
  Data dir:   ./data
================================================================================


================================================================================
DISTRIBUTED TRAINING LAUNCHER
================================================================================
  Model:      wide_resnet50_2 (CIFAR stem) (from scratch)
  Dataset:    cifar10 (10 classes)
  Image size: 32
  LR:         0.1
  Momentum:   0.9 (nesterov=True)
  Optimizer:  sgd
  Weight dec: 0.0005 (on BN/bias=False)
  Backend:    mpi
  Algorithm:  ring
  Epochs:     20
  Batch/rank: 4
  LR:         0.1
  Scheduler:  cosine
  Warmup:     0
  Grad clip:  None
  Drop last:  True
  Data dir:   ./data
================================================================================


================================================================================
DISTRIBUTED TRAINING LAUNCHER
================================================================================
  Model:      wide_resnet50_2 (CIFAR stem) (from scratch)
  Dataset:    cifar10 (10 classes)
  Image size: 32
  LR:         0.1
  Momentum:   0.9 (nesterov=True)
  Optimizer:  sgd
  Weight dec: 0.0005 (on BN/bias=False)
  Backend:    mpi
  Algorithm:  ring
  Epochs:     20
  Batch/rank: 4
  LR:         0.1
  Scheduler:  cosine
  Warmup:     0
  Grad clip:  None
  Drop last:  True
  Data dir:   ./data
================================================================================


================================================================================
DISTRIBUTED TRAINING LAUNCHER
================================================================================
  Model:      wide_resnet50_2 (CIFAR stem) (from scratch)
  Dataset:    cifar10 (10 classes)
  Image size: 32
  LR:         0.1
  Momentum:   0.9 (nesterov=True)
  Optimizer:  sgd
  Weight dec: 0.0005 (on BN/bias=False)
  Backend:    mpi
  Algorithm:  ring
  Epochs:     20
  Batch/rank: 4
  LR:         0.1
  Scheduler:  cosine
  Warmup:     0
  Grad clip:  None
  Drop last:  True
  Data dir:   ./data
================================================================================


================================================================================
DISTRIBUTED TRAINING LAUNCHER
================================================================================
  Model:      wide_resnet50_2 (CIFAR stem) (from scratch)
  Dataset:    cifar10 (10 classes)
  Image size: 32
  LR:         0.1
  Momentum:   0.9 (nesterov=True)
  Optimizer:  sgd
  Weight dec: 0.0005 (on BN/bias=False)
  Backend:    mpi
  Algorithm:  ring
  Epochs:     20
  Batch/rank: 4
  LR:         0.1
  Scheduler:  cosine
  Warmup:     0
  Grad clip:  None
  Drop last:  True
  Data dir:   ./data
================================================================================


================================================================================
DISTRIBUTED TRAINING LAUNCHER
================================================================================
  Model:      wide_resnet50_2 (CIFAR stem) (from scratch)
  Dataset:    cifar10 (10 classes)
  Image size: 32
  LR:         0.1
  Momentum:   0.9 (nesterov=True)
  Optimizer:  sgd
  Weight dec: 0.0005 (on BN/bias=False)
  Backend:    mpi
  Algorithm:  ring
  Epochs:     20
  Batch/rank: 4
  LR:         0.1
  Scheduler:  cosine
  Warmup:     0
  Grad clip:  None
  Drop last:  True
  Data dir:   ./data
================================================================================


================================================================================
DISTRIBUTED TRAINING LAUNCHER
================================================================================
  Model:      wide_resnet50_2 (CIFAR stem) (from scratch)
  Dataset:    cifar10 (10 classes)
  Image size: 32
  LR:         0.1
  Momentum:   0.9 (nesterov=True)
  Optimizer:  sgd
  Weight dec: 0.0005 (on BN/bias=False)
  Backend:    mpi
  Algorithm:  ring
  Epochs:     20
  Batch/rank: 4
  LR:         0.1
  Scheduler:  cosine
  Warmup:     0
  Grad clip:  None
  Drop last:  True
  Data dir:   ./data
================================================================================


================================================================================
DISTRIBUTED TRAINING LAUNCHER
================================================================================
  Model:      wide_resnet50_2 (CIFAR stem) (from scratch)
  Dataset:    cifar10 (10 classes)
  Image size: 32
  LR:         0.1
  Momentum:   0.9 (nesterov=True)
  Optimizer:  sgd
  Weight dec: 0.0005 (on BN/bias=False)
  Backend:    mpi
  Algorithm:  ring
  Epochs:     20
  Batch/rank: 4
  LR:         0.1
  Scheduler:  cosine
  Warmup:     0
  Grad clip:  None
  Drop last:  True
  Data dir:   ./data
================================================================================


================================================================================
DISTRIBUTED TRAINING LAUNCHER
================================================================================
  Model:      wide_resnet50_2 (CIFAR stem) (from scratch)
  Dataset:    cifar10 (10 classes)
  Image size: 32
  LR:         0.1
  Momentum:   0.9 (nesterov=True)
  Optimizer:  sgd
  Weight dec: 0.0005 (on BN/bias=False)
  Backend:    mpi
  Algorithm:  ring
  Epochs:     20
  Batch/rank: 4
  LR:         0.1
  Scheduler:  cosine
  Warmup:     0
  Grad clip:  None
  Drop last:  True
  Data dir:   ./data
================================================================================


================================================================================
DISTRIBUTED TRAINING LAUNCHER
================================================================================
  Model:      wide_resnet50_2 (CIFAR stem) (from scratch)
  Dataset:    cifar10 (10 classes)
  Image size: 32
  LR:         0.1
  Momentum:   0.9 (nesterov=True)
  Optimizer:  sgd
  Weight dec: 0.0005 (on BN/bias=False)
  Backend:    mpi
  Algorithm:  ring
  Epochs:     20
  Batch/rank: 4
  LR:         0.1
  Scheduler:  cosine
  Warmup:     0
  Grad clip:  None
  Drop last:  True
  Data dir:   ./data
================================================================================


================================================================================
Distributed Training: WIDE_RESNET50_2 on CIFAR10
Backend: MPI, Algorithm: ring
================================================================================
Ranks: 32, Epochs: 20, Batch/rank: 4, Effective batch: 128
LR: 0.1, Device: cuda:0

[Cache] Pretrained weights cache (TORCH_HOME) = /lustre/orion/gen243/proj-shared/matilderestelli/pretrained_weights_cache
[Setup] Model on cuda:0, wrapped in DDP (static_graph=True)
[Setup] Hook registered: mpi/ring
[Optim] SGD: lr=0.1 momentum=0.9 nesterov=True wd=0.0005 wd_on_bn_bias=False
[Optim]   group 0: 66,778,816 params, wd=0.0005
[Optim]   group 1: 68,234 params, wd=0.0
[Data] Train batches: 390, Val batches: 2500

[Sched] cosine: steps/epoch=390, total_steps=7800, warmup_steps=0 (0 epochs)


[Epoch 1] Training... (lr at epoch start=0.100000)
  Batch [50/390] Loss: 16.6154, Acc: 8.00%, lr: 0.099990
  Batch [100/390] Loss: 9.4859, Acc: 8.75%, lr: 0.099959
  Batch [150/390] Loss: 7.1016, Acc: 9.00%, lr: 0.099909
  Batch [200/390] Loss: 5.9020, Acc: 10.12%, lr: 0.099838
  Batch [250/390] Loss: 5.1838, Acc: 10.20%, lr: 0.099747
  Batch [300/390] Loss: 4.7043, Acc: 10.50%, lr: 0.099635
  Batch [350/390] Loss: 4.3623, Acc: 10.71%, lr: 0.099504
[Epoch 1] Train Loss: 4.1496, Acc: 10.71%  |  Val Loss: 2.3059, Acc: 10.12%  |  Time: 70.6s
[Epoch 1] t_iter median: 111.94 ms  (fwd 12.15 | bwd+comm 94.39 | opt 5.27 | data 0.08)  |  train-only epoch: 46.0s
  -> Best model saved (10.12%)
[Epoch 1] Summarizing hook timing...

[HOOK_TIMING_SUMMARY] epoch=1
[HOOK_WORK_SUMMARY] label=mpi:ring calls=3113 work_total_ms=32132.640 work_mean_ms=10.322 work_min_ms=6.853 work_max_ms=165.203
[HOOK_TAIL_SUMMARY] label=mpi:ring steps=391 tail_total_ms=27998.860 tail_mean_ms=71.608 tail_min_ms=48.436 tail_max_ms=166.863
[Epoch 1] Hook timing summary done

[Epoch 2] Training... (lr at epoch start=0.099384)
  Batch [50/390] Loss: 2.2983, Acc: 13.50%, lr: 0.099217
  Batch [100/390] Loss: 2.3009, Acc: 14.50%, lr: 0.099029
  Batch [150/390] Loss: 2.3042, Acc: 13.33%, lr: 0.098822
  Batch [200/390] Loss: 2.3076, Acc: 12.00%, lr: 0.098595
  Batch [250/390] Loss: 2.3066, Acc: 12.50%, lr: 0.098348
  Batch [300/390] Loss: 2.3044, Acc: 12.25%, lr: 0.098082
  Batch [350/390] Loss: 2.3060, Acc: 11.79%, lr: 0.097796
[Epoch 2] Train Loss: 2.3050, Acc: 11.35%  |  Val Loss: 2.3046, Acc: 10.18%  |  Time: 66.1s
[Epoch 2] t_iter median: 104.42 ms  (fwd 12.24 | bwd+comm 86.96 | opt 5.24 | data 0.07)  |  train-only epoch: 41.6s
  -> Best model saved (10.18%)
[Epoch 2] Summarizing hook timing...

[HOOK_TIMING_SUMMARY] epoch=2
[HOOK_WORK_SUMMARY] label=mpi:ring calls=3120 work_total_ms=29878.262 work_mean_ms=9.576 work_min_ms=6.057 work_max_ms=64.897
[HOOK_TAIL_SUMMARY] label=mpi:ring steps=390 tail_total_ms=25171.370 tail_mean_ms=64.542 tail_min_ms=47.326 tail_max_ms=175.496
[Epoch 2] Hook timing summary done

[Epoch 3] Training... (lr at epoch start=0.097553)
  Batch [50/390] Loss: 2.3075, Acc: 10.00%, lr: 0.097232
  Batch [100/390] Loss: 2.2991, Acc: 11.75%, lr: 0.096892
  Batch [150/390] Loss: 2.2941, Acc: 12.00%, lr: 0.096533
  Batch [200/390] Loss: 2.2908, Acc: 12.12%, lr: 0.096155
  Batch [250/390] Loss: 2.2917, Acc: 12.00%, lr: 0.095759
  Batch [300/390] Loss: 2.2895, Acc: 12.33%, lr: 0.095344
  Batch [350/390] Loss: 2.2934, Acc: 11.86%, lr: 0.094910
[Epoch 3] Train Loss: 2.2867, Acc: 12.37%  |  Val Loss: 2.2369, Acc: 15.77%  |  Time: 65.7s
[Epoch 3] t_iter median: 103.64 ms  (fwd 12.38 | bwd+comm 85.91 | opt 5.23 | data 0.07)  |  train-only epoch: 40.9s
  -> Best model saved (15.77%)
[Epoch 3] Summarizing hook timing...

[HOOK_TIMING_SUMMARY] epoch=3
[HOOK_WORK_SUMMARY] label=mpi:ring calls=3120 work_total_ms=29260.600 work_mean_ms=9.378 work_min_ms=6.329 work_max_ms=70.079
[HOOK_TAIL_SUMMARY] label=mpi:ring steps=390 tail_total_ms=24319.537 tail_mean_ms=62.358 tail_min_ms=50.152 tail_max_ms=335.952
[Epoch 3] Hook timing summary done

[Epoch 4] Training... (lr at epoch start=0.094550)
  Batch [50/390] Loss: 2.1715, Acc: 19.00%, lr: 0.094084
  Batch [100/390] Loss: 2.1747, Acc: 19.00%, lr: 0.093600
  Batch [150/390] Loss: 2.1549, Acc: 17.50%, lr: 0.093098
  Batch [200/390] Loss: 2.1450, Acc: 17.62%, lr: 0.092579
  Batch [250/390] Loss: 2.1444, Acc: 17.00%, lr: 0.092043
  Batch [300/390] Loss: 2.1222, Acc: 18.17%, lr: 0.091489
  Batch [350/390] Loss: 2.1265, Acc: 17.93%, lr: 0.090919
[Epoch 4] Train Loss: 2.1184, Acc: 18.40%  |  Val Loss: 2.0106, Acc: 20.36%  |  Time: 65.5s
[Epoch 4] t_iter median: 103.92 ms  (fwd 12.39 | bwd+comm 86.17 | opt 5.24 | data 0.07)  |  train-only epoch: 40.7s
  -> Best model saved (20.36%)
[Epoch 4] Summarizing hook timing...

[HOOK_TIMING_SUMMARY] epoch=4
[HOOK_WORK_SUMMARY] label=mpi:ring calls=3120 work_total_ms=28995.657 work_mean_ms=9.293 work_min_ms=5.900 work_max_ms=23.986
[HOOK_TAIL_SUMMARY] label=mpi:ring steps=390 tail_total_ms=24280.401 tail_mean_ms=62.257 tail_min_ms=49.177 tail_max_ms=76.923
[Epoch 4] Hook timing summary done

[Epoch 5] Training... (lr at epoch start=0.090451)
  Batch [50/390] Loss: 2.1203, Acc: 17.00%, lr: 0.089851
  Batch [100/390] Loss: 2.1326, Acc: 15.75%, lr: 0.089235
  Batch [150/390] Loss: 2.0851, Acc: 18.83%, lr: 0.088603
  Batch [200/390] Loss: 2.0733, Acc: 19.00%, lr: 0.087955
  Batch [250/390] Loss: 2.0515, Acc: 20.50%, lr: 0.087292
  Batch [300/390] Loss: 2.0371, Acc: 21.50%, lr: 0.086613
  Batch [350/390] Loss: 2.0238, Acc: 22.29%, lr: 0.085920
[Epoch 5] Train Loss: 2.0218, Acc: 23.01%  |  Val Loss: 1.8171, Acc: 30.25%  |  Time: 65.7s
[Epoch 5] t_iter median: 104.02 ms  (fwd 12.41 | bwd+comm 86.31 | opt 5.23 | data 0.07)  |  train-only epoch: 40.8s
  -> Best model saved (30.25%)
[Epoch 5] Summarizing hook timing...

[HOOK_TIMING_SUMMARY] epoch=5
[HOOK_WORK_SUMMARY] label=mpi:ring calls=3120 work_total_ms=29081.189 work_mean_ms=9.321 work_min_ms=5.912 work_max_ms=38.938
[HOOK_TAIL_SUMMARY] label=mpi:ring steps=390 tail_total_ms=24251.565 tail_mean_ms=62.183 tail_min_ms=51.003 tail_max_ms=92.943
[Epoch 5] Hook timing summary done

[Epoch 6] Training... (lr at epoch start=0.085355)
  Batch [50/390] Loss: 1.8371, Acc: 28.50%, lr: 0.084636
  Batch [100/390] Loss: 1.8450, Acc: 27.50%, lr: 0.083903
  Batch [150/390] Loss: 1.8470, Acc: 27.50%, lr: 0.083156
  Batch [200/390] Loss: 1.8160, Acc: 30.38%, lr: 0.082396
  Batch [250/390] Loss: 1.7995, Acc: 30.70%, lr: 0.081622
  Batch [300/390] Loss: 1.7872, Acc: 31.33%, lr: 0.080836
  Batch [350/390] Loss: 1.7910, Acc: 31.14%, lr: 0.080037
[Epoch 6] Train Loss: 1.7736, Acc: 31.86%  |  Val Loss: 1.6239, Acc: 39.42%  |  Time: 66.8s
[Epoch 6] t_iter median: 104.07 ms  (fwd 12.55 | bwd+comm 86.14 | opt 5.24 | data 0.07)  |  train-only epoch: 41.7s
  -> Best model saved (39.42%)
[Epoch 6] Summarizing hook timing...

[HOOK_TIMING_SUMMARY] epoch=6
[HOOK_WORK_SUMMARY] label=mpi:ring calls=3120 work_total_ms=29901.304 work_mean_ms=9.584 work_min_ms=5.943 work_max_ms=159.898
[HOOK_TAIL_SUMMARY] label=mpi:ring steps=390 tail_total_ms=25089.264 tail_mean_ms=64.331 tail_min_ms=49.607 tail_max_ms=464.950
[Epoch 6] Hook timing summary done

[Epoch 7] Training... (lr at epoch start=0.079389)
  Batch [50/390] Loss: 1.7132, Acc: 39.50%, lr: 0.078569
  Batch [100/390] Loss: 1.7365, Acc: 35.75%, lr: 0.077737
  Batch [150/390] Loss: 1.7333, Acc: 36.50%, lr: 0.076893
  Batch [200/390] Loss: 1.7275, Acc: 35.00%, lr: 0.076039
  Batch [250/390] Loss: 1.7122, Acc: 35.90%, lr: 0.075174
  Batch [300/390] Loss: 1.6943, Acc: 36.33%, lr: 0.074299
  Batch [350/390] Loss: 1.6752, Acc: 37.21%, lr: 0.073414
[Epoch 7] Train Loss: 1.6645, Acc: 37.63%  |  Val Loss: 1.5594, Acc: 41.79%  |  Time: 66.0s
[Epoch 7] t_iter median: 104.25 ms  (fwd 12.51 | bwd+comm 86.40 | opt 5.24 | data 0.07)  |  train-only epoch: 40.9s
  -> Best model saved (41.79%)
[Epoch 7] Summarizing hook timing...

[HOOK_TIMING_SUMMARY] epoch=7
[HOOK_WORK_SUMMARY] label=mpi:ring calls=3120 work_total_ms=29168.680 work_mean_ms=9.349 work_min_ms=5.925 work_max_ms=25.769
[HOOK_TAIL_SUMMARY] label=mpi:ring steps=390 tail_total_ms=24454.726 tail_mean_ms=62.704 tail_min_ms=49.932 tail_max_ms=75.264
[Epoch 7] Hook timing summary done

[Epoch 8] Training... (lr at epoch start=0.072700)
  Batch [50/390] Loss: 1.6192, Acc: 36.50%, lr: 0.071798
  Batch [100/390] Loss: 1.6116, Acc: 39.25%, lr: 0.070887
  Batch [150/390] Loss: 1.5514, Acc: 41.50%, lr: 0.069968
  Batch [200/390] Loss: 1.5809, Acc: 40.50%, lr: 0.069041
  Batch [250/390] Loss: 1.5461, Acc: 41.70%, lr: 0.068106
  Batch [300/390] Loss: 1.5242, Acc: 42.67%, lr: 0.067164
  Batch [350/390] Loss: 1.5099, Acc: 43.50%, lr: 0.066215
[Epoch 8] Train Loss: 1.5068, Acc: 44.23%  |  Val Loss: 1.3801, Acc: 49.09%  |  Time: 66.0s
[Epoch 8] t_iter median: 104.46 ms  (fwd 12.64 | bwd+comm 86.50 | opt 5.24 | data 0.07)  |  train-only epoch: 41.0s
  -> Best model saved (49.09%)
[Epoch 8] Summarizing hook timing...

[HOOK_TIMING_SUMMARY] epoch=8
[HOOK_WORK_SUMMARY] label=mpi:ring calls=3120 work_total_ms=29129.134 work_mean_ms=9.336 work_min_ms=5.896 work_max_ms=25.683
[HOOK_TAIL_SUMMARY] label=mpi:ring steps=390 tail_total_ms=24604.985 tail_mean_ms=63.090 tail_min_ms=49.200 tail_max_ms=75.983
[Epoch 8] Hook timing summary done

[Epoch 9] Training... (lr at epoch start=0.065451)
  Batch [50/390] Loss: 1.3633, Acc: 49.50%, lr: 0.064490
  Batch [100/390] Loss: 1.3974, Acc: 50.50%, lr: 0.063524
  Batch [150/390] Loss: 1.3939, Acc: 48.67%, lr: 0.062551
  Batch [200/390] Loss: 1.3777, Acc: 49.75%, lr: 0.061574
  Batch [250/390] Loss: 1.3580, Acc: 50.70%, lr: 0.060592
  Batch [300/390] Loss: 1.3460, Acc: 51.08%, lr: 0.059606
  Batch [350/390] Loss: 1.3435, Acc: 51.07%, lr: 0.058616
[Epoch 9] Train Loss: 1.3297, Acc: 51.79%  |  Val Loss: 1.2901, Acc: 54.47%  |  Time: 66.2s
[Epoch 9] t_iter median: 104.57 ms  (fwd 12.60 | bwd+comm 86.60 | opt 5.24 | data 0.07)  |  train-only epoch: 41.1s
  -> Best model saved (54.47%)
[Epoch 9] Summarizing hook timing...

[HOOK_TIMING_SUMMARY] epoch=9
[HOOK_WORK_SUMMARY] label=mpi:ring calls=3120 work_total_ms=29195.091 work_mean_ms=9.357 work_min_ms=5.965 work_max_ms=26.029
[HOOK_TAIL_SUMMARY] label=mpi:ring steps=390 tail_total_ms=24871.662 tail_mean_ms=63.773 tail_min_ms=50.623 tail_max_ms=78.942
[Epoch 9] Hook timing summary done

[Epoch 10] Training... (lr at epoch start=0.057822)
  Batch [50/390] Loss: 1.1797, Acc: 57.50%, lr: 0.056826
  Batch [100/390] Loss: 1.2737, Acc: 53.25%, lr: 0.055827
  Batch [150/390] Loss: 1.1624, Acc: 57.50%, lr: 0.054826
  Batch [200/390] Loss: 1.1363, Acc: 58.62%, lr: 0.053823
  Batch [250/390] Loss: 1.1405, Acc: 58.20%, lr: 0.052818
  Batch [300/390] Loss: 1.1616, Acc: 57.25%, lr: 0.051812
  Batch [350/390] Loss: 1.1757, Acc: 57.21%, lr: 0.050806
[Epoch 10] Train Loss: 1.1844, Acc: 57.24%  |  Val Loss: 0.9808, Acc: 64.55%  |  Time: 66.3s
[Epoch 10] t_iter median: 104.29 ms  (fwd 12.52 | bwd+comm 86.43 | opt 5.24 | data 0.07)  |  train-only epoch: 41.0s
  -> Best model saved (64.55%)
[Epoch 10] Summarizing hook timing...

[HOOK_TIMING_SUMMARY] epoch=10
[HOOK_WORK_SUMMARY] label=mpi:ring calls=3120 work_total_ms=29278.111 work_mean_ms=9.384 work_min_ms=5.851 work_max_ms=68.980
[HOOK_TAIL_SUMMARY] label=mpi:ring steps=390 tail_total_ms=24685.387 tail_mean_ms=63.296 tail_min_ms=50.310 tail_max_ms=117.195
[Epoch 10] Hook timing summary done

[Epoch 11] Training... (lr at epoch start=0.050000)
  Batch [50/390] Loss: 0.9895, Acc: 64.00%, lr: 0.048993
  Batch [100/390] Loss: 1.0561, Acc: 61.75%, lr: 0.047987
  Batch [150/390] Loss: 1.0680, Acc: 61.83%, lr: 0.046981
  Batch [200/390] Loss: 1.0465, Acc: 63.38%, lr: 0.045977
  Batch [250/390] Loss: 1.0267, Acc: 63.60%, lr: 0.044974
  Batch [300/390] Loss: 1.0172, Acc: 63.67%, lr: 0.043973
  Batch [350/390] Loss: 1.0109, Acc: 64.21%, lr: 0.042975
[Epoch 11] Train Loss: 1.0124, Acc: 64.10%  |  Val Loss: 0.9047, Acc: 67.99%  |  Time: 68.3s
[Epoch 11] t_iter median: 104.41 ms  (fwd 12.53 | bwd+comm 86.55 | opt 5.24 | data 0.07)  |  train-only epoch: 42.7s
  -> Best model saved (67.99%)
[Epoch 11] Summarizing hook timing...

[HOOK_TIMING_SUMMARY] epoch=11
[HOOK_WORK_SUMMARY] label=mpi:ring calls=3120 work_total_ms=30963.044 work_mean_ms=9.924 work_min_ms=5.909 work_max_ms=184.251
[HOOK_TAIL_SUMMARY] label=mpi:ring steps=390 tail_total_ms=26335.154 tail_mean_ms=67.526 tail_min_ms=49.110 tail_max_ms=655.842
[Epoch 11] Hook timing summary done

[Epoch 12] Training... (lr at epoch start=0.042178)
  Batch [50/390] Loss: 0.9196, Acc: 70.00%, lr: 0.041185
  Batch [100/390] Loss: 0.9312, Acc: 67.75%, lr: 0.040196
  Batch [150/390] Loss: 1.0159, Acc: 65.50%, lr: 0.039211
  Batch [200/390] Loss: 0.9861, Acc: 66.50%, lr: 0.038230
  Batch [250/390] Loss: 0.9702, Acc: 66.70%, lr: 0.037254
  Batch [300/390] Loss: 0.9194, Acc: 67.83%, lr: 0.036283
  Batch [350/390] Loss: 0.8966, Acc: 68.71%, lr: 0.035317
[Epoch 12] Train Loss: 0.8934, Acc: 68.91%  |  Val Loss: 0.8418, Acc: 70.51%  |  Time: 66.5s
[Epoch 12] t_iter median: 104.74 ms  (fwd 12.60 | bwd+comm 86.79 | opt 5.24 | data 0.07)  |  train-only epoch: 41.2s
  -> Best model saved (70.51%)
[Epoch 12] Summarizing hook timing...

[HOOK_TIMING_SUMMARY] epoch=12
[HOOK_WORK_SUMMARY] label=mpi:ring calls=3120 work_total_ms=29447.106 work_mean_ms=9.438 work_min_ms=6.067 work_max_ms=99.093
[HOOK_TAIL_SUMMARY] label=mpi:ring steps=390 tail_total_ms=24644.543 tail_mean_ms=63.191 tail_min_ms=50.782 tail_max_ms=78.138
[Epoch 12] Hook timing summary done

[Epoch 13] Training... (lr at epoch start=0.034549)
  Batch [50/390] Loss: 0.8267, Acc: 69.50%, lr: 0.033595
  Batch [100/390] Loss: 0.8039, Acc: 70.50%, lr: 0.032647
  Batch [150/390] Loss: 0.7937, Acc: 72.00%, lr: 0.031706
  Batch [200/390] Loss: 0.7794, Acc: 72.62%, lr: 0.030773
  Batch [250/390] Loss: 0.7842, Acc: 71.40%, lr: 0.029847
  Batch [300/390] Loss: 0.7828, Acc: 71.50%, lr: 0.028930
  Batch [350/390] Loss: 0.7804, Acc: 71.57%, lr: 0.028021
[Epoch 13] Train Loss: 0.7593, Acc: 72.37%  |  Val Loss: 0.7291, Acc: 74.24%  |  Time: 66.6s
[Epoch 13] t_iter median: 104.72 ms  (fwd 12.55 | bwd+comm 86.74 | opt 5.24 | data 0.07)  |  train-only epoch: 41.0s
  -> Best model saved (74.24%)
[Epoch 13] Summarizing hook timing...

[HOOK_TIMING_SUMMARY] epoch=13
[HOOK_WORK_SUMMARY] label=mpi:ring calls=3120 work_total_ms=29267.891 work_mean_ms=9.381 work_min_ms=5.898 work_max_ms=26.807
[HOOK_TAIL_SUMMARY] label=mpi:ring steps=390 tail_total_ms=24451.269 tail_mean_ms=62.696 tail_min_ms=49.707 tail_max_ms=77.515
[Epoch 13] Hook timing summary done

[Epoch 14] Training... (lr at epoch start=0.027300)
  Batch [50/390] Loss: 0.7562, Acc: 72.00%, lr: 0.026408
  Batch [100/390] Loss: 0.7243, Acc: 74.25%, lr: 0.025525
  Batch [150/390] Loss: 0.7152, Acc: 74.83%, lr: 0.024652
  Batch [200/390] Loss: 0.7009, Acc: 75.50%, lr: 0.023789
  Batch [250/390] Loss: 0.7143, Acc: 74.50%, lr: 0.022937
  Batch [300/390] Loss: 0.7140, Acc: 74.00%, lr: 0.022096
  Batch [350/390] Loss: 0.7066, Acc: 74.43%, lr: 0.021266
[Epoch 14] Train Loss: 0.6992, Acc: 74.55%  |  Val Loss: 0.6540, Acc: 77.33%  |  Time: 67.0s
[Epoch 14] t_iter median: 105.00 ms  (fwd 12.70 | bwd+comm 87.01 | opt 5.23 | data 0.07)  |  train-only epoch: 41.3s
  -> Best model saved (77.33%)
[Epoch 14] Summarizing hook timing...

[HOOK_TIMING_SUMMARY] epoch=14
[HOOK_WORK_SUMMARY] label=mpi:ring calls=3120 work_total_ms=29517.959 work_mean_ms=9.461 work_min_ms=5.971 work_max_ms=102.558
[HOOK_TAIL_SUMMARY] label=mpi:ring steps=390 tail_total_ms=24637.280 tail_mean_ms=63.173 tail_min_ms=50.730 tail_max_ms=146.616
[Epoch 14] Hook timing summary done

[Epoch 15] Training... (lr at epoch start=0.020611)
  Batch [50/390] Loss: 0.6239, Acc: 76.00%, lr: 0.019802
  Batch [100/390] Loss: 0.6629, Acc: 74.25%, lr: 0.019006
  Batch [150/390] Loss: 0.6709, Acc: 74.50%, lr: 0.018222
  Batch [200/390] Loss: 0.6677, Acc: 75.12%, lr: 0.017451
  Batch [250/390] Loss: 0.6499, Acc: 76.30%, lr: 0.016693
  Batch [300/390] Loss: 0.6421, Acc: 76.83%, lr: 0.015949
  Batch [350/390] Loss: 0.6420, Acc: 77.21%, lr: 0.015219
[Epoch 15] Train Loss: 0.6319, Acc: 77.95%  |  Val Loss: 0.6258, Acc: 78.18%  |  Time: 66.6s
[Epoch 15] t_iter median: 104.38 ms  (fwd 12.53 | bwd+comm 86.52 | opt 5.23 | data 0.07)  |  train-only epoch: 41.0s
  -> Best model saved (78.18%)
[Epoch 15] Summarizing hook timing...

[HOOK_TIMING_SUMMARY] epoch=15
[HOOK_WORK_SUMMARY] label=mpi:ring calls=3120 work_total_ms=29228.688 work_mean_ms=9.368 work_min_ms=5.970 work_max_ms=27.414
[HOOK_TAIL_SUMMARY] label=mpi:ring steps=390 tail_total_ms=24645.154 tail_mean_ms=63.193 tail_min_ms=49.118 tail_max_ms=75.286
[Epoch 15] Hook timing summary done

[Epoch 16] Training... (lr at epoch start=0.014645)
  Batch [50/390] Loss: 0.5354, Acc: 81.00%, lr: 0.013940
  Batch [100/390] Loss: 0.5671, Acc: 78.75%, lr: 0.013250
  Batch [150/390] Loss: 0.5487, Acc: 79.00%, lr: 0.012574
  Batch [200/390] Loss: 0.5469, Acc: 79.88%, lr: 0.011914
  Batch [250/390] Loss: 0.5427, Acc: 80.20%, lr: 0.011270
  Batch [300/390] Loss: 0.5423, Acc: 80.00%, lr: 0.010641
  Batch [350/390] Loss: 0.5303, Acc: 80.29%, lr: 0.010028
[Epoch 16] Train Loss: 0.5344, Acc: 80.26%  |  Val Loss: 0.5213, Acc: 82.19%  |  Time: 67.0s
[Epoch 16] t_iter median: 104.95 ms  (fwd 12.52 | bwd+comm 87.11 | opt 5.24 | data 0.07)  |  train-only epoch: 41.4s
  -> Best model saved (82.19%)
[Epoch 16] Summarizing hook timing...

[HOOK_TIMING_SUMMARY] epoch=16
[HOOK_WORK_SUMMARY] label=mpi:ring calls=3120 work_total_ms=29575.670 work_mean_ms=9.479 work_min_ms=6.055 work_max_ms=181.072
[HOOK_TAIL_SUMMARY] label=mpi:ring steps=390 tail_total_ms=25067.389 tail_mean_ms=64.275 tail_min_ms=51.316 tail_max_ms=225.335
[Epoch 16] Hook timing summary done

[Epoch 17] Training... (lr at epoch start=0.009549)
  Batch [50/390] Loss: 0.6359, Acc: 76.00%, lr: 0.008966
  Batch [100/390] Loss: 0.5433, Acc: 81.50%, lr: 0.008399
  Batch [150/390] Loss: 0.5369, Acc: 80.33%, lr: 0.007848
  Batch [200/390] Loss: 0.5169, Acc: 80.62%, lr: 0.007315
  Batch [250/390] Loss: 0.5230, Acc: 80.60%, lr: 0.006800
  Batch [300/390] Loss: 0.5019, Acc: 81.08%, lr: 0.006302
  Batch [350/390] Loss: 0.5003, Acc: 81.43%, lr: 0.005821
[Epoch 17] Train Loss: 0.5007, Acc: 81.86%  |  Val Loss: 0.5189, Acc: 82.53%  |  Time: 66.9s
[Epoch 17] t_iter median: 104.88 ms  (fwd 12.57 | bwd+comm 86.99 | opt 5.24 | data 0.07)  |  train-only epoch: 41.1s
  -> Best model saved (82.53%)
[Epoch 17] Summarizing hook timing...

[HOOK_TIMING_SUMMARY] epoch=17
[HOOK_WORK_SUMMARY] label=mpi:ring calls=3120 work_total_ms=29334.630 work_mean_ms=9.402 work_min_ms=6.053 work_max_ms=26.487
[HOOK_TAIL_SUMMARY] label=mpi:ring steps=390 tail_total_ms=24586.636 tail_mean_ms=63.043 tail_min_ms=49.655 tail_max_ms=76.763
[Epoch 17] Hook timing summary done

[Epoch 18] Training... (lr at epoch start=0.005450)
  Batch [50/390] Loss: 0.5067, Acc: 81.50%, lr: 0.005002
  Batch [100/390] Loss: 0.4844, Acc: 82.75%, lr: 0.004572
  Batch [150/390] Loss: 0.4909, Acc: 83.00%, lr: 0.004160
  Batch [200/390] Loss: 0.4841, Acc: 83.75%, lr: 0.003768
  Batch [250/390] Loss: 0.4808, Acc: 83.80%, lr: 0.003394
  Batch [300/390] Loss: 0.4676, Acc: 83.67%, lr: 0.003038
  Batch [350/390] Loss: 0.4550, Acc: 84.07%, lr: 0.002702
[Epoch 18] Train Loss: 0.4653, Acc: 84.04%  |  Val Loss: 0.8255, Acc: 82.92%  |  Time: 67.1s
[Epoch 18] t_iter median: 104.98 ms  (fwd 12.66 | bwd+comm 87.01 | opt 5.24 | data 0.07)  |  train-only epoch: 41.2s
  -> Best model saved (82.92%)
[Epoch 18] Summarizing hook timing...

[HOOK_TIMING_SUMMARY] epoch=18
[HOOK_WORK_SUMMARY] label=mpi:ring calls=3120 work_total_ms=29344.473 work_mean_ms=9.405 work_min_ms=5.985 work_max_ms=26.990
[HOOK_TAIL_SUMMARY] label=mpi:ring steps=390 tail_total_ms=24618.139 tail_mean_ms=63.123 tail_min_ms=50.031 tail_max_ms=78.929
[Epoch 18] Hook timing summary done

[Epoch 19] Training... (lr at epoch start=0.002447)
  Batch [50/390] Loss: 0.4094, Acc: 87.00%, lr: 0.002146
  Batch [100/390] Loss: 0.4053, Acc: 86.75%, lr: 0.001864
  Batch [150/390] Loss: 0.4052, Acc: 86.33%, lr: 0.001601
  Batch [200/390] Loss: 0.3906, Acc: 87.00%, lr: 0.001358
  Batch [250/390] Loss: 0.4073, Acc: 85.70%, lr: 0.001135
  Batch [300/390] Loss: 0.4298, Acc: 84.67%, lr: 0.000931
  Batch [350/390] Loss: 0.4228, Acc: 85.07%, lr: 0.000748
[Epoch 19] Train Loss: 0.4239, Acc: 85.19%  |  Val Loss: 0.4375, Acc: 85.32%  |  Time: 67.1s
[Epoch 19] t_iter median: 104.99 ms  (fwd 12.55 | bwd+comm 86.99 | opt 5.24 | data 0.07)  |  train-only epoch: 41.2s
  -> Best model saved (85.32%)
[Epoch 19] Summarizing hook timing...

[HOOK_TIMING_SUMMARY] epoch=19
[HOOK_WORK_SUMMARY] label=mpi:ring calls=3120 work_total_ms=29371.326 work_mean_ms=9.414 work_min_ms=5.956 work_max_ms=26.617
[HOOK_TAIL_SUMMARY] label=mpi:ring steps=390 tail_total_ms=24831.224 tail_mean_ms=63.670 tail_min_ms=52.357 tail_max_ms=78.184
[Epoch 19] Hook timing summary done

[Epoch 20] Training... (lr at epoch start=0.000616)
  Batch [50/390] Loss: 0.3382, Acc: 87.00%, lr: 0.000468
  Batch [100/390] Loss: 0.3702, Acc: 84.75%, lr: 0.000341
  Batch [150/390] Loss: 0.3473, Acc: 86.50%, lr: 0.000233
  Batch [200/390] Loss: 0.3421, Acc: 87.50%, lr: 0.000146
  Batch [250/390] Loss: 0.3439, Acc: 87.90%, lr: 0.000079
  Batch [300/390] Loss: 0.3467, Acc: 87.83%, lr: 0.000033
  Batch [350/390] Loss: 0.3467, Acc: 88.00%, lr: 0.000006
[Epoch 20] Train Loss: 0.3482, Acc: 87.82%  |  Val Loss: 0.9681, Acc: 83.40%  |  Time: 67.2s
[Epoch 20] t_iter median: 105.33 ms  (fwd 12.64 | bwd+comm 87.26 | opt 5.24 | data 0.07)  |  train-only epoch: 41.4s
[Epoch 20] Summarizing hook timing...

[HOOK_TIMING_SUMMARY] epoch=20
[HOOK_WORK_SUMMARY] label=mpi:ring calls=3120 work_total_ms=29568.423 work_mean_ms=9.477 work_min_ms=5.939 work_max_ms=119.202
[HOOK_TAIL_SUMMARY] label=mpi:ring steps=390 tail_total_ms=24987.979 tail_mean_ms=64.072 tail_min_ms=49.574 tail_max_ms=78.882
[Epoch 20] Hook timing summary done

================================================================================
Done in 1361.0s | Best val acc: 85.32%
Epoch times (train+val): mean=66.8s  min=65.5s  max=70.6s
Train-only epoch time (epochs 2..N): median=41.14s  min=40.72s  max=42.68s
  -> use this for STRONG scaling (fixed global batch)
  -> use t_iter_median_ms from the CSV for WEAK scaling (fixed local batch)
================================================================================
=== Finished training: model=wide_resnet50_2, dataset=cifar10, batch=4, lr=0.1, scheduler=cosine, backend=mpi, hook=ring, zfp_rate=none, status=0 at Mon Jul 20 11:06:12 AM EDT 2026 ===
=== Starting: model=wide_resnet50_2, ws=32, bs=4, gb=128, lr=0.1, sched=cosine, warmup=0, mom=0.9, wd=5e-4, nesterov=true, wd_bn_bias=false, backend=mpi, hook=ring_zfp_naive, zfp=16 at Mon Jul 20 11:06:12 AM EDT 2026 ===
MIOPEN_USER_DB_PATH=/mnt/bb/matilderestelli/miopen_cache_5035615/miopen_db
MIOPEN_CUSTOM_CACHE_DIR=/mnt/bb/matilderestelli/miopen_cache_5035615/kernel_cache
drwxr-sr-x 2 matilderestelli gen243 103 Jul 20 10:26 /mnt/bb/matilderestelli/miopen_cache_5035615/miopen_db
==== GPU visibility debug (batch shell) ====
frontier10349
ROCR_VISIBLE_DEVICES=0,1,2,3,4,5,6,7
SLURM_JOB_GPUS=0,1,2,3,4,5,6,7
[37mROCk module version 6.16.13 is loaded[0m
=====================    
HSA System Attributes    
=====================    
Runtime Version:         1.18
Runtime Ext Version:     1.14
System Timestamp Freq.:  1000.000000MHz
Sig. Max Wait Duration:  18446744073709551615 (0xFFFFFFFFFFFFFFFF) (timestamp count)
Machine Model:           LARGE                              
System Endianness:       LITTLE                             
Mwaitx:                  DISABLED
XNACK enabled:           NO
DMAbuf Support:          YES
VMM Support:             YES

==========               
HSA Agents               
==========               
*******                  
Agent 1                  
*******                  
  Name:                    AMD EPYC 7A53 64-Core Processor    
  Uuid:                    CPU-XX                             
  Marketing Name:          AMD EPYC 7A53 64-Core Processor    
  Vendor Name:             CPU                                
  Feature:                 None specified                     
  Profile:                 FULL_PROFILE                       
  Float Round Mode:        NEAR                               
  Max Queue Number:        0(0x0)                             
  Queue Min Size:          0(0x0)                             

================================================================================
DISTRIBUTED TRAINING LAUNCHER
================================================================================
  Model:      wide_resnet50_2 (CIFAR stem) (from scratch)
  Dataset:    cifar10 (10 classes)
  Image size: 32
  LR:         0.1
  Momentum:   0.9 (nesterov=True)
  Optimizer:  sgd
  Weight dec: 0.0005 (on BN/bias=False)
  Backend:    mpi
  Algorithm:  ring_zfp_naive
  ZFP rate:   16
  Epochs:     20
  Batch/rank: 4
  LR:         0.1
  Scheduler:  cosine
  Warmup:     0
  Grad clip:  None
  Drop last:  True
  Data dir:   ./data
================================================================================


================================================================================
DISTRIBUTED TRAINING LAUNCHER
================================================================================
  Model:      wide_resnet50_2 (CIFAR stem) (from scratch)
  Dataset:    cifar10 (10 classes)
  Image size: 32
  LR:         0.1
  Momentum:   0.9 (nesterov=True)
  Optimizer:  sgd
  Weight dec: 0.0005 (on BN/bias=False)
  Backend:    mpi
  Algorithm:  ring_zfp_naive
  ZFP rate:   16
  Epochs:     20
  Batch/rank: 4
  LR:         0.1
  Scheduler:  cosine
  Warmup:     0
  Grad clip:  None
  Drop last:  True
  Data dir:   ./data
================================================================================


================================================================================
DISTRIBUTED TRAINING LAUNCHER
================================================================================
  Model:      wide_resnet50_2 (CIFAR stem) (from scratch)
  Dataset:    cifar10 (10 classes)
  Image size: 32
  LR:         0.1
  Momentum:   0.9 (nesterov=True)
  Optimizer:  sgd
  Weight dec: 0.0005 (on BN/bias=False)
  Backend:    mpi
  Algorithm:  ring_zfp_naive
  ZFP rate:   16
  Epochs:     20
  Batch/rank: 4
  LR:         0.1
  Scheduler:  cosine
  Warmup:     0
  Grad clip:  None
  Drop last:  True
  Data dir:   ./data
================================================================================


================================================================================
DISTRIBUTED TRAINING LAUNCHER
================================================================================
  Model:      wide_resnet50_2 (CIFAR stem) (from scratch)
  Dataset:    cifar10 (10 classes)
  Image size: 32
  LR:         0.1
  Momentum:   0.9 (nesterov=True)
  Optimizer:  sgd
  Weight dec: 0.0005 (on BN/bias=False)
  Backend:    mpi
  Algorithm:  ring_zfp_naive
  ZFP rate:   16
  Epochs:     20
  Batch/rank: 4
  LR:         0.1
  Scheduler:  cosine
  Warmup:     0
  Grad clip:  None
  Drop last:  True
  Data dir:   ./data
================================================================================


================================================================================
DISTRIBUTED TRAINING LAUNCHER
================================================================================
  Model:      wide_resnet50_2 (CIFAR stem) (from scratch)
  Dataset:    cifar10 (10 classes)
  Image size: 32
  LR:         0.1
  Momentum:   0.9 (nesterov=True)
  Optimizer:  sgd
  Weight dec: 0.0005 (on BN/bias=False)
  Backend:    mpi
  Algorithm:  ring_zfp_naive
  ZFP rate:   16
  Epochs:     20
  Batch/rank: 4
  LR:         0.1
  Scheduler:  cosine
  Warmup:     0
  Grad clip:  None
  Drop last:  True
  Data dir:   ./data
================================================================================


================================================================================
DISTRIBUTED TRAINING LAUNCHER
================================================================================
  Model:      wide_resnet50_2 (CIFAR stem) (from scratch)
  Dataset:    cifar10 (10 classes)
  Image size: 32
  LR:         0.1
  Momentum:   0.9 (nesterov=True)
  Optimizer:  sgd
  Weight dec: 0.0005 (on BN/bias=False)
  Backend:    mpi
  Algorithm:  ring_zfp_naive
  ZFP rate:   16
  Epochs:     20
  Batch/rank: 4
  LR:         0.1
  Scheduler:  cosine
  Warmup:     0
  Grad clip:  None
  Drop last:  True
  Data dir:   ./data
================================================================================


================================================================================
DISTRIBUTED TRAINING LAUNCHER
================================================================================
  Model:      wide_resnet50_2 (CIFAR stem) (from scratch)
  Dataset:    cifar10 (10 classes)
  Image size: 32
  LR:         0.1
  Momentum:   0.9 (nesterov=True)
  Optimizer:  sgd
  Weight dec: 0.0005 (on BN/bias=False)
  Backend:    mpi
  Algorithm:  ring_zfp_naive
  ZFP rate:   16
  Epochs:     20
  Batch/rank: 4
  LR:         0.1
  Scheduler:  cosine
  Warmup:     0
  Grad clip:  None
  Drop last:  True
  Data dir:   ./data
================================================================================


================================================================================
DISTRIBUTED TRAINING LAUNCHER
================================================================================
  Model:      wide_resnet50_2 (CIFAR stem) (from scratch)
  Dataset:    cifar10 (10 classes)
  Image size: 32
  LR:         0.1
  Momentum:   0.9 (nesterov=True)
  Optimizer:  sgd
  Weight dec: 0.0005 (on BN/bias=False)
  Backend:    mpi
  Algorithm:  ring_zfp_naive
  ZFP rate:   16
  Epochs:     20
  Batch/rank: 4
  LR:         0.1
  Scheduler:  cosine
  Warmup:     0
  Grad clip:  None
  Drop last:  True
  Data dir:   ./data
================================================================================


================================================================================
DISTRIBUTED TRAINING LAUNCHER
================================================================================
  Model:      wide_resnet50_2 (CIFAR stem) (from scratch)
  Dataset:    cifar10 (10 classes)
  Image size: 32
  LR:         0.1
  Momentum:   0.9 (nesterov=True)
  Optimizer:  sgd
  Weight dec: 0.0005 (on BN/bias=False)
  Backend:    mpi
  Algorithm:  ring_zfp_naive
  ZFP rate:   16
  Epochs:     20
  Batch/rank: 4
  LR:         0.1
  Scheduler:  cosine
  Warmup:     0
  Grad clip:  None
  Drop last:  True
  Data dir:   ./data
================================================================================


================================================================================
DISTRIBUTED TRAINING LAUNCHER
================================================================================
  Model:      wide_resnet50_2 (CIFAR stem) (from scratch)
  Dataset:    cifar10 (10 classes)
  Image size: 32
  LR:         0.1
  Momentum:   0.9 (nesterov=True)
  Optimizer:  sgd
  Weight dec: 0.0005 (on BN/bias=False)
  Backend:    mpi
  Algorithm:  ring_zfp_naive
  ZFP rate:   16
  Epochs:     20
  Batch/rank: 4
  LR:         0.1
  Scheduler:  cosine
  Warmup:     0
  Grad clip:  None
  Drop last:  True

================================================================================
DISTRIBUTED TRAINING LAUNCHER
================================================================================
  Model:      wide_resnet50_2 (CIFAR stem) (from scratch)
  Dataset:    cifar10 (10 classes)
  Image size: 32
  LR:         0.1
  Momentum:   0.9 (nesterov=True)
  Optimizer:  sgd
  Weight dec: 0.0005 (on BN/bias=False)
  Backend:    mpi
  Algorithm:  ring_zfp_naive
  ZFP rate:   16
  Epochs:     20
  Batch/rank: 4
  LR:         0.1
  Scheduler:  cosine
  Warmup:     0
  Grad clip:  None
  Drop last:  True
  Data dir:   ./data
================================================================================

  Data dir:   ./data
================================================================================


================================================================================
DISTRIBUTED TRAINING LAUNCHER
================================================================================
  Model:      wide_resnet50_2 (CIFAR stem) (from scratch)
  Dataset:    cifar10 (10 classes)
  Image size: 32
  LR:         0.1
  Momentum:   0.9 (nesterov=True)
  Optimizer:  sgd
  Weight dec: 0.0005 (on BN/bias=False)
  Backend:    mpi
  Algorithm:  ring_zfp_naive
  ZFP rate:   16
  Epochs:     20
  Batch/rank: 4
  LR:         0.1
  Scheduler:  cosine
  Warmup:     0
  Grad clip:  None
  Drop last:  True
  Data dir:   ./data
================================================================================


================================================================================
DISTRIBUTED TRAINING LAUNCHER
================================================================================
  Model:      wide_resnet50_2 (CIFAR stem) (from scratch)
  Dataset:    cifar10 (10 classes)
  Image size: 32
  LR:         0.1
  Momentum:   0.9 (nesterov=True)
  Optimizer:  sgd
  Weight dec: 0.0005 (on BN/bias=False)
  Backend:    mpi
  Algorithm:  ring_zfp_naive
  ZFP rate:   16
  Epochs:     20
  Batch/rank: 4
  LR:         0.1
  Scheduler:  cosine
  Warmup:     0
  Grad clip:  None
  Drop last:  True
  Data dir:   ./data
================================================================================


================================================================================
DISTRIBUTED TRAINING LAUNCHER
================================================================================
  Model:      wide_resnet50_2 (CIFAR stem) (from scratch)
  Dataset:    cifar10 (10 classes)
  Image size: 32
  LR:         0.1
  Momentum:   0.9 (nesterov=True)
  Optimizer:  sgd
  Weight dec: 0.0005 (on BN/bias=False)
  Backend:    mpi
  Algorithm:  ring_zfp_naive
  ZFP rate:   16
  Epochs:     20
  Batch/rank: 4
  LR:         0.1
  Scheduler:  cosine
  Warmup:     0
  Grad clip:  None
  Drop last:  True
  Data dir:   ./data
================================================================================


================================================================================
DISTRIBUTED TRAINING LAUNCHER
================================================================================
  Model:      wide_resnet50_2 (CIFAR stem) (from scratch)
  Dataset:    cifar10 (10 classes)
  Image size: 32
  LR:         0.1
  Momentum:   0.9 (nesterov=True)
  Optimizer:  sgd
  Weight dec: 0.0005 (on BN/bias=False)
  Backend:    mpi
  Algorithm:  ring_zfp_naive
  ZFP rate:   16
  Epochs:     20
  Batch/rank: 4
  LR:         0.1
  Scheduler:  cosine
  Warmup:     0
  Grad clip:  None
  Drop last:  True
  Data dir:   ./data
================================================================================


================================================================================
DISTRIBUTED TRAINING LAUNCHER
================================================================================
  Model:      wide_resnet50_2 (CIFAR stem) (from scratch)
  Dataset:    cifar10 (10 classes)
  Image size: 32
  LR:         0.1
  Momentum:   0.9 (nesterov=True)
  Optimizer:  sgd
  Weight dec: 0.0005 (on BN/bias=False)
  Backend:    mpi
  Algorithm:  ring_zfp_naive
  ZFP rate:   16
  Epochs:     20
  Batch/rank: 4
  LR:         0.1
  Scheduler:  cosine
  Warmup:     0
  Grad clip:  None
  Drop last:  True
  Data dir:   ./data
================================================================================


================================================================================
DISTRIBUTED TRAINING LAUNCHER
================================================================================
  Model:      wide_resnet50_2 (CIFAR stem) (from scratch)
  Dataset:    cifar10 (10 classes)
  Image size: 32
  LR:         0.1
  Momentum:   0.9 (nesterov=True)
  Optimizer:  sgd
  Weight dec: 0.0005 (on BN/bias=False)
  Backend:    mpi
  Algorithm:  ring_zfp_naive
  ZFP rate:   16
  Epochs:     20
  Batch/rank: 4
  LR:         0.1
  Scheduler:  cosine
  Warmup:     0
  Grad clip:  None
  Drop last:  True
  Data dir:   ./data
================================================================================


================================================================================
DISTRIBUTED TRAINING LAUNCHER
================================================================================
  Model:      wide_resnet50_2 (CIFAR stem) (from scratch)
  Dataset:    cifar10 (10 classes)
  Image size: 32
  LR:         0.1
  Momentum:   0.9 (nesterov=True)
  Optimizer:  sgd
  Weight dec: 0.0005 (on BN/bias=False)
  Backend:    mpi
  Algorithm:  ring_zfp_naive
  ZFP rate:   16
  Epochs:     20
  Batch/rank: 4
  LR:         0.1
  Scheduler:  cosine
  Warmup:     0
  Grad clip:  None
  Drop last:  True
  Data dir:   ./data
================================================================================


================================================================================
DISTRIBUTED TRAINING LAUNCHER
================================================================================
  Model:      wide_resnet50_2 (CIFAR stem) (from scratch)
  Dataset:    cifar10 (10 classes)
  Image size: 32
  LR:         0.1
  Momentum:   0.9 (nesterov=True)
  Optimizer:  sgd
  Weight dec: 0.0005 (on BN/bias=False)
  Backend:    mpi
  Algorithm:  ring_zfp_naive
  ZFP rate:   16
  Epochs:     20
  Batch/rank: 4
  LR:         0.1
  Scheduler:  cosine
  Warmup:     0
  Grad clip:  None
  Drop last:  True
  Data dir:   ./data
================================================================================


================================================================================
DISTRIBUTED TRAINING LAUNCHER
================================================================================
  Model:      wide_resnet50_2 (CIFAR stem) (from scratch)
  Dataset:    cifar10 (10 classes)
  Image size: 32
  LR:         0.1
  Momentum:   0.9 (nesterov=True)
  Optimizer:  sgd
  Weight dec: 0.0005 (on BN/bias=False)
  Backend:    mpi
  Algorithm:  ring_zfp_naive
  ZFP rate:   16
  Epochs:     20
  Batch/rank: 4
  LR:         0.1
  Scheduler:  cosine
  Warmup:     0
  Grad clip:  None
  Drop last:  True
  Data dir:   ./data
================================================================================


================================================================================
DISTRIBUTED TRAINING LAUNCHER
================================================================================
  Model:      wide_resnet50_2 (CIFAR stem) (from scratch)
  Dataset:    cifar10 (10 classes)
  Image size: 32
  LR:         0.1
  Momentum:   0.9 (nesterov=True)
  Optimizer:  sgd
  Weight dec: 0.0005 (on BN/bias=False)
  Backend:    mpi
  Algorithm:  ring_zfp_naive
  ZFP rate:   16
  Epochs:     20
  Batch/rank: 4
  LR:         0.1
  Scheduler:  cosine
  Warmup:     0
  Grad clip:  None
  Drop last:  True
  Data dir:   ./data
================================================================================


================================================================================
DISTRIBUTED TRAINING LAUNCHER
================================================================================
  Model:      wide_resnet50_2 (CIFAR stem) (from scratch)
  Dataset:    cifar10 (10 classes)
  Image size: 32
  LR:         0.1
  Momentum:   0.9 (nesterov=True)
  Optimizer:  sgd
  Weight dec: 0.0005 (on BN/bias=False)
  Backend:    mpi
  Algorithm:  ring_zfp_naive
  ZFP rate:   16
  Epochs:     20
  Batch/rank: 4
  LR:         0.1
  Scheduler:  cosine
  Warmup:     0
  Grad clip:  None
  Drop last:  True
  Data dir:   ./data
================================================================================


================================================================================
DISTRIBUTED TRAINING LAUNCHER
================================================================================
  Model:      wide_resnet50_2 (CIFAR stem) (from scratch)
  Dataset:    cifar10 (10 classes)
  Image size: 32
  LR:         0.1
  Momentum:   0.9 (nesterov=True)
  Optimizer:  sgd
  Weight dec: 0.0005 (on BN/bias=False)
  Backend:    mpi
  Algorithm:  ring_zfp_naive
  ZFP rate:   16
  Epochs:     20
  Batch/rank: 4
  LR:         0.1
  Scheduler:  cosine
  Warmup:     0
  Grad clip:  None
  Drop last:  True
  Data dir:   ./data
================================================================================


================================================================================
DISTRIBUTED TRAINING LAUNCHER
================================================================================
  Model:      wide_resnet50_2 (CIFAR stem) (from scratch)
  Dataset:    cifar10 (10 classes)
  Image size: 32
  LR:         0.1
  Momentum:   0.9 (nesterov=True)
  Optimizer:  sgd
  Weight dec: 0.0005 (on BN/bias=False)
  Backend:    mpi
  Algorithm:  ring_zfp_naive
  ZFP rate:   16
  Epochs:     20
  Batch/rank: 4
  LR:         0.1
  Scheduler:  cosine
  Warmup:     0
  Grad clip:  None
  Drop last:  True

================================================================================
DISTRIBUTED TRAINING LAUNCHER
================================================================================
  Model:      wide_resnet50_2 (CIFAR stem) (from scratch)
  Dataset:    cifar10 (10 classes)
  Image size: 32
  LR:         0.1
  Momentum:   0.9 (nesterov=True)
  Optimizer:  sgd
  Weight dec: 0.0005 (on BN/bias=False)
  Backend:    mpi
  Algorithm:  ring_zfp_naive
  ZFP rate:   16
  Epochs:     20
  Batch/rank: 4
  LR:         0.1
  Scheduler:  cosine
  Warmup:     0
  Grad clip:  None
  Drop last:  True
  Data dir:   ./data
================================================================================


================================================================================
DISTRIBUTED TRAINING LAUNCHER
================================================================================
  Model:      wide_resnet50_2 (CIFAR stem) (from scratch)
  Dataset:    cifar10 (10 classes)
  Image size: 32
  LR:         0.1
  Momentum:   0.9 (nesterov=True)
  Optimizer:  sgd
  Weight dec: 0.0005 (on BN/bias=False)
  Backend:    mpi
  Algorithm:  ring_zfp_naive
  ZFP rate:   16
  Epochs:     20
  Batch/rank: 4
  LR:         0.1
  Scheduler:  cosine
  Warmup:     0
  Grad clip:  None
  Drop last:  True
  Data dir:   ./data
================================================================================

  Data dir:   ./data
================================================================================


================================================================================
DISTRIBUTED TRAINING LAUNCHER
================================================================================
  Model:      wide_resnet50_2 (CIFAR stem) (from scratch)
  Dataset:    cifar10 (10 classes)
  Image size: 32
  LR:         0.1
  Momentum:   0.9 (nesterov=True)
  Optimizer:  sgd
  Weight dec: 0.0005 (on BN/bias=False)
  Backend:    mpi
  Algorithm:  ring_zfp_naive
  ZFP rate:   16
  Epochs:     20
  Batch/rank: 4
  LR:         0.1
  Scheduler:  cosine
  Warmup:     0
  Grad clip:  None
  Drop last:  True
  Data dir:   ./data
================================================================================


================================================================================
DISTRIBUTED TRAINING LAUNCHER
================================================================================
  Model:      wide_resnet50_2 (CIFAR stem) (from scratch)
  Dataset:    cifar10 (10 classes)
  Image size: 32
  LR:         0.1
  Momentum:   0.9 (nesterov=True)
  Optimizer:  sgd
  Weight dec: 0.0005 (on BN/bias=False)
  Backend:    mpi
  Algorithm:  ring_zfp_naive
  ZFP rate:   16
  Epochs:     20
  Batch/rank: 4
  LR:         0.1
  Scheduler:  cosine
  Warmup:     0
  Grad clip:  None
  Drop last:  True
  Data dir:   ./data
================================================================================


================================================================================
DISTRIBUTED TRAINING LAUNCHER
================================================================================
  Model:      wide_resnet50_2 (CIFAR stem) (from scratch)
  Dataset:    cifar10 (10 classes)
  Image size: 32
  LR:         0.1
  Momentum:   0.9 (nesterov=True)
  Optimizer:  sgd
  Weight dec: 0.0005 (on BN/bias=False)
  Backend:    mpi
  Algorithm:  ring_zfp_naive
  ZFP rate:   16
  Epochs:     20
  Batch/rank: 4
  LR:         0.1
  Scheduler:  cosine
  Warmup:     0
  Grad clip:  None
  Drop last:  True
  Data dir:   ./data
================================================================================


================================================================================
DISTRIBUTED TRAINING LAUNCHER
================================================================================
  Model:      wide_resnet50_2 (CIFAR stem) (from scratch)
  Dataset:    cifar10 (10 classes)
  Image size: 32
  LR:         0.1
  Momentum:   0.9 (nesterov=True)
  Optimizer:  sgd
  Weight dec: 0.0005 (on BN/bias=False)
  Backend:    mpi
  Algorithm:  ring_zfp_naive
  ZFP rate:   16
  Epochs:     20
  Batch/rank: 4
  LR:         0.1
  Scheduler:  cosine
  Warmup:     0
  Grad clip:  None
  Drop last:  True
  Data dir:   ./data
================================================================================


================================================================================
DISTRIBUTED TRAINING LAUNCHER
================================================================================
  Model:      wide_resnet50_2 (CIFAR stem) (from scratch)
  Dataset:    cifar10 (10 classes)
  Image size: 32
  LR:         0.1
  Momentum:   0.9 (nesterov=True)
  Optimizer:  sgd
  Weight dec: 0.0005 (on BN/bias=False)
  Backend:    mpi
  Algorithm:  ring_zfp_naive
  ZFP rate:   16
  Epochs:     20
  Batch/rank: 4
  LR:         0.1
  Scheduler:  cosine
  Warmup:     0
  Grad clip:  None
  Drop last:  True
  Data dir:   ./data
================================================================================


================================================================================
DISTRIBUTED TRAINING LAUNCHER
================================================================================
  Model:      wide_resnet50_2 (CIFAR stem) (from scratch)
  Dataset:    cifar10 (10 classes)
  Image size: 32
  LR:         0.1
  Momentum:   0.9 (nesterov=True)
  Optimizer:  sgd
  Weight dec: 0.0005 (on BN/bias=False)
  Backend:    mpi
  Algorithm:  ring_zfp_naive
  ZFP rate:   16
  Epochs:     20
  Batch/rank: 4
  LR:         0.1
  Scheduler:  cosine
  Warmup:     0
  Grad clip:  None
  Drop last:  True
  Data dir:   ./data
================================================================================


================================================================================
Distributed Training: WIDE_RESNET50_2 on CIFAR10
Backend: MPI, Algorithm: ring_zfp_naive
================================================================================
Ranks: 32, Epochs: 20, Batch/rank: 4, Effective batch: 128
LR: 0.1, Device: cuda:0

[Cache] Pretrained weights cache (TORCH_HOME) = /lustre/orion/gen243/proj-shared/matilderestelli/pretrained_weights_cache
[Setup] Model on cuda:0, wrapped in DDP (static_graph=True)
[Setup] Hook registered: mpi/ring_zfp_naive
[Optim] SGD: lr=0.1 momentum=0.9 nesterov=True wd=0.0005 wd_on_bn_bias=False
[Optim]   group 0: 66,778,816 params, wd=0.0005
[Optim]   group 1: 68,234 params, wd=0.0
[Data] Train batches: 390, Val batches: 2500

[Sched] cosine: steps/epoch=390, total_steps=7800, warmup_steps=0 (0 epochs)


[Epoch 1] Training... (lr at epoch start=0.100000)
  Batch [50/390] Loss: 17.7568, Acc: 5.50%, lr: 0.099990
  Batch [100/390] Loss: 10.0380, Acc: 7.00%, lr: 0.099959
  Batch [150/390] Loss: 7.4617, Acc: 9.00%, lr: 0.099909
  Batch [200/390] Loss: 6.1699, Acc: 9.88%, lr: 0.099838
  Batch [250/390] Loss: 5.3873, Acc: 10.70%, lr: 0.099747
  Batch [300/390] Loss: 4.8763, Acc: 11.08%, lr: 0.099635
  Batch [350/390] Loss: 4.5104, Acc: 11.29%, lr: 0.099504
[Epoch 1] Train Loss: 4.2861, Acc: 10.96%  |  Val Loss: 2.3647, Acc: 11.03%  |  Time: 160.9s
[Epoch 1] t_iter median: 341.42 ms  (fwd 12.93 | bwd+comm 323.16 | opt 5.25 | data 0.09)  |  train-only epoch: 136.0s
  -> Best model saved (11.03%)
[Epoch 1] Summarizing hook timing...

[HOOK_TIMING_SUMMARY] epoch=1
[HOOK_WORK_SUMMARY] label=mpi:ring_zfp_naive:rate16 calls=3113 work_total_ms=121826.901 work_mean_ms=39.135 work_min_ms=35.514 work_max_ms=281.639
[HOOK_TAIL_SUMMARY] label=mpi:ring_zfp_naive:rate16 steps=391 tail_total_ms=116366.154 tail_mean_ms=297.612 tail_min_ms=172.059 tail_max_ms=570.229
[Epoch 1] Hook timing summary done

[Epoch 2] Training... (lr at epoch start=0.099384)
  Batch [50/390] Loss: 2.2874, Acc: 12.50%, lr: 0.099217
  Batch [100/390] Loss: 2.2920, Acc: 13.25%, lr: 0.099029
  Batch [150/390] Loss: 2.2842, Acc: 13.50%, lr: 0.098822
  Batch [200/390] Loss: 2.2878, Acc: 13.00%, lr: 0.098595
  Batch [250/390] Loss: 2.2867, Acc: 12.70%, lr: 0.098348
  Batch [300/390] Loss: 2.2911, Acc: 12.25%, lr: 0.098082
  Batch [350/390] Loss: 2.2944, Acc: 12.64%, lr: 0.097796
[Epoch 2] Train Loss: 2.2962, Acc: 12.76%  |  Val Loss: 2.3755, Acc: 11.70%  |  Time: 153.2s
[Epoch 2] t_iter median: 324.81 ms  (fwd 13.19 | bwd+comm 306.22 | opt 5.24 | data 0.08)  |  train-only epoch: 128.1s
  -> Best model saved (11.70%)
[Epoch 2] Summarizing hook timing...

[HOOK_TIMING_SUMMARY] epoch=2
[HOOK_WORK_SUMMARY] label=mpi:ring_zfp_naive:rate16 calls=3120 work_total_ms=115898.115 work_mean_ms=37.147 work_min_ms=33.501 work_max_ms=400.444
[HOOK_TAIL_SUMMARY] label=mpi:ring_zfp_naive:rate16 steps=390 tail_total_ms=110505.352 tail_mean_ms=283.347 tail_min_ms=266.024 tail_max_ms=807.116
[Epoch 2] Hook timing summary done

[Epoch 3] Training... (lr at epoch start=0.097553)
  Batch [50/390] Loss: 2.3101, Acc: 8.00%, lr: 0.097232
  Batch [100/390] Loss: 2.3043, Acc: 11.25%, lr: 0.096892
  Batch [150/390] Loss: 2.3032, Acc: 10.67%, lr: 0.096533
  Batch [200/390] Loss: 2.2926, Acc: 11.38%, lr: 0.096155
  Batch [250/390] Loss: 2.2883, Acc: 11.80%, lr: 0.095759
  Batch [300/390] Loss: 2.2893, Acc: 11.67%, lr: 0.095344
  Batch [350/390] Loss: 2.2890, Acc: 11.93%, lr: 0.094910
[Epoch 3] Train Loss: 2.2832, Acc: 12.76%  |  Val Loss: 2.3051, Acc: 12.18%  |  Time: 153.8s
[Epoch 3] t_iter median: 325.03 ms  (fwd 13.33 | bwd+comm 306.44 | opt 5.24 | data 0.08)  |  train-only epoch: 128.6s
  -> Best model saved (12.18%)
[Epoch 3] Summarizing hook timing...

[HOOK_TIMING_SUMMARY] epoch=3
[HOOK_WORK_SUMMARY] label=mpi:ring_zfp_naive:rate16 calls=3120 work_total_ms=116206.445 work_mean_ms=37.246 work_min_ms=33.303 work_max_ms=740.199
[HOOK_TAIL_SUMMARY] label=mpi:ring_zfp_naive:rate16 steps=390 tail_total_ms=110938.541 tail_mean_ms=284.458 tail_min_ms=266.287 tail_max_ms=1691.661
[Epoch 3] Hook timing summary done

[Epoch 4] Training... (lr at epoch start=0.094550)
  Batch [50/390] Loss: 2.2419, Acc: 14.00%, lr: 0.094084
  Batch [100/390] Loss: 2.2480, Acc: 14.00%, lr: 0.093600
  Batch [150/390] Loss: 2.1972, Acc: 16.00%, lr: 0.093098
  Batch [200/390] Loss: 2.1766, Acc: 17.12%, lr: 0.092579
  Batch [250/390] Loss: 2.1608, Acc: 17.80%, lr: 0.092043
  Batch [300/390] Loss: 2.1304, Acc: 18.92%, lr: 0.091489
  Batch [350/390] Loss: 2.1365, Acc: 18.86%, lr: 0.090919
[Epoch 4] Train Loss: 2.1243, Acc: 19.29%  |  Val Loss: 2.2628, Acc: 16.45%  |  Time: 152.5s
[Epoch 4] t_iter median: 326.08 ms  (fwd 13.36 | bwd+comm 307.32 | opt 5.24 | data 0.08)  |  train-only epoch: 127.3s
  -> Best model saved (16.45%)
[Epoch 4] Summarizing hook timing...

[HOOK_TIMING_SUMMARY] epoch=4
[HOOK_WORK_SUMMARY] label=mpi:ring_zfp_naive:rate16 calls=3120 work_total_ms=114891.208 work_mean_ms=36.824 work_min_ms=33.449 work_max_ms=55.692
[HOOK_TAIL_SUMMARY] label=mpi:ring_zfp_naive:rate16 steps=390 tail_total_ms=109268.502 tail_mean_ms=280.176 tail_min_ms=266.024 tail_max_ms=297.123
[Epoch 4] Hook timing summary done

[Epoch 5] Training... (lr at epoch start=0.090451)
  Batch [50/390] Loss: 2.0926, Acc: 22.00%, lr: 0.089851
  Batch [100/390] Loss: 2.0907, Acc: 22.00%, lr: 0.089235
  Batch [150/390] Loss: 2.0362, Acc: 23.00%, lr: 0.088603
  Batch [200/390] Loss: 2.0242, Acc: 22.50%, lr: 0.087955
  Batch [250/390] Loss: 2.0049, Acc: 23.70%, lr: 0.087292
  Batch [300/390] Loss: 1.9867, Acc: 24.33%, lr: 0.086613
  Batch [350/390] Loss: 1.9769, Acc: 24.50%, lr: 0.085920
[Epoch 5] Train Loss: 1.9715, Acc: 24.87%  |  Val Loss: 1.8614, Acc: 31.44%  |  Time: 152.8s
[Epoch 5] t_iter median: 326.16 ms  (fwd 13.39 | bwd+comm 307.45 | opt 5.24 | data 0.08)  |  train-only epoch: 127.3s
  -> Best model saved (31.44%)
[Epoch 5] Summarizing hook timing...

[HOOK_TIMING_SUMMARY] epoch=5
[HOOK_WORK_SUMMARY] label=mpi:ring_zfp_naive:rate16 calls=3120 work_total_ms=114852.901 work_mean_ms=36.812 work_min_ms=33.674 work_max_ms=57.262
[HOOK_TAIL_SUMMARY] label=mpi:ring_zfp_naive:rate16 steps=390 tail_total_ms=109647.419 tail_mean_ms=281.147 tail_min_ms=261.646 tail_max_ms=297.558
[Epoch 5] Hook timing summary done

[Epoch 6] Training... (lr at epoch start=0.085355)
  Batch [50/390] Loss: 1.7821, Acc: 34.00%, lr: 0.084636
  Batch [100/390] Loss: 1.8464, Acc: 29.00%, lr: 0.083903
  Batch [150/390] Loss: 1.8421, Acc: 29.17%, lr: 0.083156
  Batch [200/390] Loss: 1.8015, Acc: 31.75%, lr: 0.082396
  Batch [250/390] Loss: 1.7819, Acc: 32.90%, lr: 0.081622
  Batch [300/390] Loss: 1.7727, Acc: 33.33%, lr: 0.080836
  Batch [350/390] Loss: 1.7798, Acc: 32.93%, lr: 0.080037
[Epoch 6] Train Loss: 1.7627, Acc: 33.78%  |  Val Loss: 1.6400, Acc: 40.95%  |  Time: 157.0s
[Epoch 6] t_iter median: 326.32 ms  (fwd 13.30 | bwd+comm 307.65 | opt 5.24 | data 0.08)  |  train-only epoch: 131.4s
  -> Best model saved (40.95%)
[Epoch 6] Summarizing hook timing...

[HOOK_TIMING_SUMMARY] epoch=6
[HOOK_WORK_SUMMARY] label=mpi:ring_zfp_naive:rate16 calls=3120 work_total_ms=119058.330 work_mean_ms=38.160 work_min_ms=33.754 work_max_ms=2381.430
[HOOK_TAIL_SUMMARY] label=mpi:ring_zfp_naive:rate16 steps=390 tail_total_ms=114089.450 tail_mean_ms=292.537 tail_min_ms=270.909 tail_max_ms=3751.726
[Epoch 6] Hook timing summary done

[Epoch 7] Training... (lr at epoch start=0.079389)
  Batch [50/390] Loss: 1.5889, Acc: 41.00%, lr: 0.078569
  Batch [100/390] Loss: 1.6308, Acc: 41.75%, lr: 0.077737
  Batch [150/390] Loss: 1.6213, Acc: 41.00%, lr: 0.076893
  Batch [200/390] Loss: 1.6208, Acc: 41.12%, lr: 0.076039
  Batch [250/390] Loss: 1.6175, Acc: 40.20%, lr: 0.075174
  Batch [300/390] Loss: 1.6187, Acc: 40.08%, lr: 0.074299
  Batch [350/390] Loss: 1.5891, Acc: 41.50%, lr: 0.073414
[Epoch 7] Train Loss: 1.5762, Acc: 42.31%  |  Val Loss: 1.4728, Acc: 46.71%  |  Time: 153.0s
[Epoch 7] t_iter median: 326.49 ms  (fwd 13.40 | bwd+comm 307.68 | opt 5.23 | data 0.08)  |  train-only epoch: 127.5s
  -> Best model saved (46.71%)
[Epoch 7] Summarizing hook timing...

[HOOK_TIMING_SUMMARY] epoch=7
[HOOK_WORK_SUMMARY] label=mpi:ring_zfp_naive:rate16 calls=3120 work_total_ms=115070.858 work_mean_ms=36.882 work_min_ms=33.677 work_max_ms=57.912
[HOOK_TAIL_SUMMARY] label=mpi:ring_zfp_naive:rate16 steps=390 tail_total_ms=110061.676 tail_mean_ms=282.209 tail_min_ms=269.247 tail_max_ms=298.510
[Epoch 7] Hook timing summary done

[Epoch 8] Training... (lr at epoch start=0.072700)
  Batch [50/390] Loss: 1.5783, Acc: 38.00%, lr: 0.071798
  Batch [100/390] Loss: 1.4934, Acc: 43.25%, lr: 0.070887
  Batch [150/390] Loss: 1.4149, Acc: 47.67%, lr: 0.069968
  Batch [200/390] Loss: 1.4090, Acc: 48.88%, lr: 0.069041
  Batch [250/390] Loss: 1.3741, Acc: 48.80%, lr: 0.068106
  Batch [300/390] Loss: 1.3714, Acc: 49.50%, lr: 0.067164
  Batch [350/390] Loss: 1.3582, Acc: 49.71%, lr: 0.066215
[Epoch 8] Train Loss: 1.3583, Acc: 49.55%  |  Val Loss: 1.1832, Acc: 57.70%  |  Time: 153.7s
[Epoch 8] t_iter median: 327.55 ms  (fwd 13.38 | bwd+comm 308.74 | opt 5.24 | data 0.08)  |  train-only epoch: 127.9s
  -> Best model saved (57.70%)
[Epoch 8] Summarizing hook timing...

[HOOK_TIMING_SUMMARY] epoch=8
[HOOK_WORK_SUMMARY] label=mpi:ring_zfp_naive:rate16 calls=3120 work_total_ms=115523.153 work_mean_ms=37.027 work_min_ms=33.834 work_max_ms=56.919
[HOOK_TAIL_SUMMARY] label=mpi:ring_zfp_naive:rate16 steps=390 tail_total_ms=110247.022 tail_mean_ms=282.685 tail_min_ms=265.556 tail_max_ms=299.394
[Epoch 8] Hook timing summary done

[Epoch 9] Training... (lr at epoch start=0.065451)
  Batch [50/390] Loss: 1.2156, Acc: 56.50%, lr: 0.064490
  Batch [100/390] Loss: 1.2401, Acc: 57.50%, lr: 0.063524
  Batch [150/390] Loss: 1.2551, Acc: 56.83%, lr: 0.062551
  Batch [200/390] Loss: 1.2166, Acc: 58.12%, lr: 0.061574
  Batch [250/390] Loss: 1.1700, Acc: 60.50%, lr: 0.060592
  Batch [300/390] Loss: 1.1443, Acc: 61.42%, lr: 0.059606
  Batch [350/390] Loss: 1.1371, Acc: 61.93%, lr: 0.058616
[Epoch 9] Train Loss: 1.1214, Acc: 62.44%  |  Val Loss: 0.9419, Acc: 67.00%  |  Time: 153.9s
[Epoch 9] t_iter median: 327.55 ms  (fwd 13.36 | bwd+comm 308.87 | opt 5.24 | data 0.09)  |  train-only epoch: 128.0s
  -> Best model saved (67.00%)
[Epoch 9] Summarizing hook timing...

[HOOK_TIMING_SUMMARY] epoch=9
[HOOK_WORK_SUMMARY] label=mpi:ring_zfp_naive:rate16 calls=3120 work_total_ms=115536.418 work_mean_ms=37.031 work_min_ms=33.730 work_max_ms=55.558
[HOOK_TAIL_SUMMARY] label=mpi:ring_zfp_naive:rate16 steps=390 tail_total_ms=110483.686 tail_mean_ms=283.292 tail_min_ms=269.383 tail_max_ms=299.185
[Epoch 9] Hook timing summary done

[Epoch 10] Training... (lr at epoch start=0.057822)
  Batch [50/390] Loss: 0.9502, Acc: 65.50%, lr: 0.056826
  Batch [100/390] Loss: 1.0420, Acc: 63.75%, lr: 0.055827
  Batch [150/390] Loss: 0.9690, Acc: 66.17%, lr: 0.054826
  Batch [200/390] Loss: 0.9657, Acc: 66.00%, lr: 0.053823
  Batch [250/390] Loss: 0.9590, Acc: 66.90%, lr: 0.052818
  Batch [300/390] Loss: 0.9640, Acc: 66.58%, lr: 0.051812
  Batch [350/390] Loss: 0.9712, Acc: 66.29%, lr: 0.050806
[Epoch 10] Train Loss: 0.9705, Acc: 66.15%  |  Val Loss: 0.8340, Acc: 71.28%  |  Time: 154.0s
[Epoch 10] t_iter median: 327.45 ms  (fwd 13.45 | bwd+comm 308.64 | opt 5.24 | data 0.09)  |  train-only epoch: 127.9s
  -> Best model saved (71.28%)
[Epoch 10] Summarizing hook timing...

[HOOK_TIMING_SUMMARY] epoch=10
[HOOK_WORK_SUMMARY] label=mpi:ring_zfp_naive:rate16 calls=3120 work_total_ms=115452.762 work_mean_ms=37.004 work_min_ms=33.900 work_max_ms=56.530
[HOOK_TAIL_SUMMARY] label=mpi:ring_zfp_naive:rate16 steps=390 tail_total_ms=110276.146 tail_mean_ms=282.759 tail_min_ms=269.424 tail_max_ms=298.427
[Epoch 10] Hook timing summary done

[Epoch 11] Training... (lr at epoch start=0.050000)
  Batch [50/390] Loss: 0.8359, Acc: 69.50%, lr: 0.048993
  Batch [100/390] Loss: 0.8165, Acc: 69.50%, lr: 0.047987
  Batch [150/390] Loss: 0.8473, Acc: 67.67%, lr: 0.046981
  Batch [200/390] Loss: 0.8255, Acc: 69.38%, lr: 0.045977
  Batch [250/390] Loss: 0.8230, Acc: 69.50%, lr: 0.044974
  Batch [300/390] Loss: 0.8173, Acc: 69.50%, lr: 0.043973
  Batch [350/390] Loss: 0.8050, Acc: 70.21%, lr: 0.042975
[Epoch 11] Train Loss: 0.8121, Acc: 70.26%  |  Val Loss: 0.7119, Acc: 75.87%  |  Time: 162.4s
[Epoch 11] t_iter median: 327.82 ms  (fwd 13.45 | bwd+comm 308.92 | opt 5.23 | data 0.09)  |  train-only epoch: 136.1s
  -> Best model saved (75.87%)
[Epoch 11] Summarizing hook timing...

[HOOK_TIMING_SUMMARY] epoch=11
[HOOK_WORK_SUMMARY] label=mpi:ring_zfp_naive:rate16 calls=3120 work_total_ms=123686.293 work_mean_ms=39.643 work_min_ms=33.754 work_max_ms=3425.751
[HOOK_TAIL_SUMMARY] label=mpi:ring_zfp_naive:rate16 steps=390 tail_total_ms=118473.430 tail_mean_ms=303.778 tail_min_ms=262.650 tail_max_ms=7404.403
[Epoch 11] Hook timing summary done

[Epoch 12] Training... (lr at epoch start=0.042178)
  Batch [50/390] Loss: 0.7053, Acc: 72.50%, lr: 0.041185
  Batch [100/390] Loss: 0.7232, Acc: 73.75%, lr: 0.040196
  Batch [150/390] Loss: 0.7945, Acc: 72.67%, lr: 0.039211
  Batch [200/390] Loss: 0.7727, Acc: 74.00%, lr: 0.038230
  Batch [250/390] Loss: 0.7570, Acc: 74.40%, lr: 0.037254
  Batch [300/390] Loss: 0.7164, Acc: 75.83%, lr: 0.036283
  Batch [350/390] Loss: 0.7049, Acc: 76.36%, lr: 0.035317
[Epoch 12] Train Loss: 0.6964, Acc: 76.47%  |  Val Loss: 0.6614, Acc: 77.81%  |  Time: 154.9s
[Epoch 12] t_iter median: 328.45 ms  (fwd 13.51 | bwd+comm 309.48 | opt 5.25 | data 0.09)  |  train-only epoch: 128.6s
  -> Best model saved (77.81%)
[Epoch 12] Summarizing hook timing...

[HOOK_TIMING_SUMMARY] epoch=12
[HOOK_WORK_SUMMARY] label=mpi:ring_zfp_naive:rate16 calls=3120 work_total_ms=116203.352 work_mean_ms=37.245 work_min_ms=33.616 work_max_ms=382.418
[HOOK_TAIL_SUMMARY] label=mpi:ring_zfp_naive:rate16 steps=390 tail_total_ms=110796.424 tail_mean_ms=284.093 tail_min_ms=264.307 tail_max_ms=616.123
[Epoch 12] Hook timing summary done

[Epoch 13] Training... (lr at epoch start=0.034549)
  Batch [50/390] Loss: 0.5862, Acc: 78.50%, lr: 0.033595
  Batch [100/390] Loss: 0.6233, Acc: 77.50%, lr: 0.032647
  Batch [150/390] Loss: 0.6231, Acc: 77.50%, lr: 0.031706
  Batch [200/390] Loss: 0.6101, Acc: 78.50%, lr: 0.030773
  Batch [250/390] Loss: 0.6046, Acc: 79.00%, lr: 0.029847
  Batch [300/390] Loss: 0.5999, Acc: 79.42%, lr: 0.028930
  Batch [350/390] Loss: 0.5977, Acc: 78.93%, lr: 0.028021
[Epoch 13] Train Loss: 0.5896, Acc: 79.42%  |  Val Loss: 0.5604, Acc: 80.80%  |  Time: 154.7s
[Epoch 13] t_iter median: 328.13 ms  (fwd 13.51 | bwd+comm 309.34 | opt 5.24 | data 0.09)  |  train-only epoch: 128.2s
  -> Best model saved (80.80%)
[Epoch 13] Summarizing hook timing...

[HOOK_TIMING_SUMMARY] epoch=13
[HOOK_WORK_SUMMARY] label=mpi:ring_zfp_naive:rate16 calls=3120 work_total_ms=115775.232 work_mean_ms=37.107 work_min_ms=33.767 work_max_ms=56.107
[HOOK_TAIL_SUMMARY] label=mpi:ring_zfp_naive:rate16 steps=390 tail_total_ms=110319.867 tail_mean_ms=282.871 tail_min_ms=267.822 tail_max_ms=299.343
[Epoch 13] Hook timing summary done

[Epoch 14] Training... (lr at epoch start=0.027300)
  Batch [50/390] Loss: 0.4940, Acc: 80.50%, lr: 0.026408
  Batch [100/390] Loss: 0.5221, Acc: 81.25%, lr: 0.025525
  Batch [150/390] Loss: 0.5359, Acc: 82.17%, lr: 0.024652
  Batch [200/390] Loss: 0.5442, Acc: 81.88%, lr: 0.023789
  Batch [250/390] Loss: 0.5621, Acc: 81.50%, lr: 0.022937
  Batch [300/390] Loss: 0.5767, Acc: 80.75%, lr: 0.022096
  Batch [350/390] Loss: 0.5687, Acc: 81.14%, lr: 0.021266
[Epoch 14] Train Loss: 0.5627, Acc: 81.28%  |  Val Loss: 0.5399, Acc: 81.62%  |  Time: 156.2s
[Epoch 14] t_iter median: 328.91 ms  (fwd 13.48 | bwd+comm 310.11 | opt 5.25 | data 0.09)  |  train-only epoch: 128.4s
  -> Best model saved (81.62%)
[Epoch 14] Summarizing hook timing...

[HOOK_TIMING_SUMMARY] epoch=14
[HOOK_WORK_SUMMARY] label=mpi:ring_zfp_naive:rate16 calls=3120 work_total_ms=115992.417 work_mean_ms=37.177 work_min_ms=33.760 work_max_ms=57.530
[HOOK_TAIL_SUMMARY] label=mpi:ring_zfp_naive:rate16 steps=390 tail_total_ms=110762.270 tail_mean_ms=284.006 tail_min_ms=270.108 tail_max_ms=301.270
[Epoch 14] Hook timing summary done

[Epoch 15] Training... (lr at epoch start=0.020611)
  Batch [50/390] Loss: 0.5029, Acc: 81.50%, lr: 0.019802
  Batch [100/390] Loss: 0.5569, Acc: 80.25%, lr: 0.019006
  Batch [150/390] Loss: 0.5386, Acc: 81.17%, lr: 0.018222
  Batch [200/390] Loss: 0.5158, Acc: 81.88%, lr: 0.017451
  Batch [250/390] Loss: 0.5097, Acc: 82.70%, lr: 0.016693
  Batch [300/390] Loss: 0.5082, Acc: 82.67%, lr: 0.015949
  Batch [350/390] Loss: 0.5091, Acc: 82.86%, lr: 0.015219
[Epoch 15] Train Loss: 0.5027, Acc: 83.21%  |  Val Loss: 0.5125, Acc: 82.66%  |  Time: 154.9s
[Epoch 15] t_iter median: 328.70 ms  (fwd 13.48 | bwd+comm 309.89 | opt 5.24 | data 0.09)  |  train-only epoch: 128.4s
  -> Best model saved (82.66%)
[Epoch 15] Summarizing hook timing...

[HOOK_TIMING_SUMMARY] epoch=15
[HOOK_WORK_SUMMARY] label=mpi:ring_zfp_naive:rate16 calls=3120 work_total_ms=115855.097 work_mean_ms=37.133 work_min_ms=33.937 work_max_ms=56.739
[HOOK_TAIL_SUMMARY] label=mpi:ring_zfp_naive:rate16 steps=390 tail_total_ms=110624.500 tail_mean_ms=283.653 tail_min_ms=267.622 tail_max_ms=297.775
[Epoch 15] Hook timing summary done

[Epoch 16] Training... (lr at epoch start=0.014645)
  Batch [50/390] Loss: 0.4098, Acc: 87.50%, lr: 0.013940
  Batch [100/390] Loss: 0.4451, Acc: 85.75%, lr: 0.013250
  Batch [150/390] Loss: 0.4255, Acc: 86.17%, lr: 0.012574
  Batch [200/390] Loss: 0.4259, Acc: 86.12%, lr: 0.011914
  Batch [250/390] Loss: 0.4343, Acc: 85.80%, lr: 0.011270
  Batch [300/390] Loss: 0.4374, Acc: 85.50%, lr: 0.010641
  Batch [350/390] Loss: 0.4232, Acc: 85.71%, lr: 0.010028
[Epoch 16] Train Loss: 0.4227, Acc: 85.90%  |  Val Loss: 0.4474, Acc: 84.79%  |  Time: 155.1s
[Epoch 16] t_iter median: 328.72 ms  (fwd 13.50 | bwd+comm 309.89 | opt 5.24 | data 0.09)  |  train-only epoch: 128.4s
  -> Best model saved (84.79%)
[Epoch 16] Summarizing hook timing...

[HOOK_TIMING_SUMMARY] epoch=16
[HOOK_WORK_SUMMARY] label=mpi:ring_zfp_naive:rate16 calls=3120 work_total_ms=115843.686 work_mean_ms=37.129 work_min_ms=33.915 work_max_ms=57.615
[HOOK_TAIL_SUMMARY] label=mpi:ring_zfp_naive:rate16 steps=390 tail_total_ms=110777.265 tail_mean_ms=284.044 tail_min_ms=265.353 tail_max_ms=299.459
[Epoch 16] Hook timing summary done

[Epoch 17] Training... (lr at epoch start=0.009549)
  Batch [50/390] Loss: 0.4961, Acc: 82.50%, lr: 0.008966
  Batch [100/390] Loss: 0.4365, Acc: 84.00%, lr: 0.008399
  Batch [150/390] Loss: 0.4256, Acc: 84.50%, lr: 0.007848
  Batch [200/390] Loss: 0.4018, Acc: 85.50%, lr: 0.007315
  Batch [250/390] Loss: 0.4088, Acc: 85.60%, lr: 0.006800
  Batch [300/390] Loss: 0.3929, Acc: 86.08%, lr: 0.006302
  Batch [350/390] Loss: 0.3866, Acc: 86.14%, lr: 0.005821
[Epoch 17] Train Loss: 0.3892, Acc: 86.03%  |  Val Loss: 0.4127, Acc: 86.53%  |  Time: 155.3s
[Epoch 17] t_iter median: 329.05 ms  (fwd 13.49 | bwd+comm 310.18 | opt 5.24 | data 0.09)  |  train-only epoch: 128.6s
  -> Best model saved (86.53%)
[Epoch 17] Summarizing hook timing...

[HOOK_TIMING_SUMMARY] epoch=17
[HOOK_WORK_SUMMARY] label=mpi:ring_zfp_naive:rate16 calls=3120 work_total_ms=116065.249 work_mean_ms=37.200 work_min_ms=33.994 work_max_ms=56.672
[HOOK_TAIL_SUMMARY] label=mpi:ring_zfp_naive:rate16 steps=390 tail_total_ms=110970.088 tail_mean_ms=284.539 tail_min_ms=271.867 tail_max_ms=298.716
[Epoch 17] Hook timing summary done

[Epoch 18] Training... (lr at epoch start=0.005450)
  Batch [50/390] Loss: 0.4334, Acc: 84.00%, lr: 0.005002
  Batch [100/390] Loss: 0.3883, Acc: 85.25%, lr: 0.004572
  Batch [150/390] Loss: 0.4019, Acc: 85.17%, lr: 0.004160
  Batch [200/390] Loss: 0.3853, Acc: 86.38%, lr: 0.003768
  Batch [250/390] Loss: 0.3993, Acc: 86.20%, lr: 0.003394
  Batch [300/390] Loss: 0.3809, Acc: 86.83%, lr: 0.003038
  Batch [350/390] Loss: 0.3666, Acc: 87.36%, lr: 0.002702
[Epoch 18] Train Loss: 0.3688, Acc: 87.24%  |  Val Loss: 0.3847, Acc: 87.19%  |  Time: 155.7s
[Epoch 18] t_iter median: 329.48 ms  (fwd 13.53 | bwd+comm 310.57 | opt 5.25 | data 0.09)  |  train-only epoch: 128.7s
  -> Best model saved (87.19%)
[Epoch 18] Summarizing hook timing...

[HOOK_TIMING_SUMMARY] epoch=18
[HOOK_WORK_SUMMARY] label=mpi:ring_zfp_naive:rate16 calls=3120 work_total_ms=116231.544 work_mean_ms=37.254 work_min_ms=34.039 work_max_ms=58.887
[HOOK_TAIL_SUMMARY] label=mpi:ring_zfp_naive:rate16 steps=390 tail_total_ms=111111.909 tail_mean_ms=284.902 tail_min_ms=268.573 tail_max_ms=305.541
[Epoch 18] Hook timing summary done

[Epoch 19] Training... (lr at epoch start=0.002447)
  Batch [50/390] Loss: 0.2733, Acc: 91.50%, lr: 0.002146
  Batch [100/390] Loss: 0.3120, Acc: 88.75%, lr: 0.001864
  Batch [150/390] Loss: 0.3246, Acc: 88.67%, lr: 0.001601
  Batch [200/390] Loss: 0.3134, Acc: 89.50%, lr: 0.001358
  Batch [250/390] Loss: 0.3194, Acc: 89.30%, lr: 0.001135
  Batch [300/390] Loss: 0.3392, Acc: 88.75%, lr: 0.000931
  Batch [350/390] Loss: 0.3318, Acc: 88.71%, lr: 0.000748
[Epoch 19] Train Loss: 0.3317, Acc: 88.72%  |  Val Loss: 0.3647, Acc: 87.83%  |  Time: 155.9s
[Epoch 19] t_iter median: 329.75 ms  (fwd 13.54 | bwd+comm 310.93 | opt 5.24 | data 0.09)  |  train-only epoch: 128.8s
  -> Best model saved (87.83%)
[Epoch 19] Summarizing hook timing...

[HOOK_TIMING_SUMMARY] epoch=19
[HOOK_WORK_SUMMARY] label=mpi:ring_zfp_naive:rate16 calls=3120 work_total_ms=116185.868 work_mean_ms=37.239 work_min_ms=34.033 work_max_ms=62.180
[HOOK_TAIL_SUMMARY] label=mpi:ring_zfp_naive:rate16 steps=390 tail_total_ms=111039.122 tail_mean_ms=284.716 tail_min_ms=268.044 tail_max_ms=300.456
[Epoch 19] Hook timing summary done

[Epoch 20] Training... (lr at epoch start=0.000616)
  Batch [50/390] Loss: 0.2846, Acc: 90.00%, lr: 0.000468
  Batch [100/390] Loss: 0.3150, Acc: 88.50%, lr: 0.000341
  Batch [150/390] Loss: 0.3066, Acc: 89.33%, lr: 0.000233
  Batch [200/390] Loss: 0.3097, Acc: 88.88%, lr: 0.000146
  Batch [250/390] Loss: 0.3054, Acc: 89.30%, lr: 0.000079
  Batch [300/390] Loss: 0.3050, Acc: 89.33%, lr: 0.000033
  Batch [350/390] Loss: 0.2985, Acc: 89.50%, lr: 0.000006
[Epoch 20] Train Loss: 0.2951, Acc: 89.68%  |  Val Loss: 0.3633, Acc: 88.02%  |  Time: 155.8s
[Epoch 20] t_iter median: 329.24 ms  (fwd 13.55 | bwd+comm 310.33 | opt 5.24 | data 0.09)  |  train-only epoch: 128.6s
  -> Best model saved (88.02%)
[Epoch 20] Summarizing hook timing...

[HOOK_TIMING_SUMMARY] epoch=20
[HOOK_WORK_SUMMARY] label=mpi:ring_zfp_naive:rate16 calls=3120 work_total_ms=116103.877 work_mean_ms=37.213 work_min_ms=33.813 work_max_ms=57.987
[HOOK_TAIL_SUMMARY] label=mpi:ring_zfp_naive:rate16 steps=390 tail_total_ms=110839.582 tail_mean_ms=284.204 tail_min_ms=271.478 tail_max_ms=298.583
[Epoch 20] Hook timing summary done

================================================================================
Done in 3133.5s | Best val acc: 88.02%
Epoch times (train+val): mean=155.3s  min=152.5s  max=162.4s
Train-only epoch time (epochs 2..N): median=128.43s  min=127.26s  max=136.14s
  -> use this for STRONG scaling (fixed global batch)
  -> use t_iter_median_ms from the CSV for WEAK scaling (fixed local batch)
================================================================================
=== Finished training: model=wide_resnet50_2, dataset=cifar10, batch=4, lr=0.1, scheduler=cosine, backend=mpi, hook=ring_zfp_naive, zfp_rate=16, status=0 at Mon Jul 20 11:58:38 AM EDT 2026 ===
=== Starting: model=wide_resnet50_2, ws=32, bs=4, gb=128, lr=0.1, sched=cosine, warmup=0, mom=0.9, wd=5e-4, nesterov=true, wd_bn_bias=false, backend=mpi, hook=ring_zfp_online_coll, zfp=16 at Mon Jul 20 11:58:38 AM EDT 2026 ===
MIOPEN_USER_DB_PATH=/mnt/bb/matilderestelli/miopen_cache_5035615/miopen_db
MIOPEN_CUSTOM_CACHE_DIR=/mnt/bb/matilderestelli/miopen_cache_5035615/kernel_cache
drwxr-sr-x 2 matilderestelli gen243 103 Jul 20 10:26 /mnt/bb/matilderestelli/miopen_cache_5035615/miopen_db
==== GPU visibility debug (batch shell) ====
frontier10349
ROCR_VISIBLE_DEVICES=0,1,2,3,4,5,6,7
SLURM_JOB_GPUS=0,1,2,3,4,5,6,7
[37mROCk module version 6.16.13 is loaded[0m
=====================    
HSA System Attributes    
=====================    
Runtime Version:         1.18
Runtime Ext Version:     1.14
System Timestamp Freq.:  1000.000000MHz
Sig. Max Wait Duration:  18446744073709551615 (0xFFFFFFFFFFFFFFFF) (timestamp count)
Machine Model:           LARGE                              
System Endianness:       LITTLE                             
Mwaitx:                  DISABLED
XNACK enabled:           NO
DMAbuf Support:          YES
VMM Support:             YES

==========               
HSA Agents               
==========               
*******                  
Agent 1                  
*******                  
  Name:                    AMD EPYC 7A53 64-Core Processor    
  Uuid:                    CPU-XX                             
  Marketing Name:          AMD EPYC 7A53 64-Core Processor    
  Vendor Name:             CPU                                
  Feature:                 None specified                     
  Profile:                 FULL_PROFILE                       
  Float Round Mode:        NEAR                               
  Max Queue Number:        0(0x0)                             
  Queue Min Size:          0(0x0)                             

================================================================================
DISTRIBUTED TRAINING LAUNCHER
================================================================================
  Model:      wide_resnet50_2 (CIFAR stem) (from scratch)
  Dataset:    cifar10 (10 classes)
  Image size: 32
  LR:         0.1
  Momentum:   0.9 (nesterov=True)
  Optimizer:  sgd
  Weight dec: 0.0005 (on BN/bias=False)
  Backend:    mpi
  Algorithm:  ring_zfp_online_coll
  ZFP rate:   16
  Epochs:     20
  Batch/rank: 4
  LR:         0.1
  Scheduler:  cosine
  Warmup:     0
  Grad clip:  None
  Drop last:  True
  Data dir:   ./data
================================================================================


================================================================================
DISTRIBUTED TRAINING LAUNCHER
================================================================================
  Model:      wide_resnet50_2 (CIFAR stem) (from scratch)
  Dataset:    cifar10 (10 classes)
  Image size: 32
  LR:         0.1
  Momentum:   0.9 (nesterov=True)
  Optimizer:  sgd
  Weight dec: 0.0005 (on BN/bias=False)
  Backend:    mpi
  Algorithm:  ring_zfp_online_coll
  ZFP rate:   16
  Epochs:     20
  Batch/rank: 4
  LR:         0.1
  Scheduler:  cosine
  Warmup:     0
  Grad clip:  None
  Drop last:  True
  Data dir:   ./data
================================================================================


================================================================================
DISTRIBUTED TRAINING LAUNCHER
================================================================================
  Model:      wide_resnet50_2 (CIFAR stem) (from scratch)
  Dataset:    cifar10 (10 classes)
  Image size: 32
  LR:         0.1
  Momentum:   0.9 (nesterov=True)
  Optimizer:  sgd
  Weight dec: 0.0005 (on BN/bias=False)
  Backend:    mpi
  Algorithm:  ring_zfp_online_coll
  ZFP rate:   16
  Epochs:     20
  Batch/rank: 4
  LR:         0.1
  Scheduler:  cosine
  Warmup:     0
  Grad clip:  None
  Drop last:  True
  Data dir:   ./data
================================================================================


================================================================================
DISTRIBUTED TRAINING LAUNCHER
================================================================================
  Model:      wide_resnet50_2 (CIFAR stem) (from scratch)
  Dataset:    cifar10 (10 classes)
  Image size: 32
  LR:         0.1
  Momentum:   0.9 (nesterov=True)
  Optimizer:  sgd
  Weight dec: 0.0005 (on BN/bias=False)
  Backend:    mpi
  Algorithm:  ring_zfp_online_coll
  ZFP rate:   16
  Epochs:     20
  Batch/rank: 4
  LR:         0.1
  Scheduler:  cosine
  Warmup:     0
  Grad clip:  None

================================================================================
DISTRIBUTED TRAINING LAUNCHER
================================================================================
  Model:      wide_resnet50_2 (CIFAR stem) (from scratch)
  Dataset:    cifar10 (10 classes)
  Image size: 32
  LR:         0.1
  Momentum:   0.9 (nesterov=True)
  Optimizer:  sgd
  Weight dec: 0.0005 (on BN/bias=False)
  Backend:    mpi
  Algorithm:  ring_zfp_online_coll
  ZFP rate:   16
  Epochs:     20
  Batch/rank: 4
  LR:         0.1
  Scheduler:  cosine
  Warmup:     0
  Grad clip:  None
  Drop last:  True
  Data dir:   ./data
================================================================================

  Drop last:  True
  Data dir:   ./data
================================================================================


================================================================================
DISTRIBUTED TRAINING LAUNCHER
================================================================================
  Model:      wide_resnet50_2 (CIFAR stem) (from scratch)
  Dataset:    cifar10 (10 classes)
  Image size: 32
  LR:         0.1
  Momentum:   0.9 (nesterov=True)
  Optimizer:  sgd
  Weight dec: 0.0005 (on BN/bias=False)
  Backend:    mpi
  Algorithm:  ring_zfp_online_coll
  ZFP rate:   16
  Epochs:     20
  Batch/rank: 4
  LR:         0.1
  Scheduler:  cosine
  Warmup:     0
  Grad clip:  None
  Drop last:  True
  Data dir:   ./data
================================================================================


================================================================================
DISTRIBUTED TRAINING LAUNCHER
================================================================================
  Model:      wide_resnet50_2 (CIFAR stem) (from scratch)
  Dataset:    cifar10 (10 classes)
  Image size: 32
  LR:         0.1
  Momentum:   0.9 (nesterov=True)
  Optimizer:  sgd
  Weight dec: 0.0005 (on BN/bias=False)
  Backend:    mpi
  Algorithm:  ring_zfp_online_coll
  ZFP rate:   16
  Epochs:     20
  Batch/rank: 4
  LR:         0.1
  Scheduler:  cosine
  Warmup:     0
  Grad clip:  None
  Drop last:  True
  Data dir:   ./data
================================================================================


================================================================================
DISTRIBUTED TRAINING LAUNCHER
================================================================================
  Model:      wide_resnet50_2 (CIFAR stem) (from scratch)
  Dataset:    cifar10 (10 classes)
  Image size: 32
  LR:         0.1
  Momentum:   0.9 (nesterov=True)
  Optimizer:  sgd
  Weight dec: 0.0005 (on BN/bias=False)
  Backend:    mpi
  Algorithm:  ring_zfp_online_coll
  ZFP rate:   16
  Epochs:     20
  Batch/rank: 4
  LR:         0.1
  Scheduler:  cosine
  Warmup:     0
  Grad clip:  None
  Drop last:  True
  Data dir:   ./data
================================================================================


================================================================================
DISTRIBUTED TRAINING LAUNCHER
================================================================================
  Model:      wide_resnet50_2 (CIFAR stem) (from scratch)
  Dataset:    cifar10 (10 classes)
  Image size: 32
  LR:         0.1
  Momentum:   0.9 (nesterov=True)
  Optimizer:  sgd
  Weight dec: 0.0005 (on BN/bias=False)
  Backend:    mpi
  Algorithm:  ring_zfp_online_coll
  ZFP rate:   16
  Epochs:     20
  Batch/rank: 4
  LR:         0.1
  Scheduler:  cosine
  Warmup:     0
  Grad clip:  None

================================================================================
DISTRIBUTED TRAINING LAUNCHER
================================================================================
  Model:      wide_resnet50_2 (CIFAR stem) (from scratch)
  Dataset:    cifar10 (10 classes)
  Image size: 32
  LR:         0.1
  Momentum:   0.9 (nesterov=True)
  Optimizer:  sgd
  Weight dec: 0.0005 (on BN/bias=False)
  Backend:    mpi
  Algorithm:  ring_zfp_online_coll
  ZFP rate:   16
  Epochs:     20
  Batch/rank: 4
  LR:         0.1
  Scheduler:  cosine
  Warmup:     0
  Grad clip:  None
  Drop last:  True
  Data dir:   ./data
================================================================================


================================================================================
DISTRIBUTED TRAINING LAUNCHER
================================================================================
  Model:      wide_resnet50_2 (CIFAR stem) (from scratch)
  Dataset:    cifar10 (10 classes)
  Image size: 32
  LR:         0.1
  Momentum:   0.9 (nesterov=True)
  Optimizer:  sgd
  Weight dec: 0.0005 (on BN/bias=False)
  Backend:    mpi
  Algorithm:  ring_zfp_online_coll
  ZFP rate:   16
  Epochs:     20
  Batch/rank: 4
  LR:         0.1
  Scheduler:  cosine
  Warmup:     0
  Grad clip:  None
  Drop last:  True
  Data dir:   ./data
================================================================================

  Drop last:  True
  Data dir:   ./data
================================================================================


================================================================================
DISTRIBUTED TRAINING LAUNCHER
================================================================================
  Model:      wide_resnet50_2 (CIFAR stem) (from scratch)
  Dataset:    cifar10 (10 classes)
  Image size: 32
  LR:         0.1
  Momentum:   0.9 (nesterov=True)
  Optimizer:  sgd
  Weight dec: 0.0005 (on BN/bias=False)
  Backend:    mpi
  Algorithm:  ring_zfp_online_coll
  ZFP rate:   16
  Epochs:     20
  Batch/rank: 4
  LR:         0.1
  Scheduler:  cosine
  Warmup:     0
  Grad clip:  None
  Drop last:  True
  Data dir:   ./data
================================================================================


================================================================================
DISTRIBUTED TRAINING LAUNCHER
================================================================================
  Model:      wide_resnet50_2 (CIFAR stem) (from scratch)
  Dataset:    cifar10 (10 classes)
  Image size: 32
  LR:         0.1
  Momentum:   0.9 (nesterov=True)
  Optimizer:  sgd
  Weight dec: 0.0005 (on BN/bias=False)
  Backend:    mpi
  Algorithm:  ring_zfp_online_coll
  ZFP rate:   16
  Epochs:     20
  Batch/rank: 4
  LR:         0.1
  Scheduler:  cosine
  Warmup:     0
  Grad clip:  None
  Drop last:  True
  Data dir:   ./data
================================================================================


================================================================================
DISTRIBUTED TRAINING LAUNCHER
================================================================================
  Model:      wide_resnet50_2 (CIFAR stem) (from scratch)
  Dataset:    cifar10 (10 classes)
  Image size: 32
  LR:         0.1
  Momentum:   0.9 (nesterov=True)
  Optimizer:  sgd
  Weight dec: 0.0005 (on BN/bias=False)
  Backend:    mpi
  Algorithm:  ring_zfp_online_coll
  ZFP rate:   16
  Epochs:     20
  Batch/rank: 4
  LR:         0.1
  Scheduler:  cosine
  Warmup:     0
  Grad clip:  None
  Drop last:  True
  Data dir:   ./data
================================================================================

================================================================================
DISTRIBUTED TRAINING LAUNCHER
================================================================================
  Model:      wide_resnet50_2 (CIFAR stem) (from scratch)
  Dataset:    cifar10 (10 classes)
  Image size: 32
  LR:         0.1
  Momentum:   0.9 (nesterov=True)
  Optimizer:  sgd
  Weight dec: 0.0005 (on BN/bias=False)
  Backend:    mpi
  Algorithm:  ring_zfp_online_coll
  ZFP rate:   16
  Epochs:     20
  Batch/rank: 4
  LR:         0.1
  Scheduler:  cosine
  Warmup:     0
  Grad clip:  None
  Drop last:  True
  Data dir:   ./data
================================================================================



================================================================================
DISTRIBUTED TRAINING LAUNCHER
================================================================================
  Model:      wide_resnet50_2 (CIFAR stem) (from scratch)
  Dataset:    cifar10 (10 classes)
  Image size: 32
  LR:         0.1
  Momentum:   0.9 (nesterov=True)
  Optimizer:  sgd
  Weight dec: 0.0005 (on BN/bias=False)
  Backend:    mpi
  Algorithm:  ring_zfp_online_coll
  ZFP rate:   16
  Epochs:     20
  Batch/rank: 4
  LR:         0.1
  Scheduler:  cosine
  Warmup:     0
  Grad clip:  None
  Drop last:  True
  Data dir:   ./data
================================================================================


================================================================================
DISTRIBUTED TRAINING LAUNCHER
================================================================================
  Model:      wide_resnet50_2 (CIFAR stem) (from scratch)
  Dataset:    cifar10 (10 classes)
  Image size: 32
  LR:         0.1
  Momentum:   0.9 (nesterov=True)
  Optimizer:  sgd
  Weight dec: 0.0005 (on BN/bias=False)
  Backend:    mpi
  Algorithm:  ring_zfp_online_coll
  ZFP rate:   16
  Epochs:     20
  Batch/rank: 4
  LR:         0.1
  Scheduler:  cosine
  Warmup:     0
  Grad clip:  None
  Drop last:  True
  Data dir:   ./data
================================================================================


================================================================================
DISTRIBUTED TRAINING LAUNCHER
================================================================================
  Model:      wide_resnet50_2 (CIFAR stem) (from scratch)
  Dataset:    cifar10 (10 classes)
  Image size: 32
  LR:         0.1
  Momentum:   0.9 (nesterov=True)
  Optimizer:  sgd
  Weight dec: 0.0005 (on BN/bias=False)
  Backend:    mpi
  Algorithm:  ring_zfp_online_coll
  ZFP rate:   16
  Epochs:     20
  Batch/rank: 4
  LR:         0.1
  Scheduler:  cosine
  Warmup:     0
  Grad clip:  None
  Drop last:  True
  Data dir:   ./data
================================================================================


================================================================================
DISTRIBUTED TRAINING LAUNCHER
================================================================================
  Model:      wide_resnet50_2 (CIFAR stem) (from scratch)
  Dataset:    cifar10 (10 classes)
  Image size: 32
  LR:         0.1
  Momentum:   0.9 (nesterov=True)
  Optimizer:  sgd
  Weight dec: 0.0005 (on BN/bias=False)
  Backend:    mpi
  Algorithm:  ring_zfp_online_coll
  ZFP rate:   16
  Epochs:     20
  Batch/rank: 4
  LR:         0.1
  Scheduler:  cosine
  Warmup:     0
  Grad clip:  None
  Drop last:  True
  Data dir:   ./data
================================================================================


================================================================================
DISTRIBUTED TRAINING LAUNCHER
================================================================================
  Model:      wide_resnet50_2 (CIFAR stem) (from scratch)
  Dataset:    cifar10 (10 classes)
  Image size: 32
  LR:         0.1
  Momentum:   0.9 (nesterov=True)
  Optimizer:  sgd
  Weight dec: 0.0005 (on BN/bias=False)
  Backend:    mpi
  Algorithm:  ring_zfp_online_coll
  ZFP rate:   16
  Epochs:     20
  Batch/rank: 4
  LR:         0.1
  Scheduler:  cosine
  Warmup:     0
  Grad clip:  None
  Drop last:  True
  Data dir:   ./data
================================================================================


================================================================================
DISTRIBUTED TRAINING LAUNCHER
================================================================================
  Model:      wide_resnet50_2 (CIFAR stem) (from scratch)
  Dataset:    cifar10 (10 classes)
  Image size: 32
  LR:         0.1
  Momentum:   0.9 (nesterov=True)
  Optimizer:  sgd
  Weight dec: 0.0005 (on BN/bias=False)
  Backend:    mpi
  Algorithm:  ring_zfp_online_coll
  ZFP rate:   16
  Epochs:     20
  Batch/rank: 4
  LR:         0.1
  Scheduler:  cosine
  Warmup:     0
  Grad clip:  None
  Drop last:  True
  Data dir:   ./data
================================================================================


================================================================================
DISTRIBUTED TRAINING LAUNCHER
================================================================================
  Model:      wide_resnet50_2 (CIFAR stem) (from scratch)
  Dataset:    cifar10 (10 classes)
  Image size: 32
  LR:         0.1
  Momentum:   0.9 (nesterov=True)
  Optimizer:  sgd
  Weight dec: 0.0005 (on BN/bias=False)
  Backend:    mpi
  Algorithm:  ring_zfp_online_coll
  ZFP rate:   16
  Epochs:     20
  Batch/rank: 4
  LR:         0.1
  Scheduler:  cosine
  Warmup:     0
  Grad clip:  None
  Drop last:  True
  Data dir:   ./data
================================================================================


================================================================================
DISTRIBUTED TRAINING LAUNCHER
================================================================================
  Model:      wide_resnet50_2 (CIFAR stem) (from scratch)
  Dataset:    cifar10 (10 classes)
  Image size: 32
  LR:         0.1
  Momentum:   0.9 (nesterov=True)
  Optimizer:  sgd
  Weight dec: 0.0005 (on BN/bias=False)
  Backend:    mpi
  Algorithm:  ring_zfp_online_coll
  ZFP rate:   16
  Epochs:     20
  Batch/rank: 4
  LR:         0.1
  Scheduler:  cosine
  Warmup:     0
  Grad clip:  None
  Drop last:  True
  Data dir:   ./data
================================================================================


================================================================================
DISTRIBUTED TRAINING LAUNCHER
================================================================================
  Model:      wide_resnet50_2 (CIFAR stem) (from scratch)
  Dataset:    cifar10 (10 classes)
  Image size: 32
  LR:         0.1
  Momentum:   0.9 (nesterov=True)
  Optimizer:  sgd
  Weight dec: 0.0005 (on BN/bias=False)
  Backend:    mpi
  Algorithm:  ring_zfp_online_coll
  ZFP rate:   16
  Epochs:     20
  Batch/rank: 4
  LR:         0.1
  Scheduler:  cosine
  Warmup:     0
  Grad clip:  None
  Drop last:  True
  Data dir:   ./data
================================================================================


================================================================================
DISTRIBUTED TRAINING LAUNCHER
================================================================================
  Model:      wide_resnet50_2 (CIFAR stem) (from scratch)
  Dataset:    cifar10 (10 classes)
  Image size: 32
  LR:         0.1
  Momentum:   0.9 (nesterov=True)
  Optimizer:  sgd
  Weight dec: 0.0005 (on BN/bias=False)
  Backend:    mpi
  Algorithm:  ring_zfp_online_coll
  ZFP rate:   16
  Epochs:     20
  Batch/rank: 4
  LR:         0.1
  Scheduler:  cosine
  Warmup:     0
  Grad clip:  None
  Drop last:  True
  Data dir:   ./data
================================================================================


================================================================================
DISTRIBUTED TRAINING LAUNCHER
================================================================================
  Model:      wide_resnet50_2 (CIFAR stem) (from scratch)
  Dataset:    cifar10 (10 classes)
  Image size: 32
  LR:         0.1
  Momentum:   0.9 (nesterov=True)
  Optimizer:  sgd
  Weight dec: 0.0005 (on BN/bias=False)
  Backend:    mpi
  Algorithm:  ring_zfp_online_coll
  ZFP rate:   16
  Epochs:     20
  Batch/rank: 4
  LR:         0.1
  Scheduler:  cosine
  Warmup:     0
  Grad clip:  None
  Drop last:  True
  Data dir:   ./data
================================================================================


================================================================================
DISTRIBUTED TRAINING LAUNCHER
================================================================================
  Model:      wide_resnet50_2 (CIFAR stem) (from scratch)
  Dataset:    cifar10 (10 classes)
  Image size: 32
  LR:         0.1
  Momentum:   0.9 (nesterov=True)
  Optimizer:  sgd
  Weight dec: 0.0005 (on BN/bias=False)
  Backend:    mpi
  Algorithm:  ring_zfp_online_coll
  ZFP rate:   16
  Epochs:     20
  Batch/rank: 4
  LR:         0.1
  Scheduler:  cosine
  Warmup:     0
  Grad clip:  None
  Drop last:  True
  Data dir:   ./data
================================================================================


================================================================================
DISTRIBUTED TRAINING LAUNCHER
================================================================================
  Model:      wide_resnet50_2 (CIFAR stem) (from scratch)
  Dataset:    cifar10 (10 classes)
  Image size: 32
  LR:         0.1
  Momentum:   0.9 (nesterov=True)
  Optimizer:  sgd
  Weight dec: 0.0005 (on BN/bias=False)
  Backend:    mpi
  Algorithm:  ring_zfp_online_coll
  ZFP rate:   16
  Epochs:     20
  Batch/rank: 4
  LR:         0.1
  Scheduler:  cosine
  Warmup:     0
  Grad clip:  None
  Drop last:  True
  Data dir:   ./data
================================================================================


================================================================================
DISTRIBUTED TRAINING LAUNCHER
================================================================================
  Model:      wide_resnet50_2 (CIFAR stem) (from scratch)
  Dataset:    cifar10 (10 classes)
  Image size: 32
  LR:         0.1
  Momentum:   0.9 (nesterov=True)
  Optimizer:  sgd
  Weight dec: 0.0005 (on BN/bias=False)
  Backend:    mpi
  Algorithm:  ring_zfp_online_coll
  ZFP rate:   16
  Epochs:     20
  Batch/rank: 4
  LR:         0.1
  Scheduler:  cosine
  Warmup:     0
  Grad clip:  None
  Drop last:  True
  Data dir:   ./data
================================================================================


================================================================================
DISTRIBUTED TRAINING LAUNCHER
================================================================================
  Model:      wide_resnet50_2 (CIFAR stem) (from scratch)
  Dataset:    cifar10 (10 classes)
  Image size: 32
  LR:         0.1
  Momentum:   0.9 (nesterov=True)
  Optimizer:  sgd
  Weight dec: 0.0005 (on BN/bias=False)
  Backend:    mpi
  Algorithm:  ring_zfp_online_coll
  ZFP rate:   16
  Epochs:     20
  Batch/rank: 4
  LR:         0.1
  Scheduler:  cosine
  Warmup:     0
  Grad clip:  None
  Drop last:  True
  Data dir:   ./data
================================================================================


================================================================================
DISTRIBUTED TRAINING LAUNCHER
================================================================================
  Model:      wide_resnet50_2 (CIFAR stem) (from scratch)
  Dataset:    cifar10 (10 classes)
  Image size: 32
  LR:         0.1
  Momentum:   0.9 (nesterov=True)
  Optimizer:  sgd
  Weight dec: 0.0005 (on BN/bias=False)
  Backend:    mpi
  Algorithm:  ring_zfp_online_coll
  ZFP rate:   16
  Epochs:     20
  Batch/rank: 4
  LR:         0.1
  Scheduler:  cosine
  Warmup:     0
  Grad clip:  None
  Drop last:  True
  Data dir:   ./data
================================================================================


================================================================================
DISTRIBUTED TRAINING LAUNCHER
================================================================================
  Model:      wide_resnet50_2 (CIFAR stem) (from scratch)
  Dataset:    cifar10 (10 classes)
  Image size: 32
  LR:         0.1
  Momentum:   0.9 (nesterov=True)
  Optimizer:  sgd
  Weight dec: 0.0005 (on BN/bias=False)
  Backend:    mpi
  Algorithm:  ring_zfp_online_coll
  ZFP rate:   16
  Epochs:     20
  Batch/rank: 4
  LR:         0.1
  Scheduler:  cosine
  Warmup:     0
  Grad clip:  None
  Drop last:  True
  Data dir:   ./data
================================================================================


================================================================================
Distributed Training: WIDE_RESNET50_2 on CIFAR10
Backend: MPI, Algorithm: ring_zfp_online_coll
================================================================================
Ranks: 32, Epochs: 20, Batch/rank: 4, Effective batch: 128
LR: 0.1, Device: cuda:0

[Cache] Pretrained weights cache (TORCH_HOME) = /lustre/orion/gen243/proj-shared/matilderestelli/pretrained_weights_cache
[Setup] Model on cuda:0, wrapped in DDP (static_graph=True)
[Setup] Hook registered: mpi/ring_zfp_online_coll
[Optim] SGD: lr=0.1 momentum=0.9 nesterov=True wd=0.0005 wd_on_bn_bias=False
[Optim]   group 0: 66,778,816 params, wd=0.0005
[Optim]   group 1: 68,234 params, wd=0.0
[Data] Train batches: 390, Val batches: 2500

[Sched] cosine: steps/epoch=390, total_steps=7800, warmup_steps=0 (0 epochs)


[Epoch 1] Training... (lr at epoch start=0.100000)
  Batch [50/390] Loss: 14.7693, Acc: 11.00%, lr: 0.099990
  Batch [100/390] Loss: 8.5379, Acc: 10.75%, lr: 0.099959
  Batch [150/390] Loss: 6.4632, Acc: 10.33%, lr: 0.099909
  Batch [200/390] Loss: 5.4292, Acc: 10.00%, lr: 0.099838
  Batch [250/390] Loss: 4.7961, Acc: 10.70%, lr: 0.099747
  Batch [300/390] Loss: 4.3813, Acc: 10.17%, lr: 0.099635
  Batch [350/390] Loss: 4.0846, Acc: 10.14%, lr: 0.099504
[Epoch 1] Train Loss: 3.9017, Acc: 10.32%  |  Val Loss: 2.5404, Acc: 10.14%  |  Time: 148.4s
[Epoch 1] t_iter median: 279.28 ms  (fwd 12.78 | bwd+comm 260.92 | opt 5.27 | data 0.09)  |  train-only epoch: 123.6s
  -> Best model saved (10.14%)
[Epoch 1] Summarizing hook timing...

[HOOK_TIMING_SUMMARY] epoch=1
[HOOK_WORK_SUMMARY] label=mpi:ring_zfp_online_coll:rate16 calls=3113 work_total_ms=109519.639 work_mean_ms=35.181 work_min_ms=27.837 work_max_ms=183.470
[HOOK_TAIL_SUMMARY] label=mpi:ring_zfp_online_coll:rate16 steps=391 tail_total_ms=104384.910 tail_mean_ms=266.969 tail_min_ms=137.080 tail_max_ms=498.843
[Epoch 1] Hook timing summary done

[Epoch 2] Training... (lr at epoch start=0.099384)
  Batch [50/390] Loss: 2.2964, Acc: 12.50%, lr: 0.099217
  Batch [100/390] Loss: 2.3028, Acc: 12.75%, lr: 0.099029
  Batch [150/390] Loss: 2.2999, Acc: 12.83%, lr: 0.098822
  Batch [200/390] Loss: 2.2970, Acc: 12.75%, lr: 0.098595
  Batch [250/390] Loss: 2.2981, Acc: 12.50%, lr: 0.098348
  Batch [300/390] Loss: 2.2985, Acc: 12.42%, lr: 0.098082
  Batch [350/390] Loss: 2.2994, Acc: 12.21%, lr: 0.097796
[Epoch 2] Train Loss: 2.2991, Acc: 12.18%  |  Val Loss: 2.4718, Acc: 11.02%  |  Time: 150.6s
[Epoch 2] t_iter median: 279.98 ms  (fwd 13.44 | bwd+comm 261.14 | opt 5.26 | data 0.09)  |  train-only epoch: 121.1s
  -> Best model saved (11.02%)
[Epoch 2] Summarizing hook timing...

[HOOK_TIMING_SUMMARY] epoch=2
[HOOK_WORK_SUMMARY] label=mpi:ring_zfp_online_coll:rate16 calls=3120 work_total_ms=108953.224 work_mean_ms=34.921 work_min_ms=28.073 work_max_ms=326.191
[HOOK_TAIL_SUMMARY] label=mpi:ring_zfp_online_coll:rate16 steps=390 tail_total_ms=103438.209 tail_mean_ms=265.226 tail_min_ms=218.930 tail_max_ms=761.513
[Epoch 2] Hook timing summary done

[Epoch 3] Training... (lr at epoch start=0.097553)
  Batch [50/390] Loss: 2.3048, Acc: 12.50%, lr: 0.097232
  Batch [100/390] Loss: 2.3049, Acc: 12.00%, lr: 0.096892
  Batch [150/390] Loss: 2.2948, Acc: 12.33%, lr: 0.096533
  Batch [200/390] Loss: 2.2928, Acc: 11.38%, lr: 0.096155
  Batch [250/390] Loss: 2.2913, Acc: 11.20%, lr: 0.095759
  Batch [300/390] Loss: 2.2911, Acc: 11.17%, lr: 0.095344
  Batch [350/390] Loss: 2.2901, Acc: 11.14%, lr: 0.094910
[Epoch 3] Train Loss: 2.2905, Acc: 11.47%  |  Val Loss: 2.4289, Acc: 11.04%  |  Time: 144.4s
[Epoch 3] t_iter median: 281.25 ms  (fwd 13.65 | bwd+comm 262.15 | opt 5.27 | data 0.09)  |  train-only epoch: 119.4s
  -> Best model saved (11.04%)
[Epoch 3] Summarizing hook timing...

[HOOK_TIMING_SUMMARY] epoch=3
[HOOK_WORK_SUMMARY] label=mpi:ring_zfp_online_coll:rate16 calls=3120 work_total_ms=107114.484 work_mean_ms=34.332 work_min_ms=27.948 work_max_ms=58.323
[HOOK_TAIL_SUMMARY] label=mpi:ring_zfp_online_coll:rate16 steps=390 tail_total_ms=101160.159 tail_mean_ms=259.385 tail_min_ms=222.343 tail_max_ms=343.730
[Epoch 3] Hook timing summary done

[Epoch 4] Training... (lr at epoch start=0.094550)
  Batch [50/390] Loss: 2.2855, Acc: 14.00%, lr: 0.094084
  Batch [100/390] Loss: 2.2943, Acc: 12.00%, lr: 0.093600
  Batch [150/390] Loss: 2.2878, Acc: 12.83%, lr: 0.093098
  Batch [200/390] Loss: 2.2871, Acc: 13.50%, lr: 0.092579
  Batch [250/390] Loss: 2.2904, Acc: 12.50%, lr: 0.092043
  Batch [300/390] Loss: 2.2925, Acc: 12.42%, lr: 0.091489
  Batch [350/390] Loss: 2.2888, Acc: 12.57%, lr: 0.090919
[Epoch 4] Train Loss: 2.2885, Acc: 12.82%  |  Val Loss: 2.4124, Acc: 10.88%  |  Time: 148.0s
[Epoch 4] t_iter median: 281.82 ms  (fwd 13.61 | bwd+comm 262.62 | opt 5.26 | data 0.09)  |  train-only epoch: 122.8s
[Epoch 4] Summarizing hook timing...

[HOOK_TIMING_SUMMARY] epoch=4
[HOOK_WORK_SUMMARY] label=mpi:ring_zfp_online_coll:rate16 calls=3120 work_total_ms=110477.278 work_mean_ms=35.409 work_min_ms=28.043 work_max_ms=608.378
[HOOK_TAIL_SUMMARY] label=mpi:ring_zfp_online_coll:rate16 steps=390 tail_total_ms=104688.300 tail_mean_ms=268.432 tail_min_ms=221.794 tail_max_ms=1443.550
[Epoch 4] Hook timing summary done

[Epoch 5] Training... (lr at epoch start=0.090451)
  Batch [50/390] Loss: 2.2840, Acc: 14.00%, lr: 0.089851
  Batch [100/390] Loss: 2.2887, Acc: 12.00%, lr: 0.089235
  Batch [150/390] Loss: 2.2981, Acc: 11.50%, lr: 0.088603
  Batch [200/390] Loss: 2.2919, Acc: 12.50%, lr: 0.087955
  Batch [250/390] Loss: 2.2898, Acc: 12.50%, lr: 0.087292
  Batch [300/390] Loss: 2.2875, Acc: 12.50%, lr: 0.086613
  Batch [350/390] Loss: 2.2839, Acc: 12.36%, lr: 0.085920
[Epoch 5] Train Loss: 2.2862, Acc: 12.12%  |  Val Loss: 2.3603, Acc: 11.15%  |  Time: 147.0s
[Epoch 5] t_iter median: 282.23 ms  (fwd 13.68 | bwd+comm 263.14 | opt 5.27 | data 0.09)  |  train-only epoch: 121.8s
  -> Best model saved (11.15%)
[Epoch 5] Summarizing hook timing...

[HOOK_TIMING_SUMMARY] epoch=5
[HOOK_WORK_SUMMARY] label=mpi:ring_zfp_online_coll:rate16 calls=3120 work_total_ms=109346.769 work_mean_ms=35.047 work_min_ms=28.201 work_max_ms=87.442
[HOOK_TAIL_SUMMARY] label=mpi:ring_zfp_online_coll:rate16 steps=390 tail_total_ms=103573.283 tail_mean_ms=265.573 tail_min_ms=222.132 tail_max_ms=355.424
[Epoch 5] Hook timing summary done

[Epoch 6] Training... (lr at epoch start=0.085355)
  Batch [50/390] Loss: 2.3083, Acc: 10.50%, lr: 0.084636
  Batch [100/390] Loss: 2.2958, Acc: 11.50%, lr: 0.083903
  Batch [150/390] Loss: 2.2990, Acc: 10.33%, lr: 0.083156
  Batch [200/390] Loss: 2.2970, Acc: 11.75%, lr: 0.082396
  Batch [250/390] Loss: 2.2940, Acc: 11.70%, lr: 0.081622
  Batch [300/390] Loss: 2.2930, Acc: 11.58%, lr: 0.080836
  Batch [350/390] Loss: 2.2919, Acc: 11.64%, lr: 0.080037
[Epoch 6] Train Loss: 2.2896, Acc: 11.79%  |  Val Loss: 2.3804, Acc: 12.83%  |  Time: 145.0s
[Epoch 6] t_iter median: 281.74 ms  (fwd 13.65 | bwd+comm 262.73 | opt 5.27 | data 0.09)  |  train-only epoch: 119.5s
  -> Best model saved (12.83%)
[Epoch 6] Summarizing hook timing...

[HOOK_TIMING_SUMMARY] epoch=6
[HOOK_WORK_SUMMARY] label=mpi:ring_zfp_online_coll:rate16 calls=3120 work_total_ms=107064.472 work_mean_ms=34.316 work_min_ms=27.973 work_max_ms=57.293
[HOOK_TAIL_SUMMARY] label=mpi:ring_zfp_online_coll:rate16 steps=390 tail_total_ms=101230.243 tail_mean_ms=259.565 tail_min_ms=221.673 tail_max_ms=344.912
[Epoch 6] Hook timing summary done

[Epoch 7] Training... (lr at epoch start=0.079389)
  Batch [50/390] Loss: 2.2336, Acc: 20.50%, lr: 0.078569
  Batch [100/390] Loss: 2.2296, Acc: 19.00%, lr: 0.077737
  Batch [150/390] Loss: 2.2168, Acc: 18.83%, lr: 0.076893
  Batch [200/390] Loss: 2.1878, Acc: 19.50%, lr: 0.076039
  Batch [250/390] Loss: 2.1612, Acc: 20.70%, lr: 0.075174
  Batch [300/390] Loss: 2.1441, Acc: 21.17%, lr: 0.074299
  Batch [350/390] Loss: 2.1174, Acc: 21.57%, lr: 0.073414
[Epoch 7] Train Loss: 2.1004, Acc: 21.73%  |  Val Loss: 1.9384, Acc: 29.91%  |  Time: 146.4s
[Epoch 7] t_iter median: 282.66 ms  (fwd 13.79 | bwd+comm 263.42 | opt 5.27 | data 0.09)  |  train-only epoch: 120.8s
  -> Best model saved (29.91%)
[Epoch 7] Summarizing hook timing...

[HOOK_TIMING_SUMMARY] epoch=7
[HOOK_WORK_SUMMARY] label=mpi:ring_zfp_online_coll:rate16 calls=3120 work_total_ms=108312.839 work_mean_ms=34.716 work_min_ms=27.935 work_max_ms=56.924
[HOOK_TAIL_SUMMARY] label=mpi:ring_zfp_online_coll:rate16 steps=390 tail_total_ms=102408.807 tail_mean_ms=262.587 tail_min_ms=222.102 tail_max_ms=346.040
[Epoch 7] Hook timing summary done

[Epoch 8] Training... (lr at epoch start=0.072700)
  Batch [50/390] Loss: 2.0200, Acc: 26.00%, lr: 0.071798
  Batch [100/390] Loss: 1.9732, Acc: 30.25%, lr: 0.070887
  Batch [150/390] Loss: 1.9390, Acc: 30.83%, lr: 0.069968
  Batch [200/390] Loss: 1.9418, Acc: 30.50%, lr: 0.069041
  Batch [250/390] Loss: 1.8991, Acc: 31.20%, lr: 0.068106
  Batch [300/390] Loss: 1.8698, Acc: 32.08%, lr: 0.067164
  Batch [350/390] Loss: 1.8553, Acc: 33.07%, lr: 0.066215
[Epoch 8] Train Loss: 1.8388, Acc: 33.78%  |  Val Loss: 1.5715, Acc: 42.45%  |  Time: 154.8s
[Epoch 8] t_iter median: 283.84 ms  (fwd 13.78 | bwd+comm 264.64 | opt 5.27 | data 0.09)  |  train-only epoch: 128.9s
  -> Best model saved (42.45%)
[Epoch 8] Summarizing hook timing...

[HOOK_TIMING_SUMMARY] epoch=8
[HOOK_WORK_SUMMARY] label=mpi:ring_zfp_online_coll:rate16 calls=3120 work_total_ms=116435.281 work_mean_ms=37.319 work_min_ms=28.217 work_max_ms=501.372
[HOOK_TAIL_SUMMARY] label=mpi:ring_zfp_online_coll:rate16 steps=390 tail_total_ms=110972.078 tail_mean_ms=284.544 tail_min_ms=223.540 tail_max_ms=1893.234
[Epoch 8] Hook timing summary done

[Epoch 9] Training... (lr at epoch start=0.065451)
  Batch [50/390] Loss: 1.6581, Acc: 43.00%, lr: 0.064490
  Batch [100/390] Loss: 1.6241, Acc: 42.25%, lr: 0.063524
  Batch [150/390] Loss: 1.6438, Acc: 39.83%, lr: 0.062551
  Batch [200/390] Loss: 1.6161, Acc: 41.00%, lr: 0.061574
  Batch [250/390] Loss: 1.6110, Acc: 40.90%, lr: 0.060592
  Batch [300/390] Loss: 1.6072, Acc: 41.33%, lr: 0.059606
  Batch [350/390] Loss: 1.6081, Acc: 41.14%, lr: 0.058616
[Epoch 9] Train Loss: 1.6027, Acc: 41.15%  |  Val Loss: 1.3789, Acc: 49.74%  |  Time: 147.8s
[Epoch 9] t_iter median: 283.16 ms  (fwd 13.91 | bwd+comm 263.81 | opt 5.28 | data 0.09)  |  train-only epoch: 122.0s
  -> Best model saved (49.74%)
[Epoch 9] Summarizing hook timing...

[HOOK_TIMING_SUMMARY] epoch=9
[HOOK_WORK_SUMMARY] label=mpi:ring_zfp_online_coll:rate16 calls=3120 work_total_ms=109431.903 work_mean_ms=35.074 work_min_ms=28.231 work_max_ms=62.346
[HOOK_TAIL_SUMMARY] label=mpi:ring_zfp_online_coll:rate16 steps=390 tail_total_ms=103723.733 tail_mean_ms=265.958 tail_min_ms=224.349 tail_max_ms=348.616
[Epoch 9] Hook timing summary done

[Epoch 10] Training... (lr at epoch start=0.057822)
  Batch [50/390] Loss: 1.4091, Acc: 51.50%, lr: 0.056826
  Batch [100/390] Loss: 1.4858, Acc: 47.00%, lr: 0.055827
  Batch [150/390] Loss: 1.4116, Acc: 50.67%, lr: 0.054826
  Batch [200/390] Loss: 1.3911, Acc: 50.75%, lr: 0.053823
  Batch [250/390] Loss: 1.3967, Acc: 50.40%, lr: 0.052818
  Batch [300/390] Loss: 1.3882, Acc: 50.58%, lr: 0.051812
  Batch [350/390] Loss: 1.3994, Acc: 50.43%, lr: 0.050806
[Epoch 10] Train Loss: 1.3953, Acc: 50.58%  |  Val Loss: 1.3127, Acc: 54.49%  |  Time: 146.4s
[Epoch 10] t_iter median: 283.54 ms  (fwd 13.89 | bwd+comm 264.20 | opt 5.27 | data 0.09)  |  train-only epoch: 120.4s
  -> Best model saved (54.49%)
[Epoch 10] Summarizing hook timing...

[HOOK_TIMING_SUMMARY] epoch=10
[HOOK_WORK_SUMMARY] label=mpi:ring_zfp_online_coll:rate16 calls=3120 work_total_ms=107914.782 work_mean_ms=34.588 work_min_ms=28.195 work_max_ms=57.820
[HOOK_TAIL_SUMMARY] label=mpi:ring_zfp_online_coll:rate16 steps=390 tail_total_ms=102269.264 tail_mean_ms=262.229 tail_min_ms=223.136 tail_max_ms=347.243
[Epoch 10] Hook timing summary done

[Epoch 11] Training... (lr at epoch start=0.050000)
  Batch [50/390] Loss: 1.2426, Acc: 54.50%, lr: 0.048993
  Batch [100/390] Loss: 1.2500, Acc: 56.00%, lr: 0.047987
  Batch [150/390] Loss: 1.2367, Acc: 56.83%, lr: 0.046981
  Batch [200/390] Loss: 1.2112, Acc: 57.75%, lr: 0.045977
  Batch [250/390] Loss: 1.2036, Acc: 57.50%, lr: 0.044974
  Batch [300/390] Loss: 1.2039, Acc: 57.33%, lr: 0.043973
  Batch [350/390] Loss: 1.1797, Acc: 58.36%, lr: 0.042975
[Epoch 11] Train Loss: 1.1775, Acc: 58.01%  |  Val Loss: 1.0067, Acc: 64.56%  |  Time: 147.1s
[Epoch 11] t_iter median: 283.57 ms  (fwd 13.89 | bwd+comm 264.22 | opt 5.27 | data 0.09)  |  train-only epoch: 120.9s
  -> Best model saved (64.56%)
[Epoch 11] Summarizing hook timing...

[HOOK_TIMING_SUMMARY] epoch=11
[HOOK_WORK_SUMMARY] label=mpi:ring_zfp_online_coll:rate16 calls=3120 work_total_ms=108410.569 work_mean_ms=34.747 work_min_ms=28.446 work_max_ms=119.272
[HOOK_TAIL_SUMMARY] label=mpi:ring_zfp_online_coll:rate16 steps=390 tail_total_ms=102664.438 tail_mean_ms=263.242 tail_min_ms=221.967 tail_max_ms=419.478
[Epoch 11] Hook timing summary done

[Epoch 12] Training... (lr at epoch start=0.042178)
  Batch [50/390] Loss: 1.0642, Acc: 65.00%, lr: 0.041185
  Batch [100/390] Loss: 1.0782, Acc: 61.50%, lr: 0.040196
  Batch [150/390] Loss: 1.1513, Acc: 59.50%, lr: 0.039211
  Batch [200/390] Loss: 1.1276, Acc: 60.75%, lr: 0.038230
  Batch [250/390] Loss: 1.1178, Acc: 60.80%, lr: 0.037254
  Batch [300/390] Loss: 1.0607, Acc: 62.50%, lr: 0.036283
  Batch [350/390] Loss: 1.0430, Acc: 63.29%, lr: 0.035317
[Epoch 12] Train Loss: 1.0412, Acc: 63.40%  |  Val Loss: 0.9550, Acc: 66.60%  |  Time: 148.2s
[Epoch 12] t_iter median: 283.52 ms  (fwd 13.84 | bwd+comm 264.39 | opt 5.27 | data 0.09)  |  train-only epoch: 121.9s
  -> Best model saved (66.60%)
[Epoch 12] Summarizing hook timing...

[HOOK_TIMING_SUMMARY] epoch=12
[HOOK_WORK_SUMMARY] label=mpi:ring_zfp_online_coll:rate16 calls=3120 work_total_ms=109480.782 work_mean_ms=35.090 work_min_ms=28.212 work_max_ms=474.204
[HOOK_TAIL_SUMMARY] label=mpi:ring_zfp_online_coll:rate16 steps=390 tail_total_ms=103896.428 tail_mean_ms=266.401 tail_min_ms=223.109 tail_max_ms=766.815
[Epoch 12] Hook timing summary done

[Epoch 13] Training... (lr at epoch start=0.034549)
  Batch [50/390] Loss: 0.9166, Acc: 66.00%, lr: 0.033595
  Batch [100/390] Loss: 0.9490, Acc: 65.00%, lr: 0.032647
  Batch [150/390] Loss: 0.9440, Acc: 65.67%, lr: 0.031706
  Batch [200/390] Loss: 0.9212, Acc: 66.62%, lr: 0.030773
  Batch [250/390] Loss: 0.9236, Acc: 66.30%, lr: 0.029847
  Batch [300/390] Loss: 0.9067, Acc: 67.25%, lr: 0.028930
  Batch [350/390] Loss: 0.9007, Acc: 67.43%, lr: 0.028021
[Epoch 13] Train Loss: 0.8839, Acc: 68.40%  |  Val Loss: 0.8250, Acc: 71.16%  |  Time: 148.5s
[Epoch 13] t_iter median: 284.19 ms  (fwd 13.83 | bwd+comm 265.00 | opt 5.28 | data 0.09)  |  train-only epoch: 122.0s
  -> Best model saved (71.16%)
[Epoch 13] Summarizing hook timing...

[HOOK_TIMING_SUMMARY] epoch=13
[HOOK_WORK_SUMMARY] label=mpi:ring_zfp_online_coll:rate16 calls=3120 work_total_ms=109536.857 work_mean_ms=35.108 work_min_ms=27.867 work_max_ms=62.106
[HOOK_TAIL_SUMMARY] label=mpi:ring_zfp_online_coll:rate16 steps=390 tail_total_ms=103758.440 tail_mean_ms=266.047 tail_min_ms=222.640 tail_max_ms=349.908
[Epoch 13] Hook timing summary done

[Epoch 14] Training... (lr at epoch start=0.027300)
  Batch [50/390] Loss: 0.8172, Acc: 67.00%, lr: 0.026408
  Batch [100/390] Loss: 0.7994, Acc: 69.50%, lr: 0.025525
  Batch [150/390] Loss: 0.8328, Acc: 68.00%, lr: 0.024652
  Batch [200/390] Loss: 0.8222, Acc: 70.00%, lr: 0.023789
  Batch [250/390] Loss: 0.8240, Acc: 70.20%, lr: 0.022937
  Batch [300/390] Loss: 0.8167, Acc: 70.75%, lr: 0.022096
  Batch [350/390] Loss: 0.7899, Acc: 71.57%, lr: 0.021266
[Epoch 14] Train Loss: 0.7845, Acc: 71.67%  |  Val Loss: 0.7225, Acc: 74.70%  |  Time: 147.7s
[Epoch 14] t_iter median: 283.82 ms  (fwd 13.95 | bwd+comm 264.57 | opt 5.28 | data 0.09)  |  train-only epoch: 121.1s
  -> Best model saved (74.70%)
[Epoch 14] Summarizing hook timing...

[HOOK_TIMING_SUMMARY] epoch=14
[HOOK_WORK_SUMMARY] label=mpi:ring_zfp_online_coll:rate16 calls=3120 work_total_ms=108497.128 work_mean_ms=34.775 work_min_ms=28.601 work_max_ms=60.618
[HOOK_TAIL_SUMMARY] label=mpi:ring_zfp_online_coll:rate16 steps=390 tail_total_ms=102758.259 tail_mean_ms=263.483 tail_min_ms=223.539 tail_max_ms=347.960
[Epoch 14] Hook timing summary done

[Epoch 15] Training... (lr at epoch start=0.020611)
  Batch [50/390] Loss: 0.6824, Acc: 74.50%, lr: 0.019802
  Batch [100/390] Loss: 0.7477, Acc: 71.50%, lr: 0.019006
  Batch [150/390] Loss: 0.7314, Acc: 71.67%, lr: 0.018222
  Batch [200/390] Loss: 0.7288, Acc: 72.88%, lr: 0.017451
  Batch [250/390] Loss: 0.7098, Acc: 74.10%, lr: 0.016693
  Batch [300/390] Loss: 0.7023, Acc: 74.50%, lr: 0.015949
  Batch [350/390] Loss: 0.7186, Acc: 73.93%, lr: 0.015219
[Epoch 15] Train Loss: 0.7165, Acc: 73.59%  |  Val Loss: 0.7034, Acc: 76.61%  |  Time: 150.1s
[Epoch 15] t_iter median: 284.66 ms  (fwd 13.80 | bwd+comm 265.55 | opt 5.28 | data 0.09)  |  train-only epoch: 123.4s
  -> Best model saved (76.61%)
[Epoch 15] Summarizing hook timing...

[HOOK_TIMING_SUMMARY] epoch=15
[HOOK_WORK_SUMMARY] label=mpi:ring_zfp_online_coll:rate16 calls=3120 work_total_ms=110833.407 work_mean_ms=35.524 work_min_ms=28.201 work_max_ms=500.741
[HOOK_TAIL_SUMMARY] label=mpi:ring_zfp_online_coll:rate16 steps=390 tail_total_ms=105258.989 tail_mean_ms=269.895 tail_min_ms=224.609 tail_max_ms=756.561
[Epoch 15] Hook timing summary done

[Epoch 16] Training... (lr at epoch start=0.014645)
  Batch [50/390] Loss: 0.6631, Acc: 77.50%, lr: 0.013940
  Batch [100/390] Loss: 0.6401, Acc: 78.75%, lr: 0.013250
  Batch [150/390] Loss: 0.6038, Acc: 79.33%, lr: 0.012574
  Batch [200/390] Loss: 0.6046, Acc: 79.50%, lr: 0.011914
  Batch [250/390] Loss: 0.6075, Acc: 79.20%, lr: 0.011270
  Batch [300/390] Loss: 0.5988, Acc: 79.42%, lr: 0.010641
  Batch [350/390] Loss: 0.5848, Acc: 79.57%, lr: 0.010028
[Epoch 16] Train Loss: 0.5968, Acc: 78.97%  |  Val Loss: 0.6093, Acc: 79.19%  |  Time: 163.1s
[Epoch 16] t_iter median: 284.92 ms  (fwd 13.87 | bwd+comm 265.54 | opt 5.28 | data 0.09)  |  train-only epoch: 136.3s
  -> Best model saved (79.19%)
[Epoch 16] Summarizing hook timing...

[HOOK_TIMING_SUMMARY] epoch=16
[HOOK_WORK_SUMMARY] label=mpi:ring_zfp_online_coll:rate16 calls=3120 work_total_ms=123732.096 work_mean_ms=39.658 work_min_ms=28.278 work_max_ms=532.624
[HOOK_TAIL_SUMMARY] label=mpi:ring_zfp_online_coll:rate16 steps=390 tail_total_ms=117979.898 tail_mean_ms=302.513 tail_min_ms=225.013 tail_max_ms=1268.027
[Epoch 16] Hook timing summary done

[Epoch 17] Training... (lr at epoch start=0.009549)
  Batch [50/390] Loss: 0.6539, Acc: 75.50%, lr: 0.008966
  Batch [100/390] Loss: 0.5869, Acc: 77.75%, lr: 0.008399
  Batch [150/390] Loss: 0.6058, Acc: 76.83%, lr: 0.007848
  Batch [200/390] Loss: 0.5742, Acc: 78.12%, lr: 0.007315
  Batch [250/390] Loss: 0.5859, Acc: 78.00%, lr: 0.006800
  Batch [300/390] Loss: 0.5719, Acc: 78.42%, lr: 0.006302
  Batch [350/390] Loss: 0.5680, Acc: 78.79%, lr: 0.005821
[Epoch 17] Train Loss: 0.5687, Acc: 78.78%  |  Val Loss: 0.5497, Acc: 81.88%  |  Time: 149.4s
[Epoch 17] t_iter median: 284.81 ms  (fwd 13.97 | bwd+comm 265.03 | opt 5.28 | data 0.09)  |  train-only epoch: 122.5s
  -> Best model saved (81.88%)
[Epoch 17] Summarizing hook timing...

[HOOK_TIMING_SUMMARY] epoch=17
[HOOK_WORK_SUMMARY] label=mpi:ring_zfp_online_coll:rate16 calls=3120 work_total_ms=109813.158 work_mean_ms=35.197 work_min_ms=28.476 work_max_ms=59.441
[HOOK_TAIL_SUMMARY] label=mpi:ring_zfp_online_coll:rate16 steps=390 tail_total_ms=103914.940 tail_mean_ms=266.449 tail_min_ms=224.511 tail_max_ms=347.560
[Epoch 17] Hook timing summary done

[Epoch 18] Training... (lr at epoch start=0.005450)
  Batch [50/390] Loss: 0.5935, Acc: 81.00%, lr: 0.005002
  Batch [100/390] Loss: 0.5564, Acc: 81.00%, lr: 0.004572
  Batch [150/390] Loss: 0.5721, Acc: 80.50%, lr: 0.004160
  Batch [200/390] Loss: 0.5608, Acc: 81.25%, lr: 0.003768
  Batch [250/390] Loss: 0.5503, Acc: 81.20%, lr: 0.003394
  Batch [300/390] Loss: 0.5328, Acc: 81.58%, lr: 0.003038
  Batch [350/390] Loss: 0.5194, Acc: 81.93%, lr: 0.002702
[Epoch 18] Train Loss: 0.5276, Acc: 81.54%  |  Val Loss: 0.5180, Acc: 82.63%  |  Time: 149.0s
[Epoch 18] t_iter median: 284.32 ms  (fwd 13.93 | bwd+comm 264.89 | opt 5.28 | data 0.09)  |  train-only epoch: 122.0s
  -> Best model saved (82.63%)
[Epoch 18] Summarizing hook timing...

[HOOK_TIMING_SUMMARY] epoch=18
[HOOK_WORK_SUMMARY] label=mpi:ring_zfp_online_coll:rate16 calls=3120 work_total_ms=109455.421 work_mean_ms=35.082 work_min_ms=28.428 work_max_ms=58.880
[HOOK_TAIL_SUMMARY] label=mpi:ring_zfp_online_coll:rate16 steps=390 tail_total_ms=103434.104 tail_mean_ms=265.216 tail_min_ms=219.880 tail_max_ms=349.261
[Epoch 18] Hook timing summary done

[Epoch 19] Training... (lr at epoch start=0.002447)
  Batch [50/390] Loss: 0.4604, Acc: 81.50%, lr: 0.002146
  Batch [100/390] Loss: 0.4483, Acc: 83.25%, lr: 0.001864
  Batch [150/390] Loss: 0.4344, Acc: 83.83%, lr: 0.001601
  Batch [200/390] Loss: 0.4114, Acc: 85.38%, lr: 0.001358
  Batch [250/390] Loss: 0.4386, Acc: 84.50%, lr: 0.001135
  Batch [300/390] Loss: 0.4685, Acc: 83.25%, lr: 0.000931
  Batch [350/390] Loss: 0.4666, Acc: 83.50%, lr: 0.000748
[Epoch 19] Train Loss: 0.4691, Acc: 83.65%  |  Val Loss: 0.4809, Acc: 83.65%  |  Time: 148.6s
[Epoch 19] t_iter median: 284.68 ms  (fwd 13.89 | bwd+comm 265.25 | opt 5.27 | data 0.09)  |  train-only epoch: 121.4s
  -> Best model saved (83.65%)
[Epoch 19] Summarizing hook timing...

[HOOK_TIMING_SUMMARY] epoch=19
[HOOK_WORK_SUMMARY] label=mpi:ring_zfp_online_coll:rate16 calls=3120 work_total_ms=108793.720 work_mean_ms=34.870 work_min_ms=28.534 work_max_ms=57.262
[HOOK_TAIL_SUMMARY] label=mpi:ring_zfp_online_coll:rate16 steps=390 tail_total_ms=103001.754 tail_mean_ms=264.107 tail_min_ms=224.381 tail_max_ms=354.767
[Epoch 19] Hook timing summary done

[Epoch 20] Training... (lr at epoch start=0.000616)
  Batch [50/390] Loss: 0.3967, Acc: 88.50%, lr: 0.000468
  Batch [100/390] Loss: 0.4217, Acc: 86.75%, lr: 0.000341
  Batch [150/390] Loss: 0.4244, Acc: 86.50%, lr: 0.000233
  Batch [200/390] Loss: 0.4115, Acc: 86.62%, lr: 0.000146
  Batch [250/390] Loss: 0.4204, Acc: 86.00%, lr: 0.000079
  Batch [300/390] Loss: 0.4169, Acc: 86.00%, lr: 0.000033
  Batch [350/390] Loss: 0.4185, Acc: 85.79%, lr: 0.000006
[Epoch 20] Train Loss: 0.4181, Acc: 85.45%  |  Val Loss: 0.4772, Acc: 83.88%  |  Time: 148.7s
[Epoch 20] t_iter median: 284.95 ms  (fwd 13.94 | bwd+comm 265.50 | opt 5.27 | data 0.09)  |  train-only epoch: 121.5s
  -> Best model saved (83.88%)
[Epoch 20] Summarizing hook timing...

[HOOK_TIMING_SUMMARY] epoch=20
[HOOK_WORK_SUMMARY] label=mpi:ring_zfp_online_coll:rate16 calls=3120 work_total_ms=108864.745 work_mean_ms=34.893 work_min_ms=28.414 work_max_ms=59.001
[HOOK_TAIL_SUMMARY] label=mpi:ring_zfp_online_coll:rate16 steps=390 tail_total_ms=102912.648 tail_mean_ms=263.879 tail_min_ms=223.713 tail_max_ms=346.858
[Epoch 20] Hook timing summary done

================================================================================
Done in 3005.4s | Best val acc: 83.88%
Epoch times (train+val): mean=149.0s  min=144.4s  max=163.1s
Train-only epoch time (epochs 2..N): median=121.76s  min=119.39s  max=136.32s
  -> use this for STRONG scaling (fixed global batch)
  -> use t_iter_median_ms from the CSV for WEAK scaling (fixed local batch)
================================================================================
=== Finished training: model=wide_resnet50_2, dataset=cifar10, batch=4, lr=0.1, scheduler=cosine, backend=mpi, hook=ring_zfp_online_coll, zfp_rate=16, status=0 at Mon Jul 20 12:49:00 PM EDT 2026 ===
=== Starting: model=wide_resnet50_2, ws=32, bs=4, gb=128, lr=0.1, sched=cosine, warmup=0, mom=0.9, wd=5e-4, nesterov=true, wd_bn_bias=false, backend=mpi, hook=ring_zfp_online_coll, zfp=10 at Mon Jul 20 12:49:00 PM EDT 2026 ===
MIOPEN_USER_DB_PATH=/mnt/bb/matilderestelli/miopen_cache_5035615/miopen_db
MIOPEN_CUSTOM_CACHE_DIR=/mnt/bb/matilderestelli/miopen_cache_5035615/kernel_cache
drwxr-sr-x 2 matilderestelli gen243 103 Jul 20 10:26 /mnt/bb/matilderestelli/miopen_cache_5035615/miopen_db
==== GPU visibility debug (batch shell) ====
frontier10349
ROCR_VISIBLE_DEVICES=0,1,2,3,4,5,6,7
SLURM_JOB_GPUS=0,1,2,3,4,5,6,7
[37mROCk module version 6.16.13 is loaded[0m
=====================    
HSA System Attributes    
=====================    
Runtime Version:         1.18
Runtime Ext Version:     1.14
System Timestamp Freq.:  1000.000000MHz
Sig. Max Wait Duration:  18446744073709551615 (0xFFFFFFFFFFFFFFFF) (timestamp count)
Machine Model:           LARGE                              
System Endianness:       LITTLE                             
Mwaitx:                  DISABLED
XNACK enabled:           NO
DMAbuf Support:          YES
VMM Support:             YES

==========               
HSA Agents               
==========               
*******                  
Agent 1                  
*******                  
  Name:                    AMD EPYC 7A53 64-Core Processor    
  Uuid:                    CPU-XX                             
  Marketing Name:          AMD EPYC 7A53 64-Core Processor    
  Vendor Name:             CPU                                
  Feature:                 None specified                     
  Profile:                 FULL_PROFILE                       
  Float Round Mode:        NEAR                               
  Max Queue Number:        0(0x0)                             
  Queue Min Size:          0(0x0)                             

================================================================================
DISTRIBUTED TRAINING LAUNCHER
================================================================================
  Model:      wide_resnet50_2 (CIFAR stem) (from scratch)
  Dataset:    cifar10 (10 classes)
  Image size: 32
  LR:         0.1
  Momentum:   0.9 (nesterov=True)
  Optimizer:  sgd
  Weight dec: 0.0005 (on BN/bias=False)
  Backend:    mpi
  Algorithm:  ring_zfp_online_coll
  ZFP rate:   10
  Epochs:     20
  Batch/rank: 4
  LR:         0.1
  Scheduler:  cosine
  Warmup:     0
  Grad clip:  None
  Drop last:  True
  Data dir:   ./data
================================================================================


================================================================================
DISTRIBUTED TRAINING LAUNCHER
================================================================================
  Model:      wide_resnet50_2 (CIFAR stem) (from scratch)
  Dataset:    cifar10 (10 classes)
  Image size: 32
  LR:         0.1
  Momentum:   0.9 (nesterov=True)
  Optimizer:  sgd
  Weight dec: 0.0005 (on BN/bias=False)
  Backend:    mpi
  Algorithm:  ring_zfp_online_coll
  ZFP rate:   10
  Epochs:     20
  Batch/rank: 4
  LR:         0.1
  Scheduler:  cosine
  Warmup:     0
  Grad clip:  None
  Drop last:  True
  Data dir:   ./data
================================================================================


================================================================================
DISTRIBUTED TRAINING LAUNCHER
================================================================================
  Model:      wide_resnet50_2 (CIFAR stem) (from scratch)
  Dataset:    cifar10 (10 classes)
  Image size: 32
  LR:         0.1
  Momentum:   0.9 (nesterov=True)
  Optimizer:  sgd
  Weight dec: 0.0005 (on BN/bias=False)
  Backend:    mpi
  Algorithm:  ring_zfp_online_coll
  ZFP rate:   10
  Epochs:     20
  Batch/rank: 4
  LR:         0.1
  Scheduler:  cosine
  Warmup:     0
  Grad clip:  None
  Drop last:  True
  Data dir:   ./data
================================================================================


================================================================================
DISTRIBUTED TRAINING LAUNCHER
================================================================================
  Model:      wide_resnet50_2 (CIFAR stem) (from scratch)
  Dataset:    cifar10 (10 classes)
  Image size: 32
  LR:         0.1
  Momentum:   0.9 (nesterov=True)
  Optimizer:  sgd
  Weight dec: 0.0005 (on BN/bias=False)
  Backend:    mpi
  Algorithm:  ring_zfp_online_coll
  ZFP rate:   10
  Epochs:     20
  Batch/rank: 4
  LR:         0.1
  Scheduler:  cosine
  Warmup:     0
  Grad clip:  None
  Drop last:  True
  Data dir:   ./data
================================================================================


================================================================================
DISTRIBUTED TRAINING LAUNCHER
================================================================================
  Model:      wide_resnet50_2 (CIFAR stem) (from scratch)
  Dataset:    cifar10 (10 classes)
  Image size: 32
  LR:         0.1
  Momentum:   0.9 (nesterov=True)
  Optimizer:  sgd
  Weight dec: 0.0005 (on BN/bias=False)
  Backend:    mpi
  Algorithm:  ring_zfp_online_coll
  ZFP rate:   10
  Epochs:     20
  Batch/rank: 4
  LR:         0.1
  Scheduler:  cosine
  Warmup:     0
  Grad clip:  None
  Drop last:  True
  Data dir:   ./data
================================================================================


================================================================================
DISTRIBUTED TRAINING LAUNCHER
================================================================================
  Model:      wide_resnet50_2 (CIFAR stem) (from scratch)
  Dataset:    cifar10 (10 classes)
  Image size: 32
  LR:         0.1
  Momentum:   0.9 (nesterov=True)
  Optimizer:  sgd
  Weight dec: 0.0005 (on BN/bias=False)
  Backend:    mpi
  Algorithm:  ring_zfp_online_coll
  ZFP rate:   10
  Epochs:     20
  Batch/rank: 4
  LR:         0.1
  Scheduler:  cosine
  Warmup:     0
  Grad clip:  None
  Drop last:  True
  Data dir:   ./data
================================================================================


================================================================================
DISTRIBUTED TRAINING LAUNCHER
================================================================================
  Model:      wide_resnet50_2 (CIFAR stem) (from scratch)
  Dataset:    cifar10 (10 classes)
  Image size: 32
  LR:         0.1
  Momentum:   0.9 (nesterov=True)
  Optimizer:  sgd
  Weight dec: 0.0005 (on BN/bias=False)
  Backend:    mpi
  Algorithm:  ring_zfp_online_coll
  ZFP rate:   10
  Epochs:     20
  Batch/rank: 4
  LR:         0.1
  Scheduler:  cosine
  Warmup:     0
  Grad clip:  None
  Drop last:  True
  Data dir:   ./data
================================================================================


================================================================================
DISTRIBUTED TRAINING LAUNCHER
================================================================================
  Model:      wide_resnet50_2 (CIFAR stem) (from scratch)
  Dataset:    cifar10 (10 classes)
  Image size: 32
  LR:         0.1
  Momentum:   0.9 (nesterov=True)
  Optimizer:  sgd
  Weight dec: 0.0005 (on BN/bias=False)
  Backend:    mpi
  Algorithm:  ring_zfp_online_coll
  ZFP rate:   10
  Epochs:     20
  Batch/rank: 4
  LR:         0.1
  Scheduler:  cosine
  Warmup:     0
  Grad clip:  None
  Drop last:  True
  Data dir:   ./data
================================================================================


================================================================================
DISTRIBUTED TRAINING LAUNCHER
================================================================================
  Model:      wide_resnet50_2 (CIFAR stem) (from scratch)
  Dataset:    cifar10 (10 classes)
  Image size: 32
  LR:         0.1
  Momentum:   0.9 (nesterov=True)
  Optimizer:  sgd
  Weight dec: 0.0005 (on BN/bias=False)
  Backend:    mpi
  Algorithm:  ring_zfp_online_coll
  ZFP rate:   10
  Epochs:     20
  Batch/rank: 4
  LR:         0.1
  Scheduler:  cosine
  Warmup:     0
  Grad clip:  None
  Drop last:  True
  Data dir:   ./data
================================================================================


================================================================================
DISTRIBUTED TRAINING LAUNCHER
================================================================================
  Model:      wide_resnet50_2 (CIFAR stem) (from scratch)
  Dataset:    cifar10 (10 classes)
  Image size: 32
  LR:         0.1
  Momentum:   0.9 (nesterov=True)
  Optimizer:  sgd
  Weight dec: 0.0005 (on BN/bias=False)
  Backend:    mpi
  Algorithm:  ring_zfp_online_coll
  ZFP rate:   10
  Epochs:     20
  Batch/rank: 4
  LR:         0.1
  Scheduler:  cosine
  Warmup:     0
  Grad clip:  None
  Drop last:  True
  Data dir:   ./data
================================================================================


================================================================================
DISTRIBUTED TRAINING LAUNCHER
================================================================================
  Model:      wide_resnet50_2 (CIFAR stem) (from scratch)
  Dataset:    cifar10 (10 classes)
  Image size: 32
  LR:         0.1
  Momentum:   0.9 (nesterov=True)
  Optimizer:  sgd
  Weight dec: 0.0005 (on BN/bias=False)
  Backend:    mpi
  Algorithm:  ring_zfp_online_coll
  ZFP rate:   10
  Epochs:     20
  Batch/rank: 4
  LR:         0.1
  Scheduler:  cosine
  Warmup:     0
  Grad clip:  None
  Drop last:  True

================================================================================
DISTRIBUTED TRAINING LAUNCHER
================================================================================
  Model:      wide_resnet50_2 (CIFAR stem) (from scratch)
  Dataset:    cifar10 (10 classes)
  Image size: 32
  LR:         0.1
  Momentum:   0.9 (nesterov=True)
  Optimizer:  sgd
  Weight dec: 0.0005 (on BN/bias=False)
  Backend:    mpi
  Algorithm:  ring_zfp_online_coll
  ZFP rate:   10
  Epochs:     20
  Batch/rank: 4
  LR:         0.1
  Scheduler:  cosine
  Warmup:     0
  Grad clip:  None
  Drop last:  True
  Data dir:   ./data
================================================================================
  Data dir:   ./data
================================================================================



================================================================================
DISTRIBUTED TRAINING LAUNCHER
================================================================================
  Model:      wide_resnet50_2 (CIFAR stem) (from scratch)
  Dataset:    cifar10 (10 classes)
  Image size: 32
  LR:         0.1
  Momentum:   0.9 (nesterov=True)
  Optimizer:  sgd
  Weight dec: 0.0005 (on BN/bias=False)
  Backend:    mpi
  Algorithm:  ring_zfp_online_coll
  ZFP rate:   10
  Epochs:     20
  Batch/rank: 4
  LR:         0.1
  Scheduler:  cosine
  Warmup:     0
  Grad clip:  None
  Drop last:  True
  Data dir:   ./data
================================================================================


================================================================================
DISTRIBUTED TRAINING LAUNCHER
================================================================================
  Model:      wide_resnet50_2 (CIFAR stem) (from scratch)
  Dataset:    cifar10 (10 classes)
  Image size: 32
  LR:         0.1
  Momentum:   0.9 (nesterov=True)
  Optimizer:  sgd
  Weight dec: 0.0005 (on BN/bias=False)
  Backend:    mpi
  Algorithm:  ring_zfp_online_coll
  ZFP rate:   10
  Epochs:     20
  Batch/rank: 4
  LR:         0.1
  Scheduler:  cosine
  Warmup:     0
  Grad clip:  None
  Drop last:  True
  Data dir:   ./data
================================================================================


================================================================================
DISTRIBUTED TRAINING LAUNCHER
================================================================================
  Model:      wide_resnet50_2 (CIFAR stem) (from scratch)
  Dataset:    cifar10 (10 classes)
  Image size: 32
  LR:         0.1
  Momentum:   0.9 (nesterov=True)
  Optimizer:  sgd
  Weight dec: 0.0005 (on BN/bias=False)
  Backend:    mpi
  Algorithm:  ring_zfp_online_coll
  ZFP rate:   10
  Epochs:     20
  Batch/rank: 4
  LR:         0.1
  Scheduler:  cosine
  Warmup:     0
  Grad clip:  None
  Drop last:  True
  Data dir:   ./data
================================================================================


================================================================================
DISTRIBUTED TRAINING LAUNCHER
================================================================================
  Model:      wide_resnet50_2 (CIFAR stem) (from scratch)
  Dataset:    cifar10 (10 classes)
  Image size: 32
  LR:         0.1
  Momentum:   0.9 (nesterov=True)
  Optimizer:  sgd
  Weight dec: 0.0005 (on BN/bias=False)
  Backend:    mpi
  Algorithm:  ring_zfp_online_coll
  ZFP rate:   10
  Epochs:     20
  Batch/rank: 4
  LR:         0.1
  Scheduler:  cosine
  Warmup:     0
  Grad clip:  None
  Drop last:  True
  Data dir:   ./data
================================================================================


================================================================================
DISTRIBUTED TRAINING LAUNCHER
================================================================================
  Model:      wide_resnet50_2 (CIFAR stem) (from scratch)
  Dataset:    cifar10 (10 classes)
  Image size: 32
  LR:         0.1
  Momentum:   0.9 (nesterov=True)
  Optimizer:  sgd
  Weight dec: 0.0005 (on BN/bias=False)
  Backend:    mpi
  Algorithm:  ring_zfp_online_coll
  ZFP rate:   10
  Epochs:     20
  Batch/rank: 4
  LR:         0.1
  Scheduler:  cosine
  Warmup:     0
  Grad clip:  None
  Drop last:  True
  Data dir:   ./data
================================================================================


================================================================================
DISTRIBUTED TRAINING LAUNCHER
================================================================================
  Model:      wide_resnet50_2 (CIFAR stem) (from scratch)
  Dataset:    cifar10 (10 classes)
  Image size: 32
  LR:         0.1
  Momentum:   0.9 (nesterov=True)
  Optimizer:  sgd
  Weight dec: 0.0005 (on BN/bias=False)
  Backend:    mpi
  Algorithm:  ring_zfp_online_coll
  ZFP rate:   10
  Epochs:     20
  Batch/rank: 4
  LR:         0.1
  Scheduler:  cosine
  Warmup:     0
  Grad clip:  None
  Drop last:  True
  Data dir:   ./data
================================================================================


================================================================================
DISTRIBUTED TRAINING LAUNCHER
================================================================================
  Model:      wide_resnet50_2 (CIFAR stem) (from scratch)
  Dataset:    cifar10 (10 classes)
  Image size: 32
  LR:         0.1
  Momentum:   0.9 (nesterov=True)
  Optimizer:  sgd
  Weight dec: 0.0005 (on BN/bias=False)
  Backend:    mpi
  Algorithm:  ring_zfp_online_coll
  ZFP rate:   10
  Epochs:     20
  Batch/rank: 4
  LR:         0.1
  Scheduler:  cosine
  Warmup:     0
  Grad clip:  None
  Drop last:  True
  Data dir:   ./data
================================================================================


================================================================================
DISTRIBUTED TRAINING LAUNCHER
================================================================================
  Model:      wide_resnet50_2 (CIFAR stem) (from scratch)
  Dataset:    cifar10 (10 classes)
  Image size: 32
  LR:         0.1
  Momentum:   0.9 (nesterov=True)
  Optimizer:  sgd
  Weight dec: 0.0005 (on BN/bias=False)
  Backend:    mpi
  Algorithm:  ring_zfp_online_coll
  ZFP rate:   10
  Epochs:     20
  Batch/rank: 4
  LR:         0.1
  Scheduler:  cosine
  Warmup:     0
  Grad clip:  None
  Drop last:  True
  Data dir:   ./data
================================================================================


================================================================================
DISTRIBUTED TRAINING LAUNCHER
================================================================================
  Model:      wide_resnet50_2 (CIFAR stem) (from scratch)
  Dataset:    cifar10 (10 classes)
  Image size: 32
  LR:         0.1
  Momentum:   0.9 (nesterov=True)
  Optimizer:  sgd
  Weight dec: 0.0005 (on BN/bias=False)
  Backend:    mpi
  Algorithm:  ring_zfp_online_coll
  ZFP rate:   10
  Epochs:     20
  Batch/rank: 4
  LR:         0.1
  Scheduler:  cosine
  Warmup:     0
  Grad clip:  None
  Drop last:  True
  Data dir:   ./data
================================================================================


================================================================================
DISTRIBUTED TRAINING LAUNCHER
================================================================================
  Model:      wide_resnet50_2 (CIFAR stem) (from scratch)
  Dataset:    cifar10 (10 classes)
  Image size: 32
  LR:         0.1
  Momentum:   0.9 (nesterov=True)
  Optimizer:  sgd
  Weight dec: 0.0005 (on BN/bias=False)
  Backend:    mpi
  Algorithm:  ring_zfp_online_coll
  ZFP rate:   10
  Epochs:     20
  Batch/rank: 4
  LR:         0.1
  Scheduler:  cosine
  Warmup:     0
  Grad clip:  None
  Drop last:  True
  Data dir:   ./data
================================================================================


================================================================================
DISTRIBUTED TRAINING LAUNCHER
================================================================================
  Model:      wide_resnet50_2 (CIFAR stem) (from scratch)
  Dataset:    cifar10 (10 classes)
  Image size: 32
  LR:         0.1
  Momentum:   0.9 (nesterov=True)
  Optimizer:  sgd
  Weight dec: 0.0005 (on BN/bias=False)
  Backend:    mpi
  Algorithm:  ring_zfp_online_coll
  ZFP rate:   10
  Epochs:     20
  Batch/rank: 4
  LR:         0.1
  Scheduler:  cosine
  Warmup:     0
  Grad clip:  None
  Drop last:  True
  Data dir:   ./data
================================================================================


================================================================================
DISTRIBUTED TRAINING LAUNCHER
================================================================================
  Model:      wide_resnet50_2 (CIFAR stem) (from scratch)
  Dataset:    cifar10 (10 classes)
  Image size: 32
  LR:         0.1
  Momentum:   0.9 (nesterov=True)
  Optimizer:  sgd
  Weight dec: 0.0005 (on BN/bias=False)
  Backend:    mpi
  Algorithm:  ring_zfp_online_coll
  ZFP rate:   10
  Epochs:     20
  Batch/rank: 4
  LR:         0.1
  Scheduler:  cosine
  Warmup:     0
  Grad clip:  None
  Drop last:  True
  Data dir:   ./data
================================================================================


================================================================================
DISTRIBUTED TRAINING LAUNCHER
================================================================================
  Model:      wide_resnet50_2 (CIFAR stem) (from scratch)
  Dataset:    cifar10 (10 classes)
  Image size: 32
  LR:         0.1
  Momentum:   0.9 (nesterov=True)
  Optimizer:  sgd
  Weight dec: 0.0005 (on BN/bias=False)
  Backend:    mpi
  Algorithm:  ring_zfp_online_coll
  ZFP rate:   10
  Epochs:     20
  Batch/rank: 4
  LR:         0.1
  Scheduler:  cosine
  Warmup:     0
  Grad clip:  None
  Drop last:  True
  Data dir:   ./data
================================================================================


================================================================================
DISTRIBUTED TRAINING LAUNCHER
================================================================================
  Model:      wide_resnet50_2 (CIFAR stem) (from scratch)
  Dataset:    cifar10 (10 classes)
  Image size: 32
  LR:         0.1
  Momentum:   0.9 (nesterov=True)
  Optimizer:  sgd
  Weight dec: 0.0005 (on BN/bias=False)
  Backend:    mpi
  Algorithm:  ring_zfp_online_coll
  ZFP rate:   10
  Epochs:     20
  Batch/rank: 4
  LR:         0.1
  Scheduler:  cosine
  Warmup:     0
  Grad clip:  None
  Drop last:  True
  Data dir:   ./data
================================================================================


================================================================================
DISTRIBUTED TRAINING LAUNCHER
================================================================================
  Model:      wide_resnet50_2 (CIFAR stem) (from scratch)
  Dataset:    cifar10 (10 classes)
  Image size: 32
  LR:         0.1
  Momentum:   0.9 (nesterov=True)
  Optimizer:  sgd
  Weight dec: 0.0005 (on BN/bias=False)
  Backend:    mpi
  Algorithm:  ring_zfp_online_coll
  ZFP rate:   10
  Epochs:     20
  Batch/rank: 4
  LR:         0.1
  Scheduler:  cosine
  Warmup:     0
  Grad clip:  None
  Drop last:  True
  Data dir:   ./data
================================================================================


================================================================================
DISTRIBUTED TRAINING LAUNCHER
================================================================================
  Model:      wide_resnet50_2 (CIFAR stem) (from scratch)
  Dataset:    cifar10 (10 classes)
  Image size: 32
  LR:         0.1
  Momentum:   0.9 (nesterov=True)
  Optimizer:  sgd
  Weight dec: 0.0005 (on BN/bias=False)
  Backend:    mpi
  Algorithm:  ring_zfp_online_coll
  ZFP rate:   10
  Epochs:     20
  Batch/rank: 4
  LR:         0.1
  Scheduler:  cosine
  Warmup:     0
  Grad clip:  None
  Drop last:  True
  Data dir:   ./data
================================================================================


================================================================================
DISTRIBUTED TRAINING LAUNCHER
================================================================================
  Model:      wide_resnet50_2 (CIFAR stem) (from scratch)
  Dataset:    cifar10 (10 classes)
  Image size: 32
  LR:         0.1
  Momentum:   0.9 (nesterov=True)
  Optimizer:  sgd
  Weight dec: 0.0005 (on BN/bias=False)
  Backend:    mpi
  Algorithm:  ring_zfp_online_coll
  ZFP rate:   10
  Epochs:     20
  Batch/rank: 4
  LR:         0.1
  Scheduler:  cosine
  Warmup:     0
  Grad clip:  None
  Drop last:  True
  Data dir:   ./data
================================================================================


================================================================================
DISTRIBUTED TRAINING LAUNCHER
================================================================================
  Model:      wide_resnet50_2 (CIFAR stem) (from scratch)
  Dataset:    cifar10 (10 classes)
  Image size: 32
  LR:         0.1
  Momentum:   0.9 (nesterov=True)
  Optimizer:  sgd
  Weight dec: 0.0005 (on BN/bias=False)
  Backend:    mpi
  Algorithm:  ring_zfp_online_coll
  ZFP rate:   10
  Epochs:     20
  Batch/rank: 4
  LR:         0.1
  Scheduler:  cosine
  Warmup:     0
  Grad clip:  None
  Drop last:  True
  Data dir:   ./data
================================================================================


================================================================================
DISTRIBUTED TRAINING LAUNCHER
================================================================================
  Model:      wide_resnet50_2 (CIFAR stem) (from scratch)
  Dataset:    cifar10 (10 classes)
  Image size: 32
  LR:         0.1
  Momentum:   0.9 (nesterov=True)
  Optimizer:  sgd
  Weight dec: 0.0005 (on BN/bias=False)
  Backend:    mpi
  Algorithm:  ring_zfp_online_coll
  ZFP rate:   10
  Epochs:     20
  Batch/rank: 4
  LR:         0.1
  Scheduler:  cosine
  Warmup:     0
  Grad clip:  None
  Drop last:  True
  Data dir:   ./data
================================================================================


================================================================================
DISTRIBUTED TRAINING LAUNCHER
================================================================================
  Model:      wide_resnet50_2 (CIFAR stem) (from scratch)
  Dataset:    cifar10 (10 classes)
  Image size: 32
  LR:         0.1
  Momentum:   0.9 (nesterov=True)
  Optimizer:  sgd
  Weight dec: 0.0005 (on BN/bias=False)
  Backend:    mpi
  Algorithm:  ring_zfp_online_coll
  ZFP rate:   10
  Epochs:     20
  Batch/rank: 4
  LR:         0.1
  Scheduler:  cosine
  Warmup:     0
  Grad clip:  None
  Drop last:  True
  Data dir:   ./data
================================================================================


================================================================================
Distributed Training: WIDE_RESNET50_2 on CIFAR10
Backend: MPI, Algorithm: ring_zfp_online_coll
================================================================================
Ranks: 32, Epochs: 20, Batch/rank: 4, Effective batch: 128
LR: 0.1, Device: cuda:0

[Cache] Pretrained weights cache (TORCH_HOME) = /lustre/orion/gen243/proj-shared/matilderestelli/pretrained_weights_cache
[Setup] Model on cuda:0, wrapped in DDP (static_graph=True)
[Setup] Hook registered: mpi/ring_zfp_online_coll
[Optim] SGD: lr=0.1 momentum=0.9 nesterov=True wd=0.0005 wd_on_bn_bias=False
[Optim]   group 0: 66,778,816 params, wd=0.0005
[Optim]   group 1: 68,234 params, wd=0.0
[Data] Train batches: 390, Val batches: 2500

[Sched] cosine: steps/epoch=390, total_steps=7800, warmup_steps=0 (0 epochs)


[Epoch 1] Training... (lr at epoch start=0.100000)
  Batch [50/390] Loss: 12.1756, Acc: 16.50%, lr: 0.099990
  Batch [100/390] Loss: 7.2542, Acc: 12.50%, lr: 0.099959
  Batch [150/390] Loss: 5.6046, Acc: 12.17%, lr: 0.099909
  Batch [200/390] Loss: 4.7814, Acc: 11.88%, lr: 0.099838
  Batch [250/390] Loss: 4.2843, Acc: 11.70%, lr: 0.099747
  Batch [300/390] Loss: 3.9531, Acc: 11.67%, lr: 0.099635
  Batch [350/390] Loss: 3.7173, Acc: 11.36%, lr: 0.099504
[Epoch 1] Train Loss: 3.5719, Acc: 11.28%  |  Val Loss: 2.3069, Acc: 10.02%  |  Time: 144.6s
[Epoch 1] t_iter median: 276.03 ms  (fwd 12.77 | bwd+comm 257.92 | opt 5.30 | data 0.08)  |  train-only epoch: 119.8s
  -> Best model saved (10.02%)
[Epoch 1] Summarizing hook timing...

[HOOK_TIMING_SUMMARY] epoch=1
[HOOK_WORK_SUMMARY] label=mpi:ring_zfp_online_coll:rate10 calls=3113 work_total_ms=105835.228 work_mean_ms=33.998 work_min_ms=27.869 work_max_ms=214.245
[HOOK_TAIL_SUMMARY] label=mpi:ring_zfp_online_coll:rate10 steps=391 tail_total_ms=100166.089 tail_mean_ms=256.179 tail_min_ms=162.129 tail_max_ms=513.264
[Epoch 1] Hook timing summary done

[Epoch 2] Training... (lr at epoch start=0.099384)
  Batch [50/390] Loss: 2.2868, Acc: 13.50%, lr: 0.099217
  Batch [100/390] Loss: 2.2937, Acc: 13.50%, lr: 0.099029
  Batch [150/390] Loss: 2.2933, Acc: 13.17%, lr: 0.098822
  Batch [200/390] Loss: 2.2969, Acc: 12.62%, lr: 0.098595
  Batch [250/390] Loss: 2.2962, Acc: 12.20%, lr: 0.098348
  Batch [300/390] Loss: 2.2984, Acc: 11.92%, lr: 0.098082
  Batch [350/390] Loss: 2.2997, Acc: 11.64%, lr: 0.097796
[Epoch 2] Train Loss: 2.2994, Acc: 11.67%  |  Val Loss: 2.3048, Acc: 9.90%  |  Time: 144.8s
[Epoch 2] t_iter median: 277.80 ms  (fwd 13.35 | bwd+comm 258.97 | opt 5.29 | data 0.09)  |  train-only epoch: 120.0s
[Epoch 2] Summarizing hook timing...

[HOOK_TIMING_SUMMARY] epoch=2
[HOOK_WORK_SUMMARY] label=mpi:ring_zfp_online_coll:rate10 calls=3120 work_total_ms=107781.045 work_mean_ms=34.545 work_min_ms=27.928 work_max_ms=384.052
[HOOK_TAIL_SUMMARY] label=mpi:ring_zfp_online_coll:rate10 steps=390 tail_total_ms=102126.267 tail_mean_ms=261.862 tail_min_ms=218.484 tail_max_ms=806.807
[Epoch 2] Hook timing summary done

[Epoch 3] Training... (lr at epoch start=0.097553)
  Batch [50/390] Loss: 2.3113, Acc: 10.00%, lr: 0.097232
  Batch [100/390] Loss: 2.3050, Acc: 10.75%, lr: 0.096892
  Batch [150/390] Loss: 2.3013, Acc: 11.17%, lr: 0.096533
  Batch [200/390] Loss: 2.2999, Acc: 11.50%, lr: 0.096155
  Batch [250/390] Loss: 2.2989, Acc: 12.10%, lr: 0.095759
  Batch [300/390] Loss: 2.2988, Acc: 11.58%, lr: 0.095344
  Batch [350/390] Loss: 2.2993, Acc: 11.07%, lr: 0.094910
[Epoch 3] Train Loss: 2.2990, Acc: 11.09%  |  Val Loss: 2.3154, Acc: 10.20%  |  Time: 143.2s
[Epoch 3] t_iter median: 278.15 ms  (fwd 13.55 | bwd+comm 259.20 | opt 5.30 | data 0.09)  |  train-only epoch: 118.3s
  -> Best model saved (10.20%)
[Epoch 3] Summarizing hook timing...

[HOOK_TIMING_SUMMARY] epoch=3
[HOOK_WORK_SUMMARY] label=mpi:ring_zfp_online_coll:rate10 calls=3120 work_total_ms=105982.220 work_mean_ms=33.969 work_min_ms=28.016 work_max_ms=150.453
[HOOK_TAIL_SUMMARY] label=mpi:ring_zfp_online_coll:rate10 steps=390 tail_total_ms=99914.591 tail_mean_ms=256.191 tail_min_ms=217.261 tail_max_ms=423.594
[Epoch 3] Hook timing summary done

[Epoch 4] Training... (lr at epoch start=0.094550)
  Batch [50/390] Loss: 2.2904, Acc: 12.00%, lr: 0.094084
  Batch [100/390] Loss: 2.2950, Acc: 11.25%, lr: 0.093600
  Batch [150/390] Loss: 2.2972, Acc: 11.00%, lr: 0.093098
  Batch [200/390] Loss: 2.2972, Acc: 10.25%, lr: 0.092579
  Batch [250/390] Loss: 2.3016, Acc: 10.10%, lr: 0.092043
  Batch [300/390] Loss: 2.3022, Acc: 10.08%, lr: 0.091489
  Batch [350/390] Loss: 2.3011, Acc: 10.36%, lr: 0.090919
[Epoch 4] Train Loss: 2.2995, Acc: 10.51%  |  Val Loss: 2.3052, Acc: 10.28%  |  Time: 145.5s
[Epoch 4] t_iter median: 279.06 ms  (fwd 13.62 | bwd+comm 259.92 | opt 5.30 | data 0.09)  |  train-only epoch: 120.4s
  -> Best model saved (10.28%)
[Epoch 4] Summarizing hook timing...

[HOOK_TIMING_SUMMARY] epoch=4
[HOOK_WORK_SUMMARY] label=mpi:ring_zfp_online_coll:rate10 calls=3120 work_total_ms=108062.383 work_mean_ms=34.635 work_min_ms=27.963 work_max_ms=415.230
[HOOK_TAIL_SUMMARY] label=mpi:ring_zfp_online_coll:rate10 steps=390 tail_total_ms=101931.957 tail_mean_ms=261.364 tail_min_ms=217.001 tail_max_ms=1151.131
[Epoch 4] Hook timing summary done

[Epoch 5] Training... (lr at epoch start=0.090451)
  Batch [50/390] Loss: 2.3007, Acc: 10.00%, lr: 0.089851
  Batch [100/390] Loss: 2.3054, Acc: 7.75%, lr: 0.089235
  Batch [150/390] Loss: 2.3028, Acc: 8.83%, lr: 0.088603
  Batch [200/390] Loss: 2.3043, Acc: 9.50%, lr: 0.087955
  Batch [250/390] Loss: 2.3075, Acc: 10.20%, lr: 0.087292
  Batch [300/390] Loss: 2.3064, Acc: 10.33%, lr: 0.086613
  Batch [350/390] Loss: 2.3033, Acc: 10.86%, lr: 0.085920
[Epoch 5] Train Loss: 2.3044, Acc: 10.38%  |  Val Loss: 2.3234, Acc: 11.00%  |  Time: 143.1s
[Epoch 5] t_iter median: 278.75 ms  (fwd 13.68 | bwd+comm 259.59 | opt 5.30 | data 0.09)  |  train-only epoch: 117.8s
  -> Best model saved (11.00%)
[Epoch 5] Summarizing hook timing...

[HOOK_TIMING_SUMMARY] epoch=5
[HOOK_WORK_SUMMARY] label=mpi:ring_zfp_online_coll:rate10 calls=3120 work_total_ms=105364.905 work_mean_ms=33.771 work_min_ms=27.975 work_max_ms=59.023
[HOOK_TAIL_SUMMARY] label=mpi:ring_zfp_online_coll:rate10 steps=390 tail_total_ms=99209.939 tail_mean_ms=254.384 tail_min_ms=220.831 tail_max_ms=343.643
[Epoch 5] Hook timing summary done

[Epoch 6] Training... (lr at epoch start=0.085355)
  Batch [50/390] Loss: 2.2776, Acc: 14.00%, lr: 0.084636
  Batch [100/390] Loss: 2.2375, Acc: 16.25%, lr: 0.083903
  Batch [150/390] Loss: 2.2194, Acc: 15.50%, lr: 0.083156
  Batch [200/390] Loss: 2.1954, Acc: 16.88%, lr: 0.082396
  Batch [250/390] Loss: 2.1802, Acc: 17.70%, lr: 0.081622
  Batch [300/390] Loss: 2.1704, Acc: 17.83%, lr: 0.080836
  Batch [350/390] Loss: 2.1639, Acc: 17.43%, lr: 0.080037
[Epoch 6] Train Loss: 2.1591, Acc: 17.88%  |  Val Loss: 2.0667, Acc: 21.67%  |  Time: 144.6s
[Epoch 6] t_iter median: 279.20 ms  (fwd 13.87 | bwd+comm 260.00 | opt 5.31 | data 0.09)  |  train-only epoch: 119.2s
  -> Best model saved (21.67%)
[Epoch 6] Summarizing hook timing...

[HOOK_TIMING_SUMMARY] epoch=6
[HOOK_WORK_SUMMARY] label=mpi:ring_zfp_online_coll:rate10 calls=3120 work_total_ms=106706.315 work_mean_ms=34.201 work_min_ms=28.158 work_max_ms=58.824
[HOOK_TAIL_SUMMARY] label=mpi:ring_zfp_online_coll:rate10 steps=390 tail_total_ms=100272.229 tail_mean_ms=257.108 tail_min_ms=218.679 tail_max_ms=342.071
[Epoch 6] Hook timing summary done

[Epoch 7] Training... (lr at epoch start=0.079389)
  Batch [50/390] Loss: 2.0109, Acc: 23.50%, lr: 0.078569
  Batch [100/390] Loss: 2.0251, Acc: 20.75%, lr: 0.077737
  Batch [150/390] Loss: 2.0291, Acc: 20.83%, lr: 0.076893
  Batch [200/390] Loss: 2.0226, Acc: 21.38%, lr: 0.076039
  Batch [250/390] Loss: 2.0249, Acc: 20.20%, lr: 0.075174
  Batch [300/390] Loss: 2.0267, Acc: 20.42%, lr: 0.074299
  Batch [350/390] Loss: 2.0248, Acc: 20.71%, lr: 0.073414
[Epoch 7] Train Loss: 2.0091, Acc: 21.60%  |  Val Loss: 1.8128, Acc: 26.92%  |  Time: 143.0s
[Epoch 7] t_iter median: 279.29 ms  (fwd 13.81 | bwd+comm 260.08 | opt 5.31 | data 0.09)  |  train-only epoch: 117.6s
  -> Best model saved (26.92%)
[Epoch 7] Summarizing hook timing...

[HOOK_TIMING_SUMMARY] epoch=7
[HOOK_WORK_SUMMARY] label=mpi:ring_zfp_online_coll:rate10 calls=3120 work_total_ms=105094.800 work_mean_ms=33.684 work_min_ms=28.225 work_max_ms=59.763
[HOOK_TAIL_SUMMARY] label=mpi:ring_zfp_online_coll:rate10 steps=390 tail_total_ms=98856.587 tail_mean_ms=253.478 tail_min_ms=220.600 tail_max_ms=342.564
[Epoch 7] Hook timing summary done

[Epoch 8] Training... (lr at epoch start=0.072700)
  Batch [50/390] Loss: 1.9563, Acc: 22.00%, lr: 0.071798
  Batch [100/390] Loss: 1.9028, Acc: 25.00%, lr: 0.070887
  Batch [150/390] Loss: 1.8719, Acc: 27.00%, lr: 0.069968
  Batch [200/390] Loss: 1.8790, Acc: 28.00%, lr: 0.069041
  Batch [250/390] Loss: 1.8414, Acc: 30.40%, lr: 0.068106
  Batch [300/390] Loss: 1.8214, Acc: 30.67%, lr: 0.067164
  Batch [350/390] Loss: 1.8179, Acc: 31.14%, lr: 0.066215
[Epoch 8] Train Loss: 1.8102, Acc: 31.73%  |  Val Loss: 1.6022, Acc: 40.27%  |  Time: 152.2s
[Epoch 8] t_iter median: 280.32 ms  (fwd 13.84 | bwd+comm 260.85 | opt 5.31 | data 0.09)  |  train-only epoch: 126.6s
  -> Best model saved (40.27%)
[Epoch 8] Summarizing hook timing...

[HOOK_TIMING_SUMMARY] epoch=8
[HOOK_WORK_SUMMARY] label=mpi:ring_zfp_online_coll:rate10 calls=3120 work_total_ms=114169.799 work_mean_ms=36.593 work_min_ms=28.145 work_max_ms=939.173
[HOOK_TAIL_SUMMARY] label=mpi:ring_zfp_online_coll:rate10 steps=390 tail_total_ms=108178.713 tail_mean_ms=277.381 tail_min_ms=219.587 tail_max_ms=2137.579
[Epoch 8] Hook timing summary done

[Epoch 9] Training... (lr at epoch start=0.065451)
  Batch [50/390] Loss: 1.6463, Acc: 41.50%, lr: 0.064490
  Batch [100/390] Loss: 1.6754, Acc: 40.50%, lr: 0.063524
  Batch [150/390] Loss: 1.6797, Acc: 38.83%, lr: 0.062551
  Batch [200/390] Loss: 1.6598, Acc: 38.88%, lr: 0.061574
  Batch [250/390] Loss: 1.6490, Acc: 40.40%, lr: 0.060592
  Batch [300/390] Loss: 1.6413, Acc: 40.50%, lr: 0.059606
  Batch [350/390] Loss: 1.6316, Acc: 40.93%, lr: 0.058616
[Epoch 9] Train Loss: 1.6245, Acc: 41.09%  |  Val Loss: 1.5141, Acc: 44.85%  |  Time: 146.5s
[Epoch 9] t_iter median: 280.53 ms  (fwd 13.78 | bwd+comm 261.39 | opt 5.31 | data 0.09)  |  train-only epoch: 120.7s
  -> Best model saved (44.85%)
[Epoch 9] Summarizing hook timing...

[HOOK_TIMING_SUMMARY] epoch=9
[HOOK_WORK_SUMMARY] label=mpi:ring_zfp_online_coll:rate10 calls=3120 work_total_ms=108323.461 work_mean_ms=34.719 work_min_ms=28.047 work_max_ms=59.099
[HOOK_TAIL_SUMMARY] label=mpi:ring_zfp_online_coll:rate10 steps=390 tail_total_ms=102325.561 tail_mean_ms=262.373 tail_min_ms=219.527 tail_max_ms=342.198
[Epoch 9] Hook timing summary done

[Epoch 10] Training... (lr at epoch start=0.057822)
  Batch [50/390] Loss: 1.5049, Acc: 39.00%, lr: 0.056826
  Batch [100/390] Loss: 1.5812, Acc: 37.75%, lr: 0.055827
  Batch [150/390] Loss: 1.5028, Acc: 41.00%, lr: 0.054826
  Batch [200/390] Loss: 1.4698, Acc: 43.88%, lr: 0.053823
  Batch [250/390] Loss: 1.4563, Acc: 45.50%, lr: 0.052818
  Batch [300/390] Loss: 1.4599, Acc: 45.83%, lr: 0.051812
  Batch [350/390] Loss: 1.4599, Acc: 46.29%, lr: 0.050806
[Epoch 10] Train Loss: 1.4735, Acc: 46.54%  |  Val Loss: 1.2361, Acc: 55.79%  |  Time: 146.4s
[Epoch 10] t_iter median: 281.14 ms  (fwd 13.83 | bwd+comm 261.71 | opt 5.31 | data 0.09)  |  train-only epoch: 120.4s
  -> Best model saved (55.79%)
[Epoch 10] Summarizing hook timing...

[HOOK_TIMING_SUMMARY] epoch=10
[HOOK_WORK_SUMMARY] label=mpi:ring_zfp_online_coll:rate10 calls=3120 work_total_ms=107753.144 work_mean_ms=34.536 work_min_ms=27.917 work_max_ms=131.069
[HOOK_TAIL_SUMMARY] label=mpi:ring_zfp_online_coll:rate10 steps=390 tail_total_ms=101711.957 tail_mean_ms=260.800 tail_min_ms=220.506 tail_max_ms=415.236
[Epoch 10] Hook timing summary done

[Epoch 11] Training... (lr at epoch start=0.050000)
  Batch [50/390] Loss: 1.4066, Acc: 47.50%, lr: 0.048993
  Batch [100/390] Loss: 1.3919, Acc: 48.75%, lr: 0.047987
  Batch [150/390] Loss: 1.4009, Acc: 49.00%, lr: 0.046981
  Batch [200/390] Loss: 1.3766, Acc: 49.25%, lr: 0.045977
  Batch [250/390] Loss: 1.3490, Acc: 50.20%, lr: 0.044974
  Batch [300/390] Loss: 1.3509, Acc: 49.33%, lr: 0.043973
  Batch [350/390] Loss: 1.3335, Acc: 49.86%, lr: 0.042975
[Epoch 11] Train Loss: 1.3164, Acc: 51.09%  |  Val Loss: 1.1872, Acc: 58.01%  |  Time: 146.0s
[Epoch 11] t_iter median: 281.08 ms  (fwd 13.81 | bwd+comm 261.93 | opt 5.31 | data 0.09)  |  train-only epoch: 120.0s
  -> Best model saved (58.01%)
[Epoch 11] Summarizing hook timing...

[HOOK_TIMING_SUMMARY] epoch=11
[HOOK_WORK_SUMMARY] label=mpi:ring_zfp_online_coll:rate10 calls=3120 work_total_ms=107525.611 work_mean_ms=34.463 work_min_ms=28.071 work_max_ms=60.607
[HOOK_TAIL_SUMMARY] label=mpi:ring_zfp_online_coll:rate10 steps=390 tail_total_ms=101476.551 tail_mean_ms=260.196 tail_min_ms=222.011 tail_max_ms=339.912
[Epoch 11] Hook timing summary done

[Epoch 12] Training... (lr at epoch start=0.042178)
  Batch [50/390] Loss: 1.1856, Acc: 55.50%, lr: 0.041185
  Batch [100/390] Loss: 1.1686, Acc: 56.50%, lr: 0.040196
  Batch [150/390] Loss: 1.2337, Acc: 54.50%, lr: 0.039211
  Batch [200/390] Loss: 1.2135, Acc: 56.00%, lr: 0.038230
  Batch [250/390] Loss: 1.2038, Acc: 57.10%, lr: 0.037254
  Batch [300/390] Loss: 1.1731, Acc: 58.08%, lr: 0.036283
  Batch [350/390] Loss: 1.1599, Acc: 58.21%, lr: 0.035317
[Epoch 12] Train Loss: 1.1585, Acc: 57.88%  |  Val Loss: 1.0526, Acc: 62.81%  |  Time: 146.3s
[Epoch 12] t_iter median: 281.26 ms  (fwd 13.90 | bwd+comm 262.11 | opt 5.31 | data 0.09)  |  train-only epoch: 120.2s
  -> Best model saved (62.81%)
[Epoch 12] Summarizing hook timing...

[HOOK_TIMING_SUMMARY] epoch=12
[HOOK_WORK_SUMMARY] label=mpi:ring_zfp_online_coll:rate10 calls=3120 work_total_ms=107689.019 work_mean_ms=34.516 work_min_ms=28.157 work_max_ms=289.176
[HOOK_TAIL_SUMMARY] label=mpi:ring_zfp_online_coll:rate10 steps=390 tail_total_ms=101835.287 tail_mean_ms=261.116 tail_min_ms=220.543 tail_max_ms=476.177
[Epoch 12] Hook timing summary done

[Epoch 13] Training... (lr at epoch start=0.034549)
  Batch [50/390] Loss: 1.0723, Acc: 58.00%, lr: 0.033595
  Batch [100/390] Loss: 1.0949, Acc: 56.25%, lr: 0.032647
  Batch [150/390] Loss: 1.0934, Acc: 58.67%, lr: 0.031706
  Batch [200/390] Loss: 1.0821, Acc: 59.75%, lr: 0.030773
  Batch [250/390] Loss: 1.0820, Acc: 59.80%, lr: 0.029847
  Batch [300/390] Loss: 1.0747, Acc: 60.83%, lr: 0.028930
  Batch [350/390] Loss: 1.0728, Acc: 61.07%, lr: 0.028021
[Epoch 13] Train Loss: 1.0534, Acc: 61.73%  |  Val Loss: 1.0836, Acc: 62.01%  |  Time: 146.9s
[Epoch 13] t_iter median: 281.79 ms  (fwd 13.88 | bwd+comm 262.29 | opt 5.31 | data 0.09)  |  train-only epoch: 120.6s
[Epoch 13] Summarizing hook timing...

[HOOK_TIMING_SUMMARY] epoch=13
[HOOK_WORK_SUMMARY] label=mpi:ring_zfp_online_coll:rate10 calls=3120 work_total_ms=108123.262 work_mean_ms=34.655 work_min_ms=28.188 work_max_ms=58.302
[HOOK_TAIL_SUMMARY] label=mpi:ring_zfp_online_coll:rate10 steps=390 tail_total_ms=102188.911 tail_mean_ms=262.023 tail_min_ms=215.225 tail_max_ms=343.647
[Epoch 13] Hook timing summary done

[Epoch 14] Training... (lr at epoch start=0.027300)
  Batch [50/390] Loss: 1.0225, Acc: 60.50%, lr: 0.026408
  Batch [100/390] Loss: 0.9606, Acc: 62.50%, lr: 0.025525
  Batch [150/390] Loss: 0.9990, Acc: 62.00%, lr: 0.024652
  Batch [200/390] Loss: 0.9960, Acc: 63.12%, lr: 0.023789
  Batch [250/390] Loss: 1.0150, Acc: 62.00%, lr: 0.022937
  Batch [300/390] Loss: 1.0144, Acc: 62.92%, lr: 0.022096
  Batch [350/390] Loss: 0.9969, Acc: 63.43%, lr: 0.021266
[Epoch 14] Train Loss: 0.9837, Acc: 64.10%  |  Val Loss: 0.8942, Acc: 69.06%  |  Time: 145.7s
[Epoch 14] t_iter median: 280.94 ms  (fwd 13.83 | bwd+comm 261.66 | opt 5.31 | data 0.09)  |  train-only epoch: 119.4s
  -> Best model saved (69.06%)
[Epoch 14] Summarizing hook timing...

[HOOK_TIMING_SUMMARY] epoch=14
[HOOK_WORK_SUMMARY] label=mpi:ring_zfp_online_coll:rate10 calls=3120 work_total_ms=106759.552 work_mean_ms=34.218 work_min_ms=28.071 work_max_ms=58.343
[HOOK_TAIL_SUMMARY] label=mpi:ring_zfp_online_coll:rate10 steps=390 tail_total_ms=100706.787 tail_mean_ms=258.223 tail_min_ms=221.629 tail_max_ms=345.985
[Epoch 14] Hook timing summary done

[Epoch 15] Training... (lr at epoch start=0.020611)
  Batch [50/390] Loss: 0.8791, Acc: 67.00%, lr: 0.019802
  Batch [100/390] Loss: 0.9812, Acc: 65.00%, lr: 0.019006
  Batch [150/390] Loss: 0.9577, Acc: 66.50%, lr: 0.018222
  Batch [200/390] Loss: 0.9712, Acc: 65.88%, lr: 0.017451
  Batch [250/390] Loss: 0.9372, Acc: 67.40%, lr: 0.016693
  Batch [300/390] Loss: 0.9386, Acc: 67.33%, lr: 0.015949
  Batch [350/390] Loss: 0.9459, Acc: 67.36%, lr: 0.015219
[Epoch 15] Train Loss: 0.9383, Acc: 67.69%  |  Val Loss: 0.9525, Acc: 66.88%  |  Time: 148.7s
[Epoch 15] t_iter median: 281.72 ms  (fwd 13.98 | bwd+comm 262.44 | opt 5.31 | data 0.09)  |  train-only epoch: 122.1s
[Epoch 15] Summarizing hook timing...

[HOOK_TIMING_SUMMARY] epoch=15
[HOOK_WORK_SUMMARY] label=mpi:ring_zfp_online_coll:rate10 calls=3120 work_total_ms=109536.671 work_mean_ms=35.108 work_min_ms=28.350 work_max_ms=524.663
[HOOK_TAIL_SUMMARY] label=mpi:ring_zfp_online_coll:rate10 steps=390 tail_total_ms=103454.389 tail_mean_ms=265.268 tail_min_ms=222.421 tail_max_ms=802.565
[Epoch 15] Hook timing summary done

[Epoch 16] Training... (lr at epoch start=0.014645)
  Batch [50/390] Loss: 0.8226, Acc: 71.00%, lr: 0.013940
  Batch [100/390] Loss: 0.8713, Acc: 68.25%, lr: 0.013250
  Batch [150/390] Loss: 0.8673, Acc: 68.50%, lr: 0.012574
  Batch [200/390] Loss: 0.8436, Acc: 69.50%, lr: 0.011914
  Batch [250/390] Loss: 0.8406, Acc: 69.30%, lr: 0.011270
  Batch [300/390] Loss: 0.8354, Acc: 69.67%, lr: 0.010641
  Batch [350/390] Loss: 0.8238, Acc: 69.93%, lr: 0.010028
[Epoch 16] Train Loss: 0.8329, Acc: 69.81%  |  Val Loss: 0.7514, Acc: 73.60%  |  Time: 160.0s
[Epoch 16] t_iter median: 282.21 ms  (fwd 13.97 | bwd+comm 262.81 | opt 5.31 | data 0.09)  |  train-only epoch: 133.4s
  -> Best model saved (73.60%)
[Epoch 16] Summarizing hook timing...

[HOOK_TIMING_SUMMARY] epoch=16
[HOOK_WORK_SUMMARY] label=mpi:ring_zfp_online_coll:rate10 calls=3120 work_total_ms=120689.363 work_mean_ms=38.682 work_min_ms=27.828 work_max_ms=533.649
[HOOK_TAIL_SUMMARY] label=mpi:ring_zfp_online_coll:rate10 steps=390 tail_total_ms=115029.314 tail_mean_ms=294.947 tail_min_ms=220.998 tail_max_ms=1234.980
[Epoch 16] Hook timing summary done

[Epoch 17] Training... (lr at epoch start=0.009549)
  Batch [50/390] Loss: 0.8652, Acc: 73.50%, lr: 0.008966
  Batch [100/390] Loss: 0.8486, Acc: 71.75%, lr: 0.008399
  Batch [150/390] Loss: 0.8754, Acc: 71.50%, lr: 0.007848
  Batch [200/390] Loss: 0.8627, Acc: 71.12%, lr: 0.007315
  Batch [250/390] Loss: 0.8574, Acc: 70.60%, lr: 0.006800
  Batch [300/390] Loss: 0.8253, Acc: 71.42%, lr: 0.006302
  Batch [350/390] Loss: 0.8145, Acc: 71.71%, lr: 0.005821
[Epoch 17] Train Loss: 0.8119, Acc: 71.92%  |  Val Loss: 0.7206, Acc: 74.82%  |  Time: 145.0s
[Epoch 17] t_iter median: 281.15 ms  (fwd 13.94 | bwd+comm 261.62 | opt 5.32 | data 0.09)  |  train-only epoch: 118.4s
  -> Best model saved (74.82%)
[Epoch 17] Summarizing hook timing...

[HOOK_TIMING_SUMMARY] epoch=17
[HOOK_WORK_SUMMARY] label=mpi:ring_zfp_online_coll:rate10 calls=3120 work_total_ms=105832.243 work_mean_ms=33.921 work_min_ms=28.042 work_max_ms=59.656
[HOOK_TAIL_SUMMARY] label=mpi:ring_zfp_online_coll:rate10 steps=390 tail_total_ms=99973.160 tail_mean_ms=256.341 tail_min_ms=221.692 tail_max_ms=349.026
[Epoch 17] Hook timing summary done

[Epoch 18] Training... (lr at epoch start=0.005450)
  Batch [50/390] Loss: 0.9529, Acc: 67.00%, lr: 0.005002
  Batch [100/390] Loss: 0.8345, Acc: 71.75%, lr: 0.004572
  Batch [150/390] Loss: 0.8343, Acc: 72.67%, lr: 0.004160
  Batch [200/390] Loss: 0.8114, Acc: 73.62%, lr: 0.003768
  Batch [250/390] Loss: 0.8175, Acc: 73.00%, lr: 0.003394
  Batch [300/390] Loss: 0.7908, Acc: 73.92%, lr: 0.003038
  Batch [350/390] Loss: 0.7681, Acc: 74.07%, lr: 0.002702
[Epoch 18] Train Loss: 0.7766, Acc: 73.65%  |  Val Loss: 0.6909, Acc: 76.02%  |  Time: 147.9s
[Epoch 18] t_iter median: 282.12 ms  (fwd 14.01 | bwd+comm 262.57 | opt 5.30 | data 0.09)  |  train-only epoch: 121.1s
  -> Best model saved (76.02%)
[Epoch 18] Summarizing hook timing...

[HOOK_TIMING_SUMMARY] epoch=18
[HOOK_WORK_SUMMARY] label=mpi:ring_zfp_online_coll:rate10 calls=3120 work_total_ms=108473.496 work_mean_ms=34.767 work_min_ms=28.075 work_max_ms=57.985
[HOOK_TAIL_SUMMARY] label=mpi:ring_zfp_online_coll:rate10 steps=390 tail_total_ms=102562.711 tail_mean_ms=262.981 tail_min_ms=221.678 tail_max_ms=345.600
[Epoch 18] Hook timing summary done

[Epoch 19] Training... (lr at epoch start=0.002447)
  Batch [50/390] Loss: 0.6339, Acc: 76.00%, lr: 0.002146
  Batch [100/390] Loss: 0.6689, Acc: 75.50%, lr: 0.001864
  Batch [150/390] Loss: 0.6732, Acc: 74.67%, lr: 0.001601
  Batch [200/390] Loss: 0.6451, Acc: 75.75%, lr: 0.001358
  Batch [250/390] Loss: 0.6756, Acc: 75.20%, lr: 0.001135
  Batch [300/390] Loss: 0.7122, Acc: 73.33%, lr: 0.000931
  Batch [350/390] Loss: 0.7018, Acc: 74.29%, lr: 0.000748
[Epoch 19] Train Loss: 0.7093, Acc: 74.23%  |  Val Loss: 0.6590, Acc: 77.13%  |  Time: 147.2s
[Epoch 19] t_iter median: 282.38 ms  (fwd 13.95 | bwd+comm 262.92 | opt 5.32 | data 0.09)  |  train-only epoch: 120.4s
  -> Best model saved (77.13%)
[Epoch 19] Summarizing hook timing...

[HOOK_TIMING_SUMMARY] epoch=19
[HOOK_WORK_SUMMARY] label=mpi:ring_zfp_online_coll:rate10 calls=3120 work_total_ms=107761.636 work_mean_ms=34.539 work_min_ms=28.381 work_max_ms=57.441
[HOOK_TAIL_SUMMARY] label=mpi:ring_zfp_online_coll:rate10 steps=390 tail_total_ms=101770.409 tail_mean_ms=260.950 tail_min_ms=222.097 tail_max_ms=345.366
[Epoch 19] Hook timing summary done

[Epoch 20] Training... (lr at epoch start=0.000616)
  Batch [50/390] Loss: 0.5543, Acc: 80.00%, lr: 0.000468
  Batch [100/390] Loss: 0.6357, Acc: 77.50%, lr: 0.000341
  Batch [150/390] Loss: 0.6384, Acc: 78.00%, lr: 0.000233
  Batch [200/390] Loss: 0.6642, Acc: 76.62%, lr: 0.000146
  Batch [250/390] Loss: 0.6578, Acc: 76.60%, lr: 0.000079
  Batch [300/390] Loss: 0.6441, Acc: 77.33%, lr: 0.000033
  Batch [350/390] Loss: 0.6516, Acc: 77.14%, lr: 0.000006
[Epoch 20] Train Loss: 0.6473, Acc: 77.05%  |  Val Loss: 0.6531, Acc: 77.49%  |  Time: 147.3s
[Epoch 20] t_iter median: 282.39 ms  (fwd 13.92 | bwd+comm 262.95 | opt 5.31 | data 0.09)  |  train-only epoch: 120.3s
  -> Best model saved (77.49%)
[Epoch 20] Summarizing hook timing...

[HOOK_TIMING_SUMMARY] epoch=20
[HOOK_WORK_SUMMARY] label=mpi:ring_zfp_online_coll:rate10 calls=3120 work_total_ms=107690.780 work_mean_ms=34.516 work_min_ms=28.200 work_max_ms=59.723
[HOOK_TAIL_SUMMARY] label=mpi:ring_zfp_online_coll:rate10 steps=390 tail_total_ms=101764.525 tail_mean_ms=260.935 tail_min_ms=222.060 tail_max_ms=346.173
[Epoch 20] Hook timing summary done

================================================================================
Done in 2958.3s | Best val acc: 77.49%
Epoch times (train+val): mean=146.8s  min=143.0s  max=160.0s
Train-only epoch time (epochs 2..N): median=120.33s  min=117.55s  max=133.44s
  -> use this for STRONG scaling (fixed global batch)
  -> use t_iter_median_ms from the CSV for WEAK scaling (fixed local batch)
================================================================================
=== Finished training: model=wide_resnet50_2, dataset=cifar10, batch=4, lr=0.1, scheduler=cosine, backend=mpi, hook=ring_zfp_online_coll, zfp_rate=10, status=0 at Mon Jul 20 01:38:32 PM EDT 2026 ===
=== Starting: model=wide_resnet50_2, ws=32, bs=4, gb=128, lr=0.1, sched=cosine, warmup=0, mom=0.9, wd=5e-4, nesterov=true, wd_bn_bias=false, backend=mpi, hook=recursive_doubling, zfp=none at Mon Jul 20 01:38:32 PM EDT 2026 ===
MIOPEN_USER_DB_PATH=/mnt/bb/matilderestelli/miopen_cache_5035615/miopen_db
MIOPEN_CUSTOM_CACHE_DIR=/mnt/bb/matilderestelli/miopen_cache_5035615/kernel_cache
drwxr-sr-x 2 matilderestelli gen243 103 Jul 20 10:26 /mnt/bb/matilderestelli/miopen_cache_5035615/miopen_db
==== GPU visibility debug (batch shell) ====
frontier10349
ROCR_VISIBLE_DEVICES=0,1,2,3,4,5,6,7
SLURM_JOB_GPUS=0,1,2,3,4,5,6,7
[37mROCk module version 6.16.13 is loaded[0m
=====================    
HSA System Attributes    
=====================    
Runtime Version:         1.18
Runtime Ext Version:     1.14
System Timestamp Freq.:  1000.000000MHz
Sig. Max Wait Duration:  18446744073709551615 (0xFFFFFFFFFFFFFFFF) (timestamp count)
Machine Model:           LARGE                              
System Endianness:       LITTLE                             
Mwaitx:                  DISABLED
XNACK enabled:           NO
DMAbuf Support:          YES
VMM Support:             YES

==========               
HSA Agents               
==========               
*******                  
Agent 1                  
*******                  
  Name:                    AMD EPYC 7A53 64-Core Processor    
  Uuid:                    CPU-XX                             
  Marketing Name:          AMD EPYC 7A53 64-Core Processor    
  Vendor Name:             CPU                                
  Feature:                 None specified                     
  Profile:                 FULL_PROFILE                       
  Float Round Mode:        NEAR                               
  Max Queue Number:        0(0x0)                             
  Queue Min Size:          0(0x0)                             

================================================================================
DISTRIBUTED TRAINING LAUNCHER
================================================================================
  Model:      wide_resnet50_2 (CIFAR stem) (from scratch)
  Dataset:    cifar10 (10 classes)
  Image size: 32
  LR:         0.1
  Momentum:   0.9 (nesterov=True)
  Optimizer:  sgd
  Weight dec: 0.0005 (on BN/bias=False)
  Backend:    mpi
  Algorithm:  recursive_doubling
  Epochs:     20
  Batch/rank: 4
  LR:         0.1
  Scheduler:  cosine
  Warmup:     0
  Grad clip:  None
  Drop last:  True
  Data dir:   ./data
================================================================================


================================================================================
DISTRIBUTED TRAINING LAUNCHER
================================================================================
  Model:      wide_resnet50_2 (CIFAR stem) (from scratch)
  Dataset:    cifar10 (10 classes)
  Image size: 32
  LR:         0.1
  Momentum:   0.9 (nesterov=True)
  Optimizer:  sgd
  Weight dec: 0.0005 (on BN/bias=False)
  Backend:    mpi
  Algorithm:  recursive_doubling
  Epochs:     20
  Batch/rank: 4
  LR:         0.1
  Scheduler:  cosine
  Warmup:     0
  Grad clip:  None
  Drop last:  True
  Data dir:   ./data
================================================================================


================================================================================
DISTRIBUTED TRAINING LAUNCHER
================================================================================
  Model:      wide_resnet50_2 (CIFAR stem) (from scratch)
  Dataset:    cifar10 (10 classes)
  Image size: 32
  LR:         0.1
  Momentum:   0.9 (nesterov=True)
  Optimizer:  sgd
  Weight dec: 0.0005 (on BN/bias=False)
  Backend:    mpi
  Algorithm:  recursive_doubling
  Epochs:     20
  Batch/rank: 4
  LR:         0.1
  Scheduler:  cosine
  Warmup:     0
  Grad clip:  None
  Drop last:  True
  Data dir:   ./data
================================================================================


================================================================================
DISTRIBUTED TRAINING LAUNCHER
================================================================================
  Model:      wide_resnet50_2 (CIFAR stem) (from scratch)
  Dataset:    cifar10 (10 classes)
  Image size: 32
  LR:         0.1
  Momentum:   0.9 (nesterov=True)
  Optimizer:  sgd
  Weight dec: 0.0005 (on BN/bias=False)
  Backend:    mpi
  Algorithm:  recursive_doubling
  Epochs:     20
  Batch/rank: 4
  LR:         0.1
  Scheduler:  cosine
  Warmup:     0
  Grad clip:  None
  Drop last:  True
  Data dir:   ./data
================================================================================


================================================================================
DISTRIBUTED TRAINING LAUNCHER
================================================================================
  Model:      wide_resnet50_2 (CIFAR stem) (from scratch)
  Dataset:    cifar10 (10 classes)
  Image size: 32
  LR:         0.1
  Momentum:   0.9 (nesterov=True)
  Optimizer:  sgd
  Weight dec: 0.0005 (on BN/bias=False)
  Backend:    mpi
  Algorithm:  recursive_doubling
  Epochs:     20
  Batch/rank: 4
  LR:         0.1
  Scheduler:  cosine
  Warmup:     0
  Grad clip:  None
  Drop last:  True
  Data dir:   ./data
================================================================================


================================================================================
DISTRIBUTED TRAINING LAUNCHER
================================================================================
  Model:      wide_resnet50_2 (CIFAR stem) (from scratch)
  Dataset:    cifar10 (10 classes)
  Image size: 32
  LR:         0.1
  Momentum:   0.9 (nesterov=True)
  Optimizer:  sgd
  Weight dec: 0.0005 (on BN/bias=False)
  Backend:    mpi
  Algorithm:  recursive_doubling
  Epochs:     20
  Batch/rank: 4
  LR:         0.1
  Scheduler:  cosine
  Warmup:     0
  Grad clip:  None
  Drop last:  True
  Data dir:   ./data
================================================================================


================================================================================
DISTRIBUTED TRAINING LAUNCHER
================================================================================
  Model:      wide_resnet50_2 (CIFAR stem) (from scratch)
  Dataset:    cifar10 (10 classes)
  Image size: 32
  LR:         0.1
  Momentum:   0.9 (nesterov=True)
  Optimizer:  sgd
  Weight dec: 0.0005 (on BN/bias=False)
  Backend:    mpi
  Algorithm:  recursive_doubling
  Epochs:     20
  Batch/rank: 4
  LR:         0.1
  Scheduler:  cosine
  Warmup:     0
  Grad clip:  None
  Drop last:  True
  Data dir:   ./data
================================================================================


================================================================================
DISTRIBUTED TRAINING LAUNCHER
================================================================================
  Model:      wide_resnet50_2 (CIFAR stem) (from scratch)
  Dataset:    cifar10 (10 classes)
  Image size: 32
  LR:         0.1
  Momentum:   0.9 (nesterov=True)
  Optimizer:  sgd
  Weight dec: 0.0005 (on BN/bias=False)
  Backend:    mpi
  Algorithm:  recursive_doubling
  Epochs:     20
  Batch/rank: 4
  LR:         0.1
  Scheduler:  cosine
  Warmup:     0
  Grad clip:  None
  Drop last:  True
  Data dir:   ./data
================================================================================


================================================================================
DISTRIBUTED TRAINING LAUNCHER
================================================================================
  Model:      wide_resnet50_2 (CIFAR stem) (from scratch)
  Dataset:    cifar10 (10 classes)
  Image size: 32
  LR:         0.1
  Momentum:   0.9 (nesterov=True)
  Optimizer:  sgd
  Weight dec: 0.0005 (on BN/bias=False)
  Backend:    mpi
  Algorithm:  recursive_doubling
  Epochs:     20
  Batch/rank: 4
  LR:         0.1
  Scheduler:  cosine
  Warmup:     0
  Grad clip:  None
  Drop last:  True
  Data dir:   ./data
================================================================================


================================================================================
DISTRIBUTED TRAINING LAUNCHER
================================================================================
  Model:      wide_resnet50_2 (CIFAR stem) (from scratch)
  Dataset:    cifar10 (10 classes)
  Image size: 32
  LR:         0.1
  Momentum:   0.9 (nesterov=True)
  Optimizer:  sgd
  Weight dec: 0.0005 (on BN/bias=False)
  Backend:    mpi
  Algorithm:  recursive_doubling
  Epochs:     20
  Batch/rank: 4
  LR:         0.1
  Scheduler:  cosine
  Warmup:     0
  Grad clip:  None

================================================================================
DISTRIBUTED TRAINING LAUNCHER
================================================================================
  Model:      wide_resnet50_2 (CIFAR stem) (from scratch)
  Dataset:    cifar10 (10 classes)
  Image size: 32
  LR:         0.1
  Momentum:   0.9 (nesterov=True)
  Optimizer:  sgd
  Weight dec: 0.0005 (on BN/bias=False)
  Backend:    mpi
  Algorithm:  recursive_doubling
  Epochs:     20
  Batch/rank: 4
  LR:         0.1
  Scheduler:  cosine
  Warmup:     0
  Grad clip:  None
  Drop last:  True
  Data dir:   ./data
================================================================================

  Drop last:  True
  Data dir:   ./data
================================================================================


================================================================================
DISTRIBUTED TRAINING LAUNCHER
================================================================================
  Model:      wide_resnet50_2 (CIFAR stem) (from scratch)
  Dataset:    cifar10 (10 classes)
  Image size: 32
  LR:         0.1
  Momentum:   0.9 (nesterov=True)
  Optimizer:  sgd
  Weight dec: 0.0005 (on BN/bias=False)
  Backend:    mpi
  Algorithm:  recursive_doubling
  Epochs:     20
  Batch/rank: 4
  LR:         0.1
  Scheduler:  cosine
  Warmup:     0
  Grad clip:  None
  Drop last:  True

================================================================================
DISTRIBUTED TRAINING LAUNCHER
================================================================================
  Model:      wide_resnet50_2 (CIFAR stem) (from scratch)
  Dataset:    cifar10 (10 classes)
  Image size: 32
  LR:         0.1
  Momentum:   0.9 (nesterov=True)
  Optimizer:  sgd
  Weight dec: 0.0005 (on BN/bias=False)
  Backend:    mpi
  Algorithm:  recursive_doubling
  Epochs:     20
  Batch/rank: 4
  LR:         0.1
  Scheduler:  cosine
  Warmup:     0
  Grad clip:  None
  Drop last:  True
  Data dir:   ./data
================================================================================

  Data dir:   ./data
================================================================================


================================================================================
DISTRIBUTED TRAINING LAUNCHER
================================================================================
  Model:      wide_resnet50_2 (CIFAR stem) (from scratch)
  Dataset:    cifar10 (10 classes)
  Image size: 32
  LR:         0.1
  Momentum:   0.9 (nesterov=True)
  Optimizer:  sgd
  Weight dec: 0.0005 (on BN/bias=False)
  Backend:    mpi
  Algorithm:  recursive_doubling
  Epochs:     20
  Batch/rank: 4
  LR:         0.1
  Scheduler:  cosine
  Warmup:     0
  Grad clip:  None
  Drop last:  True
  Data dir:   ./data
================================================================================


================================================================================
DISTRIBUTED TRAINING LAUNCHER
================================================================================
  Model:      wide_resnet50_2 (CIFAR stem) (from scratch)
  Dataset:    cifar10 (10 classes)
  Image size: 32
  LR:         0.1
  Momentum:   0.9 (nesterov=True)
  Optimizer:  sgd
  Weight dec: 0.0005 (on BN/bias=False)
  Backend:    mpi
  Algorithm:  recursive_doubling
  Epochs:     20
  Batch/rank: 4
  LR:         0.1
  Scheduler:  cosine
  Warmup:     0
  Grad clip:  None
  Drop last:  True
  Data dir:   ./data
================================================================================


================================================================================
DISTRIBUTED TRAINING LAUNCHER
================================================================================
  Model:      wide_resnet50_2 (CIFAR stem) (from scratch)
  Dataset:    cifar10 (10 classes)
  Image size: 32
  LR:         0.1
  Momentum:   0.9 (nesterov=True)
  Optimizer:  sgd
  Weight dec: 0.0005 (on BN/bias=False)
  Backend:    mpi
  Algorithm:  recursive_doubling
  Epochs:     20
  Batch/rank: 4
  LR:         0.1
  Scheduler:  cosine
  Warmup:     0
  Grad clip:  None
  Drop last:  True
  Data dir:   ./data
================================================================================


================================================================================
DISTRIBUTED TRAINING LAUNCHER
================================================================================
  Model:      wide_resnet50_2 (CIFAR stem) (from scratch)
  Dataset:    cifar10 (10 classes)
  Image size: 32
  LR:         0.1
  Momentum:   0.9 (nesterov=True)
  Optimizer:  sgd
  Weight dec: 0.0005 (on BN/bias=False)
  Backend:    mpi
  Algorithm:  recursive_doubling
  Epochs:     20
  Batch/rank: 4
  LR:         0.1
  Scheduler:  cosine
  Warmup:     0
  Grad clip:  None
  Drop last:  True
  Data dir:   ./data
================================================================================


================================================================================
DISTRIBUTED TRAINING LAUNCHER
================================================================================
  Model:      wide_resnet50_2 (CIFAR stem) (from scratch)
  Dataset:    cifar10 (10 classes)
  Image size: 32
  LR:         0.1
  Momentum:   0.9 (nesterov=True)
  Optimizer:  sgd
  Weight dec: 0.0005 (on BN/bias=False)
  Backend:    mpi
  Algorithm:  recursive_doubling
  Epochs:     20
  Batch/rank: 4
  LR:         0.1
  Scheduler:  cosine
  Warmup:     0
  Grad clip:  None
  Drop last:  True
  Data dir:   ./data
================================================================================


================================================================================
DISTRIBUTED TRAINING LAUNCHER
================================================================================
  Model:      wide_resnet50_2 (CIFAR stem) (from scratch)
  Dataset:    cifar10 (10 classes)
  Image size: 32
  LR:         0.1
  Momentum:   0.9 (nesterov=True)
  Optimizer:  sgd
  Weight dec: 0.0005 (on BN/bias=False)
  Backend:    mpi
  Algorithm:  recursive_doubling
  Epochs:     20
  Batch/rank: 4
  LR:         0.1
  Scheduler:  cosine
  Warmup:     0
  Grad clip:  None
  Drop last:  True
  Data dir:   ./data
================================================================================


================================================================================
DISTRIBUTED TRAINING LAUNCHER
================================================================================
  Model:      wide_resnet50_2 (CIFAR stem) (from scratch)
  Dataset:    cifar10 (10 classes)
  Image size: 32
  LR:         0.1
  Momentum:   0.9 (nesterov=True)
  Optimizer:  sgd
  Weight dec: 0.0005 (on BN/bias=False)
  Backend:    mpi
  Algorithm:  recursive_doubling
  Epochs:     20
  Batch/rank: 4
  LR:         0.1
  Scheduler:  cosine
  Warmup:     0
  Grad clip:  None
  Drop last:  True
  Data dir:   ./data
================================================================================


================================================================================
DISTRIBUTED TRAINING LAUNCHER
================================================================================
  Model:      wide_resnet50_2 (CIFAR stem) (from scratch)
  Dataset:    cifar10 (10 classes)
  Image size: 32
  LR:         0.1
  Momentum:   0.9 (nesterov=True)
  Optimizer:  sgd
  Weight dec: 0.0005 (on BN/bias=False)
  Backend:    mpi
  Algorithm:  recursive_doubling
  Epochs:     20
  Batch/rank: 4
  LR:         0.1
  Scheduler:  cosine
  Warmup:     0
  Grad clip:  None
  Drop last:  True
  Data dir:   ./data
================================================================================


================================================================================
DISTRIBUTED TRAINING LAUNCHER
================================================================================
  Model:      wide_resnet50_2 (CIFAR stem) (from scratch)
  Dataset:    cifar10 (10 classes)
  Image size: 32
  LR:         0.1
  Momentum:   0.9 (nesterov=True)
  Optimizer:  sgd
  Weight dec: 0.0005 (on BN/bias=False)
  Backend:    mpi
  Algorithm:  recursive_doubling
  Epochs:     20
  Batch/rank: 4
  LR:         0.1
  Scheduler:  cosine
  Warmup:     0
  Grad clip:  None
  Drop last:  True
  Data dir:   ./data
================================================================================


================================================================================
DISTRIBUTED TRAINING LAUNCHER
================================================================================
  Model:      wide_resnet50_2 (CIFAR stem) (from scratch)
  Dataset:    cifar10 (10 classes)
  Image size: 32
  LR:         0.1
  Momentum:   0.9 (nesterov=True)
  Optimizer:  sgd
  Weight dec: 0.0005 (on BN/bias=False)
  Backend:    mpi
  Algorithm:  recursive_doubling
  Epochs:     20
  Batch/rank: 4
  LR:         0.1
  Scheduler:  cosine
  Warmup:     0
  Grad clip:  None
  Drop last:  True
  Data dir:   ./data
================================================================================


================================================================================
DISTRIBUTED TRAINING LAUNCHER
================================================================================
  Model:      wide_resnet50_2 (CIFAR stem) (from scratch)
  Dataset:    cifar10 (10 classes)
  Image size: 32
  LR:         0.1
  Momentum:   0.9 (nesterov=True)
  Optimizer:  sgd
  Weight dec: 0.0005 (on BN/bias=False)
  Backend:    mpi
  Algorithm:  recursive_doubling
  Epochs:     20
  Batch/rank: 4
  LR:         0.1
  Scheduler:  cosine
  Warmup:     0
  Grad clip:  None
  Drop last:  True
  Data dir:   ./data
================================================================================


================================================================================
DISTRIBUTED TRAINING LAUNCHER
================================================================================
  Model:      wide_resnet50_2 (CIFAR stem) (from scratch)
  Dataset:    cifar10 (10 classes)
  Image size: 32
  LR:         0.1
  Momentum:   0.9 (nesterov=True)
  Optimizer:  sgd
  Weight dec: 0.0005 (on BN/bias=False)
  Backend:    mpi
  Algorithm:  recursive_doubling
  Epochs:     20
  Batch/rank: 4
  LR:         0.1
  Scheduler:  cosine
  Warmup:     0
  Grad clip:  None
  Drop last:  True
  Data dir:   ./data
================================================================================

================================================================================
DISTRIBUTED TRAINING LAUNCHER
================================================================================
  Model:      wide_resnet50_2 (CIFAR stem) (from scratch)
  Dataset:    cifar10 (10 classes)
  Image size: 32
  LR:         0.1
  Momentum:   0.9 (nesterov=True)
  Optimizer:  sgd
  Weight dec: 0.0005 (on BN/bias=False)
  Backend:    mpi
  Algorithm:  recursive_doubling
  Epochs:     20
  Batch/rank: 4
  LR:         0.1
  Scheduler:  cosine
  Warmup:     0
  Grad clip:  None
  Drop last:  True
  Data dir:   ./data
================================================================================



================================================================================
DISTRIBUTED TRAINING LAUNCHER
================================================================================
  Model:      wide_resnet50_2 (CIFAR stem) (from scratch)
  Dataset:    cifar10 (10 classes)
  Image size: 32
  LR:         0.1
  Momentum:   0.9 (nesterov=True)
  Optimizer:  sgd
  Weight dec: 0.0005 (on BN/bias=False)
  Backend:    mpi
  Algorithm:  recursive_doubling
  Epochs:     20
  Batch/rank: 4
  LR:         0.1
  Scheduler:  cosine
  Warmup:     0
  Grad clip:  None
  Drop last:  True
  Data dir:   ./data
================================================================================


================================================================================
DISTRIBUTED TRAINING LAUNCHER
================================================================================
  Model:      wide_resnet50_2 (CIFAR stem) (from scratch)
  Dataset:    cifar10 (10 classes)
  Image size: 32
  LR:         0.1
  Momentum:   0.9 (nesterov=True)
  Optimizer:  sgd
  Weight dec: 0.0005 (on BN/bias=False)
  Backend:    mpi
  Algorithm:  recursive_doubling
  Epochs:     20
  Batch/rank: 4
  LR:         0.1
  Scheduler:  cosine
  Warmup:     0
  Grad clip:  None
  Drop last:  True
  Data dir:   ./data
================================================================================


================================================================================
DISTRIBUTED TRAINING LAUNCHER
================================================================================
  Model:      wide_resnet50_2 (CIFAR stem) (from scratch)
  Dataset:    cifar10 (10 classes)
  Image size: 32
  LR:         0.1
  Momentum:   0.9 (nesterov=True)
  Optimizer:  sgd
  Weight dec: 0.0005 (on BN/bias=False)
  Backend:    mpi
  Algorithm:  recursive_doubling
  Epochs:     20
  Batch/rank: 4
  LR:         0.1
  Scheduler:  cosine
  Warmup:     0
  Grad clip:  None
  Drop last:  True
  Data dir:   ./data
================================================================================


================================================================================
DISTRIBUTED TRAINING LAUNCHER
================================================================================
  Model:      wide_resnet50_2 (CIFAR stem) (from scratch)
  Dataset:    cifar10 (10 classes)
  Image size: 32
  LR:         0.1
  Momentum:   0.9 (nesterov=True)
  Optimizer:  sgd
  Weight dec: 0.0005 (on BN/bias=False)
  Backend:    mpi
  Algorithm:  recursive_doubling
  Epochs:     20
  Batch/rank: 4
  LR:         0.1
  Scheduler:  cosine
  Warmup:     0
  Grad clip:  None
  Drop last:  True
  Data dir:   ./data
================================================================================


================================================================================
DISTRIBUTED TRAINING LAUNCHER
================================================================================
  Model:      wide_resnet50_2 (CIFAR stem) (from scratch)
  Dataset:    cifar10 (10 classes)
  Image size: 32
  LR:         0.1
  Momentum:   0.9 (nesterov=True)
  Optimizer:  sgd
  Weight dec: 0.0005 (on BN/bias=False)
  Backend:    mpi
  Algorithm:  recursive_doubling
  Epochs:     20
  Batch/rank: 4
  LR:         0.1
  Scheduler:  cosine
  Warmup:     0
  Grad clip:  None
  Drop last:  True
  Data dir:   ./data
================================================================================


================================================================================
DISTRIBUTED TRAINING LAUNCHER
================================================================================
  Model:      wide_resnet50_2 (CIFAR stem) (from scratch)
  Dataset:    cifar10 (10 classes)
  Image size: 32
  LR:         0.1
  Momentum:   0.9 (nesterov=True)
  Optimizer:  sgd
  Weight dec: 0.0005 (on BN/bias=False)
  Backend:    mpi
  Algorithm:  recursive_doubling
  Epochs:     20
  Batch/rank: 4
  LR:         0.1
  Scheduler:  cosine
  Warmup:     0
  Grad clip:  None
  Drop last:  True
  Data dir:   ./data
================================================================================


================================================================================
Distributed Training: WIDE_RESNET50_2 on CIFAR10
Backend: MPI, Algorithm: recursive_doubling
================================================================================
Ranks: 32, Epochs: 20, Batch/rank: 4, Effective batch: 128
LR: 0.1, Device: cuda:0

[Cache] Pretrained weights cache (TORCH_HOME) = /lustre/orion/gen243/proj-shared/matilderestelli/pretrained_weights_cache
[Setup] Model on cuda:0, wrapped in DDP (static_graph=True)
[Setup] Hook registered: mpi/recursive_doubling
[Optim] SGD: lr=0.1 momentum=0.9 nesterov=True wd=0.0005 wd_on_bn_bias=False
[Optim]   group 0: 66,778,816 params, wd=0.0005
[Optim]   group 1: 68,234 params, wd=0.0
[Data] Train batches: 390, Val batches: 2500

[Sched] cosine: steps/epoch=390, total_steps=7800, warmup_steps=0 (0 epochs)


[Epoch 1] Training... (lr at epoch start=0.100000)
  Batch [50/390] Loss: 15.9698, Acc: 8.50%, lr: 0.099990
  Batch [100/390] Loss: 9.1547, Acc: 9.25%, lr: 0.099959
  Batch [150/390] Loss: 6.8718, Acc: 10.00%, lr: 0.099909
  Batch [200/390] Loss: 5.7326, Acc: 9.88%, lr: 0.099838
  Batch [250/390] Loss: 5.0462, Acc: 9.70%, lr: 0.099747
  Batch [300/390] Loss: 4.5871, Acc: 9.75%, lr: 0.099635
  Batch [350/390] Loss: 4.2620, Acc: 9.86%, lr: 0.099504
[Epoch 1] Train Loss: 4.0612, Acc: 9.87%  |  Val Loss: 2.3038, Acc: 9.95%  |  Time: 71.0s
[Epoch 1] t_iter median: 114.38 ms  (fwd 11.87 | bwd+comm 97.05 | opt 5.35 | data 0.07)  |  train-only epoch: 46.7s
  -> Best model saved (9.95%)
[Epoch 1] Summarizing hook timing...

[HOOK_TIMING_SUMMARY] epoch=1
[HOOK_WORK_SUMMARY] label=mpi:recursive_doubling calls=3113 work_total_ms=33091.814 work_mean_ms=10.630 work_min_ms=2.723 work_max_ms=80.231
[HOOK_TAIL_SUMMARY] label=mpi:recursive_doubling steps=391 tail_total_ms=29057.267 tail_mean_ms=74.315 tail_min_ms=51.685 tail_max_ms=105.116
[Epoch 1] Hook timing summary done

[Epoch 2] Training... (lr at epoch start=0.099384)
  Batch [50/390] Loss: 2.3018, Acc: 9.50%, lr: 0.099217
  Batch [100/390] Loss: 2.3023, Acc: 11.00%, lr: 0.099029
  Batch [150/390] Loss: 2.3009, Acc: 12.17%, lr: 0.098822
  Batch [200/390] Loss: 2.3006, Acc: 12.12%, lr: 0.098595
  Batch [250/390] Loss: 2.3028, Acc: 11.50%, lr: 0.098348
  Batch [300/390] Loss: 2.3025, Acc: 12.00%, lr: 0.098082
  Batch [350/390] Loss: 2.3010, Acc: 11.93%, lr: 0.097796
[Epoch 2] Train Loss: 2.2989, Acc: 12.24%  |  Val Loss: 2.3031, Acc: 9.97%  |  Time: 69.0s
[Epoch 2] t_iter median: 114.17 ms  (fwd 12.05 | bwd+comm 96.70 | opt 5.35 | data 0.07)  |  train-only epoch: 44.6s
  -> Best model saved (9.97%)
[Epoch 2] Summarizing hook timing...

[HOOK_TIMING_SUMMARY] epoch=2
[HOOK_WORK_SUMMARY] label=mpi:recursive_doubling calls=3120 work_total_ms=33025.746 work_mean_ms=10.585 work_min_ms=2.650 work_max_ms=21.702
[HOOK_TAIL_SUMMARY] label=mpi:recursive_doubling steps=390 tail_total_ms=29007.908 tail_mean_ms=74.379 tail_min_ms=55.549 tail_max_ms=88.299
[Epoch 2] Hook timing summary done

[Epoch 3] Training... (lr at epoch start=0.097553)
  Batch [50/390] Loss: 2.2707, Acc: 14.50%, lr: 0.097232
  Batch [100/390] Loss: 2.2766, Acc: 12.00%, lr: 0.096892
  Batch [150/390] Loss: 2.2684, Acc: 14.83%, lr: 0.096533
  Batch [200/390] Loss: 2.2659, Acc: 14.75%, lr: 0.096155
  Batch [250/390] Loss: 2.2619, Acc: 15.30%, lr: 0.095759
  Batch [300/390] Loss: 2.2574, Acc: 15.42%, lr: 0.095344
  Batch [350/390] Loss: 2.2612, Acc: 15.57%, lr: 0.094910
[Epoch 3] Train Loss: 2.2458, Acc: 16.03%  |  Val Loss: 2.0954, Acc: 19.21%  |  Time: 69.0s
[Epoch 3] t_iter median: 114.28 ms  (fwd 12.11 | bwd+comm 96.69 | opt 5.34 | data 0.07)  |  train-only epoch: 44.6s
  -> Best model saved (19.21%)
[Epoch 3] Summarizing hook timing...

[HOOK_TIMING_SUMMARY] epoch=3
[HOOK_WORK_SUMMARY] label=mpi:recursive_doubling calls=3120 work_total_ms=32974.401 work_mean_ms=10.569 work_min_ms=2.701 work_max_ms=22.688
[HOOK_TAIL_SUMMARY] label=mpi:recursive_doubling steps=390 tail_total_ms=28752.356 tail_mean_ms=73.724 tail_min_ms=56.650 tail_max_ms=87.662
[Epoch 3] Hook timing summary done

[Epoch 4] Training... (lr at epoch start=0.094550)
  Batch [50/390] Loss: 2.1445, Acc: 16.00%, lr: 0.094084
  Batch [100/390] Loss: 2.1264, Acc: 18.25%, lr: 0.093600
  Batch [150/390] Loss: 2.0925, Acc: 20.17%, lr: 0.093098
  Batch [200/390] Loss: 2.0849, Acc: 20.62%, lr: 0.092579
  Batch [250/390] Loss: 2.0802, Acc: 20.40%, lr: 0.092043
  Batch [300/390] Loss: 2.0636, Acc: 20.83%, lr: 0.091489
  Batch [350/390] Loss: 2.0690, Acc: 20.57%, lr: 0.090919
[Epoch 4] Train Loss: 2.0564, Acc: 21.03%  |  Val Loss: 1.9444, Acc: 25.11%  |  Time: 71.0s
[Epoch 4] t_iter median: 114.57 ms  (fwd 12.19 | bwd+comm 96.84 | opt 5.34 | data 0.07)  |  train-only epoch: 44.7s
  -> Best model saved (25.11%)
[Epoch 4] Summarizing hook timing...

[HOOK_TIMING_SUMMARY] epoch=4
[HOOK_WORK_SUMMARY] label=mpi:recursive_doubling calls=3120 work_total_ms=33035.516 work_mean_ms=10.588 work_min_ms=2.407 work_max_ms=21.211
[HOOK_TAIL_SUMMARY] label=mpi:recursive_doubling steps=390 tail_total_ms=28803.887 tail_mean_ms=73.856 tail_min_ms=56.759 tail_max_ms=88.194
[Epoch 4] Hook timing summary done

[Epoch 5] Training... (lr at epoch start=0.090451)
  Batch [50/390] Loss: 2.0150, Acc: 24.00%, lr: 0.089851
  Batch [100/390] Loss: 2.0440, Acc: 24.25%, lr: 0.089235
  Batch [150/390] Loss: 1.9687, Acc: 25.50%, lr: 0.088603
  Batch [200/390] Loss: 1.9533, Acc: 25.88%, lr: 0.087955
  Batch [250/390] Loss: 1.9480, Acc: 25.30%, lr: 0.087292
  Batch [300/390] Loss: 1.9260, Acc: 26.58%, lr: 0.086613
  Batch [350/390] Loss: 1.9135, Acc: 27.21%, lr: 0.085920
[Epoch 5] Train Loss: 1.9053, Acc: 27.63%  |  Val Loss: 1.6585, Acc: 38.51%  |  Time: 69.3s
[Epoch 5] t_iter median: 114.93 ms  (fwd 12.27 | bwd+comm 97.20 | opt 5.35 | data 0.07)  |  train-only epoch: 44.9s
  -> Best model saved (38.51%)
[Epoch 5] Summarizing hook timing...

[HOOK_TIMING_SUMMARY] epoch=5
[HOOK_WORK_SUMMARY] label=mpi:recursive_doubling calls=3120 work_total_ms=33184.806 work_mean_ms=10.636 work_min_ms=2.696 work_max_ms=20.992
[HOOK_TAIL_SUMMARY] label=mpi:recursive_doubling steps=390 tail_total_ms=28858.068 tail_mean_ms=73.995 tail_min_ms=63.264 tail_max_ms=92.547
[Epoch 5] Hook timing summary done

[Epoch 6] Training... (lr at epoch start=0.085355)
  Batch [50/390] Loss: 1.6379, Acc: 42.00%, lr: 0.084636
  Batch [100/390] Loss: 1.7084, Acc: 37.00%, lr: 0.083903
  Batch [150/390] Loss: 1.7088, Acc: 37.50%, lr: 0.083156
  Batch [200/390] Loss: 1.7030, Acc: 37.38%, lr: 0.082396
  Batch [250/390] Loss: 1.6808, Acc: 38.40%, lr: 0.081622
  Batch [300/390] Loss: 1.6936, Acc: 38.00%, lr: 0.080836
  Batch [350/390] Loss: 1.6898, Acc: 38.14%, lr: 0.080037
[Epoch 6] Train Loss: 1.6685, Acc: 39.29%  |  Val Loss: 1.4808, Acc: 45.84%  |  Time: 69.4s
[Epoch 6] t_iter median: 114.96 ms  (fwd 12.21 | bwd+comm 97.27 | opt 5.34 | data 0.07)  |  train-only epoch: 44.9s
  -> Best model saved (45.84%)
[Epoch 6] Summarizing hook timing...

[HOOK_TIMING_SUMMARY] epoch=6
[HOOK_WORK_SUMMARY] label=mpi:recursive_doubling calls=3120 work_total_ms=33186.937 work_mean_ms=10.637 work_min_ms=2.409 work_max_ms=21.522
[HOOK_TAIL_SUMMARY] label=mpi:recursive_doubling steps=390 tail_total_ms=29090.619 tail_mean_ms=74.591 tail_min_ms=55.930 tail_max_ms=87.745
[Epoch 6] Hook timing summary done

[Epoch 7] Training... (lr at epoch start=0.079389)
  Batch [50/390] Loss: 1.5833, Acc: 40.00%, lr: 0.078569
  Batch [100/390] Loss: 1.6278, Acc: 38.75%, lr: 0.077737
  Batch [150/390] Loss: 1.6014, Acc: 39.17%, lr: 0.076893
  Batch [200/390] Loss: 1.5905, Acc: 41.00%, lr: 0.076039
  Batch [250/390] Loss: 1.5960, Acc: 41.50%, lr: 0.075174
  Batch [300/390] Loss: 1.5790, Acc: 41.50%, lr: 0.074299
  Batch [350/390] Loss: 1.5588, Acc: 41.79%, lr: 0.073414
[Epoch 7] Train Loss: 1.5428, Acc: 42.37%  |  Val Loss: 1.3686, Acc: 49.35%  |  Time: 69.5s
[Epoch 7] t_iter median: 115.10 ms  (fwd 12.32 | bwd+comm 97.30 | opt 5.35 | data 0.07)  |  train-only epoch: 44.9s
  -> Best model saved (49.35%)
[Epoch 7] Summarizing hook timing...

[HOOK_TIMING_SUMMARY] epoch=7
[HOOK_WORK_SUMMARY] label=mpi:recursive_doubling calls=3120 work_total_ms=33200.016 work_mean_ms=10.641 work_min_ms=2.537 work_max_ms=23.300
[HOOK_TAIL_SUMMARY] label=mpi:recursive_doubling steps=390 tail_total_ms=28942.262 tail_mean_ms=74.211 tail_min_ms=57.281 tail_max_ms=88.034
[Epoch 7] Hook timing summary done

[Epoch 8] Training... (lr at epoch start=0.072700)
  Batch [50/390] Loss: 1.5153, Acc: 45.50%, lr: 0.071798
  Batch [100/390] Loss: 1.4774, Acc: 45.75%, lr: 0.070887
  Batch [150/390] Loss: 1.3890, Acc: 49.17%, lr: 0.069968
  Batch [200/390] Loss: 1.4080, Acc: 48.00%, lr: 0.069041
  Batch [250/390] Loss: 1.3587, Acc: 49.80%, lr: 0.068106
  Batch [300/390] Loss: 1.3462, Acc: 50.92%, lr: 0.067164
  Batch [350/390] Loss: 1.3306, Acc: 51.36%, lr: 0.066215
[Epoch 8] Train Loss: 1.3312, Acc: 51.09%  |  Val Loss: 1.1715, Acc: 58.92%  |  Time: 69.5s
[Epoch 8] t_iter median: 114.85 ms  (fwd 12.31 | bwd+comm 97.08 | opt 5.34 | data 0.07)  |  train-only epoch: 44.9s
  -> Best model saved (58.92%)
[Epoch 8] Summarizing hook timing...

[HOOK_TIMING_SUMMARY] epoch=8
[HOOK_WORK_SUMMARY] label=mpi:recursive_doubling calls=3120 work_total_ms=33167.299 work_mean_ms=10.631 work_min_ms=2.418 work_max_ms=22.017
[HOOK_TAIL_SUMMARY] label=mpi:recursive_doubling steps=390 tail_total_ms=29140.635 tail_mean_ms=74.720 tail_min_ms=55.242 tail_max_ms=89.067
[Epoch 8] Hook timing summary done

[Epoch 9] Training... (lr at epoch start=0.065451)
  Batch [50/390] Loss: 1.1633, Acc: 56.00%, lr: 0.064490
  Batch [100/390] Loss: 1.2118, Acc: 54.75%, lr: 0.063524
  Batch [150/390] Loss: 1.2164, Acc: 56.83%, lr: 0.062551
  Batch [200/390] Loss: 1.1841, Acc: 57.50%, lr: 0.061574
  Batch [250/390] Loss: 1.1502, Acc: 58.80%, lr: 0.060592
  Batch [300/390] Loss: 1.1294, Acc: 59.42%, lr: 0.059606
  Batch [350/390] Loss: 1.1312, Acc: 59.64%, lr: 0.058616
[Epoch 9] Train Loss: 1.1194, Acc: 60.06%  |  Val Loss: 0.9807, Acc: 65.67%  |  Time: 69.6s
[Epoch 9] t_iter median: 114.87 ms  (fwd 12.35 | bwd+comm 97.07 | opt 5.35 | data 0.07)  |  train-only epoch: 44.8s
  -> Best model saved (65.67%)
[Epoch 9] Summarizing hook timing...

[HOOK_TIMING_SUMMARY] epoch=9
[HOOK_WORK_SUMMARY] label=mpi:recursive_doubling calls=3120 work_total_ms=33152.102 work_mean_ms=10.626 work_min_ms=2.423 work_max_ms=21.581
[HOOK_TAIL_SUMMARY] label=mpi:recursive_doubling steps=390 tail_total_ms=28948.477 tail_mean_ms=74.227 tail_min_ms=54.994 tail_max_ms=87.774
[Epoch 9] Hook timing summary done

[Epoch 10] Training... (lr at epoch start=0.057822)
  Batch [50/390] Loss: 0.9113, Acc: 64.50%, lr: 0.056826
  Batch [100/390] Loss: 1.0562, Acc: 58.75%, lr: 0.055827
  Batch [150/390] Loss: 0.9694, Acc: 63.00%, lr: 0.054826
  Batch [200/390] Loss: 0.9524, Acc: 64.12%, lr: 0.053823
  Batch [250/390] Loss: 0.9635, Acc: 64.50%, lr: 0.052818
  Batch [300/390] Loss: 0.9619, Acc: 64.83%, lr: 0.051812
  Batch [350/390] Loss: 0.9670, Acc: 65.14%, lr: 0.050806
[Epoch 10] Train Loss: 0.9632, Acc: 65.38%  |  Val Loss: 0.8861, Acc: 69.45%  |  Time: 69.8s
[Epoch 10] t_iter median: 115.06 ms  (fwd 12.37 | bwd+comm 97.23 | opt 5.34 | data 0.07)  |  train-only epoch: 45.1s
  -> Best model saved (69.45%)
[Epoch 10] Summarizing hook timing...

[HOOK_TIMING_SUMMARY] epoch=10
[HOOK_WORK_SUMMARY] label=mpi:recursive_doubling calls=3120 work_total_ms=33336.548 work_mean_ms=10.685 work_min_ms=2.644 work_max_ms=26.406
[HOOK_TAIL_SUMMARY] label=mpi:recursive_doubling steps=390 tail_total_ms=29206.206 tail_mean_ms=74.888 tail_min_ms=65.353 tail_max_ms=94.589
[Epoch 10] Hook timing summary done

[Epoch 11] Training... (lr at epoch start=0.050000)
  Batch [50/390] Loss: 0.8001, Acc: 70.00%, lr: 0.048993
  Batch [100/390] Loss: 0.8424, Acc: 67.50%, lr: 0.047987
  Batch [150/390] Loss: 0.8582, Acc: 68.00%, lr: 0.046981
  Batch [200/390] Loss: 0.8341, Acc: 69.62%, lr: 0.045977
  Batch [250/390] Loss: 0.8342, Acc: 69.80%, lr: 0.044974
  Batch [300/390] Loss: 0.8325, Acc: 69.83%, lr: 0.043973
  Batch [350/390] Loss: 0.8142, Acc: 70.50%, lr: 0.042975
[Epoch 11] Train Loss: 0.8199, Acc: 70.64%  |  Val Loss: 0.7437, Acc: 74.73%  |  Time: 69.8s
[Epoch 11] t_iter median: 115.03 ms  (fwd 12.38 | bwd+comm 97.15 | opt 5.35 | data 0.07)  |  train-only epoch: 45.0s
  -> Best model saved (74.73%)
[Epoch 11] Summarizing hook timing...

[HOOK_TIMING_SUMMARY] epoch=11
[HOOK_WORK_SUMMARY] label=mpi:recursive_doubling calls=3120 work_total_ms=33217.654 work_mean_ms=10.647 work_min_ms=2.603 work_max_ms=22.019
[HOOK_TAIL_SUMMARY] label=mpi:recursive_doubling steps=390 tail_total_ms=29048.203 tail_mean_ms=74.483 tail_min_ms=49.268 tail_max_ms=88.174
[Epoch 11] Hook timing summary done

[Epoch 12] Training... (lr at epoch start=0.042178)
  Batch [50/390] Loss: 0.6810, Acc: 75.50%, lr: 0.041185
  Batch [100/390] Loss: 0.7156, Acc: 73.75%, lr: 0.040196
  Batch [150/390] Loss: 0.7756, Acc: 72.67%, lr: 0.039211
  Batch [200/390] Loss: 0.7483, Acc: 73.00%, lr: 0.038230
  Batch [250/390] Loss: 0.7418, Acc: 73.00%, lr: 0.037254
  Batch [300/390] Loss: 0.7074, Acc: 74.17%, lr: 0.036283
  Batch [350/390] Loss: 0.6909, Acc: 74.86%, lr: 0.035317
[Epoch 12] Train Loss: 0.6843, Acc: 75.38%  |  Val Loss: 0.6443, Acc: 78.14%  |  Time: 69.7s
[Epoch 12] t_iter median: 114.92 ms  (fwd 12.39 | bwd+comm 96.96 | opt 5.35 | data 0.07)  |  train-only epoch: 44.8s
  -> Best model saved (78.14%)
[Epoch 12] Summarizing hook timing...

[HOOK_TIMING_SUMMARY] epoch=12
[HOOK_WORK_SUMMARY] label=mpi:recursive_doubling calls=3120 work_total_ms=33047.440 work_mean_ms=10.592 work_min_ms=2.421 work_max_ms=22.213
[HOOK_TAIL_SUMMARY] label=mpi:recursive_doubling steps=390 tail_total_ms=29162.815 tail_mean_ms=74.776 tail_min_ms=63.041 tail_max_ms=88.950
[Epoch 12] Hook timing summary done

[Epoch 13] Training... (lr at epoch start=0.034549)
  Batch [50/390] Loss: 0.5822, Acc: 79.50%, lr: 0.033595
  Batch [100/390] Loss: 0.6115, Acc: 77.00%, lr: 0.032647
  Batch [150/390] Loss: 0.6030, Acc: 78.83%, lr: 0.031706
  Batch [200/390] Loss: 0.5937, Acc: 79.88%, lr: 0.030773
  Batch [250/390] Loss: 0.5790, Acc: 80.70%, lr: 0.029847
  Batch [300/390] Loss: 0.5742, Acc: 80.75%, lr: 0.028930
  Batch [350/390] Loss: 0.5670, Acc: 80.79%, lr: 0.028021
[Epoch 13] Train Loss: 0.5636, Acc: 81.09%  |  Val Loss: 0.5601, Acc: 80.82%  |  Time: 69.8s
[Epoch 13] t_iter median: 115.00 ms  (fwd 12.42 | bwd+comm 97.00 | opt 5.35 | data 0.07)  |  train-only epoch: 44.9s
  -> Best model saved (80.82%)
[Epoch 13] Summarizing hook timing...

[HOOK_TIMING_SUMMARY] epoch=13
[HOOK_WORK_SUMMARY] label=mpi:recursive_doubling calls=3120 work_total_ms=33201.308 work_mean_ms=10.641 work_min_ms=2.698 work_max_ms=28.551
[HOOK_TAIL_SUMMARY] label=mpi:recursive_doubling steps=390 tail_total_ms=28776.949 tail_mean_ms=73.787 tail_min_ms=57.846 tail_max_ms=89.535
[Epoch 13] Hook timing summary done

[Epoch 14] Training... (lr at epoch start=0.027300)
  Batch [50/390] Loss: 0.5777, Acc: 75.00%, lr: 0.026408
  Batch [100/390] Loss: 0.5739, Acc: 78.50%, lr: 0.025525
  Batch [150/390] Loss: 0.5814, Acc: 79.00%, lr: 0.024652
  Batch [200/390] Loss: 0.5623, Acc: 80.38%, lr: 0.023789
  Batch [250/390] Loss: 0.5637, Acc: 80.30%, lr: 0.022937
  Batch [300/390] Loss: 0.5598, Acc: 80.83%, lr: 0.022096
  Batch [350/390] Loss: 0.5559, Acc: 81.07%, lr: 0.021266
[Epoch 14] Train Loss: 0.5563, Acc: 81.15%  |  Val Loss: 0.5745, Acc: 80.98%  |  Time: 70.0s
[Epoch 14] t_iter median: 115.22 ms  (fwd 12.43 | bwd+comm 97.30 | opt 5.35 | data 0.07)  |  train-only epoch: 45.0s
  -> Best model saved (80.98%)
[Epoch 14] Summarizing hook timing...

[HOOK_TIMING_SUMMARY] epoch=14
[HOOK_WORK_SUMMARY] label=mpi:recursive_doubling calls=3120 work_total_ms=33325.460 work_mean_ms=10.681 work_min_ms=2.713 work_max_ms=22.060
[HOOK_TAIL_SUMMARY] label=mpi:recursive_doubling steps=390 tail_total_ms=28758.079 tail_mean_ms=73.739 tail_min_ms=62.853 tail_max_ms=86.650
[Epoch 14] Hook timing summary done

[Epoch 15] Training... (lr at epoch start=0.020611)
  Batch [50/390] Loss: 0.5415, Acc: 79.00%, lr: 0.019802
  Batch [100/390] Loss: 0.5512, Acc: 79.00%, lr: 0.019006
  Batch [150/390] Loss: 0.5327, Acc: 80.17%, lr: 0.018222
  Batch [200/390] Loss: 0.5267, Acc: 80.50%, lr: 0.017451
  Batch [250/390] Loss: 0.5126, Acc: 81.10%, lr: 0.016693
  Batch [300/390] Loss: 0.5074, Acc: 81.50%, lr: 0.015949
  Batch [350/390] Loss: 0.5072, Acc: 81.21%, lr: 0.015219
[Epoch 15] Train Loss: 0.5079, Acc: 81.35%  |  Val Loss: 0.5126, Acc: 82.95%  |  Time: 69.9s
[Epoch 15] t_iter median: 115.16 ms  (fwd 12.38 | bwd+comm 97.19 | opt 5.34 | data 0.07)  |  train-only epoch: 44.9s
  -> Best model saved (82.95%)
[Epoch 15] Summarizing hook timing...

[HOOK_TIMING_SUMMARY] epoch=15
[HOOK_WORK_SUMMARY] label=mpi:recursive_doubling calls=3120 work_total_ms=33174.636 work_mean_ms=10.633 work_min_ms=2.424 work_max_ms=20.566
[HOOK_TAIL_SUMMARY] label=mpi:recursive_doubling steps=390 tail_total_ms=28708.500 tail_mean_ms=73.612 tail_min_ms=63.990 tail_max_ms=85.892
[Epoch 15] Hook timing summary done

[Epoch 16] Training... (lr at epoch start=0.014645)
  Batch [50/390] Loss: 0.3904, Acc: 88.00%, lr: 0.013940
  Batch [100/390] Loss: 0.4328, Acc: 85.75%, lr: 0.013250
  Batch [150/390] Loss: 0.4276, Acc: 85.83%, lr: 0.012574
  Batch [200/390] Loss: 0.4264, Acc: 85.62%, lr: 0.011914
  Batch [250/390] Loss: 0.4244, Acc: 86.30%, lr: 0.011270
  Batch [300/390] Loss: 0.4157, Acc: 86.58%, lr: 0.010641
  Batch [350/390] Loss: 0.3970, Acc: 87.00%, lr: 0.010028
[Epoch 16] Train Loss: 0.3957, Acc: 87.44%  |  Val Loss: 0.4305, Acc: 85.45%  |  Time: 70.0s
[Epoch 16] t_iter median: 115.33 ms  (fwd 12.40 | bwd+comm 97.42 | opt 5.35 | data 0.07)  |  train-only epoch: 45.0s
  -> Best model saved (85.45%)
[Epoch 16] Summarizing hook timing...

[HOOK_TIMING_SUMMARY] epoch=16
[HOOK_WORK_SUMMARY] label=mpi:recursive_doubling calls=3120 work_total_ms=33325.944 work_mean_ms=10.681 work_min_ms=2.689 work_max_ms=22.768
[HOOK_TAIL_SUMMARY] label=mpi:recursive_doubling steps=390 tail_total_ms=28867.634 tail_mean_ms=74.020 tail_min_ms=55.071 tail_max_ms=86.368
[Epoch 16] Hook timing summary done

[Epoch 17] Training... (lr at epoch start=0.009549)
  Batch [50/390] Loss: 0.5000, Acc: 83.00%, lr: 0.008966
  Batch [100/390] Loss: 0.4520, Acc: 84.25%, lr: 0.008399
  Batch [150/390] Loss: 0.4541, Acc: 84.00%, lr: 0.007848
  Batch [200/390] Loss: 0.4323, Acc: 84.88%, lr: 0.007315
  Batch [250/390] Loss: 0.4284, Acc: 84.70%, lr: 0.006800
  Batch [300/390] Loss: 0.4174, Acc: 84.83%, lr: 0.006302
  Batch [350/390] Loss: 0.4183, Acc: 84.64%, lr: 0.005821
[Epoch 17] Train Loss: 0.4224, Acc: 84.55%  |  Val Loss: 0.4351, Acc: 85.55%  |  Time: 70.2s
[Epoch 17] t_iter median: 115.10 ms  (fwd 12.40 | bwd+comm 97.16 | opt 5.35 | data 0.07)  |  train-only epoch: 45.0s
  -> Best model saved (85.55%)
[Epoch 17] Summarizing hook timing...

[HOOK_TIMING_SUMMARY] epoch=17
[HOOK_WORK_SUMMARY] label=mpi:recursive_doubling calls=3120 work_total_ms=33379.663 work_mean_ms=10.699 work_min_ms=2.683 work_max_ms=91.643
[HOOK_TAIL_SUMMARY] label=mpi:recursive_doubling steps=390 tail_total_ms=28897.682 tail_mean_ms=74.097 tail_min_ms=54.231 tail_max_ms=176.424
[Epoch 17] Hook timing summary done

[Epoch 18] Training... (lr at epoch start=0.005450)
  Batch [50/390] Loss: 0.4579, Acc: 81.00%, lr: 0.005002
  Batch [100/390] Loss: 0.3825, Acc: 85.25%, lr: 0.004572
  Batch [150/390] Loss: 0.4003, Acc: 84.83%, lr: 0.004160
  Batch [200/390] Loss: 0.3978, Acc: 85.88%, lr: 0.003768
  Batch [250/390] Loss: 0.3961, Acc: 85.90%, lr: 0.003394
  Batch [300/390] Loss: 0.3833, Acc: 86.08%, lr: 0.003038
  Batch [350/390] Loss: 0.3640, Acc: 86.93%, lr: 0.002702
[Epoch 18] Train Loss: 0.3679, Acc: 86.99%  |  Val Loss: 0.4060, Acc: 86.59%  |  Time: 70.2s
[Epoch 18] t_iter median: 115.30 ms  (fwd 12.48 | bwd+comm 97.28 | opt 5.35 | data 0.07)  |  train-only epoch: 45.0s
  -> Best model saved (86.59%)
[Epoch 18] Summarizing hook timing...

[HOOK_TIMING_SUMMARY] epoch=18
[HOOK_WORK_SUMMARY] label=mpi:recursive_doubling calls=3120 work_total_ms=33295.283 work_mean_ms=10.672 work_min_ms=2.428 work_max_ms=21.585
[HOOK_TAIL_SUMMARY] label=mpi:recursive_doubling steps=390 tail_total_ms=28813.175 tail_mean_ms=73.880 tail_min_ms=63.077 tail_max_ms=86.491
[Epoch 18] Hook timing summary done

[Epoch 19] Training... (lr at epoch start=0.002447)
  Batch [50/390] Loss: 0.2912, Acc: 88.50%, lr: 0.002146
  Batch [100/390] Loss: 0.3016, Acc: 87.75%, lr: 0.001864
  Batch [150/390] Loss: 0.3146, Acc: 88.33%, lr: 0.001601
  Batch [200/390] Loss: 0.2929, Acc: 89.75%, lr: 0.001358
  Batch [250/390] Loss: 0.3069, Acc: 89.20%, lr: 0.001135
  Batch [300/390] Loss: 0.3364, Acc: 88.25%, lr: 0.000931
  Batch [350/390] Loss: 0.3193, Acc: 89.07%, lr: 0.000748
[Epoch 19] Train Loss: 0.3187, Acc: 88.97%  |  Val Loss: 0.3747, Acc: 87.44%  |  Time: 70.3s
[Epoch 19] t_iter median: 115.19 ms  (fwd 12.41 | bwd+comm 97.29 | opt 5.35 | data 0.07)  |  train-only epoch: 45.0s
  -> Best model saved (87.44%)
[Epoch 19] Summarizing hook timing...

[HOOK_TIMING_SUMMARY] epoch=19
[HOOK_WORK_SUMMARY] label=mpi:recursive_doubling calls=3120 work_total_ms=33296.074 work_mean_ms=10.672 work_min_ms=2.672 work_max_ms=22.501
[HOOK_TAIL_SUMMARY] label=mpi:recursive_doubling steps=390 tail_total_ms=28859.829 tail_mean_ms=74.000 tail_min_ms=54.583 tail_max_ms=87.357
[Epoch 19] Hook timing summary done

[Epoch 20] Training... (lr at epoch start=0.000616)
  Batch [50/390] Loss: 0.3009, Acc: 89.50%, lr: 0.000468
  Batch [100/390] Loss: 0.3234, Acc: 87.75%, lr: 0.000341
  Batch [150/390] Loss: 0.2920, Acc: 88.67%, lr: 0.000233
  Batch [200/390] Loss: 0.2950, Acc: 88.88%, lr: 0.000146
  Batch [250/390] Loss: 0.2981, Acc: 89.00%, lr: 0.000079
  Batch [300/390] Loss: 0.3006, Acc: 89.25%, lr: 0.000033
  Batch [350/390] Loss: 0.2977, Acc: 89.57%, lr: 0.000006
[Epoch 20] Train Loss: 0.2921, Acc: 89.74%  |  Val Loss: 0.3842, Acc: 87.28%  |  Time: 70.7s
[Epoch 20] t_iter median: 115.53 ms  (fwd 12.49 | bwd+comm 97.54 | opt 5.35 | data 0.07)  |  train-only epoch: 45.3s
[Epoch 20] Summarizing hook timing...

[HOOK_TIMING_SUMMARY] epoch=20
[HOOK_WORK_SUMMARY] label=mpi:recursive_doubling calls=3120 work_total_ms=33621.446 work_mean_ms=10.776 work_min_ms=2.928 work_max_ms=36.828
[HOOK_TAIL_SUMMARY] label=mpi:recursive_doubling steps=390 tail_total_ms=29159.847 tail_mean_ms=74.769 tail_min_ms=56.530 tail_max_ms=110.739
[Epoch 20] Hook timing summary done

================================================================================
Done in 1423.8s | Best val acc: 87.44%
Epoch times (train+val): mean=69.9s  min=69.0s  max=71.0s
Train-only epoch time (epochs 2..N): median=44.91s  min=44.60s  max=45.35s
  -> use this for STRONG scaling (fixed global batch)
  -> use t_iter_median_ms from the CSV for WEAK scaling (fixed local batch)
================================================================================
=== Finished training: model=wide_resnet50_2, dataset=cifar10, batch=4, lr=0.1, scheduler=cosine, backend=mpi, hook=recursive_doubling, zfp_rate=none, status=0 at Mon Jul 20 02:02:22 PM EDT 2026 ===
=== Starting: model=wide_resnet50_2, ws=32, bs=4, gb=128, lr=0.1, sched=cosine, warmup=0, mom=0.9, wd=5e-4, nesterov=true, wd_bn_bias=false, backend=mpi, hook=recursive_doubling_zfp_naive, zfp=16 at Mon Jul 20 02:02:22 PM EDT 2026 ===
MIOPEN_USER_DB_PATH=/mnt/bb/matilderestelli/miopen_cache_5035615/miopen_db
MIOPEN_CUSTOM_CACHE_DIR=/mnt/bb/matilderestelli/miopen_cache_5035615/kernel_cache
drwxr-sr-x 2 matilderestelli gen243 103 Jul 20 10:26 /mnt/bb/matilderestelli/miopen_cache_5035615/miopen_db
==== GPU visibility debug (batch shell) ====
frontier10349
ROCR_VISIBLE_DEVICES=0,1,2,3,4,5,6,7
SLURM_JOB_GPUS=0,1,2,3,4,5,6,7
[37mROCk module version 6.16.13 is loaded[0m
=====================    
HSA System Attributes    
=====================    
Runtime Version:         1.18
Runtime Ext Version:     1.14
System Timestamp Freq.:  1000.000000MHz
Sig. Max Wait Duration:  18446744073709551615 (0xFFFFFFFFFFFFFFFF) (timestamp count)
Machine Model:           LARGE                              
System Endianness:       LITTLE                             
Mwaitx:                  DISABLED
XNACK enabled:           NO
DMAbuf Support:          YES
VMM Support:             YES

==========               
HSA Agents               
==========               
*******                  
Agent 1                  
*******                  
  Name:                    AMD EPYC 7A53 64-Core Processor    
  Uuid:                    CPU-XX                             
  Marketing Name:          AMD EPYC 7A53 64-Core Processor    
  Vendor Name:             CPU                                
  Feature:                 None specified                     
  Profile:                 FULL_PROFILE                       
  Float Round Mode:        NEAR                               
  Max Queue Number:        0(0x0)                             
  Queue Min Size:          0(0x0)                             

================================================================================
DISTRIBUTED TRAINING LAUNCHER
================================================================================
  Model:      wide_resnet50_2 (CIFAR stem) (from scratch)
  Dataset:    cifar10 (10 classes)
  Image size: 32
  LR:         0.1
  Momentum:   0.9 (nesterov=True)
  Optimizer:  sgd
  Weight dec: 0.0005 (on BN/bias=False)
  Backend:    mpi
  Algorithm:  recursive_doubling_zfp_naive
  ZFP rate:   16
  Epochs:     20
  Batch/rank: 4
  LR:         0.1
  Scheduler:  cosine
  Warmup:     0
  Grad clip:  None
  Drop last:  True
  Data dir:   ./data
================================================================================


================================================================================
DISTRIBUTED TRAINING LAUNCHER
================================================================================
  Model:      wide_resnet50_2 (CIFAR stem) (from scratch)
  Dataset:    cifar10 (10 classes)
  Image size: 32
  LR:         0.1
  Momentum:   0.9 (nesterov=True)
  Optimizer:  sgd
  Weight dec: 0.0005 (on BN/bias=False)
  Backend:    mpi
  Algorithm:  recursive_doubling_zfp_naive
  ZFP rate:   16
  Epochs:     20
  Batch/rank: 4
  LR:         0.1
  Scheduler:  cosine
  Warmup:     0
  Grad clip:  None
  Drop last:  True
  Data dir:   ./data
================================================================================


================================================================================
DISTRIBUTED TRAINING LAUNCHER
================================================================================
  Model:      wide_resnet50_2 (CIFAR stem) (from scratch)
  Dataset:    cifar10 (10 classes)
  Image size: 32
  LR:         0.1
  Momentum:   0.9 (nesterov=True)
  Optimizer:  sgd
  Weight dec: 0.0005 (on BN/bias=False)
  Backend:    mpi
  Algorithm:  recursive_doubling_zfp_naive
  ZFP rate:   16
  Epochs:     20
  Batch/rank: 4
  LR:         0.1
  Scheduler:  cosine
  Warmup:     0
  Grad clip:  None
  Drop last:  True
  Data dir:   ./data
================================================================================


================================================================================
DISTRIBUTED TRAINING LAUNCHER
================================================================================
  Model:      wide_resnet50_2 (CIFAR stem) (from scratch)
  Dataset:    cifar10 (10 classes)
  Image size: 32
  LR:         0.1
  Momentum:   0.9 (nesterov=True)
  Optimizer:  sgd
  Weight dec: 0.0005 (on BN/bias=False)
  Backend:    mpi
  Algorithm:  recursive_doubling_zfp_naive
  ZFP rate:   16
  Epochs:     20
  Batch/rank: 4
  LR:         0.1
  Scheduler:  cosine
  Warmup:     0
  Grad clip:  None
  Drop last:  True
  Data dir:   ./data
================================================================================


================================================================================
DISTRIBUTED TRAINING LAUNCHER
================================================================================
  Model:      wide_resnet50_2 (CIFAR stem) (from scratch)
  Dataset:    cifar10 (10 classes)
  Image size: 32
  LR:         0.1
  Momentum:   0.9 (nesterov=True)
  Optimizer:  sgd
  Weight dec: 0.0005 (on BN/bias=False)
  Backend:    mpi
  Algorithm:  recursive_doubling_zfp_naive
  ZFP rate:   16
  Epochs:     20
  Batch/rank: 4
  LR:         0.1
  Scheduler:  cosine
  Warmup:     0
  Grad clip:  None
  Drop last:  True
  Data dir:   ./data
================================================================================


================================================================================
DISTRIBUTED TRAINING LAUNCHER
================================================================================
  Model:      wide_resnet50_2 (CIFAR stem) (from scratch)
  Dataset:    cifar10 (10 classes)
  Image size: 32
  LR:         0.1
  Momentum:   0.9 (nesterov=True)
  Optimizer:  sgd
  Weight dec: 0.0005 (on BN/bias=False)
  Backend:    mpi
  Algorithm:  recursive_doubling_zfp_naive
  ZFP rate:   16
  Epochs:     20
  Batch/rank: 4
  LR:         0.1
  Scheduler:  cosine
  Warmup:     0
  Grad clip:  None
  Drop last:  True
  Data dir:   ./data
================================================================================


================================================================================
DISTRIBUTED TRAINING LAUNCHER
================================================================================
  Model:      wide_resnet50_2 (CIFAR stem) (from scratch)
  Dataset:    cifar10 (10 classes)
  Image size: 32
  LR:         0.1
  Momentum:   0.9 (nesterov=True)
  Optimizer:  sgd
  Weight dec: 0.0005 (on BN/bias=False)
  Backend:    mpi
  Algorithm:  recursive_doubling_zfp_naive
  ZFP rate:   16
  Epochs:     20
  Batch/rank: 4
  LR:         0.1
  Scheduler:  cosine
  Warmup:     0
  Grad clip:  None
  Drop last:  True
  Data dir:   ./data
================================================================================


================================================================================
DISTRIBUTED TRAINING LAUNCHER
================================================================================
  Model:      wide_resnet50_2 (CIFAR stem) (from scratch)
  Dataset:    cifar10 (10 classes)
  Image size: 32
  LR:         0.1
  Momentum:   0.9 (nesterov=True)
  Optimizer:  sgd
  Weight dec: 0.0005 (on BN/bias=False)
  Backend:    mpi
  Algorithm:  recursive_doubling_zfp_naive
  ZFP rate:   16
  Epochs:     20
  Batch/rank: 4
  LR:         0.1
  Scheduler:  cosine
  Warmup:     0
  Grad clip:  None
  Drop last:  True
  Data dir:   ./data
================================================================================


================================================================================
DISTRIBUTED TRAINING LAUNCHER
================================================================================
  Model:      wide_resnet50_2 (CIFAR stem) (from scratch)
  Dataset:    cifar10 (10 classes)
  Image size: 32
  LR:         0.1
  Momentum:   0.9 (nesterov=True)
  Optimizer:  sgd
  Weight dec: 0.0005 (on BN/bias=False)
  Backend:    mpi
  Algorithm:  recursive_doubling_zfp_naive
  ZFP rate:   16
  Epochs:     20
  Batch/rank: 4
  LR:         0.1
  Scheduler:  cosine
  Warmup:     0
  Grad clip:  None
  Drop last:  True
  Data dir:   ./data
================================================================================


================================================================================
DISTRIBUTED TRAINING LAUNCHER
================================================================================
  Model:      wide_resnet50_2 (CIFAR stem) (from scratch)
  Dataset:    cifar10 (10 classes)
  Image size: 32
  LR:         0.1
  Momentum:   0.9 (nesterov=True)
  Optimizer:  sgd
  Weight dec: 0.0005 (on BN/bias=False)
  Backend:    mpi
  Algorithm:  recursive_doubling_zfp_naive
  ZFP rate:   16
  Epochs:     20
  Batch/rank: 4
  LR:         0.1
  Scheduler:  cosine
  Warmup:     0
  Grad clip:  None
  Drop last:  True
  Data dir:   ./data
================================================================================


================================================================================
DISTRIBUTED TRAINING LAUNCHER
================================================================================
  Model:      wide_resnet50_2 (CIFAR stem) (from scratch)
  Dataset:    cifar10 (10 classes)
  Image size: 32
  LR:         0.1
  Momentum:   0.9 (nesterov=True)
  Optimizer:  sgd
  Weight dec: 0.0005 (on BN/bias=False)
  Backend:    mpi
  Algorithm:  recursive_doubling_zfp_naive
  ZFP rate:   16
  Epochs:     20
  Batch/rank: 4
  LR:         0.1
  Scheduler:  cosine
  Warmup:     0
  Grad clip:  None
  Drop last:  True
  Data dir:   ./data
================================================================================


================================================================================
DISTRIBUTED TRAINING LAUNCHER
================================================================================
  Model:      wide_resnet50_2 (CIFAR stem) (from scratch)
  Dataset:    cifar10 (10 classes)
  Image size: 32
  LR:         0.1
  Momentum:   0.9 (nesterov=True)
  Optimizer:  sgd
  Weight dec: 0.0005 (on BN/bias=False)
  Backend:    mpi
  Algorithm:  recursive_doubling_zfp_naive
  ZFP rate:   16
  Epochs:     20
  Batch/rank: 4
  LR:         0.1
  Scheduler:  cosine
  Warmup:     0
  Grad clip:  None
  Drop last:  True
  Data dir:   ./data
================================================================================


================================================================================
DISTRIBUTED TRAINING LAUNCHER
================================================================================
  Model:      wide_resnet50_2 (CIFAR stem) (from scratch)
  Dataset:    cifar10 (10 classes)
  Image size: 32
  LR:         0.1
  Momentum:   0.9 (nesterov=True)
  Optimizer:  sgd
  Weight dec: 0.0005 (on BN/bias=False)
  Backend:    mpi
  Algorithm:  recursive_doubling_zfp_naive
  ZFP rate:   16
  Epochs:     20
  Batch/rank: 4
  LR:         0.1
  Scheduler:  cosine
  Warmup:     0
  Grad clip:  None
  Drop last:  True

================================================================================
DISTRIBUTED TRAINING LAUNCHER
================================================================================
  Model:      wide_resnet50_2 (CIFAR stem) (from scratch)
  Dataset:    cifar10 (10 classes)
  Image size: 32
  LR:         0.1
  Momentum:   0.9 (nesterov=True)
  Optimizer:  sgd
  Weight dec: 0.0005 (on BN/bias=False)
  Backend:    mpi
  Algorithm:  recursive_doubling_zfp_naive
  ZFP rate:   16
  Epochs:     20
  Batch/rank: 4
  LR:         0.1
  Scheduler:  cosine
  Warmup:     0
  Grad clip:  None
  Drop last:  True
  Data dir:   ./data
================================================================================

  Data dir:   ./data
================================================================================


================================================================================
DISTRIBUTED TRAINING LAUNCHER
================================================================================
  Model:      wide_resnet50_2 (CIFAR stem) (from scratch)
  Dataset:    cifar10 (10 classes)
  Image size: 32
  LR:         0.1
  Momentum:   0.9 (nesterov=True)
  Optimizer:  sgd
  Weight dec: 0.0005 (on BN/bias=False)
  Backend:    mpi
  Algorithm:  recursive_doubling_zfp_naive
  ZFP rate:   16
  Epochs:     20
  Batch/rank: 4
  LR:         0.1
  Scheduler:  cosine
  Warmup:     0
  Grad clip:  None
  Drop last:  True

================================================================================
DISTRIBUTED TRAINING LAUNCHER
================================================================================
  Model:      wide_resnet50_2 (CIFAR stem) (from scratch)
  Dataset:    cifar10 (10 classes)
  Image size: 32
  LR:         0.1
  Momentum:   0.9 (nesterov=True)
  Optimizer:  sgd
  Weight dec: 0.0005 (on BN/bias=False)
  Backend:    mpi
  Algorithm:  recursive_doubling_zfp_naive
  ZFP rate:   16
  Epochs:     20
  Batch/rank: 4
  LR:         0.1
  Scheduler:  cosine
  Warmup:     0
  Grad clip:  None
  Drop last:  True
  Data dir:   ./data
================================================================================


================================================================================
DISTRIBUTED TRAINING LAUNCHER
================================================================================
  Model:      wide_resnet50_2 (CIFAR stem) (from scratch)
  Dataset:    cifar10 (10 classes)
  Image size: 32
  LR:         0.1
  Momentum:   0.9 (nesterov=True)
  Optimizer:  sgd
  Weight dec: 0.0005 (on BN/bias=False)
  Backend:    mpi
  Algorithm:  recursive_doubling_zfp_naive
  ZFP rate:   16
  Epochs:     20
  Batch/rank: 4
  LR:         0.1
  Scheduler:  cosine
  Warmup:     0
  Grad clip:  None
  Drop last:  True
  Data dir:   ./data
================================================================================

  Data dir:   ./data
================================================================================


================================================================================
DISTRIBUTED TRAINING LAUNCHER
================================================================================
  Model:      wide_resnet50_2 (CIFAR stem) (from scratch)
  Dataset:    cifar10 (10 classes)
  Image size: 32
  LR:         0.1
  Momentum:   0.9 (nesterov=True)
  Optimizer:  sgd
  Weight dec: 0.0005 (on BN/bias=False)
  Backend:    mpi
  Algorithm:  recursive_doubling_zfp_naive
  ZFP rate:   16
  Epochs:     20
  Batch/rank: 4
  LR:         0.1
  Scheduler:  cosine
  Warmup:     0
  Grad clip:  None
  Drop last:  True
  Data dir:   ./data
================================================================================


================================================================================
DISTRIBUTED TRAINING LAUNCHER
================================================================================
  Model:      wide_resnet50_2 (CIFAR stem) (from scratch)
  Dataset:    cifar10 (10 classes)
  Image size: 32
  LR:         0.1
  Momentum:   0.9 (nesterov=True)
  Optimizer:  sgd
  Weight dec: 0.0005 (on BN/bias=False)
  Backend:    mpi
  Algorithm:  recursive_doubling_zfp_naive
  ZFP rate:   16
  Epochs:     20
  Batch/rank: 4
  LR:         0.1
  Scheduler:  cosine
  Warmup:     0
  Grad clip:  None
  Drop last:  True
  Data dir:   ./data
================================================================================


================================================================================
DISTRIBUTED TRAINING LAUNCHER
================================================================================
  Model:      wide_resnet50_2 (CIFAR stem) (from scratch)
  Dataset:    cifar10 (10 classes)
  Image size: 32
  LR:         0.1
  Momentum:   0.9 (nesterov=True)
  Optimizer:  sgd
  Weight dec: 0.0005 (on BN/bias=False)
  Backend:    mpi
  Algorithm:  recursive_doubling_zfp_naive
  ZFP rate:   16
  Epochs:     20
  Batch/rank: 4
  LR:         0.1
  Scheduler:  cosine
  Warmup:     0
  Grad clip:  None
  Drop last:  True
  Data dir:   ./data
================================================================================


================================================================================
DISTRIBUTED TRAINING LAUNCHER
================================================================================
  Model:      wide_resnet50_2 (CIFAR stem) (from scratch)
  Dataset:    cifar10 (10 classes)
  Image size: 32
  LR:         0.1
  Momentum:   0.9 (nesterov=True)

================================================================================
DISTRIBUTED TRAINING LAUNCHER
================================================================================
  Model:      wide_resnet50_2 (CIFAR stem) (from scratch)
  Dataset:    cifar10 (10 classes)
  Image size: 32
  LR:         0.1
  Momentum:   0.9 (nesterov=True)
  Optimizer:  sgd
  Weight dec: 0.0005 (on BN/bias=False)
  Backend:    mpi
  Algorithm:  recursive_doubling_zfp_naive
  ZFP rate:   16
  Epochs:     20
  Batch/rank: 4
  LR:         0.1
  Scheduler:  cosine
  Warmup:     0
  Grad clip:  None
  Drop last:  True
  Data dir:   ./data
================================================================================


================================================================================
DISTRIBUTED TRAINING LAUNCHER
================================================================================
  Model:      wide_resnet50_2 (CIFAR stem) (from scratch)
  Dataset:    cifar10 (10 classes)
  Image size: 32
  LR:         0.1
  Momentum:   0.9 (nesterov=True)
  Optimizer:  sgd
  Weight dec: 0.0005 (on BN/bias=False)
  Backend:    mpi
  Algorithm:  recursive_doubling_zfp_naive
  ZFP rate:   16
  Epochs:     20
  Batch/rank: 4
  LR:         0.1
  Scheduler:  cosine
  Warmup:     0
  Grad clip:  None
  Drop last:  True
  Data dir:   ./data
================================================================================

  Optimizer:  sgd
  Weight dec: 0.0005 (on BN/bias=False)
  Backend:    mpi
  Algorithm:  recursive_doubling_zfp_naive
  ZFP rate:   16
  Epochs:     20
  Batch/rank: 4
  LR:         0.1
  Scheduler:  cosine
  Warmup:     0
  Grad clip:  None
  Drop last:  True
  Data dir:   ./data

================================================================================
DISTRIBUTED TRAINING LAUNCHER
================================================================================
  Model:      wide_resnet50_2 (CIFAR stem) (from scratch)
  Dataset:    cifar10 (10 classes)
  Image size: 32
  LR:         0.1
  Momentum:   0.9 (nesterov=True)
  Optimizer:  sgd
  Weight dec: 0.0005 (on BN/bias=False)
  Backend:    mpi
  Algorithm:  recursive_doubling_zfp_naive
  ZFP rate:   16
  Epochs:     20
  Batch/rank: 4
  LR:         0.1
  Scheduler:  cosine
  Warmup:     0
  Grad clip:  None
  Drop last:  True
  Data dir:   ./data
================================================================================


================================================================================
DISTRIBUTED TRAINING LAUNCHER
================================================================================
  Model:      wide_resnet50_2 (CIFAR stem) (from scratch)
  Dataset:    cifar10 (10 classes)
  Image size: 32
  LR:         0.1
  Momentum:   0.9 (nesterov=True)
  Optimizer:  sgd
  Weight dec: 0.0005 (on BN/bias=False)
  Backend:    mpi
  Algorithm:  recursive_doubling_zfp_naive
  ZFP rate:   16
  Epochs:     20
  Batch/rank: 4
  LR:         0.1
  Scheduler:  cosine
  Warmup:     0
  Grad clip:  None
  Drop last:  True
  Data dir:   ./data
================================================================================

================================================================================


================================================================================
DISTRIBUTED TRAINING LAUNCHER
================================================================================
  Model:      wide_resnet50_2 (CIFAR stem) (from scratch)
  Dataset:    cifar10 (10 classes)
  Image size: 32
  LR:         0.1
  Momentum:   0.9 (nesterov=True)
  Optimizer:  sgd
  Weight dec: 0.0005 (on BN/bias=False)
  Backend:    mpi
  Algorithm:  recursive_doubling_zfp_naive
  ZFP rate:   16
  Epochs:     20
  Batch/rank: 4
  LR:         0.1
  Scheduler:  cosine
  Warmup:     0
  Grad clip:  None
  Drop last:  True
  Data dir:   ./data
================================================================================


================================================================================
DISTRIBUTED TRAINING LAUNCHER
================================================================================
  Model:      wide_resnet50_2 (CIFAR stem) (from scratch)
  Dataset:    cifar10 (10 classes)
  Image size: 32
  LR:         0.1
  Momentum:   0.9 (nesterov=True)
  Optimizer:  sgd
  Weight dec: 0.0005 (on BN/bias=False)
  Backend:    mpi
  Algorithm:  recursive_doubling_zfp_naive
  ZFP rate:   16
  Epochs:     20
  Batch/rank: 4
  LR:         0.1
  Scheduler:  cosine
  Warmup:     0
  Grad clip:  None
  Drop last:  True
  Data dir:   ./data
================================================================================


================================================================================
DISTRIBUTED TRAINING LAUNCHER
================================================================================
  Model:      wide_resnet50_2 (CIFAR stem) (from scratch)
  Dataset:    cifar10 (10 classes)
  Image size: 32
  LR:         0.1
  Momentum:   0.9 (nesterov=True)
  Optimizer:  sgd
  Weight dec: 0.0005 (on BN/bias=False)
  Backend:    mpi
  Algorithm:  recursive_doubling_zfp_naive
  ZFP rate:   16
  Epochs:     20
  Batch/rank: 4
  LR:         0.1
  Scheduler:  cosine
  Warmup:     0
  Grad clip:  None
  Drop last:  True
  Data dir:   ./data
================================================================================


================================================================================
DISTRIBUTED TRAINING LAUNCHER
================================================================================
  Model:      wide_resnet50_2 (CIFAR stem) (from scratch)
  Dataset:    cifar10 (10 classes)
  Image size: 32
  LR:         0.1
  Momentum:   0.9 (nesterov=True)
  Optimizer:  sgd
  Weight dec: 0.0005 (on BN/bias=False)
  Backend:    mpi
  Algorithm:  recursive_doubling_zfp_naive
  ZFP rate:   16
  Epochs:     20
  Batch/rank: 4
  LR:         0.1
  Scheduler:  cosine
  Warmup:     0
  Grad clip:  None
  Drop last:  True
  Data dir:   ./data
================================================================================


================================================================================
DISTRIBUTED TRAINING LAUNCHER
================================================================================
  Model:      wide_resnet50_2 (CIFAR stem) (from scratch)
  Dataset:    cifar10 (10 classes)
  Image size: 32
  LR:         0.1
  Momentum:   0.9 (nesterov=True)
  Optimizer:  sgd
  Weight dec: 0.0005 (on BN/bias=False)
  Backend:    mpi
  Algorithm:  recursive_doubling_zfp_naive
  ZFP rate:   16
  Epochs:     20
  Batch/rank: 4
  LR:         0.1
  Scheduler:  cosine
  Warmup:     0
  Grad clip:  None
  Drop last:  True
  Data dir:   ./data
================================================================================


================================================================================
DISTRIBUTED TRAINING LAUNCHER
================================================================================
  Model:      wide_resnet50_2 (CIFAR stem) (from scratch)
  Dataset:    cifar10 (10 classes)
  Image size: 32
  LR:         0.1
  Momentum:   0.9 (nesterov=True)
  Optimizer:  sgd
  Weight dec: 0.0005 (on BN/bias=False)
  Backend:    mpi
  Algorithm:  recursive_doubling_zfp_naive
  ZFP rate:   16
  Epochs:     20
  Batch/rank: 4
  LR:         0.1
  Scheduler:  cosine
  Warmup:     0
  Grad clip:  None
  Drop last:  True
  Data dir:   ./data
================================================================================


================================================================================
DISTRIBUTED TRAINING LAUNCHER
================================================================================
  Model:      wide_resnet50_2 (CIFAR stem) (from scratch)
  Dataset:    cifar10 (10 classes)
  Image size: 32
  LR:         0.1
  Momentum:   0.9 (nesterov=True)
  Optimizer:  sgd
  Weight dec: 0.0005 (on BN/bias=False)
  Backend:    mpi
  Algorithm:  recursive_doubling_zfp_naive
  ZFP rate:   16
  Epochs:     20
  Batch/rank: 4
  LR:         0.1
  Scheduler:  cosine
  Warmup:     0
  Grad clip:  None
  Drop last:  True
  Data dir:   ./data
================================================================================


================================================================================
Distributed Training: WIDE_RESNET50_2 on CIFAR10
Backend: MPI, Algorithm: recursive_doubling_zfp_naive
================================================================================
Ranks: 32, Epochs: 20, Batch/rank: 4, Effective batch: 128
LR: 0.1, Device: cuda:0

[Cache] Pretrained weights cache (TORCH_HOME) = /lustre/orion/gen243/proj-shared/matilderestelli/pretrained_weights_cache
[Setup] Model on cuda:0, wrapped in DDP (static_graph=True)
[Setup] Hook registered: mpi/recursive_doubling_zfp_naive
[Optim] SGD: lr=0.1 momentum=0.9 nesterov=True wd=0.0005 wd_on_bn_bias=False
[Optim]   group 0: 66,778,816 params, wd=0.0005
[Optim]   group 1: 68,234 params, wd=0.0
[Data] Train batches: 390, Val batches: 2500

[Sched] cosine: steps/epoch=390, total_steps=7800, warmup_steps=0 (0 epochs)


[Epoch 1] Training... (lr at epoch start=0.100000)
  Batch [50/390] Loss: 17.3876, Acc: 6.50%, lr: 0.099990
  Batch [100/390] Loss: 9.8465, Acc: 8.50%, lr: 0.099959
  Batch [150/390] Loss: 7.3219, Acc: 9.17%, lr: 0.099909
  Batch [200/390] Loss: 6.0583, Acc: 9.88%, lr: 0.099838
  Batch [250/390] Loss: 5.2904, Acc: 11.20%, lr: 0.099747
  Batch [300/390] Loss: 4.7772, Acc: 12.08%, lr: 0.099635
  Batch [350/390] Loss: 4.4125, Acc: 13.00%, lr: 0.099504
[Epoch 1] Train Loss: 4.1842, Acc: 13.08%  |  Val Loss: 2.2099, Acc: 18.90%  |  Time: 71.5s
[Epoch 1] t_iter median: 115.88 ms  (fwd 12.02 | bwd+comm 98.33 | opt 5.38 | data 0.07)  |  train-only epoch: 47.4s
  -> Best model saved (18.90%)
[Epoch 1] Summarizing hook timing...

[HOOK_TIMING_SUMMARY] epoch=1
[HOOK_WORK_SUMMARY] label=mpi:recursive_doubling_zfp_naive:rate16 calls=3113 work_total_ms=33715.294 work_mean_ms=10.830 work_min_ms=4.426 work_max_ms=96.432
[HOOK_TAIL_SUMMARY] label=mpi:recursive_doubling_zfp_naive:rate16 steps=391 tail_total_ms=28143.893 tail_mean_ms=71.979 tail_min_ms=14.209 tail_max_ms=109.287
[Epoch 1] Hook timing summary done

[Epoch 2] Training... (lr at epoch start=0.099384)
  Batch [50/390] Loss: 2.1464, Acc: 15.50%, lr: 0.099217
  Batch [100/390] Loss: 2.1146, Acc: 19.75%, lr: 0.099029
  Batch [150/390] Loss: 2.1298, Acc: 19.17%, lr: 0.098822
  Batch [200/390] Loss: 2.1338, Acc: 18.38%, lr: 0.098595
  Batch [250/390] Loss: 2.1228, Acc: 18.10%, lr: 0.098348
  Batch [300/390] Loss: 2.1308, Acc: 17.92%, lr: 0.098082
  Batch [350/390] Loss: 2.1154, Acc: 18.36%, lr: 0.097796
[Epoch 2] Train Loss: 2.1127, Acc: 18.91%  |  Val Loss: 2.0099, Acc: 24.93%  |  Time: 69.1s
[Epoch 2] t_iter median: 114.60 ms  (fwd 12.15 | bwd+comm 96.89 | opt 5.37 | data 0.07)  |  train-only epoch: 44.8s
  -> Best model saved (24.93%)
[Epoch 2] Summarizing hook timing...

[HOOK_TIMING_SUMMARY] epoch=2
[HOOK_WORK_SUMMARY] label=mpi:recursive_doubling_zfp_naive:rate16 calls=3120 work_total_ms=33228.198 work_mean_ms=10.650 work_min_ms=4.145 work_max_ms=21.834
[HOOK_TAIL_SUMMARY] label=mpi:recursive_doubling_zfp_naive:rate16 steps=390 tail_total_ms=27951.990 tail_mean_ms=71.672 tail_min_ms=54.430 tail_max_ms=126.801
[Epoch 2] Hook timing summary done

[Epoch 3] Training... (lr at epoch start=0.097553)
  Batch [50/390] Loss: 2.0232, Acc: 17.00%, lr: 0.097232
  Batch [100/390] Loss: 2.0853, Acc: 18.25%, lr: 0.096892
  Batch [150/390] Loss: 2.0747, Acc: 21.33%, lr: 0.096533
  Batch [200/390] Loss: 2.0570, Acc: 21.88%, lr: 0.096155
  Batch [250/390] Loss: 2.0307, Acc: 22.90%, lr: 0.095759
  Batch [300/390] Loss: 2.0188, Acc: 23.50%, lr: 0.095344
  Batch [350/390] Loss: 2.0159, Acc: 23.86%, lr: 0.094910
[Epoch 3] Train Loss: 2.0014, Acc: 24.42%  |  Val Loss: 1.8582, Acc: 32.12%  |  Time: 69.0s
[Epoch 3] t_iter median: 114.22 ms  (fwd 12.30 | bwd+comm 96.49 | opt 5.38 | data 0.07)  |  train-only epoch: 44.6s
  -> Best model saved (32.12%)
[Epoch 3] Summarizing hook timing...

[HOOK_TIMING_SUMMARY] epoch=3
[HOOK_WORK_SUMMARY] label=mpi:recursive_doubling_zfp_naive:rate16 calls=3120 work_total_ms=33022.166 work_mean_ms=10.584 work_min_ms=4.146 work_max_ms=21.318
[HOOK_TAIL_SUMMARY] label=mpi:recursive_doubling_zfp_naive:rate16 steps=390 tail_total_ms=27494.679 tail_mean_ms=70.499 tail_min_ms=58.923 tail_max_ms=87.442
[Epoch 3] Hook timing summary done

[Epoch 4] Training... (lr at epoch start=0.094550)
  Batch [50/390] Loss: 1.9494, Acc: 27.50%, lr: 0.094084
  Batch [100/390] Loss: 1.9494, Acc: 27.75%, lr: 0.093600
  Batch [150/390] Loss: 1.9184, Acc: 28.83%, lr: 0.093098
  Batch [200/390] Loss: 1.9254, Acc: 28.62%, lr: 0.092579
  Batch [250/390] Loss: 1.9282, Acc: 28.30%, lr: 0.092043
  Batch [300/390] Loss: 1.9000, Acc: 29.33%, lr: 0.091489
  Batch [350/390] Loss: 1.9039, Acc: 29.64%, lr: 0.090919
[Epoch 4] Train Loss: 1.8915, Acc: 30.06%  |  Val Loss: 1.7098, Acc: 37.65%  |  Time: 69.4s
[Epoch 4] t_iter median: 113.94 ms  (fwd 12.37 | bwd+comm 96.07 | opt 5.37 | data 0.07)  |  train-only epoch: 44.8s
  -> Best model saved (37.65%)
[Epoch 4] Summarizing hook timing...

[HOOK_TIMING_SUMMARY] epoch=4
[HOOK_WORK_SUMMARY] label=mpi:recursive_doubling_zfp_naive:rate16 calls=3120 work_total_ms=33217.393 work_mean_ms=10.647 work_min_ms=4.202 work_max_ms=50.649
[HOOK_TAIL_SUMMARY] label=mpi:recursive_doubling_zfp_naive:rate16 steps=390 tail_total_ms=27578.192 tail_mean_ms=70.713 tail_min_ms=58.560 tail_max_ms=157.300
[Epoch 4] Hook timing summary done

[Epoch 5] Training... (lr at epoch start=0.090451)
  Batch [50/390] Loss: 1.7465, Acc: 33.00%, lr: 0.089851
  Batch [100/390] Loss: 1.8120, Acc: 32.75%, lr: 0.089235
  Batch [150/390] Loss: 1.7865, Acc: 33.50%, lr: 0.088603
  Batch [200/390] Loss: 1.7790, Acc: 34.62%, lr: 0.087955
  Batch [250/390] Loss: 1.7957, Acc: 33.90%, lr: 0.087292
  Batch [300/390] Loss: 1.7816, Acc: 35.25%, lr: 0.086613
  Batch [350/390] Loss: 1.7713, Acc: 35.50%, lr: 0.085920
[Epoch 5] Train Loss: 1.7672, Acc: 35.77%  |  Val Loss: 1.7695, Acc: 40.16%  |  Time: 69.3s
[Epoch 5] t_iter median: 114.46 ms  (fwd 12.41 | bwd+comm 96.65 | opt 5.37 | data 0.07)  |  train-only epoch: 44.7s
  -> Best model saved (40.16%)
[Epoch 5] Summarizing hook timing...

[HOOK_TIMING_SUMMARY] epoch=5
[HOOK_WORK_SUMMARY] label=mpi:recursive_doubling_zfp_naive:rate16 calls=3120 work_total_ms=33090.880 work_mean_ms=10.606 work_min_ms=4.198 work_max_ms=23.076
[HOOK_TAIL_SUMMARY] label=mpi:recursive_doubling_zfp_naive:rate16 steps=390 tail_total_ms=27456.285 tail_mean_ms=70.401 tail_min_ms=54.758 tail_max_ms=85.813
[Epoch 5] Hook timing summary done

[Epoch 6] Training... (lr at epoch start=0.085355)
  Batch [50/390] Loss: 1.4766, Acc: 49.00%, lr: 0.084636
  Batch [100/390] Loss: 1.5583, Acc: 43.50%, lr: 0.083903
  Batch [150/390] Loss: 1.5964, Acc: 42.33%, lr: 0.083156
  Batch [200/390] Loss: 1.5782, Acc: 42.62%, lr: 0.082396
  Batch [250/390] Loss: 1.5698, Acc: 42.50%, lr: 0.081622
  Batch [300/390] Loss: 1.5539, Acc: 42.42%, lr: 0.080836
  Batch [350/390] Loss: 1.5681, Acc: 42.79%, lr: 0.080037
[Epoch 6] Train Loss: 1.5547, Acc: 43.65%  |  Val Loss: 1.9251, Acc: 43.20%  |  Time: 69.5s
[Epoch 6] t_iter median: 114.65 ms  (fwd 12.44 | bwd+comm 96.69 | opt 5.37 | data 0.08)  |  train-only epoch: 44.8s
  -> Best model saved (43.20%)
[Epoch 6] Summarizing hook timing...

[HOOK_TIMING_SUMMARY] epoch=6
[HOOK_WORK_SUMMARY] label=mpi:recursive_doubling_zfp_naive:rate16 calls=3120 work_total_ms=33208.200 work_mean_ms=10.644 work_min_ms=4.314 work_max_ms=22.728
[HOOK_TAIL_SUMMARY] label=mpi:recursive_doubling_zfp_naive:rate16 steps=390 tail_total_ms=27415.889 tail_mean_ms=70.297 tail_min_ms=59.533 tail_max_ms=87.533
[Epoch 6] Hook timing summary done

[Epoch 7] Training... (lr at epoch start=0.079389)
  Batch [50/390] Loss: 1.5513, Acc: 45.50%, lr: 0.078569
  Batch [100/390] Loss: 1.5648, Acc: 43.50%, lr: 0.077737
  Batch [150/390] Loss: 1.5208, Acc: 43.67%, lr: 0.076893
  Batch [200/390] Loss: 1.4746, Acc: 45.62%, lr: 0.076039
  Batch [250/390] Loss: 1.4770, Acc: 45.60%, lr: 0.075174
  Batch [300/390] Loss: 1.4576, Acc: 46.25%, lr: 0.074299
  Batch [350/390] Loss: 1.4319, Acc: 47.21%, lr: 0.073414
[Epoch 7] Train Loss: 1.4119, Acc: 48.21%  |  Val Loss: 1.3851, Acc: 52.25%  |  Time: 69.7s
[Epoch 7] t_iter median: 114.83 ms  (fwd 12.47 | bwd+comm 96.79 | opt 5.38 | data 0.07)  |  train-only epoch: 44.9s
  -> Best model saved (52.25%)
[Epoch 7] Summarizing hook timing...

[HOOK_TIMING_SUMMARY] epoch=7
[HOOK_WORK_SUMMARY] label=mpi:recursive_doubling_zfp_naive:rate16 calls=3120 work_total_ms=33316.283 work_mean_ms=10.678 work_min_ms=4.386 work_max_ms=36.544
[HOOK_TAIL_SUMMARY] label=mpi:recursive_doubling_zfp_naive:rate16 steps=390 tail_total_ms=27542.925 tail_mean_ms=70.623 tail_min_ms=57.968 tail_max_ms=97.285
[Epoch 7] Hook timing summary done

[Epoch 8] Training... (lr at epoch start=0.072700)
  Batch [50/390] Loss: 1.4076, Acc: 49.50%, lr: 0.071798
  Batch [100/390] Loss: 1.3087, Acc: 53.25%, lr: 0.070887
  Batch [150/390] Loss: 1.2454, Acc: 55.50%, lr: 0.069968
  Batch [200/390] Loss: 1.2581, Acc: 54.88%, lr: 0.069041
  Batch [250/390] Loss: 1.2125, Acc: 56.80%, lr: 0.068106
  Batch [300/390] Loss: 1.2179, Acc: 56.92%, lr: 0.067164
  Batch [350/390] Loss: 1.2012, Acc: 57.71%, lr: 0.066215
[Epoch 8] Train Loss: 1.1949, Acc: 57.69%  |  Val Loss: 1.0789, Acc: 62.03%  |  Time: 70.3s
[Epoch 8] t_iter median: 114.79 ms  (fwd 12.50 | bwd+comm 96.86 | opt 5.38 | data 0.07)  |  train-only epoch: 45.5s
  -> Best model saved (62.03%)
[Epoch 8] Summarizing hook timing...

[HOOK_TIMING_SUMMARY] epoch=8
[HOOK_WORK_SUMMARY] label=mpi:recursive_doubling_zfp_naive:rate16 calls=3120 work_total_ms=33876.086 work_mean_ms=10.858 work_min_ms=4.313 work_max_ms=72.017
[HOOK_TAIL_SUMMARY] label=mpi:recursive_doubling_zfp_naive:rate16 steps=390 tail_total_ms=27838.949 tail_mean_ms=71.382 tail_min_ms=59.320 tail_max_ms=222.672
[Epoch 8] Hook timing summary done

[Epoch 9] Training... (lr at epoch start=0.065451)
  Batch [50/390] Loss: 1.1632, Acc: 62.00%, lr: 0.064490
  Batch [100/390] Loss: 1.1466, Acc: 61.50%, lr: 0.063524
  Batch [150/390] Loss: 1.1452, Acc: 62.17%, lr: 0.062551
  Batch [200/390] Loss: 1.0947, Acc: 63.62%, lr: 0.061574
  Batch [250/390] Loss: 1.0744, Acc: 63.80%, lr: 0.060592
  Batch [300/390] Loss: 1.0392, Acc: 64.33%, lr: 0.059606
  Batch [350/390] Loss: 1.0276, Acc: 64.57%, lr: 0.058616
[Epoch 9] Train Loss: 1.0158, Acc: 64.81%  |  Val Loss: 0.9503, Acc: 67.83%  |  Time: 69.9s
[Epoch 9] t_iter median: 115.14 ms  (fwd 12.51 | bwd+comm 97.13 | opt 5.37 | data 0.07)  |  train-only epoch: 45.0s
  -> Best model saved (67.83%)
[Epoch 9] Summarizing hook timing...

[HOOK_TIMING_SUMMARY] epoch=9
[HOOK_WORK_SUMMARY] label=mpi:recursive_doubling_zfp_naive:rate16 calls=3120 work_total_ms=33376.087 work_mean_ms=10.697 work_min_ms=4.467 work_max_ms=22.269
[HOOK_TAIL_SUMMARY] label=mpi:recursive_doubling_zfp_naive:rate16 steps=390 tail_total_ms=27501.964 tail_mean_ms=70.518 tail_min_ms=53.470 tail_max_ms=88.174
[Epoch 9] Hook timing summary done

[Epoch 10] Training... (lr at epoch start=0.057822)
  Batch [50/390] Loss: 0.9572, Acc: 62.50%, lr: 0.056826
  Batch [100/390] Loss: 1.0042, Acc: 62.75%, lr: 0.055827
  Batch [150/390] Loss: 0.8906, Acc: 67.17%, lr: 0.054826
  Batch [200/390] Loss: 0.8668, Acc: 68.12%, lr: 0.053823
  Batch [250/390] Loss: 0.8714, Acc: 68.40%, lr: 0.052818
  Batch [300/390] Loss: 0.8719, Acc: 68.67%, lr: 0.051812
  Batch [350/390] Loss: 0.8750, Acc: 69.00%, lr: 0.050806
[Epoch 10] Train Loss: 0.8779, Acc: 69.17%  |  Val Loss: 0.7944, Acc: 73.26%  |  Time: 70.0s
[Epoch 10] t_iter median: 115.24 ms  (fwd 12.51 | bwd+comm 97.20 | opt 5.38 | data 0.08)  |  train-only epoch: 45.1s
  -> Best model saved (73.26%)
[Epoch 10] Summarizing hook timing...

[HOOK_TIMING_SUMMARY] epoch=10
[HOOK_WORK_SUMMARY] label=mpi:recursive_doubling_zfp_naive:rate16 calls=3120 work_total_ms=33429.194 work_mean_ms=10.714 work_min_ms=4.389 work_max_ms=21.549
[HOOK_TAIL_SUMMARY] label=mpi:recursive_doubling_zfp_naive:rate16 steps=390 tail_total_ms=27590.432 tail_mean_ms=70.745 tail_min_ms=55.539 tail_max_ms=87.825
[Epoch 10] Hook timing summary done

[Epoch 11] Training... (lr at epoch start=0.050000)
  Batch [50/390] Loss: 0.7382, Acc: 74.00%, lr: 0.048993
  Batch [100/390] Loss: 0.7611, Acc: 73.50%, lr: 0.047987
  Batch [150/390] Loss: 0.7915, Acc: 72.17%, lr: 0.046981
  Batch [200/390] Loss: 0.7955, Acc: 71.88%, lr: 0.045977
  Batch [250/390] Loss: 0.7893, Acc: 71.70%, lr: 0.044974
  Batch [300/390] Loss: 0.7813, Acc: 72.33%, lr: 0.043973
  Batch [350/390] Loss: 0.7607, Acc: 72.93%, lr: 0.042975
[Epoch 11] Train Loss: 0.7683, Acc: 72.82%  |  Val Loss: 0.6611, Acc: 77.11%  |  Time: 70.0s
[Epoch 11] t_iter median: 114.99 ms  (fwd 12.53 | bwd+comm 96.95 | opt 5.38 | data 0.08)  |  train-only epoch: 45.0s
  -> Best model saved (77.11%)
[Epoch 11] Summarizing hook timing...

[HOOK_TIMING_SUMMARY] epoch=11
[HOOK_WORK_SUMMARY] label=mpi:recursive_doubling_zfp_naive:rate16 calls=3120 work_total_ms=33331.429 work_mean_ms=10.683 work_min_ms=4.513 work_max_ms=22.695
[HOOK_TAIL_SUMMARY] label=mpi:recursive_doubling_zfp_naive:rate16 steps=390 tail_total_ms=27500.944 tail_mean_ms=70.515 tail_min_ms=58.601 tail_max_ms=86.426
[Epoch 11] Hook timing summary done

[Epoch 12] Training... (lr at epoch start=0.042178)
  Batch [50/390] Loss: 0.6210, Acc: 78.00%, lr: 0.041185
  Batch [100/390] Loss: 0.6388, Acc: 78.25%, lr: 0.040196
  Batch [150/390] Loss: 0.7449, Acc: 74.17%, lr: 0.039211
  Batch [200/390] Loss: 0.7205, Acc: 75.12%, lr: 0.038230
  Batch [250/390] Loss: 0.6987, Acc: 75.70%, lr: 0.037254
  Batch [300/390] Loss: 0.6710, Acc: 76.83%, lr: 0.036283
  Batch [350/390] Loss: 0.6510, Acc: 77.64%, lr: 0.035317
[Epoch 12] Train Loss: 0.6421, Acc: 78.21%  |  Val Loss: 0.6570, Acc: 78.41%  |  Time: 70.2s
[Epoch 12] t_iter median: 115.46 ms  (fwd 12.56 | bwd+comm 97.40 | opt 5.38 | data 0.07)  |  train-only epoch: 45.2s
  -> Best model saved (78.41%)
[Epoch 12] Summarizing hook timing...

[HOOK_TIMING_SUMMARY] epoch=12
[HOOK_WORK_SUMMARY] label=mpi:recursive_doubling_zfp_naive:rate16 calls=3120 work_total_ms=33534.605 work_mean_ms=10.748 work_min_ms=4.528 work_max_ms=22.380
[HOOK_TAIL_SUMMARY] label=mpi:recursive_doubling_zfp_naive:rate16 steps=390 tail_total_ms=27707.032 tail_mean_ms=71.044 tail_min_ms=54.087 tail_max_ms=89.078
[Epoch 12] Hook timing summary done

[Epoch 13] Training... (lr at epoch start=0.034549)
  Batch [50/390] Loss: 0.5372, Acc: 81.50%, lr: 0.033595
  Batch [100/390] Loss: 0.5812, Acc: 79.50%, lr: 0.032647
  Batch [150/390] Loss: 0.5887, Acc: 79.50%, lr: 0.031706
  Batch [200/390] Loss: 0.5673, Acc: 80.25%, lr: 0.030773
  Batch [250/390] Loss: 0.5640, Acc: 80.50%, lr: 0.029847
  Batch [300/390] Loss: 0.5586, Acc: 80.50%, lr: 0.028930
  Batch [350/390] Loss: 0.5567, Acc: 80.21%, lr: 0.028021
[Epoch 13] Train Loss: 0.5432, Acc: 80.83%  |  Val Loss: 0.5472, Acc: 81.11%  |  Time: 70.4s
[Epoch 13] t_iter median: 115.64 ms  (fwd 12.58 | bwd+comm 97.52 | opt 5.38 | data 0.08)  |  train-only epoch: 45.3s
  -> Best model saved (81.11%)
[Epoch 13] Summarizing hook timing...

[HOOK_TIMING_SUMMARY] epoch=13
[HOOK_WORK_SUMMARY] label=mpi:recursive_doubling_zfp_naive:rate16 calls=3120 work_total_ms=33544.441 work_mean_ms=10.751 work_min_ms=4.530 work_max_ms=23.431
[HOOK_TAIL_SUMMARY] label=mpi:recursive_doubling_zfp_naive:rate16 steps=390 tail_total_ms=28526.563 tail_mean_ms=73.145 tail_min_ms=58.533 tail_max_ms=89.377
[Epoch 13] Hook timing summary done

[Epoch 14] Training... (lr at epoch start=0.027300)
  Batch [50/390] Loss: 0.4977, Acc: 80.00%, lr: 0.026408
  Batch [100/390] Loss: 0.5395, Acc: 80.75%, lr: 0.025525
  Batch [150/390] Loss: 0.5216, Acc: 81.83%, lr: 0.024652
  Batch [200/390] Loss: 0.5287, Acc: 82.38%, lr: 0.023789
  Batch [250/390] Loss: 0.5390, Acc: 81.70%, lr: 0.022937
  Batch [300/390] Loss: 0.5423, Acc: 81.50%, lr: 0.022096
  Batch [350/390] Loss: 0.5365, Acc: 81.93%, lr: 0.021266
[Epoch 14] Train Loss: 0.5370, Acc: 81.92%  |  Val Loss: 0.5036, Acc: 83.07%  |  Time: 70.4s
[Epoch 14] t_iter median: 115.24 ms  (fwd 12.55 | bwd+comm 97.11 | opt 5.37 | data 0.08)  |  train-only epoch: 45.2s
  -> Best model saved (83.07%)
[Epoch 14] Summarizing hook timing...

[HOOK_TIMING_SUMMARY] epoch=14
[HOOK_WORK_SUMMARY] label=mpi:recursive_doubling_zfp_naive:rate16 calls=3120 work_total_ms=33412.429 work_mean_ms=10.709 work_min_ms=4.528 work_max_ms=64.177
[HOOK_TAIL_SUMMARY] label=mpi:recursive_doubling_zfp_naive:rate16 steps=390 tail_total_ms=28362.302 tail_mean_ms=72.724 tail_min_ms=52.160 tail_max_ms=135.952
[Epoch 14] Hook timing summary done

[Epoch 15] Training... (lr at epoch start=0.020611)
  Batch [50/390] Loss: 0.5157, Acc: 80.00%, lr: 0.019802
  Batch [100/390] Loss: 0.5462, Acc: 80.50%, lr: 0.019006
  Batch [150/390] Loss: 0.5434, Acc: 80.50%, lr: 0.018222
  Batch [200/390] Loss: 0.5330, Acc: 81.75%, lr: 0.017451
  Batch [250/390] Loss: 0.5185, Acc: 82.90%, lr: 0.016693
  Batch [300/390] Loss: 0.5067, Acc: 83.58%, lr: 0.015949
  Batch [350/390] Loss: 0.5076, Acc: 83.21%, lr: 0.015219
[Epoch 15] Train Loss: 0.5063, Acc: 83.21%  |  Val Loss: 0.4926, Acc: 83.71%  |  Time: 70.6s
[Epoch 15] t_iter median: 115.81 ms  (fwd 12.61 | bwd+comm 97.65 | opt 5.38 | data 0.08)  |  train-only epoch: 45.3s
  -> Best model saved (83.71%)
[Epoch 15] Summarizing hook timing...

[HOOK_TIMING_SUMMARY] epoch=15
[HOOK_WORK_SUMMARY] label=mpi:recursive_doubling_zfp_naive:rate16 calls=3120 work_total_ms=33622.919 work_mean_ms=10.777 work_min_ms=4.472 work_max_ms=22.764
[HOOK_TAIL_SUMMARY] label=mpi:recursive_doubling_zfp_naive:rate16 steps=390 tail_total_ms=28485.942 tail_mean_ms=73.041 tail_min_ms=59.965 tail_max_ms=89.016
[Epoch 15] Hook timing summary done

[Epoch 16] Training... (lr at epoch start=0.014645)
  Batch [50/390] Loss: 0.3733, Acc: 88.50%, lr: 0.013940
  Batch [100/390] Loss: 0.3906, Acc: 87.00%, lr: 0.013250
  Batch [150/390] Loss: 0.3992, Acc: 86.33%, lr: 0.012574
  Batch [200/390] Loss: 0.4094, Acc: 85.62%, lr: 0.011914
  Batch [250/390] Loss: 0.4189, Acc: 84.90%, lr: 0.011270
  Batch [300/390] Loss: 0.4063, Acc: 85.00%, lr: 0.010641
  Batch [350/390] Loss: 0.3909, Acc: 85.71%, lr: 0.010028
[Epoch 16] Train Loss: 0.3904, Acc: 86.03%  |  Val Loss: 0.4511, Acc: 84.93%  |  Time: 72.0s
[Epoch 16] t_iter median: 115.75 ms  (fwd 12.63 | bwd+comm 97.67 | opt 5.38 | data 0.08)  |  train-only epoch: 46.7s
  -> Best model saved (84.93%)
[Epoch 16] Summarizing hook timing...

[HOOK_TIMING_SUMMARY] epoch=16
[HOOK_WORK_SUMMARY] label=mpi:recursive_doubling_zfp_naive:rate16 calls=3120 work_total_ms=34901.155 work_mean_ms=11.186 work_min_ms=4.433 work_max_ms=72.244
[HOOK_TAIL_SUMMARY] label=mpi:recursive_doubling_zfp_naive:rate16 steps=390 tail_total_ms=29943.246 tail_mean_ms=76.778 tail_min_ms=56.052 tail_max_ms=311.852
[Epoch 16] Hook timing summary done

[Epoch 17] Training... (lr at epoch start=0.009549)
  Batch [50/390] Loss: 0.4483, Acc: 83.00%, lr: 0.008966
  Batch [100/390] Loss: 0.4056, Acc: 84.25%, lr: 0.008399
  Batch [150/390] Loss: 0.4156, Acc: 83.83%, lr: 0.007848
  Batch [200/390] Loss: 0.3890, Acc: 84.88%, lr: 0.007315
  Batch [250/390] Loss: 0.3859, Acc: 85.90%, lr: 0.006800
  Batch [300/390] Loss: 0.3792, Acc: 85.75%, lr: 0.006302
  Batch [350/390] Loss: 0.3764, Acc: 86.29%, lr: 0.005821
[Epoch 17] Train Loss: 0.3746, Acc: 86.22%  |  Val Loss: 0.4112, Acc: 86.28%  |  Time: 70.7s
[Epoch 17] t_iter median: 115.63 ms  (fwd 12.63 | bwd+comm 97.46 | opt 5.38 | data 0.08)  |  train-only epoch: 45.3s
  -> Best model saved (86.28%)
[Epoch 17] Summarizing hook timing...

[HOOK_TIMING_SUMMARY] epoch=17
[HOOK_WORK_SUMMARY] label=mpi:recursive_doubling_zfp_naive:rate16 calls=3120 work_total_ms=33601.729 work_mean_ms=10.770 work_min_ms=4.567 work_max_ms=94.101
[HOOK_TAIL_SUMMARY] label=mpi:recursive_doubling_zfp_naive:rate16 steps=390 tail_total_ms=28453.407 tail_mean_ms=72.957 tail_min_ms=59.350 tail_max_ms=166.854
[Epoch 17] Hook timing summary done

[Epoch 18] Training... (lr at epoch start=0.005450)
  Batch [50/390] Loss: 0.3898, Acc: 84.50%, lr: 0.005002
  Batch [100/390] Loss: 0.3506, Acc: 87.50%, lr: 0.004572
  Batch [150/390] Loss: 0.3855, Acc: 86.00%, lr: 0.004160
  Batch [200/390] Loss: 0.3761, Acc: 87.50%, lr: 0.003768
  Batch [250/390] Loss: 0.3727, Acc: 87.40%, lr: 0.003394
  Batch [300/390] Loss: 0.3543, Acc: 88.17%, lr: 0.003038
  Batch [350/390] Loss: 0.3440, Acc: 88.43%, lr: 0.002702
[Epoch 18] Train Loss: 0.3520, Acc: 88.01%  |  Val Loss: 0.3951, Acc: 86.76%  |  Time: 70.7s
[Epoch 18] t_iter median: 115.84 ms  (fwd 12.63 | bwd+comm 97.69 | opt 5.38 | data 0.08)  |  train-only epoch: 45.3s
  -> Best model saved (86.76%)
[Epoch 18] Summarizing hook timing...

[HOOK_TIMING_SUMMARY] epoch=18
[HOOK_WORK_SUMMARY] label=mpi:recursive_doubling_zfp_naive:rate16 calls=3120 work_total_ms=33591.827 work_mean_ms=10.767 work_min_ms=4.491 work_max_ms=22.793
[HOOK_TAIL_SUMMARY] label=mpi:recursive_doubling_zfp_naive:rate16 steps=390 tail_total_ms=28476.976 tail_mean_ms=73.018 tail_min_ms=61.104 tail_max_ms=88.271
[Epoch 18] Hook timing summary done

[Epoch 19] Training... (lr at epoch start=0.002447)
  Batch [50/390] Loss: 0.2468, Acc: 89.50%, lr: 0.002146
  Batch [100/390] Loss: 0.2717, Acc: 89.50%, lr: 0.001864
  Batch [150/390] Loss: 0.2846, Acc: 89.17%, lr: 0.001601
  Batch [200/390] Loss: 0.2806, Acc: 89.88%, lr: 0.001358
  Batch [250/390] Loss: 0.2923, Acc: 89.30%, lr: 0.001135
  Batch [300/390] Loss: 0.3160, Acc: 88.83%, lr: 0.000931
  Batch [350/390] Loss: 0.3088, Acc: 89.29%, lr: 0.000748
[Epoch 19] Train Loss: 0.3157, Acc: 89.04%  |  Val Loss: 0.3692, Acc: 87.43%  |  Time: 70.8s
[Epoch 19] t_iter median: 115.70 ms  (fwd 12.66 | bwd+comm 97.53 | opt 5.38 | data 0.08)  |  train-only epoch: 45.3s
  -> Best model saved (87.43%)
[Epoch 19] Summarizing hook timing...

[HOOK_TIMING_SUMMARY] epoch=19
[HOOK_WORK_SUMMARY] label=mpi:recursive_doubling_zfp_naive:rate16 calls=3120 work_total_ms=33561.308 work_mean_ms=10.757 work_min_ms=4.491 work_max_ms=21.980
[HOOK_TAIL_SUMMARY] label=mpi:recursive_doubling_zfp_naive:rate16 steps=390 tail_total_ms=28386.488 tail_mean_ms=72.786 tail_min_ms=60.744 tail_max_ms=90.558
[Epoch 19] Hook timing summary done

[Epoch 20] Training... (lr at epoch start=0.000616)
  Batch [50/390] Loss: 0.2518, Acc: 92.00%, lr: 0.000468
  Batch [100/390] Loss: 0.2794, Acc: 91.00%, lr: 0.000341
  Batch [150/390] Loss: 0.2690, Acc: 91.17%, lr: 0.000233
  Batch [200/390] Loss: 0.2627, Acc: 91.25%, lr: 0.000146
  Batch [250/390] Loss: 0.2648, Acc: 91.20%, lr: 0.000079
  Batch [300/390] Loss: 0.2616, Acc: 91.42%, lr: 0.000033
  Batch [350/390] Loss: 0.2609, Acc: 91.50%, lr: 0.000006
[Epoch 20] Train Loss: 0.2631, Acc: 91.22%  |  Val Loss: 0.3663, Acc: 87.70%  |  Time: 70.9s
[Epoch 20] t_iter median: 115.80 ms  (fwd 12.66 | bwd+comm 97.60 | opt 5.38 | data 0.08)  |  train-only epoch: 45.3s
  -> Best model saved (87.70%)
[Epoch 20] Summarizing hook timing...

[HOOK_TIMING_SUMMARY] epoch=20
[HOOK_WORK_SUMMARY] label=mpi:recursive_doubling_zfp_naive:rate16 calls=3120 work_total_ms=33583.189 work_mean_ms=10.764 work_min_ms=4.558 work_max_ms=23.253
[HOOK_TAIL_SUMMARY] label=mpi:recursive_doubling_zfp_naive:rate16 steps=390 tail_total_ms=28321.439 tail_mean_ms=72.619 tail_min_ms=59.402 tail_max_ms=88.382
[Epoch 20] Hook timing summary done

================================================================================
Done in 1431.5s | Best val acc: 87.70%
Epoch times (train+val): mean=70.2s  min=69.0s  max=72.0s
Train-only epoch time (epochs 2..N): median=45.19s  min=44.63s  max=46.68s
  -> use this for STRONG scaling (fixed global batch)
  -> use t_iter_median_ms from the CSV for WEAK scaling (fixed local batch)
================================================================================
=== Finished training: model=wide_resnet50_2, dataset=cifar10, batch=4, lr=0.1, scheduler=cosine, backend=mpi, hook=recursive_doubling_zfp_naive, zfp_rate=16, status=0 at Mon Jul 20 02:26:21 PM EDT 2026 ===
=== Starting: model=wide_resnet50_2, ws=32, bs=4, gb=128, lr=0.1, sched=cosine, warmup=0, mom=0.9, wd=5e-4, nesterov=true, wd_bn_bias=false, backend=mpi, hook=recursive_doubling_zfp_online_coll, zfp=16 at Mon Jul 20 02:26:21 PM EDT 2026 ===
MIOPEN_USER_DB_PATH=/mnt/bb/matilderestelli/miopen_cache_5035615/miopen_db
MIOPEN_CUSTOM_CACHE_DIR=/mnt/bb/matilderestelli/miopen_cache_5035615/kernel_cache
drwxr-sr-x 2 matilderestelli gen243 103 Jul 20 10:26 /mnt/bb/matilderestelli/miopen_cache_5035615/miopen_db
==== GPU visibility debug (batch shell) ====
frontier10349
ROCR_VISIBLE_DEVICES=0,1,2,3,4,5,6,7
SLURM_JOB_GPUS=0,1,2,3,4,5,6,7
[37mROCk module version 6.16.13 is loaded[0m
=====================    
HSA System Attributes    
=====================    
Runtime Version:         1.18
Runtime Ext Version:     1.14
System Timestamp Freq.:  1000.000000MHz
Sig. Max Wait Duration:  18446744073709551615 (0xFFFFFFFFFFFFFFFF) (timestamp count)
Machine Model:           LARGE                              
System Endianness:       LITTLE                             
Mwaitx:                  DISABLED
XNACK enabled:           NO
DMAbuf Support:          YES
VMM Support:             YES

==========               
HSA Agents               
==========               
*******                  
Agent 1                  
*******                  
  Name:                    AMD EPYC 7A53 64-Core Processor    
  Uuid:                    CPU-XX                             
  Marketing Name:          AMD EPYC 7A53 64-Core Processor    
  Vendor Name:             CPU                                
  Feature:                 None specified                     
  Profile:                 FULL_PROFILE                       
  Float Round Mode:        NEAR                               
  Max Queue Number:        0(0x0)                             
  Queue Min Size:          0(0x0)                             

================================================================================
DISTRIBUTED TRAINING LAUNCHER
================================================================================
  Model:      wide_resnet50_2 (CIFAR stem) (from scratch)
  Dataset:    cifar10 (10 classes)
  Image size: 32
  LR:         0.1
  Momentum:   0.9 (nesterov=True)
  Optimizer:  sgd
  Weight dec: 0.0005 (on BN/bias=False)
  Backend:    mpi
  Algorithm:  recursive_doubling_zfp_online_coll
  ZFP rate:   16
  Epochs:     20
  Batch/rank: 4
  LR:         0.1
  Scheduler:  cosine
  Warmup:     0
  Grad clip:  None
  Drop last:  True
  Data dir:   ./data
================================================================================


================================================================================
DISTRIBUTED TRAINING LAUNCHER
================================================================================
  Model:      wide_resnet50_2 (CIFAR stem) (from scratch)
  Dataset:    cifar10 (10 classes)
  Image size: 32
  LR:         0.1
  Momentum:   0.9 (nesterov=True)
  Optimizer:  sgd
  Weight dec: 0.0005 (on BN/bias=False)
  Backend:    mpi
  Algorithm:  recursive_doubling_zfp_online_coll
  ZFP rate:   16
  Epochs:     20
  Batch/rank: 4
  LR:         0.1
  Scheduler:  cosine
  Warmup:     0
  Grad clip:  None
  Drop last:  True
  Data dir:   ./data
================================================================================


================================================================================
DISTRIBUTED TRAINING LAUNCHER
================================================================================
  Model:      wide_resnet50_2 (CIFAR stem) (from scratch)
  Dataset:    cifar10 (10 classes)
  Image size: 32
  LR:         0.1
  Momentum:   0.9 (nesterov=True)
  Optimizer:  sgd
  Weight dec: 0.0005 (on BN/bias=False)
  Backend:    mpi
  Algorithm:  recursive_doubling_zfp_online_coll
  ZFP rate:   16
  Epochs:     20
  Batch/rank: 4
  LR:         0.1
  Scheduler:  cosine
  Warmup:     0
  Grad clip:  None

================================================================================
DISTRIBUTED TRAINING LAUNCHER
================================================================================
  Model:      wide_resnet50_2 (CIFAR stem) (from scratch)
  Dataset:    cifar10 (10 classes)
  Image size: 32
  LR:         0.1
  Momentum:   0.9 (nesterov=True)
  Optimizer:  sgd
  Weight dec: 0.0005 (on BN/bias=False)
  Backend:    mpi
  Algorithm:  recursive_doubling_zfp_online_coll
  ZFP rate:   16
  Epochs:     20
  Batch/rank: 4
  LR:         0.1
  Scheduler:  cosine
  Warmup:     0
  Grad clip:  None
  Drop last:  True
  Data dir:   ./data
================================================================================

  Drop last:  True
  Data dir:   ./data
================================================================================


================================================================================
DISTRIBUTED TRAINING LAUNCHER
================================================================================
  Model:      wide_resnet50_2 (CIFAR stem) (from scratch)
  Dataset:    cifar10 (10 classes)
  Image size: 32
  LR:         0.1
  Momentum:   0.9 (nesterov=True)
  Optimizer:  sgd
  Weight dec: 0.0005 (on BN/bias=False)
  Backend:    mpi
  Algorithm:  recursive_doubling_zfp_online_coll
  ZFP rate:   16
  Epochs:     20
  Batch/rank: 4
  LR:         0.1
  Scheduler:  cosine
  Warmup:     0
  Grad clip:  None
  Drop last:  True
  Data dir:   ./data
================================================================================


================================================================================
DISTRIBUTED TRAINING LAUNCHER
================================================================================
  Model:      wide_resnet50_2 (CIFAR stem) (from scratch)
  Dataset:    cifar10 (10 classes)
  Image size: 32
  LR:         0.1
  Momentum:   0.9 (nesterov=True)
  Optimizer:  sgd
  Weight dec: 0.0005 (on BN/bias=False)
  Backend:    mpi
  Algorithm:  recursive_doubling_zfp_online_coll
  ZFP rate:   16
  Epochs:     20
  Batch/rank: 4
  LR:         0.1
  Scheduler:  cosine
  Warmup:     0
  Grad clip:  None
  Drop last:  True
  Data dir:   ./data
================================================================================


================================================================================
DISTRIBUTED TRAINING LAUNCHER
================================================================================
  Model:      wide_resnet50_2 (CIFAR stem) (from scratch)
  Dataset:    cifar10 (10 classes)
  Image size: 32
  LR:         0.1
  Momentum:   0.9 (nesterov=True)
  Optimizer:  sgd
  Weight dec: 0.0005 (on BN/bias=False)
  Backend:    mpi
  Algorithm:  recursive_doubling_zfp_online_coll
  ZFP rate:   16
  Epochs:     20
  Batch/rank: 4
  LR:         0.1
  Scheduler:  cosine
  Warmup:     0
  Grad clip:  None
  Drop last:  True
  Data dir:   ./data
================================================================================


================================================================================
DISTRIBUTED TRAINING LAUNCHER
================================================================================
  Model:      wide_resnet50_2 (CIFAR stem) (from scratch)
  Dataset:    cifar10 (10 classes)
  Image size: 32
  LR:         0.1
  Momentum:   0.9 (nesterov=True)
  Optimizer:  sgd
  Weight dec: 0.0005 (on BN/bias=False)
  Backend:    mpi
  Algorithm:  recursive_doubling_zfp_online_coll
  ZFP rate:   16
  Epochs:     20
  Batch/rank: 4
  LR:         0.1
  Scheduler:  cosine
  Warmup:     0
  Grad clip:  None
  Drop last:  True
  Data dir:   ./data
================================================================================


================================================================================
DISTRIBUTED TRAINING LAUNCHER
================================================================================
  Model:      wide_resnet50_2 (CIFAR stem) (from scratch)
  Dataset:    cifar10 (10 classes)
  Image size: 32
  LR:         0.1
  Momentum:   0.9 (nesterov=True)
  Optimizer:  sgd
  Weight dec: 0.0005 (on BN/bias=False)
  Backend:    mpi
  Algorithm:  recursive_doubling_zfp_online_coll
  ZFP rate:   16
  Epochs:     20
  Batch/rank: 4
  LR:         0.1
  Scheduler:  cosine
  Warmup:     0
  Grad clip:  None
  Drop last:  True
  Data dir:   ./data
================================================================================


================================================================================
DISTRIBUTED TRAINING LAUNCHER
================================================================================
  Model:      wide_resnet50_2 (CIFAR stem) (from scratch)
  Dataset:    cifar10 (10 classes)
  Image size: 32
  LR:         0.1
  Momentum:   0.9 (nesterov=True)
  Optimizer:  sgd
  Weight dec: 0.0005 (on BN/bias=False)
  Backend:    mpi
  Algorithm:  recursive_doubling_zfp_online_coll
  ZFP rate:   16
  Epochs:     20
  Batch/rank: 4
  LR:         0.1
  Scheduler:  cosine
  Warmup:     0
  Grad clip:  None
  Drop last:  True
  Data dir:   ./data
================================================================================


================================================================================
DISTRIBUTED TRAINING LAUNCHER
================================================================================
  Model:      wide_resnet50_2 (CIFAR stem) (from scratch)
  Dataset:    cifar10 (10 classes)
  Image size: 32
  LR:         0.1
  Momentum:   0.9 (nesterov=True)
  Optimizer:  sgd
  Weight dec: 0.0005 (on BN/bias=False)
  Backend:    mpi
  Algorithm:  recursive_doubling_zfp_online_coll
  ZFP rate:   16
  Epochs:     20
  Batch/rank: 4
  LR:         0.1
  Scheduler:  cosine
  Warmup:     0
  Grad clip:  None
  Drop last:  True
  Data dir:   ./data
================================================================================


================================================================================
DISTRIBUTED TRAINING LAUNCHER
================================================================================
  Model:      wide_resnet50_2 (CIFAR stem) (from scratch)
  Dataset:    cifar10 (10 classes)
  Image size: 32
  LR:         0.1
  Momentum:   0.9 (nesterov=True)
  Optimizer:  sgd
  Weight dec: 0.0005 (on BN/bias=False)
  Backend:    mpi
  Algorithm:  recursive_doubling_zfp_online_coll
  ZFP rate:   16
  Epochs:     20
  Batch/rank: 4
  LR:         0.1
  Scheduler:  cosine
  Warmup:     0
  Grad clip:  None
  Drop last:  True

================================================================================
DISTRIBUTED TRAINING LAUNCHER
================================================================================
  Model:      wide_resnet50_2 (CIFAR stem) (from scratch)
  Dataset:    cifar10 (10 classes)
  Image size: 32
  LR:         0.1
  Momentum:   0.9 (nesterov=True)
  Optimizer:  sgd
  Weight dec: 0.0005 (on BN/bias=False)
  Backend:    mpi
  Algorithm:  recursive_doubling_zfp_online_coll
  ZFP rate:   16
  Epochs:     20
  Batch/rank: 4
  LR:         0.1
  Scheduler:  cosine
  Warmup:     0
  Grad clip:  None
  Drop last:  True

================================================================================
DISTRIBUTED TRAINING LAUNCHER
================================================================================
  Model:      wide_resnet50_2 (CIFAR stem) (from scratch)
  Dataset:    cifar10 (10 classes)
  Image size: 32
  LR:         0.1
  Momentum:   0.9 (nesterov=True)
  Optimizer:  sgd
  Weight dec: 0.0005 (on BN/bias=False)
  Backend:    mpi
  Algorithm:  recursive_doubling_zfp_online_coll
  ZFP rate:   16
  Epochs:     20
  Batch/rank: 4
  LR:         0.1
  Scheduler:  cosine
  Warmup:     0
  Grad clip:  None
  Drop last:  True
  Data dir:   ./data
================================================================================

  Data dir:   ./data
================================================================================

  Data dir:   ./data
================================================================================


================================================================================
DISTRIBUTED TRAINING LAUNCHER
================================================================================
  Model:      wide_resnet50_2 (CIFAR stem) (from scratch)
  Dataset:    cifar10 (10 classes)
  Image size: 32
  LR:         0.1
  Momentum:   0.9 (nesterov=True)
  Optimizer:  sgd
  Weight dec: 0.0005 (on BN/bias=False)
  Backend:    mpi
  Algorithm:  recursive_doubling_zfp_online_coll
  ZFP rate:   16
  Epochs:     20
  Batch/rank: 4
  LR:         0.1
  Scheduler:  cosine
  Warmup:     0
  Grad clip:  None
  Drop last:  True
  Data dir:   ./data
================================================================================


================================================================================
DISTRIBUTED TRAINING LAUNCHER
================================================================================
  Model:      wide_resnet50_2 (CIFAR stem) (from scratch)
  Dataset:    cifar10 (10 classes)
  Image size: 32
  LR:         0.1
  Momentum:   0.9 (nesterov=True)
  Optimizer:  sgd
  Weight dec: 0.0005 (on BN/bias=False)
  Backend:    mpi
  Algorithm:  recursive_doubling_zfp_online_coll
  ZFP rate:   16
  Epochs:     20
  Batch/rank: 4
  LR:         0.1
  Scheduler:  cosine
  Warmup:     0
  Grad clip:  None
  Drop last:  True
  Data dir:   ./data
================================================================================


================================================================================
DISTRIBUTED TRAINING LAUNCHER
================================================================================
  Model:      wide_resnet50_2 (CIFAR stem) (from scratch)
  Dataset:    cifar10 (10 classes)
  Image size: 32
  LR:         0.1
  Momentum:   0.9 (nesterov=True)
  Optimizer:  sgd
  Weight dec: 0.0005 (on BN/bias=False)
  Backend:    mpi
  Algorithm:  recursive_doubling_zfp_online_coll
  ZFP rate:   16
  Epochs:     20
  Batch/rank: 4
  LR:         0.1
  Scheduler:  cosine
  Warmup:     0
  Grad clip:  None
  Drop last:  True
  Data dir:   ./data
================================================================================


================================================================================
DISTRIBUTED TRAINING LAUNCHER
================================================================================
  Model:      wide_resnet50_2 (CIFAR stem) (from scratch)
  Dataset:    cifar10 (10 classes)
  Image size: 32
  LR:         0.1
  Momentum:   0.9 (nesterov=True)
  Optimizer:  sgd
  Weight dec: 0.0005 (on BN/bias=False)
  Backend:    mpi
  Algorithm:  recursive_doubling_zfp_online_coll
  ZFP rate:   16
  Epochs:     20
  Batch/rank: 4
  LR:         0.1
  Scheduler:  cosine
  Warmup:     0
  Grad clip:  None
  Drop last:  True
  Data dir:   ./data
================================================================================


================================================================================
DISTRIBUTED TRAINING LAUNCHER
================================================================================
  Model:      wide_resnet50_2 (CIFAR stem) (from scratch)
  Dataset:    cifar10 (10 classes)
  Image size: 32
  LR:         0.1
  Momentum:   0.9 (nesterov=True)
  Optimizer:  sgd
  Weight dec: 0.0005 (on BN/bias=False)
  Backend:    mpi
  Algorithm:  recursive_doubling_zfp_online_coll
  ZFP rate:   16
  Epochs:     20
  Batch/rank: 4
  LR:         0.1
  Scheduler:  cosine
  Warmup:     0
  Grad clip:  None
  Drop last:  True
  Data dir:   ./data
================================================================================


================================================================================
DISTRIBUTED TRAINING LAUNCHER
================================================================================
  Model:      wide_resnet50_2 (CIFAR stem) (from scratch)
  Dataset:    cifar10 (10 classes)
  Image size: 32
  LR:         0.1
  Momentum:   0.9 (nesterov=True)
  Optimizer:  sgd
  Weight dec: 0.0005 (on BN/bias=False)
  Backend:    mpi
  Algorithm:  recursive_doubling_zfp_online_coll
  ZFP rate:   16
  Epochs:     20
  Batch/rank: 4
  LR:         0.1
  Scheduler:  cosine
  Warmup:     0
  Grad clip:  None
  Drop last:  True
  Data dir:   ./data
================================================================================


================================================================================
DISTRIBUTED TRAINING LAUNCHER
================================================================================
  Model:      wide_resnet50_2 (CIFAR stem) (from scratch)
  Dataset:    cifar10 (10 classes)
  Image size: 32
  LR:         0.1
  Momentum:   0.9 (nesterov=True)
  Optimizer:  sgd
  Weight dec: 0.0005 (on BN/bias=False)
  Backend:    mpi
  Algorithm:  recursive_doubling_zfp_online_coll
  ZFP rate:   16
  Epochs:     20
  Batch/rank: 4
  LR:         0.1
  Scheduler:  cosine
  Warmup:     0
  Grad clip:  None
  Drop last:  True
  Data dir:   ./data
================================================================================


================================================================================
DISTRIBUTED TRAINING LAUNCHER
================================================================================
  Model:      wide_resnet50_2 (CIFAR stem) (from scratch)
  Dataset:    cifar10 (10 classes)
  Image size: 32
  LR:         0.1
  Momentum:   0.9 (nesterov=True)
  Optimizer:  sgd
  Weight dec: 0.0005 (on BN/bias=False)
  Backend:    mpi
  Algorithm:  recursive_doubling_zfp_online_coll
  ZFP rate:   16
  Epochs:     20
  Batch/rank: 4
  LR:         0.1
  Scheduler:  cosine
  Warmup:     0
  Grad clip:  None
  Drop last:  True
  Data dir:   ./data
================================================================================


================================================================================
DISTRIBUTED TRAINING LAUNCHER
================================================================================
  Model:      wide_resnet50_2 (CIFAR stem) (from scratch)
  Dataset:    cifar10 (10 classes)
  Image size: 32
  LR:         0.1
  Momentum:   0.9 (nesterov=True)
  Optimizer:  sgd
  Weight dec: 0.0005 (on BN/bias=False)
  Backend:    mpi
  Algorithm:  recursive_doubling_zfp_online_coll
  ZFP rate:   16
  Epochs:     20
  Batch/rank: 4
  LR:         0.1
  Scheduler:  cosine
  Warmup:     0
  Grad clip:  None
  Drop last:  True
  Data dir:   ./data
================================================================================


================================================================================
DISTRIBUTED TRAINING LAUNCHER
================================================================================
  Model:      wide_resnet50_2 (CIFAR stem) (from scratch)
  Dataset:    cifar10 (10 classes)
  Image size: 32
  LR:         0.1
  Momentum:   0.9 (nesterov=True)
  Optimizer:  sgd
  Weight dec: 0.0005 (on BN/bias=False)
  Backend:    mpi
  Algorithm:  recursive_doubling_zfp_online_coll
  ZFP rate:   16
  Epochs:     20
  Batch/rank: 4
  LR:         0.1
  Scheduler:  cosine
  Warmup:     0
  Grad clip:  None
  Drop last:  True
  Data dir:   ./data
================================================================================


================================================================================
DISTRIBUTED TRAINING LAUNCHER
================================================================================
  Model:      wide_resnet50_2 (CIFAR stem) (from scratch)
  Dataset:    cifar10 (10 classes)
  Image size: 32
  LR:         0.1
  Momentum:   0.9 (nesterov=True)
  Optimizer:  sgd
  Weight dec: 0.0005 (on BN/bias=False)
  Backend:    mpi
  Algorithm:  recursive_doubling_zfp_online_coll
  ZFP rate:   16
  Epochs:     20
  Batch/rank: 4
  LR:         0.1
  Scheduler:  cosine
  Warmup:     0
  Grad clip:  None
  Drop last:  True
  Data dir:   ./data
================================================================================


================================================================================
DISTRIBUTED TRAINING LAUNCHER
================================================================================
  Model:      wide_resnet50_2 (CIFAR stem) (from scratch)
  Dataset:    cifar10 (10 classes)
  Image size: 32
  LR:         0.1
  Momentum:   0.9 (nesterov=True)
  Optimizer:  sgd
  Weight dec: 0.0005 (on BN/bias=False)
  Backend:    mpi
  Algorithm:  recursive_doubling_zfp_online_coll
  ZFP rate:   16
  Epochs:     20
  Batch/rank: 4
  LR:         0.1
  Scheduler:  cosine
  Warmup:     0
  Grad clip:  None
  Drop last:  True
  Data dir:   ./data
================================================================================


================================================================================
DISTRIBUTED TRAINING LAUNCHER
================================================================================
  Model:      wide_resnet50_2 (CIFAR stem) (from scratch)
  Dataset:    cifar10 (10 classes)
  Image size: 32
  LR:         0.1
  Momentum:   0.9 (nesterov=True)
  Optimizer:  sgd
  Weight dec: 0.0005 (on BN/bias=False)
  Backend:    mpi
  Algorithm:  recursive_doubling_zfp_online_coll
  ZFP rate:   16
  Epochs:     20
  Batch/rank: 4
  LR:         0.1
  Scheduler:  cosine
  Warmup:     0
  Grad clip:  None
  Drop last:  True
  Data dir:   ./data
================================================================================


================================================================================
DISTRIBUTED TRAINING LAUNCHER
================================================================================
  Model:      wide_resnet50_2 (CIFAR stem) (from scratch)
  Dataset:    cifar10 (10 classes)
  Image size: 32
  LR:         0.1
  Momentum:   0.9 (nesterov=True)
  Optimizer:  sgd
  Weight dec: 0.0005 (on BN/bias=False)
  Backend:    mpi
  Algorithm:  recursive_doubling_zfp_online_coll
  ZFP rate:   16
  Epochs:     20
  Batch/rank: 4
  LR:         0.1
  Scheduler:  cosine
  Warmup:     0
  Grad clip:  None
  Drop last:  True
  Data dir:   ./data
================================================================================


================================================================================
DISTRIBUTED TRAINING LAUNCHER
================================================================================
  Model:      wide_resnet50_2 (CIFAR stem) (from scratch)
  Dataset:    cifar10 (10 classes)
  Image size: 32
  LR:         0.1
  Momentum:   0.9 (nesterov=True)
  Optimizer:  sgd
  Weight dec: 0.0005 (on BN/bias=False)
  Backend:    mpi
  Algorithm:  recursive_doubling_zfp_online_coll
  ZFP rate:   16
  Epochs:     20
  Batch/rank: 4
  LR:         0.1
  Scheduler:  cosine
  Warmup:     0
  Grad clip:  None
  Drop last:  True
  Data dir:   ./data
================================================================================


================================================================================
DISTRIBUTED TRAINING LAUNCHER
================================================================================
  Model:      wide_resnet50_2 (CIFAR stem) (from scratch)
  Dataset:    cifar10 (10 classes)
  Image size: 32
  LR:         0.1
  Momentum:   0.9 (nesterov=True)
  Optimizer:  sgd
  Weight dec: 0.0005 (on BN/bias=False)
  Backend:    mpi
  Algorithm:  recursive_doubling_zfp_online_coll
  ZFP rate:   16
  Epochs:     20
  Batch/rank: 4
  LR:         0.1
  Scheduler:  cosine
  Warmup:     0
  Grad clip:  None
  Drop last:  True
  Data dir:   ./data
================================================================================


================================================================================
DISTRIBUTED TRAINING LAUNCHER
================================================================================
  Model:      wide_resnet50_2 (CIFAR stem) (from scratch)
  Dataset:    cifar10 (10 classes)
  Image size: 32
  LR:         0.1
  Momentum:   0.9 (nesterov=True)
  Optimizer:  sgd
  Weight dec: 0.0005 (on BN/bias=False)
  Backend:    mpi
  Algorithm:  recursive_doubling_zfp_online_coll
  ZFP rate:   16
  Epochs:     20
  Batch/rank: 4
  LR:         0.1
  Scheduler:  cosine
  Warmup:     0
  Grad clip:  None
  Drop last:  True
  Data dir:   ./data
================================================================================


================================================================================
DISTRIBUTED TRAINING LAUNCHER
================================================================================
  Model:      wide_resnet50_2 (CIFAR stem) (from scratch)
  Dataset:    cifar10 (10 classes)
  Image size: 32
  LR:         0.1
  Momentum:   0.9 (nesterov=True)
  Optimizer:  sgd
  Weight dec: 0.0005 (on BN/bias=False)
  Backend:    mpi
  Algorithm:  recursive_doubling_zfp_online_coll
  ZFP rate:   16
  Epochs:     20
  Batch/rank: 4
  LR:         0.1
  Scheduler:  cosine
  Warmup:     0
  Grad clip:  None
  Drop last:  True
  Data dir:   ./data
================================================================================


================================================================================
Distributed Training: WIDE_RESNET50_2 on CIFAR10
Backend: MPI, Algorithm: recursive_doubling_zfp_online_coll
================================================================================
Ranks: 32, Epochs: 20, Batch/rank: 4, Effective batch: 128
LR: 0.1, Device: cuda:0

[Cache] Pretrained weights cache (TORCH_HOME) = /lustre/orion/gen243/proj-shared/matilderestelli/pretrained_weights_cache
[Setup] Model on cuda:0, wrapped in DDP (static_graph=True)
[Setup] Hook registered: mpi/recursive_doubling_zfp_online_coll
[Optim] SGD: lr=0.1 momentum=0.9 nesterov=True wd=0.0005 wd_on_bn_bias=False
[Optim]   group 0: 66,778,816 params, wd=0.0005
[Optim]   group 1: 68,234 params, wd=0.0
[Data] Train batches: 390, Val batches: 2500

[Sched] cosine: steps/epoch=390, total_steps=7800, warmup_steps=0 (0 epochs)


[Epoch 1] Training... (lr at epoch start=0.100000)
  Batch [50/390] Loss: 10.8739, Acc: 9.50%, lr: 0.099990
  Batch [100/390] Loss: 6.6192, Acc: 11.50%, lr: 0.099959
  Batch [150/390] Loss: 5.1849, Acc: 11.67%, lr: 0.099909
  Batch [200/390] Loss: 4.4622, Acc: 12.12%, lr: 0.099838
  Batch [250/390] Loss: 4.0315, Acc: 12.10%, lr: 0.099747
  Batch [300/390] Loss: 3.7463, Acc: 11.50%, lr: 0.099635
  Batch [350/390] Loss: 3.5382, Acc: 12.07%, lr: 0.099504
[Epoch 1] Train Loss: 3.4098, Acc: 12.05%  |  Val Loss: 2.3300, Acc: 12.50%  |  Time: 71.3s
[Epoch 1] t_iter median: 113.03 ms  (fwd 12.38 | bwd+comm 95.41 | opt 5.14 | data 0.08)  |  train-only epoch: 46.4s
  -> Best model saved (12.50%)
[Epoch 1] Summarizing hook timing...

[HOOK_TIMING_SUMMARY] epoch=1
[HOOK_WORK_SUMMARY] label=mpi:recursive_doubling_zfp_online_coll:rate16 calls=3113 work_total_ms=32569.462 work_mean_ms=10.462 work_min_ms=4.466 work_max_ms=155.830
[HOOK_TAIL_SUMMARY] label=mpi:recursive_doubling_zfp_online_coll:rate16 steps=391 tail_total_ms=27780.823 tail_mean_ms=71.051 tail_min_ms=13.602 tail_max_ms=166.128
[Epoch 1] Hook timing summary done

[Epoch 2] Training... (lr at epoch start=0.099384)
  Batch [50/390] Loss: 2.3199, Acc: 10.00%, lr: 0.099217
  Batch [100/390] Loss: 2.2970, Acc: 10.25%, lr: 0.099029
  Batch [150/390] Loss: 2.2931, Acc: 11.00%, lr: 0.098822
  Batch [200/390] Loss: 2.2783, Acc: 11.62%, lr: 0.098595
  Batch [250/390] Loss: 2.2610, Acc: 12.50%, lr: 0.098348
  Batch [300/390] Loss: 2.2461, Acc: 13.75%, lr: 0.098082
  Batch [350/390] Loss: 2.2256, Acc: 14.43%, lr: 0.097796
[Epoch 2] Train Loss: 2.2165, Acc: 15.06%  |  Val Loss: 2.4659, Acc: 17.32%  |  Time: 69.7s
[Epoch 2] t_iter median: 115.18 ms  (fwd 13.19 | bwd+comm 96.75 | opt 5.15 | data 0.08)  |  train-only epoch: 45.1s
  -> Best model saved (17.32%)
[Epoch 2] Summarizing hook timing...

[HOOK_TIMING_SUMMARY] epoch=2
[HOOK_WORK_SUMMARY] label=mpi:recursive_doubling_zfp_online_coll:rate16 calls=3120 work_total_ms=33215.356 work_mean_ms=10.646 work_min_ms=4.361 work_max_ms=27.003
[HOOK_TAIL_SUMMARY] label=mpi:recursive_doubling_zfp_online_coll:rate16 steps=390 tail_total_ms=27759.334 tail_mean_ms=71.178 tail_min_ms=58.845 tail_max_ms=102.207
[Epoch 2] Hook timing summary done

[Epoch 3] Training... (lr at epoch start=0.097553)
  Batch [50/390] Loss: 2.1157, Acc: 19.50%, lr: 0.097232
  Batch [100/390] Loss: 2.1509, Acc: 19.25%, lr: 0.096892
  Batch [150/390] Loss: 2.1464, Acc: 18.83%, lr: 0.096533
  Batch [200/390] Loss: 2.1535, Acc: 18.25%, lr: 0.096155
  Batch [250/390] Loss: 2.1454, Acc: 18.50%, lr: 0.095759
  Batch [300/390] Loss: 2.1400, Acc: 18.25%, lr: 0.095344
  Batch [350/390] Loss: 2.1479, Acc: 17.93%, lr: 0.094910
[Epoch 3] Train Loss: 2.1433, Acc: 17.95%  |  Val Loss: 2.1966, Acc: 21.38%  |  Time: 70.2s
[Epoch 3] t_iter median: 115.44 ms  (fwd 13.23 | bwd+comm 96.84 | opt 5.15 | data 0.08)  |  train-only epoch: 45.4s
  -> Best model saved (21.38%)
[Epoch 3] Summarizing hook timing...

[HOOK_TIMING_SUMMARY] epoch=3
[HOOK_WORK_SUMMARY] label=mpi:recursive_doubling_zfp_online_coll:rate16 calls=3120 work_total_ms=33427.561 work_mean_ms=10.714 work_min_ms=4.062 work_max_ms=42.005
[HOOK_TAIL_SUMMARY] label=mpi:recursive_doubling_zfp_online_coll:rate16 steps=390 tail_total_ms=28205.616 tail_mean_ms=72.322 tail_min_ms=58.106 tail_max_ms=146.059
[Epoch 3] Hook timing summary done

[Epoch 4] Training... (lr at epoch start=0.094550)
  Batch [50/390] Loss: 2.0700, Acc: 17.00%, lr: 0.094084
  Batch [100/390] Loss: 2.0934, Acc: 16.25%, lr: 0.093600
  Batch [150/390] Loss: 2.0751, Acc: 15.67%, lr: 0.093098
  Batch [200/390] Loss: 2.0741, Acc: 16.88%, lr: 0.092579
  Batch [250/390] Loss: 2.0813, Acc: 17.40%, lr: 0.092043
  Batch [300/390] Loss: 2.0670, Acc: 18.17%, lr: 0.091489
  Batch [350/390] Loss: 2.0778, Acc: 18.64%, lr: 0.090919
[Epoch 4] Train Loss: 2.0752, Acc: 18.78%  |  Val Loss: 2.9849, Acc: 22.33%  |  Time: 70.3s
[Epoch 4] t_iter median: 115.98 ms  (fwd 13.54 | bwd+comm 97.26 | opt 5.15 | data 0.08)  |  train-only epoch: 45.4s
  -> Best model saved (22.33%)
[Epoch 4] Summarizing hook timing...

[HOOK_TIMING_SUMMARY] epoch=4
[HOOK_WORK_SUMMARY] label=mpi:recursive_doubling_zfp_online_coll:rate16 calls=3120 work_total_ms=33332.148 work_mean_ms=10.683 work_min_ms=4.062 work_max_ms=23.578
[HOOK_TAIL_SUMMARY] label=mpi:recursive_doubling_zfp_online_coll:rate16 steps=390 tail_total_ms=27765.372 tail_mean_ms=71.193 tail_min_ms=58.951 tail_max_ms=85.993
[Epoch 4] Hook timing summary done

[Epoch 5] Training... (lr at epoch start=0.090451)
  Batch [50/390] Loss: 2.0961, Acc: 20.00%, lr: 0.089851
  Batch [100/390] Loss: 2.0893, Acc: 18.75%, lr: 0.089235
  Batch [150/390] Loss: 2.0455, Acc: 20.33%, lr: 0.088603
  Batch [200/390] Loss: 2.0207, Acc: 22.00%, lr: 0.087955
  Batch [250/390] Loss: 2.0150, Acc: 23.10%, lr: 0.087292
  Batch [300/390] Loss: 1.9928, Acc: 23.58%, lr: 0.086613
  Batch [350/390] Loss: 1.9778, Acc: 24.43%, lr: 0.085920
[Epoch 5] Train Loss: 1.9816, Acc: 24.74%  |  Val Loss: 2.1157, Acc: 34.64%  |  Time: 70.6s
[Epoch 5] t_iter median: 116.12 ms  (fwd 13.41 | bwd+comm 97.43 | opt 5.14 | data 0.08)  |  train-only epoch: 45.6s
  -> Best model saved (34.64%)
[Epoch 5] Summarizing hook timing...

[HOOK_TIMING_SUMMARY] epoch=5
[HOOK_WORK_SUMMARY] label=mpi:recursive_doubling_zfp_online_coll:rate16 calls=3120 work_total_ms=33529.912 work_mean_ms=10.747 work_min_ms=4.234 work_max_ms=41.109
[HOOK_TAIL_SUMMARY] label=mpi:recursive_doubling_zfp_online_coll:rate16 steps=390 tail_total_ms=28114.120 tail_mean_ms=72.087 tail_min_ms=51.576 tail_max_ms=108.349
[Epoch 5] Hook timing summary done

[Epoch 6] Training... (lr at epoch start=0.085355)
  Batch [50/390] Loss: 1.7363, Acc: 38.00%, lr: 0.084636
  Batch [100/390] Loss: 1.7720, Acc: 34.25%, lr: 0.083903
  Batch [150/390] Loss: 1.7673, Acc: 34.33%, lr: 0.083156
  Batch [200/390] Loss: 1.7482, Acc: 34.25%, lr: 0.082396
  Batch [250/390] Loss: 1.7423, Acc: 34.30%, lr: 0.081622
  Batch [300/390] Loss: 1.7544, Acc: 34.00%, lr: 0.080836
  Batch [350/390] Loss: 1.7691, Acc: 33.57%, lr: 0.080037
[Epoch 6] Train Loss: 1.7626, Acc: 34.55%  |  Val Loss: 1.7355, Acc: 40.02%  |  Time: 71.4s
[Epoch 6] t_iter median: 116.60 ms  (fwd 13.60 | bwd+comm 97.71 | opt 5.15 | data 0.08)  |  train-only epoch: 45.9s
  -> Best model saved (40.02%)
[Epoch 6] Summarizing hook timing...

[HOOK_TIMING_SUMMARY] epoch=6
[HOOK_WORK_SUMMARY] label=mpi:recursive_doubling_zfp_online_coll:rate16 calls=3120 work_total_ms=33927.694 work_mean_ms=10.874 work_min_ms=4.329 work_max_ms=74.815
[HOOK_TAIL_SUMMARY] label=mpi:recursive_doubling_zfp_online_coll:rate16 steps=390 tail_total_ms=28208.817 tail_mean_ms=72.330 tail_min_ms=57.503 tail_max_ms=306.391
[Epoch 6] Hook timing summary done

[Epoch 7] Training... (lr at epoch start=0.079389)
  Batch [50/390] Loss: 1.6727, Acc: 39.00%, lr: 0.078569
  Batch [100/390] Loss: 1.6949, Acc: 37.50%, lr: 0.077737
  Batch [150/390] Loss: 1.6708, Acc: 38.67%, lr: 0.076893
  Batch [200/390] Loss: 1.6571, Acc: 38.50%, lr: 0.076039
  Batch [250/390] Loss: 1.6560, Acc: 38.80%, lr: 0.075174
  Batch [300/390] Loss: 1.6526, Acc: 39.17%, lr: 0.074299
  Batch [350/390] Loss: 1.6317, Acc: 39.57%, lr: 0.073414
[Epoch 7] Train Loss: 1.6092, Acc: 40.77%  |  Val Loss: 1.5344, Acc: 43.40%  |  Time: 70.6s
[Epoch 7] t_iter median: 116.41 ms  (fwd 13.41 | bwd+comm 97.80 | opt 5.15 | data 0.08)  |  train-only epoch: 45.6s
  -> Best model saved (43.40%)
[Epoch 7] Summarizing hook timing...

[HOOK_TIMING_SUMMARY] epoch=7
[HOOK_WORK_SUMMARY] label=mpi:recursive_doubling_zfp_online_coll:rate16 calls=3120 work_total_ms=33575.722 work_mean_ms=10.761 work_min_ms=4.016 work_max_ms=22.734
[HOOK_TAIL_SUMMARY] label=mpi:recursive_doubling_zfp_online_coll:rate16 steps=390 tail_total_ms=28156.701 tail_mean_ms=72.197 tail_min_ms=58.320 tail_max_ms=85.726
[Epoch 7] Hook timing summary done

[Epoch 8] Training... (lr at epoch start=0.072700)
  Batch [50/390] Loss: 1.6386, Acc: 39.50%, lr: 0.071798
  Batch [100/390] Loss: 1.6257, Acc: 40.50%, lr: 0.070887
  Batch [150/390] Loss: 1.5411, Acc: 44.83%, lr: 0.069968
  Batch [200/390] Loss: 1.5517, Acc: 44.62%, lr: 0.069041
  Batch [250/390] Loss: 1.4922, Acc: 46.40%, lr: 0.068106
  Batch [300/390] Loss: 1.4819, Acc: 46.58%, lr: 0.067164
  Batch [350/390] Loss: 1.4779, Acc: 46.64%, lr: 0.066215
[Epoch 8] Train Loss: 1.4666, Acc: 47.05%  |  Val Loss: 1.3705, Acc: 52.50%  |  Time: 70.5s
[Epoch 8] t_iter median: 116.45 ms  (fwd 13.50 | bwd+comm 97.64 | opt 5.15 | data 0.08)  |  train-only epoch: 45.6s
  -> Best model saved (52.50%)
[Epoch 8] Summarizing hook timing...

[HOOK_TIMING_SUMMARY] epoch=8
[HOOK_WORK_SUMMARY] label=mpi:recursive_doubling_zfp_online_coll:rate16 calls=3120 work_total_ms=33472.200 work_mean_ms=10.728 work_min_ms=4.412 work_max_ms=23.169
[HOOK_TAIL_SUMMARY] label=mpi:recursive_doubling_zfp_online_coll:rate16 steps=390 tail_total_ms=28098.995 tail_mean_ms=72.049 tail_min_ms=58.175 tail_max_ms=86.024
[Epoch 8] Hook timing summary done

[Epoch 9] Training... (lr at epoch start=0.065451)
  Batch [50/390] Loss: 1.3054, Acc: 54.00%, lr: 0.064490
  Batch [100/390] Loss: 1.3366, Acc: 52.75%, lr: 0.063524
  Batch [150/390] Loss: 1.3185, Acc: 54.67%, lr: 0.062551
  Batch [200/390] Loss: 1.3018, Acc: 54.12%, lr: 0.061574
  Batch [250/390] Loss: 1.2862, Acc: 55.10%, lr: 0.060592
  Batch [300/390] Loss: 1.2618, Acc: 56.17%, lr: 0.059606
  Batch [350/390] Loss: 1.2682, Acc: 56.00%, lr: 0.058616
[Epoch 9] Train Loss: 1.2581, Acc: 56.47%  |  Val Loss: 1.2059, Acc: 57.93%  |  Time: 71.8s
[Epoch 9] t_iter median: 116.49 ms  (fwd 13.50 | bwd+comm 97.69 | opt 5.16 | data 0.08)  |  train-only epoch: 45.6s
  -> Best model saved (57.93%)
[Epoch 9] Summarizing hook timing...

[HOOK_TIMING_SUMMARY] epoch=9
[HOOK_WORK_SUMMARY] label=mpi:recursive_doubling_zfp_online_coll:rate16 calls=3120 work_total_ms=33476.882 work_mean_ms=10.730 work_min_ms=4.117 work_max_ms=23.385
[HOOK_TAIL_SUMMARY] label=mpi:recursive_doubling_zfp_online_coll:rate16 steps=390 tail_total_ms=27837.961 tail_mean_ms=71.379 tail_min_ms=58.488 tail_max_ms=86.720
[Epoch 9] Hook timing summary done

[Epoch 10] Training... (lr at epoch start=0.057822)
  Batch [50/390] Loss: 1.1583, Acc: 57.00%, lr: 0.056826
  Batch [100/390] Loss: 1.2211, Acc: 54.25%, lr: 0.055827
  Batch [150/390] Loss: 1.1220, Acc: 58.83%, lr: 0.054826
  Batch [200/390] Loss: 1.1085, Acc: 59.88%, lr: 0.053823
  Batch [250/390] Loss: 1.1281, Acc: 59.00%, lr: 0.052818
  Batch [300/390] Loss: 1.1339, Acc: 59.25%, lr: 0.051812
  Batch [350/390] Loss: 1.1333, Acc: 59.71%, lr: 0.050806
[Epoch 10] Train Loss: 1.1344, Acc: 59.49%  |  Val Loss: 0.9963, Acc: 66.20%  |  Time: 71.6s
[Epoch 10] t_iter median: 116.80 ms  (fwd 13.62 | bwd+comm 97.87 | opt 5.15 | data 0.08)  |  train-only epoch: 46.0s
  -> Best model saved (66.20%)
[Epoch 10] Summarizing hook timing...

[HOOK_TIMING_SUMMARY] epoch=10
[HOOK_WORK_SUMMARY] label=mpi:recursive_doubling_zfp_online_coll:rate16 calls=3120 work_total_ms=33880.317 work_mean_ms=10.859 work_min_ms=4.168 work_max_ms=70.719
[HOOK_TAIL_SUMMARY] label=mpi:recursive_doubling_zfp_online_coll:rate16 steps=390 tail_total_ms=28234.048 tail_mean_ms=72.395 tail_min_ms=58.640 tail_max_ms=137.806
[Epoch 10] Hook timing summary done

[Epoch 11] Training... (lr at epoch start=0.050000)
  Batch [50/390] Loss: 1.0562, Acc: 62.50%, lr: 0.048993
  Batch [100/390] Loss: 1.0806, Acc: 61.00%, lr: 0.047987
  Batch [150/390] Loss: 1.0664, Acc: 60.67%, lr: 0.046981
  Batch [200/390] Loss: 1.0408, Acc: 62.50%, lr: 0.045977
  Batch [250/390] Loss: 1.0170, Acc: 63.30%, lr: 0.044974
  Batch [300/390] Loss: 1.0155, Acc: 63.50%, lr: 0.043973
  Batch [350/390] Loss: 0.9990, Acc: 63.86%, lr: 0.042975
[Epoch 11] Train Loss: 0.9946, Acc: 63.97%  |  Val Loss: 0.8822, Acc: 68.78%  |  Time: 72.3s
[Epoch 11] t_iter median: 116.82 ms  (fwd 13.77 | bwd+comm 97.87 | opt 5.15 | data 0.08)  |  train-only epoch: 46.7s
  -> Best model saved (68.78%)
[Epoch 11] Summarizing hook timing...

[HOOK_TIMING_SUMMARY] epoch=11
[HOOK_WORK_SUMMARY] label=mpi:recursive_doubling_zfp_online_coll:rate16 calls=3120 work_total_ms=34552.809 work_mean_ms=11.075 work_min_ms=4.197 work_max_ms=123.540
[HOOK_TAIL_SUMMARY] label=mpi:recursive_doubling_zfp_online_coll:rate16 steps=390 tail_total_ms=28701.298 tail_mean_ms=73.593 tail_min_ms=49.053 tail_max_ms=572.156
[Epoch 11] Hook timing summary done

[Epoch 12] Training... (lr at epoch start=0.042178)
  Batch [50/390] Loss: 0.8446, Acc: 68.00%, lr: 0.041185
  Batch [100/390] Loss: 0.9036, Acc: 67.50%, lr: 0.040196
  Batch [150/390] Loss: 0.9888, Acc: 65.50%, lr: 0.039211
  Batch [200/390] Loss: 0.9760, Acc: 65.62%, lr: 0.038230
  Batch [250/390] Loss: 0.9587, Acc: 66.20%, lr: 0.037254
  Batch [300/390] Loss: 0.9175, Acc: 67.58%, lr: 0.036283
  Batch [350/390] Loss: 0.9030, Acc: 68.14%, lr: 0.035317
[Epoch 12] Train Loss: 0.8943, Acc: 68.33%  |  Val Loss: 0.7923, Acc: 72.72%  |  Time: 71.2s
[Epoch 12] t_iter median: 116.88 ms  (fwd 13.70 | bwd+comm 97.83 | opt 5.16 | data 0.08)  |  train-only epoch: 45.7s
  -> Best model saved (72.72%)
[Epoch 12] Summarizing hook timing...

[HOOK_TIMING_SUMMARY] epoch=12
[HOOK_WORK_SUMMARY] label=mpi:recursive_doubling_zfp_online_coll:rate16 calls=3120 work_total_ms=33532.612 work_mean_ms=10.748 work_min_ms=4.142 work_max_ms=22.428
[HOOK_TAIL_SUMMARY] label=mpi:recursive_doubling_zfp_online_coll:rate16 steps=390 tail_total_ms=27995.757 tail_mean_ms=71.784 tail_min_ms=59.275 tail_max_ms=85.818
[Epoch 12] Hook timing summary done

[Epoch 13] Training... (lr at epoch start=0.034549)
  Batch [50/390] Loss: 0.8001, Acc: 73.50%, lr: 0.033595
  Batch [100/390] Loss: 0.8201, Acc: 73.25%, lr: 0.032647
  Batch [150/390] Loss: 0.8536, Acc: 71.67%, lr: 0.031706
  Batch [200/390] Loss: 0.8297, Acc: 72.75%, lr: 0.030773
  Batch [250/390] Loss: 0.8151, Acc: 72.60%, lr: 0.029847
  Batch [300/390] Loss: 0.8102, Acc: 72.50%, lr: 0.028930
  Batch [350/390] Loss: 0.8056, Acc: 72.57%, lr: 0.028021
[Epoch 13] Train Loss: 0.7917, Acc: 73.27%  |  Val Loss: 0.7533, Acc: 73.95%  |  Time: 71.4s
[Epoch 13] t_iter median: 116.42 ms  (fwd 13.62 | bwd+comm 97.49 | opt 5.16 | data 0.08)  |  train-only epoch: 45.6s
  -> Best model saved (73.95%)
[Epoch 13] Summarizing hook timing...

[HOOK_TIMING_SUMMARY] epoch=13
[HOOK_WORK_SUMMARY] label=mpi:recursive_doubling_zfp_online_coll:rate16 calls=3120 work_total_ms=33458.973 work_mean_ms=10.724 work_min_ms=4.125 work_max_ms=24.641
[HOOK_TAIL_SUMMARY] label=mpi:recursive_doubling_zfp_online_coll:rate16 steps=390 tail_total_ms=27858.963 tail_mean_ms=71.433 tail_min_ms=58.828 tail_max_ms=85.101
[Epoch 13] Hook timing summary done

[Epoch 14] Training... (lr at epoch start=0.027300)
  Batch [50/390] Loss: 0.7483, Acc: 72.50%, lr: 0.026408
  Batch [100/390] Loss: 0.7035, Acc: 75.25%, lr: 0.025525
  Batch [150/390] Loss: 0.7034, Acc: 75.83%, lr: 0.024652
  Batch [200/390] Loss: 0.7004, Acc: 75.88%, lr: 0.023789
  Batch [250/390] Loss: 0.7115, Acc: 75.30%, lr: 0.022937
  Batch [300/390] Loss: 0.7196, Acc: 75.17%, lr: 0.022096
  Batch [350/390] Loss: 0.7052, Acc: 75.86%, lr: 0.021266
[Epoch 14] Train Loss: 0.7077, Acc: 75.19%  |  Val Loss: 0.6615, Acc: 77.26%  |  Time: 71.6s
[Epoch 14] t_iter median: 116.79 ms  (fwd 13.86 | bwd+comm 97.71 | opt 5.15 | data 0.08)  |  train-only epoch: 45.7s
  -> Best model saved (77.26%)
[Epoch 14] Summarizing hook timing...

[HOOK_TIMING_SUMMARY] epoch=14
[HOOK_WORK_SUMMARY] label=mpi:recursive_doubling_zfp_online_coll:rate16 calls=3120 work_total_ms=33423.202 work_mean_ms=10.713 work_min_ms=4.140 work_max_ms=23.113
[HOOK_TAIL_SUMMARY] label=mpi:recursive_doubling_zfp_online_coll:rate16 steps=390 tail_total_ms=27755.103 tail_mean_ms=71.167 tail_min_ms=57.774 tail_max_ms=85.083
[Epoch 14] Hook timing summary done

[Epoch 15] Training... (lr at epoch start=0.020611)
  Batch [50/390] Loss: 0.6387, Acc: 76.50%, lr: 0.019802
  Batch [100/390] Loss: 0.7173, Acc: 73.75%, lr: 0.019006
  Batch [150/390] Loss: 0.7137, Acc: 73.67%, lr: 0.018222
  Batch [200/390] Loss: 0.7073, Acc: 74.25%, lr: 0.017451
  Batch [250/390] Loss: 0.6974, Acc: 75.50%, lr: 0.016693
  Batch [300/390] Loss: 0.6944, Acc: 74.83%, lr: 0.015949
  Batch [350/390] Loss: 0.6894, Acc: 75.14%, lr: 0.015219
[Epoch 15] Train Loss: 0.6854, Acc: 75.06%  |  Val Loss: 0.6113, Acc: 79.01%  |  Time: 71.4s
[Epoch 15] t_iter median: 116.63 ms  (fwd 13.88 | bwd+comm 97.54 | opt 5.16 | data 0.08)  |  train-only epoch: 45.7s
  -> Best model saved (79.01%)
[Epoch 15] Summarizing hook timing...

[HOOK_TIMING_SUMMARY] epoch=15
[HOOK_WORK_SUMMARY] label=mpi:recursive_doubling_zfp_online_coll:rate16 calls=3120 work_total_ms=33465.347 work_mean_ms=10.726 work_min_ms=4.158 work_max_ms=23.880
[HOOK_TAIL_SUMMARY] label=mpi:recursive_doubling_zfp_online_coll:rate16 steps=390 tail_total_ms=27574.824 tail_mean_ms=70.705 tail_min_ms=58.197 tail_max_ms=85.209
[Epoch 15] Hook timing summary done

[Epoch 16] Training... (lr at epoch start=0.014645)
  Batch [50/390] Loss: 0.5624, Acc: 82.00%, lr: 0.013940
  Batch [100/390] Loss: 0.5745, Acc: 81.75%, lr: 0.013250
  Batch [150/390] Loss: 0.5637, Acc: 82.00%, lr: 0.012574
  Batch [200/390] Loss: 0.5711, Acc: 81.75%, lr: 0.011914
  Batch [250/390] Loss: 0.5616, Acc: 82.30%, lr: 0.011270
  Batch [300/390] Loss: 0.5663, Acc: 81.58%, lr: 0.010641
  Batch [350/390] Loss: 0.5537, Acc: 81.64%, lr: 0.010028
[Epoch 16] Train Loss: 0.5630, Acc: 81.60%  |  Val Loss: 0.5634, Acc: 80.46%  |  Time: 71.3s
[Epoch 16] t_iter median: 116.92 ms  (fwd 13.67 | bwd+comm 98.03 | opt 5.16 | data 0.08)  |  train-only epoch: 45.8s
  -> Best model saved (80.46%)
[Epoch 16] Summarizing hook timing...

[HOOK_TIMING_SUMMARY] epoch=16
[HOOK_WORK_SUMMARY] label=mpi:recursive_doubling_zfp_online_coll:rate16 calls=3120 work_total_ms=33623.384 work_mean_ms=10.777 work_min_ms=4.181 work_max_ms=23.925
[HOOK_TAIL_SUMMARY] label=mpi:recursive_doubling_zfp_online_coll:rate16 steps=390 tail_total_ms=27913.742 tail_mean_ms=71.574 tail_min_ms=59.062 tail_max_ms=86.334
[Epoch 16] Hook timing summary done

[Epoch 17] Training... (lr at epoch start=0.009549)
  Batch [50/390] Loss: 0.6703, Acc: 78.50%, lr: 0.008966
  Batch [100/390] Loss: 0.5867, Acc: 79.50%, lr: 0.008399
  Batch [150/390] Loss: 0.6021, Acc: 79.33%, lr: 0.007848
  Batch [200/390] Loss: 0.5749, Acc: 79.88%, lr: 0.007315
  Batch [250/390] Loss: 0.5706, Acc: 80.00%, lr: 0.006800
  Batch [300/390] Loss: 0.5588, Acc: 80.25%, lr: 0.006302
  Batch [350/390] Loss: 0.5561, Acc: 80.36%, lr: 0.005821
[Epoch 17] Train Loss: 0.5537, Acc: 80.71%  |  Val Loss: 0.5381, Acc: 81.36%  |  Time: 71.4s
[Epoch 17] t_iter median: 117.07 ms  (fwd 13.67 | bwd+comm 98.08 | opt 5.16 | data 0.08)  |  train-only epoch: 45.8s
  -> Best model saved (81.36%)
[Epoch 17] Summarizing hook timing...

[HOOK_TIMING_SUMMARY] epoch=17
[HOOK_WORK_SUMMARY] label=mpi:recursive_doubling_zfp_online_coll:rate16 calls=3120 work_total_ms=33624.667 work_mean_ms=10.777 work_min_ms=4.010 work_max_ms=22.492
[HOOK_TAIL_SUMMARY] label=mpi:recursive_doubling_zfp_online_coll:rate16 steps=390 tail_total_ms=28077.323 tail_mean_ms=71.993 tail_min_ms=47.439 tail_max_ms=87.014
[Epoch 17] Hook timing summary done

[Epoch 18] Training... (lr at epoch start=0.005450)
  Batch [50/390] Loss: 0.5787, Acc: 77.00%, lr: 0.005002
  Batch [100/390] Loss: 0.5325, Acc: 80.00%, lr: 0.004572
  Batch [150/390] Loss: 0.5330, Acc: 80.50%, lr: 0.004160
  Batch [200/390] Loss: 0.5216, Acc: 81.00%, lr: 0.003768
  Batch [250/390] Loss: 0.5210, Acc: 81.00%, lr: 0.003394
  Batch [300/390] Loss: 0.5152, Acc: 80.83%, lr: 0.003038
  Batch [350/390] Loss: 0.5002, Acc: 81.43%, lr: 0.002702
[Epoch 18] Train Loss: 0.5112, Acc: 81.41%  |  Val Loss: 0.5065, Acc: 82.66%  |  Time: 72.1s
[Epoch 18] t_iter median: 116.65 ms  (fwd 13.61 | bwd+comm 97.71 | opt 5.15 | data 0.08)  |  train-only epoch: 45.7s
  -> Best model saved (82.66%)
[Epoch 18] Summarizing hook timing...

[HOOK_TIMING_SUMMARY] epoch=18
[HOOK_WORK_SUMMARY] label=mpi:recursive_doubling_zfp_online_coll:rate16 calls=3120 work_total_ms=33520.830 work_mean_ms=10.744 work_min_ms=4.149 work_max_ms=23.501
[HOOK_TAIL_SUMMARY] label=mpi:recursive_doubling_zfp_online_coll:rate16 steps=390 tail_total_ms=27956.975 tail_mean_ms=71.685 tail_min_ms=49.894 tail_max_ms=85.908
[Epoch 18] Hook timing summary done

[Epoch 19] Training... (lr at epoch start=0.002447)
  Batch [50/390] Loss: 0.4346, Acc: 82.50%, lr: 0.002146
  Batch [100/390] Loss: 0.4654, Acc: 82.25%, lr: 0.001864
  Batch [150/390] Loss: 0.4500, Acc: 83.00%, lr: 0.001601
  Batch [200/390] Loss: 0.4431, Acc: 83.62%, lr: 0.001358
  Batch [250/390] Loss: 0.4675, Acc: 83.30%, lr: 0.001135
  Batch [300/390] Loss: 0.5027, Acc: 81.75%, lr: 0.000931
  Batch [350/390] Loss: 0.4842, Acc: 82.86%, lr: 0.000748
[Epoch 19] Train Loss: 0.4817, Acc: 83.01%  |  Val Loss: 0.4798, Acc: 83.40%  |  Time: 72.1s
[Epoch 19] t_iter median: 116.85 ms  (fwd 13.80 | bwd+comm 97.81 | opt 5.16 | data 0.08)  |  train-only epoch: 46.0s
  -> Best model saved (83.40%)
[Epoch 19] Summarizing hook timing...

[HOOK_TIMING_SUMMARY] epoch=19
[HOOK_WORK_SUMMARY] label=mpi:recursive_doubling_zfp_online_coll:rate16 calls=3120 work_total_ms=33815.562 work_mean_ms=10.838 work_min_ms=4.148 work_max_ms=128.039
[HOOK_TAIL_SUMMARY] label=mpi:recursive_doubling_zfp_online_coll:rate16 steps=390 tail_total_ms=28012.841 tail_mean_ms=71.828 tail_min_ms=59.573 tail_max_ms=183.170
[Epoch 19] Hook timing summary done

[Epoch 20] Training... (lr at epoch start=0.000616)
  Batch [50/390] Loss: 0.4255, Acc: 83.50%, lr: 0.000468
  Batch [100/390] Loss: 0.4527, Acc: 83.75%, lr: 0.000341
  Batch [150/390] Loss: 0.4286, Acc: 84.83%, lr: 0.000233
  Batch [200/390] Loss: 0.4141, Acc: 85.50%, lr: 0.000146
  Batch [250/390] Loss: 0.4063, Acc: 85.80%, lr: 0.000079
  Batch [300/390] Loss: 0.3986, Acc: 85.67%, lr: 0.000033
  Batch [350/390] Loss: 0.3993, Acc: 85.64%, lr: 0.000006
[Epoch 20] Train Loss: 0.4061, Acc: 85.26%  |  Val Loss: 0.4780, Acc: 83.57%  |  Time: 72.8s
[Epoch 20] t_iter median: 116.92 ms  (fwd 13.80 | bwd+comm 97.84 | opt 5.16 | data 0.08)  |  train-only epoch: 46.6s
  -> Best model saved (83.57%)
[Epoch 20] Summarizing hook timing...

[HOOK_TIMING_SUMMARY] epoch=20
[HOOK_WORK_SUMMARY] label=mpi:recursive_doubling_zfp_online_coll:rate16 calls=3120 work_total_ms=34310.418 work_mean_ms=10.997 work_min_ms=4.166 work_max_ms=129.942
[HOOK_TAIL_SUMMARY] label=mpi:recursive_doubling_zfp_online_coll:rate16 steps=390 tail_total_ms=28631.495 tail_mean_ms=73.414 tail_min_ms=59.660 tail_max_ms=194.715
[Epoch 20] Hook timing summary done

================================================================================
Done in 1452.9s | Best val acc: 83.57%
Epoch times (train+val): mean=71.3s  min=69.7s  max=72.8s
Train-only epoch time (epochs 2..N): median=45.69s  min=45.13s  max=46.75s
  -> use this for STRONG scaling (fixed global batch)
  -> use t_iter_median_ms from the CSV for WEAK scaling (fixed local batch)
================================================================================
=== Finished training: model=wide_resnet50_2, dataset=cifar10, batch=4, lr=0.1, scheduler=cosine, backend=mpi, hook=recursive_doubling_zfp_online_coll, zfp_rate=16, status=0 at Mon Jul 20 02:50:41 PM EDT 2026 ===
=== Starting: model=wide_resnet50_2, ws=32, bs=4, gb=128, lr=0.1, sched=cosine, warmup=0, mom=0.9, wd=5e-4, nesterov=true, wd_bn_bias=false, backend=mpi, hook=recursive_doubling_zfp_online_coll, zfp=8 at Mon Jul 20 02:50:41 PM EDT 2026 ===
MIOPEN_USER_DB_PATH=/mnt/bb/matilderestelli/miopen_cache_5035615/miopen_db
MIOPEN_CUSTOM_CACHE_DIR=/mnt/bb/matilderestelli/miopen_cache_5035615/kernel_cache
drwxr-sr-x 2 matilderestelli gen243 103 Jul 20 10:26 /mnt/bb/matilderestelli/miopen_cache_5035615/miopen_db
==== GPU visibility debug (batch shell) ====
frontier10349
ROCR_VISIBLE_DEVICES=0,1,2,3,4,5,6,7
SLURM_JOB_GPUS=0,1,2,3,4,5,6,7
[37mROCk module version 6.16.13 is loaded[0m
=====================    
HSA System Attributes    
=====================    
Runtime Version:         1.18
Runtime Ext Version:     1.14
System Timestamp Freq.:  1000.000000MHz
Sig. Max Wait Duration:  18446744073709551615 (0xFFFFFFFFFFFFFFFF) (timestamp count)
Machine Model:           LARGE                              
System Endianness:       LITTLE                             
Mwaitx:                  DISABLED
XNACK enabled:           NO
DMAbuf Support:          YES
VMM Support:             YES

==========               
HSA Agents               
==========               
*******                  
Agent 1                  
*******                  
  Name:                    AMD EPYC 7A53 64-Core Processor    
  Uuid:                    CPU-XX                             
  Marketing Name:          AMD EPYC 7A53 64-Core Processor    
  Vendor Name:             CPU                                
  Feature:                 None specified                     
  Profile:                 FULL_PROFILE                       
  Float Round Mode:        NEAR                               
  Max Queue Number:        0(0x0)                             
  Queue Min Size:          0(0x0)                             

================================================================================
DISTRIBUTED TRAINING LAUNCHER
================================================================================
  Model:      wide_resnet50_2 (CIFAR stem) (from scratch)
  Dataset:    cifar10 (10 classes)
  Image size: 32
  LR:         0.1
  Momentum:   0.9 (nesterov=True)
  Optimizer:  sgd
  Weight dec: 0.0005 (on BN/bias=False)
  Backend:    mpi
  Algorithm:  recursive_doubling_zfp_online_coll
  ZFP rate:   8
  Epochs:     20
  Batch/rank: 4
  LR:         0.1
  Scheduler:  cosine
  Warmup:     0
  Grad clip:  None
  Drop last:  True
  Data dir:   ./data
================================================================================


================================================================================
DISTRIBUTED TRAINING LAUNCHER
================================================================================
  Model:      wide_resnet50_2 (CIFAR stem) (from scratch)
  Dataset:    cifar10 (10 classes)
  Image size: 32
  LR:         0.1
  Momentum:   0.9 (nesterov=True)
  Optimizer:  sgd
  Weight dec: 0.0005 (on BN/bias=False)
  Backend:    mpi
  Algorithm:  recursive_doubling_zfp_online_coll
  ZFP rate:   8
  Epochs:     20
  Batch/rank: 4
  LR:         0.1
  Scheduler:  cosine
  Warmup:     0
  Grad clip:  None
  Drop last:  True
  Data dir:   ./data
================================================================================


================================================================================
DISTRIBUTED TRAINING LAUNCHER
================================================================================
  Model:      wide_resnet50_2 (CIFAR stem) (from scratch)
  Dataset:    cifar10 (10 classes)
  Image size: 32
  LR:         0.1
  Momentum:   0.9 (nesterov=True)
  Optimizer:  sgd
  Weight dec: 0.0005 (on BN/bias=False)
  Backend:    mpi
  Algorithm:  recursive_doubling_zfp_online_coll
  ZFP rate:   8
  Epochs:     20
  Batch/rank: 4
  LR:         0.1
  Scheduler:  cosine
  Warmup:     0
  Grad clip:  None
  Drop last:  True
  Data dir:   ./data
================================================================================


================================================================================
DISTRIBUTED TRAINING LAUNCHER
================================================================================
  Model:      wide_resnet50_2 (CIFAR stem) (from scratch)
  Dataset:    cifar10 (10 classes)
  Image size: 32
  LR:         0.1
  Momentum:   0.9 (nesterov=True)
  Optimizer:  sgd
  Weight dec: 0.0005 (on BN/bias=False)
  Backend:    mpi
  Algorithm:  recursive_doubling_zfp_online_coll
  ZFP rate:   8
  Epochs:     20
  Batch/rank: 4
  LR:         0.1
  Scheduler:  cosine
  Warmup:     0
  Grad clip:  None
  Drop last:  True
  Data dir:   ./data
================================================================================


================================================================================
DISTRIBUTED TRAINING LAUNCHER
================================================================================
  Model:      wide_resnet50_2 (CIFAR stem) (from scratch)
  Dataset:    cifar10 (10 classes)
  Image size: 32
  LR:         0.1
  Momentum:   0.9 (nesterov=True)
  Optimizer:  sgd
  Weight dec: 0.0005 (on BN/bias=False)
  Backend:    mpi
  Algorithm:  recursive_doubling_zfp_online_coll
  ZFP rate:   8
  Epochs:     20
  Batch/rank: 4
  LR:         0.1
  Scheduler:  cosine
  Warmup:     0
  Grad clip:  None
  Drop last:  True
  Data dir:   ./data
================================================================================


================================================================================
DISTRIBUTED TRAINING LAUNCHER
================================================================================
  Model:      wide_resnet50_2 (CIFAR stem) (from scratch)
  Dataset:    cifar10 (10 classes)
  Image size: 32
  LR:         0.1
  Momentum:   0.9 (nesterov=True)
  Optimizer:  sgd
  Weight dec: 0.0005 (on BN/bias=False)
  Backend:    mpi
  Algorithm:  recursive_doubling_zfp_online_coll
  ZFP rate:   8
  Epochs:     20
  Batch/rank: 4
  LR:         0.1
  Scheduler:  cosine
  Warmup:     0
  Grad clip:  None
  Drop last:  True
  Data dir:   ./data
================================================================================


================================================================================
DISTRIBUTED TRAINING LAUNCHER
================================================================================
  Model:      wide_resnet50_2 (CIFAR stem) (from scratch)
  Dataset:    cifar10 (10 classes)
  Image size: 32
  LR:         0.1
  Momentum:   0.9 (nesterov=True)
  Optimizer:  sgd
  Weight dec: 0.0005 (on BN/bias=False)
  Backend:    mpi
  Algorithm:  recursive_doubling_zfp_online_coll
  ZFP rate:   8
  Epochs:     20
  Batch/rank: 4
  LR:         0.1
  Scheduler:  cosine
  Warmup:     0
  Grad clip:  None
  Drop last:  True
  Data dir:   ./data
================================================================================


================================================================================
DISTRIBUTED TRAINING LAUNCHER
================================================================================
  Model:      wide_resnet50_2 (CIFAR stem) (from scratch)
  Dataset:    cifar10 (10 classes)
  Image size: 32
  LR:         0.1
  Momentum:   0.9 (nesterov=True)
  Optimizer:  sgd
  Weight dec: 0.0005 (on BN/bias=False)
  Backend:    mpi
  Algorithm:  recursive_doubling_zfp_online_coll
  ZFP rate:   8
  Epochs:     20
  Batch/rank: 4
  LR:         0.1
  Scheduler:  cosine
  Warmup:     0
  Grad clip:  None
  Drop last:  True
  Data dir:   ./data
================================================================================


================================================================================
DISTRIBUTED TRAINING LAUNCHER
================================================================================
  Model:      wide_resnet50_2 (CIFAR stem) (from scratch)
  Dataset:    cifar10 (10 classes)
  Image size: 32
  LR:         0.1
  Momentum:   0.9 (nesterov=True)
  Optimizer:  sgd
  Weight dec: 0.0005 (on BN/bias=False)
  Backend:    mpi
  Algorithm:  recursive_doubling_zfp_online_coll
  ZFP rate:   8
  Epochs:     20
  Batch/rank: 4
  LR:         0.1
  Scheduler:  cosine
  Warmup:     0
  Grad clip:  None
  Drop last:  True
  Data dir:   ./data
================================================================================


================================================================================
DISTRIBUTED TRAINING LAUNCHER
================================================================================
  Model:      wide_resnet50_2 (CIFAR stem) (from scratch)
  Dataset:    cifar10 (10 classes)
  Image size: 32
  LR:         0.1
  Momentum:   0.9 (nesterov=True)
  Optimizer:  sgd
  Weight dec: 0.0005 (on BN/bias=False)
  Backend:    mpi
  Algorithm:  recursive_doubling_zfp_online_coll
  ZFP rate:   8
  Epochs:     20
  Batch/rank: 4
  LR:         0.1
  Scheduler:  cosine
  Warmup:     0
  Grad clip:  None
  Drop last:  True
  Data dir:   ./data
================================================================================


================================================================================
DISTRIBUTED TRAINING LAUNCHER
================================================================================
  Model:      wide_resnet50_2 (CIFAR stem) (from scratch)
  Dataset:    cifar10 (10 classes)
  Image size: 32
  LR:         0.1
  Momentum:   0.9 (nesterov=True)
  Optimizer:  sgd
  Weight dec: 0.0005 (on BN/bias=False)
  Backend:    mpi
  Algorithm:  recursive_doubling_zfp_online_coll
  ZFP rate:   8
  Epochs:     20
  Batch/rank: 4
  LR:         0.1
  Scheduler:  cosine
  Warmup:     0
  Grad clip:  None
  Drop last:  True
  Data dir:   ./data
================================================================================


================================================================================
DISTRIBUTED TRAINING LAUNCHER
================================================================================
  Model:      wide_resnet50_2 (CIFAR stem) (from scratch)
  Dataset:    cifar10 (10 classes)
  Image size: 32
  LR:         0.1
  Momentum:   0.9 (nesterov=True)
  Optimizer:  sgd
  Weight dec: 0.0005 (on BN/bias=False)
  Backend:    mpi
  Algorithm:  recursive_doubling_zfp_online_coll
  ZFP rate:   8
  Epochs:     20
  Batch/rank: 4
  LR:         0.1
  Scheduler:  cosine
  Warmup:     0
  Grad clip:  None
  Drop last:  True
  Data dir:   ./data
================================================================================


================================================================================
DISTRIBUTED TRAINING LAUNCHER
================================================================================
  Model:      wide_resnet50_2 (CIFAR stem) (from scratch)
  Dataset:    cifar10 (10 classes)
  Image size: 32
  LR:         0.1
  Momentum:   0.9 (nesterov=True)
  Optimizer:  sgd
  Weight dec: 0.0005 (on BN/bias=False)
  Backend:    mpi
  Algorithm:  recursive_doubling_zfp_online_coll
  ZFP rate:   8
  Epochs:     20
  Batch/rank: 4
  LR:         0.1
  Scheduler:  cosine
  Warmup:     0
  Grad clip:  None
  Drop last:  True
  Data dir:   ./data
================================================================================


================================================================================
DISTRIBUTED TRAINING LAUNCHER
================================================================================
  Model:      wide_resnet50_2 (CIFAR stem) (from scratch)
  Dataset:    cifar10 (10 classes)
  Image size: 32
  LR:         0.1
  Momentum:   0.9 (nesterov=True)
  Optimizer:  sgd
  Weight dec: 0.0005 (on BN/bias=False)
  Backend:    mpi
  Algorithm:  recursive_doubling_zfp_online_coll
  ZFP rate:   8
  Epochs:     20
  Batch/rank: 4
  LR:         0.1
  Scheduler:  cosine
  Warmup:     0
  Grad clip:  None
  Drop last:  True
  Data dir:   ./data
================================================================================


================================================================================
DISTRIBUTED TRAINING LAUNCHER
================================================================================
  Model:      wide_resnet50_2 (CIFAR stem) (from scratch)
  Dataset:    cifar10 (10 classes)
  Image size: 32
  LR:         0.1
  Momentum:   0.9 (nesterov=True)
  Optimizer:  sgd
  Weight dec: 0.0005 (on BN/bias=False)
  Backend:    mpi
  Algorithm:  recursive_doubling_zfp_online_coll
  ZFP rate:   8
  Epochs:     20
  Batch/rank: 4
  LR:         0.1
  Scheduler:  cosine
  Warmup:     0
  Grad clip:  None
  Drop last:  True
  Data dir:   ./data
================================================================================


================================================================================
DISTRIBUTED TRAINING LAUNCHER
================================================================================
  Model:      wide_resnet50_2 (CIFAR stem) (from scratch)
  Dataset:    cifar10 (10 classes)
  Image size: 32
  LR:         0.1
  Momentum:   0.9 (nesterov=True)
  Optimizer:  sgd
  Weight dec: 0.0005 (on BN/bias=False)
  Backend:    mpi
  Algorithm:  recursive_doubling_zfp_online_coll
  ZFP rate:   8
  Epochs:     20
  Batch/rank: 4
  LR:         0.1
  Scheduler:  cosine
  Warmup:     0
  Grad clip:  None
  Drop last:  True
  Data dir:   ./data
================================================================================


================================================================================
DISTRIBUTED TRAINING LAUNCHER
================================================================================
  Model:      wide_resnet50_2 (CIFAR stem) (from scratch)
  Dataset:    cifar10 (10 classes)
  Image size: 32
  LR:         0.1
  Momentum:   0.9 (nesterov=True)
  Optimizer:  sgd
  Weight dec: 0.0005 (on BN/bias=False)
  Backend:    mpi
  Algorithm:  recursive_doubling_zfp_online_coll
  ZFP rate:   8
  Epochs:     20
  Batch/rank: 4
  LR:         0.1
  Scheduler:  cosine
  Warmup:     0
  Grad clip:  None
  Drop last:  True
  Data dir:   ./data
================================================================================


================================================================================
DISTRIBUTED TRAINING LAUNCHER
================================================================================
  Model:      wide_resnet50_2 (CIFAR stem) (from scratch)
  Dataset:    cifar10 (10 classes)
  Image size: 32
  LR:         0.1
  Momentum:   0.9 (nesterov=True)
  Optimizer:  sgd
  Weight dec: 0.0005 (on BN/bias=False)
  Backend:    mpi
  Algorithm:  recursive_doubling_zfp_online_coll
  ZFP rate:   8
  Epochs:     20
  Batch/rank: 4
  LR:         0.1
  Scheduler:  cosine
  Warmup:     0
  Grad clip:  None
  Drop last:  True
  Data dir:   ./data
================================================================================


================================================================================
DISTRIBUTED TRAINING LAUNCHER
================================================================================
  Model:      wide_resnet50_2 (CIFAR stem) (from scratch)
  Dataset:    cifar10 (10 classes)
  Image size: 32
  LR:         0.1
  Momentum:   0.9 (nesterov=True)
  Optimizer:  sgd
  Weight dec: 0.0005 (on BN/bias=False)
  Backend:    mpi
  Algorithm:  recursive_doubling_zfp_online_coll
  ZFP rate:   8
  Epochs:     20
  Batch/rank: 4
  LR:         0.1
  Scheduler:  cosine
  Warmup:     0
  Grad clip:  None
  Drop last:  True
  Data dir:   ./data
================================================================================

================================================================================
DISTRIBUTED TRAINING LAUNCHER
================================================================================
  Model:      wide_resnet50_2 (CIFAR stem) (from scratch)
  Dataset:    cifar10 (10 classes)
  Image size: 32
  LR:         0.1
  Momentum:   0.9 (nesterov=True)
  Optimizer:  sgd
  Weight dec: 0.0005 (on BN/bias=False)
  Backend:    mpi
  Algorithm:  recursive_doubling_zfp_online_coll
  ZFP rate:   8
  Epochs:     20
  Batch/rank: 4
  LR:         0.1
  Scheduler:  cosine
  Warmup:     0
  Grad clip:  None
  Drop last:  True
  Data dir:   ./data
================================================================================



================================================================================
DISTRIBUTED TRAINING LAUNCHER
================================================================================
  Model:      wide_resnet50_2 (CIFAR stem) (from scratch)
  Dataset:    cifar10 (10 classes)
  Image size: 32
  LR:         0.1
  Momentum:   0.9 (nesterov=True)
  Optimizer:  sgd
  Weight dec: 0.0005 (on BN/bias=False)
  Backend:    mpi
  Algorithm:  recursive_doubling_zfp_online_coll
  ZFP rate:   8
  Epochs:     20
  Batch/rank: 4
  LR:         0.1
  Scheduler:  cosine
  Warmup:     0
  Grad clip:  None
  Drop last:  True
  Data dir:   ./data
================================================================================


================================================================================
DISTRIBUTED TRAINING LAUNCHER
================================================================================
  Model:      wide_resnet50_2 (CIFAR stem) (from scratch)
  Dataset:    cifar10 (10 classes)
  Image size: 32
  LR:         0.1
  Momentum:   0.9 (nesterov=True)
  Optimizer:  sgd
  Weight dec: 0.0005 (on BN/bias=False)
  Backend:    mpi
  Algorithm:  recursive_doubling_zfp_online_coll
  ZFP rate:   8
  Epochs:     20
  Batch/rank: 4
  LR:         0.1
  Scheduler:  cosine
  Warmup:     0
  Grad clip:  None
  Drop last:  True
  Data dir:   ./data
================================================================================


================================================================================
DISTRIBUTED TRAINING LAUNCHER
================================================================================
  Model:      wide_resnet50_2 (CIFAR stem) (from scratch)
  Dataset:    cifar10 (10 classes)
  Image size: 32
  LR:         0.1
  Momentum:   0.9 (nesterov=True)
  Optimizer:  sgd
  Weight dec: 0.0005 (on BN/bias=False)
  Backend:    mpi
  Algorithm:  recursive_doubling_zfp_online_coll
  ZFP rate:   8
  Epochs:     20
  Batch/rank: 4
  LR:         0.1
  Scheduler:  cosine
  Warmup:     0
  Grad clip:  None
  Drop last:  True
  Data dir:   ./data
================================================================================


================================================================================
DISTRIBUTED TRAINING LAUNCHER
================================================================================
  Model:      wide_resnet50_2 (CIFAR stem) (from scratch)
  Dataset:    cifar10 (10 classes)
  Image size: 32
  LR:         0.1
  Momentum:   0.9 (nesterov=True)
  Optimizer:  sgd
  Weight dec: 0.0005 (on BN/bias=False)
  Backend:    mpi
  Algorithm:  recursive_doubling_zfp_online_coll
  ZFP rate:   8
  Epochs:     20
  Batch/rank: 4
  LR:         0.1
  Scheduler:  cosine
  Warmup:     0
  Grad clip:  None
  Drop last:  True
  Data dir:   ./data
================================================================================


================================================================================
DISTRIBUTED TRAINING LAUNCHER
================================================================================
  Model:      wide_resnet50_2 (CIFAR stem) (from scratch)
  Dataset:    cifar10 (10 classes)
  Image size: 32
  LR:         0.1
  Momentum:   0.9 (nesterov=True)
  Optimizer:  sgd
  Weight dec: 0.0005 (on BN/bias=False)
  Backend:    mpi
  Algorithm:  recursive_doubling_zfp_online_coll
  ZFP rate:   8
  Epochs:     20
  Batch/rank: 4
  LR:         0.1
  Scheduler:  cosine
  Warmup:     0
  Grad clip:  None
  Drop last:  True
  Data dir:   ./data
================================================================================


================================================================================
DISTRIBUTED TRAINING LAUNCHER
================================================================================
  Model:      wide_resnet50_2 (CIFAR stem) (from scratch)
  Dataset:    cifar10 (10 classes)
  Image size: 32
  LR:         0.1
  Momentum:   0.9 (nesterov=True)
  Optimizer:  sgd
  Weight dec: 0.0005 (on BN/bias=False)
  Backend:    mpi
  Algorithm:  recursive_doubling_zfp_online_coll
  ZFP rate:   8
  Epochs:     20
  Batch/rank: 4
  LR:         0.1
  Scheduler:  cosine
  Warmup:     0
  Grad clip:  None
  Drop last:  True
  Data dir:   ./data
================================================================================


================================================================================
DISTRIBUTED TRAINING LAUNCHER
================================================================================
  Model:      wide_resnet50_2 (CIFAR stem) (from scratch)
  Dataset:    cifar10 (10 classes)
  Image size: 32
  LR:         0.1
  Momentum:   0.9 (nesterov=True)
  Optimizer:  sgd
  Weight dec: 0.0005 (on BN/bias=False)
  Backend:    mpi
  Algorithm:  recursive_doubling_zfp_online_coll
  ZFP rate:   8
  Epochs:     20
  Batch/rank: 4
  LR:         0.1
  Scheduler:  cosine
  Warmup:     0
  Grad clip:  None
  Drop last:  True
  Data dir:   ./data
================================================================================


================================================================================
DISTRIBUTED TRAINING LAUNCHER
================================================================================
  Model:      wide_resnet50_2 (CIFAR stem) (from scratch)
  Dataset:    cifar10 (10 classes)
  Image size: 32
  LR:         0.1
  Momentum:   0.9 (nesterov=True)
  Optimizer:  sgd
  Weight dec: 0.0005 (on BN/bias=False)
  Backend:    mpi
  Algorithm:  recursive_doubling_zfp_online_coll
  ZFP rate:   8
  Epochs:     20
  Batch/rank: 4
  LR:         0.1
  Scheduler:  cosine
  Warmup:     0
  Grad clip:  None
  Drop last:  True
  Data dir:   ./data
================================================================================


================================================================================
DISTRIBUTED TRAINING LAUNCHER
================================================================================
  Model:      wide_resnet50_2 (CIFAR stem) (from scratch)
  Dataset:    cifar10 (10 classes)
  Image size: 32
  LR:         0.1
  Momentum:   0.9 (nesterov=True)
  Optimizer:  sgd
  Weight dec: 0.0005 (on BN/bias=False)
  Backend:    mpi
  Algorithm:  recursive_doubling_zfp_online_coll
  ZFP rate:   8
  Epochs:     20
  Batch/rank: 4
  LR:         0.1
  Scheduler:  cosine
  Warmup:     0
  Grad clip:  None
  Drop last:  True
  Data dir:   ./data
================================================================================


================================================================================
DISTRIBUTED TRAINING LAUNCHER
================================================================================
  Model:      wide_resnet50_2 (CIFAR stem) (from scratch)
  Dataset:    cifar10 (10 classes)
  Image size: 32
  LR:         0.1
  Momentum:   0.9 (nesterov=True)
  Optimizer:  sgd
  Weight dec: 0.0005 (on BN/bias=False)
  Backend:    mpi
  Algorithm:  recursive_doubling_zfp_online_coll
  ZFP rate:   8
  Epochs:     20
  Batch/rank: 4
  LR:         0.1
  Scheduler:  cosine
  Warmup:     0
  Grad clip:  None
  Drop last:  True
  Data dir:   ./data
================================================================================


================================================================================
DISTRIBUTED TRAINING LAUNCHER
================================================================================
  Model:      wide_resnet50_2 (CIFAR stem) (from scratch)
  Dataset:    cifar10 (10 classes)
  Image size: 32
  LR:         0.1
  Momentum:   0.9 (nesterov=True)
  Optimizer:  sgd
  Weight dec: 0.0005 (on BN/bias=False)
  Backend:    mpi
  Algorithm:  recursive_doubling_zfp_online_coll
  ZFP rate:   8
  Epochs:     20
  Batch/rank: 4
  LR:         0.1
  Scheduler:  cosine
  Warmup:     0
  Grad clip:  None
  Drop last:  True
  Data dir:   ./data
================================================================================


================================================================================
DISTRIBUTED TRAINING LAUNCHER
================================================================================
  Model:      wide_resnet50_2 (CIFAR stem) (from scratch)
  Dataset:    cifar10 (10 classes)
  Image size: 32
  LR:         0.1
  Momentum:   0.9 (nesterov=True)
  Optimizer:  sgd
  Weight dec: 0.0005 (on BN/bias=False)
  Backend:    mpi
  Algorithm:  recursive_doubling_zfp_online_coll
  ZFP rate:   8
  Epochs:     20
  Batch/rank: 4
  LR:         0.1
  Scheduler:  cosine
  Warmup:     0
  Grad clip:  None
  Drop last:  True
  Data dir:   ./data
================================================================================


================================================================================
Distributed Training: WIDE_RESNET50_2 on CIFAR10
Backend: MPI, Algorithm: recursive_doubling_zfp_online_coll
================================================================================
Ranks: 32, Epochs: 20, Batch/rank: 4, Effective batch: 128
LR: 0.1, Device: cuda:0

[Cache] Pretrained weights cache (TORCH_HOME) = /lustre/orion/gen243/proj-shared/matilderestelli/pretrained_weights_cache
[Setup] Model on cuda:0, wrapped in DDP (static_graph=True)
[Setup] Hook registered: mpi/recursive_doubling_zfp_online_coll
[Optim] SGD: lr=0.1 momentum=0.9 nesterov=True wd=0.0005 wd_on_bn_bias=False
[Optim]   group 0: 66,778,816 params, wd=0.0005
[Optim]   group 1: 68,234 params, wd=0.0
[Data] Train batches: 390, Val batches: 2500

[Sched] cosine: steps/epoch=390, total_steps=7800, warmup_steps=0 (0 epochs)


[Epoch 1] Training... (lr at epoch start=0.100000)
  Batch [50/390] Loss: 6.9575, Acc: 10.00%, lr: 0.099990
  Batch [100/390] Loss: 4.6412, Acc: 11.00%, lr: 0.099959
  Batch [150/390] Loss: 3.8605, Acc: 12.00%, lr: 0.099909
  Batch [200/390] Loss: 3.4681, Acc: 12.62%, lr: 0.099838
  Batch [250/390] Loss: 3.2328, Acc: 13.30%, lr: 0.099747
  Batch [300/390] Loss: 3.0740, Acc: 13.17%, lr: 0.099635
  Batch [350/390] Loss: 2.9610, Acc: 13.71%, lr: 0.099504
[Epoch 1] Train Loss: 2.8856, Acc: 14.23%  |  Val Loss: 2.3592, Acc: 14.32%  |  Time: 63.9s
[Epoch 1] t_iter median: 95.10 ms  (fwd 12.57 | bwd+comm 77.14 | opt 5.31 | data 0.08)  |  train-only epoch: 39.4s
  -> Best model saved (14.32%)
[Epoch 1] Summarizing hook timing...

[HOOK_TIMING_SUMMARY] epoch=1
[HOOK_WORK_SUMMARY] label=mpi:recursive_doubling_zfp_online_coll:rate8 calls=3113 work_total_ms=25455.725 work_mean_ms=8.177 work_min_ms=3.926 work_max_ms=233.692
[HOOK_TAIL_SUMMARY] label=mpi:recursive_doubling_zfp_online_coll:rate8 steps=391 tail_total_ms=20370.305 tail_mean_ms=52.098 tail_min_ms=13.703 tail_max_ms=243.661
[Epoch 1] Hook timing summary done

[Epoch 2] Training... (lr at epoch start=0.099384)
  Batch [50/390] Loss: 2.2429, Acc: 15.00%, lr: 0.099217
  Batch [100/390] Loss: 2.2390, Acc: 13.75%, lr: 0.099029
  Batch [150/390] Loss: 2.2514, Acc: 14.67%, lr: 0.098822
  Batch [200/390] Loss: 2.2604, Acc: 14.50%, lr: 0.098595
  Batch [250/390] Loss: 2.2549, Acc: 15.20%, lr: 0.098348
  Batch [300/390] Loss: 2.2520, Acc: 15.33%, lr: 0.098082
  Batch [350/390] Loss: 2.2426, Acc: 15.57%, lr: 0.097796
[Epoch 2] Train Loss: 2.2391, Acc: 15.90%  |  Val Loss: 2.2475, Acc: 17.09%  |  Time: 62.9s
[Epoch 2] t_iter median: 97.26 ms  (fwd 13.16 | bwd+comm 78.69 | opt 5.33 | data 0.08)  |  train-only epoch: 38.1s
  -> Best model saved (17.09%)
[Epoch 2] Summarizing hook timing...

[HOOK_TIMING_SUMMARY] epoch=2
[HOOK_WORK_SUMMARY] label=mpi:recursive_doubling_zfp_online_coll:rate8 calls=3120 work_total_ms=25969.920 work_mean_ms=8.324 work_min_ms=3.984 work_max_ms=21.575
[HOOK_TAIL_SUMMARY] label=mpi:recursive_doubling_zfp_online_coll:rate8 steps=390 tail_total_ms=20834.568 tail_mean_ms=53.422 tail_min_ms=40.792 tail_max_ms=91.662
[Epoch 2] Hook timing summary done

[Epoch 3] Training... (lr at epoch start=0.097553)
  Batch [50/390] Loss: 2.1695, Acc: 19.50%, lr: 0.097232
  Batch [100/390] Loss: 2.1988, Acc: 17.00%, lr: 0.096892
  Batch [150/390] Loss: 2.2055, Acc: 17.67%, lr: 0.096533
  Batch [200/390] Loss: 2.1946, Acc: 18.38%, lr: 0.096155
  Batch [250/390] Loss: 2.1738, Acc: 19.20%, lr: 0.095759
  Batch [300/390] Loss: 2.1645, Acc: 18.67%, lr: 0.095344
  Batch [350/390] Loss: 2.1767, Acc: 18.00%, lr: 0.094910
[Epoch 3] Train Loss: 2.1630, Acc: 18.78%  |  Val Loss: 2.1838, Acc: 23.36%  |  Time: 63.2s
[Epoch 3] t_iter median: 97.76 ms  (fwd 13.40 | bwd+comm 78.93 | opt 5.33 | data 0.08)  |  train-only epoch: 38.5s
  -> Best model saved (23.36%)
[Epoch 3] Summarizing hook timing...

[HOOK_TIMING_SUMMARY] epoch=3
[HOOK_WORK_SUMMARY] label=mpi:recursive_doubling_zfp_online_coll:rate8 calls=3120 work_total_ms=26281.317 work_mean_ms=8.423 work_min_ms=3.975 work_max_ms=48.991
[HOOK_TAIL_SUMMARY] label=mpi:recursive_doubling_zfp_online_coll:rate8 steps=390 tail_total_ms=20946.878 tail_mean_ms=53.710 tail_min_ms=34.568 tail_max_ms=142.404
[Epoch 3] Hook timing summary done

[Epoch 4] Training... (lr at epoch start=0.094550)
  Batch [50/390] Loss: 2.0632, Acc: 22.50%, lr: 0.094084
  Batch [100/390] Loss: 2.1022, Acc: 20.25%, lr: 0.093600
  Batch [150/390] Loss: 2.0681, Acc: 20.67%, lr: 0.093098
  Batch [200/390] Loss: 2.0662, Acc: 20.50%, lr: 0.092579
  Batch [250/390] Loss: 2.0672, Acc: 21.50%, lr: 0.092043
  Batch [300/390] Loss: 2.0535, Acc: 22.58%, lr: 0.091489
  Batch [350/390] Loss: 2.0657, Acc: 22.07%, lr: 0.090919
[Epoch 4] Train Loss: 2.0600, Acc: 22.88%  |  Val Loss: 2.6223, Acc: 26.66%  |  Time: 63.3s
[Epoch 4] t_iter median: 98.03 ms  (fwd 13.55 | bwd+comm 79.09 | opt 5.32 | data 0.08)  |  train-only epoch: 38.4s
  -> Best model saved (26.66%)
[Epoch 4] Summarizing hook timing...

[HOOK_TIMING_SUMMARY] epoch=4
[HOOK_WORK_SUMMARY] label=mpi:recursive_doubling_zfp_online_coll:rate8 calls=3120 work_total_ms=26179.648 work_mean_ms=8.391 work_min_ms=3.922 work_max_ms=22.905
[HOOK_TAIL_SUMMARY] label=mpi:recursive_doubling_zfp_online_coll:rate8 steps=390 tail_total_ms=20848.613 tail_mean_ms=53.458 tail_min_ms=42.198 tail_max_ms=66.572
[Epoch 4] Hook timing summary done

[Epoch 5] Training... (lr at epoch start=0.090451)
  Batch [50/390] Loss: 2.0425, Acc: 24.00%, lr: 0.089851
  Batch [100/390] Loss: 2.0387, Acc: 25.25%, lr: 0.089235
  Batch [150/390] Loss: 2.0175, Acc: 26.00%, lr: 0.088603
  Batch [200/390] Loss: 2.0122, Acc: 26.62%, lr: 0.087955
  Batch [250/390] Loss: 2.0134, Acc: 27.20%, lr: 0.087292
  Batch [300/390] Loss: 2.0073, Acc: 27.00%, lr: 0.086613
  Batch [350/390] Loss: 1.9891, Acc: 27.71%, lr: 0.085920
[Epoch 5] Train Loss: 1.9869, Acc: 27.95%  |  Val Loss: 2.1733, Acc: 31.97%  |  Time: 63.6s
[Epoch 5] t_iter median: 98.35 ms  (fwd 13.53 | bwd+comm 79.44 | opt 5.33 | data 0.08)  |  train-only epoch: 38.6s
  -> Best model saved (31.97%)
[Epoch 5] Summarizing hook timing...

[HOOK_TIMING_SUMMARY] epoch=5
[HOOK_WORK_SUMMARY] label=mpi:recursive_doubling_zfp_online_coll:rate8 calls=3120 work_total_ms=26313.333 work_mean_ms=8.434 work_min_ms=4.014 work_max_ms=40.615
[HOOK_TAIL_SUMMARY] label=mpi:recursive_doubling_zfp_online_coll:rate8 steps=390 tail_total_ms=20696.444 tail_mean_ms=53.068 tail_min_ms=42.861 tail_max_ms=79.132
[Epoch 5] Hook timing summary done

[Epoch 6] Training... (lr at epoch start=0.085355)
  Batch [50/390] Loss: 1.8508, Acc: 35.00%, lr: 0.084636
  Batch [100/390] Loss: 1.8770, Acc: 31.25%, lr: 0.083903
  Batch [150/390] Loss: 1.8469, Acc: 32.00%, lr: 0.083156
  Batch [200/390] Loss: 1.8375, Acc: 31.38%, lr: 0.082396
  Batch [250/390] Loss: 1.8206, Acc: 31.70%, lr: 0.081622
  Batch [300/390] Loss: 1.8186, Acc: 32.00%, lr: 0.080836
  Batch [350/390] Loss: 1.8169, Acc: 32.14%, lr: 0.080037
[Epoch 6] Train Loss: 1.8047, Acc: 33.08%  |  Val Loss: 1.7102, Acc: 37.47%  |  Time: 64.0s
[Epoch 6] t_iter median: 98.45 ms  (fwd 13.71 | bwd+comm 79.34 | opt 5.33 | data 0.08)  |  train-only epoch: 38.9s
  -> Best model saved (37.47%)
[Epoch 6] Summarizing hook timing...

[HOOK_TIMING_SUMMARY] epoch=6
[HOOK_WORK_SUMMARY] label=mpi:recursive_doubling_zfp_online_coll:rate8 calls=3120 work_total_ms=26647.555 work_mean_ms=8.541 work_min_ms=4.017 work_max_ms=71.112
[HOOK_TAIL_SUMMARY] label=mpi:recursive_doubling_zfp_online_coll:rate8 steps=390 tail_total_ms=20878.420 tail_mean_ms=53.534 tail_min_ms=42.251 tail_max_ms=311.479
[Epoch 6] Hook timing summary done

[Epoch 7] Training... (lr at epoch start=0.079389)
  Batch [50/390] Loss: 1.7789, Acc: 39.00%, lr: 0.078569
  Batch [100/390] Loss: 1.7940, Acc: 37.00%, lr: 0.077737
  Batch [150/390] Loss: 1.7970, Acc: 35.83%, lr: 0.076893
  Batch [200/390] Loss: 1.7682, Acc: 36.75%, lr: 0.076039
  Batch [250/390] Loss: 1.7593, Acc: 37.10%, lr: 0.075174
  Batch [300/390] Loss: 1.7569, Acc: 37.00%, lr: 0.074299
  Batch [350/390] Loss: 1.7458, Acc: 37.50%, lr: 0.073414
[Epoch 7] Train Loss: 1.7341, Acc: 38.14%  |  Val Loss: 1.7067, Acc: 39.73%  |  Time: 63.9s
[Epoch 7] t_iter median: 98.55 ms  (fwd 13.73 | bwd+comm 79.45 | opt 5.33 | data 0.08)  |  train-only epoch: 38.6s
  -> Best model saved (39.73%)
[Epoch 7] Summarizing hook timing...

[HOOK_TIMING_SUMMARY] epoch=7
[HOOK_WORK_SUMMARY] label=mpi:recursive_doubling_zfp_online_coll:rate8 calls=3120 work_total_ms=26321.715 work_mean_ms=8.436 work_min_ms=3.963 work_max_ms=21.679
[HOOK_TAIL_SUMMARY] label=mpi:recursive_doubling_zfp_online_coll:rate8 steps=390 tail_total_ms=20807.114 tail_mean_ms=53.352 tail_min_ms=42.834 tail_max_ms=67.489
[Epoch 7] Hook timing summary done

[Epoch 8] Training... (lr at epoch start=0.072700)
  Batch [50/390] Loss: 1.7378, Acc: 35.50%, lr: 0.071798
  Batch [100/390] Loss: 1.7413, Acc: 36.25%, lr: 0.070887
  Batch [150/390] Loss: 1.6695, Acc: 39.33%, lr: 0.069968
  Batch [200/390] Loss: 1.7038, Acc: 38.88%, lr: 0.069041
  Batch [250/390] Loss: 1.6761, Acc: 39.40%, lr: 0.068106
  Batch [300/390] Loss: 1.6618, Acc: 39.75%, lr: 0.067164
  Batch [350/390] Loss: 1.6587, Acc: 39.93%, lr: 0.066215
[Epoch 8] Train Loss: 1.6619, Acc: 39.55%  |  Val Loss: 1.5743, Acc: 43.84%  |  Time: 63.9s
[Epoch 8] t_iter median: 98.50 ms  (fwd 13.68 | bwd+comm 79.36 | opt 5.33 | data 0.08)  |  train-only epoch: 38.6s
  -> Best model saved (43.84%)
[Epoch 8] Summarizing hook timing...

[HOOK_TIMING_SUMMARY] epoch=8
[HOOK_WORK_SUMMARY] label=mpi:recursive_doubling_zfp_online_coll:rate8 calls=3120 work_total_ms=26286.553 work_mean_ms=8.425 work_min_ms=3.839 work_max_ms=21.736
[HOOK_TAIL_SUMMARY] label=mpi:recursive_doubling_zfp_online_coll:rate8 steps=390 tail_total_ms=20490.193 tail_mean_ms=52.539 tail_min_ms=42.431 tail_max_ms=66.117
[Epoch 8] Hook timing summary done

[Epoch 9] Training... (lr at epoch start=0.065451)
  Batch [50/390] Loss: 1.6210, Acc: 43.00%, lr: 0.064490
  Batch [100/390] Loss: 1.6675, Acc: 38.50%, lr: 0.063524
  Batch [150/390] Loss: 1.6531, Acc: 40.00%, lr: 0.062551
  Batch [200/390] Loss: 1.6423, Acc: 40.25%, lr: 0.061574
  Batch [250/390] Loss: 1.6320, Acc: 40.30%, lr: 0.060592
  Batch [300/390] Loss: 1.6331, Acc: 40.42%, lr: 0.059606
  Batch [350/390] Loss: 1.6393, Acc: 40.21%, lr: 0.058616
[Epoch 9] Train Loss: 1.6333, Acc: 40.32%  |  Val Loss: 1.5312, Acc: 44.85%  |  Time: 63.9s
[Epoch 9] t_iter median: 98.14 ms  (fwd 13.65 | bwd+comm 79.06 | opt 5.33 | data 0.08)  |  train-only epoch: 38.4s
  -> Best model saved (44.85%)
[Epoch 9] Summarizing hook timing...

[HOOK_TIMING_SUMMARY] epoch=9
[HOOK_WORK_SUMMARY] label=mpi:recursive_doubling_zfp_online_coll:rate8 calls=3120 work_total_ms=26119.633 work_mean_ms=8.372 work_min_ms=3.942 work_max_ms=19.468
[HOOK_TAIL_SUMMARY] label=mpi:recursive_doubling_zfp_online_coll:rate8 steps=390 tail_total_ms=20522.643 tail_mean_ms=52.622 tail_min_ms=42.159 tail_max_ms=68.101
[Epoch 9] Hook timing summary done

[Epoch 10] Training... (lr at epoch start=0.057822)
  Batch [50/390] Loss: 1.5572, Acc: 44.00%, lr: 0.056826
  Batch [100/390] Loss: 1.6164, Acc: 40.75%, lr: 0.055827
  Batch [150/390] Loss: 1.5583, Acc: 43.83%, lr: 0.054826
  Batch [200/390] Loss: 1.5294, Acc: 44.38%, lr: 0.053823
  Batch [250/390] Loss: 1.5337, Acc: 44.60%, lr: 0.052818
  Batch [300/390] Loss: 1.5307, Acc: 44.83%, lr: 0.051812
  Batch [350/390] Loss: 1.5367, Acc: 44.57%, lr: 0.050806
[Epoch 10] Train Loss: 1.5479, Acc: 44.04%  |  Val Loss: 1.4590, Acc: 47.52%  |  Time: 64.3s
[Epoch 10] t_iter median: 98.27 ms  (fwd 13.68 | bwd+comm 79.22 | opt 5.33 | data 0.08)  |  train-only epoch: 38.9s
  -> Best model saved (47.52%)
[Epoch 10] Summarizing hook timing...

[HOOK_TIMING_SUMMARY] epoch=10
[HOOK_WORK_SUMMARY] label=mpi:recursive_doubling_zfp_online_coll:rate8 calls=3120 work_total_ms=26518.686 work_mean_ms=8.500 work_min_ms=3.964 work_max_ms=70.597
[HOOK_TAIL_SUMMARY] label=mpi:recursive_doubling_zfp_online_coll:rate8 steps=390 tail_total_ms=20836.694 tail_mean_ms=53.427 tail_min_ms=42.126 tail_max_ms=126.390
[Epoch 10] Hook timing summary done

[Epoch 11] Training... (lr at epoch start=0.050000)
  Batch [50/390] Loss: 1.5602, Acc: 50.00%, lr: 0.048993
  Batch [100/390] Loss: 1.5781, Acc: 45.50%, lr: 0.047987
  Batch [150/390] Loss: 1.5544, Acc: 45.33%, lr: 0.046981
  Batch [200/390] Loss: 1.5128, Acc: 46.25%, lr: 0.045977
  Batch [250/390] Loss: 1.4921, Acc: 46.30%, lr: 0.044974
  Batch [300/390] Loss: 1.5063, Acc: 45.50%, lr: 0.043973
  Batch [350/390] Loss: 1.4966, Acc: 45.86%, lr: 0.042975
[Epoch 11] Train Loss: 1.4902, Acc: 45.77%  |  Val Loss: 1.4580, Acc: 48.75%  |  Time: 65.3s
[Epoch 11] t_iter median: 98.76 ms  (fwd 13.75 | bwd+comm 79.64 | opt 5.33 | data 0.08)  |  train-only epoch: 39.7s
  -> Best model saved (48.75%)
[Epoch 11] Summarizing hook timing...

[HOOK_TIMING_SUMMARY] epoch=11
[HOOK_WORK_SUMMARY] label=mpi:recursive_doubling_zfp_online_coll:rate8 calls=3120 work_total_ms=27234.751 work_mean_ms=8.729 work_min_ms=3.989 work_max_ms=125.158
[HOOK_TAIL_SUMMARY] label=mpi:recursive_doubling_zfp_online_coll:rate8 steps=390 tail_total_ms=21643.799 tail_mean_ms=55.497 tail_min_ms=33.434 tail_max_ms=404.472
[Epoch 11] Hook timing summary done

[Epoch 12] Training... (lr at epoch start=0.042178)
  Batch [50/390] Loss: 1.3100, Acc: 59.00%, lr: 0.041185
  Batch [100/390] Loss: 1.3305, Acc: 52.75%, lr: 0.040196
  Batch [150/390] Loss: 1.3870, Acc: 49.83%, lr: 0.039211
  Batch [200/390] Loss: 1.3889, Acc: 50.38%, lr: 0.038230
  Batch [250/390] Loss: 1.3947, Acc: 49.90%, lr: 0.037254
  Batch [300/390] Loss: 1.3634, Acc: 50.42%, lr: 0.036283
  Batch [350/390] Loss: 1.3645, Acc: 50.14%, lr: 0.035317
[Epoch 12] Train Loss: 1.3714, Acc: 49.74%  |  Val Loss: 1.4733, Acc: 50.78%  |  Time: 64.0s
[Epoch 12] t_iter median: 98.63 ms  (fwd 13.80 | bwd+comm 79.40 | opt 5.33 | data 0.08)  |  train-only epoch: 38.7s
  -> Best model saved (50.78%)
[Epoch 12] Summarizing hook timing...

[HOOK_TIMING_SUMMARY] epoch=12
[HOOK_WORK_SUMMARY] label=mpi:recursive_doubling_zfp_online_coll:rate8 calls=3120 work_total_ms=26339.698 work_mean_ms=8.442 work_min_ms=3.958 work_max_ms=21.385
[HOOK_TAIL_SUMMARY] label=mpi:recursive_doubling_zfp_online_coll:rate8 steps=390 tail_total_ms=20641.664 tail_mean_ms=52.927 tail_min_ms=42.402 tail_max_ms=66.368
[Epoch 12] Hook timing summary done

[Epoch 13] Training... (lr at epoch start=0.034549)
  Batch [50/390] Loss: 1.3066, Acc: 52.00%, lr: 0.033595
  Batch [100/390] Loss: 1.3158, Acc: 50.00%, lr: 0.032647
  Batch [150/390] Loss: 1.3285, Acc: 49.67%, lr: 0.031706
  Batch [200/390] Loss: 1.3370, Acc: 49.12%, lr: 0.030773
  Batch [250/390] Loss: 1.3617, Acc: 48.00%, lr: 0.029847
  Batch [300/390] Loss: 1.3811, Acc: 47.33%, lr: 0.028930
  Batch [350/390] Loss: 1.3970, Acc: 47.00%, lr: 0.028021
[Epoch 13] Train Loss: 1.3781, Acc: 48.01%  |  Val Loss: 1.2985, Acc: 56.23%  |  Time: 64.7s
[Epoch 13] t_iter median: 99.06 ms  (fwd 13.89 | bwd+comm 79.82 | opt 5.33 | data 0.08)  |  train-only epoch: 38.8s
  -> Best model saved (56.23%)
[Epoch 13] Summarizing hook timing...

[HOOK_TIMING_SUMMARY] epoch=13
[HOOK_WORK_SUMMARY] label=mpi:recursive_doubling_zfp_online_coll:rate8 calls=3120 work_total_ms=26461.567 work_mean_ms=8.481 work_min_ms=3.956 work_max_ms=23.064
[HOOK_TAIL_SUMMARY] label=mpi:recursive_doubling_zfp_online_coll:rate8 steps=390 tail_total_ms=20918.513 tail_mean_ms=53.637 tail_min_ms=34.307 tail_max_ms=66.750
[Epoch 13] Hook timing summary done

[Epoch 14] Training... (lr at epoch start=0.027300)
  Batch [50/390] Loss: 1.3102, Acc: 50.50%, lr: 0.026408
  Batch [100/390] Loss: 1.2753, Acc: 52.50%, lr: 0.025525
  Batch [150/390] Loss: 1.3183, Acc: 52.00%, lr: 0.024652
  Batch [200/390] Loss: 1.3150, Acc: 51.88%, lr: 0.023789
  Batch [250/390] Loss: 1.3306, Acc: 52.10%, lr: 0.022937
  Batch [300/390] Loss: 1.3397, Acc: 51.67%, lr: 0.022096
  Batch [350/390] Loss: 1.3204, Acc: 52.21%, lr: 0.021266
[Epoch 14] Train Loss: 1.3035, Acc: 52.95%  |  Val Loss: 1.5340, Acc: 56.47%  |  Time: 64.5s
[Epoch 14] t_iter median: 98.59 ms  (fwd 13.79 | bwd+comm 79.35 | opt 5.33 | data 0.08)  |  train-only epoch: 38.7s
  -> Best model saved (56.47%)
[Epoch 14] Summarizing hook timing...

[HOOK_TIMING_SUMMARY] epoch=14
[HOOK_WORK_SUMMARY] label=mpi:recursive_doubling_zfp_online_coll:rate8 calls=3120 work_total_ms=26255.992 work_mean_ms=8.415 work_min_ms=4.000 work_max_ms=24.667
[HOOK_TAIL_SUMMARY] label=mpi:recursive_doubling_zfp_online_coll:rate8 steps=390 tail_total_ms=20788.933 tail_mean_ms=53.305 tail_min_ms=42.372 tail_max_ms=67.135
[Epoch 14] Hook timing summary done

[Epoch 15] Training... (lr at epoch start=0.020611)
  Batch [50/390] Loss: 1.2486, Acc: 51.50%, lr: 0.019802
  Batch [100/390] Loss: 1.3547, Acc: 47.00%, lr: 0.019006
  Batch [150/390] Loss: 1.3201, Acc: 49.33%, lr: 0.018222
  Batch [200/390] Loss: 1.3170, Acc: 49.88%, lr: 0.017451
  Batch [250/390] Loss: 1.2960, Acc: 51.10%, lr: 0.016693
  Batch [300/390] Loss: 1.2873, Acc: 51.42%, lr: 0.015949
  Batch [350/390] Loss: 1.2955, Acc: 51.93%, lr: 0.015219
[Epoch 15] Train Loss: 1.2985, Acc: 52.24%  |  Val Loss: 1.6579, Acc: 55.31%  |  Time: 64.8s
[Epoch 15] t_iter median: 98.66 ms  (fwd 13.87 | bwd+comm 79.41 | opt 5.34 | data 0.08)  |  train-only epoch: 38.7s
[Epoch 15] Summarizing hook timing...

[HOOK_TIMING_SUMMARY] epoch=15
[HOOK_WORK_SUMMARY] label=mpi:recursive_doubling_zfp_online_coll:rate8 calls=3120 work_total_ms=26292.860 work_mean_ms=8.427 work_min_ms=4.020 work_max_ms=23.453
[HOOK_TAIL_SUMMARY] label=mpi:recursive_doubling_zfp_online_coll:rate8 steps=390 tail_total_ms=20763.640 tail_mean_ms=53.240 tail_min_ms=42.764 tail_max_ms=66.540
[Epoch 15] Hook timing summary done

[Epoch 16] Training... (lr at epoch start=0.014645)
  Batch [50/390] Loss: 1.1930, Acc: 58.00%, lr: 0.013940
  Batch [100/390] Loss: 1.2444, Acc: 56.75%, lr: 0.013250
  Batch [150/390] Loss: 1.2425, Acc: 56.50%, lr: 0.012574
  Batch [200/390] Loss: 1.2161, Acc: 57.75%, lr: 0.011914
  Batch [250/390] Loss: 1.2148, Acc: 57.10%, lr: 0.011270
  Batch [300/390] Loss: 1.2282, Acc: 57.08%, lr: 0.010641
  Batch [350/390] Loss: 1.2147, Acc: 57.14%, lr: 0.010028
[Epoch 16] Train Loss: 1.2126, Acc: 57.37%  |  Val Loss: 1.4158, Acc: 59.28%  |  Time: 66.2s
[Epoch 16] t_iter median: 98.61 ms  (fwd 13.69 | bwd+comm 79.49 | opt 5.32 | data 0.08)  |  train-only epoch: 38.7s
  -> Best model saved (59.28%)
[Epoch 16] Summarizing hook timing...

[HOOK_TIMING_SUMMARY] epoch=16
[HOOK_WORK_SUMMARY] label=mpi:recursive_doubling_zfp_online_coll:rate8 calls=3120 work_total_ms=26258.621 work_mean_ms=8.416 work_min_ms=3.993 work_max_ms=22.993
[HOOK_TAIL_SUMMARY] label=mpi:recursive_doubling_zfp_online_coll:rate8 steps=390 tail_total_ms=21031.574 tail_mean_ms=53.927 tail_min_ms=35.372 tail_max_ms=67.949
[Epoch 16] Hook timing summary done

[Epoch 17] Training... (lr at epoch start=0.009549)
  Batch [50/390] Loss: 1.2289, Acc: 58.00%, lr: 0.008966
  Batch [100/390] Loss: 1.2269, Acc: 56.00%, lr: 0.008399
  Batch [150/390] Loss: 1.2550, Acc: 55.50%, lr: 0.007848
  Batch [200/390] Loss: 1.2208, Acc: 56.25%, lr: 0.007315
  Batch [250/390] Loss: 1.2137, Acc: 56.60%, lr: 0.006800
  Batch [300/390] Loss: 1.1932, Acc: 56.92%, lr: 0.006302
  Batch [350/390] Loss: 1.1771, Acc: 57.50%, lr: 0.005821
[Epoch 17] Train Loss: 1.1714, Acc: 57.88%  |  Val Loss: 1.2072, Acc: 61.66%  |  Time: 65.0s
[Epoch 17] t_iter median: 98.48 ms  (fwd 13.78 | bwd+comm 79.40 | opt 5.33 | data 0.08)  |  train-only epoch: 38.7s
  -> Best model saved (61.66%)
[Epoch 17] Summarizing hook timing...

[HOOK_TIMING_SUMMARY] epoch=17
[HOOK_WORK_SUMMARY] label=mpi:recursive_doubling_zfp_online_coll:rate8 calls=3120 work_total_ms=26299.331 work_mean_ms=8.429 work_min_ms=3.986 work_max_ms=23.275
[HOOK_TAIL_SUMMARY] label=mpi:recursive_doubling_zfp_online_coll:rate8 steps=390 tail_total_ms=20888.200 tail_mean_ms=53.559 tail_min_ms=42.693 tail_max_ms=67.850
[Epoch 17] Hook timing summary done

[Epoch 18] Training... (lr at epoch start=0.005450)
  Batch [50/390] Loss: 1.2084, Acc: 53.00%, lr: 0.005002
  Batch [100/390] Loss: 1.2181, Acc: 54.75%, lr: 0.004572
  Batch [150/390] Loss: 1.2117, Acc: 55.17%, lr: 0.004160
  Batch [200/390] Loss: 1.1926, Acc: 56.00%, lr: 0.003768
  Batch [250/390] Loss: 1.2099, Acc: 55.20%, lr: 0.003394
  Batch [300/390] Loss: 1.1879, Acc: 56.00%, lr: 0.003038
  Batch [350/390] Loss: 1.1661, Acc: 57.00%, lr: 0.002702
[Epoch 18] Train Loss: 1.1762, Acc: 56.92%  |  Val Loss: 2.1775, Acc: 61.57%  |  Time: 64.9s
[Epoch 18] t_iter median: 98.68 ms  (fwd 13.83 | bwd+comm 79.42 | opt 5.33 | data 0.08)  |  train-only epoch: 38.7s
[Epoch 18] Summarizing hook timing...

[HOOK_TIMING_SUMMARY] epoch=18
[HOOK_WORK_SUMMARY] label=mpi:recursive_doubling_zfp_online_coll:rate8 calls=3120 work_total_ms=26312.754 work_mean_ms=8.434 work_min_ms=4.009 work_max_ms=21.434
[HOOK_TAIL_SUMMARY] label=mpi:recursive_doubling_zfp_online_coll:rate8 steps=390 tail_total_ms=21010.011 tail_mean_ms=53.872 tail_min_ms=42.676 tail_max_ms=68.229
[Epoch 18] Hook timing summary done

[Epoch 19] Training... (lr at epoch start=0.002447)
  Batch [50/390] Loss: 1.1229, Acc: 60.00%, lr: 0.002146
  Batch [100/390] Loss: 1.1077, Acc: 62.50%, lr: 0.001864
  Batch [150/390] Loss: 1.0771, Acc: 63.33%, lr: 0.001601
  Batch [200/390] Loss: 1.0758, Acc: 62.25%, lr: 0.001358
  Batch [250/390] Loss: 1.0996, Acc: 60.90%, lr: 0.001135
  Batch [300/390] Loss: 1.1280, Acc: 58.83%, lr: 0.000931
  Batch [350/390] Loss: 1.1335, Acc: 58.36%, lr: 0.000748
[Epoch 19] Train Loss: 1.1337, Acc: 58.27%  |  Val Loss: 1.6579, Acc: 63.29%  |  Time: 65.3s
[Epoch 19] t_iter median: 99.07 ms  (fwd 13.92 | bwd+comm 79.71 | opt 5.33 | data 0.08)  |  train-only epoch: 38.8s
  -> Best model saved (63.29%)
[Epoch 19] Summarizing hook timing...

[HOOK_TIMING_SUMMARY] epoch=19
[HOOK_WORK_SUMMARY] label=mpi:recursive_doubling_zfp_online_coll:rate8 calls=3120 work_total_ms=26420.080 work_mean_ms=8.468 work_min_ms=4.013 work_max_ms=21.708
[HOOK_TAIL_SUMMARY] label=mpi:recursive_doubling_zfp_online_coll:rate8 steps=390 tail_total_ms=20601.917 tail_mean_ms=52.825 tail_min_ms=35.078 tail_max_ms=67.096
[Epoch 19] Hook timing summary done

[Epoch 20] Training... (lr at epoch start=0.000616)
  Batch [50/390] Loss: 1.0407, Acc: 62.00%, lr: 0.000468
  Batch [100/390] Loss: 1.0872, Acc: 61.75%, lr: 0.000341
  Batch [150/390] Loss: 1.1038, Acc: 61.83%, lr: 0.000233
  Batch [200/390] Loss: 1.0838, Acc: 61.38%, lr: 0.000146
  Batch [250/390] Loss: 1.0724, Acc: 62.30%, lr: 0.000079
  Batch [300/390] Loss: 1.0601, Acc: 62.67%, lr: 0.000033
  Batch [350/390] Loss: 1.0662, Acc: 62.64%, lr: 0.000006
[Epoch 20] Train Loss: 1.0583, Acc: 62.76%  |  Val Loss: 1.7619, Acc: 62.04%  |  Time: 66.1s
[Epoch 20] t_iter median: 98.81 ms  (fwd 13.86 | bwd+comm 79.59 | opt 5.33 | data 0.08)  |  train-only epoch: 39.9s
[Epoch 20] Summarizing hook timing...

[HOOK_TIMING_SUMMARY] epoch=20
[HOOK_WORK_SUMMARY] label=mpi:recursive_doubling_zfp_online_coll:rate8 calls=3120 work_total_ms=27471.461 work_mean_ms=8.805 work_min_ms=3.938 work_max_ms=132.090
[HOOK_TAIL_SUMMARY] label=mpi:recursive_doubling_zfp_online_coll:rate8 steps=390 tail_total_ms=21978.459 tail_mean_ms=56.355 tail_min_ms=42.217 tail_max_ms=174.255
[Epoch 20] Hook timing summary done

================================================================================
Done in 1318.1s | Best val acc: 63.29%
Epoch times (train+val): mean=64.4s  min=62.9s  max=66.2s
Train-only epoch time (epochs 2..N): median=38.67s  min=38.13s  max=39.90s
  -> use this for STRONG scaling (fixed global batch)
  -> use t_iter_median_ms from the CSV for WEAK scaling (fixed local batch)
================================================================================
=== Finished training: model=wide_resnet50_2, dataset=cifar10, batch=4, lr=0.1, scheduler=cosine, backend=mpi, hook=recursive_doubling_zfp_online_coll, zfp_rate=8, status=0 at Mon Jul 20 03:12:47 PM EDT 2026 ===
=== Job finished: Mon Jul 20 03:12:47 PM EDT 2026 ===
