=== Job started: Wed Jul 15 01:28:16 PM EDT 2026 ===
=== Node: frontier00893 ===
=== Copying golden cache from Lustre to local NVMe on  frontier00893  ===
Using ENV_TARBALL=/lustre/orion/gen243/proj-shared/matilderestelli/pytorch/conda_env_torch_vision_20260701_hipfix.tar.gz
Using ENV_DIR=/mnt/bb/matilderestelli/torch_env
Deactivating conda environments
PyTorch: 2.14.0a0
Location: /mnt/bb/matilderestelli/torch_env/lib/python3.10/site-packages/torch/__init__.py
HIP available: True gpus: 8
MPI available: True
=== Starting: model=wide_resnet50_2, ws=8, bs=16, gb=128, lr=0.1, sched=cosine, warmup=0, mom=0.9, wd=5e-4, nesterov=true, wd_bn_bias=false, backend=mpi, hook=none, zfp=none at Wed Jul 15 01:28:57 PM EDT 2026 ===
MIOPEN_USER_DB_PATH=/mnt/bb/matilderestelli/miopen_cache_5004304/miopen_db
MIOPEN_CUSTOM_CACHE_DIR=/mnt/bb/matilderestelli/miopen_cache_5004304/kernel_cache
drwxr-sr-x 2 matilderestelli gen243 103 Jul 14 05:38 /mnt/bb/matilderestelli/miopen_cache_5004304/miopen_db
==== GPU visibility debug (batch shell) ====
frontier00893
ROCR_VISIBLE_DEVICES=0,1,2,3,4,5,6,7
SLURM_JOB_GPUS=0,1,2,3,4,5,6,7
[37mROCk module version 6.16.13 is loaded[0m
=====================    
HSA System Attributes    
=====================    
Runtime Version:         1.18
Runtime Ext Version:     1.14
System Timestamp Freq.:  1000.000000MHz
Sig. Max Wait Duration:  18446744073709551615 (0xFFFFFFFFFFFFFFFF) (timestamp count)
Machine Model:           LARGE                              
System Endianness:       LITTLE                             
Mwaitx:                  DISABLED
XNACK enabled:           NO
DMAbuf Support:          YES
VMM Support:             YES

==========               
HSA Agents               
==========               
*******                  
Agent 1                  
*******                  
  Name:                    AMD EPYC 7A53 64-Core Processor    
  Uuid:                    CPU-XX                             
  Marketing Name:          AMD EPYC 7A53 64-Core Processor    
  Vendor Name:             CPU                                
  Feature:                 None specified                     
  Profile:                 FULL_PROFILE                       
  Float Round Mode:        NEAR                               
  Max Queue Number:        0(0x0)                             
  Queue Min Size:          0(0x0)                             

================================================================================
DISTRIBUTED TRAINING LAUNCHER
================================================================================
  Model:      wide_resnet50_2 (CIFAR stem) (from scratch)
  Dataset:    cifar10 (10 classes)
  Image size: 32
  LR:         0.1
  Momentum:   0.9 (nesterov=True)
  Optimizer:  sgd
  Weight dec: 0.0005 (on BN/bias=False)
  Backend:    mpi
  Algorithm:  built-in (no hook)
  Epochs:     20
  Batch/rank: 16
  LR:         0.1
  Scheduler:  cosine
  Warmup:     0
  Grad clip:  None
  Drop last:  True
  Data dir:   ./data
================================================================================


================================================================================
DISTRIBUTED TRAINING LAUNCHER
================================================================================
  Model:      wide_resnet50_2 (CIFAR stem) (from scratch)
  Dataset:    cifar10 (10 classes)
  Image size: 32
  LR:         0.1
  Momentum:   0.9 (nesterov=True)
  Optimizer:  sgd
  Weight dec: 0.0005 (on BN/bias=False)
  Backend:    mpi
  Algorithm:  built-in (no hook)
  Epochs:     20
  Batch/rank: 16
  LR:         0.1
  Scheduler:  cosine
  Warmup:     0
  Grad clip:  None
  Drop last:  True
  Data dir:   ./data
================================================================================


================================================================================
DISTRIBUTED TRAINING LAUNCHER
================================================================================
  Model:      wide_resnet50_2 (CIFAR stem) (from scratch)
  Dataset:    cifar10 (10 classes)
  Image size: 32
  LR:         0.1
  Momentum:   0.9 (nesterov=True)
  Optimizer:  sgd
  Weight dec: 0.0005 (on BN/bias=False)
  Backend:    mpi
  Algorithm:  built-in (no hook)
  Epochs:     20
  Batch/rank: 16
  LR:         0.1
  Scheduler:  cosine
  Warmup:     0
  Grad clip:  None
  Drop last:  True
  Data dir:   ./data
================================================================================


================================================================================
DISTRIBUTED TRAINING LAUNCHER
================================================================================
  Model:      wide_resnet50_2 (CIFAR stem) (from scratch)
  Dataset:    cifar10 (10 classes)
  Image size: 32
  LR:         0.1
  Momentum:   0.9 (nesterov=True)
  Optimizer:  sgd
  Weight dec: 0.0005 (on BN/bias=False)
  Backend:    mpi
  Algorithm:  built-in (no hook)
  Epochs:     20
  Batch/rank: 16
  LR:         0.1
  Scheduler:  cosine
  Warmup:     0
  Grad clip:  None
  Drop last:  True
  Data dir:   ./data
================================================================================


================================================================================
DISTRIBUTED TRAINING LAUNCHER
================================================================================
  Model:      wide_resnet50_2 (CIFAR stem) (from scratch)
  Dataset:    cifar10 (10 classes)
  Image size: 32
  LR:         0.1
  Momentum:   0.9 (nesterov=True)
  Optimizer:  sgd
  Weight dec: 0.0005 (on BN/bias=False)
  Backend:    mpi
  Algorithm:  built-in (no hook)
  Epochs:     20
  Batch/rank: 16
  LR:         0.1
  Scheduler:  cosine
  Warmup:     0
  Grad clip:  None
  Drop last:  True
  Data dir:   ./data
================================================================================


================================================================================
DISTRIBUTED TRAINING LAUNCHER
================================================================================
  Model:      wide_resnet50_2 (CIFAR stem) (from scratch)
  Dataset:    cifar10 (10 classes)
  Image size: 32
  LR:         0.1
  Momentum:   0.9 (nesterov=True)
  Optimizer:  sgd
  Weight dec: 0.0005 (on BN/bias=False)
  Backend:    mpi
  Algorithm:  built-in (no hook)
  Epochs:     20
  Batch/rank: 16
  LR:         0.1
  Scheduler:  cosine
  Warmup:     0
  Grad clip:  None
  Drop last:  True
  Data dir:   ./data
================================================================================


================================================================================
DISTRIBUTED TRAINING LAUNCHER
================================================================================
  Model:      wide_resnet50_2 (CIFAR stem) (from scratch)
  Dataset:    cifar10 (10 classes)
  Image size: 32
  LR:         0.1
  Momentum:   0.9 (nesterov=True)
  Optimizer:  sgd
  Weight dec: 0.0005 (on BN/bias=False)
  Backend:    mpi
  Algorithm:  built-in (no hook)
  Epochs:     20
  Batch/rank: 16
  LR:         0.1
  Scheduler:  cosine
  Warmup:     0
  Grad clip:  None
  Drop last:  True
  Data dir:   ./data
================================================================================


================================================================================
DISTRIBUTED TRAINING LAUNCHER
================================================================================
  Model:      wide_resnet50_2 (CIFAR stem) (from scratch)
  Dataset:    cifar10 (10 classes)
  Image size: 32
  LR:         0.1
  Momentum:   0.9 (nesterov=True)
  Optimizer:  sgd
  Weight dec: 0.0005 (on BN/bias=False)
  Backend:    mpi
  Algorithm:  built-in (no hook)
  Epochs:     20
  Batch/rank: 16
  LR:         0.1
  Scheduler:  cosine
  Warmup:     0
  Grad clip:  None
  Drop last:  True
  Data dir:   ./data
================================================================================


================================================================================
Distributed Training: WIDE_RESNET50_2 on CIFAR10
Backend: MPI, Algorithm: built-in (no hook)
================================================================================
Ranks: 8, Epochs: 20, Batch/rank: 16, Effective batch: 128
LR: 0.1, Device: cuda:0

[Cache] Pretrained weights cache (TORCH_HOME) = /lustre/orion/gen243/proj-shared/matilderestelli/pretrained_weights_cache
[Setup] Model on cuda:0, wrapped in DDP (static_graph=True)
[Setup] No hook — using DDP built-in MPI allreduce
[Optim] SGD: lr=0.1 momentum=0.9 nesterov=True wd=0.0005 wd_on_bn_bias=False
[Optim]   group 0: 66,778,816 params, wd=0.0005
[Optim]   group 1: 68,234 params, wd=0.0
[Data] Train batches: 390, Val batches: 625

[Sched] cosine: steps/epoch=390, total_steps=7800, warmup_steps=0 (0 epochs)


[Epoch 1] Training... (lr at epoch start=0.100000)
  Batch [50/390] Loss: 10.0400, Acc: 10.25%, lr: 0.099990
  Batch [100/390] Loss: 6.1966, Acc: 10.56%, lr: 0.099959
  Batch [150/390] Loss: 4.8951, Acc: 11.29%, lr: 0.099909
  Batch [200/390] Loss: 4.2346, Acc: 12.00%, lr: 0.099838
  Batch [250/390] Loss: 3.8315, Acc: 12.82%, lr: 0.099747
  Batch [300/390] Loss: 3.5486, Acc: 14.02%, lr: 0.099635
  Batch [350/390] Loss: 3.3446, Acc: 14.38%, lr: 0.099504
[Epoch 1] Train Loss: 3.2107, Acc: 15.29%  |  Val Loss: 2.1767, Acc: 20.33%  |  Time: 45.3s
[Epoch 1] t_iter median: 54.55 ms  (fwd 14.36 | bwd+comm 33.71 | opt 6.22 | data 0.11)  |  train-only epoch: 37.4s
  -> Best model saved (20.33%)
[Epoch 1] Summarizing hook timing...
[HOOK_TIMING_SUMMARY] epoch=1 no hook timing samples
[Epoch 1] Hook timing summary done

[Epoch 2] Training... (lr at epoch start=0.099384)
  Batch [50/390] Loss: 2.0519, Acc: 19.50%, lr: 0.099217
  Batch [100/390] Loss: 2.0463, Acc: 20.06%, lr: 0.099029
  Batch [150/390] Loss: 2.0480, Acc: 20.00%, lr: 0.098822
  Batch [200/390] Loss: 2.0365, Acc: 20.09%, lr: 0.098595
  Batch [250/390] Loss: 2.0216, Acc: 20.32%, lr: 0.098348
  Batch [300/390] Loss: 2.0010, Acc: 20.58%, lr: 0.098082
  Batch [350/390] Loss: 1.9879, Acc: 21.50%, lr: 0.097796
[Epoch 2] Train Loss: 1.9789, Acc: 22.05%  |  Val Loss: 1.8957, Acc: 29.57%  |  Time: 29.8s
[Epoch 2] t_iter median: 55.88 ms  (fwd 14.63 | bwd+comm 34.69 | opt 6.24 | data 0.28)  |  train-only epoch: 21.8s
  -> Best model saved (29.57%)
[Epoch 2] Summarizing hook timing...
[HOOK_TIMING_SUMMARY] epoch=2 no hook timing samples
[Epoch 2] Hook timing summary done

[Epoch 3] Training... (lr at epoch start=0.097553)
  Batch [50/390] Loss: 1.8237, Acc: 30.12%, lr: 0.097232
  Batch [100/390] Loss: 1.8273, Acc: 28.00%, lr: 0.096892
  Batch [150/390] Loss: 1.8380, Acc: 29.33%, lr: 0.096533
  Batch [200/390] Loss: 1.8193, Acc: 29.91%, lr: 0.096155
  Batch [250/390] Loss: 1.7987, Acc: 30.38%, lr: 0.095759
  Batch [300/390] Loss: 1.7841, Acc: 31.02%, lr: 0.095344
  Batch [350/390] Loss: 1.7802, Acc: 31.38%, lr: 0.094910
[Epoch 3] Train Loss: 1.7746, Acc: 31.47%  |  Val Loss: 1.8485, Acc: 35.81%  |  Time: 29.8s
[Epoch 3] t_iter median: 56.05 ms  (fwd 14.67 | bwd+comm 34.86 | opt 6.25 | data 0.28)  |  train-only epoch: 21.9s
  -> Best model saved (35.81%)
[Epoch 3] Summarizing hook timing...
[HOOK_TIMING_SUMMARY] epoch=3 no hook timing samples
[Epoch 3] Hook timing summary done

[Epoch 4] Training... (lr at epoch start=0.094550)
  Batch [50/390] Loss: 1.6581, Acc: 37.38%, lr: 0.094084
  Batch [100/390] Loss: 1.6537, Acc: 38.69%, lr: 0.093600
  Batch [150/390] Loss: 1.6414, Acc: 39.38%, lr: 0.093098
  Batch [200/390] Loss: 1.6271, Acc: 39.28%, lr: 0.092579
  Batch [250/390] Loss: 1.6130, Acc: 39.95%, lr: 0.092043
  Batch [300/390] Loss: 1.5971, Acc: 40.96%, lr: 0.091489
  Batch [350/390] Loss: 1.5901, Acc: 41.29%, lr: 0.090919
[Epoch 4] Train Loss: 1.5750, Acc: 41.76%  |  Val Loss: 1.4362, Acc: 50.18%  |  Time: 30.0s
[Epoch 4] t_iter median: 56.14 ms  (fwd 14.71 | bwd+comm 34.76 | opt 6.24 | data 0.28)  |  train-only epoch: 22.0s
  -> Best model saved (50.18%)
[Epoch 4] Summarizing hook timing...
[HOOK_TIMING_SUMMARY] epoch=4 no hook timing samples
[Epoch 4] Hook timing summary done

[Epoch 5] Training... (lr at epoch start=0.090451)
  Batch [50/390] Loss: 1.4591, Acc: 47.62%, lr: 0.089851
  Batch [100/390] Loss: 1.4509, Acc: 47.00%, lr: 0.089235
  Batch [150/390] Loss: 1.4232, Acc: 47.92%, lr: 0.088603
  Batch [200/390] Loss: 1.4083, Acc: 48.81%, lr: 0.087955
  Batch [250/390] Loss: 1.3825, Acc: 49.98%, lr: 0.087292
  Batch [300/390] Loss: 1.3648, Acc: 50.73%, lr: 0.086613
  Batch [350/390] Loss: 1.3552, Acc: 51.54%, lr: 0.085920
[Epoch 5] Train Loss: 1.3417, Acc: 52.12%  |  Val Loss: 1.2298, Acc: 56.87%  |  Time: 30.0s
[Epoch 5] t_iter median: 56.03 ms  (fwd 14.81 | bwd+comm 34.66 | opt 6.24 | data 0.28)  |  train-only epoch: 22.0s
  -> Best model saved (56.87%)
[Epoch 5] Summarizing hook timing...
[HOOK_TIMING_SUMMARY] epoch=5 no hook timing samples
[Epoch 5] Hook timing summary done

[Epoch 6] Training... (lr at epoch start=0.085355)
  Batch [50/390] Loss: 1.1841, Acc: 58.88%, lr: 0.084636
  Batch [100/390] Loss: 1.1861, Acc: 58.81%, lr: 0.083903
  Batch [150/390] Loss: 1.1787, Acc: 58.17%, lr: 0.083156
  Batch [200/390] Loss: 1.1679, Acc: 58.12%, lr: 0.082396
  Batch [250/390] Loss: 1.1709, Acc: 57.65%, lr: 0.081622
  Batch [300/390] Loss: 1.1768, Acc: 57.42%, lr: 0.080836
  Batch [350/390] Loss: 1.1742, Acc: 57.46%, lr: 0.080037
[Epoch 6] Train Loss: 1.1627, Acc: 58.00%  |  Val Loss: 1.4303, Acc: 61.44%  |  Time: 30.2s
[Epoch 6] t_iter median: 56.86 ms  (fwd 14.80 | bwd+comm 35.52 | opt 6.24 | data 0.28)  |  train-only epoch: 22.2s
  -> Best model saved (61.44%)
[Epoch 6] Summarizing hook timing...
[HOOK_TIMING_SUMMARY] epoch=6 no hook timing samples
[Epoch 6] Hook timing summary done

[Epoch 7] Training... (lr at epoch start=0.079389)
  Batch [50/390] Loss: 1.0411, Acc: 62.12%, lr: 0.078569
  Batch [100/390] Loss: 1.0236, Acc: 62.88%, lr: 0.077737
  Batch [150/390] Loss: 1.0283, Acc: 63.46%, lr: 0.076893
  Batch [200/390] Loss: 1.0301, Acc: 63.41%, lr: 0.076039
  Batch [250/390] Loss: 1.0347, Acc: 63.10%, lr: 0.075174
  Batch [300/390] Loss: 1.0444, Acc: 62.73%, lr: 0.074299
  Batch [350/390] Loss: 1.0470, Acc: 62.91%, lr: 0.073414
[Epoch 7] Train Loss: 1.0489, Acc: 62.92%  |  Val Loss: 1.0147, Acc: 65.24%  |  Time: 30.3s
[Epoch 7] t_iter median: 57.06 ms  (fwd 14.91 | bwd+comm 35.58 | opt 6.24 | data 0.09)  |  train-only epoch: 22.2s
  -> Best model saved (65.24%)
[Epoch 7] Summarizing hook timing...
[HOOK_TIMING_SUMMARY] epoch=7 no hook timing samples
[Epoch 7] Hook timing summary done

[Epoch 8] Training... (lr at epoch start=0.072700)
  Batch [50/390] Loss: 1.0023, Acc: 65.00%, lr: 0.071798
  Batch [100/390] Loss: 0.9881, Acc: 64.50%, lr: 0.070887
  Batch [150/390] Loss: 0.9612, Acc: 65.79%, lr: 0.069968
  Batch [200/390] Loss: 0.9433, Acc: 66.00%, lr: 0.069041
  Batch [250/390] Loss: 0.9603, Acc: 65.55%, lr: 0.068106
  Batch [300/390] Loss: 0.9427, Acc: 66.25%, lr: 0.067164
  Batch [350/390] Loss: 0.9334, Acc: 66.62%, lr: 0.066215
[Epoch 8] Train Loss: 0.9326, Acc: 66.73%  |  Val Loss: 1.2510, Acc: 64.75%  |  Time: 30.0s
[Epoch 8] t_iter median: 56.03 ms  (fwd 14.82 | bwd+comm 34.52 | opt 6.24 | data 0.28)  |  train-only epoch: 21.9s
[Epoch 8] Summarizing hook timing...
[HOOK_TIMING_SUMMARY] epoch=8 no hook timing samples
[Epoch 8] Hook timing summary done

[Epoch 9] Training... (lr at epoch start=0.065451)
  Batch [50/390] Loss: 0.8783, Acc: 69.25%, lr: 0.064490
  Batch [100/390] Loss: 0.8742, Acc: 69.94%, lr: 0.063524
  Batch [150/390] Loss: 0.8815, Acc: 68.92%, lr: 0.062551
  Batch [200/390] Loss: 0.8712, Acc: 69.31%, lr: 0.061574
  Batch [250/390] Loss: 0.8602, Acc: 70.08%, lr: 0.060592
  Batch [300/390] Loss: 0.8558, Acc: 70.38%, lr: 0.059606
  Batch [350/390] Loss: 0.8505, Acc: 70.64%, lr: 0.058616
[Epoch 9] Train Loss: 0.8485, Acc: 70.71%  |  Val Loss: 0.8522, Acc: 70.87%  |  Time: 30.1s
[Epoch 9] t_iter median: 56.23 ms  (fwd 14.84 | bwd+comm 34.69 | opt 6.25 | data 0.28)  |  train-only epoch: 22.0s
  -> Best model saved (70.87%)
[Epoch 9] Summarizing hook timing...
[HOOK_TIMING_SUMMARY] epoch=9 no hook timing samples
[Epoch 9] Hook timing summary done

[Epoch 10] Training... (lr at epoch start=0.057822)
  Batch [50/390] Loss: 0.8354, Acc: 69.12%, lr: 0.056826
  Batch [100/390] Loss: 0.8330, Acc: 70.81%, lr: 0.055827
  Batch [150/390] Loss: 0.8089, Acc: 71.50%, lr: 0.054826
  Batch [200/390] Loss: 0.8099, Acc: 71.38%, lr: 0.053823
  Batch [250/390] Loss: 0.7921, Acc: 71.85%, lr: 0.052818
  Batch [300/390] Loss: 0.7833, Acc: 72.25%, lr: 0.051812
  Batch [350/390] Loss: 0.7815, Acc: 72.36%, lr: 0.050806
[Epoch 10] Train Loss: 0.7760, Acc: 72.60%  |  Val Loss: 0.6686, Acc: 76.45%  |  Time: 30.0s
[Epoch 10] t_iter median: 55.83 ms  (fwd 15.01 | bwd+comm 34.20 | opt 6.24 | data 0.08)  |  train-only epoch: 21.8s
  -> Best model saved (76.45%)
[Epoch 10] Summarizing hook timing...
[HOOK_TIMING_SUMMARY] epoch=10 no hook timing samples
[Epoch 10] Hook timing summary done

[Epoch 11] Training... (lr at epoch start=0.050000)
  Batch [50/390] Loss: 0.6693, Acc: 75.12%, lr: 0.048993
  Batch [100/390] Loss: 0.6840, Acc: 75.50%, lr: 0.047987
  Batch [150/390] Loss: 0.6703, Acc: 76.38%, lr: 0.046981
  Batch [200/390] Loss: 0.6811, Acc: 76.44%, lr: 0.045977
  Batch [250/390] Loss: 0.6784, Acc: 76.70%, lr: 0.044974
  Batch [300/390] Loss: 0.6766, Acc: 76.50%, lr: 0.043973
  Batch [350/390] Loss: 0.6759, Acc: 76.62%, lr: 0.042975
[Epoch 11] Train Loss: 0.6766, Acc: 76.62%  |  Val Loss: 0.6989, Acc: 76.59%  |  Time: 29.9s
[Epoch 11] t_iter median: 55.68 ms  (fwd 15.02 | bwd+comm 34.12 | opt 6.22 | data 0.09)  |  train-only epoch: 21.8s
  -> Best model saved (76.59%)
[Epoch 11] Summarizing hook timing...
[HOOK_TIMING_SUMMARY] epoch=11 no hook timing samples
[Epoch 11] Hook timing summary done

[Epoch 12] Training... (lr at epoch start=0.042178)
  Batch [50/390] Loss: 0.6209, Acc: 78.00%, lr: 0.041185
  Batch [100/390] Loss: 0.6309, Acc: 78.38%, lr: 0.040196
  Batch [150/390] Loss: 0.6407, Acc: 77.79%, lr: 0.039211
  Batch [200/390] Loss: 0.6311, Acc: 78.47%, lr: 0.038230
  Batch [250/390] Loss: 0.6147, Acc: 78.88%, lr: 0.037254
  Batch [300/390] Loss: 0.6026, Acc: 79.17%, lr: 0.036283
  Batch [350/390] Loss: 0.5986, Acc: 79.30%, lr: 0.035317
[Epoch 12] Train Loss: 0.5938, Acc: 79.34%  |  Val Loss: 0.5815, Acc: 79.97%  |  Time: 29.9s
[Epoch 12] t_iter median: 55.61 ms  (fwd 14.99 | bwd+comm 34.13 | opt 6.22 | data 0.10)  |  train-only epoch: 21.8s
  -> Best model saved (79.97%)
[Epoch 12] Summarizing hook timing...
[HOOK_TIMING_SUMMARY] epoch=12 no hook timing samples
[Epoch 12] Hook timing summary done

[Epoch 13] Training... (lr at epoch start=0.034549)
  Batch [50/390] Loss: 0.5341, Acc: 81.62%, lr: 0.033595
  Batch [100/390] Loss: 0.5454, Acc: 80.31%, lr: 0.032647
  Batch [150/390] Loss: 0.5408, Acc: 80.58%, lr: 0.031706
  Batch [200/390] Loss: 0.5321, Acc: 81.00%, lr: 0.030773
  Batch [250/390] Loss: 0.5272, Acc: 81.10%, lr: 0.029847
  Batch [300/390] Loss: 0.5290, Acc: 81.06%, lr: 0.028930
  Batch [350/390] Loss: 0.5275, Acc: 81.27%, lr: 0.028021
[Epoch 13] Train Loss: 0.5256, Acc: 81.15%  |  Val Loss: 0.4853, Acc: 83.07%  |  Time: 29.9s
[Epoch 13] t_iter median: 55.47 ms  (fwd 15.03 | bwd+comm 34.08 | opt 6.22 | data 0.08)  |  train-only epoch: 21.8s
  -> Best model saved (83.07%)
[Epoch 13] Summarizing hook timing...
[HOOK_TIMING_SUMMARY] epoch=13 no hook timing samples
[Epoch 13] Hook timing summary done

[Epoch 14] Training... (lr at epoch start=0.027300)
  Batch [50/390] Loss: 0.4966, Acc: 82.12%, lr: 0.026408
  Batch [100/390] Loss: 0.4719, Acc: 83.19%, lr: 0.025525
  Batch [150/390] Loss: 0.4763, Acc: 83.04%, lr: 0.024652
  Batch [200/390] Loss: 0.4948, Acc: 82.44%, lr: 0.023789
  Batch [250/390] Loss: 0.4909, Acc: 82.85%, lr: 0.022937
  Batch [300/390] Loss: 0.4798, Acc: 83.23%, lr: 0.022096
  Batch [350/390] Loss: 0.4742, Acc: 83.34%, lr: 0.021266
[Epoch 14] Train Loss: 0.4721, Acc: 83.43%  |  Val Loss: 0.4884, Acc: 83.36%  |  Time: 30.0s
[Epoch 14] t_iter median: 55.51 ms  (fwd 15.09 | bwd+comm 33.96 | opt 6.22 | data 0.09)  |  train-only epoch: 21.8s
  -> Best model saved (83.36%)
[Epoch 14] Summarizing hook timing...
[HOOK_TIMING_SUMMARY] epoch=14 no hook timing samples
[Epoch 14] Hook timing summary done

[Epoch 15] Training... (lr at epoch start=0.020611)
  Batch [50/390] Loss: 0.4651, Acc: 84.25%, lr: 0.019802
  Batch [100/390] Loss: 0.4399, Acc: 84.62%, lr: 0.019006
  Batch [150/390] Loss: 0.4477, Acc: 84.46%, lr: 0.018222
  Batch [200/390] Loss: 0.4409, Acc: 84.78%, lr: 0.017451
  Batch [250/390] Loss: 0.4401, Acc: 84.88%, lr: 0.016693
  Batch [300/390] Loss: 0.4421, Acc: 84.79%, lr: 0.015949
  Batch [350/390] Loss: 0.4384, Acc: 84.70%, lr: 0.015219
[Epoch 15] Train Loss: 0.4354, Acc: 84.90%  |  Val Loss: 0.4222, Acc: 85.67%  |  Time: 30.0s
[Epoch 15] t_iter median: 55.82 ms  (fwd 15.09 | bwd+comm 34.16 | opt 6.22 | data 0.08)  |  train-only epoch: 21.8s
  -> Best model saved (85.67%)
[Epoch 15] Summarizing hook timing...
[HOOK_TIMING_SUMMARY] epoch=15 no hook timing samples
[Epoch 15] Hook timing summary done

[Epoch 16] Training... (lr at epoch start=0.014645)
  Batch [50/390] Loss: 0.3621, Acc: 87.62%, lr: 0.013940
  Batch [100/390] Loss: 0.3954, Acc: 85.81%, lr: 0.013250
  Batch [150/390] Loss: 0.3797, Acc: 86.29%, lr: 0.012574
  Batch [200/390] Loss: 0.3808, Acc: 86.25%, lr: 0.011914
  Batch [250/390] Loss: 0.3797, Acc: 86.30%, lr: 0.011270
  Batch [300/390] Loss: 0.3802, Acc: 86.33%, lr: 0.010641
  Batch [350/390] Loss: 0.3778, Acc: 86.29%, lr: 0.010028
[Epoch 16] Train Loss: 0.3798, Acc: 86.23%  |  Val Loss: 0.3936, Acc: 86.72%  |  Time: 29.9s
[Epoch 16] t_iter median: 55.66 ms  (fwd 15.10 | bwd+comm 34.09 | opt 6.22 | data 0.09)  |  train-only epoch: 21.7s
  -> Best model saved (86.72%)
[Epoch 16] Summarizing hook timing...
[HOOK_TIMING_SUMMARY] epoch=16 no hook timing samples
[Epoch 16] Hook timing summary done

[Epoch 17] Training... (lr at epoch start=0.009549)
  Batch [50/390] Loss: 0.3314, Acc: 88.12%, lr: 0.008966
  Batch [100/390] Loss: 0.3270, Acc: 88.56%, lr: 0.008399
  Batch [150/390] Loss: 0.3319, Acc: 88.25%, lr: 0.007848
  Batch [200/390] Loss: 0.3188, Acc: 88.94%, lr: 0.007315
  Batch [250/390] Loss: 0.3183, Acc: 89.00%, lr: 0.006800
  Batch [300/390] Loss: 0.3188, Acc: 88.79%, lr: 0.006302
  Batch [350/390] Loss: 0.3224, Acc: 88.80%, lr: 0.005821
[Epoch 17] Train Loss: 0.3227, Acc: 88.78%  |  Val Loss: 0.3607, Acc: 88.09%  |  Time: 30.1s
[Epoch 17] t_iter median: 55.45 ms  (fwd 15.11 | bwd+comm 34.00 | opt 6.22 | data 0.09)  |  train-only epoch: 21.9s
  -> Best model saved (88.09%)
[Epoch 17] Summarizing hook timing...
[HOOK_TIMING_SUMMARY] epoch=17 no hook timing samples
[Epoch 17] Hook timing summary done

[Epoch 18] Training... (lr at epoch start=0.005450)
  Batch [50/390] Loss: 0.2689, Acc: 90.50%, lr: 0.005002
  Batch [100/390] Loss: 0.2645, Acc: 90.06%, lr: 0.004572
  Batch [150/390] Loss: 0.2771, Acc: 89.75%, lr: 0.004160
  Batch [200/390] Loss: 0.2721, Acc: 90.09%, lr: 0.003768
  Batch [250/390] Loss: 0.2734, Acc: 90.03%, lr: 0.003394
  Batch [300/390] Loss: 0.2707, Acc: 90.19%, lr: 0.003038
  Batch [350/390] Loss: 0.2680, Acc: 90.32%, lr: 0.002702
[Epoch 18] Train Loss: 0.2746, Acc: 90.10%  |  Val Loss: 0.3529, Acc: 88.64%  |  Time: 30.1s
[Epoch 18] t_iter median: 55.51 ms  (fwd 15.14 | bwd+comm 34.15 | opt 6.22 | data 0.08)  |  train-only epoch: 21.8s
  -> Best model saved (88.64%)
[Epoch 18] Summarizing hook timing...
[HOOK_TIMING_SUMMARY] epoch=18 no hook timing samples
[Epoch 18] Hook timing summary done

[Epoch 19] Training... (lr at epoch start=0.002447)
  Batch [50/390] Loss: 0.2652, Acc: 90.88%, lr: 0.002146
  Batch [100/390] Loss: 0.2752, Acc: 90.75%, lr: 0.001864
  Batch [150/390] Loss: 0.2659, Acc: 91.33%, lr: 0.001601
  Batch [200/390] Loss: 0.2585, Acc: 91.47%, lr: 0.001358
  Batch [250/390] Loss: 0.2668, Acc: 90.95%, lr: 0.001135
  Batch [300/390] Loss: 0.2680, Acc: 90.90%, lr: 0.000931
  Batch [350/390] Loss: 0.2665, Acc: 90.77%, lr: 0.000748
[Epoch 19] Train Loss: 0.2623, Acc: 90.90%  |  Val Loss: 0.3313, Acc: 88.90%  |  Time: 30.2s
[Epoch 19] t_iter median: 56.05 ms  (fwd 15.11 | bwd+comm 34.58 | opt 6.22 | data 0.09)  |  train-only epoch: 21.9s
  -> Best model saved (88.90%)
[Epoch 19] Summarizing hook timing...
[HOOK_TIMING_SUMMARY] epoch=19 no hook timing samples
[Epoch 19] Hook timing summary done

[Epoch 20] Training... (lr at epoch start=0.000616)
  Batch [50/390] Loss: 0.2138, Acc: 93.00%, lr: 0.000468
  Batch [100/390] Loss: 0.2192, Acc: 93.19%, lr: 0.000341
  Batch [150/390] Loss: 0.2145, Acc: 93.42%, lr: 0.000233
  Batch [200/390] Loss: 0.2167, Acc: 93.03%, lr: 0.000146
  Batch [250/390] Loss: 0.2254, Acc: 92.60%, lr: 0.000079
  Batch [300/390] Loss: 0.2231, Acc: 92.44%, lr: 0.000033
  Batch [350/390] Loss: 0.2234, Acc: 92.50%, lr: 0.000006
[Epoch 20] Train Loss: 0.2227, Acc: 92.29%  |  Val Loss: 0.3296, Acc: 89.11%  |  Time: 30.2s
[Epoch 20] t_iter median: 55.96 ms  (fwd 15.08 | bwd+comm 34.38 | opt 6.22 | data 0.28)  |  train-only epoch: 21.8s
  -> Best model saved (89.11%)
[Epoch 20] Summarizing hook timing...
[HOOK_TIMING_SUMMARY] epoch=20 no hook timing samples
[Epoch 20] Hook timing summary done

================================================================================
Done in 642.2s | Best val acc: 89.11%
Epoch times (train+val): mean=30.8s  min=29.8s  max=45.3s
Train-only epoch time (epochs 2..N): median=21.85s  min=21.71s  max=22.22s
  -> use this for STRONG scaling (fixed global batch)
  -> use t_iter_median_ms from the CSV for WEAK scaling (fixed local batch)
================================================================================
=== Finished training: model=wide_resnet50_2, dataset=cifar10, batch=16, lr=0.1, scheduler=cosine, backend=mpi, hook=none, zfp_rate=none, status=0 at Wed Jul 15 01:39:49 PM EDT 2026 ===
=== Starting: model=wide_resnet50_2, ws=8, bs=16, gb=128, lr=0.1, sched=cosine, warmup=0, mom=0.9, wd=5e-4, nesterov=true, wd_bn_bias=false, backend=mpi, hook=ring, zfp=none at Wed Jul 15 01:39:49 PM EDT 2026 ===
MIOPEN_USER_DB_PATH=/mnt/bb/matilderestelli/miopen_cache_5004304/miopen_db
MIOPEN_CUSTOM_CACHE_DIR=/mnt/bb/matilderestelli/miopen_cache_5004304/kernel_cache
drwxr-sr-x 2 matilderestelli gen243 103 Jul 14 05:38 /mnt/bb/matilderestelli/miopen_cache_5004304/miopen_db
==== GPU visibility debug (batch shell) ====
frontier00893
ROCR_VISIBLE_DEVICES=0,1,2,3,4,5,6,7
SLURM_JOB_GPUS=0,1,2,3,4,5,6,7
[37mROCk module version 6.16.13 is loaded[0m
=====================    
HSA System Attributes    
=====================    
Runtime Version:         1.18
Runtime Ext Version:     1.14
System Timestamp Freq.:  1000.000000MHz
Sig. Max Wait Duration:  18446744073709551615 (0xFFFFFFFFFFFFFFFF) (timestamp count)
Machine Model:           LARGE                              
System Endianness:       LITTLE                             
Mwaitx:                  DISABLED
XNACK enabled:           NO
DMAbuf Support:          YES
VMM Support:             YES

==========               
HSA Agents               
==========               
*******                  
Agent 1                  
*******                  
  Name:                    AMD EPYC 7A53 64-Core Processor    
  Uuid:                    CPU-XX                             
  Marketing Name:          AMD EPYC 7A53 64-Core Processor    
  Vendor Name:             CPU                                
  Feature:                 None specified                     
  Profile:                 FULL_PROFILE                       
  Float Round Mode:        NEAR                               
  Max Queue Number:        0(0x0)                             
  Queue Min Size:          0(0x0)                             

================================================================================
DISTRIBUTED TRAINING LAUNCHER
================================================================================
  Model:      wide_resnet50_2 (CIFAR stem) (from scratch)
  Dataset:    cifar10 (10 classes)
  Image size: 32
  LR:         0.1
  Momentum:   0.9 (nesterov=True)
  Optimizer:  sgd
  Weight dec: 0.0005 (on BN/bias=False)
  Backend:    mpi
  Algorithm:  ring
  Epochs:     20
  Batch/rank: 16
  LR:         0.1
  Scheduler:  cosine
  Warmup:     0
  Grad clip:  None
  Drop last:  True
  Data dir:   ./data
================================================================================


================================================================================
DISTRIBUTED TRAINING LAUNCHER
================================================================================
  Model:      wide_resnet50_2 (CIFAR stem) (from scratch)
  Dataset:    cifar10 (10 classes)
  Image size: 32
  LR:         0.1
  Momentum:   0.9 (nesterov=True)
  Optimizer:  sgd
  Weight dec: 0.0005 (on BN/bias=False)
  Backend:    mpi
  Algorithm:  ring
  Epochs:     20
  Batch/rank: 16
  LR:         0.1
  Scheduler:  cosine
  Warmup:     0
  Grad clip:  None
  Drop last:  True
  Data dir:   ./data
================================================================================


================================================================================
DISTRIBUTED TRAINING LAUNCHER
================================================================================
  Model:      wide_resnet50_2 (CIFAR stem) (from scratch)
  Dataset:    cifar10 (10 classes)
  Image size: 32
  LR:         0.1
  Momentum:   0.9 (nesterov=True)
  Optimizer:  sgd
  Weight dec: 0.0005 (on BN/bias=False)
  Backend:    mpi
  Algorithm:  ring
  Epochs:     20
  Batch/rank: 16
  LR:         0.1
  Scheduler:  cosine
  Warmup:     0
  Grad clip:  None
  Drop last:  True
  Data dir:   ./data
================================================================================


================================================================================
DISTRIBUTED TRAINING LAUNCHER
================================================================================
  Model:      wide_resnet50_2 (CIFAR stem) (from scratch)
  Dataset:    cifar10 (10 classes)
  Image size: 32
  LR:         0.1
  Momentum:   0.9 (nesterov=True)
  Optimizer:  sgd
  Weight dec: 0.0005 (on BN/bias=False)
  Backend:    mpi
  Algorithm:  ring
  Epochs:     20
  Batch/rank: 16
  LR:         0.1
  Scheduler:  cosine
  Warmup:     0
  Grad clip:  None
  Drop last:  True
  Data dir:   ./data
================================================================================


================================================================================
DISTRIBUTED TRAINING LAUNCHER
================================================================================
  Model:      wide_resnet50_2 (CIFAR stem) (from scratch)
  Dataset:    cifar10 (10 classes)
  Image size: 32
  LR:         0.1
  Momentum:   0.9 (nesterov=True)
  Optimizer:  sgd
  Weight dec: 0.0005 (on BN/bias=False)
  Backend:    mpi
  Algorithm:  ring
  Epochs:     20
  Batch/rank: 16
  LR:         0.1
  Scheduler:  cosine
  Warmup:     0
  Grad clip:  None
  Drop last:  True
  Data dir:   ./data
================================================================================


================================================================================
DISTRIBUTED TRAINING LAUNCHER
================================================================================
  Model:      wide_resnet50_2 (CIFAR stem) (from scratch)
  Dataset:    cifar10 (10 classes)
  Image size: 32
  LR:         0.1
  Momentum:   0.9 (nesterov=True)
  Optimizer:  sgd
  Weight dec: 0.0005 (on BN/bias=False)
  Backend:    mpi
  Algorithm:  ring
  Epochs:     20
  Batch/rank: 16
  LR:         0.1
  Scheduler:  cosine
  Warmup:     0
  Grad clip:  None
  Drop last:  True
  Data dir:   ./data
================================================================================


================================================================================
DISTRIBUTED TRAINING LAUNCHER
================================================================================
  Model:      wide_resnet50_2 (CIFAR stem) (from scratch)
  Dataset:    cifar10 (10 classes)
  Image size: 32
  LR:         0.1
  Momentum:   0.9 (nesterov=True)
  Optimizer:  sgd
  Weight dec: 0.0005 (on BN/bias=False)
  Backend:    mpi
  Algorithm:  ring
  Epochs:     20
  Batch/rank: 16
  LR:         0.1
  Scheduler:  cosine
  Warmup:     0
  Grad clip:  None
  Drop last:  True
  Data dir:   ./data
================================================================================


================================================================================
DISTRIBUTED TRAINING LAUNCHER
================================================================================
  Model:      wide_resnet50_2 (CIFAR stem) (from scratch)
  Dataset:    cifar10 (10 classes)
  Image size: 32
  LR:         0.1
  Momentum:   0.9 (nesterov=True)
  Optimizer:  sgd
  Weight dec: 0.0005 (on BN/bias=False)
  Backend:    mpi
  Algorithm:  ring
  Epochs:     20
  Batch/rank: 16
  LR:         0.1
  Scheduler:  cosine
  Warmup:     0
  Grad clip:  None
  Drop last:  True
  Data dir:   ./data
================================================================================


================================================================================
Distributed Training: WIDE_RESNET50_2 on CIFAR10
Backend: MPI, Algorithm: ring
================================================================================
Ranks: 8, Epochs: 20, Batch/rank: 16, Effective batch: 128
LR: 0.1, Device: cuda:0

[Cache] Pretrained weights cache (TORCH_HOME) = /lustre/orion/gen243/proj-shared/matilderestelli/pretrained_weights_cache
[Setup] Model on cuda:0, wrapped in DDP (static_graph=True)
[Setup] Hook registered: mpi/ring
[Optim] SGD: lr=0.1 momentum=0.9 nesterov=True wd=0.0005 wd_on_bn_bias=False
[Optim]   group 0: 66,778,816 params, wd=0.0005
[Optim]   group 1: 68,234 params, wd=0.0
[Data] Train batches: 390, Val batches: 625

[Sched] cosine: steps/epoch=390, total_steps=7800, warmup_steps=0 (0 epochs)


[Epoch 1] Training... (lr at epoch start=0.100000)
  Batch [50/390] Loss: 11.9853, Acc: 9.50%, lr: 0.099990
  Batch [100/390] Loss: 7.2126, Acc: 10.25%, lr: 0.099959
  Batch [150/390] Loss: 5.5685, Acc: 11.17%, lr: 0.099909
  Batch [200/390] Loss: 4.7220, Acc: 13.31%, lr: 0.099838
  Batch [250/390] Loss: 4.2075, Acc: 14.22%, lr: 0.099747
  Batch [300/390] Loss: 3.8515, Acc: 15.40%, lr: 0.099635
  Batch [350/390] Loss: 3.5929, Acc: 16.43%, lr: 0.099504
[Epoch 1] Train Loss: 3.4305, Acc: 17.13%  |  Val Loss: 2.0484, Acc: 22.09%  |  Time: 37.7s
[Epoch 1] t_iter median: 70.53 ms  (fwd 14.57 | bwd+comm 49.94 | opt 5.94 | data 0.08)  |  train-only epoch: 29.8s
  -> Best model saved (22.09%)
[Epoch 1] Summarizing hook timing...

[HOOK_TIMING_SUMMARY] epoch=1
[HOOK_WORK_SUMMARY] label=mpi:ring calls=3113 work_total_ms=14848.687 work_mean_ms=4.770 work_min_ms=2.372 work_max_ms=24.705
[HOOK_TAIL_SUMMARY] label=mpi:ring steps=391 tail_total_ms=11014.915 tail_mean_ms=28.171 tail_min_ms=15.365 tail_max_ms=42.759
[Epoch 1] Hook timing summary done

[Epoch 2] Training... (lr at epoch start=0.099384)
  Batch [50/390] Loss: 2.0030, Acc: 21.50%, lr: 0.099217
  Batch [100/390] Loss: 2.0070, Acc: 22.94%, lr: 0.099029
  Batch [150/390] Loss: 2.0052, Acc: 23.92%, lr: 0.098822
  Batch [200/390] Loss: 1.9898, Acc: 24.66%, lr: 0.098595
  Batch [250/390] Loss: 1.9592, Acc: 26.02%, lr: 0.098348
  Batch [300/390] Loss: 1.9344, Acc: 26.83%, lr: 0.098082
  Batch [350/390] Loss: 1.9142, Acc: 27.70%, lr: 0.097796
[Epoch 2] Train Loss: 1.9049, Acc: 27.98%  |  Val Loss: 1.6931, Acc: 36.35%  |  Time: 35.6s
[Epoch 2] t_iter median: 70.65 ms  (fwd 14.77 | bwd+comm 49.88 | opt 5.94 | data 0.08)  |  train-only epoch: 27.7s
  -> Best model saved (36.35%)
[Epoch 2] Summarizing hook timing...

[HOOK_TIMING_SUMMARY] epoch=2
[HOOK_WORK_SUMMARY] label=mpi:ring calls=3120 work_total_ms=14896.580 work_mean_ms=4.775 work_min_ms=2.224 work_max_ms=20.781
[HOOK_TAIL_SUMMARY] label=mpi:ring steps=390 tail_total_ms=10490.672 tail_mean_ms=26.899 tail_min_ms=12.830 tail_max_ms=43.605
[Epoch 2] Hook timing summary done

[Epoch 3] Training... (lr at epoch start=0.097553)
  Batch [50/390] Loss: 1.7097, Acc: 35.25%, lr: 0.097232
  Batch [100/390] Loss: 1.7287, Acc: 34.38%, lr: 0.096892
  Batch [150/390] Loss: 1.7583, Acc: 34.21%, lr: 0.096533
  Batch [200/390] Loss: 1.7395, Acc: 34.69%, lr: 0.096155
  Batch [250/390] Loss: 1.7139, Acc: 35.52%, lr: 0.095759
  Batch [300/390] Loss: 1.6978, Acc: 36.48%, lr: 0.095344
  Batch [350/390] Loss: 1.6928, Acc: 36.86%, lr: 0.094910
[Epoch 3] Train Loss: 1.6893, Acc: 36.99%  |  Val Loss: 1.5210, Acc: 43.36%  |  Time: 35.3s
[Epoch 3] t_iter median: 69.57 ms  (fwd 14.74 | bwd+comm 48.77 | opt 5.92 | data 0.07)  |  train-only epoch: 27.3s
  -> Best model saved (43.36%)
[Epoch 3] Summarizing hook timing...

[HOOK_TIMING_SUMMARY] epoch=3
[HOOK_WORK_SUMMARY] label=mpi:ring calls=3120 work_total_ms=14500.169 work_mean_ms=4.647 work_min_ms=2.220 work_max_ms=19.743
[HOOK_TAIL_SUMMARY] label=mpi:ring steps=390 tail_total_ms=10202.002 tail_mean_ms=26.159 tail_min_ms=12.231 tail_max_ms=53.111
[Epoch 3] Hook timing summary done

[Epoch 4] Training... (lr at epoch start=0.094550)
  Batch [50/390] Loss: 1.5967, Acc: 41.12%, lr: 0.094084
  Batch [100/390] Loss: 1.5855, Acc: 41.12%, lr: 0.093600
  Batch [150/390] Loss: 1.5651, Acc: 42.21%, lr: 0.093098
  Batch [200/390] Loss: 1.5598, Acc: 42.44%, lr: 0.092579
  Batch [250/390] Loss: 1.5446, Acc: 43.33%, lr: 0.092043
  Batch [300/390] Loss: 1.5270, Acc: 44.23%, lr: 0.091489
  Batch [350/390] Loss: 1.5199, Acc: 44.36%, lr: 0.090919
[Epoch 4] Train Loss: 1.5021, Acc: 44.82%  |  Val Loss: 1.2725, Acc: 53.01%  |  Time: 35.4s
[Epoch 4] t_iter median: 70.03 ms  (fwd 14.81 | bwd+comm 49.21 | opt 5.93 | data 0.07)  |  train-only epoch: 27.5s
  -> Best model saved (53.01%)
[Epoch 4] Summarizing hook timing...

[HOOK_TIMING_SUMMARY] epoch=4
[HOOK_WORK_SUMMARY] label=mpi:ring calls=3120 work_total_ms=14598.422 work_mean_ms=4.679 work_min_ms=2.227 work_max_ms=19.711
[HOOK_TAIL_SUMMARY] label=mpi:ring steps=390 tail_total_ms=10399.086 tail_mean_ms=26.664 tail_min_ms=12.582 tail_max_ms=42.625
[Epoch 4] Hook timing summary done

[Epoch 5] Training... (lr at epoch start=0.090451)
  Batch [50/390] Loss: 1.3587, Acc: 52.25%, lr: 0.089851
  Batch [100/390] Loss: 1.3716, Acc: 50.81%, lr: 0.089235
  Batch [150/390] Loss: 1.3467, Acc: 51.67%, lr: 0.088603
  Batch [200/390] Loss: 1.3399, Acc: 51.97%, lr: 0.087955
  Batch [250/390] Loss: 1.3184, Acc: 52.77%, lr: 0.087292
  Batch [300/390] Loss: 1.3098, Acc: 53.02%, lr: 0.086613
  Batch [350/390] Loss: 1.2955, Acc: 53.62%, lr: 0.085920
[Epoch 5] Train Loss: 1.2816, Acc: 54.09%  |  Val Loss: 1.0795, Acc: 60.86%  |  Time: 35.6s
[Epoch 5] t_iter median: 69.80 ms  (fwd 14.86 | bwd+comm 48.83 | opt 5.93 | data 0.07)  |  train-only epoch: 27.5s
  -> Best model saved (60.86%)
[Epoch 5] Summarizing hook timing...

[HOOK_TIMING_SUMMARY] epoch=5
[HOOK_WORK_SUMMARY] label=mpi:ring calls=3120 work_total_ms=14637.078 work_mean_ms=4.691 work_min_ms=2.219 work_max_ms=22.964
[HOOK_TAIL_SUMMARY] label=mpi:ring steps=390 tail_total_ms=10367.954 tail_mean_ms=26.584 tail_min_ms=12.954 tail_max_ms=76.912
[Epoch 5] Hook timing summary done

[Epoch 6] Training... (lr at epoch start=0.085355)
  Batch [50/390] Loss: 1.1746, Acc: 57.00%, lr: 0.084636
  Batch [100/390] Loss: 1.1369, Acc: 59.38%, lr: 0.083903
  Batch [150/390] Loss: 1.1179, Acc: 59.75%, lr: 0.083156
  Batch [200/390] Loss: 1.1020, Acc: 60.66%, lr: 0.082396
  Batch [250/390] Loss: 1.0999, Acc: 60.75%, lr: 0.081622
  Batch [300/390] Loss: 1.0993, Acc: 61.06%, lr: 0.080836
  Batch [350/390] Loss: 1.0991, Acc: 61.16%, lr: 0.080037
[Epoch 6] Train Loss: 1.0860, Acc: 61.76%  |  Val Loss: 0.9646, Acc: 66.23%  |  Time: 35.4s
[Epoch 6] t_iter median: 69.64 ms  (fwd 14.86 | bwd+comm 48.66 | opt 5.92 | data 0.07)  |  train-only epoch: 27.4s
  -> Best model saved (66.23%)
[Epoch 6] Summarizing hook timing...

[HOOK_TIMING_SUMMARY] epoch=6
[HOOK_WORK_SUMMARY] label=mpi:ring calls=3120 work_total_ms=14530.514 work_mean_ms=4.657 work_min_ms=2.215 work_max_ms=22.866
[HOOK_TAIL_SUMMARY] label=mpi:ring steps=390 tail_total_ms=10241.726 tail_mean_ms=26.261 tail_min_ms=12.660 tail_max_ms=41.701
[Epoch 6] Hook timing summary done

[Epoch 7] Training... (lr at epoch start=0.079389)
  Batch [50/390] Loss: 0.9414, Acc: 66.12%, lr: 0.078569
  Batch [100/390] Loss: 0.9418, Acc: 65.94%, lr: 0.077737
  Batch [150/390] Loss: 0.9367, Acc: 66.50%, lr: 0.076893
  Batch [200/390] Loss: 0.9339, Acc: 66.19%, lr: 0.076039
  Batch [250/390] Loss: 0.9373, Acc: 66.25%, lr: 0.075174
  Batch [300/390] Loss: 0.9415, Acc: 66.44%, lr: 0.074299
  Batch [350/390] Loss: 0.9394, Acc: 67.04%, lr: 0.073414
[Epoch 7] Train Loss: 0.9360, Acc: 67.20%  |  Val Loss: 0.8001, Acc: 71.38%  |  Time: 35.4s
[Epoch 7] t_iter median: 69.54 ms  (fwd 14.89 | bwd+comm 48.57 | opt 5.91 | data 0.07)  |  train-only epoch: 27.3s
  -> Best model saved (71.38%)
[Epoch 7] Summarizing hook timing...

[HOOK_TIMING_SUMMARY] epoch=7
[HOOK_WORK_SUMMARY] label=mpi:ring calls=3120 work_total_ms=14400.857 work_mean_ms=4.616 work_min_ms=2.224 work_max_ms=19.981
[HOOK_TAIL_SUMMARY] label=mpi:ring steps=390 tail_total_ms=10268.964 tail_mean_ms=26.331 tail_min_ms=14.018 tail_max_ms=42.441
[Epoch 7] Hook timing summary done

[Epoch 8] Training... (lr at epoch start=0.072700)
  Batch [50/390] Loss: 0.8858, Acc: 69.00%, lr: 0.071798
  Batch [100/390] Loss: 0.8351, Acc: 70.12%, lr: 0.070887
  Batch [150/390] Loss: 0.8220, Acc: 70.75%, lr: 0.069968
  Batch [200/390] Loss: 0.8049, Acc: 71.59%, lr: 0.069041
  Batch [250/390] Loss: 0.8133, Acc: 71.35%, lr: 0.068106
  Batch [300/390] Loss: 0.7908, Acc: 72.25%, lr: 0.067164
  Batch [350/390] Loss: 0.7722, Acc: 73.05%, lr: 0.066215
[Epoch 8] Train Loss: 0.7739, Acc: 73.03%  |  Val Loss: 0.7306, Acc: 74.28%  |  Time: 35.6s
[Epoch 8] t_iter median: 70.30 ms  (fwd 14.90 | bwd+comm 49.28 | opt 5.91 | data 0.07)  |  train-only epoch: 27.6s
  -> Best model saved (74.28%)
[Epoch 8] Summarizing hook timing...

[HOOK_TIMING_SUMMARY] epoch=8
[HOOK_WORK_SUMMARY] label=mpi:ring calls=3120 work_total_ms=14678.758 work_mean_ms=4.705 work_min_ms=2.230 work_max_ms=19.631
[HOOK_TAIL_SUMMARY] label=mpi:ring steps=390 tail_total_ms=10493.514 tail_mean_ms=26.906 tail_min_ms=12.912 tail_max_ms=41.749
[Epoch 8] Hook timing summary done

[Epoch 9] Training... (lr at epoch start=0.065451)
  Batch [50/390] Loss: 0.6953, Acc: 74.00%, lr: 0.064490
  Batch [100/390] Loss: 0.7030, Acc: 74.19%, lr: 0.063524
  Batch [150/390] Loss: 0.7186, Acc: 73.83%, lr: 0.062551
  Batch [200/390] Loss: 0.7163, Acc: 74.19%, lr: 0.061574
  Batch [250/390] Loss: 0.7038, Acc: 74.95%, lr: 0.060592
  Batch [300/390] Loss: 0.6989, Acc: 75.29%, lr: 0.059606
  Batch [350/390] Loss: 0.6921, Acc: 75.59%, lr: 0.058616
[Epoch 9] Train Loss: 0.6874, Acc: 75.69%  |  Val Loss: 0.6129, Acc: 78.97%  |  Time: 35.6s
[Epoch 9] t_iter median: 69.74 ms  (fwd 15.06 | bwd+comm 48.46 | opt 5.93 | data 0.07)  |  train-only epoch: 27.4s
  -> Best model saved (78.97%)
[Epoch 9] Summarizing hook timing...

[HOOK_TIMING_SUMMARY] epoch=9
[HOOK_WORK_SUMMARY] label=mpi:ring calls=3120 work_total_ms=14442.594 work_mean_ms=4.629 work_min_ms=2.221 work_max_ms=21.442
[HOOK_TAIL_SUMMARY] label=mpi:ring steps=390 tail_total_ms=10051.618 tail_mean_ms=25.773 tail_min_ms=13.596 tail_max_ms=41.710
[Epoch 9] Hook timing summary done

[Epoch 10] Training... (lr at epoch start=0.057822)
  Batch [50/390] Loss: 0.6093, Acc: 78.88%, lr: 0.056826
  Batch [100/390] Loss: 0.6348, Acc: 78.88%, lr: 0.055827
  Batch [150/390] Loss: 0.6269, Acc: 79.04%, lr: 0.054826
  Batch [200/390] Loss: 0.6206, Acc: 79.12%, lr: 0.053823
  Batch [250/390] Loss: 0.6101, Acc: 79.20%, lr: 0.052818
  Batch [300/390] Loss: 0.6003, Acc: 79.75%, lr: 0.051812
  Batch [350/390] Loss: 0.6023, Acc: 79.52%, lr: 0.050806
[Epoch 10] Train Loss: 0.5998, Acc: 79.57%  |  Val Loss: 0.5663, Acc: 80.40%  |  Time: 36.0s
[Epoch 10] t_iter median: 70.16 ms  (fwd 15.04 | bwd+comm 49.09 | opt 5.92 | data 0.07)  |  train-only epoch: 27.9s
  -> Best model saved (80.40%)
[Epoch 10] Summarizing hook timing...

[HOOK_TIMING_SUMMARY] epoch=10
[HOOK_WORK_SUMMARY] label=mpi:ring calls=3120 work_total_ms=14684.514 work_mean_ms=4.707 work_min_ms=2.224 work_max_ms=32.320
[HOOK_TAIL_SUMMARY] label=mpi:ring steps=390 tail_total_ms=10397.945 tail_mean_ms=26.661 tail_min_ms=12.094 tail_max_ms=73.026
[Epoch 10] Hook timing summary done

[Epoch 11] Training... (lr at epoch start=0.050000)
  Batch [50/390] Loss: 0.4892, Acc: 82.88%, lr: 0.048993
  Batch [100/390] Loss: 0.5074, Acc: 82.69%, lr: 0.047987
  Batch [150/390] Loss: 0.5111, Acc: 82.17%, lr: 0.046981
  Batch [200/390] Loss: 0.5333, Acc: 81.38%, lr: 0.045977
  Batch [250/390] Loss: 0.5342, Acc: 81.45%, lr: 0.044974
  Batch [300/390] Loss: 0.5287, Acc: 81.60%, lr: 0.043973
  Batch [350/390] Loss: 0.5299, Acc: 81.75%, lr: 0.042975
[Epoch 11] Train Loss: 0.5353, Acc: 81.60%  |  Val Loss: 0.5204, Acc: 81.70%  |  Time: 35.8s
[Epoch 11] t_iter median: 69.96 ms  (fwd 15.06 | bwd+comm 48.81 | opt 5.92 | data 0.07)  |  train-only epoch: 27.5s
  -> Best model saved (81.70%)
[Epoch 11] Summarizing hook timing...

[HOOK_TIMING_SUMMARY] epoch=11
[HOOK_WORK_SUMMARY] label=mpi:ring calls=3120 work_total_ms=14502.510 work_mean_ms=4.648 work_min_ms=2.238 work_max_ms=22.281
[HOOK_TAIL_SUMMARY] label=mpi:ring steps=390 tail_total_ms=10275.429 tail_mean_ms=26.347 tail_min_ms=11.556 tail_max_ms=42.949
[Epoch 11] Hook timing summary done

[Epoch 12] Training... (lr at epoch start=0.042178)
  Batch [50/390] Loss: 0.4700, Acc: 83.12%, lr: 0.041185
  Batch [100/390] Loss: 0.4865, Acc: 83.31%, lr: 0.040196
  Batch [150/390] Loss: 0.4895, Acc: 82.96%, lr: 0.039211
  Batch [200/390] Loss: 0.4900, Acc: 82.97%, lr: 0.038230
  Batch [250/390] Loss: 0.4816, Acc: 83.35%, lr: 0.037254
  Batch [300/390] Loss: 0.4762, Acc: 83.46%, lr: 0.036283
  Batch [350/390] Loss: 0.4712, Acc: 83.52%, lr: 0.035317
[Epoch 12] Train Loss: 0.4672, Acc: 83.65%  |  Val Loss: 0.4715, Acc: 83.85%  |  Time: 35.8s
[Epoch 12] t_iter median: 70.10 ms  (fwd 15.13 | bwd+comm 48.91 | opt 5.93 | data 0.07)  |  train-only epoch: 27.5s
  -> Best model saved (83.85%)
[Epoch 12] Summarizing hook timing...

[HOOK_TIMING_SUMMARY] epoch=12
[HOOK_WORK_SUMMARY] label=mpi:ring calls=3120 work_total_ms=14581.294 work_mean_ms=4.673 work_min_ms=2.230 work_max_ms=20.664
[HOOK_TAIL_SUMMARY] label=mpi:ring steps=390 tail_total_ms=10112.659 tail_mean_ms=25.930 tail_min_ms=7.384 tail_max_ms=42.164
[Epoch 12] Hook timing summary done

[Epoch 13] Training... (lr at epoch start=0.034549)
  Batch [50/390] Loss: 0.4463, Acc: 85.12%, lr: 0.033595
  Batch [100/390] Loss: 0.4389, Acc: 84.88%, lr: 0.032647
  Batch [150/390] Loss: 0.4335, Acc: 85.04%, lr: 0.031706
  Batch [200/390] Loss: 0.4292, Acc: 85.38%, lr: 0.030773
  Batch [250/390] Loss: 0.4283, Acc: 85.17%, lr: 0.029847
  Batch [300/390] Loss: 0.4325, Acc: 85.19%, lr: 0.028930
  Batch [350/390] Loss: 0.4331, Acc: 85.12%, lr: 0.028021
[Epoch 13] Train Loss: 0.4303, Acc: 85.19%  |  Val Loss: 0.4241, Acc: 85.93%  |  Time: 35.7s
[Epoch 13] t_iter median: 69.77 ms  (fwd 15.06 | bwd+comm 48.59 | opt 5.92 | data 0.07)  |  train-only epoch: 27.4s
  -> Best model saved (85.93%)
[Epoch 13] Summarizing hook timing...

[HOOK_TIMING_SUMMARY] epoch=13
[HOOK_WORK_SUMMARY] label=mpi:ring calls=3120 work_total_ms=14467.920 work_mean_ms=4.637 work_min_ms=2.242 work_max_ms=19.791
[HOOK_TAIL_SUMMARY] label=mpi:ring steps=390 tail_total_ms=10131.503 tail_mean_ms=25.978 tail_min_ms=15.192 tail_max_ms=40.808
[Epoch 13] Hook timing summary done

[Epoch 14] Training... (lr at epoch start=0.027300)
  Batch [50/390] Loss: 0.3919, Acc: 85.75%, lr: 0.026408
  Batch [100/390] Loss: 0.3707, Acc: 86.81%, lr: 0.025525
  Batch [150/390] Loss: 0.3804, Acc: 86.33%, lr: 0.024652
  Batch [200/390] Loss: 0.3924, Acc: 85.84%, lr: 0.023789
  Batch [250/390] Loss: 0.3904, Acc: 86.22%, lr: 0.022937
  Batch [300/390] Loss: 0.3819, Acc: 86.75%, lr: 0.022096
  Batch [350/390] Loss: 0.3792, Acc: 87.04%, lr: 0.021266
[Epoch 14] Train Loss: 0.3813, Acc: 86.91%  |  Val Loss: 0.4213, Acc: 85.95%  |  Time: 35.9s
[Epoch 14] t_iter median: 70.43 ms  (fwd 15.15 | bwd+comm 49.14 | opt 5.92 | data 0.07)  |  train-only epoch: 27.6s
  -> Best model saved (85.95%)
[Epoch 14] Summarizing hook timing...

[HOOK_TIMING_SUMMARY] epoch=14
[HOOK_WORK_SUMMARY] label=mpi:ring calls=3120 work_total_ms=14543.265 work_mean_ms=4.661 work_min_ms=2.210 work_max_ms=19.584
[HOOK_TAIL_SUMMARY] label=mpi:ring steps=390 tail_total_ms=10228.907 tail_mean_ms=26.228 tail_min_ms=11.954 tail_max_ms=42.365
[Epoch 14] Hook timing summary done

[Epoch 15] Training... (lr at epoch start=0.020611)
  Batch [50/390] Loss: 0.3452, Acc: 87.50%, lr: 0.019802
  Batch [100/390] Loss: 0.3436, Acc: 88.25%, lr: 0.019006
  Batch [150/390] Loss: 0.3498, Acc: 87.08%, lr: 0.018222
  Batch [200/390] Loss: 0.3502, Acc: 87.34%, lr: 0.017451
  Batch [250/390] Loss: 0.3456, Acc: 87.47%, lr: 0.016693
  Batch [300/390] Loss: 0.3476, Acc: 87.56%, lr: 0.015949
  Batch [350/390] Loss: 0.3449, Acc: 87.80%, lr: 0.015219
[Epoch 15] Train Loss: 0.3463, Acc: 87.85%  |  Val Loss: 0.3825, Acc: 86.99%  |  Time: 35.9s
[Epoch 15] t_iter median: 70.18 ms  (fwd 15.11 | bwd+comm 48.90 | opt 5.92 | data 0.07)  |  train-only epoch: 27.5s
  -> Best model saved (86.99%)
[Epoch 15] Summarizing hook timing...

[HOOK_TIMING_SUMMARY] epoch=15
[HOOK_WORK_SUMMARY] label=mpi:ring calls=3120 work_total_ms=14559.771 work_mean_ms=4.667 work_min_ms=2.226 work_max_ms=19.559
[HOOK_TAIL_SUMMARY] label=mpi:ring steps=390 tail_total_ms=10231.803 tail_mean_ms=26.235 tail_min_ms=16.329 tail_max_ms=42.451
[Epoch 15] Hook timing summary done

[Epoch 16] Training... (lr at epoch start=0.014645)
  Batch [50/390] Loss: 0.2962, Acc: 89.25%, lr: 0.013940
  Batch [100/390] Loss: 0.3160, Acc: 88.00%, lr: 0.013250
  Batch [150/390] Loss: 0.2956, Acc: 89.00%, lr: 0.012574
  Batch [200/390] Loss: 0.2938, Acc: 89.25%, lr: 0.011914
  Batch [250/390] Loss: 0.2952, Acc: 89.35%, lr: 0.011270
  Batch [300/390] Loss: 0.2953, Acc: 89.54%, lr: 0.010641
  Batch [350/390] Loss: 0.2920, Acc: 89.68%, lr: 0.010028
[Epoch 16] Train Loss: 0.2902, Acc: 89.79%  |  Val Loss: 0.3373, Acc: 88.86%  |  Time: 35.9s
[Epoch 16] t_iter median: 69.96 ms  (fwd 15.13 | bwd+comm 48.74 | opt 5.92 | data 0.07)  |  train-only epoch: 27.5s
  -> Best model saved (88.86%)
[Epoch 16] Summarizing hook timing...

[HOOK_TIMING_SUMMARY] epoch=16
[HOOK_WORK_SUMMARY] label=mpi:ring calls=3120 work_total_ms=14582.953 work_mean_ms=4.674 work_min_ms=2.227 work_max_ms=18.914
[HOOK_TAIL_SUMMARY] label=mpi:ring steps=390 tail_total_ms=10166.615 tail_mean_ms=26.068 tail_min_ms=16.475 tail_max_ms=42.935
[Epoch 16] Hook timing summary done

[Epoch 17] Training... (lr at epoch start=0.009549)
  Batch [50/390] Loss: 0.2629, Acc: 91.25%, lr: 0.008966
  Batch [100/390] Loss: 0.2505, Acc: 90.94%, lr: 0.008399
  Batch [150/390] Loss: 0.2493, Acc: 91.17%, lr: 0.007848
  Batch [200/390] Loss: 0.2391, Acc: 91.62%, lr: 0.007315
  Batch [250/390] Loss: 0.2386, Acc: 91.65%, lr: 0.006800
  Batch [300/390] Loss: 0.2426, Acc: 91.33%, lr: 0.006302
  Batch [350/390] Loss: 0.2446, Acc: 91.43%, lr: 0.005821
[Epoch 17] Train Loss: 0.2437, Acc: 91.52%  |  Val Loss: 0.3107, Acc: 89.63%  |  Time: 36.1s
[Epoch 17] t_iter median: 70.09 ms  (fwd 14.99 | bwd+comm 48.99 | opt 5.92 | data 0.07)  |  train-only epoch: 27.6s
  -> Best model saved (89.63%)
[Epoch 17] Summarizing hook timing...

[HOOK_TIMING_SUMMARY] epoch=17
[HOOK_WORK_SUMMARY] label=mpi:ring calls=3120 work_total_ms=14718.187 work_mean_ms=4.717 work_min_ms=2.259 work_max_ms=86.423
[HOOK_TAIL_SUMMARY] label=mpi:ring steps=390 tail_total_ms=10321.632 tail_mean_ms=26.466 tail_min_ms=12.601 tail_max_ms=133.113
[Epoch 17] Hook timing summary done

[Epoch 18] Training... (lr at epoch start=0.005450)
  Batch [50/390] Loss: 0.2171, Acc: 92.25%, lr: 0.005002
  Batch [100/390] Loss: 0.2074, Acc: 92.81%, lr: 0.004572
  Batch [150/390] Loss: 0.2195, Acc: 92.50%, lr: 0.004160
  Batch [200/390] Loss: 0.2127, Acc: 92.62%, lr: 0.003768
  Batch [250/390] Loss: 0.2149, Acc: 92.40%, lr: 0.003394
  Batch [300/390] Loss: 0.2106, Acc: 92.71%, lr: 0.003038
  Batch [350/390] Loss: 0.2087, Acc: 92.68%, lr: 0.002702
[Epoch 18] Train Loss: 0.2141, Acc: 92.42%  |  Val Loss: 0.3067, Acc: 90.33%  |  Time: 36.3s
[Epoch 18] t_iter median: 70.86 ms  (fwd 15.25 | bwd+comm 49.55 | opt 5.93 | data 0.08)  |  train-only epoch: 27.8s
  -> Best model saved (90.33%)
[Epoch 18] Summarizing hook timing...

[HOOK_TIMING_SUMMARY] epoch=18
[HOOK_WORK_SUMMARY] label=mpi:ring calls=3120 work_total_ms=14710.259 work_mean_ms=4.715 work_min_ms=2.225 work_max_ms=36.019
[HOOK_TAIL_SUMMARY] label=mpi:ring steps=390 tail_total_ms=10458.114 tail_mean_ms=26.816 tail_min_ms=14.852 tail_max_ms=70.316
[Epoch 18] Hook timing summary done

[Epoch 19] Training... (lr at epoch start=0.002447)
  Batch [50/390] Loss: 0.2019, Acc: 93.25%, lr: 0.002146
  Batch [100/390] Loss: 0.1931, Acc: 93.31%, lr: 0.001864
  Batch [150/390] Loss: 0.1929, Acc: 93.38%, lr: 0.001601
  Batch [200/390] Loss: 0.1877, Acc: 93.59%, lr: 0.001358
  Batch [250/390] Loss: 0.2000, Acc: 93.08%, lr: 0.001135
  Batch [300/390] Loss: 0.2005, Acc: 92.81%, lr: 0.000931
  Batch [350/390] Loss: 0.1979, Acc: 92.89%, lr: 0.000748
[Epoch 19] Train Loss: 0.1946, Acc: 93.09%  |  Val Loss: 0.2968, Acc: 90.62%  |  Time: 36.1s
[Epoch 19] t_iter median: 70.21 ms  (fwd 15.23 | bwd+comm 48.92 | opt 5.93 | data 0.08)  |  train-only epoch: 27.6s
  -> Best model saved (90.62%)
[Epoch 19] Summarizing hook timing...

[HOOK_TIMING_SUMMARY] epoch=19
[HOOK_WORK_SUMMARY] label=mpi:ring calls=3120 work_total_ms=14612.935 work_mean_ms=4.684 work_min_ms=2.239 work_max_ms=20.420
[HOOK_TAIL_SUMMARY] label=mpi:ring steps=390 tail_total_ms=10169.037 tail_mean_ms=26.074 tail_min_ms=12.801 tail_max_ms=42.443
[Epoch 19] Hook timing summary done

[Epoch 20] Training... (lr at epoch start=0.000616)
  Batch [50/390] Loss: 0.1672, Acc: 94.50%, lr: 0.000468
  Batch [100/390] Loss: 0.1630, Acc: 94.62%, lr: 0.000341
  Batch [150/390] Loss: 0.1561, Acc: 94.83%, lr: 0.000233
  Batch [200/390] Loss: 0.1575, Acc: 94.78%, lr: 0.000146
  Batch [250/390] Loss: 0.1659, Acc: 94.53%, lr: 0.000079
  Batch [300/390] Loss: 0.1629, Acc: 94.46%, lr: 0.000033
  Batch [350/390] Loss: 0.1653, Acc: 94.36%, lr: 0.000006
[Epoch 20] Train Loss: 0.1662, Acc: 94.39%  |  Val Loss: 0.2938, Acc: 90.83%  |  Time: 36.1s
[Epoch 20] t_iter median: 69.97 ms  (fwd 15.07 | bwd+comm 48.76 | opt 5.91 | data 0.08)  |  train-only epoch: 27.6s
  -> Best model saved (90.83%)
[Epoch 20] Summarizing hook timing...

[HOOK_TIMING_SUMMARY] epoch=20
[HOOK_WORK_SUMMARY] label=mpi:ring calls=3120 work_total_ms=14700.080 work_mean_ms=4.712 work_min_ms=2.220 work_max_ms=62.943
[HOOK_TAIL_SUMMARY] label=mpi:ring steps=390 tail_total_ms=10219.067 tail_mean_ms=26.203 tail_min_ms=12.585 tail_max_ms=109.848
[Epoch 20] Hook timing summary done

================================================================================
Done in 744.8s | Best val acc: 90.83%
Epoch times (train+val): mean=35.9s  min=35.3s  max=37.7s
Train-only epoch time (epochs 2..N): median=27.54s  min=27.32s  max=27.89s
  -> use this for STRONG scaling (fixed global batch)
  -> use t_iter_median_ms from the CSV for WEAK scaling (fixed local batch)
================================================================================
=== Finished training: model=wide_resnet50_2, dataset=cifar10, batch=16, lr=0.1, scheduler=cosine, backend=mpi, hook=ring, zfp_rate=none, status=0 at Wed Jul 15 01:52:19 PM EDT 2026 ===
=== Starting: model=wide_resnet50_2, ws=8, bs=16, gb=128, lr=0.1, sched=cosine, warmup=0, mom=0.9, wd=5e-4, nesterov=false, wd_bn_bias=false, backend=mpi, hook=none, zfp=none at Wed Jul 15 01:52:19 PM EDT 2026 ===
MIOPEN_USER_DB_PATH=/mnt/bb/matilderestelli/miopen_cache_5004304/miopen_db
MIOPEN_CUSTOM_CACHE_DIR=/mnt/bb/matilderestelli/miopen_cache_5004304/kernel_cache
drwxr-sr-x 2 matilderestelli gen243 103 Jul 14 05:38 /mnt/bb/matilderestelli/miopen_cache_5004304/miopen_db
==== GPU visibility debug (batch shell) ====
frontier00893
ROCR_VISIBLE_DEVICES=0,1,2,3,4,5,6,7
SLURM_JOB_GPUS=0,1,2,3,4,5,6,7
[37mROCk module version 6.16.13 is loaded[0m
=====================    
HSA System Attributes    
=====================    
Runtime Version:         1.18
Runtime Ext Version:     1.14
System Timestamp Freq.:  1000.000000MHz
Sig. Max Wait Duration:  18446744073709551615 (0xFFFFFFFFFFFFFFFF) (timestamp count)
Machine Model:           LARGE                              
System Endianness:       LITTLE                             
Mwaitx:                  DISABLED
XNACK enabled:           NO
DMAbuf Support:          YES
VMM Support:             YES

==========               
HSA Agents               
==========               
*******                  
Agent 1                  
*******                  
  Name:                    AMD EPYC 7A53 64-Core Processor    
  Uuid:                    CPU-XX                             
  Marketing Name:          AMD EPYC 7A53 64-Core Processor    
  Vendor Name:             CPU                                
  Feature:                 None specified                     
  Profile:                 FULL_PROFILE                       
  Float Round Mode:        NEAR                               
  Max Queue Number:        0(0x0)                             
  Queue Min Size:          0(0x0)                             

================================================================================
DISTRIBUTED TRAINING LAUNCHER
================================================================================
  Model:      wide_resnet50_2 (CIFAR stem) (from scratch)
  Dataset:    cifar10 (10 classes)
  Image size: 32
  LR:         0.1
  Momentum:   0.9 (nesterov=False)
  Optimizer:  sgd
  Weight dec: 0.0005 (on BN/bias=False)
  Backend:    mpi
  Algorithm:  built-in (no hook)
  Epochs:     20
  Batch/rank: 16
  LR:         0.1
  Scheduler:  cosine
  Warmup:     0
  Grad clip:  None
  Drop last:  True
  Data dir:   ./data
================================================================================


================================================================================
DISTRIBUTED TRAINING LAUNCHER
================================================================================
  Model:      wide_resnet50_2 (CIFAR stem) (from scratch)
  Dataset:    cifar10 (10 classes)
  Image size: 32
  LR:         0.1
  Momentum:   0.9 (nesterov=False)
  Optimizer:  sgd
  Weight dec: 0.0005 (on BN/bias=False)
  Backend:    mpi
  Algorithm:  built-in (no hook)
  Epochs:     20
  Batch/rank: 16
  LR:         0.1
  Scheduler:  cosine
  Warmup:     0
  Grad clip:  None
  Drop last:  True
  Data dir:   ./data
================================================================================


================================================================================
DISTRIBUTED TRAINING LAUNCHER
================================================================================
  Model:      wide_resnet50_2 (CIFAR stem) (from scratch)
  Dataset:    cifar10 (10 classes)
  Image size: 32
  LR:         0.1
  Momentum:   0.9 (nesterov=False)
  Optimizer:  sgd
  Weight dec: 0.0005 (on BN/bias=False)
  Backend:    mpi
  Algorithm:  built-in (no hook)
  Epochs:     20
  Batch/rank: 16
  LR:         0.1
  Scheduler:  cosine
  Warmup:     0
  Grad clip:  None
  Drop last:  True
  Data dir:   ./data
================================================================================


================================================================================
DISTRIBUTED TRAINING LAUNCHER
================================================================================
  Model:      wide_resnet50_2 (CIFAR stem) (from scratch)
  Dataset:    cifar10 (10 classes)
  Image size: 32
  LR:         0.1
  Momentum:   0.9 (nesterov=False)
  Optimizer:  sgd
  Weight dec: 0.0005 (on BN/bias=False)
  Backend:    mpi
  Algorithm:  built-in (no hook)
  Epochs:     20
  Batch/rank: 16
  LR:         0.1
  Scheduler:  cosine
  Warmup:     0
  Grad clip:  None
  Drop last:  True
  Data dir:   ./data
================================================================================


================================================================================
DISTRIBUTED TRAINING LAUNCHER
================================================================================
  Model:      wide_resnet50_2 (CIFAR stem) (from scratch)
  Dataset:    cifar10 (10 classes)
  Image size: 32
  LR:         0.1
  Momentum:   0.9 (nesterov=False)
  Optimizer:  sgd
  Weight dec: 0.0005 (on BN/bias=False)
  Backend:    mpi
  Algorithm:  built-in (no hook)
  Epochs:     20
  Batch/rank: 16
  LR:         0.1
  Scheduler:  cosine
  Warmup:     0
  Grad clip:  None
  Drop last:  True
  Data dir:   ./data
================================================================================


================================================================================
DISTRIBUTED TRAINING LAUNCHER
================================================================================
  Model:      wide_resnet50_2 (CIFAR stem) (from scratch)
  Dataset:    cifar10 (10 classes)
  Image size: 32
  LR:         0.1
  Momentum:   0.9 (nesterov=False)
  Optimizer:  sgd
  Weight dec: 0.0005 (on BN/bias=False)
  Backend:    mpi
  Algorithm:  built-in (no hook)
  Epochs:     20
  Batch/rank: 16
  LR:         0.1
  Scheduler:  cosine
  Warmup:     0
  Grad clip:  None
  Drop last:  True
  Data dir:   ./data
================================================================================


================================================================================
DISTRIBUTED TRAINING LAUNCHER
================================================================================
  Model:      wide_resnet50_2 (CIFAR stem) (from scratch)
  Dataset:    cifar10 (10 classes)
  Image size: 32
  LR:         0.1
  Momentum:   0.9 (nesterov=False)
  Optimizer:  sgd
  Weight dec: 0.0005 (on BN/bias=False)
  Backend:    mpi
  Algorithm:  built-in (no hook)
  Epochs:     20
  Batch/rank: 16
  LR:         0.1
  Scheduler:  cosine
  Warmup:     0
  Grad clip:  None
  Drop last:  True
  Data dir:   ./data
================================================================================


================================================================================
DISTRIBUTED TRAINING LAUNCHER
================================================================================
  Model:      wide_resnet50_2 (CIFAR stem) (from scratch)
  Dataset:    cifar10 (10 classes)
  Image size: 32
  LR:         0.1
  Momentum:   0.9 (nesterov=False)
  Optimizer:  sgd
  Weight dec: 0.0005 (on BN/bias=False)
  Backend:    mpi
  Algorithm:  built-in (no hook)
  Epochs:     20
  Batch/rank: 16
  LR:         0.1
  Scheduler:  cosine
  Warmup:     0
  Grad clip:  None
  Drop last:  True
  Data dir:   ./data
================================================================================


================================================================================
Distributed Training: WIDE_RESNET50_2 on CIFAR10
Backend: MPI, Algorithm: built-in (no hook)
================================================================================
Ranks: 8, Epochs: 20, Batch/rank: 16, Effective batch: 128
LR: 0.1, Device: cuda:0

[Cache] Pretrained weights cache (TORCH_HOME) = /lustre/orion/gen243/proj-shared/matilderestelli/pretrained_weights_cache
[Setup] Model on cuda:0, wrapped in DDP (static_graph=True)
[Setup] No hook — using DDP built-in MPI allreduce
[Optim] SGD: lr=0.1 momentum=0.9 nesterov=False wd=0.0005 wd_on_bn_bias=False
[Optim]   group 0: 66,778,816 params, wd=0.0005
[Optim]   group 1: 68,234 params, wd=0.0
[Data] Train batches: 390, Val batches: 625

[Sched] cosine: steps/epoch=390, total_steps=7800, warmup_steps=0 (0 epochs)


[Epoch 1] Training... (lr at epoch start=0.100000)
  Batch [50/390] Loss: 10.2240, Acc: 9.12%, lr: 0.099990
  Batch [100/390] Loss: 6.2853, Acc: 11.25%, lr: 0.099959
  Batch [150/390] Loss: 4.9504, Acc: 11.79%, lr: 0.099909
  Batch [200/390] Loss: 4.2835, Acc: 11.97%, lr: 0.099838
  Batch [250/390] Loss: 3.8837, Acc: 12.05%, lr: 0.099747
  Batch [300/390] Loss: 3.6150, Acc: 11.96%, lr: 0.099635
  Batch [350/390] Loss: 3.4203, Acc: 12.77%, lr: 0.099504
[Epoch 1] Train Loss: 3.2994, Acc: 13.29%  |  Val Loss: 2.3284, Acc: 13.31%  |  Time: 30.7s
[Epoch 1] t_iter median: 51.89 ms  (fwd 14.49 | bwd+comm 32.08 | opt 4.98 | data 0.08)  |  train-only epoch: 22.8s
  -> Best model saved (13.31%)
[Epoch 1] Summarizing hook timing...
[HOOK_TIMING_SUMMARY] epoch=1 no hook timing samples
[Epoch 1] Hook timing summary done

[Epoch 2] Training... (lr at epoch start=0.099384)
  Batch [50/390] Loss: 2.1550, Acc: 17.00%, lr: 0.099217
  Batch [100/390] Loss: 2.1336, Acc: 18.56%, lr: 0.099029
  Batch [150/390] Loss: 2.1278, Acc: 19.33%, lr: 0.098822
  Batch [200/390] Loss: 2.1115, Acc: 19.31%, lr: 0.098595
  Batch [250/390] Loss: 2.0909, Acc: 19.68%, lr: 0.098348
  Batch [300/390] Loss: 2.0656, Acc: 20.04%, lr: 0.098082
  Batch [350/390] Loss: 2.0546, Acc: 20.34%, lr: 0.097796
[Epoch 2] Train Loss: 2.0473, Acc: 20.75%  |  Val Loss: 1.9167, Acc: 26.92%  |  Time: 28.9s
[Epoch 2] t_iter median: 53.59 ms  (fwd 14.73 | bwd+comm 33.61 | opt 4.99 | data 0.08)  |  train-only epoch: 21.0s
  -> Best model saved (26.92%)
[Epoch 2] Summarizing hook timing...
[HOOK_TIMING_SUMMARY] epoch=2 no hook timing samples
[Epoch 2] Hook timing summary done

[Epoch 3] Training... (lr at epoch start=0.097553)
  Batch [50/390] Loss: 1.9361, Acc: 24.25%, lr: 0.097232
  Batch [100/390] Loss: 1.9504, Acc: 24.06%, lr: 0.096892
  Batch [150/390] Loss: 1.9623, Acc: 24.54%, lr: 0.096533
  Batch [200/390] Loss: 1.9462, Acc: 24.72%, lr: 0.096155
  Batch [250/390] Loss: 1.9336, Acc: 25.05%, lr: 0.095759
  Batch [300/390] Loss: 1.9178, Acc: 26.27%, lr: 0.095344
  Batch [350/390] Loss: 1.9119, Acc: 26.66%, lr: 0.094910
[Epoch 3] Train Loss: 1.9064, Acc: 26.88%  |  Val Loss: 1.7387, Acc: 34.75%  |  Time: 28.8s
[Epoch 3] t_iter median: 53.07 ms  (fwd 14.73 | bwd+comm 32.93 | opt 5.00 | data 0.08)  |  train-only epoch: 20.9s
  -> Best model saved (34.75%)
[Epoch 3] Summarizing hook timing...
[HOOK_TIMING_SUMMARY] epoch=3 no hook timing samples
[Epoch 3] Hook timing summary done

[Epoch 4] Training... (lr at epoch start=0.094550)
  Batch [50/390] Loss: 1.8123, Acc: 31.25%, lr: 0.094084
  Batch [100/390] Loss: 1.8054, Acc: 32.38%, lr: 0.093600
  Batch [150/390] Loss: 1.7915, Acc: 33.50%, lr: 0.093098
  Batch [200/390] Loss: 1.7788, Acc: 34.16%, lr: 0.092579
  Batch [250/390] Loss: 1.7711, Acc: 34.40%, lr: 0.092043
  Batch [300/390] Loss: 1.7581, Acc: 35.27%, lr: 0.091489
  Batch [350/390] Loss: 1.7592, Acc: 35.41%, lr: 0.090919
[Epoch 4] Train Loss: 1.7507, Acc: 35.58%  |  Val Loss: 1.5292, Acc: 43.34%  |  Time: 28.9s
[Epoch 4] t_iter median: 53.70 ms  (fwd 14.75 | bwd+comm 33.62 | opt 5.00 | data 0.08)  |  train-only epoch: 21.0s
  -> Best model saved (43.34%)
[Epoch 4] Summarizing hook timing...
[HOOK_TIMING_SUMMARY] epoch=4 no hook timing samples
[Epoch 4] Hook timing summary done

[Epoch 5] Training... (lr at epoch start=0.090451)
  Batch [50/390] Loss: 1.6809, Acc: 39.62%, lr: 0.089851
  Batch [100/390] Loss: 1.6841, Acc: 38.44%, lr: 0.089235
  Batch [150/390] Loss: 1.6528, Acc: 39.54%, lr: 0.088603
  Batch [200/390] Loss: 1.6441, Acc: 39.44%, lr: 0.087955
  Batch [250/390] Loss: 1.6314, Acc: 39.90%, lr: 0.087292
  Batch [300/390] Loss: 1.6170, Acc: 40.42%, lr: 0.086613
  Batch [350/390] Loss: 1.6029, Acc: 40.86%, lr: 0.085920
[Epoch 5] Train Loss: 1.5923, Acc: 41.54%  |  Val Loss: 1.4642, Acc: 46.33%  |  Time: 29.1s
[Epoch 5] t_iter median: 53.58 ms  (fwd 14.79 | bwd+comm 33.32 | opt 5.00 | data 0.08)  |  train-only epoch: 21.1s
  -> Best model saved (46.33%)
[Epoch 5] Summarizing hook timing...
[HOOK_TIMING_SUMMARY] epoch=5 no hook timing samples
[Epoch 5] Hook timing summary done

[Epoch 6] Training... (lr at epoch start=0.085355)
  Batch [50/390] Loss: 1.5025, Acc: 46.88%, lr: 0.084636
  Batch [100/390] Loss: 1.5045, Acc: 45.75%, lr: 0.083903
  Batch [150/390] Loss: 1.4763, Acc: 47.12%, lr: 0.083156
  Batch [200/390] Loss: 1.4622, Acc: 47.81%, lr: 0.082396
  Batch [250/390] Loss: 1.4635, Acc: 47.70%, lr: 0.081622
  Batch [300/390] Loss: 1.4526, Acc: 48.00%, lr: 0.080836
  Batch [350/390] Loss: 1.4539, Acc: 48.05%, lr: 0.080037
[Epoch 6] Train Loss: 1.4408, Acc: 48.51%  |  Val Loss: 1.2960, Acc: 52.29%  |  Time: 29.0s
[Epoch 6] t_iter median: 53.58 ms  (fwd 14.80 | bwd+comm 33.48 | opt 5.00 | data 0.08)  |  train-only epoch: 21.0s
  -> Best model saved (52.29%)
[Epoch 6] Summarizing hook timing...
[HOOK_TIMING_SUMMARY] epoch=6 no hook timing samples
[Epoch 6] Hook timing summary done

[Epoch 7] Training... (lr at epoch start=0.079389)
  Batch [50/390] Loss: 1.3166, Acc: 52.38%, lr: 0.078569
  Batch [100/390] Loss: 1.3028, Acc: 52.69%, lr: 0.077737
  Batch [150/390] Loss: 1.2938, Acc: 53.04%, lr: 0.076893
  Batch [200/390] Loss: 1.2836, Acc: 53.31%, lr: 0.076039
  Batch [250/390] Loss: 1.2784, Acc: 53.52%, lr: 0.075174
  Batch [300/390] Loss: 1.2799, Acc: 53.73%, lr: 0.074299
  Batch [350/390] Loss: 1.2808, Acc: 53.70%, lr: 0.073414
[Epoch 7] Train Loss: 1.2802, Acc: 53.65%  |  Val Loss: 1.1892, Acc: 58.46%  |  Time: 29.0s
[Epoch 7] t_iter median: 53.19 ms  (fwd 14.94 | bwd+comm 33.03 | opt 5.00 | data 0.08)  |  train-only epoch: 21.0s
  -> Best model saved (58.46%)
[Epoch 7] Summarizing hook timing...
[HOOK_TIMING_SUMMARY] epoch=7 no hook timing samples
[Epoch 7] Hook timing summary done

[Epoch 8] Training... (lr at epoch start=0.072700)
  Batch [50/390] Loss: 1.2086, Acc: 57.75%, lr: 0.071798
  Batch [100/390] Loss: 1.1947, Acc: 56.69%, lr: 0.070887
  Batch [150/390] Loss: 1.1683, Acc: 58.04%, lr: 0.069968
  Batch [200/390] Loss: 1.1508, Acc: 58.81%, lr: 0.069041
  Batch [250/390] Loss: 1.1494, Acc: 58.92%, lr: 0.068106
  Batch [300/390] Loss: 1.1369, Acc: 59.81%, lr: 0.067164
  Batch [350/390] Loss: 1.1185, Acc: 60.52%, lr: 0.066215
[Epoch 8] Train Loss: 1.1134, Acc: 60.75%  |  Val Loss: 0.9818, Acc: 65.36%  |  Time: 28.9s
[Epoch 8] t_iter median: 53.06 ms  (fwd 14.86 | bwd+comm 32.79 | opt 5.00 | data 0.08)  |  train-only epoch: 20.9s
  -> Best model saved (65.36%)
[Epoch 8] Summarizing hook timing...
[HOOK_TIMING_SUMMARY] epoch=8 no hook timing samples
[Epoch 8] Hook timing summary done

[Epoch 9] Training... (lr at epoch start=0.065451)
  Batch [50/390] Loss: 1.0502, Acc: 62.00%, lr: 0.064490
  Batch [100/390] Loss: 1.0368, Acc: 63.25%, lr: 0.063524
  Batch [150/390] Loss: 1.0457, Acc: 62.75%, lr: 0.062551
  Batch [200/390] Loss: 1.0336, Acc: 63.66%, lr: 0.061574
  Batch [250/390] Loss: 1.0167, Acc: 64.00%, lr: 0.060592
  Batch [300/390] Loss: 1.0041, Acc: 64.67%, lr: 0.059606
  Batch [350/390] Loss: 0.9968, Acc: 65.07%, lr: 0.058616
[Epoch 9] Train Loss: 0.9945, Acc: 64.98%  |  Val Loss: 0.9535, Acc: 65.98%  |  Time: 29.0s
[Epoch 9] t_iter median: 53.29 ms  (fwd 14.93 | bwd+comm 33.12 | opt 5.00 | data 0.08)  |  train-only epoch: 21.0s
  -> Best model saved (65.98%)
[Epoch 9] Summarizing hook timing...
[HOOK_TIMING_SUMMARY] epoch=9 no hook timing samples
[Epoch 9] Hook timing summary done

[Epoch 10] Training... (lr at epoch start=0.057822)
  Batch [50/390] Loss: 0.9590, Acc: 66.38%, lr: 0.056826
  Batch [100/390] Loss: 0.9424, Acc: 67.56%, lr: 0.055827
  Batch [150/390] Loss: 0.9320, Acc: 67.75%, lr: 0.054826
  Batch [200/390] Loss: 0.9235, Acc: 67.97%, lr: 0.053823
  Batch [250/390] Loss: 0.9051, Acc: 68.50%, lr: 0.052818
  Batch [300/390] Loss: 0.8901, Acc: 69.12%, lr: 0.051812
  Batch [350/390] Loss: 0.8830, Acc: 69.43%, lr: 0.050806
[Epoch 10] Train Loss: 0.8771, Acc: 69.44%  |  Val Loss: 0.7679, Acc: 72.46%  |  Time: 28.9s
[Epoch 10] t_iter median: 52.96 ms  (fwd 14.90 | bwd+comm 32.71 | opt 4.98 | data 0.08)  |  train-only epoch: 20.8s
  -> Best model saved (72.46%)
[Epoch 10] Summarizing hook timing...
[HOOK_TIMING_SUMMARY] epoch=10 no hook timing samples
[Epoch 10] Hook timing summary done

[Epoch 11] Training... (lr at epoch start=0.050000)
  Batch [50/390] Loss: 0.7813, Acc: 70.00%, lr: 0.048993
  Batch [100/390] Loss: 0.7758, Acc: 72.38%, lr: 0.047987
  Batch [150/390] Loss: 0.7783, Acc: 71.88%, lr: 0.046981
  Batch [200/390] Loss: 0.7928, Acc: 71.56%, lr: 0.045977
  Batch [250/390] Loss: 0.7928, Acc: 71.85%, lr: 0.044974
  Batch [300/390] Loss: 0.7951, Acc: 72.02%, lr: 0.043973
  Batch [350/390] Loss: 0.7912, Acc: 72.43%, lr: 0.042975
[Epoch 11] Train Loss: 0.7913, Acc: 72.56%  |  Val Loss: 0.6983, Acc: 75.27%  |  Time: 28.5s
[Epoch 11] t_iter median: 51.75 ms  (fwd 14.87 | bwd+comm 31.71 | opt 4.96 | data 0.08)  |  train-only epoch: 20.4s
  -> Best model saved (75.27%)
[Epoch 11] Summarizing hook timing...
[HOOK_TIMING_SUMMARY] epoch=11 no hook timing samples
[Epoch 11] Hook timing summary done

[Epoch 12] Training... (lr at epoch start=0.042178)
  Batch [50/390] Loss: 0.7278, Acc: 75.75%, lr: 0.041185
  Batch [100/390] Loss: 0.7295, Acc: 74.75%, lr: 0.040196
  Batch [150/390] Loss: 0.7471, Acc: 73.88%, lr: 0.039211
  Batch [200/390] Loss: 0.7418, Acc: 73.94%, lr: 0.038230
  Batch [250/390] Loss: 0.7308, Acc: 74.08%, lr: 0.037254
  Batch [300/390] Loss: 0.7209, Acc: 74.69%, lr: 0.036283
  Batch [350/390] Loss: 0.7123, Acc: 75.20%, lr: 0.035317
[Epoch 12] Train Loss: 0.7064, Acc: 75.38%  |  Val Loss: 0.6388, Acc: 77.69%  |  Time: 28.7s
[Epoch 12] t_iter median: 52.09 ms  (fwd 14.93 | bwd+comm 31.98 | opt 4.96 | data 0.08)  |  train-only epoch: 20.5s
  -> Best model saved (77.69%)
[Epoch 12] Summarizing hook timing...
[HOOK_TIMING_SUMMARY] epoch=12 no hook timing samples
[Epoch 12] Hook timing summary done

[Epoch 13] Training... (lr at epoch start=0.034549)
  Batch [50/390] Loss: 0.6480, Acc: 76.12%, lr: 0.033595
  Batch [100/390] Loss: 0.6622, Acc: 75.50%, lr: 0.032647
  Batch [150/390] Loss: 0.6473, Acc: 76.42%, lr: 0.031706
  Batch [200/390] Loss: 0.6203, Acc: 77.69%, lr: 0.030773
  Batch [250/390] Loss: 0.6139, Acc: 78.15%, lr: 0.029847
  Batch [300/390] Loss: 0.6181, Acc: 78.12%, lr: 0.028930
  Batch [350/390] Loss: 0.6165, Acc: 78.38%, lr: 0.028021
[Epoch 13] Train Loss: 0.6107, Acc: 78.48%  |  Val Loss: 0.5636, Acc: 80.15%  |  Time: 28.6s
[Epoch 13] t_iter median: 51.83 ms  (fwd 14.97 | bwd+comm 31.70 | opt 4.96 | data 0.08)  |  train-only epoch: 20.5s
  -> Best model saved (80.15%)
[Epoch 13] Summarizing hook timing...
[HOOK_TIMING_SUMMARY] epoch=13 no hook timing samples
[Epoch 13] Hook timing summary done

[Epoch 14] Training... (lr at epoch start=0.027300)
  Batch [50/390] Loss: 0.5793, Acc: 80.25%, lr: 0.026408
  Batch [100/390] Loss: 0.5415, Acc: 81.69%, lr: 0.025525
  Batch [150/390] Loss: 0.5423, Acc: 81.42%, lr: 0.024652
  Batch [200/390] Loss: 0.5615, Acc: 81.00%, lr: 0.023789
  Batch [250/390] Loss: 0.5630, Acc: 80.90%, lr: 0.022937
  Batch [300/390] Loss: 0.5547, Acc: 81.08%, lr: 0.022096
  Batch [350/390] Loss: 0.5460, Acc: 81.29%, lr: 0.021266
[Epoch 14] Train Loss: 0.5440, Acc: 81.41%  |  Val Loss: 0.5405, Acc: 81.20%  |  Time: 28.7s
[Epoch 14] t_iter median: 52.11 ms  (fwd 14.97 | bwd+comm 31.82 | opt 4.97 | data 0.08)  |  train-only epoch: 20.5s
  -> Best model saved (81.20%)
[Epoch 14] Summarizing hook timing...
[HOOK_TIMING_SUMMARY] epoch=14 no hook timing samples
[Epoch 14] Hook timing summary done

[Epoch 15] Training... (lr at epoch start=0.020611)
  Batch [50/390] Loss: 0.5188, Acc: 82.75%, lr: 0.019802
  Batch [100/390] Loss: 0.5080, Acc: 82.62%, lr: 0.019006
  Batch [150/390] Loss: 0.5182, Acc: 82.38%, lr: 0.018222
  Batch [200/390] Loss: 0.5043, Acc: 82.59%, lr: 0.017451
  Batch [250/390] Loss: 0.4980, Acc: 82.85%, lr: 0.016693
  Batch [300/390] Loss: 0.5016, Acc: 82.73%, lr: 0.015949
  Batch [350/390] Loss: 0.5013, Acc: 82.66%, lr: 0.015219
[Epoch 15] Train Loss: 0.5022, Acc: 82.60%  |  Val Loss: 0.4718, Acc: 83.72%  |  Time: 28.6s
[Epoch 15] t_iter median: 51.76 ms  (fwd 14.94 | bwd+comm 31.66 | opt 4.97 | data 0.08)  |  train-only epoch: 20.4s
  -> Best model saved (83.72%)
[Epoch 15] Summarizing hook timing...
[HOOK_TIMING_SUMMARY] epoch=15 no hook timing samples
[Epoch 15] Hook timing summary done

[Epoch 16] Training... (lr at epoch start=0.014645)
  Batch [50/390] Loss: 0.4479, Acc: 85.00%, lr: 0.013940
  Batch [100/390] Loss: 0.4762, Acc: 82.81%, lr: 0.013250
  Batch [150/390] Loss: 0.4625, Acc: 83.58%, lr: 0.012574
  Batch [200/390] Loss: 0.4627, Acc: 83.97%, lr: 0.011914
  Batch [250/390] Loss: 0.4550, Acc: 84.40%, lr: 0.011270
  Batch [300/390] Loss: 0.4561, Acc: 84.40%, lr: 0.010641
  Batch [350/390] Loss: 0.4442, Acc: 84.75%, lr: 0.010028
[Epoch 16] Train Loss: 0.4370, Acc: 85.03%  |  Val Loss: 0.4271, Acc: 85.62%  |  Time: 28.7s
[Epoch 16] t_iter median: 51.90 ms  (fwd 14.95 | bwd+comm 31.75 | opt 4.96 | data 0.08)  |  train-only epoch: 20.5s
  -> Best model saved (85.62%)
[Epoch 16] Summarizing hook timing...
[HOOK_TIMING_SUMMARY] epoch=16 no hook timing samples
[Epoch 16] Hook timing summary done

[Epoch 17] Training... (lr at epoch start=0.009549)
  Batch [50/390] Loss: 0.4018, Acc: 85.38%, lr: 0.008966
  Batch [100/390] Loss: 0.3988, Acc: 85.50%, lr: 0.008399
  Batch [150/390] Loss: 0.3971, Acc: 85.62%, lr: 0.007848
  Batch [200/390] Loss: 0.3829, Acc: 86.16%, lr: 0.007315
  Batch [250/390] Loss: 0.3853, Acc: 86.38%, lr: 0.006800
  Batch [300/390] Loss: 0.3818, Acc: 86.44%, lr: 0.006302
  Batch [350/390] Loss: 0.3872, Acc: 86.46%, lr: 0.005821
[Epoch 17] Train Loss: 0.3883, Acc: 86.54%  |  Val Loss: 0.3980, Acc: 86.59%  |  Time: 28.9s
[Epoch 17] t_iter median: 52.39 ms  (fwd 14.99 | bwd+comm 32.32 | opt 4.97 | data 0.08)  |  train-only epoch: 20.7s
  -> Best model saved (86.59%)
[Epoch 17] Summarizing hook timing...
[HOOK_TIMING_SUMMARY] epoch=17 no hook timing samples
[Epoch 17] Hook timing summary done

[Epoch 18] Training... (lr at epoch start=0.005450)
  Batch [50/390] Loss: 0.3412, Acc: 88.50%, lr: 0.005002
  Batch [100/390] Loss: 0.3221, Acc: 88.62%, lr: 0.004572
  Batch [150/390] Loss: 0.3406, Acc: 88.12%, lr: 0.004160
  Batch [200/390] Loss: 0.3393, Acc: 88.19%, lr: 0.003768
  Batch [250/390] Loss: 0.3406, Acc: 88.25%, lr: 0.003394
  Batch [300/390] Loss: 0.3391, Acc: 88.33%, lr: 0.003038
  Batch [350/390] Loss: 0.3342, Acc: 88.45%, lr: 0.002702
[Epoch 18] Train Loss: 0.3399, Acc: 88.21%  |  Val Loss: 0.3773, Acc: 87.31%  |  Time: 29.0s
[Epoch 18] t_iter median: 52.52 ms  (fwd 15.07 | bwd+comm 32.18 | opt 4.98 | data 0.08)  |  train-only epoch: 20.7s
  -> Best model saved (87.31%)
[Epoch 18] Summarizing hook timing...
[HOOK_TIMING_SUMMARY] epoch=18 no hook timing samples
[Epoch 18] Hook timing summary done

[Epoch 19] Training... (lr at epoch start=0.002447)
  Batch [50/390] Loss: 0.3233, Acc: 88.62%, lr: 0.002146
  Batch [100/390] Loss: 0.3282, Acc: 89.06%, lr: 0.001864
  Batch [150/390] Loss: 0.3247, Acc: 89.17%, lr: 0.001601
  Batch [200/390] Loss: 0.3148, Acc: 89.31%, lr: 0.001358
  Batch [250/390] Loss: 0.3243, Acc: 89.03%, lr: 0.001135
  Batch [300/390] Loss: 0.3288, Acc: 88.94%, lr: 0.000931
  Batch [350/390] Loss: 0.3260, Acc: 88.91%, lr: 0.000748
[Epoch 19] Train Loss: 0.3224, Acc: 88.97%  |  Val Loss: 0.3609, Acc: 87.85%  |  Time: 29.0s
[Epoch 19] t_iter median: 52.36 ms  (fwd 15.06 | bwd+comm 31.91 | opt 4.97 | data 0.08)  |  train-only epoch: 20.7s
  -> Best model saved (87.85%)
[Epoch 19] Summarizing hook timing...
[HOOK_TIMING_SUMMARY] epoch=19 no hook timing samples
[Epoch 19] Hook timing summary done

[Epoch 20] Training... (lr at epoch start=0.000616)
  Batch [50/390] Loss: 0.2718, Acc: 90.75%, lr: 0.000468
  Batch [100/390] Loss: 0.2864, Acc: 90.12%, lr: 0.000341
  Batch [150/390] Loss: 0.2731, Acc: 90.54%, lr: 0.000233
  Batch [200/390] Loss: 0.2762, Acc: 90.47%, lr: 0.000146
  Batch [250/390] Loss: 0.2828, Acc: 90.25%, lr: 0.000079
  Batch [300/390] Loss: 0.2803, Acc: 90.06%, lr: 0.000033
  Batch [350/390] Loss: 0.2806, Acc: 90.27%, lr: 0.000006
[Epoch 20] Train Loss: 0.2838, Acc: 90.18%  |  Val Loss: 0.3570, Acc: 87.95%  |  Time: 29.0s
[Epoch 20] t_iter median: 52.58 ms  (fwd 15.08 | bwd+comm 32.36 | opt 4.97 | data 0.08)  |  train-only epoch: 20.7s
  -> Best model saved (87.95%)
[Epoch 20] Summarizing hook timing...
[HOOK_TIMING_SUMMARY] epoch=20 no hook timing samples
[Epoch 20] Hook timing summary done

================================================================================
Done in 606.4s | Best val acc: 87.95%
Epoch times (train+val): mean=29.0s  min=28.5s  max=30.7s
Train-only epoch time (epochs 2..N): median=20.71s  min=20.43s  max=21.12s
  -> use this for STRONG scaling (fixed global batch)
  -> use t_iter_median_ms from the CSV for WEAK scaling (fixed local batch)
================================================================================
=== Finished training: model=wide_resnet50_2, dataset=cifar10, batch=16, lr=0.1, scheduler=cosine, backend=mpi, hook=none, zfp_rate=none, status=0 at Wed Jul 15 02:02:30 PM EDT 2026 ===
=== Starting: model=wide_resnet50_2, ws=8, bs=16, gb=128, lr=0.1, sched=cosine, warmup=0, mom=0.9, wd=5e-4, nesterov=false, wd_bn_bias=false, backend=mpi, hook=ring, zfp=none at Wed Jul 15 02:02:30 PM EDT 2026 ===
MIOPEN_USER_DB_PATH=/mnt/bb/matilderestelli/miopen_cache_5004304/miopen_db
MIOPEN_CUSTOM_CACHE_DIR=/mnt/bb/matilderestelli/miopen_cache_5004304/kernel_cache
drwxr-sr-x 2 matilderestelli gen243 103 Jul 14 05:38 /mnt/bb/matilderestelli/miopen_cache_5004304/miopen_db
==== GPU visibility debug (batch shell) ====
frontier00893
ROCR_VISIBLE_DEVICES=0,1,2,3,4,5,6,7
SLURM_JOB_GPUS=0,1,2,3,4,5,6,7
[37mROCk module version 6.16.13 is loaded[0m
=====================    
HSA System Attributes    
=====================    
Runtime Version:         1.18
Runtime Ext Version:     1.14
System Timestamp Freq.:  1000.000000MHz
Sig. Max Wait Duration:  18446744073709551615 (0xFFFFFFFFFFFFFFFF) (timestamp count)
Machine Model:           LARGE                              
System Endianness:       LITTLE                             
Mwaitx:                  DISABLED
XNACK enabled:           NO
DMAbuf Support:          YES
VMM Support:             YES

==========               
HSA Agents               
==========               
*******                  
Agent 1                  
*******                  
  Name:                    AMD EPYC 7A53 64-Core Processor    
  Uuid:                    CPU-XX                             
  Marketing Name:          AMD EPYC 7A53 64-Core Processor    
  Vendor Name:             CPU                                
  Feature:                 None specified                     
  Profile:                 FULL_PROFILE                       
  Float Round Mode:        NEAR                               
  Max Queue Number:        0(0x0)                             
  Queue Min Size:          0(0x0)                             

================================================================================
DISTRIBUTED TRAINING LAUNCHER
================================================================================
  Model:      wide_resnet50_2 (CIFAR stem) (from scratch)
  Dataset:    cifar10 (10 classes)
  Image size: 32
  LR:         0.1
  Momentum:   0.9 (nesterov=False)
  Optimizer:  sgd
  Weight dec: 0.0005 (on BN/bias=False)
  Backend:    mpi
  Algorithm:  ring
  Epochs:     20
  Batch/rank: 16
  LR:         0.1
  Scheduler:  cosine
  Warmup:     0
  Grad clip:  None
  Drop last:  True
  Data dir:   ./data
================================================================================


================================================================================
DISTRIBUTED TRAINING LAUNCHER
================================================================================
  Model:      wide_resnet50_2 (CIFAR stem) (from scratch)
  Dataset:    cifar10 (10 classes)
  Image size: 32
  LR:         0.1
  Momentum:   0.9 (nesterov=False)
  Optimizer:  sgd
  Weight dec: 0.0005 (on BN/bias=False)
  Backend:    mpi
  Algorithm:  ring
  Epochs:     20
  Batch/rank: 16
  LR:         0.1
  Scheduler:  cosine
  Warmup:     0
  Grad clip:  None
  Drop last:  True
  Data dir:   ./data
================================================================================


================================================================================
DISTRIBUTED TRAINING LAUNCHER
================================================================================
  Model:      wide_resnet50_2 (CIFAR stem) (from scratch)
  Dataset:    cifar10 (10 classes)
  Image size: 32
  LR:         0.1
  Momentum:   0.9 (nesterov=False)
  Optimizer:  sgd
  Weight dec: 0.0005 (on BN/bias=False)
  Backend:    mpi
  Algorithm:  ring
  Epochs:     20
  Batch/rank: 16
  LR:         0.1
  Scheduler:  cosine
  Warmup:     0
  Grad clip:  None
  Drop last:  True
  Data dir:   ./data
================================================================================


================================================================================
DISTRIBUTED TRAINING LAUNCHER
================================================================================
  Model:      wide_resnet50_2 (CIFAR stem) (from scratch)
  Dataset:    cifar10 (10 classes)
  Image size: 32
  LR:         0.1
  Momentum:   0.9 (nesterov=False)
  Optimizer:  sgd
  Weight dec: 0.0005 (on BN/bias=False)
  Backend:    mpi
  Algorithm:  ring
  Epochs:     20
  Batch/rank: 16
  LR:         0.1
  Scheduler:  cosine
  Warmup:     0
  Grad clip:  None
  Drop last:  True
  Data dir:   ./data
================================================================================


================================================================================
DISTRIBUTED TRAINING LAUNCHER
================================================================================
  Model:      wide_resnet50_2 (CIFAR stem) (from scratch)
  Dataset:    cifar10 (10 classes)
  Image size: 32
  LR:         0.1
  Momentum:   0.9 (nesterov=False)
  Optimizer:  sgd
  Weight dec: 0.0005 (on BN/bias=False)
  Backend:    mpi
  Algorithm:  ring
  Epochs:     20
  Batch/rank: 16
  LR:         0.1
  Scheduler:  cosine
  Warmup:     0
  Grad clip:  None
  Drop last:  True
  Data dir:   ./data
================================================================================


================================================================================
DISTRIBUTED TRAINING LAUNCHER
================================================================================
  Model:      wide_resnet50_2 (CIFAR stem) (from scratch)
  Dataset:    cifar10 (10 classes)
  Image size: 32
  LR:         0.1
  Momentum:   0.9 (nesterov=False)
  Optimizer:  sgd
  Weight dec: 0.0005 (on BN/bias=False)
  Backend:    mpi
  Algorithm:  ring
  Epochs:     20
  Batch/rank: 16
  LR:         0.1
  Scheduler:  cosine
  Warmup:     0
  Grad clip:  None
  Drop last:  True
  Data dir:   ./data
================================================================================


================================================================================
DISTRIBUTED TRAINING LAUNCHER
================================================================================
  Model:      wide_resnet50_2 (CIFAR stem) (from scratch)
  Dataset:    cifar10 (10 classes)
  Image size: 32
  LR:         0.1
  Momentum:   0.9 (nesterov=False)
  Optimizer:  sgd
  Weight dec: 0.0005 (on BN/bias=False)
  Backend:    mpi
  Algorithm:  ring
  Epochs:     20
  Batch/rank: 16
  LR:         0.1
  Scheduler:  cosine
  Warmup:     0
  Grad clip:  None
  Drop last:  True
  Data dir:   ./data
================================================================================


================================================================================
DISTRIBUTED TRAINING LAUNCHER
================================================================================
  Model:      wide_resnet50_2 (CIFAR stem) (from scratch)
  Dataset:    cifar10 (10 classes)
  Image size: 32
  LR:         0.1
  Momentum:   0.9 (nesterov=False)
  Optimizer:  sgd
  Weight dec: 0.0005 (on BN/bias=False)
  Backend:    mpi
  Algorithm:  ring
  Epochs:     20
  Batch/rank: 16
  LR:         0.1
  Scheduler:  cosine
  Warmup:     0
  Grad clip:  None
  Drop last:  True
  Data dir:   ./data
================================================================================


================================================================================
Distributed Training: WIDE_RESNET50_2 on CIFAR10
Backend: MPI, Algorithm: ring
================================================================================
Ranks: 8, Epochs: 20, Batch/rank: 16, Effective batch: 128
LR: 0.1, Device: cuda:0

[Cache] Pretrained weights cache (TORCH_HOME) = /lustre/orion/gen243/proj-shared/matilderestelli/pretrained_weights_cache
[Setup] Model on cuda:0, wrapped in DDP (static_graph=True)
[Setup] Hook registered: mpi/ring
[Optim] SGD: lr=0.1 momentum=0.9 nesterov=False wd=0.0005 wd_on_bn_bias=False
[Optim]   group 0: 66,778,816 params, wd=0.0005
[Optim]   group 1: 68,234 params, wd=0.0
[Data] Train batches: 390, Val batches: 625

[Sched] cosine: steps/epoch=390, total_steps=7800, warmup_steps=0 (0 epochs)


[Epoch 1] Training... (lr at epoch start=0.100000)
  Batch [50/390] Loss: 9.7235, Acc: 9.38%, lr: 0.099990
  Batch [100/390] Loss: 6.0416, Acc: 9.81%, lr: 0.099959
  Batch [150/390] Loss: 4.8005, Acc: 10.08%, lr: 0.099909
  Batch [200/390] Loss: 4.1747, Acc: 10.19%, lr: 0.099838
  Batch [250/390] Loss: 3.7990, Acc: 10.38%, lr: 0.099747
  Batch [300/390] Loss: 3.5477, Acc: 10.56%, lr: 0.099635
  Batch [350/390] Loss: 3.3660, Acc: 11.07%, lr: 0.099504
[Epoch 1] Train Loss: 3.2489, Acc: 11.96%  |  Val Loss: 2.1536, Acc: 19.48%  |  Time: 36.3s
[Epoch 1] t_iter median: 66.53 ms  (fwd 14.66 | bwd+comm 46.94 | opt 4.80 | data 0.08)  |  train-only epoch: 28.5s
  -> Best model saved (19.48%)
[Epoch 1] Summarizing hook timing...

[HOOK_TIMING_SUMMARY] epoch=1
[HOOK_WORK_SUMMARY] label=mpi:ring calls=3113 work_total_ms=13732.170 work_mean_ms=4.411 work_min_ms=2.367 work_max_ms=136.411
[HOOK_TAIL_SUMMARY] label=mpi:ring steps=391 tail_total_ms=10986.348 tail_mean_ms=28.098 tail_min_ms=16.359 tail_max_ms=137.484
[Epoch 1] Hook timing summary done

[Epoch 2] Training... (lr at epoch start=0.099384)
  Batch [50/390] Loss: 2.1358, Acc: 17.38%, lr: 0.099217
  Batch [100/390] Loss: 2.1178, Acc: 19.00%, lr: 0.099029
  Batch [150/390] Loss: 2.1239, Acc: 19.71%, lr: 0.098822
  Batch [200/390] Loss: 2.1142, Acc: 19.22%, lr: 0.098595
  Batch [250/390] Loss: 2.0989, Acc: 19.52%, lr: 0.098348
  Batch [300/390] Loss: 2.0786, Acc: 19.98%, lr: 0.098082
  Batch [350/390] Loss: 2.0684, Acc: 19.82%, lr: 0.097796
[Epoch 2] Train Loss: 2.0622, Acc: 20.03%  |  Val Loss: 1.9390, Acc: 22.67%  |  Time: 33.7s
[Epoch 2] t_iter median: 65.69 ms  (fwd 14.71 | bwd+comm 45.99 | opt 4.79 | data 0.08)  |  train-only epoch: 25.9s
  -> Best model saved (22.67%)
[Epoch 2] Summarizing hook timing...

[HOOK_TIMING_SUMMARY] epoch=2
[HOOK_WORK_SUMMARY] label=mpi:ring calls=3120 work_total_ms=13211.544 work_mean_ms=4.234 work_min_ms=2.241 work_max_ms=12.972
[HOOK_TAIL_SUMMARY] label=mpi:ring steps=390 tail_total_ms=10479.220 tail_mean_ms=26.870 tail_min_ms=15.073 tail_max_ms=40.537
[Epoch 2] Hook timing summary done

[Epoch 3] Training... (lr at epoch start=0.097553)
  Batch [50/390] Loss: 1.9721, Acc: 19.88%, lr: 0.097232
  Batch [100/390] Loss: 1.9822, Acc: 19.38%, lr: 0.096892
  Batch [150/390] Loss: 1.9967, Acc: 20.38%, lr: 0.096533
  Batch [200/390] Loss: 1.9791, Acc: 21.56%, lr: 0.096155
  Batch [250/390] Loss: 1.9712, Acc: 21.95%, lr: 0.095759
  Batch [300/390] Loss: 1.9662, Acc: 22.12%, lr: 0.095344
  Batch [350/390] Loss: 1.9648, Acc: 22.02%, lr: 0.094910
[Epoch 3] Train Loss: 1.9609, Acc: 22.48%  |  Val Loss: 1.8395, Acc: 26.93%  |  Time: 33.5s
[Epoch 3] t_iter median: 64.74 ms  (fwd 14.64 | bwd+comm 45.20 | opt 4.78 | data 0.07)  |  train-only epoch: 25.7s
  -> Best model saved (26.93%)
[Epoch 3] Summarizing hook timing...

[HOOK_TIMING_SUMMARY] epoch=3
[HOOK_WORK_SUMMARY] label=mpi:ring calls=3120 work_total_ms=12939.381 work_mean_ms=4.147 work_min_ms=2.218 work_max_ms=16.443
[HOOK_TAIL_SUMMARY] label=mpi:ring steps=390 tail_total_ms=10456.191 tail_mean_ms=26.811 tail_min_ms=14.795 tail_max_ms=39.048
[Epoch 3] Hook timing summary done

[Epoch 4] Training... (lr at epoch start=0.094550)
  Batch [50/390] Loss: 1.8880, Acc: 24.88%, lr: 0.094084
  Batch [100/390] Loss: 1.8967, Acc: 25.88%, lr: 0.093600
  Batch [150/390] Loss: 1.8837, Acc: 25.71%, lr: 0.093098
  Batch [200/390] Loss: 1.8742, Acc: 26.94%, lr: 0.092579
  Batch [250/390] Loss: 1.8618, Acc: 28.20%, lr: 0.092043
  Batch [300/390] Loss: 1.8552, Acc: 29.10%, lr: 0.091489
  Batch [350/390] Loss: 1.8519, Acc: 29.32%, lr: 0.090919
[Epoch 4] Train Loss: 1.8402, Acc: 29.90%  |  Val Loss: 1.6741, Acc: 37.42%  |  Time: 33.7s
[Epoch 4] t_iter median: 65.05 ms  (fwd 14.69 | bwd+comm 45.55 | opt 4.78 | data 0.07)  |  train-only epoch: 25.8s
  -> Best model saved (37.42%)
[Epoch 4] Summarizing hook timing...

[HOOK_TIMING_SUMMARY] epoch=4
[HOOK_WORK_SUMMARY] label=mpi:ring calls=3120 work_total_ms=13060.574 work_mean_ms=4.186 work_min_ms=2.225 work_max_ms=17.808
[HOOK_TAIL_SUMMARY] label=mpi:ring steps=390 tail_total_ms=10487.921 tail_mean_ms=26.892 tail_min_ms=12.510 tail_max_ms=39.142
[Epoch 4] Hook timing summary done

[Epoch 5] Training... (lr at epoch start=0.090451)
  Batch [50/390] Loss: 1.7488, Acc: 36.25%, lr: 0.089851
  Batch [100/390] Loss: 1.7386, Acc: 36.25%, lr: 0.089235
  Batch [150/390] Loss: 1.7361, Acc: 36.21%, lr: 0.088603
  Batch [200/390] Loss: 1.7221, Acc: 36.62%, lr: 0.087955
  Batch [250/390] Loss: 1.7027, Acc: 37.25%, lr: 0.087292
  Batch [300/390] Loss: 1.6923, Acc: 37.58%, lr: 0.086613
  Batch [350/390] Loss: 1.6826, Acc: 37.93%, lr: 0.085920
[Epoch 5] Train Loss: 1.6747, Acc: 38.45%  |  Val Loss: 1.5551, Acc: 42.50%  |  Time: 36.3s
[Epoch 5] t_iter median: 64.87 ms  (fwd 14.60 | bwd+comm 45.42 | opt 4.77 | data 0.07)  |  train-only epoch: 25.7s
  -> Best model saved (42.50%)
[Epoch 5] Summarizing hook timing...

[HOOK_TIMING_SUMMARY] epoch=5
[HOOK_WORK_SUMMARY] label=mpi:ring calls=3120 work_total_ms=13026.163 work_mean_ms=4.175 work_min_ms=2.207 work_max_ms=18.218
[HOOK_TAIL_SUMMARY] label=mpi:ring steps=390 tail_total_ms=10692.511 tail_mean_ms=27.417 tail_min_ms=13.628 tail_max_ms=45.630
[Epoch 5] Hook timing summary done

[Epoch 6] Training... (lr at epoch start=0.085355)
  Batch [50/390] Loss: 1.5738, Acc: 40.62%, lr: 0.084636
  Batch [100/390] Loss: 1.5735, Acc: 40.94%, lr: 0.083903
  Batch [150/390] Loss: 1.5472, Acc: 42.21%, lr: 0.083156
  Batch [200/390] Loss: 1.5396, Acc: 42.59%, lr: 0.082396
  Batch [250/390] Loss: 1.5394, Acc: 42.90%, lr: 0.081622
  Batch [300/390] Loss: 1.5275, Acc: 43.42%, lr: 0.080836
  Batch [350/390] Loss: 1.5296, Acc: 43.38%, lr: 0.080037
[Epoch 6] Train Loss: 1.5209, Acc: 43.86%  |  Val Loss: 1.3338, Acc: 49.55%  |  Time: 33.7s
[Epoch 6] t_iter median: 64.98 ms  (fwd 14.73 | bwd+comm 45.36 | opt 4.77 | data 0.07)  |  train-only epoch: 25.7s
  -> Best model saved (49.55%)
[Epoch 6] Summarizing hook timing...

[HOOK_TIMING_SUMMARY] epoch=6
[HOOK_WORK_SUMMARY] label=mpi:ring calls=3120 work_total_ms=12958.678 work_mean_ms=4.153 work_min_ms=2.215 work_max_ms=13.815
[HOOK_TAIL_SUMMARY] label=mpi:ring steps=390 tail_total_ms=10446.695 tail_mean_ms=26.786 tail_min_ms=8.171 tail_max_ms=39.904
[Epoch 6] Hook timing summary done

[Epoch 7] Training... (lr at epoch start=0.079389)
  Batch [50/390] Loss: 1.3951, Acc: 51.25%, lr: 0.078569
  Batch [100/390] Loss: 1.3807, Acc: 50.25%, lr: 0.077737
  Batch [150/390] Loss: 1.3873, Acc: 49.71%, lr: 0.076893
  Batch [200/390] Loss: 1.3771, Acc: 49.94%, lr: 0.076039
  Batch [250/390] Loss: 1.3612, Acc: 50.45%, lr: 0.075174
  Batch [300/390] Loss: 1.3615, Acc: 50.71%, lr: 0.074299
  Batch [350/390] Loss: 1.3577, Acc: 50.84%, lr: 0.073414
[Epoch 7] Train Loss: 1.3583, Acc: 50.80%  |  Val Loss: 1.1560, Acc: 57.77%  |  Time: 33.8s
[Epoch 7] t_iter median: 65.33 ms  (fwd 14.84 | bwd+comm 45.63 | opt 4.78 | data 0.07)  |  train-only epoch: 25.8s
  -> Best model saved (57.77%)
[Epoch 7] Summarizing hook timing...

[HOOK_TIMING_SUMMARY] epoch=7
[HOOK_WORK_SUMMARY] label=mpi:ring calls=3120 work_total_ms=13080.420 work_mean_ms=4.192 work_min_ms=2.221 work_max_ms=16.362
[HOOK_TAIL_SUMMARY] label=mpi:ring steps=390 tail_total_ms=10220.385 tail_mean_ms=26.206 tail_min_ms=15.277 tail_max_ms=39.581
[Epoch 7] Hook timing summary done

[Epoch 8] Training... (lr at epoch start=0.072700)
  Batch [50/390] Loss: 1.2670, Acc: 55.75%, lr: 0.071798
  Batch [100/390] Loss: 1.2350, Acc: 55.69%, lr: 0.070887
  Batch [150/390] Loss: 1.2216, Acc: 56.46%, lr: 0.069968
  Batch [200/390] Loss: 1.2065, Acc: 57.06%, lr: 0.069041
  Batch [250/390] Loss: 1.2163, Acc: 56.48%, lr: 0.068106
  Batch [300/390] Loss: 1.2110, Acc: 56.81%, lr: 0.067164
  Batch [350/390] Loss: 1.1914, Acc: 57.75%, lr: 0.066215
[Epoch 8] Train Loss: 1.1910, Acc: 57.84%  |  Val Loss: 1.0716, Acc: 61.68%  |  Time: 33.8s
[Epoch 8] t_iter median: 65.03 ms  (fwd 14.73 | bwd+comm 45.45 | opt 4.78 | data 0.07)  |  train-only epoch: 25.8s
  -> Best model saved (61.68%)
[Epoch 8] Summarizing hook timing...

[HOOK_TIMING_SUMMARY] epoch=8
[HOOK_WORK_SUMMARY] label=mpi:ring calls=3120 work_total_ms=12996.206 work_mean_ms=4.165 work_min_ms=2.234 work_max_ms=16.706
[HOOK_TAIL_SUMMARY] label=mpi:ring steps=390 tail_total_ms=10568.110 tail_mean_ms=27.098 tail_min_ms=11.420 tail_max_ms=39.598
[Epoch 8] Hook timing summary done

[Epoch 9] Training... (lr at epoch start=0.065451)
  Batch [50/390] Loss: 1.0655, Acc: 62.38%, lr: 0.064490
  Batch [100/390] Loss: 1.0930, Acc: 61.50%, lr: 0.063524
  Batch [150/390] Loss: 1.1054, Acc: 61.29%, lr: 0.062551
  Batch [200/390] Loss: 1.1091, Acc: 60.88%, lr: 0.061574
  Batch [250/390] Loss: 1.1012, Acc: 61.08%, lr: 0.060592
  Batch [300/390] Loss: 1.0897, Acc: 61.62%, lr: 0.059606
  Batch [350/390] Loss: 1.0823, Acc: 61.95%, lr: 0.058616
[Epoch 9] Train Loss: 1.0824, Acc: 61.75%  |  Val Loss: 0.9720, Acc: 65.20%  |  Time: 34.1s
[Epoch 9] t_iter median: 65.65 ms  (fwd 14.88 | bwd+comm 45.89 | opt 4.78 | data 0.07)  |  train-only epoch: 26.0s
  -> Best model saved (65.20%)
[Epoch 9] Summarizing hook timing...

[HOOK_TIMING_SUMMARY] epoch=9
[HOOK_WORK_SUMMARY] label=mpi:ring calls=3120 work_total_ms=13211.324 work_mean_ms=4.234 work_min_ms=2.228 work_max_ms=17.331
[HOOK_TAIL_SUMMARY] label=mpi:ring steps=390 tail_total_ms=10395.798 tail_mean_ms=26.656 tail_min_ms=7.354 tail_max_ms=40.405
[Epoch 9] Hook timing summary done

[Epoch 10] Training... (lr at epoch start=0.057822)
  Batch [50/390] Loss: 1.0540, Acc: 63.12%, lr: 0.056826
  Batch [100/390] Loss: 1.0564, Acc: 62.75%, lr: 0.055827
  Batch [150/390] Loss: 1.0258, Acc: 64.00%, lr: 0.054826
  Batch [200/390] Loss: 1.0149, Acc: 64.25%, lr: 0.053823
  Batch [250/390] Loss: 0.9969, Acc: 64.72%, lr: 0.052818
  Batch [300/390] Loss: 0.9898, Acc: 65.02%, lr: 0.051812
  Batch [350/390] Loss: 0.9793, Acc: 65.61%, lr: 0.050806
[Epoch 10] Train Loss: 0.9740, Acc: 65.72%  |  Val Loss: 0.8795, Acc: 69.28%  |  Time: 34.2s
[Epoch 10] t_iter median: 65.46 ms  (fwd 14.88 | bwd+comm 45.66 | opt 4.78 | data 0.07)  |  train-only epoch: 26.0s
  -> Best model saved (69.28%)
[Epoch 10] Summarizing hook timing...

[HOOK_TIMING_SUMMARY] epoch=10
[HOOK_WORK_SUMMARY] label=mpi:ring calls=3120 work_total_ms=13196.359 work_mean_ms=4.230 work_min_ms=2.221 work_max_ms=20.018
[HOOK_TAIL_SUMMARY] label=mpi:ring steps=390 tail_total_ms=10522.519 tail_mean_ms=26.981 tail_min_ms=14.960 tail_max_ms=62.203
[Epoch 10] Hook timing summary done

[Epoch 11] Training... (lr at epoch start=0.050000)
  Batch [50/390] Loss: 0.8938, Acc: 66.75%, lr: 0.048993
  Batch [100/390] Loss: 0.8664, Acc: 68.44%, lr: 0.047987
  Batch [150/390] Loss: 0.8730, Acc: 68.17%, lr: 0.046981
  Batch [200/390] Loss: 0.8612, Acc: 68.97%, lr: 0.045977
  Batch [250/390] Loss: 0.8613, Acc: 69.15%, lr: 0.044974
  Batch [300/390] Loss: 0.8566, Acc: 69.33%, lr: 0.043973
  Batch [350/390] Loss: 0.8526, Acc: 69.66%, lr: 0.042975
[Epoch 11] Train Loss: 0.8533, Acc: 69.57%  |  Val Loss: 0.7386, Acc: 74.31%  |  Time: 34.2s
[Epoch 11] t_iter median: 65.58 ms  (fwd 14.91 | bwd+comm 45.78 | opt 4.78 | data 0.07)  |  train-only epoch: 26.1s
  -> Best model saved (74.31%)
[Epoch 11] Summarizing hook timing...

[HOOK_TIMING_SUMMARY] epoch=11
[HOOK_WORK_SUMMARY] label=mpi:ring calls=3120 work_total_ms=13148.189 work_mean_ms=4.214 work_min_ms=2.233 work_max_ms=14.062
[HOOK_TAIL_SUMMARY] label=mpi:ring steps=390 tail_total_ms=10471.908 tail_mean_ms=26.851 tail_min_ms=3.913 tail_max_ms=40.570
[Epoch 11] Hook timing summary done

[Epoch 12] Training... (lr at epoch start=0.042178)
  Batch [50/390] Loss: 0.7630, Acc: 74.00%, lr: 0.041185
  Batch [100/390] Loss: 0.7590, Acc: 73.69%, lr: 0.040196
  Batch [150/390] Loss: 0.7824, Acc: 72.50%, lr: 0.039211
  Batch [200/390] Loss: 0.7862, Acc: 72.31%, lr: 0.038230
  Batch [250/390] Loss: 0.7731, Acc: 72.72%, lr: 0.037254
  Batch [300/390] Loss: 0.7554, Acc: 73.08%, lr: 0.036283
  Batch [350/390] Loss: 0.7485, Acc: 73.27%, lr: 0.035317
[Epoch 12] Train Loss: 0.7441, Acc: 73.56%  |  Val Loss: 0.6984, Acc: 75.59%  |  Time: 34.2s
[Epoch 12] t_iter median: 65.73 ms  (fwd 14.97 | bwd+comm 45.89 | opt 4.78 | data 0.07)  |  train-only epoch: 26.0s
  -> Best model saved (75.59%)
[Epoch 12] Summarizing hook timing...

[HOOK_TIMING_SUMMARY] epoch=12
[HOOK_WORK_SUMMARY] label=mpi:ring calls=3120 work_total_ms=13205.178 work_mean_ms=4.232 work_min_ms=2.230 work_max_ms=13.273
[HOOK_TAIL_SUMMARY] label=mpi:ring steps=390 tail_total_ms=10425.389 tail_mean_ms=26.732 tail_min_ms=11.437 tail_max_ms=39.711
[Epoch 12] Hook timing summary done

[Epoch 13] Training... (lr at epoch start=0.034549)
  Batch [50/390] Loss: 0.6936, Acc: 75.38%, lr: 0.033595
  Batch [100/390] Loss: 0.7157, Acc: 73.94%, lr: 0.032647
  Batch [150/390] Loss: 0.6905, Acc: 75.12%, lr: 0.031706
  Batch [200/390] Loss: 0.6709, Acc: 75.88%, lr: 0.030773
  Batch [250/390] Loss: 0.6687, Acc: 75.78%, lr: 0.029847
  Batch [300/390] Loss: 0.6712, Acc: 76.31%, lr: 0.028930
  Batch [350/390] Loss: 0.6674, Acc: 76.57%, lr: 0.028021
[Epoch 13] Train Loss: 0.6603, Acc: 76.86%  |  Val Loss: 0.6437, Acc: 77.85%  |  Time: 34.2s
[Epoch 13] t_iter median: 65.51 ms  (fwd 14.95 | bwd+comm 45.69 | opt 4.78 | data 0.07)  |  train-only epoch: 26.0s
  -> Best model saved (77.85%)
[Epoch 13] Summarizing hook timing...

[HOOK_TIMING_SUMMARY] epoch=13
[HOOK_WORK_SUMMARY] label=mpi:ring calls=3120 work_total_ms=13164.169 work_mean_ms=4.219 work_min_ms=2.227 work_max_ms=16.668
[HOOK_TAIL_SUMMARY] label=mpi:ring steps=390 tail_total_ms=10411.899 tail_mean_ms=26.697 tail_min_ms=15.274 tail_max_ms=39.643
[Epoch 13] Hook timing summary done

[Epoch 14] Training... (lr at epoch start=0.027300)
  Batch [50/390] Loss: 0.6274, Acc: 78.50%, lr: 0.026408
  Batch [100/390] Loss: 0.5799, Acc: 79.06%, lr: 0.025525
  Batch [150/390] Loss: 0.5834, Acc: 79.38%, lr: 0.024652
  Batch [200/390] Loss: 0.6047, Acc: 78.72%, lr: 0.023789
  Batch [250/390] Loss: 0.6054, Acc: 79.00%, lr: 0.022937
  Batch [300/390] Loss: 0.5995, Acc: 78.98%, lr: 0.022096
  Batch [350/390] Loss: 0.5914, Acc: 79.18%, lr: 0.021266
[Epoch 14] Train Loss: 0.5889, Acc: 79.34%  |  Val Loss: 0.5414, Acc: 81.11%  |  Time: 34.1s
[Epoch 14] t_iter median: 65.39 ms  (fwd 14.84 | bwd+comm 45.71 | opt 4.78 | data 0.07)  |  train-only epoch: 25.9s
  -> Best model saved (81.11%)
[Epoch 14] Summarizing hook timing...

[HOOK_TIMING_SUMMARY] epoch=14
[HOOK_WORK_SUMMARY] label=mpi:ring calls=3120 work_total_ms=13159.539 work_mean_ms=4.218 work_min_ms=2.233 work_max_ms=14.607
[HOOK_TAIL_SUMMARY] label=mpi:ring steps=390 tail_total_ms=10512.098 tail_mean_ms=26.954 tail_min_ms=12.730 tail_max_ms=41.083
[Epoch 14] Hook timing summary done

[Epoch 15] Training... (lr at epoch start=0.020611)
  Batch [50/390] Loss: 0.5639, Acc: 81.00%, lr: 0.019802
  Batch [100/390] Loss: 0.5439, Acc: 81.44%, lr: 0.019006
  Batch [150/390] Loss: 0.5536, Acc: 81.04%, lr: 0.018222
  Batch [200/390] Loss: 0.5454, Acc: 81.59%, lr: 0.017451
  Batch [250/390] Loss: 0.5390, Acc: 81.60%, lr: 0.016693
  Batch [300/390] Loss: 0.5375, Acc: 81.56%, lr: 0.015949
  Batch [350/390] Loss: 0.5378, Acc: 81.45%, lr: 0.015219
[Epoch 15] Train Loss: 0.5355, Acc: 81.52%  |  Val Loss: 0.4732, Acc: 83.58%  |  Time: 34.4s
[Epoch 15] t_iter median: 65.69 ms  (fwd 14.99 | bwd+comm 45.79 | opt 4.78 | data 0.07)  |  train-only epoch: 26.0s
  -> Best model saved (83.58%)
[Epoch 15] Summarizing hook timing...

[HOOK_TIMING_SUMMARY] epoch=15
[HOOK_WORK_SUMMARY] label=mpi:ring calls=3120 work_total_ms=13178.303 work_mean_ms=4.224 work_min_ms=2.228 work_max_ms=15.414
[HOOK_TAIL_SUMMARY] label=mpi:ring steps=390 tail_total_ms=10307.452 tail_mean_ms=26.429 tail_min_ms=8.116 tail_max_ms=39.880
[Epoch 15] Hook timing summary done

[Epoch 16] Training... (lr at epoch start=0.014645)
  Batch [50/390] Loss: 0.4579, Acc: 84.38%, lr: 0.013940
  Batch [100/390] Loss: 0.5052, Acc: 82.44%, lr: 0.013250
  Batch [150/390] Loss: 0.4840, Acc: 83.50%, lr: 0.012574
  Batch [200/390] Loss: 0.4812, Acc: 83.25%, lr: 0.011914
  Batch [250/390] Loss: 0.4695, Acc: 83.85%, lr: 0.011270
  Batch [300/390] Loss: 0.4749, Acc: 83.60%, lr: 0.010641
  Batch [350/390] Loss: 0.4595, Acc: 84.18%, lr: 0.010028
[Epoch 16] Train Loss: 0.4559, Acc: 84.31%  |  Val Loss: 0.4305, Acc: 85.13%  |  Time: 34.1s
[Epoch 16] t_iter median: 65.22 ms  (fwd 14.90 | bwd+comm 45.39 | opt 4.78 | data 0.07)  |  train-only epoch: 25.8s
  -> Best model saved (85.13%)
[Epoch 16] Summarizing hook timing...

[HOOK_TIMING_SUMMARY] epoch=16
[HOOK_WORK_SUMMARY] label=mpi:ring calls=3120 work_total_ms=13052.482 work_mean_ms=4.183 work_min_ms=2.222 work_max_ms=15.315
[HOOK_TAIL_SUMMARY] label=mpi:ring steps=390 tail_total_ms=10119.109 tail_mean_ms=25.946 tail_min_ms=12.849 tail_max_ms=41.685
[Epoch 16] Hook timing summary done

[Epoch 17] Training... (lr at epoch start=0.009549)
  Batch [50/390] Loss: 0.4193, Acc: 85.75%, lr: 0.008966
  Batch [100/390] Loss: 0.4109, Acc: 85.62%, lr: 0.008399
  Batch [150/390] Loss: 0.4108, Acc: 85.79%, lr: 0.007848
  Batch [200/390] Loss: 0.4017, Acc: 86.06%, lr: 0.007315
  Batch [250/390] Loss: 0.4031, Acc: 85.97%, lr: 0.006800
  Batch [300/390] Loss: 0.4061, Acc: 85.79%, lr: 0.006302
  Batch [350/390] Loss: 0.4057, Acc: 85.88%, lr: 0.005821
[Epoch 17] Train Loss: 0.4049, Acc: 85.93%  |  Val Loss: 0.3976, Acc: 86.68%  |  Time: 34.4s
[Epoch 17] t_iter median: 65.55 ms  (fwd 15.00 | bwd+comm 45.68 | opt 4.77 | data 0.07)  |  train-only epoch: 26.1s
  -> Best model saved (86.68%)
[Epoch 17] Summarizing hook timing...

[HOOK_TIMING_SUMMARY] epoch=17
[HOOK_WORK_SUMMARY] label=mpi:ring calls=3120 work_total_ms=13278.312 work_mean_ms=4.256 work_min_ms=2.228 work_max_ms=85.956
[HOOK_TAIL_SUMMARY] label=mpi:ring steps=390 tail_total_ms=10418.936 tail_mean_ms=26.715 tail_min_ms=11.614 tail_max_ms=126.692
[Epoch 17] Hook timing summary done

[Epoch 18] Training... (lr at epoch start=0.005450)
  Batch [50/390] Loss: 0.3587, Acc: 86.88%, lr: 0.005002
  Batch [100/390] Loss: 0.3358, Acc: 87.94%, lr: 0.004572
  Batch [150/390] Loss: 0.3553, Acc: 87.08%, lr: 0.004160
  Batch [200/390] Loss: 0.3509, Acc: 87.41%, lr: 0.003768
  Batch [250/390] Loss: 0.3543, Acc: 87.53%, lr: 0.003394
  Batch [300/390] Loss: 0.3540, Acc: 87.46%, lr: 0.003038
  Batch [350/390] Loss: 0.3515, Acc: 87.46%, lr: 0.002702
[Epoch 18] Train Loss: 0.3606, Acc: 87.07%  |  Val Loss: 0.3714, Acc: 87.46%  |  Time: 34.5s
[Epoch 18] t_iter median: 66.11 ms  (fwd 15.04 | bwd+comm 46.18 | opt 4.78 | data 0.07)  |  train-only epoch: 26.2s
  -> Best model saved (87.46%)
[Epoch 18] Summarizing hook timing...

[HOOK_TIMING_SUMMARY] epoch=18
[HOOK_WORK_SUMMARY] label=mpi:ring calls=3120 work_total_ms=13389.299 work_mean_ms=4.291 work_min_ms=2.243 work_max_ms=34.673
[HOOK_TAIL_SUMMARY] label=mpi:ring steps=390 tail_total_ms=10430.623 tail_mean_ms=26.745 tail_min_ms=14.948 tail_max_ms=60.247
[Epoch 18] Hook timing summary done

[Epoch 19] Training... (lr at epoch start=0.002447)
  Batch [50/390] Loss: 0.3143, Acc: 90.00%, lr: 0.002146
  Batch [100/390] Loss: 0.3318, Acc: 89.50%, lr: 0.001864
  Batch [150/390] Loss: 0.3348, Acc: 89.21%, lr: 0.001601
  Batch [200/390] Loss: 0.3300, Acc: 89.59%, lr: 0.001358
  Batch [250/390] Loss: 0.3378, Acc: 89.12%, lr: 0.001135
  Batch [300/390] Loss: 0.3440, Acc: 88.75%, lr: 0.000931
  Batch [350/390] Loss: 0.3410, Acc: 88.70%, lr: 0.000748
[Epoch 19] Train Loss: 0.3350, Acc: 88.78%  |  Val Loss: 0.3625, Acc: 87.67%  |  Time: 34.4s
[Epoch 19] t_iter median: 66.02 ms  (fwd 15.03 | bwd+comm 46.10 | opt 4.78 | data 0.07)  |  train-only epoch: 26.1s
  -> Best model saved (87.67%)
[Epoch 19] Summarizing hook timing...

[HOOK_TIMING_SUMMARY] epoch=19
[HOOK_WORK_SUMMARY] label=mpi:ring calls=3120 work_total_ms=13318.429 work_mean_ms=4.269 work_min_ms=2.231 work_max_ms=18.441
[HOOK_TAIL_SUMMARY] label=mpi:ring steps=390 tail_total_ms=10374.452 tail_mean_ms=26.601 tail_min_ms=12.139 tail_max_ms=39.717
[Epoch 19] Hook timing summary done

[Epoch 20] Training... (lr at epoch start=0.000616)
  Batch [50/390] Loss: 0.2649, Acc: 91.12%, lr: 0.000468
  Batch [100/390] Loss: 0.2737, Acc: 90.81%, lr: 0.000341
  Batch [150/390] Loss: 0.2674, Acc: 91.17%, lr: 0.000233
  Batch [200/390] Loss: 0.2738, Acc: 90.84%, lr: 0.000146
  Batch [250/390] Loss: 0.2829, Acc: 90.35%, lr: 0.000079
  Batch [300/390] Loss: 0.2837, Acc: 90.19%, lr: 0.000033
  Batch [350/390] Loss: 0.2835, Acc: 90.34%, lr: 0.000006
[Epoch 20] Train Loss: 0.2874, Acc: 90.14%  |  Val Loss: 0.3565, Acc: 87.89%  |  Time: 34.7s
[Epoch 20] t_iter median: 65.90 ms  (fwd 15.06 | bwd+comm 46.08 | opt 4.78 | data 0.07)  |  train-only epoch: 26.3s
  -> Best model saved (87.89%)
[Epoch 20] Summarizing hook timing...

[HOOK_TIMING_SUMMARY] epoch=20
[HOOK_WORK_SUMMARY] label=mpi:ring calls=3120 work_total_ms=13492.070 work_mean_ms=4.324 work_min_ms=2.229 work_max_ms=34.398
[HOOK_TAIL_SUMMARY] label=mpi:ring steps=390 tail_total_ms=10573.600 tail_mean_ms=27.112 tail_min_ms=15.250 tail_max_ms=91.298
[Epoch 20] Hook timing summary done

================================================================================
Done in 714.4s | Best val acc: 87.89%
Epoch times (train+val): mean=34.3s  min=33.5s  max=36.3s
Train-only epoch time (epochs 2..N): median=25.97s  min=25.65s  max=26.33s
  -> use this for STRONG scaling (fixed global batch)
  -> use t_iter_median_ms from the CSV for WEAK scaling (fixed local batch)
================================================================================
=== Finished training: model=wide_resnet50_2, dataset=cifar10, batch=16, lr=0.1, scheduler=cosine, backend=mpi, hook=ring, zfp_rate=none, status=0 at Wed Jul 15 02:14:30 PM EDT 2026 ===
=== Job finished: Wed Jul 15 02:14:30 PM EDT 2026 ===
