=== Job started: Wed Jul 29 02:48:53 PM UTC 2026 ===
=== Node: x3010c0s19b1n0 ===

The following have been reloaded with a version change:
  1) gcc-native/14 => gcc-native/13


The following have been reloaded with a version change:
  1) gcc-native/13 => gcc-native/14.2

=============================================
  Polaris NCCL test — GTL NOT loaded
=============================================
Node              : x3010c0s19b1n0
GTL               : NOT loaded (NCCL test)
MPICH_GPU_SUPPORT : NOT set (NCCL test)

PyTorch version   : 2.8.0
PyTorch location  : /soft/applications/conda/2025-09-28/mconda3/lib/python3.12/site-packages/torch/__init__.py
CUDA available    : True 4
cuDNN             : 91300
MPI available     : True
mpi4py            : MPI VERSION    : CRAY MPICH version 9.0.1.498 (ANL base 4.1.2)
mpi4py rank test  : rank 0 OK
ZFP_HOME          : /home/mrest/mpiAllReduceCompressed/zfp-install
ZFP lib           : lrwxrwxrwx 1 mrest users 11 May 17 22:11 /home/mrest/mpiAllReduceCompressed/zfp-install/lib64/libzfp.so -> libzfp.so.1
ZFP include       : -rw-r--r-- 1 mrest users 35180 May 17 18:17 /home/mrest/mpiAllReduceCompressed/zfp-install/include/zfp.h
=============================================
MASTER_ADDR=x3010c0s19b1n0.hsn.cm.polaris.alcf.anl.gov
MASTER_PORT=29500
=== Starting: model=wide_resnet50_2, ws=32, bs=4, gb=128, lr=0.1, sched=cosine, warmup=0, mom=0.9, wd=5e-4, nesterov=true, wd_bn_bias=false, backend=nccl, hook=none, zfp=none at Wed Jul 29 02:49:25 PM UTC 2026 ===

================================================================================
DISTRIBUTED TRAINING LAUNCHER
================================================================================
  Model:      wide_resnet50_2 (CIFAR stem) (from scratch)
  Dataset:    cifar10 (10 classes)
  Image size: 32
  LR:         0.1
  Momentum:   0.9 (nesterov=True)
  Optimizer:  sgd
  Weight dec: 0.0005 (on BN/bias=False)
  Backend:    nccl
  Algorithm:  built-in (no hook)
  Epochs:     10
  Batch/rank: 4
  LR:         0.1
  Scheduler:  cosine
  Warmup:     0
  Grad clip:  None
  Drop last:  True
  Data dir:   ./data
================================================================================


================================================================================
Distributed Training: WIDE_RESNET50_2 on CIFAR10
Backend: NCCL, Algorithm: built-in (no hook)
================================================================================
Ranks: 32, Epochs: 10, Batch/rank: 4, Effective batch: 128
LR: 0.1, Device: cuda:0

[Cache] Pretrained weights cache (TORCH_HOME) = ./data/pretrained_weights_cache
[Setup] Model on cuda:0, wrapped in DDP (static_graph=True)
[Setup] No hook — using DDP built-in NCCL allreduce
[Optim] SGD: lr=0.1 momentum=0.9 nesterov=True wd=0.0005 wd_on_bn_bias=False
[Optim]   group 0: 66,778,816 params, wd=0.0005
[Optim]   group 1: 68,234 params, wd=0.0

================================================================================
DISTRIBUTED TRAINING LAUNCHER
================================================================================
  Model:      wide_resnet50_2 (CIFAR stem) (from scratch)
  Dataset:    cifar10 (10 classes)
  Image size: 32
  LR:         0.1
  Momentum:   0.9 (nesterov=True)
  Optimizer:  sgd
  Weight dec: 0.0005 (on BN/bias=False)
  Backend:    nccl
  Algorithm:  built-in (no hook)
  Epochs:     10
  Batch/rank: 4
  LR:         0.1
  Scheduler:  cosine
  Warmup:     0
  Grad clip:  None
  Drop last:  True
  Data dir:   ./data
================================================================================


================================================================================
DISTRIBUTED TRAINING LAUNCHER
================================================================================
  Model:      wide_resnet50_2 (CIFAR stem) (from scratch)
  Dataset:    cifar10 (10 classes)
  Image size: 32
  LR:         0.1
  Momentum:   0.9 (nesterov=True)
  Optimizer:  sgd
  Weight dec: 0.0005 (on BN/bias=False)
  Backend:    nccl
  Algorithm:  built-in (no hook)
  Epochs:     10
  Batch/rank: 4
  LR:         0.1
  Scheduler:  cosine
  Warmup:     0
  Grad clip:  None
  Drop last:  True
  Data dir:   ./data
================================================================================


================================================================================
DISTRIBUTED TRAINING LAUNCHER
================================================================================
  Model:      wide_resnet50_2 (CIFAR stem) (from scratch)
  Dataset:    cifar10 (10 classes)
  Image size: 32
  LR:         0.1
  Momentum:   0.9 (nesterov=True)
  Optimizer:  sgd
  Weight dec: 0.0005 (on BN/bias=False)
  Backend:    nccl
  Algorithm:  built-in (no hook)
  Epochs:     10
  Batch/rank: 4
  LR:         0.1
  Scheduler:  cosine
  Warmup:     0
  Grad clip:  None
  Drop last:  True
  Data dir:   ./data
================================================================================


================================================================================
DISTRIBUTED TRAINING LAUNCHER
================================================================================
  Model:      wide_resnet50_2 (CIFAR stem) (from scratch)
  Dataset:    cifar10 (10 classes)
  Image size: 32
  LR:         0.1
  Momentum:   0.9 (nesterov=True)
  Optimizer:  sgd
  Weight dec: 0.0005 (on BN/bias=False)
  Backend:    nccl
  Algorithm:  built-in (no hook)
  Epochs:     10
  Batch/rank: 4
  LR:         0.1
  Scheduler:  cosine
  Warmup:     0
  Grad clip:  None
  Drop last:  True
  Data dir:   ./data
================================================================================

[Data] Train batches: 390, Val batches: 2500

[Sched] cosine: steps/epoch=390, total_steps=3900, warmup_steps=0 (0 epochs)


[Epoch 1] Training... (lr at epoch start=0.100000)

================================================================================
DISTRIBUTED TRAINING LAUNCHER
================================================================================
  Model:      wide_resnet50_2 (CIFAR stem) (from scratch)
  Dataset:    cifar10 (10 classes)
  Image size: 32
  LR:         0.1
  Momentum:   0.9 (nesterov=True)
  Optimizer:  sgd
  Weight dec: 0.0005 (on BN/bias=False)
  Backend:    nccl
  Algorithm:  built-in (no hook)
  Epochs:     10
  Batch/rank: 4
  LR:         0.1
  Scheduler:  cosine
  Warmup:     0
  Grad clip:  None
  Drop last:  True
  Data dir:   ./data
================================================================================


================================================================================
DISTRIBUTED TRAINING LAUNCHER
================================================================================
  Model:      wide_resnet50_2 (CIFAR stem) (from scratch)
  Dataset:    cifar10 (10 classes)
  Image size: 32
  LR:         0.1
  Momentum:   0.9 (nesterov=True)
  Optimizer:  sgd
  Weight dec: 0.0005 (on BN/bias=False)
  Backend:    nccl
  Algorithm:  built-in (no hook)
  Epochs:     10
  Batch/rank: 4
  LR:         0.1
  Scheduler:  cosine
  Warmup:     0
  Grad clip:  None
  Drop last:  True
  Data dir:   ./data
================================================================================


================================================================================
DISTRIBUTED TRAINING LAUNCHER
================================================================================
  Model:      wide_resnet50_2 (CIFAR stem) (from scratch)
  Dataset:    cifar10 (10 classes)
  Image size: 32
  LR:         0.1
  Momentum:   0.9 (nesterov=True)
  Optimizer:  sgd
  Weight dec: 0.0005 (on BN/bias=False)
  Backend:    nccl
  Algorithm:  built-in (no hook)
  Epochs:     10
  Batch/rank: 4
  LR:         0.1
  Scheduler:  cosine
  Warmup:     0
  Grad clip:  None
  Drop last:  True
  Data dir:   ./data
================================================================================


================================================================================
DISTRIBUTED TRAINING LAUNCHER
================================================================================
  Model:      wide_resnet50_2 (CIFAR stem) (from scratch)
  Dataset:    cifar10 (10 classes)
  Image size: 32
  LR:         0.1
  Momentum:   0.9 (nesterov=True)
  Optimizer:  sgd
  Weight dec: 0.0005 (on BN/bias=False)
  Backend:    nccl
  Algorithm:  built-in (no hook)
  Epochs:     10
  Batch/rank: 4
  LR:         0.1
  Scheduler:  cosine
  Warmup:     0
  Grad clip:  None
  Drop last:  True
  Data dir:   ./data
================================================================================


================================================================================
DISTRIBUTED TRAINING LAUNCHER
================================================================================
  Model:      wide_resnet50_2 (CIFAR stem) (from scratch)
  Dataset:    cifar10 (10 classes)
  Image size: 32
  LR:         0.1
  Momentum:   0.9 (nesterov=True)
  Optimizer:  sgd
  Weight dec: 0.0005 (on BN/bias=False)
  Backend:    nccl
  Algorithm:  built-in (no hook)
  Epochs:     10
  Batch/rank: 4
  LR:         0.1
  Scheduler:  cosine
  Warmup:     0
  Grad clip:  None
  Drop last:  True
  Data dir:   ./data
================================================================================


================================================================================
DISTRIBUTED TRAINING LAUNCHER
================================================================================
  Model:      wide_resnet50_2 (CIFAR stem) (from scratch)
  Dataset:    cifar10 (10 classes)
  Image size: 32
  LR:         0.1
  Momentum:   0.9 (nesterov=True)
  Optimizer:  sgd
  Weight dec: 0.0005 (on BN/bias=False)
  Backend:    nccl
  Algorithm:  built-in (no hook)
  Epochs:     10
  Batch/rank: 4
  LR:         0.1
  Scheduler:  cosine
  Warmup:     0
  Grad clip:  None
  Drop last:  True
  Data dir:   ./data
================================================================================


================================================================================
DISTRIBUTED TRAINING LAUNCHER
================================================================================
  Model:      wide_resnet50_2 (CIFAR stem) (from scratch)
  Dataset:    cifar10 (10 classes)
  Image size: 32
  LR:         0.1
  Momentum:   0.9 (nesterov=True)
  Optimizer:  sgd
  Weight dec: 0.0005 (on BN/bias=False)
  Backend:    nccl
  Algorithm:  built-in (no hook)
  Epochs:     10
  Batch/rank: 4
  LR:         0.1
  Scheduler:  cosine
  Warmup:     0
  Grad clip:  None
  Drop last:  True
  Data dir:   ./data
================================================================================


================================================================================
DISTRIBUTED TRAINING LAUNCHER
================================================================================
  Model:      wide_resnet50_2 (CIFAR stem) (from scratch)
  Dataset:    cifar10 (10 classes)
  Image size: 32
  LR:         0.1
  Momentum:   0.9 (nesterov=True)
  Optimizer:  sgd
  Weight dec: 0.0005 (on BN/bias=False)
  Backend:    nccl
  Algorithm:  built-in (no hook)
  Epochs:     10
  Batch/rank: 4
  LR:         0.1
  Scheduler:  cosine
  Warmup:     0
  Grad clip:  None
  Drop last:  True
  Data dir:   ./data
================================================================================


================================================================================
DISTRIBUTED TRAINING LAUNCHER
================================================================================
  Model:      wide_resnet50_2 (CIFAR stem) (from scratch)
  Dataset:    cifar10 (10 classes)
  Image size: 32
  LR:         0.1
  Momentum:   0.9 (nesterov=True)
  Optimizer:  sgd
  Weight dec: 0.0005 (on BN/bias=False)
  Backend:    nccl
  Algorithm:  built-in (no hook)
  Epochs:     10
  Batch/rank: 4
  LR:         0.1
  Scheduler:  cosine
  Warmup:     0
  Grad clip:  None
  Drop last:  True
  Data dir:   ./data
================================================================================


================================================================================
DISTRIBUTED TRAINING LAUNCHER
================================================================================
  Model:      wide_resnet50_2 (CIFAR stem) (from scratch)
  Dataset:    cifar10 (10 classes)
  Image size: 32
  LR:         0.1
  Momentum:   0.9 (nesterov=True)
  Optimizer:  sgd
  Weight dec: 0.0005 (on BN/bias=False)
  Backend:    nccl
  Algorithm:  built-in (no hook)
  Epochs:     10
  Batch/rank: 4
  LR:         0.1
  Scheduler:  cosine
  Warmup:     0
  Grad clip:  None
  Drop last:  True
  Data dir:   ./data
================================================================================


================================================================================
DISTRIBUTED TRAINING LAUNCHER
================================================================================
  Model:      wide_resnet50_2 (CIFAR stem) (from scratch)
  Dataset:    cifar10 (10 classes)
  Image size: 32
  LR:         0.1
  Momentum:   0.9 (nesterov=True)
  Optimizer:  sgd
  Weight dec: 0.0005 (on BN/bias=False)
  Backend:    nccl
  Algorithm:  built-in (no hook)
  Epochs:     10
  Batch/rank: 4
  LR:         0.1
  Scheduler:  cosine
  Warmup:     0
  Grad clip:  None
  Drop last:  True
  Data dir:   ./data
================================================================================


================================================================================
DISTRIBUTED TRAINING LAUNCHER
================================================================================
  Model:      wide_resnet50_2 (CIFAR stem) (from scratch)
  Dataset:    cifar10 (10 classes)
  Image size: 32
  LR:         0.1
  Momentum:   0.9 (nesterov=True)
  Optimizer:  sgd
  Weight dec: 0.0005 (on BN/bias=False)
  Backend:    nccl
  Algorithm:  built-in (no hook)
  Epochs:     10
  Batch/rank: 4
  LR:         0.1
  Scheduler:  cosine
  Warmup:     0
  Grad clip:  None
  Drop last:  True
  Data dir:   ./data
================================================================================


================================================================================
DISTRIBUTED TRAINING LAUNCHER
================================================================================
  Model:      wide_resnet50_2 (CIFAR stem) (from scratch)
  Dataset:    cifar10 (10 classes)
  Image size: 32
  LR:         0.1
  Momentum:   0.9 (nesterov=True)
  Optimizer:  sgd
  Weight dec: 0.0005 (on BN/bias=False)
  Backend:    nccl
  Algorithm:  built-in (no hook)
  Epochs:     10
  Batch/rank: 4
  LR:         0.1
  Scheduler:  cosine
  Warmup:     0
  Grad clip:  None
  Drop last:  True
  Data dir:   ./data
================================================================================


================================================================================
DISTRIBUTED TRAINING LAUNCHER
================================================================================
  Model:      wide_resnet50_2 (CIFAR stem) (from scratch)
  Dataset:    cifar10 (10 classes)
  Image size: 32
  LR:         0.1
  Momentum:   0.9 (nesterov=True)
  Optimizer:  sgd
  Weight dec: 0.0005 (on BN/bias=False)
  Backend:    nccl
  Algorithm:  built-in (no hook)
  Epochs:     10
  Batch/rank: 4
  LR:         0.1
  Scheduler:  cosine
  Warmup:     0
  Grad clip:  None
  Drop last:  True
  Data dir:   ./data
================================================================================


================================================================================
DISTRIBUTED TRAINING LAUNCHER
================================================================================
  Model:      wide_resnet50_2 (CIFAR stem) (from scratch)
  Dataset:    cifar10 (10 classes)
  Image size: 32
  LR:         0.1
  Momentum:   0.9 (nesterov=True)
  Optimizer:  sgd
  Weight dec: 0.0005 (on BN/bias=False)
  Backend:    nccl
  Algorithm:  built-in (no hook)
  Epochs:     10
  Batch/rank: 4
  LR:         0.1
  Scheduler:  cosine
  Warmup:     0
  Grad clip:  None
  Drop last:  True
  Data dir:   ./data
================================================================================


================================================================================
DISTRIBUTED TRAINING LAUNCHER
================================================================================
  Model:      wide_resnet50_2 (CIFAR stem) (from scratch)
  Dataset:    cifar10 (10 classes)
  Image size: 32
  LR:         0.1
  Momentum:   0.9 (nesterov=True)
  Optimizer:  sgd
  Weight dec: 0.0005 (on BN/bias=False)
  Backend:    nccl
  Algorithm:  built-in (no hook)
  Epochs:     10
  Batch/rank: 4
  LR:         0.1
  Scheduler:  cosine
  Warmup:     0
  Grad clip:  None
  Drop last:  True
  Data dir:   ./data
================================================================================


================================================================================
DISTRIBUTED TRAINING LAUNCHER
================================================================================
  Model:      wide_resnet50_2 (CIFAR stem) (from scratch)
  Dataset:    cifar10 (10 classes)
  Image size: 32
  LR:         0.1
  Momentum:   0.9 (nesterov=True)
  Optimizer:  sgd
  Weight dec: 0.0005 (on BN/bias=False)
  Backend:    nccl
  Algorithm:  built-in (no hook)
  Epochs:     10
  Batch/rank: 4
  LR:         0.1
  Scheduler:  cosine
  Warmup:     0
  Grad clip:  None
  Drop last:  True
  Data dir:   ./data
================================================================================


================================================================================
DISTRIBUTED TRAINING LAUNCHER
================================================================================
  Model:      wide_resnet50_2 (CIFAR stem) (from scratch)
  Dataset:    cifar10 (10 classes)
  Image size: 32
  LR:         0.1
  Momentum:   0.9 (nesterov=True)
  Optimizer:  sgd
  Weight dec: 0.0005 (on BN/bias=False)
  Backend:    nccl
  Algorithm:  built-in (no hook)
  Epochs:     10
  Batch/rank: 4
  LR:         0.1
  Scheduler:  cosine
  Warmup:     0
  Grad clip:  None
  Drop last:  True
  Data dir:   ./data
================================================================================


================================================================================
DISTRIBUTED TRAINING LAUNCHER
================================================================================
  Model:      wide_resnet50_2 (CIFAR stem) (from scratch)
  Dataset:    cifar10 (10 classes)
  Image size: 32
  LR:         0.1
  Momentum:   0.9 (nesterov=True)
  Optimizer:  sgd
  Weight dec: 0.0005 (on BN/bias=False)
  Backend:    nccl
  Algorithm:  built-in (no hook)
  Epochs:     10
  Batch/rank: 4
  LR:         0.1
  Scheduler:  cosine
  Warmup:     0
  Grad clip:  None
  Drop last:  True
  Data dir:   ./data
================================================================================


================================================================================
DISTRIBUTED TRAINING LAUNCHER
================================================================================
  Model:      wide_resnet50_2 (CIFAR stem) (from scratch)
  Dataset:    cifar10 (10 classes)
  Image size: 32
  LR:         0.1
  Momentum:   0.9 (nesterov=True)
  Optimizer:  sgd
  Weight dec: 0.0005 (on BN/bias=False)
  Backend:    nccl
  Algorithm:  built-in (no hook)
  Epochs:     10
  Batch/rank: 4
  LR:         0.1
  Scheduler:  cosine
  Warmup:     0
  Grad clip:  None
  Drop last:  True
  Data dir:   ./data
================================================================================


================================================================================
DISTRIBUTED TRAINING LAUNCHER
================================================================================
  Model:      wide_resnet50_2 (CIFAR stem) (from scratch)
  Dataset:    cifar10 (10 classes)
  Image size: 32
  LR:         0.1
  Momentum:   0.9 (nesterov=True)
  Optimizer:  sgd
  Weight dec: 0.0005 (on BN/bias=False)
  Backend:    nccl
  Algorithm:  built-in (no hook)
  Epochs:     10
  Batch/rank: 4
  LR:         0.1
  Scheduler:  cosine
  Warmup:     0
  Grad clip:  None
  Drop last:  True
  Data dir:   ./data
================================================================================


================================================================================
DISTRIBUTED TRAINING LAUNCHER
================================================================================
  Model:      wide_resnet50_2 (CIFAR stem) (from scratch)
  Dataset:    cifar10 (10 classes)
  Image size: 32
  LR:         0.1
  Momentum:   0.9 (nesterov=True)
  Optimizer:  sgd
  Weight dec: 0.0005 (on BN/bias=False)
  Backend:    nccl
  Algorithm:  built-in (no hook)
  Epochs:     10
  Batch/rank: 4
  LR:         0.1
  Scheduler:  cosine
  Warmup:     0
  Grad clip:  None
  Drop last:  True
  Data dir:   ./data
================================================================================


================================================================================
DISTRIBUTED TRAINING LAUNCHER
================================================================================
  Model:      wide_resnet50_2 (CIFAR stem) (from scratch)
  Dataset:    cifar10 (10 classes)
  Image size: 32
  LR:         0.1
  Momentum:   0.9 (nesterov=True)
  Optimizer:  sgd
  Weight dec: 0.0005 (on BN/bias=False)
  Backend:    nccl
  Algorithm:  built-in (no hook)
  Epochs:     10
  Batch/rank: 4
  LR:         0.1
  Scheduler:  cosine
  Warmup:     0
  Grad clip:  None
  Drop last:  True
  Data dir:   ./data
================================================================================


================================================================================
DISTRIBUTED TRAINING LAUNCHER
================================================================================
  Model:      wide_resnet50_2 (CIFAR stem) (from scratch)
  Dataset:    cifar10 (10 classes)
  Image size: 32
  LR:         0.1
  Momentum:   0.9 (nesterov=True)
  Optimizer:  sgd
  Weight dec: 0.0005 (on BN/bias=False)
  Backend:    nccl
  Algorithm:  built-in (no hook)
  Epochs:     10
  Batch/rank: 4
  LR:         0.1
  Scheduler:  cosine
  Warmup:     0
  Grad clip:  None
  Drop last:  True
  Data dir:   ./data
================================================================================


================================================================================
DISTRIBUTED TRAINING LAUNCHER
================================================================================
  Model:      wide_resnet50_2 (CIFAR stem) (from scratch)
  Dataset:    cifar10 (10 classes)
  Image size: 32
  LR:         0.1
  Momentum:   0.9 (nesterov=True)
  Optimizer:  sgd
  Weight dec: 0.0005 (on BN/bias=False)
  Backend:    nccl
  Algorithm:  built-in (no hook)
  Epochs:     10
  Batch/rank: 4
  LR:         0.1
  Scheduler:  cosine
  Warmup:     0
  Grad clip:  None
  Drop last:  True
  Data dir:   ./data
================================================================================


================================================================================
DISTRIBUTED TRAINING LAUNCHER
================================================================================
  Model:      wide_resnet50_2 (CIFAR stem) (from scratch)
  Dataset:    cifar10 (10 classes)
  Image size: 32
  LR:         0.1
  Momentum:   0.9 (nesterov=True)
  Optimizer:  sgd
  Weight dec: 0.0005 (on BN/bias=False)
  Backend:    nccl
  Algorithm:  built-in (no hook)
  Epochs:     10
  Batch/rank: 4
  LR:         0.1
  Scheduler:  cosine
  Warmup:     0
  Grad clip:  None
  Drop last:  True
  Data dir:   ./data
================================================================================


================================================================================
DISTRIBUTED TRAINING LAUNCHER
================================================================================
  Model:      wide_resnet50_2 (CIFAR stem) (from scratch)
  Dataset:    cifar10 (10 classes)
  Image size: 32
  LR:         0.1
  Momentum:   0.9 (nesterov=True)
  Optimizer:  sgd
  Weight dec: 0.0005 (on BN/bias=False)
  Backend:    nccl
  Algorithm:  built-in (no hook)
  Epochs:     10
  Batch/rank: 4
  LR:         0.1
  Scheduler:  cosine
  Warmup:     0
  Grad clip:  None
  Drop last:  True
  Data dir:   ./data
================================================================================

  Batch [50/390] Loss: 15.4731, Acc: 9.00%, lr: 0.099959
  Batch [100/390] Loss: 8.8855, Acc: 10.50%, lr: 0.099838
  Batch [150/390] Loss: 6.6740, Acc: 12.50%, lr: 0.099635
  Batch [200/390] Loss: 5.5694, Acc: 12.75%, lr: 0.099353
  Batch [250/390] Loss: 4.9006, Acc: 13.60%, lr: 0.098990
  Batch [300/390] Loss: 4.4583, Acc: 14.00%, lr: 0.098547
  Batch [350/390] Loss: 4.1418, Acc: 14.50%, lr: 0.098026
[Epoch 1] Train Loss: 3.9495, Acc: 14.68%  |  Val Loss: 7.1174, Acc: 12.75%  |  Time: 81.5s
[Epoch 1] t_iter median: 153.97 ms  (fwd 7.54 | bwd+comm 143.33 | opt 2.96 | data 0.12)  |  train-only epoch: 66.4s
  -> Best model saved (12.75%)
[Epoch 1] Summarizing hook timing...
[HOOK_TIMING_SUMMARY] epoch=1 no hook timing samples
[Epoch 1] Hook timing summary done

[Epoch 2] Training... (lr at epoch start=0.097553)
  Batch [50/390] Loss: 2.2514, Acc: 13.50%, lr: 0.096892
  Batch [100/390] Loss: 2.2315, Acc: 12.50%, lr: 0.096155
  Batch [150/390] Loss: 2.2173, Acc: 13.17%, lr: 0.095344
  Batch [200/390] Loss: 2.2159, Acc: 13.38%, lr: 0.094459
  Batch [250/390] Loss: 2.2048, Acc: 14.80%, lr: 0.093501
  Batch [300/390] Loss: 2.2002, Acc: 15.50%, lr: 0.092473
  Batch [350/390] Loss: 2.1814, Acc: 16.00%, lr: 0.091377
[Epoch 2] Train Loss: 2.1777, Acc: 16.67%  |  Val Loss: 9.5433, Acc: 19.27%  |  Time: 82.2s
[Epoch 2] t_iter median: 167.75 ms  (fwd 7.49 | bwd+comm 157.18 | opt 2.96 | data 0.12)  |  train-only epoch: 67.0s
  -> Best model saved (19.27%)
[Epoch 2] Summarizing hook timing...
[HOOK_TIMING_SUMMARY] epoch=2 no hook timing samples
[Epoch 2] Hook timing summary done

[Epoch 3] Training... (lr at epoch start=0.090451)
  Batch [50/390] Loss: 2.0786, Acc: 21.50%, lr: 0.089235
  Batch [100/390] Loss: 2.1234, Acc: 19.25%, lr: 0.087955
  Batch [150/390] Loss: 2.1235, Acc: 22.00%, lr: 0.086613
  Batch [200/390] Loss: 2.1133, Acc: 21.88%, lr: 0.085213
  Batch [250/390] Loss: 2.0945, Acc: 23.10%, lr: 0.083755
  Batch [300/390] Loss: 2.0786, Acc: 24.00%, lr: 0.082242
  Batch [350/390] Loss: 2.0806, Acc: 23.93%, lr: 0.080677
[Epoch 3] Train Loss: 2.0678, Acc: 23.91%  |  Val Loss: 16.8890, Acc: 27.56%  |  Time: 78.2s
[Epoch 3] t_iter median: 165.42 ms  (fwd 7.60 | bwd+comm 154.75 | opt 2.96 | data 0.12)  |  train-only epoch: 63.5s
  -> Best model saved (27.56%)
[Epoch 3] Summarizing hook timing...
[HOOK_TIMING_SUMMARY] epoch=3 no hook timing samples
[Epoch 3] Hook timing summary done

[Epoch 4] Training... (lr at epoch start=0.079389)
  Batch [50/390] Loss: 2.0078, Acc: 19.50%, lr: 0.077737
  Batch [100/390] Loss: 2.0086, Acc: 22.50%, lr: 0.076039
  Batch [150/390] Loss: 1.9651, Acc: 24.17%, lr: 0.074299
  Batch [200/390] Loss: 1.9543, Acc: 26.12%, lr: 0.072520
  Batch [250/390] Loss: 1.9521, Acc: 26.60%, lr: 0.070704
  Batch [300/390] Loss: 1.9186, Acc: 28.75%, lr: 0.068855
  Batch [350/390] Loss: 1.9216, Acc: 28.79%, lr: 0.066975
[Epoch 4] Train Loss: 1.9092, Acc: 29.49%  |  Val Loss: 30.7720, Acc: 31.42%  |  Time: 78.8s
[Epoch 4] t_iter median: 171.42 ms  (fwd 7.61 | bwd+comm 160.71 | opt 2.96 | data 0.12)  |  train-only epoch: 63.8s
  -> Best model saved (31.42%)
[Epoch 4] Summarizing hook timing...
[HOOK_TIMING_SUMMARY] epoch=4 no hook timing samples
[Epoch 4] Hook timing summary done

[Epoch 5] Training... (lr at epoch start=0.065451)
  Batch [50/390] Loss: 1.8231, Acc: 37.00%, lr: 0.063524
  Batch [100/390] Loss: 1.8709, Acc: 34.00%, lr: 0.061574
  Batch [150/390] Loss: 1.8291, Acc: 33.50%, lr: 0.059606
  Batch [200/390] Loss: 1.8232, Acc: 33.00%, lr: 0.057623
  Batch [250/390] Loss: 1.8224, Acc: 33.10%, lr: 0.055627
  Batch [300/390] Loss: 1.8136, Acc: 33.17%, lr: 0.053622
  Batch [350/390] Loss: 1.7937, Acc: 34.00%, lr: 0.051611
[Epoch 5] Train Loss: 1.7774, Acc: 35.00%  |  Val Loss: 20.6290, Acc: 36.75%  |  Time: 81.9s
[Epoch 5] t_iter median: 172.00 ms  (fwd 7.55 | bwd+comm 161.34 | opt 2.96 | data 0.12)  |  train-only epoch: 67.4s
  -> Best model saved (36.75%)
[Epoch 5] Summarizing hook timing...
[HOOK_TIMING_SUMMARY] epoch=5 no hook timing samples
[Epoch 5] Hook timing summary done

[Epoch 6] Training... (lr at epoch start=0.050000)
  Batch [50/390] Loss: 1.5621, Acc: 46.50%, lr: 0.047987
  Batch [100/390] Loss: 1.5957, Acc: 42.25%, lr: 0.045977
  Batch [150/390] Loss: 1.6233, Acc: 41.67%, lr: 0.043973
  Batch [200/390] Loss: 1.5956, Acc: 41.88%, lr: 0.041979
  Batch [250/390] Loss: 1.5798, Acc: 41.80%, lr: 0.039999
  Batch [300/390] Loss: 1.5811, Acc: 41.25%, lr: 0.038034
  Batch [350/390] Loss: 1.5886, Acc: 41.50%, lr: 0.036089
[Epoch 6] Train Loss: 1.5730, Acc: 42.44%  |  Val Loss: 15.1684, Acc: 42.19%  |  Time: 72.1s
[Epoch 6] t_iter median: 145.42 ms  (fwd 7.52 | bwd+comm 134.83 | opt 2.96 | data 0.10)  |  train-only epoch: 57.4s
  -> Best model saved (42.19%)
[Epoch 6] Summarizing hook timing...
[HOOK_TIMING_SUMMARY] epoch=6 no hook timing samples
[Epoch 6] Hook timing summary done

[Epoch 7] Training... (lr at epoch start=0.034549)
  Batch [50/390] Loss: 1.4553, Acc: 45.00%, lr: 0.032647
  Batch [100/390] Loss: 1.5008, Acc: 44.75%, lr: 0.030773
  Batch [150/390] Loss: 1.5085, Acc: 44.17%, lr: 0.028930
  Batch [200/390] Loss: 1.4810, Acc: 46.12%, lr: 0.027121
  Batch [250/390] Loss: 1.4842, Acc: 45.50%, lr: 0.025350
  Batch [300/390] Loss: 1.4761, Acc: 45.00%, lr: 0.023618
  Batch [350/390] Loss: 1.4556, Acc: 46.07%, lr: 0.021929
[Epoch 7] Train Loss: 1.4428, Acc: 46.92%  |  Val Loss: 20.2781, Acc: 47.99%  |  Time: 76.7s
[Epoch 7] t_iter median: 147.77 ms  (fwd 7.48 | bwd+comm 137.22 | opt 2.96 | data 0.11)  |  train-only epoch: 61.8s
  -> Best model saved (47.99%)
[Epoch 7] Summarizing hook timing...
[HOOK_TIMING_SUMMARY] epoch=7 no hook timing samples
[Epoch 7] Hook timing summary done

[Epoch 8] Training... (lr at epoch start=0.020611)
  Batch [50/390] Loss: 1.4358, Acc: 46.00%, lr: 0.019006
  Batch [100/390] Loss: 1.4224, Acc: 48.50%, lr: 0.017451
  Batch [150/390] Loss: 1.3555, Acc: 51.00%, lr: 0.015949
  Batch [200/390] Loss: 1.3407, Acc: 52.62%, lr: 0.014503
  Batch [250/390] Loss: 1.3221, Acc: 53.00%, lr: 0.013113
  Batch [300/390] Loss: 1.3219, Acc: 53.25%, lr: 0.011784
  Batch [350/390] Loss: 1.3035, Acc: 53.64%, lr: 0.010517
[Epoch 8] Train Loss: 1.3056, Acc: 53.08%  |  Val Loss: 20.6593, Acc: 54.54%  |  Time: 79.4s
[Epoch 8] t_iter median: 178.99 ms  (fwd 7.49 | bwd+comm 168.42 | opt 2.96 | data 0.11)  |  train-only epoch: 64.6s
  -> Best model saved (54.54%)
[Epoch 8] Summarizing hook timing...
[HOOK_TIMING_SUMMARY] epoch=8 no hook timing samples
[Epoch 8] Hook timing summary done

[Epoch 9] Training... (lr at epoch start=0.009549)
  Batch [50/390] Loss: 1.1700, Acc: 60.00%, lr: 0.008399
  Batch [100/390] Loss: 1.1515, Acc: 57.75%, lr: 0.007315
  Batch [150/390] Loss: 1.2054, Acc: 56.00%, lr: 0.006302
  Batch [200/390] Loss: 1.1850, Acc: 56.75%, lr: 0.005359
  Batch [250/390] Loss: 1.1697, Acc: 56.70%, lr: 0.004488
  Batch [300/390] Loss: 1.1654, Acc: 57.25%, lr: 0.003691
  Batch [350/390] Loss: 1.1634, Acc: 57.36%, lr: 0.002970
[Epoch 9] Train Loss: 1.1712, Acc: 57.12%  |  Val Loss: 41.3468, Acc: 57.04%  |  Time: 74.3s
[Epoch 9] t_iter median: 152.21 ms  (fwd 7.56 | bwd+comm 141.59 | opt 2.96 | data 0.12)  |  train-only epoch: 59.5s
  -> Best model saved (57.04%)
[Epoch 9] Summarizing hook timing...
[HOOK_TIMING_SUMMARY] epoch=9 no hook timing samples
[Epoch 9] Hook timing summary done

[Epoch 10] Training... (lr at epoch start=0.002447)
  Batch [50/390] Loss: 1.1383, Acc: 58.50%, lr: 0.001864
  Batch [100/390] Loss: 1.1875, Acc: 56.75%, lr: 0.001358
  Batch [150/390] Loss: 1.0971, Acc: 60.83%, lr: 0.000931
  Batch [200/390] Loss: 1.0745, Acc: 61.75%, lr: 0.000584
  Batch [250/390] Loss: 1.0702, Acc: 62.00%, lr: 0.000318
  Batch [300/390] Loss: 1.0798, Acc: 61.92%, lr: 0.000131
  Batch [350/390] Loss: 1.0880, Acc: 61.50%, lr: 0.000026
[Epoch 10] Train Loss: 1.0978, Acc: 61.03%  |  Val Loss: 110.6752, Acc: 56.44%  |  Time: 77.6s
[Epoch 10] t_iter median: 156.83 ms  (fwd 7.59 | bwd+comm 146.10 | opt 2.96 | data 0.12)  |  train-only epoch: 62.8s
[Epoch 10] Summarizing hook timing...
[HOOK_TIMING_SUMMARY] epoch=10 no hook timing samples
[Epoch 10] Hook timing summary done

================================================================================
Done in 790.5s | Best val acc: 57.04%
Epoch times (train+val): mean=78.3s  min=72.1s  max=82.2s
Train-only epoch time (epochs 2..N): median=63.52s  min=57.38s  max=67.41s
  -> use this for STRONG scaling (fixed global batch)
  -> use t_iter_median_ms from the CSV for WEAK scaling (fixed local batch)
================================================================================
=== Finished training: model=wide_resnet50_2, dataset=cifar10, batch=4, lr=0.1, scheduler=cosine, backend=nccl, hook=none, zfp_rate=none, status=0 at Wed Jul 29 03:02:54 PM UTC 2026 ===
=== Starting: model=wide_resnet50_2, ws=32, bs=4, gb=128, lr=0.1, sched=cosine, warmup=0, mom=0.9, wd=5e-4, nesterov=true, wd_bn_bias=false, backend=nccl, hook=ring, zfp=none at Wed Jul 29 03:02:54 PM UTC 2026 ===

================================================================================
DISTRIBUTED TRAINING LAUNCHER
================================================================================
  Model:      wide_resnet50_2 (CIFAR stem) (from scratch)
  Dataset:    cifar10 (10 classes)
  Image size: 32
  LR:         0.1
  Momentum:   0.9 (nesterov=True)
  Optimizer:  sgd
  Weight dec: 0.0005 (on BN/bias=False)
  Backend:    nccl
  Algorithm:  ring
  Epochs:     10
  Batch/rank: 4
  LR:         0.1
  Scheduler:  cosine
  Warmup:     0
  Grad clip:  None
  Drop last:  True
  Data dir:   ./data
================================================================================


================================================================================
Distributed Training: WIDE_RESNET50_2 on CIFAR10
Backend: NCCL, Algorithm: ring
================================================================================
Ranks: 32, Epochs: 10, Batch/rank: 4, Effective batch: 128
LR: 0.1, Device: cuda:0

[Cache] Pretrained weights cache (TORCH_HOME) = ./data/pretrained_weights_cache
[Setup] Model on cuda:0, wrapped in DDP (static_graph=True)
[Setup] Hook registered: nccl/ring
[Optim] SGD: lr=0.1 momentum=0.9 nesterov=True wd=0.0005 wd_on_bn_bias=False
[Optim]   group 0: 66,778,816 params, wd=0.0005
[Optim]   group 1: 68,234 params, wd=0.0

================================================================================
DISTRIBUTED TRAINING LAUNCHER
================================================================================
  Model:      wide_resnet50_2 (CIFAR stem) (from scratch)
  Dataset:    cifar10 (10 classes)
  Image size: 32
  LR:         0.1
  Momentum:   0.9 (nesterov=True)
  Optimizer:  sgd
  Weight dec: 0.0005 (on BN/bias=False)
  Backend:    nccl
  Algorithm:  ring
  Epochs:     10
  Batch/rank: 4
  LR:         0.1
  Scheduler:  cosine
  Warmup:     0
  Grad clip:  None
  Drop last:  True
  Data dir:   ./data
================================================================================


================================================================================
DISTRIBUTED TRAINING LAUNCHER
================================================================================
  Model:      wide_resnet50_2 (CIFAR stem) (from scratch)
  Dataset:    cifar10 (10 classes)
  Image size: 32
  LR:         0.1
  Momentum:   0.9 (nesterov=True)
  Optimizer:  sgd
  Weight dec: 0.0005 (on BN/bias=False)
  Backend:    nccl
  Algorithm:  ring
  Epochs:     10
  Batch/rank: 4
  LR:         0.1
  Scheduler:  cosine
  Warmup:     0
  Grad clip:  None
  Drop last:  True
  Data dir:   ./data
================================================================================


================================================================================
DISTRIBUTED TRAINING LAUNCHER
================================================================================
  Model:      wide_resnet50_2 (CIFAR stem) (from scratch)
  Dataset:    cifar10 (10 classes)
  Image size: 32
  LR:         0.1
  Momentum:   0.9 (nesterov=True)
  Optimizer:  sgd
  Weight dec: 0.0005 (on BN/bias=False)
  Backend:    nccl
  Algorithm:  ring
  Epochs:     10
  Batch/rank: 4
  LR:         0.1
  Scheduler:  cosine
  Warmup:     0
  Grad clip:  None
  Drop last:  True
  Data dir:   ./data
================================================================================


================================================================================
DISTRIBUTED TRAINING LAUNCHER
================================================================================
  Model:      wide_resnet50_2 (CIFAR stem) (from scratch)
  Dataset:    cifar10 (10 classes)
  Image size: 32
  LR:         0.1
  Momentum:   0.9 (nesterov=True)
  Optimizer:  sgd
  Weight dec: 0.0005 (on BN/bias=False)
  Backend:    nccl
  Algorithm:  ring
  Epochs:     10
  Batch/rank: 4
  LR:         0.1
  Scheduler:  cosine
  Warmup:     0
  Grad clip:  None
  Drop last:  True
  Data dir:   ./data
================================================================================

[Data] Train batches: 390, Val batches: 2500

[Sched] cosine: steps/epoch=390, total_steps=3900, warmup_steps=0 (0 epochs)


[Epoch 1] Training... (lr at epoch start=0.100000)

================================================================================
DISTRIBUTED TRAINING LAUNCHER
================================================================================
  Model:      wide_resnet50_2 (CIFAR stem) (from scratch)
  Dataset:    cifar10 (10 classes)
  Image size: 32
  LR:         0.1
  Momentum:   0.9 (nesterov=True)
  Optimizer:  sgd
  Weight dec: 0.0005 (on BN/bias=False)
  Backend:    nccl
  Algorithm:  ring
  Epochs:     10
  Batch/rank: 4
  LR:         0.1
  Scheduler:  cosine
  Warmup:     0
  Grad clip:  None
  Drop last:  True
  Data dir:   ./data
================================================================================


================================================================================
DISTRIBUTED TRAINING LAUNCHER
================================================================================
  Model:      wide_resnet50_2 (CIFAR stem) (from scratch)
  Dataset:    cifar10 (10 classes)
  Image size: 32
  LR:         0.1
  Momentum:   0.9 (nesterov=True)
  Optimizer:  sgd
  Weight dec: 0.0005 (on BN/bias=False)
  Backend:    nccl
  Algorithm:  ring
  Epochs:     10
  Batch/rank: 4
  LR:         0.1
  Scheduler:  cosine
  Warmup:     0
  Grad clip:  None
  Drop last:  True
  Data dir:   ./data
================================================================================


================================================================================
DISTRIBUTED TRAINING LAUNCHER
================================================================================
  Model:      wide_resnet50_2 (CIFAR stem) (from scratch)
  Dataset:    cifar10 (10 classes)
  Image size: 32
  LR:         0.1
  Momentum:   0.9 (nesterov=True)
  Optimizer:  sgd
  Weight dec: 0.0005 (on BN/bias=False)
  Backend:    nccl
  Algorithm:  ring
  Epochs:     10
  Batch/rank: 4
  LR:         0.1
  Scheduler:  cosine
  Warmup:     0
  Grad clip:  None
  Drop last:  True
  Data dir:   ./data
================================================================================


================================================================================
DISTRIBUTED TRAINING LAUNCHER
================================================================================
  Model:      wide_resnet50_2 (CIFAR stem) (from scratch)
  Dataset:    cifar10 (10 classes)
  Image size: 32
  LR:         0.1
  Momentum:   0.9 (nesterov=True)
  Optimizer:  sgd
  Weight dec: 0.0005 (on BN/bias=False)
  Backend:    nccl
  Algorithm:  ring
  Epochs:     10
  Batch/rank: 4
  LR:         0.1
  Scheduler:  cosine
  Warmup:     0
  Grad clip:  None
  Drop last:  True
  Data dir:   ./data
================================================================================


================================================================================
DISTRIBUTED TRAINING LAUNCHER
================================================================================
  Model:      wide_resnet50_2 (CIFAR stem) (from scratch)
  Dataset:    cifar10 (10 classes)
  Image size: 32
  LR:         0.1
  Momentum:   0.9 (nesterov=True)
  Optimizer:  sgd
  Weight dec: 0.0005 (on BN/bias=False)
  Backend:    nccl
  Algorithm:  ring
  Epochs:     10
  Batch/rank: 4
  LR:         0.1
  Scheduler:  cosine
  Warmup:     0
  Grad clip:  None
  Drop last:  True
  Data dir:   ./data
================================================================================


================================================================================
DISTRIBUTED TRAINING LAUNCHER
================================================================================
  Model:      wide_resnet50_2 (CIFAR stem) (from scratch)
  Dataset:    cifar10 (10 classes)
  Image size: 32
  LR:         0.1
  Momentum:   0.9 (nesterov=True)
  Optimizer:  sgd
  Weight dec: 0.0005 (on BN/bias=False)
  Backend:    nccl
  Algorithm:  ring
  Epochs:     10
  Batch/rank: 4
  LR:         0.1
  Scheduler:  cosine
  Warmup:     0
  Grad clip:  None
  Drop last:  True
  Data dir:   ./data
================================================================================


================================================================================
DISTRIBUTED TRAINING LAUNCHER
================================================================================
  Model:      wide_resnet50_2 (CIFAR stem) (from scratch)
  Dataset:    cifar10 (10 classes)
  Image size: 32
  LR:         0.1
  Momentum:   0.9 (nesterov=True)
  Optimizer:  sgd
  Weight dec: 0.0005 (on BN/bias=False)
  Backend:    nccl
  Algorithm:  ring
  Epochs:     10
  Batch/rank: 4
  LR:         0.1
  Scheduler:  cosine
  Warmup:     0
  Grad clip:  None
  Drop last:  True
  Data dir:   ./data
================================================================================


================================================================================
DISTRIBUTED TRAINING LAUNCHER
================================================================================
  Model:      wide_resnet50_2 (CIFAR stem) (from scratch)
  Dataset:    cifar10 (10 classes)
  Image size: 32
  LR:         0.1
  Momentum:   0.9 (nesterov=True)
  Optimizer:  sgd
  Weight dec: 0.0005 (on BN/bias=False)
  Backend:    nccl
  Algorithm:  ring
  Epochs:     10
  Batch/rank: 4
  LR:         0.1
  Scheduler:  cosine
  Warmup:     0
  Grad clip:  None
  Drop last:  True
  Data dir:   ./data
================================================================================


================================================================================
DISTRIBUTED TRAINING LAUNCHER
================================================================================
  Model:      wide_resnet50_2 (CIFAR stem) (from scratch)
  Dataset:    cifar10 (10 classes)
  Image size: 32
  LR:         0.1
  Momentum:   0.9 (nesterov=True)
  Optimizer:  sgd
  Weight dec: 0.0005 (on BN/bias=False)
  Backend:    nccl
  Algorithm:  ring
  Epochs:     10
  Batch/rank: 4
  LR:         0.1
  Scheduler:  cosine
  Warmup:     0
  Grad clip:  None
  Drop last:  True
  Data dir:   ./data
================================================================================


================================================================================
DISTRIBUTED TRAINING LAUNCHER
================================================================================
  Model:      wide_resnet50_2 (CIFAR stem) (from scratch)
  Dataset:    cifar10 (10 classes)
  Image size: 32
  LR:         0.1
  Momentum:   0.9 (nesterov=True)
  Optimizer:  sgd
  Weight dec: 0.0005 (on BN/bias=False)
  Backend:    nccl
  Algorithm:  ring
  Epochs:     10
  Batch/rank: 4
  LR:         0.1
  Scheduler:  cosine
  Warmup:     0
  Grad clip:  None
  Drop last:  True
  Data dir:   ./data
================================================================================


================================================================================
DISTRIBUTED TRAINING LAUNCHER
================================================================================
  Model:      wide_resnet50_2 (CIFAR stem) (from scratch)
  Dataset:    cifar10 (10 classes)
  Image size: 32
  LR:         0.1
  Momentum:   0.9 (nesterov=True)
  Optimizer:  sgd
  Weight dec: 0.0005 (on BN/bias=False)
  Backend:    nccl
  Algorithm:  ring
  Epochs:     10
  Batch/rank: 4
  LR:         0.1
  Scheduler:  cosine
  Warmup:     0
  Grad clip:  None
  Drop last:  True
  Data dir:   ./data
================================================================================


================================================================================
DISTRIBUTED TRAINING LAUNCHER
================================================================================
  Model:      wide_resnet50_2 (CIFAR stem) (from scratch)
  Dataset:    cifar10 (10 classes)
  Image size: 32
  LR:         0.1
  Momentum:   0.9 (nesterov=True)
  Optimizer:  sgd
  Weight dec: 0.0005 (on BN/bias=False)
  Backend:    nccl
  Algorithm:  ring
  Epochs:     10
  Batch/rank: 4
  LR:         0.1
  Scheduler:  cosine
  Warmup:     0
  Grad clip:  None
  Drop last:  True
  Data dir:   ./data
================================================================================


================================================================================
DISTRIBUTED TRAINING LAUNCHER
================================================================================
  Model:      wide_resnet50_2 (CIFAR stem) (from scratch)
  Dataset:    cifar10 (10 classes)
  Image size: 32
  LR:         0.1
  Momentum:   0.9 (nesterov=True)
  Optimizer:  sgd
  Weight dec: 0.0005 (on BN/bias=False)
  Backend:    nccl
  Algorithm:  ring
  Epochs:     10
  Batch/rank: 4
  LR:         0.1
  Scheduler:  cosine
  Warmup:     0
  Grad clip:  None
  Drop last:  True
  Data dir:   ./data
================================================================================


================================================================================
DISTRIBUTED TRAINING LAUNCHER
================================================================================
  Model:      wide_resnet50_2 (CIFAR stem) (from scratch)
  Dataset:    cifar10 (10 classes)
  Image size: 32
  LR:         0.1
  Momentum:   0.9 (nesterov=True)
  Optimizer:  sgd
  Weight dec: 0.0005 (on BN/bias=False)
  Backend:    nccl
  Algorithm:  ring
  Epochs:     10
  Batch/rank: 4
  LR:         0.1
  Scheduler:  cosine
  Warmup:     0
  Grad clip:  None
  Drop last:  True
  Data dir:   ./data
================================================================================


================================================================================
DISTRIBUTED TRAINING LAUNCHER
================================================================================
  Model:      wide_resnet50_2 (CIFAR stem) (from scratch)
  Dataset:    cifar10 (10 classes)
  Image size: 32
  LR:         0.1
  Momentum:   0.9 (nesterov=True)
  Optimizer:  sgd
  Weight dec: 0.0005 (on BN/bias=False)
  Backend:    nccl
  Algorithm:  ring
  Epochs:     10
  Batch/rank: 4
  LR:         0.1
  Scheduler:  cosine
  Warmup:     0
  Grad clip:  None
  Drop last:  True
  Data dir:   ./data
================================================================================


================================================================================
DISTRIBUTED TRAINING LAUNCHER
================================================================================
  Model:      wide_resnet50_2 (CIFAR stem) (from scratch)
  Dataset:    cifar10 (10 classes)
  Image size: 32
  LR:         0.1
  Momentum:   0.9 (nesterov=True)
  Optimizer:  sgd
  Weight dec: 0.0005 (on BN/bias=False)
  Backend:    nccl
  Algorithm:  ring
  Epochs:     10
  Batch/rank: 4
  LR:         0.1
  Scheduler:  cosine
  Warmup:     0
  Grad clip:  None
  Drop last:  True
  Data dir:   ./data
================================================================================


================================================================================
DISTRIBUTED TRAINING LAUNCHER
================================================================================
  Model:      wide_resnet50_2 (CIFAR stem) (from scratch)
  Dataset:    cifar10 (10 classes)
  Image size: 32
  LR:         0.1
  Momentum:   0.9 (nesterov=True)
  Optimizer:  sgd
  Weight dec: 0.0005 (on BN/bias=False)
  Backend:    nccl
  Algorithm:  ring
  Epochs:     10
  Batch/rank: 4
  LR:         0.1
  Scheduler:  cosine
  Warmup:     0
  Grad clip:  None
  Drop last:  True
  Data dir:   ./data
================================================================================


================================================================================
DISTRIBUTED TRAINING LAUNCHER
================================================================================
  Model:      wide_resnet50_2 (CIFAR stem) (from scratch)
  Dataset:    cifar10 (10 classes)
  Image size: 32
  LR:         0.1
  Momentum:   0.9 (nesterov=True)
  Optimizer:  sgd
  Weight dec: 0.0005 (on BN/bias=False)
  Backend:    nccl
  Algorithm:  ring
  Epochs:     10
  Batch/rank: 4
  LR:         0.1
  Scheduler:  cosine
  Warmup:     0
  Grad clip:  None
  Drop last:  True
  Data dir:   ./data
================================================================================


================================================================================
DISTRIBUTED TRAINING LAUNCHER
================================================================================
  Model:      wide_resnet50_2 (CIFAR stem) (from scratch)
  Dataset:    cifar10 (10 classes)
  Image size: 32
  LR:         0.1
  Momentum:   0.9 (nesterov=True)
  Optimizer:  sgd
  Weight dec: 0.0005 (on BN/bias=False)
  Backend:    nccl
  Algorithm:  ring
  Epochs:     10
  Batch/rank: 4
  LR:         0.1
  Scheduler:  cosine
  Warmup:     0
  Grad clip:  None
  Drop last:  True
  Data dir:   ./data
================================================================================


================================================================================
DISTRIBUTED TRAINING LAUNCHER
================================================================================
  Model:      wide_resnet50_2 (CIFAR stem) (from scratch)
  Dataset:    cifar10 (10 classes)
  Image size: 32
  LR:         0.1
  Momentum:   0.9 (nesterov=True)
  Optimizer:  sgd
  Weight dec: 0.0005 (on BN/bias=False)
  Backend:    nccl
  Algorithm:  ring
  Epochs:     10
  Batch/rank: 4
  LR:         0.1
  Scheduler:  cosine
  Warmup:     0
  Grad clip:  None
  Drop last:  True
  Data dir:   ./data
================================================================================


================================================================================
DISTRIBUTED TRAINING LAUNCHER
================================================================================
  Model:      wide_resnet50_2 (CIFAR stem) (from scratch)
  Dataset:    cifar10 (10 classes)
  Image size: 32
  LR:         0.1
  Momentum:   0.9 (nesterov=True)
  Optimizer:  sgd
  Weight dec: 0.0005 (on BN/bias=False)
  Backend:    nccl
  Algorithm:  ring
  Epochs:     10
  Batch/rank: 4
  LR:         0.1
  Scheduler:  cosine
  Warmup:     0
  Grad clip:  None
  Drop last:  True
  Data dir:   ./data
================================================================================


================================================================================
DISTRIBUTED TRAINING LAUNCHER
================================================================================
  Model:      wide_resnet50_2 (CIFAR stem) (from scratch)
  Dataset:    cifar10 (10 classes)
  Image size: 32
  LR:         0.1
  Momentum:   0.9 (nesterov=True)
  Optimizer:  sgd
  Weight dec: 0.0005 (on BN/bias=False)
  Backend:    nccl
  Algorithm:  ring
  Epochs:     10
  Batch/rank: 4
  LR:         0.1
  Scheduler:  cosine
  Warmup:     0
  Grad clip:  None
  Drop last:  True
  Data dir:   ./data
================================================================================


================================================================================
DISTRIBUTED TRAINING LAUNCHER
================================================================================
  Model:      wide_resnet50_2 (CIFAR stem) (from scratch)
  Dataset:    cifar10 (10 classes)
  Image size: 32
  LR:         0.1
  Momentum:   0.9 (nesterov=True)
  Optimizer:  sgd
  Weight dec: 0.0005 (on BN/bias=False)
  Backend:    nccl
  Algorithm:  ring
  Epochs:     10
  Batch/rank: 4
  LR:         0.1
  Scheduler:  cosine
  Warmup:     0
  Grad clip:  None
  Drop last:  True
  Data dir:   ./data
================================================================================


================================================================================
DISTRIBUTED TRAINING LAUNCHER
================================================================================
  Model:      wide_resnet50_2 (CIFAR stem) (from scratch)
  Dataset:    cifar10 (10 classes)
  Image size: 32
  LR:         0.1
  Momentum:   0.9 (nesterov=True)
  Optimizer:  sgd
  Weight dec: 0.0005 (on BN/bias=False)
  Backend:    nccl
  Algorithm:  ring
  Epochs:     10
  Batch/rank: 4
  LR:         0.1
  Scheduler:  cosine
  Warmup:     0
  Grad clip:  None
  Drop last:  True
  Data dir:   ./data
================================================================================


================================================================================
DISTRIBUTED TRAINING LAUNCHER
================================================================================
  Model:      wide_resnet50_2 (CIFAR stem) (from scratch)
  Dataset:    cifar10 (10 classes)
  Image size: 32
  LR:         0.1
  Momentum:   0.9 (nesterov=True)
  Optimizer:  sgd
  Weight dec: 0.0005 (on BN/bias=False)
  Backend:    nccl
  Algorithm:  ring
  Epochs:     10
  Batch/rank: 4
  LR:         0.1
  Scheduler:  cosine
  Warmup:     0
  Grad clip:  None
  Drop last:  True
  Data dir:   ./data
================================================================================


================================================================================
DISTRIBUTED TRAINING LAUNCHER
================================================================================
  Model:      wide_resnet50_2 (CIFAR stem) (from scratch)
  Dataset:    cifar10 (10 classes)
  Image size: 32
  LR:         0.1
  Momentum:   0.9 (nesterov=True)
  Optimizer:  sgd
  Weight dec: 0.0005 (on BN/bias=False)
  Backend:    nccl
  Algorithm:  ring
  Epochs:     10
  Batch/rank: 4
  LR:         0.1
  Scheduler:  cosine
  Warmup:     0
  Grad clip:  None
  Drop last:  True
  Data dir:   ./data
================================================================================


================================================================================
DISTRIBUTED TRAINING LAUNCHER
================================================================================
  Model:      wide_resnet50_2 (CIFAR stem) (from scratch)
  Dataset:    cifar10 (10 classes)
  Image size: 32
  LR:         0.1
  Momentum:   0.9 (nesterov=True)
  Optimizer:  sgd
  Weight dec: 0.0005 (on BN/bias=False)
  Backend:    nccl
  Algorithm:  ring
  Epochs:     10
  Batch/rank: 4
  LR:         0.1
  Scheduler:  cosine
  Warmup:     0
  Grad clip:  None
  Drop last:  True
  Data dir:   ./data
================================================================================

  Batch [50/390] Loss: 19.8076, Acc: 10.50%, lr: 0.099959
  Batch [100/390] Loss: 11.4454, Acc: 12.25%, lr: 0.099838
  Batch [150/390] Loss: 8.4110, Acc: 13.00%, lr: 0.099635
  Batch [200/390] Loss: 6.8885, Acc: 13.00%, lr: 0.099353
  Batch [250/390] Loss: 5.9640, Acc: 12.80%, lr: 0.098990
  Batch [300/390] Loss: 5.3516, Acc: 13.25%, lr: 0.098547
  Batch [350/390] Loss: 4.9105, Acc: 13.57%, lr: 0.098026
[Epoch 1] Train Loss: 4.6435, Acc: 13.40%  |  Val Loss: 2.5841, Acc: 12.75%  |  Time: 105.4s
[Epoch 1] t_iter median: 217.89 ms  (fwd 7.58 | bwd+comm 206.78 | opt 3.29 | data 0.11)  |  train-only epoch: 90.5s
  -> Best model saved (12.75%)
[Epoch 1] Summarizing hook timing...

[HOOK_TIMING_SUMMARY] epoch=1
[HOOK_WORK_SUMMARY] label=nccl:ring calls=3106 work_total_ms=83288.474 work_mean_ms=26.815 work_min_ms=16.121 work_max_ms=169.043
[HOOK_TAIL_SUMMARY] label=nccl:ring steps=391 tail_total_ms=79415.567 tail_mean_ms=203.109 tail_min_ms=62.943 tail_max_ms=258.244
[Epoch 1] Hook timing summary done

[Epoch 2] Training... (lr at epoch start=0.097553)
  Batch [50/390] Loss: 2.2653, Acc: 12.00%, lr: 0.096892
  Batch [100/390] Loss: 2.2236, Acc: 15.75%, lr: 0.096155
  Batch [150/390] Loss: 2.2249, Acc: 16.17%, lr: 0.095344
  Batch [200/390] Loss: 2.2112, Acc: 15.88%, lr: 0.094459
  Batch [250/390] Loss: 2.1944, Acc: 16.50%, lr: 0.093501
  Batch [300/390] Loss: 2.1909, Acc: 16.42%, lr: 0.092473
  Batch [350/390] Loss: 2.1737, Acc: 16.86%, lr: 0.091377
[Epoch 2] Train Loss: 2.1690, Acc: 17.50%  |  Val Loss: 2.2335, Acc: 17.57%  |  Time: 103.1s
[Epoch 2] t_iter median: 214.47 ms  (fwd 7.51 | bwd+comm 203.49 | opt 3.31 | data 0.12)  |  train-only epoch: 88.0s
  -> Best model saved (17.57%)
[Epoch 2] Summarizing hook timing...

[HOOK_TIMING_SUMMARY] epoch=2
[HOOK_WORK_SUMMARY] label=nccl:ring calls=3120 work_total_ms=83025.556 work_mean_ms=26.611 work_min_ms=15.905 work_max_ms=61.523
[HOOK_TAIL_SUMMARY] label=nccl:ring steps=390 tail_total_ms=79195.790 tail_mean_ms=203.066 tail_min_ms=168.333 tail_max_ms=296.929
[Epoch 2] Hook timing summary done

[Epoch 3] Training... (lr at epoch start=0.090451)
  Batch [50/390] Loss: 2.0910, Acc: 15.00%, lr: 0.089235
  Batch [100/390] Loss: 2.1222, Acc: 17.00%, lr: 0.087955
  Batch [150/390] Loss: 2.1183, Acc: 18.00%, lr: 0.086613
  Batch [200/390] Loss: 2.1115, Acc: 19.00%, lr: 0.085213
  Batch [250/390] Loss: 2.0844, Acc: 20.20%, lr: 0.083755
  Batch [300/390] Loss: 2.0822, Acc: 20.17%, lr: 0.082242
  Batch [350/390] Loss: 2.0883, Acc: 20.21%, lr: 0.080677
[Epoch 3] Train Loss: 2.0761, Acc: 20.90%  |  Val Loss: 2.1099, Acc: 26.81%  |  Time: 103.4s
[Epoch 3] t_iter median: 227.30 ms  (fwd 7.48 | bwd+comm 216.06 | opt 3.32 | data 0.11)  |  train-only epoch: 88.6s
  -> Best model saved (26.81%)
[Epoch 3] Summarizing hook timing...

[HOOK_TIMING_SUMMARY] epoch=3
[HOOK_WORK_SUMMARY] label=nccl:ring calls=3120 work_total_ms=83507.088 work_mean_ms=26.765 work_min_ms=15.854 work_max_ms=58.337
[HOOK_TAIL_SUMMARY] label=nccl:ring steps=390 tail_total_ms=79632.117 tail_mean_ms=204.185 tail_min_ms=176.080 tail_max_ms=254.730
[Epoch 3] Hook timing summary done

[Epoch 4] Training... (lr at epoch start=0.079389)
  Batch [50/390] Loss: 1.9676, Acc: 23.50%, lr: 0.077737
  Batch [100/390] Loss: 1.9976, Acc: 20.25%, lr: 0.076039
  Batch [150/390] Loss: 1.9523, Acc: 21.17%, lr: 0.074299
  Batch [200/390] Loss: 1.9532, Acc: 22.88%, lr: 0.072520
  Batch [250/390] Loss: 1.9525, Acc: 23.00%, lr: 0.070704
  Batch [300/390] Loss: 1.9193, Acc: 25.17%, lr: 0.068855
  Batch [350/390] Loss: 1.9324, Acc: 25.29%, lr: 0.066975
[Epoch 4] Train Loss: 1.9198, Acc: 25.96%  |  Val Loss: 1.9389, Acc: 36.15%  |  Time: 101.3s
[Epoch 4] t_iter median: 215.14 ms  (fwd 7.49 | bwd+comm 204.19 | opt 3.25 | data 0.12)  |  train-only epoch: 86.5s
  -> Best model saved (36.15%)
[Epoch 4] Summarizing hook timing...

[HOOK_TIMING_SUMMARY] epoch=4
[HOOK_WORK_SUMMARY] label=nccl:ring calls=3120 work_total_ms=81452.087 work_mean_ms=26.106 work_min_ms=15.850 work_max_ms=64.611
[HOOK_TAIL_SUMMARY] label=nccl:ring steps=390 tail_total_ms=77699.581 tail_mean_ms=199.230 tail_min_ms=178.417 tail_max_ms=294.263
[Epoch 4] Hook timing summary done

[Epoch 5] Training... (lr at epoch start=0.065451)
  Batch [50/390] Loss: 1.7728, Acc: 34.00%, lr: 0.063524
  Batch [100/390] Loss: 1.8233, Acc: 34.00%, lr: 0.061574
  Batch [150/390] Loss: 1.7807, Acc: 33.17%, lr: 0.059606
  Batch [200/390] Loss: 1.7790, Acc: 32.88%, lr: 0.057623
  Batch [250/390] Loss: 1.7919, Acc: 32.50%, lr: 0.055627
  Batch [300/390] Loss: 1.7867, Acc: 32.75%, lr: 0.053622
  Batch [350/390] Loss: 1.7750, Acc: 33.64%, lr: 0.051611
[Epoch 5] Train Loss: 1.7632, Acc: 34.42%  |  Val Loss: 1.9815, Acc: 41.00%  |  Time: 119.8s
[Epoch 5] t_iter median: 274.23 ms  (fwd 7.45 | bwd+comm 263.25 | opt 3.25 | data 0.11)  |  train-only epoch: 105.1s
  -> Best model saved (41.00%)
[Epoch 5] Summarizing hook timing...

[HOOK_TIMING_SUMMARY] epoch=5
[HOOK_WORK_SUMMARY] label=nccl:ring calls=3120 work_total_ms=100166.953 work_mean_ms=32.105 work_min_ms=16.731 work_max_ms=65.454
[HOOK_TAIL_SUMMARY] label=nccl:ring steps=390 tail_total_ms=96402.087 tail_mean_ms=247.185 tail_min_ms=182.657 tail_max_ms=303.547
[Epoch 5] Hook timing summary done

[Epoch 6] Training... (lr at epoch start=0.050000)
  Batch [50/390] Loss: 1.5890, Acc: 37.00%, lr: 0.047987
  Batch [100/390] Loss: 1.6148, Acc: 38.75%, lr: 0.045977
  Batch [150/390] Loss: 1.6220, Acc: 39.00%, lr: 0.043973
  Batch [200/390] Loss: 1.5943, Acc: 41.12%, lr: 0.041979
  Batch [250/390] Loss: 1.5785, Acc: 41.60%, lr: 0.039999
  Batch [300/390] Loss: 1.5804, Acc: 41.75%, lr: 0.038034
  Batch [350/390] Loss: 1.5874, Acc: 42.43%, lr: 0.036089
[Epoch 6] Train Loss: 1.5720, Acc: 43.53%  |  Val Loss: 3.2464, Acc: 45.99%  |  Time: 109.3s
[Epoch 6] t_iter median: 227.52 ms  (fwd 7.53 | bwd+comm 216.56 | opt 3.35 | data 0.12)  |  train-only epoch: 94.1s
  -> Best model saved (45.99%)
[Epoch 6] Summarizing hook timing...

[HOOK_TIMING_SUMMARY] epoch=6
[HOOK_WORK_SUMMARY] label=nccl:ring calls=3120 work_total_ms=88993.290 work_mean_ms=28.523 work_min_ms=16.000 work_max_ms=67.248
[HOOK_TAIL_SUMMARY] label=nccl:ring steps=390 tail_total_ms=84961.634 tail_mean_ms=217.850 tail_min_ms=177.179 tail_max_ms=299.609
[Epoch 6] Hook timing summary done

[Epoch 7] Training... (lr at epoch start=0.034549)
  Batch [50/390] Loss: 1.4993, Acc: 40.50%, lr: 0.032647
  Batch [100/390] Loss: 1.5349, Acc: 42.75%, lr: 0.030773
  Batch [150/390] Loss: 1.5052, Acc: 43.33%, lr: 0.028930
  Batch [200/390] Loss: 1.5026, Acc: 43.62%, lr: 0.027121
  Batch [250/390] Loss: 1.4981, Acc: 44.00%, lr: 0.025350
  Batch [300/390] Loss: 1.4914, Acc: 44.08%, lr: 0.023618
  Batch [350/390] Loss: 1.4668, Acc: 45.36%, lr: 0.021929
[Epoch 7] Train Loss: 1.4504, Acc: 46.35%  |  Val Loss: 8.0108, Acc: 47.92%  |  Time: 101.3s
[Epoch 7] t_iter median: 214.41 ms  (fwd 7.50 | bwd+comm 203.41 | opt 3.27 | data 0.12)  |  train-only epoch: 86.4s
  -> Best model saved (47.92%)
[Epoch 7] Summarizing hook timing...

[HOOK_TIMING_SUMMARY] epoch=7
[HOOK_WORK_SUMMARY] label=nccl:ring calls=3120 work_total_ms=81449.952 work_mean_ms=26.106 work_min_ms=15.768 work_max_ms=63.186
[HOOK_TAIL_SUMMARY] label=nccl:ring steps=390 tail_total_ms=77591.330 tail_mean_ms=198.952 tail_min_ms=172.144 tail_max_ms=300.816
[Epoch 7] Hook timing summary done

[Epoch 8] Training... (lr at epoch start=0.020611)
  Batch [50/390] Loss: 1.3765, Acc: 47.00%, lr: 0.019006
  Batch [100/390] Loss: 1.3901, Acc: 48.25%, lr: 0.017451
  Batch [150/390] Loss: 1.3164, Acc: 50.67%, lr: 0.015949
  Batch [200/390] Loss: 1.3361, Acc: 51.25%, lr: 0.014503
  Batch [250/390] Loss: 1.3186, Acc: 51.00%, lr: 0.013113
  Batch [300/390] Loss: 1.3183, Acc: 51.83%, lr: 0.011784
  Batch [350/390] Loss: 1.3115, Acc: 53.14%, lr: 0.010517
[Epoch 8] Train Loss: 1.3097, Acc: 53.21%  |  Val Loss: 6.7571, Acc: 52.98%  |  Time: 110.0s
[Epoch 8] t_iter median: 223.10 ms  (fwd 7.42 | bwd+comm 212.29 | opt 3.29 | data 0.10)  |  train-only epoch: 94.9s
  -> Best model saved (52.98%)
[Epoch 8] Summarizing hook timing...

[HOOK_TIMING_SUMMARY] epoch=8
[HOOK_WORK_SUMMARY] label=nccl:ring calls=3120 work_total_ms=89953.643 work_mean_ms=28.831 work_min_ms=16.180 work_max_ms=66.029
[HOOK_TAIL_SUMMARY] label=nccl:ring steps=390 tail_total_ms=86221.678 tail_mean_ms=221.081 tail_min_ms=180.345 tail_max_ms=296.820
[Epoch 8] Hook timing summary done

[Epoch 9] Training... (lr at epoch start=0.009549)
  Batch [50/390] Loss: 1.3089, Acc: 52.50%, lr: 0.008399
  Batch [100/390] Loss: 1.2698, Acc: 54.50%, lr: 0.007315
  Batch [150/390] Loss: 1.2939, Acc: 54.00%, lr: 0.006302
  Batch [200/390] Loss: 1.2703, Acc: 55.00%, lr: 0.005359
  Batch [250/390] Loss: 1.2467, Acc: 55.80%, lr: 0.004488
  Batch [300/390] Loss: 1.2305, Acc: 56.00%, lr: 0.003691
  Batch [350/390] Loss: 1.2230, Acc: 56.43%, lr: 0.002970
[Epoch 9] Train Loss: 1.2247, Acc: 56.22%  |  Val Loss: 5.4792, Acc: 58.40%  |  Time: 118.0s
[Epoch 9] t_iter median: 294.05 ms  (fwd 7.53 | bwd+comm 282.91 | opt 3.24 | data 0.12)  |  train-only epoch: 103.4s
  -> Best model saved (58.40%)
[Epoch 9] Summarizing hook timing...

[HOOK_TIMING_SUMMARY] epoch=9
[HOOK_WORK_SUMMARY] label=nccl:ring calls=3120 work_total_ms=98389.109 work_mean_ms=31.535 work_min_ms=16.046 work_max_ms=64.343
[HOOK_TAIL_SUMMARY] label=nccl:ring steps=390 tail_total_ms=94740.876 tail_mean_ms=242.925 tail_min_ms=179.975 tail_max_ms=307.491
[Epoch 9] Hook timing summary done

[Epoch 10] Training... (lr at epoch start=0.002447)
  Batch [50/390] Loss: 1.1631, Acc: 56.50%, lr: 0.001864
  Batch [100/390] Loss: 1.1925, Acc: 54.50%, lr: 0.001358
  Batch [150/390] Loss: 1.1274, Acc: 58.17%, lr: 0.000931
  Batch [200/390] Loss: 1.1174, Acc: 59.12%, lr: 0.000584
  Batch [250/390] Loss: 1.1205, Acc: 58.90%, lr: 0.000318
  Batch [300/390] Loss: 1.1253, Acc: 59.33%, lr: 0.000131
  Batch [350/390] Loss: 1.1382, Acc: 59.57%, lr: 0.000026
[Epoch 10] Train Loss: 1.1520, Acc: 59.42%  |  Val Loss: 13.1416, Acc: 54.92%  |  Time: 116.8s
[Epoch 10] t_iter median: 234.54 ms  (fwd 7.52 | bwd+comm 223.69 | opt 3.29 | data 0.11)  |  train-only epoch: 101.8s
[Epoch 10] Summarizing hook timing...

[HOOK_TIMING_SUMMARY] epoch=10
[HOOK_WORK_SUMMARY] label=nccl:ring calls=3120 work_total_ms=96793.649 work_mean_ms=31.024 work_min_ms=16.120 work_max_ms=64.742
[HOOK_TAIL_SUMMARY] label=nccl:ring steps=390 tail_total_ms=93097.678 tail_mean_ms=238.712 tail_min_ms=181.047 tail_max_ms=311.724
[Epoch 10] Hook timing summary done

================================================================================
Done in 1096.3s | Best val acc: 58.40%
Epoch times (train+val): mean=108.8s  min=101.3s  max=119.8s
Train-only epoch time (epochs 2..N): median=94.09s  min=86.43s  max=105.12s
  -> use this for STRONG scaling (fixed global batch)
  -> use t_iter_median_ms from the CSV for WEAK scaling (fixed local batch)
================================================================================
=== Finished training: model=wide_resnet50_2, dataset=cifar10, batch=4, lr=0.1, scheduler=cosine, backend=nccl, hook=ring, zfp_rate=none, status=0 at Wed Jul 29 03:21:23 PM UTC 2026 ===
=== Starting: model=wide_resnet50_2, ws=32, bs=4, gb=128, lr=0.1, sched=cosine, warmup=0, mom=0.9, wd=5e-4, nesterov=true, wd_bn_bias=false, backend=nccl, hook=ring_zfp_naive, zfp=16 at Wed Jul 29 03:21:23 PM UTC 2026 ===

================================================================================
DISTRIBUTED TRAINING LAUNCHER
================================================================================
  Model:      wide_resnet50_2 (CIFAR stem) (from scratch)
  Dataset:    cifar10 (10 classes)
  Image size: 32
  LR:         0.1
  Momentum:   0.9 (nesterov=True)
  Optimizer:  sgd
  Weight dec: 0.0005 (on BN/bias=False)
  Backend:    nccl
  Algorithm:  ring_zfp_naive
  ZFP rate:   16
  Epochs:     10
  Batch/rank: 4
  LR:         0.1
  Scheduler:  cosine
  Warmup:     0
  Grad clip:  None
  Drop last:  True
  Data dir:   ./data
================================================================================


================================================================================
Distributed Training: WIDE_RESNET50_2 on CIFAR10
Backend: NCCL, Algorithm: ring_zfp_naive
================================================================================
Ranks: 32, Epochs: 10, Batch/rank: 4, Effective batch: 128
LR: 0.1, Device: cuda:0

[Cache] Pretrained weights cache (TORCH_HOME) = ./data/pretrained_weights_cache
[Setup] Model on cuda:0, wrapped in DDP (static_graph=True)
[Setup] Hook registered: nccl/ring_zfp_naive
[Optim] SGD: lr=0.1 momentum=0.9 nesterov=True wd=0.0005 wd_on_bn_bias=False
[Optim]   group 0: 66,778,816 params, wd=0.0005
[Optim]   group 1: 68,234 params, wd=0.0

================================================================================
DISTRIBUTED TRAINING LAUNCHER
================================================================================
  Model:      wide_resnet50_2 (CIFAR stem) (from scratch)
  Dataset:    cifar10 (10 classes)
  Image size: 32
  LR:         0.1
  Momentum:   0.9 (nesterov=True)
  Optimizer:  sgd
  Weight dec: 0.0005 (on BN/bias=False)
  Backend:    nccl
  Algorithm:  ring_zfp_naive
  ZFP rate:   16
  Epochs:     10
  Batch/rank: 4
  LR:         0.1
  Scheduler:  cosine
  Warmup:     0
  Grad clip:  None
  Drop last:  True
  Data dir:   ./data
================================================================================


================================================================================
DISTRIBUTED TRAINING LAUNCHER
================================================================================
  Model:      wide_resnet50_2 (CIFAR stem) (from scratch)
  Dataset:    cifar10 (10 classes)
  Image size: 32
  LR:         0.1
  Momentum:   0.9 (nesterov=True)
  Optimizer:  sgd
  Weight dec: 0.0005 (on BN/bias=False)
  Backend:    nccl
  Algorithm:  ring_zfp_naive
  ZFP rate:   16
  Epochs:     10
  Batch/rank: 4
  LR:         0.1
  Scheduler:  cosine
  Warmup:     0
  Grad clip:  None
  Drop last:  True
  Data dir:   ./data
================================================================================


================================================================================
DISTRIBUTED TRAINING LAUNCHER
================================================================================
  Model:      wide_resnet50_2 (CIFAR stem) (from scratch)
  Dataset:    cifar10 (10 classes)
  Image size: 32
  LR:         0.1
  Momentum:   0.9 (nesterov=True)
  Optimizer:  sgd
  Weight dec: 0.0005 (on BN/bias=False)
  Backend:    nccl
  Algorithm:  ring_zfp_naive
  ZFP rate:   16
  Epochs:     10
  Batch/rank: 4
  LR:         0.1
  Scheduler:  cosine
  Warmup:     0
  Grad clip:  None
  Drop last:  True
  Data dir:   ./data
================================================================================


================================================================================
DISTRIBUTED TRAINING LAUNCHER
================================================================================
  Model:      wide_resnet50_2 (CIFAR stem) (from scratch)
  Dataset:    cifar10 (10 classes)
  Image size: 32
  LR:         0.1
  Momentum:   0.9 (nesterov=True)
  Optimizer:  sgd
  Weight dec: 0.0005 (on BN/bias=False)
  Backend:    nccl
  Algorithm:  ring_zfp_naive
  ZFP rate:   16
  Epochs:     10
  Batch/rank: 4
  LR:         0.1
  Scheduler:  cosine
  Warmup:     0
  Grad clip:  None
  Drop last:  True
  Data dir:   ./data
================================================================================


================================================================================
DISTRIBUTED TRAINING LAUNCHER
================================================================================
  Model:      wide_resnet50_2 (CIFAR stem) (from scratch)
  Dataset:    cifar10 (10 classes)
  Image size: 32
  LR:         0.1
  Momentum:   0.9 (nesterov=True)
  Optimizer:  sgd
  Weight dec: 0.0005 (on BN/bias=False)
  Backend:    nccl
  Algorithm:  ring_zfp_naive
  ZFP rate:   16
  Epochs:     10
  Batch/rank: 4
  LR:         0.1
  Scheduler:  cosine
  Warmup:     0
  Grad clip:  None
  Drop last:  True
  Data dir:   ./data
================================================================================


================================================================================
DISTRIBUTED TRAINING LAUNCHER
================================================================================
  Model:      wide_resnet50_2 (CIFAR stem) (from scratch)
  Dataset:    cifar10 (10 classes)
  Image size: 32
  LR:         0.1
  Momentum:   0.9 (nesterov=True)
  Optimizer:  sgd
  Weight dec: 0.0005 (on BN/bias=False)
  Backend:    nccl
  Algorithm:  ring_zfp_naive
  ZFP rate:   16
  Epochs:     10
  Batch/rank: 4
  LR:         0.1
  Scheduler:  cosine
  Warmup:     0
  Grad clip:  None
  Drop last:  True
  Data dir:   ./data
================================================================================


================================================================================
DISTRIBUTED TRAINING LAUNCHER
================================================================================
  Model:      wide_resnet50_2 (CIFAR stem) (from scratch)
  Dataset:    cifar10 (10 classes)
  Image size: 32
  LR:         0.1
  Momentum:   0.9 (nesterov=True)
  Optimizer:  sgd
  Weight dec: 0.0005 (on BN/bias=False)
  Backend:    nccl
  Algorithm:  ring_zfp_naive
  ZFP rate:   16
  Epochs:     10
  Batch/rank: 4
  LR:         0.1
  Scheduler:  cosine
  Warmup:     0
  Grad clip:  None
  Drop last:  True
  Data dir:   ./data
================================================================================


================================================================================
DISTRIBUTED TRAINING LAUNCHER
================================================================================
  Model:      wide_resnet50_2 (CIFAR stem) (from scratch)
  Dataset:    cifar10 (10 classes)
  Image size: 32
  LR:         0.1
  Momentum:   0.9 (nesterov=True)
  Optimizer:  sgd
  Weight dec: 0.0005 (on BN/bias=False)
  Backend:    nccl
  Algorithm:  ring_zfp_naive
  ZFP rate:   16
  Epochs:     10
  Batch/rank: 4
  LR:         0.1
  Scheduler:  cosine
  Warmup:     0
  Grad clip:  None
  Drop last:  True
  Data dir:   ./data
================================================================================


================================================================================
DISTRIBUTED TRAINING LAUNCHER
================================================================================
  Model:      wide_resnet50_2 (CIFAR stem) (from scratch)
  Dataset:    cifar10 (10 classes)
  Image size: 32
  LR:         0.1
  Momentum:   0.9 (nesterov=True)
  Optimizer:  sgd
  Weight dec: 0.0005 (on BN/bias=False)
  Backend:    nccl
  Algorithm:  ring_zfp_naive
  ZFP rate:   16
  Epochs:     10
  Batch/rank: 4
  LR:         0.1
  Scheduler:  cosine
  Warmup:     0
  Grad clip:  None
  Drop last:  True
  Data dir:   ./data
================================================================================


================================================================================
DISTRIBUTED TRAINING LAUNCHER
================================================================================
  Model:      wide_resnet50_2 (CIFAR stem) (from scratch)
  Dataset:    cifar10 (10 classes)
  Image size: 32
  LR:         0.1
  Momentum:   0.9 (nesterov=True)
  Optimizer:  sgd
  Weight dec: 0.0005 (on BN/bias=False)
  Backend:    nccl
  Algorithm:  ring_zfp_naive
  ZFP rate:   16
  Epochs:     10
  Batch/rank: 4
  LR:         0.1
  Scheduler:  cosine
  Warmup:     0
  Grad clip:  None
  Drop last:  True
  Data dir:   ./data
================================================================================


================================================================================
DISTRIBUTED TRAINING LAUNCHER
================================================================================
  Model:      wide_resnet50_2 (CIFAR stem) (from scratch)
  Dataset:    cifar10 (10 classes)
  Image size: 32
  LR:         0.1
  Momentum:   0.9 (nesterov=True)
  Optimizer:  sgd
  Weight dec: 0.0005 (on BN/bias=False)
  Backend:    nccl
  Algorithm:  ring_zfp_naive
  ZFP rate:   16
  Epochs:     10
  Batch/rank: 4
  LR:         0.1
  Scheduler:  cosine
  Warmup:     0
  Grad clip:  None
  Drop last:  True
  Data dir:   ./data
================================================================================


================================================================================
DISTRIBUTED TRAINING LAUNCHER
================================================================================
  Model:      wide_resnet50_2 (CIFAR stem) (from scratch)
  Dataset:    cifar10 (10 classes)
  Image size: 32
  LR:         0.1
  Momentum:   0.9 (nesterov=True)
  Optimizer:  sgd
  Weight dec: 0.0005 (on BN/bias=False)
  Backend:    nccl
  Algorithm:  ring_zfp_naive
  ZFP rate:   16
  Epochs:     10
  Batch/rank: 4
  LR:         0.1
  Scheduler:  cosine
  Warmup:     0
  Grad clip:  None
  Drop last:  True
  Data dir:   ./data
================================================================================


================================================================================
DISTRIBUTED TRAINING LAUNCHER
================================================================================
  Model:      wide_resnet50_2 (CIFAR stem) (from scratch)
  Dataset:    cifar10 (10 classes)
  Image size: 32
  LR:         0.1
  Momentum:   0.9 (nesterov=True)
  Optimizer:  sgd
  Weight dec: 0.0005 (on BN/bias=False)
  Backend:    nccl
  Algorithm:  ring_zfp_naive
  ZFP rate:   16
  Epochs:     10
  Batch/rank: 4
  LR:         0.1
  Scheduler:  cosine
  Warmup:     0
  Grad clip:  None
  Drop last:  True
  Data dir:   ./data
================================================================================


================================================================================
DISTRIBUTED TRAINING LAUNCHER
================================================================================
  Model:      wide_resnet50_2 (CIFAR stem) (from scratch)
  Dataset:    cifar10 (10 classes)
  Image size: 32
  LR:         0.1
  Momentum:   0.9 (nesterov=True)
  Optimizer:  sgd
  Weight dec: 0.0005 (on BN/bias=False)
  Backend:    nccl
  Algorithm:  ring_zfp_naive
  ZFP rate:   16
  Epochs:     10
  Batch/rank: 4
  LR:         0.1
  Scheduler:  cosine
  Warmup:     0
  Grad clip:  None
  Drop last:  True
  Data dir:   ./data
================================================================================


================================================================================
DISTRIBUTED TRAINING LAUNCHER
================================================================================
  Model:      wide_resnet50_2 (CIFAR stem) (from scratch)
  Dataset:    cifar10 (10 classes)
  Image size: 32
  LR:         0.1
  Momentum:   0.9 (nesterov=True)
  Optimizer:  sgd
  Weight dec: 0.0005 (on BN/bias=False)
  Backend:    nccl
  Algorithm:  ring_zfp_naive
  ZFP rate:   16
  Epochs:     10
  Batch/rank: 4
  LR:         0.1
  Scheduler:  cosine
  Warmup:     0
  Grad clip:  None
  Drop last:  True
  Data dir:   ./data
================================================================================


================================================================================
DISTRIBUTED TRAINING LAUNCHER
================================================================================
  Model:      wide_resnet50_2 (CIFAR stem) (from scratch)
  Dataset:    cifar10 (10 classes)
  Image size: 32
  LR:         0.1
  Momentum:   0.9 (nesterov=True)
  Optimizer:  sgd
  Weight dec: 0.0005 (on BN/bias=False)
  Backend:    nccl
  Algorithm:  ring_zfp_naive
  ZFP rate:   16
  Epochs:     10
  Batch/rank: 4
  LR:         0.1
  Scheduler:  cosine
  Warmup:     0
  Grad clip:  None
  Drop last:  True
  Data dir:   ./data
================================================================================


================================================================================
DISTRIBUTED TRAINING LAUNCHER
================================================================================
  Model:      wide_resnet50_2 (CIFAR stem) (from scratch)
  Dataset:    cifar10 (10 classes)
  Image size: 32
  LR:         0.1
  Momentum:   0.9 (nesterov=True)
  Optimizer:  sgd
  Weight dec: 0.0005 (on BN/bias=False)
  Backend:    nccl
  Algorithm:  ring_zfp_naive
  ZFP rate:   16
  Epochs:     10
  Batch/rank: 4
  LR:         0.1
  Scheduler:  cosine
  Warmup:     0
  Grad clip:  None
  Drop last:  True
  Data dir:   ./data
================================================================================


================================================================================
DISTRIBUTED TRAINING LAUNCHER
================================================================================
  Model:      wide_resnet50_2 (CIFAR stem) (from scratch)
  Dataset:    cifar10 (10 classes)
  Image size: 32
  LR:         0.1
  Momentum:   0.9 (nesterov=True)
  Optimizer:  sgd
  Weight dec: 0.0005 (on BN/bias=False)
  Backend:    nccl
  Algorithm:  ring_zfp_naive
  ZFP rate:   16
  Epochs:     10
  Batch/rank: 4
  LR:         0.1
  Scheduler:  cosine
  Warmup:     0
  Grad clip:  None
  Drop last:  True
  Data dir:   ./data
================================================================================


================================================================================
DISTRIBUTED TRAINING LAUNCHER
================================================================================
  Model:      wide_resnet50_2 (CIFAR stem) (from scratch)
  Dataset:    cifar10 (10 classes)
  Image size: 32
  LR:         0.1
  Momentum:   0.9 (nesterov=True)
  Optimizer:  sgd
  Weight dec: 0.0005 (on BN/bias=False)
  Backend:    nccl
  Algorithm:  ring_zfp_naive
  ZFP rate:   16
  Epochs:     10
  Batch/rank: 4
  LR:         0.1
  Scheduler:  cosine
  Warmup:     0
  Grad clip:  None
  Drop last:  True
  Data dir:   ./data
================================================================================


================================================================================
DISTRIBUTED TRAINING LAUNCHER
================================================================================
  Model:      wide_resnet50_2 (CIFAR stem) (from scratch)
  Dataset:    cifar10 (10 classes)
  Image size: 32
  LR:         0.1
  Momentum:   0.9 (nesterov=True)
  Optimizer:  sgd
  Weight dec: 0.0005 (on BN/bias=False)
  Backend:    nccl
  Algorithm:  ring_zfp_naive
  ZFP rate:   16
  Epochs:     10
  Batch/rank: 4
  LR:         0.1
  Scheduler:  cosine
  Warmup:     0
  Grad clip:  None
  Drop last:  True
  Data dir:   ./data
================================================================================


================================================================================
DISTRIBUTED TRAINING LAUNCHER
================================================================================
  Model:      wide_resnet50_2 (CIFAR stem) (from scratch)
  Dataset:    cifar10 (10 classes)
  Image size: 32
  LR:         0.1
  Momentum:   0.9 (nesterov=True)
  Optimizer:  sgd
  Weight dec: 0.0005 (on BN/bias=False)
  Backend:    nccl
  Algorithm:  ring_zfp_naive
  ZFP rate:   16
  Epochs:     10
  Batch/rank: 4
  LR:         0.1
  Scheduler:  cosine
  Warmup:     0
  Grad clip:  None
  Drop last:  True
  Data dir:   ./data
================================================================================


================================================================================
DISTRIBUTED TRAINING LAUNCHER
================================================================================
  Model:      wide_resnet50_2 (CIFAR stem) (from scratch)
  Dataset:    cifar10 (10 classes)
  Image size: 32
  LR:         0.1
  Momentum:   0.9 (nesterov=True)
  Optimizer:  sgd
  Weight dec: 0.0005 (on BN/bias=False)
  Backend:    nccl
  Algorithm:  ring_zfp_naive
  ZFP rate:   16
  Epochs:     10
  Batch/rank: 4
  LR:         0.1
  Scheduler:  cosine
  Warmup:     0
  Grad clip:  None
  Drop last:  True
  Data dir:   ./data
================================================================================

[Data] Train batches: 390, Val batches: 2500

[Sched] cosine: steps/epoch=390, total_steps=3900, warmup_steps=0 (0 epochs)


[Epoch 1] Training... (lr at epoch start=0.100000)

================================================================================
DISTRIBUTED TRAINING LAUNCHER
================================================================================
  Model:      wide_resnet50_2 (CIFAR stem) (from scratch)
  Dataset:    cifar10 (10 classes)
  Image size: 32
  LR:         0.1
  Momentum:   0.9 (nesterov=True)
  Optimizer:  sgd
  Weight dec: 0.0005 (on BN/bias=False)
  Backend:    nccl
  Algorithm:  ring_zfp_naive
  ZFP rate:   16
  Epochs:     10
  Batch/rank: 4
  LR:         0.1
  Scheduler:  cosine
  Warmup:     0
  Grad clip:  None
  Drop last:  True
  Data dir:   ./data
================================================================================


================================================================================
DISTRIBUTED TRAINING LAUNCHER
================================================================================
  Model:      wide_resnet50_2 (CIFAR stem) (from scratch)
  Dataset:    cifar10 (10 classes)
  Image size: 32
  LR:         0.1
  Momentum:   0.9 (nesterov=True)
  Optimizer:  sgd
  Weight dec: 0.0005 (on BN/bias=False)
  Backend:    nccl
  Algorithm:  ring_zfp_naive
  ZFP rate:   16
  Epochs:     10
  Batch/rank: 4
  LR:         0.1
  Scheduler:  cosine
  Warmup:     0
  Grad clip:  None
  Drop last:  True
  Data dir:   ./data
================================================================================


================================================================================
DISTRIBUTED TRAINING LAUNCHER
================================================================================
  Model:      wide_resnet50_2 (CIFAR stem) (from scratch)
  Dataset:    cifar10 (10 classes)
  Image size: 32
  LR:         0.1
  Momentum:   0.9 (nesterov=True)
  Optimizer:  sgd
  Weight dec: 0.0005 (on BN/bias=False)
  Backend:    nccl
  Algorithm:  ring_zfp_naive
  ZFP rate:   16
  Epochs:     10
  Batch/rank: 4
  LR:         0.1
  Scheduler:  cosine
  Warmup:     0
  Grad clip:  None
  Drop last:  True
  Data dir:   ./data
================================================================================


================================================================================
DISTRIBUTED TRAINING LAUNCHER
================================================================================
  Model:      wide_resnet50_2 (CIFAR stem) (from scratch)
  Dataset:    cifar10 (10 classes)
  Image size: 32
  LR:         0.1
  Momentum:   0.9 (nesterov=True)
  Optimizer:  sgd
  Weight dec: 0.0005 (on BN/bias=False)
  Backend:    nccl
  Algorithm:  ring_zfp_naive
  ZFP rate:   16
  Epochs:     10
  Batch/rank: 4
  LR:         0.1
  Scheduler:  cosine
  Warmup:     0
  Grad clip:  None
  Drop last:  True
  Data dir:   ./data
================================================================================


================================================================================
DISTRIBUTED TRAINING LAUNCHER
================================================================================
  Model:      wide_resnet50_2 (CIFAR stem) (from scratch)
  Dataset:    cifar10 (10 classes)
  Image size: 32
  LR:         0.1
  Momentum:   0.9 (nesterov=True)
  Optimizer:  sgd
  Weight dec: 0.0005 (on BN/bias=False)
  Backend:    nccl
  Algorithm:  ring_zfp_naive
  ZFP rate:   16
  Epochs:     10
  Batch/rank: 4
  LR:         0.1
  Scheduler:  cosine
  Warmup:     0
  Grad clip:  None
  Drop last:  True
  Data dir:   ./data
================================================================================


================================================================================
DISTRIBUTED TRAINING LAUNCHER
================================================================================
  Model:      wide_resnet50_2 (CIFAR stem) (from scratch)
  Dataset:    cifar10 (10 classes)
  Image size: 32
  LR:         0.1
  Momentum:   0.9 (nesterov=True)
  Optimizer:  sgd
  Weight dec: 0.0005 (on BN/bias=False)
  Backend:    nccl
  Algorithm:  ring_zfp_naive
  ZFP rate:   16
  Epochs:     10
  Batch/rank: 4
  LR:         0.1
  Scheduler:  cosine
  Warmup:     0
  Grad clip:  None
  Drop last:  True
  Data dir:   ./data
================================================================================


================================================================================
DISTRIBUTED TRAINING LAUNCHER
================================================================================
  Model:      wide_resnet50_2 (CIFAR stem) (from scratch)
  Dataset:    cifar10 (10 classes)
  Image size: 32
  LR:         0.1
  Momentum:   0.9 (nesterov=True)
  Optimizer:  sgd
  Weight dec: 0.0005 (on BN/bias=False)
  Backend:    nccl
  Algorithm:  ring_zfp_naive
  ZFP rate:   16
  Epochs:     10
  Batch/rank: 4
  LR:         0.1
  Scheduler:  cosine
  Warmup:     0
  Grad clip:  None
  Drop last:  True
  Data dir:   ./data
================================================================================


================================================================================
DISTRIBUTED TRAINING LAUNCHER
================================================================================
  Model:      wide_resnet50_2 (CIFAR stem) (from scratch)
  Dataset:    cifar10 (10 classes)
  Image size: 32
  LR:         0.1
  Momentum:   0.9 (nesterov=True)
  Optimizer:  sgd
  Weight dec: 0.0005 (on BN/bias=False)
  Backend:    nccl
  Algorithm:  ring_zfp_naive
  ZFP rate:   16
  Epochs:     10
  Batch/rank: 4
  LR:         0.1
  Scheduler:  cosine
  Warmup:     0
  Grad clip:  None
  Drop last:  True
  Data dir:   ./data
================================================================================


================================================================================
DISTRIBUTED TRAINING LAUNCHER
================================================================================
  Model:      wide_resnet50_2 (CIFAR stem) (from scratch)
  Dataset:    cifar10 (10 classes)
  Image size: 32
  LR:         0.1
  Momentum:   0.9 (nesterov=True)
  Optimizer:  sgd
  Weight dec: 0.0005 (on BN/bias=False)
  Backend:    nccl
  Algorithm:  ring_zfp_naive
  ZFP rate:   16
  Epochs:     10
  Batch/rank: 4
  LR:         0.1
  Scheduler:  cosine
  Warmup:     0
  Grad clip:  None
  Drop last:  True
  Data dir:   ./data
================================================================================

  Batch [50/390] Loss: 17.9009, Acc: 5.50%, lr: 0.099959
  Batch [100/390] Loss: 10.1129, Acc: 6.75%, lr: 0.099838
  Batch [150/390] Loss: 7.5172, Acc: 8.67%, lr: 0.099635
  Batch [200/390] Loss: 6.2207, Acc: 8.62%, lr: 0.099353
  Batch [250/390] Loss: 5.4377, Acc: 9.40%, lr: 0.098990
  Batch [300/390] Loss: 4.9142, Acc: 10.25%, lr: 0.098547
  Batch [350/390] Loss: 4.5434, Acc: 10.50%, lr: 0.098026
[Epoch 1] Train Loss: 4.3141, Acc: 10.38%  |  Val Loss: 2.3033, Acc: 10.01%  |  Time: 135.4s
[Epoch 1] t_iter median: 303.56 ms  (fwd 7.54 | bwd+comm 292.44 | opt 3.33 | data 0.12)  |  train-only epoch: 120.6s
  -> Best model saved (10.01%)
[Epoch 1] Summarizing hook timing...

[HOOK_TIMING_SUMMARY] epoch=1
[HOOK_WORK_SUMMARY] label=nccl:ring_zfp_naive:rate16 calls=3106 work_total_ms=113223.129 work_mean_ms=36.453 work_min_ms=23.221 work_max_ms=151.294
[HOOK_TAIL_SUMMARY] label=nccl:ring_zfp_naive:rate16 steps=391 tail_total_ms=109183.012 tail_mean_ms=279.240 tail_min_ms=88.789 tail_max_ms=316.961
[Epoch 1] Hook timing summary done

[Epoch 2] Training... (lr at epoch start=0.097553)
  Batch [50/390] Loss: 2.3212, Acc: 10.00%, lr: 0.096892
  Batch [100/390] Loss: 2.3189, Acc: 11.75%, lr: 0.096155
  Batch [150/390] Loss: 2.3107, Acc: 11.33%, lr: 0.095344
  Batch [200/390] Loss: 2.3082, Acc: 11.38%, lr: 0.094459
  Batch [250/390] Loss: 2.3072, Acc: 11.30%, lr: 0.093501
  Batch [300/390] Loss: 2.3128, Acc: 11.25%, lr: 0.092473
  Batch [350/390] Loss: 2.3104, Acc: 11.57%, lr: 0.091377
[Epoch 2] Train Loss: 2.3081, Acc: 11.67%  |  Val Loss: 2.3033, Acc: 10.14%  |  Time: 135.2s
[Epoch 2] t_iter median: 304.96 ms  (fwd 7.52 | bwd+comm 294.06 | opt 3.28 | data 0.11)  |  train-only epoch: 120.2s
  -> Best model saved (10.14%)
[Epoch 2] Summarizing hook timing...

[HOOK_TIMING_SUMMARY] epoch=2
[HOOK_WORK_SUMMARY] label=nccl:ring_zfp_naive:rate16 calls=3120 work_total_ms=115118.455 work_mean_ms=36.897 work_min_ms=24.584 work_max_ms=67.079
[HOOK_TAIL_SUMMARY] label=nccl:ring_zfp_naive:rate16 steps=390 tail_total_ms=111091.810 tail_mean_ms=284.851 tail_min_ms=264.802 tail_max_ms=313.990
[Epoch 2] Hook timing summary done

[Epoch 3] Training... (lr at epoch start=0.090451)
  Batch [50/390] Loss: 2.3025, Acc: 12.00%, lr: 0.089235
  Batch [100/390] Loss: 2.2962, Acc: 12.25%, lr: 0.087955
  Batch [150/390] Loss: 2.2901, Acc: 13.33%, lr: 0.086613
  Batch [200/390] Loss: 2.2916, Acc: 12.38%, lr: 0.085213
  Batch [250/390] Loss: 2.2883, Acc: 12.80%, lr: 0.083755
  Batch [300/390] Loss: 2.2887, Acc: 13.17%, lr: 0.082242
  Batch [350/390] Loss: 2.2875, Acc: 13.00%, lr: 0.080677
[Epoch 3] Train Loss: 2.2856, Acc: 13.21%  |  Val Loss: 2.3085, Acc: 10.96%  |  Time: 132.7s
[Epoch 3] t_iter median: 301.64 ms  (fwd 7.55 | bwd+comm 290.64 | opt 3.34 | data 0.11)  |  train-only epoch: 117.8s
  -> Best model saved (10.96%)
[Epoch 3] Summarizing hook timing...

[HOOK_TIMING_SUMMARY] epoch=3
[HOOK_WORK_SUMMARY] label=nccl:ring_zfp_naive:rate16 calls=3120 work_total_ms=112570.045 work_mean_ms=36.080 work_min_ms=22.740 work_max_ms=67.490
[HOOK_TAIL_SUMMARY] label=nccl:ring_zfp_naive:rate16 steps=390 tail_total_ms=108484.139 tail_mean_ms=278.164 tail_min_ms=259.535 tail_max_ms=302.419
[Epoch 3] Hook timing summary done

[Epoch 4] Training... (lr at epoch start=0.079389)
  Batch [50/390] Loss: 2.2372, Acc: 20.50%, lr: 0.077737
  Batch [100/390] Loss: 2.2572, Acc: 16.50%, lr: 0.076039
  Batch [150/390] Loss: 2.2381, Acc: 15.83%, lr: 0.074299
  Batch [200/390] Loss: 2.2214, Acc: 17.62%, lr: 0.072520
  Batch [250/390] Loss: 2.2060, Acc: 17.20%, lr: 0.070704
  Batch [300/390] Loss: 2.1840, Acc: 18.17%, lr: 0.068855
  Batch [350/390] Loss: 2.1819, Acc: 18.36%, lr: 0.066975
[Epoch 4] Train Loss: 2.1766, Acc: 18.46%  |  Val Loss: 2.0900, Acc: 17.98%  |  Time: 132.9s
[Epoch 4] t_iter median: 300.39 ms  (fwd 7.56 | bwd+comm 289.34 | opt 3.27 | data 0.11)  |  train-only epoch: 118.1s
  -> Best model saved (17.98%)
[Epoch 4] Summarizing hook timing...

[HOOK_TIMING_SUMMARY] epoch=4
[HOOK_WORK_SUMMARY] label=nccl:ring_zfp_naive:rate16 calls=3120 work_total_ms=112937.847 work_mean_ms=36.198 work_min_ms=22.146 work_max_ms=66.345
[HOOK_TAIL_SUMMARY] label=nccl:ring_zfp_naive:rate16 steps=390 tail_total_ms=108910.049 tail_mean_ms=279.257 tail_min_ms=259.103 tail_max_ms=303.683
[Epoch 4] Hook timing summary done

[Epoch 5] Training... (lr at epoch start=0.065451)
  Batch [50/390] Loss: 2.1335, Acc: 16.50%, lr: 0.063524
  Batch [100/390] Loss: 2.1194, Acc: 17.25%, lr: 0.061574
  Batch [150/390] Loss: 2.0796, Acc: 20.00%, lr: 0.059606
  Batch [200/390] Loss: 2.0681, Acc: 20.38%, lr: 0.057623
  Batch [250/390] Loss: 2.0423, Acc: 21.60%, lr: 0.055627
  Batch [300/390] Loss: 2.0244, Acc: 22.75%, lr: 0.053622
  Batch [350/390] Loss: 2.0087, Acc: 22.93%, lr: 0.051611
[Epoch 5] Train Loss: 2.0038, Acc: 23.27%  |  Val Loss: 1.8572, Acc: 29.60%  |  Time: 132.0s
[Epoch 5] t_iter median: 297.85 ms  (fwd 7.54 | bwd+comm 286.79 | opt 3.34 | data 0.12)  |  train-only epoch: 117.3s
  -> Best model saved (29.60%)
[Epoch 5] Summarizing hook timing...

[HOOK_TIMING_SUMMARY] epoch=5
[HOOK_WORK_SUMMARY] label=nccl:ring_zfp_naive:rate16 calls=3120 work_total_ms=112051.719 work_mean_ms=35.914 work_min_ms=22.022 work_max_ms=70.937
[HOOK_TAIL_SUMMARY] label=nccl:ring_zfp_naive:rate16 steps=390 tail_total_ms=108030.851 tail_mean_ms=277.002 tail_min_ms=247.299 tail_max_ms=306.999
[Epoch 5] Hook timing summary done

[Epoch 6] Training... (lr at epoch start=0.050000)
  Batch [50/390] Loss: 1.7965, Acc: 34.50%, lr: 0.047987
  Batch [100/390] Loss: 1.8625, Acc: 28.25%, lr: 0.045977
  Batch [150/390] Loss: 1.8414, Acc: 30.33%, lr: 0.043973
  Batch [200/390] Loss: 1.8257, Acc: 31.00%, lr: 0.041979
  Batch [250/390] Loss: 1.8108, Acc: 31.50%, lr: 0.039999
  Batch [300/390] Loss: 1.8012, Acc: 32.42%, lr: 0.038034
  Batch [350/390] Loss: 1.7915, Acc: 32.64%, lr: 0.036089
[Epoch 6] Train Loss: 1.7742, Acc: 34.23%  |  Val Loss: 1.5931, Acc: 40.88%  |  Time: 136.5s
[Epoch 6] t_iter median: 314.05 ms  (fwd 7.48 | bwd+comm 303.15 | opt 3.29 | data 0.11)  |  train-only epoch: 121.4s
  -> Best model saved (40.88%)
[Epoch 6] Summarizing hook timing...

[HOOK_TIMING_SUMMARY] epoch=6
[HOOK_WORK_SUMMARY] label=nccl:ring_zfp_naive:rate16 calls=3120 work_total_ms=116257.654 work_mean_ms=37.262 work_min_ms=24.088 work_max_ms=72.744
[HOOK_TAIL_SUMMARY] label=nccl:ring_zfp_naive:rate16 steps=390 tail_total_ms=112354.834 tail_mean_ms=288.089 tail_min_ms=263.002 tail_max_ms=312.381
[Epoch 6] Hook timing summary done

[Epoch 7] Training... (lr at epoch start=0.034549)
  Batch [50/390] Loss: 1.5848, Acc: 39.00%, lr: 0.032647
  Batch [100/390] Loss: 1.6490, Acc: 38.50%, lr: 0.030773
  Batch [150/390] Loss: 1.6203, Acc: 38.83%, lr: 0.028930
  Batch [200/390] Loss: 1.5838, Acc: 40.62%, lr: 0.027121
  Batch [250/390] Loss: 1.5740, Acc: 42.20%, lr: 0.025350
  Batch [300/390] Loss: 1.5601, Acc: 42.58%, lr: 0.023618
  Batch [350/390] Loss: 1.5281, Acc: 44.36%, lr: 0.021929
[Epoch 7] Train Loss: 1.5096, Acc: 44.87%  |  Val Loss: 1.3440, Acc: 49.81%  |  Time: 133.3s
[Epoch 7] t_iter median: 299.37 ms  (fwd 7.62 | bwd+comm 288.15 | opt 3.31 | data 0.12)  |  train-only epoch: 118.4s
  -> Best model saved (49.81%)
[Epoch 7] Summarizing hook timing...

[HOOK_TIMING_SUMMARY] epoch=7
[HOOK_WORK_SUMMARY] label=nccl:ring_zfp_naive:rate16 calls=3120 work_total_ms=113183.529 work_mean_ms=36.277 work_min_ms=23.001 work_max_ms=64.305
[HOOK_TAIL_SUMMARY] label=nccl:ring_zfp_naive:rate16 steps=390 tail_total_ms=109288.105 tail_mean_ms=280.226 tail_min_ms=255.670 tail_max_ms=315.613
[Epoch 7] Hook timing summary done

[Epoch 8] Training... (lr at epoch start=0.020611)
  Batch [50/390] Loss: 1.5247, Acc: 48.00%, lr: 0.019006
  Batch [100/390] Loss: 1.4990, Acc: 46.50%, lr: 0.017451
  Batch [150/390] Loss: 1.4314, Acc: 47.83%, lr: 0.015949
  Batch [200/390] Loss: 1.4318, Acc: 48.50%, lr: 0.014503
  Batch [250/390] Loss: 1.3989, Acc: 49.90%, lr: 0.013113
  Batch [300/390] Loss: 1.3832, Acc: 50.50%, lr: 0.011784
  Batch [350/390] Loss: 1.3655, Acc: 50.86%, lr: 0.010517
[Epoch 8] Train Loss: 1.3599, Acc: 50.71%  |  Val Loss: 1.1907, Acc: 56.93%  |  Time: 131.0s
[Epoch 8] t_iter median: 294.99 ms  (fwd 7.54 | bwd+comm 284.08 | opt 3.27 | data 0.11)  |  train-only epoch: 116.1s
  -> Best model saved (56.93%)
[Epoch 8] Summarizing hook timing...

[HOOK_TIMING_SUMMARY] epoch=8
[HOOK_WORK_SUMMARY] label=nccl:ring_zfp_naive:rate16 calls=3120 work_total_ms=110962.194 work_mean_ms=35.565 work_min_ms=22.898 work_max_ms=70.702
[HOOK_TAIL_SUMMARY] label=nccl:ring_zfp_naive:rate16 steps=390 tail_total_ms=106944.031 tail_mean_ms=274.215 tail_min_ms=244.818 tail_max_ms=309.533
[Epoch 8] Hook timing summary done

[Epoch 9] Training... (lr at epoch start=0.009549)
  Batch [50/390] Loss: 1.2174, Acc: 56.50%, lr: 0.008399
  Batch [100/390] Loss: 1.1958, Acc: 59.50%, lr: 0.007315
  Batch [150/390] Loss: 1.2046, Acc: 57.00%, lr: 0.006302
  Batch [200/390] Loss: 1.1787, Acc: 57.25%, lr: 0.005359
  Batch [250/390] Loss: 1.1549, Acc: 58.90%, lr: 0.004488
  Batch [300/390] Loss: 1.1449, Acc: 58.83%, lr: 0.003691
  Batch [350/390] Loss: 1.1442, Acc: 58.21%, lr: 0.002970
[Epoch 9] Train Loss: 1.1354, Acc: 58.72%  |  Val Loss: 1.0167, Acc: 63.22%  |  Time: 130.3s
[Epoch 9] t_iter median: 294.48 ms  (fwd 7.52 | bwd+comm 283.68 | opt 3.33 | data 0.11)  |  train-only epoch: 115.4s
  -> Best model saved (63.22%)
[Epoch 9] Summarizing hook timing...

[HOOK_TIMING_SUMMARY] epoch=9
[HOOK_WORK_SUMMARY] label=nccl:ring_zfp_naive:rate16 calls=3120 work_total_ms=110308.717 work_mean_ms=35.355 work_min_ms=23.667 work_max_ms=67.851
[HOOK_TAIL_SUMMARY] label=nccl:ring_zfp_naive:rate16 steps=390 tail_total_ms=106363.538 tail_mean_ms=272.727 tail_min_ms=254.089 tail_max_ms=300.594
[Epoch 9] Hook timing summary done

[Epoch 10] Training... (lr at epoch start=0.002447)
  Batch [50/390] Loss: 1.0657, Acc: 59.50%, lr: 0.001864
  Batch [100/390] Loss: 1.1551, Acc: 57.75%, lr: 0.001358
  Batch [150/390] Loss: 1.0780, Acc: 62.33%, lr: 0.000931
  Batch [200/390] Loss: 1.0661, Acc: 62.38%, lr: 0.000584
  Batch [250/390] Loss: 1.0563, Acc: 62.10%, lr: 0.000318
  Batch [300/390] Loss: 1.0703, Acc: 61.67%, lr: 0.000131
  Batch [350/390] Loss: 1.0756, Acc: 61.79%, lr: 0.000026
[Epoch 10] Train Loss: 1.0905, Acc: 61.35%  |  Val Loss: 0.9941, Acc: 64.51%  |  Time: 136.7s
[Epoch 10] t_iter median: 311.75 ms  (fwd 7.60 | bwd+comm 300.71 | opt 3.31 | data 0.08)  |  train-only epoch: 121.7s
  -> Best model saved (64.51%)
[Epoch 10] Summarizing hook timing...

[HOOK_TIMING_SUMMARY] epoch=10
[HOOK_WORK_SUMMARY] label=nccl:ring_zfp_naive:rate16 calls=3120 work_total_ms=116538.735 work_mean_ms=37.352 work_min_ms=25.053 work_max_ms=77.208
[HOOK_TAIL_SUMMARY] label=nccl:ring_zfp_naive:rate16 steps=390 tail_total_ms=112626.131 tail_mean_ms=288.785 tail_min_ms=263.599 tail_max_ms=320.996
[Epoch 10] Hook timing summary done

================================================================================
Done in 1344.9s | Best val acc: 64.51%
Epoch times (train+val): mean=133.6s  min=130.3s  max=136.7s
Train-only epoch time (epochs 2..N): median=118.13s  min=115.44s  max=121.74s
  -> use this for STRONG scaling (fixed global batch)
  -> use t_iter_median_ms from the CSV for WEAK scaling (fixed local batch)
================================================================================
=== Finished training: model=wide_resnet50_2, dataset=cifar10, batch=4, lr=0.1, scheduler=cosine, backend=nccl, hook=ring_zfp_naive, zfp_rate=16, status=0 at Wed Jul 29 03:44:00 PM UTC 2026 ===
=== Job started: Wed Jul 29 05:19:36 PM UTC 2026 ===
=== Node: x3013c0s37b1n0 ===

The following have been reloaded with a version change:
  1) gcc-native/14 => gcc-native/13


The following have been reloaded with a version change:
  1) gcc-native/13 => gcc-native/14.2

=============================================
  Polaris NCCL test — GTL NOT loaded
=============================================
Node              : x3013c0s37b1n0
GTL               : NOT loaded (NCCL test)
MPICH_GPU_SUPPORT : NOT set (NCCL test)

PyTorch version   : 2.8.0
PyTorch location  : /soft/applications/conda/2025-09-28/mconda3/lib/python3.12/site-packages/torch/__init__.py
CUDA available    : True 4
cuDNN             : 91300
MPI available     : True
mpi4py            : MPI VERSION    : CRAY MPICH version 9.0.1.498 (ANL base 4.1.2)
mpi4py rank test  : rank 0 OK
ZFP_HOME          : /home/mrest/mpiAllReduceCompressed/zfp-install
ZFP lib           : lrwxrwxrwx 1 mrest users 11 May 17 22:11 /home/mrest/mpiAllReduceCompressed/zfp-install/lib64/libzfp.so -> libzfp.so.1
ZFP include       : -rw-r--r-- 1 mrest users 35180 May 17 18:17 /home/mrest/mpiAllReduceCompressed/zfp-install/include/zfp.h
=============================================
MASTER_ADDR=x3013c0s37b1n0.hsn.cm.polaris.alcf.anl.gov
MASTER_PORT=29500
=== Starting: model=wide_resnet50_2, ws=32, bs=4, gb=128, lr=0.1, sched=cosine, warmup=0, mom=0.9, wd=5e-4, nesterov=true, wd_bn_bias=false, backend=nccl, hook=ring_zfp_online_coll, zfp=16 at Wed Jul 29 05:20:01 PM UTC 2026 ===

================================================================================
DISTRIBUTED TRAINING LAUNCHER
================================================================================
  Model:      wide_resnet50_2 (CIFAR stem) (from scratch)
  Dataset:    cifar10 (10 classes)
  Image size: 32
  LR:         0.1
  Momentum:   0.9 (nesterov=True)
  Optimizer:  sgd
  Weight dec: 0.0005 (on BN/bias=False)
  Backend:    nccl
  Algorithm:  ring_zfp_online_coll
  ZFP rate:   16
  Epochs:     10
  Batch/rank: 4
  LR:         0.1
  Scheduler:  cosine
  Warmup:     0
  Grad clip:  None
  Drop last:  True
  Data dir:   ./data
================================================================================


================================================================================
Distributed Training: WIDE_RESNET50_2 on CIFAR10
Backend: NCCL, Algorithm: ring_zfp_online_coll
================================================================================
Ranks: 32, Epochs: 10, Batch/rank: 4, Effective batch: 128
LR: 0.1, Device: cuda:0

[Cache] Pretrained weights cache (TORCH_HOME) = ./data/pretrained_weights_cache
[Setup] Model on cuda:0, wrapped in DDP (static_graph=True)
[Setup] Hook registered: nccl/ring_zfp_online_coll
[Optim] SGD: lr=0.1 momentum=0.9 nesterov=True wd=0.0005 wd_on_bn_bias=False
[Optim]   group 0: 66,778,816 params, wd=0.0005
[Optim]   group 1: 68,234 params, wd=0.0
[Data] Train batches: 390, Val batches: 2500

[Sched] cosine: steps/epoch=390, total_steps=3900, warmup_steps=0 (0 epochs)


[Epoch 1] Training... (lr at epoch start=0.100000)

================================================================================
DISTRIBUTED TRAINING LAUNCHER
================================================================================
  Model:      wide_resnet50_2 (CIFAR stem) (from scratch)
  Dataset:    cifar10 (10 classes)
  Image size: 32
  LR:         0.1
  Momentum:   0.9 (nesterov=True)
  Optimizer:  sgd
  Weight dec: 0.0005 (on BN/bias=False)
  Backend:    nccl
  Algorithm:  ring_zfp_online_coll
  ZFP rate:   16
  Epochs:     10
  Batch/rank: 4
  LR:         0.1
  Scheduler:  cosine
  Warmup:     0
  Grad clip:  None
  Drop last:  True
  Data dir:   ./data
================================================================================


================================================================================
DISTRIBUTED TRAINING LAUNCHER
================================================================================
  Model:      wide_resnet50_2 (CIFAR stem) (from scratch)
  Dataset:    cifar10 (10 classes)
  Image size: 32
  LR:         0.1
  Momentum:   0.9 (nesterov=True)
  Optimizer:  sgd
  Weight dec: 0.0005 (on BN/bias=False)
  Backend:    nccl
  Algorithm:  ring_zfp_online_coll
  ZFP rate:   16
  Epochs:     10
  Batch/rank: 4
  LR:         0.1
  Scheduler:  cosine
  Warmup:     0
  Grad clip:  None
  Drop last:  True
  Data dir:   ./data
================================================================================


================================================================================
DISTRIBUTED TRAINING LAUNCHER
================================================================================
  Model:      wide_resnet50_2 (CIFAR stem) (from scratch)
  Dataset:    cifar10 (10 classes)
  Image size: 32
  LR:         0.1
  Momentum:   0.9 (nesterov=True)
  Optimizer:  sgd
  Weight dec: 0.0005 (on BN/bias=False)
  Backend:    nccl
  Algorithm:  ring_zfp_online_coll
  ZFP rate:   16
  Epochs:     10
  Batch/rank: 4
  LR:         0.1
  Scheduler:  cosine
  Warmup:     0
  Grad clip:  None
  Drop last:  True
  Data dir:   ./data
================================================================================


================================================================================
DISTRIBUTED TRAINING LAUNCHER
================================================================================
  Model:      wide_resnet50_2 (CIFAR stem) (from scratch)
  Dataset:    cifar10 (10 classes)
  Image size: 32
  LR:         0.1
  Momentum:   0.9 (nesterov=True)
  Optimizer:  sgd
  Weight dec: 0.0005 (on BN/bias=False)
  Backend:    nccl
  Algorithm:  ring_zfp_online_coll
  ZFP rate:   16
  Epochs:     10
  Batch/rank: 4
  LR:         0.1
  Scheduler:  cosine
  Warmup:     0
  Grad clip:  None
  Drop last:  True
  Data dir:   ./data
================================================================================


================================================================================
DISTRIBUTED TRAINING LAUNCHER
================================================================================
  Model:      wide_resnet50_2 (CIFAR stem) (from scratch)
  Dataset:    cifar10 (10 classes)
  Image size: 32
  LR:         0.1
  Momentum:   0.9 (nesterov=True)
  Optimizer:  sgd
  Weight dec: 0.0005 (on BN/bias=False)
  Backend:    nccl
  Algorithm:  ring_zfp_online_coll
  ZFP rate:   16
  Epochs:     10
  Batch/rank: 4
  LR:         0.1
  Scheduler:  cosine
  Warmup:     0
  Grad clip:  None
  Drop last:  True
  Data dir:   ./data
================================================================================


================================================================================
DISTRIBUTED TRAINING LAUNCHER
================================================================================
  Model:      wide_resnet50_2 (CIFAR stem) (from scratch)
  Dataset:    cifar10 (10 classes)
  Image size: 32
  LR:         0.1
  Momentum:   0.9 (nesterov=True)
  Optimizer:  sgd
  Weight dec: 0.0005 (on BN/bias=False)
  Backend:    nccl
  Algorithm:  ring_zfp_online_coll
  ZFP rate:   16
  Epochs:     10
  Batch/rank: 4
  LR:         0.1
  Scheduler:  cosine
  Warmup:     0
  Grad clip:  None
  Drop last:  True
  Data dir:   ./data
================================================================================


================================================================================
DISTRIBUTED TRAINING LAUNCHER
================================================================================
  Model:      wide_resnet50_2 (CIFAR stem) (from scratch)
  Dataset:    cifar10 (10 classes)
  Image size: 32
  LR:         0.1
  Momentum:   0.9 (nesterov=True)
  Optimizer:  sgd
  Weight dec: 0.0005 (on BN/bias=False)
  Backend:    nccl
  Algorithm:  ring_zfp_online_coll
  ZFP rate:   16
  Epochs:     10
  Batch/rank: 4
  LR:         0.1
  Scheduler:  cosine
  Warmup:     0
  Grad clip:  None
  Drop last:  True
  Data dir:   ./data
================================================================================


================================================================================
DISTRIBUTED TRAINING LAUNCHER
================================================================================
  Model:      wide_resnet50_2 (CIFAR stem) (from scratch)
  Dataset:    cifar10 (10 classes)
  Image size: 32
  LR:         0.1
  Momentum:   0.9 (nesterov=True)
  Optimizer:  sgd
  Weight dec: 0.0005 (on BN/bias=False)
  Backend:    nccl
  Algorithm:  ring_zfp_online_coll
  ZFP rate:   16
  Epochs:     10
  Batch/rank: 4
  LR:         0.1
  Scheduler:  cosine
  Warmup:     0
  Grad clip:  None
  Drop last:  True
  Data dir:   ./data
================================================================================


================================================================================
DISTRIBUTED TRAINING LAUNCHER
================================================================================
  Model:      wide_resnet50_2 (CIFAR stem) (from scratch)
  Dataset:    cifar10 (10 classes)
  Image size: 32
  LR:         0.1
  Momentum:   0.9 (nesterov=True)
  Optimizer:  sgd
  Weight dec: 0.0005 (on BN/bias=False)
  Backend:    nccl
  Algorithm:  ring_zfp_online_coll
  ZFP rate:   16
  Epochs:     10
  Batch/rank: 4
  LR:         0.1
  Scheduler:  cosine
  Warmup:     0
  Grad clip:  None
  Drop last:  True
  Data dir:   ./data
================================================================================


================================================================================
DISTRIBUTED TRAINING LAUNCHER
================================================================================
  Model:      wide_resnet50_2 (CIFAR stem) (from scratch)
  Dataset:    cifar10 (10 classes)
  Image size: 32
  LR:         0.1
  Momentum:   0.9 (nesterov=True)
  Optimizer:  sgd
  Weight dec: 0.0005 (on BN/bias=False)
  Backend:    nccl
  Algorithm:  ring_zfp_online_coll
  ZFP rate:   16
  Epochs:     10
  Batch/rank: 4
  LR:         0.1
  Scheduler:  cosine
  Warmup:     0
  Grad clip:  None
  Drop last:  True
  Data dir:   ./data
================================================================================


================================================================================
DISTRIBUTED TRAINING LAUNCHER
================================================================================
  Model:      wide_resnet50_2 (CIFAR stem) (from scratch)
  Dataset:    cifar10 (10 classes)
  Image size: 32
  LR:         0.1
  Momentum:   0.9 (nesterov=True)
  Optimizer:  sgd
  Weight dec: 0.0005 (on BN/bias=False)
  Backend:    nccl
  Algorithm:  ring_zfp_online_coll
  ZFP rate:   16
  Epochs:     10
  Batch/rank: 4
  LR:         0.1
  Scheduler:  cosine
  Warmup:     0
  Grad clip:  None
  Drop last:  True
  Data dir:   ./data
================================================================================


================================================================================
DISTRIBUTED TRAINING LAUNCHER
================================================================================
  Model:      wide_resnet50_2 (CIFAR stem) (from scratch)
  Dataset:    cifar10 (10 classes)
  Image size: 32
  LR:         0.1
  Momentum:   0.9 (nesterov=True)
  Optimizer:  sgd
  Weight dec: 0.0005 (on BN/bias=False)
  Backend:    nccl
  Algorithm:  ring_zfp_online_coll
  ZFP rate:   16
  Epochs:     10
  Batch/rank: 4
  LR:         0.1
  Scheduler:  cosine
  Warmup:     0
  Grad clip:  None
  Drop last:  True
  Data dir:   ./data
================================================================================


================================================================================
DISTRIBUTED TRAINING LAUNCHER
================================================================================
  Model:      wide_resnet50_2 (CIFAR stem) (from scratch)
  Dataset:    cifar10 (10 classes)
  Image size: 32
  LR:         0.1
  Momentum:   0.9 (nesterov=True)
  Optimizer:  sgd
  Weight dec: 0.0005 (on BN/bias=False)
  Backend:    nccl
  Algorithm:  ring_zfp_online_coll
  ZFP rate:   16
  Epochs:     10
  Batch/rank: 4
  LR:         0.1
  Scheduler:  cosine
  Warmup:     0
  Grad clip:  None
  Drop last:  True
  Data dir:   ./data
================================================================================


================================================================================
DISTRIBUTED TRAINING LAUNCHER
================================================================================
  Model:      wide_resnet50_2 (CIFAR stem) (from scratch)
  Dataset:    cifar10 (10 classes)
  Image size: 32
  LR:         0.1
  Momentum:   0.9 (nesterov=True)
  Optimizer:  sgd
  Weight dec: 0.0005 (on BN/bias=False)
  Backend:    nccl
  Algorithm:  ring_zfp_online_coll
  ZFP rate:   16
  Epochs:     10
  Batch/rank: 4
  LR:         0.1
  Scheduler:  cosine
  Warmup:     0
  Grad clip:  None
  Drop last:  True
  Data dir:   ./data
================================================================================


================================================================================
DISTRIBUTED TRAINING LAUNCHER
================================================================================
  Model:      wide_resnet50_2 (CIFAR stem) (from scratch)
  Dataset:    cifar10 (10 classes)
  Image size: 32
  LR:         0.1
  Momentum:   0.9 (nesterov=True)
  Optimizer:  sgd
  Weight dec: 0.0005 (on BN/bias=False)
  Backend:    nccl
  Algorithm:  ring_zfp_online_coll
  ZFP rate:   16
  Epochs:     10
  Batch/rank: 4
  LR:         0.1
  Scheduler:  cosine
  Warmup:     0
  Grad clip:  None
  Drop last:  True
  Data dir:   ./data
================================================================================


================================================================================
DISTRIBUTED TRAINING LAUNCHER
================================================================================
  Model:      wide_resnet50_2 (CIFAR stem) (from scratch)
  Dataset:    cifar10 (10 classes)
  Image size: 32
  LR:         0.1
  Momentum:   0.9 (nesterov=True)
  Optimizer:  sgd
  Weight dec: 0.0005 (on BN/bias=False)
  Backend:    nccl
  Algorithm:  ring_zfp_online_coll
  ZFP rate:   16
  Epochs:     10
  Batch/rank: 4
  LR:         0.1
  Scheduler:  cosine
  Warmup:     0
  Grad clip:  None
  Drop last:  True
  Data dir:   ./data
================================================================================


================================================================================
DISTRIBUTED TRAINING LAUNCHER
================================================================================
  Model:      wide_resnet50_2 (CIFAR stem) (from scratch)
  Dataset:    cifar10 (10 classes)
  Image size: 32
  LR:         0.1
  Momentum:   0.9 (nesterov=True)
  Optimizer:  sgd
  Weight dec: 0.0005 (on BN/bias=False)
  Backend:    nccl
  Algorithm:  ring_zfp_online_coll
  ZFP rate:   16
  Epochs:     10
  Batch/rank: 4
  LR:         0.1
  Scheduler:  cosine
  Warmup:     0
  Grad clip:  None
  Drop last:  True
  Data dir:   ./data
================================================================================


================================================================================
DISTRIBUTED TRAINING LAUNCHER
================================================================================
  Model:      wide_resnet50_2 (CIFAR stem) (from scratch)
  Dataset:    cifar10 (10 classes)
  Image size: 32
  LR:         0.1
  Momentum:   0.9 (nesterov=True)
  Optimizer:  sgd
  Weight dec: 0.0005 (on BN/bias=False)
  Backend:    nccl
  Algorithm:  ring_zfp_online_coll
  ZFP rate:   16
  Epochs:     10
  Batch/rank: 4
  LR:         0.1
  Scheduler:  cosine
  Warmup:     0
  Grad clip:  None
  Drop last:  True
  Data dir:   ./data
================================================================================


================================================================================
DISTRIBUTED TRAINING LAUNCHER
================================================================================
  Model:      wide_resnet50_2 (CIFAR stem) (from scratch)
  Dataset:    cifar10 (10 classes)
  Image size: 32
  LR:         0.1
  Momentum:   0.9 (nesterov=True)
  Optimizer:  sgd
  Weight dec: 0.0005 (on BN/bias=False)
  Backend:    nccl
  Algorithm:  ring_zfp_online_coll
  ZFP rate:   16
  Epochs:     10
  Batch/rank: 4
  LR:         0.1
  Scheduler:  cosine
  Warmup:     0
  Grad clip:  None
  Drop last:  True
  Data dir:   ./data
================================================================================


================================================================================
DISTRIBUTED TRAINING LAUNCHER
================================================================================
  Model:      wide_resnet50_2 (CIFAR stem) (from scratch)
  Dataset:    cifar10 (10 classes)
  Image size: 32
  LR:         0.1
  Momentum:   0.9 (nesterov=True)
  Optimizer:  sgd
  Weight dec: 0.0005 (on BN/bias=False)
  Backend:    nccl
  Algorithm:  ring_zfp_online_coll
  ZFP rate:   16
  Epochs:     10
  Batch/rank: 4
  LR:         0.1
  Scheduler:  cosine
  Warmup:     0
  Grad clip:  None
  Drop last:  True
  Data dir:   ./data
================================================================================


================================================================================
DISTRIBUTED TRAINING LAUNCHER
================================================================================
  Model:      wide_resnet50_2 (CIFAR stem) (from scratch)
  Dataset:    cifar10 (10 classes)
  Image size: 32
  LR:         0.1
  Momentum:   0.9 (nesterov=True)
  Optimizer:  sgd
  Weight dec: 0.0005 (on BN/bias=False)
  Backend:    nccl
  Algorithm:  ring_zfp_online_coll
  ZFP rate:   16
  Epochs:     10
  Batch/rank: 4
  LR:         0.1
  Scheduler:  cosine
  Warmup:     0
  Grad clip:  None
  Drop last:  True
  Data dir:   ./data
================================================================================


================================================================================
DISTRIBUTED TRAINING LAUNCHER
================================================================================
  Model:      wide_resnet50_2 (CIFAR stem) (from scratch)
  Dataset:    cifar10 (10 classes)
  Image size: 32
  LR:         0.1
  Momentum:   0.9 (nesterov=True)
  Optimizer:  sgd
  Weight dec: 0.0005 (on BN/bias=False)
  Backend:    nccl
  Algorithm:  ring_zfp_online_coll
  ZFP rate:   16
  Epochs:     10
  Batch/rank: 4
  LR:         0.1
  Scheduler:  cosine
  Warmup:     0
  Grad clip:  None
  Drop last:  True
  Data dir:   ./data
================================================================================


================================================================================
DISTRIBUTED TRAINING LAUNCHER
================================================================================
  Model:      wide_resnet50_2 (CIFAR stem) (from scratch)
  Dataset:    cifar10 (10 classes)
  Image size: 32
  LR:         0.1
  Momentum:   0.9 (nesterov=True)
  Optimizer:  sgd
  Weight dec: 0.0005 (on BN/bias=False)
  Backend:    nccl
  Algorithm:  ring_zfp_online_coll
  ZFP rate:   16
  Epochs:     10
  Batch/rank: 4
  LR:         0.1
  Scheduler:  cosine
  Warmup:     0
  Grad clip:  None
  Drop last:  True
  Data dir:   ./data
================================================================================


================================================================================
DISTRIBUTED TRAINING LAUNCHER
================================================================================
  Model:      wide_resnet50_2 (CIFAR stem) (from scratch)
  Dataset:    cifar10 (10 classes)
  Image size: 32
  LR:         0.1
  Momentum:   0.9 (nesterov=True)
  Optimizer:  sgd
  Weight dec: 0.0005 (on BN/bias=False)
  Backend:    nccl
  Algorithm:  ring_zfp_online_coll
  ZFP rate:   16
  Epochs:     10
  Batch/rank: 4
  LR:         0.1
  Scheduler:  cosine
  Warmup:     0
  Grad clip:  None
  Drop last:  True
  Data dir:   ./data
================================================================================


================================================================================
DISTRIBUTED TRAINING LAUNCHER
================================================================================
  Model:      wide_resnet50_2 (CIFAR stem) (from scratch)
  Dataset:    cifar10 (10 classes)
  Image size: 32
  LR:         0.1
  Momentum:   0.9 (nesterov=True)
  Optimizer:  sgd
  Weight dec: 0.0005 (on BN/bias=False)
  Backend:    nccl
  Algorithm:  ring_zfp_online_coll
  ZFP rate:   16
  Epochs:     10
  Batch/rank: 4
  LR:         0.1
  Scheduler:  cosine
  Warmup:     0
  Grad clip:  None
  Drop last:  True
  Data dir:   ./data
================================================================================


================================================================================
DISTRIBUTED TRAINING LAUNCHER
================================================================================
  Model:      wide_resnet50_2 (CIFAR stem) (from scratch)
  Dataset:    cifar10 (10 classes)
  Image size: 32
  LR:         0.1
  Momentum:   0.9 (nesterov=True)
  Optimizer:  sgd
  Weight dec: 0.0005 (on BN/bias=False)
  Backend:    nccl
  Algorithm:  ring_zfp_online_coll
  ZFP rate:   16
  Epochs:     10
  Batch/rank: 4
  LR:         0.1
  Scheduler:  cosine
  Warmup:     0
  Grad clip:  None
  Drop last:  True
  Data dir:   ./data
================================================================================


================================================================================
DISTRIBUTED TRAINING LAUNCHER
================================================================================
  Model:      wide_resnet50_2 (CIFAR stem) (from scratch)
  Dataset:    cifar10 (10 classes)
  Image size: 32
  LR:         0.1
  Momentum:   0.9 (nesterov=True)
  Optimizer:  sgd
  Weight dec: 0.0005 (on BN/bias=False)
  Backend:    nccl
  Algorithm:  ring_zfp_online_coll
  ZFP rate:   16
  Epochs:     10
  Batch/rank: 4
  LR:         0.1
  Scheduler:  cosine
  Warmup:     0
  Grad clip:  None
  Drop last:  True
  Data dir:   ./data
================================================================================


================================================================================
DISTRIBUTED TRAINING LAUNCHER
================================================================================
  Model:      wide_resnet50_2 (CIFAR stem) (from scratch)
  Dataset:    cifar10 (10 classes)
  Image size: 32
  LR:         0.1
  Momentum:   0.9 (nesterov=True)
  Optimizer:  sgd
  Weight dec: 0.0005 (on BN/bias=False)
  Backend:    nccl
  Algorithm:  ring_zfp_online_coll
  ZFP rate:   16
  Epochs:     10
  Batch/rank: 4
  LR:         0.1
  Scheduler:  cosine
  Warmup:     0
  Grad clip:  None
  Drop last:  True
  Data dir:   ./data
================================================================================


================================================================================
DISTRIBUTED TRAINING LAUNCHER
================================================================================
  Model:      wide_resnet50_2 (CIFAR stem) (from scratch)
  Dataset:    cifar10 (10 classes)
  Image size: 32
  LR:         0.1
  Momentum:   0.9 (nesterov=True)
  Optimizer:  sgd
  Weight dec: 0.0005 (on BN/bias=False)
  Backend:    nccl
  Algorithm:  ring_zfp_online_coll
  ZFP rate:   16
  Epochs:     10
  Batch/rank: 4
  LR:         0.1
  Scheduler:  cosine
  Warmup:     0
  Grad clip:  None
  Drop last:  True
  Data dir:   ./data
================================================================================


================================================================================
DISTRIBUTED TRAINING LAUNCHER
================================================================================
  Model:      wide_resnet50_2 (CIFAR stem) (from scratch)
  Dataset:    cifar10 (10 classes)
  Image size: 32
  LR:         0.1
  Momentum:   0.9 (nesterov=True)
  Optimizer:  sgd
  Weight dec: 0.0005 (on BN/bias=False)
  Backend:    nccl
  Algorithm:  ring_zfp_online_coll
  ZFP rate:   16
  Epochs:     10
  Batch/rank: 4
  LR:         0.1
  Scheduler:  cosine
  Warmup:     0
  Grad clip:  None
  Drop last:  True
  Data dir:   ./data
================================================================================


================================================================================
DISTRIBUTED TRAINING LAUNCHER
================================================================================
  Model:      wide_resnet50_2 (CIFAR stem) (from scratch)
  Dataset:    cifar10 (10 classes)
  Image size: 32
  LR:         0.1
  Momentum:   0.9 (nesterov=True)
  Optimizer:  sgd
  Weight dec: 0.0005 (on BN/bias=False)
  Backend:    nccl
  Algorithm:  ring_zfp_online_coll
  ZFP rate:   16
  Epochs:     10
  Batch/rank: 4
  LR:         0.1
  Scheduler:  cosine
  Warmup:     0
  Grad clip:  None
  Drop last:  True
  Data dir:   ./data
================================================================================

  Batch [50/390] Loss: 46.8962, Acc: 10.00%, lr: 0.099959
  Batch [100/390] Loss: 34.0111, Acc: 10.00%, lr: 0.099838
  Batch [150/390] Loss: 29.6846, Acc: 10.83%, lr: 0.099635
  Batch [200/390] Loss: 26.6879, Acc: 10.62%, lr: 0.099353
  Batch [250/390] Loss: 24.4196, Acc: 10.40%, lr: 0.098990
  Batch [300/390] Loss: 23.2710, Acc: 10.67%, lr: 0.098547
  Batch [350/390] Loss: 22.3544, Acc: 10.36%, lr: 0.098026
[Epoch 1] Train Loss: 21.6930, Acc: 10.32%  |  Val Loss: 179.8316, Acc: 10.31%  |  Time: 90.7s
[Epoch 1] t_iter median: 178.59 ms  (fwd 7.65 | bwd+comm 167.22 | opt 3.34 | data 0.12)  |  train-only epoch: 75.8s
  -> Best model saved (10.31%)
[Epoch 1] Summarizing hook timing...

[HOOK_TIMING_SUMMARY] epoch=1
[HOOK_WORK_SUMMARY] label=nccl:hier_zfp_online_coll:rate16 calls=3106 work_total_ms=65201.347 work_mean_ms=20.992 work_min_ms=7.768 work_max_ms=494.168
[HOOK_TAIL_SUMMARY] label=nccl:ring_zfp_online_coll:rate16 steps=391 tail_total_ms=61380.892 tail_mean_ms=156.984 tail_min_ms=147.308 tail_max_ms=986.081
[Epoch 1] Hook timing summary done

[Epoch 2] Training... (lr at epoch start=0.097553)
  Batch [50/390] Loss: 15.1156, Acc: 7.50%, lr: 0.096892
  Batch [100/390] Loss: 12.9509, Acc: 10.50%, lr: 0.096155
  Batch [150/390] Loss: 12.8645, Acc: 11.33%, lr: 0.095344
  Batch [200/390] Loss: 12.1113, Acc: 13.75%, lr: 0.094459
  Batch [250/390] Loss: 12.0131, Acc: 14.20%, lr: 0.093501
  Batch [300/390] Loss: 11.5119, Acc: 13.50%, lr: 0.092473
  Batch [350/390] Loss: 11.4766, Acc: 14.21%, lr: 0.091377
[Epoch 2] Train Loss: 11.1520, Acc: 13.78%  |  Val Loss: 5.2511, Acc: 11.83%  |  Time: 83.1s
[Epoch 2] t_iter median: 174.87 ms  (fwd 7.78 | bwd+comm 163.43 | opt 3.51 | data 0.14)  |  train-only epoch: 68.4s
  -> Best model saved (11.83%)
[Epoch 2] Summarizing hook timing...

[HOOK_TIMING_SUMMARY] epoch=2
[HOOK_WORK_SUMMARY] label=nccl:hier_zfp_online_coll:rate16 calls=3120 work_total_ms=63125.469 work_mean_ms=20.233 work_min_ms=7.810 work_max_ms=36.480
[HOOK_TAIL_SUMMARY] label=nccl:ring_zfp_online_coll:rate16 steps=390 tail_total_ms=58457.521 tail_mean_ms=149.891 tail_min_ms=147.758 tail_max_ms=163.486
[Epoch 2] Hook timing summary done

[Epoch 3] Training... (lr at epoch start=0.090451)
  Batch [50/390] Loss: 11.5002, Acc: 10.50%, lr: 0.089235
  Batch [100/390] Loss: 9.8444, Acc: 11.50%, lr: 0.087955
  Batch [150/390] Loss: 9.4223, Acc: 11.33%, lr: 0.086613
  Batch [200/390] Loss: 9.0623, Acc: 12.25%, lr: 0.085213
  Batch [250/390] Loss: 8.6760, Acc: 12.40%, lr: 0.083755
  Batch [300/390] Loss: 8.9128, Acc: 12.58%, lr: 0.082242
  Batch [350/390] Loss: 8.6071, Acc: 12.93%, lr: 0.080677
[Epoch 3] Train Loss: 8.3470, Acc: 13.59%  |  Val Loss: 36.6020, Acc: 12.99%  |  Time: 83.6s
[Epoch 3] t_iter median: 174.17 ms  (fwd 7.45 | bwd+comm 163.31 | opt 3.29 | data 0.11)  |  train-only epoch: 68.7s
  -> Best model saved (12.99%)
[Epoch 3] Summarizing hook timing...

[HOOK_TIMING_SUMMARY] epoch=3
[HOOK_WORK_SUMMARY] label=nccl:hier_zfp_online_coll:rate16 calls=3120 work_total_ms=63780.483 work_mean_ms=20.442 work_min_ms=7.895 work_max_ms=46.295
[HOOK_TAIL_SUMMARY] label=nccl:ring_zfp_online_coll:rate16 steps=390 tail_total_ms=59384.584 tail_mean_ms=152.268 tail_min_ms=145.503 tail_max_ms=190.283
[Epoch 3] Hook timing summary done

[Epoch 4] Training... (lr at epoch start=0.079389)
  Batch [50/390] Loss: 7.3968, Acc: 11.50%, lr: 0.077737
  Batch [100/390] Loss: 8.3111, Acc: 11.50%, lr: 0.076039
  Batch [150/390] Loss: 7.7821, Acc: 12.00%, lr: 0.074299
  Batch [200/390] Loss: 8.5424, Acc: 12.62%, lr: 0.072520
  Batch [250/390] Loss: 8.4369, Acc: 13.20%, lr: 0.070704
  Batch [300/390] Loss: 8.3609, Acc: 13.58%, lr: 0.068855
  Batch [350/390] Loss: 8.1727, Acc: 14.07%, lr: 0.066975
[Epoch 4] Train Loss: 8.0117, Acc: 13.91%  |  Val Loss: 27.3157, Acc: 9.83%  |  Time: 84.6s
[Epoch 4] t_iter median: 178.26 ms  (fwd 7.43 | bwd+comm 167.52 | opt 3.24 | data 0.11)  |  train-only epoch: 70.0s
[Epoch 4] Summarizing hook timing...

[HOOK_TIMING_SUMMARY] epoch=4
[HOOK_WORK_SUMMARY] label=nccl:hier_zfp_online_coll:rate16 calls=3120 work_total_ms=65118.956 work_mean_ms=20.871 work_min_ms=8.167 work_max_ms=36.605
[HOOK_TAIL_SUMMARY] label=nccl:ring_zfp_online_coll:rate16 steps=390 tail_total_ms=60790.505 tail_mean_ms=155.873 tail_min_ms=150.033 tail_max_ms=165.671
[Epoch 4] Hook timing summary done

[Epoch 5] Training... (lr at epoch start=0.065451)
  Batch [50/390] Loss: 8.1461, Acc: 13.50%, lr: 0.063524
  Batch [100/390] Loss: 7.5746, Acc: 16.25%, lr: 0.061574
  Batch [150/390] Loss: 6.9388, Acc: 15.83%, lr: 0.059606
  Batch [200/390] Loss: 6.4636, Acc: 16.50%, lr: 0.057623
  Batch [250/390] Loss: 6.3485, Acc: 16.20%, lr: 0.055627
  Batch [300/390] Loss: 6.1265, Acc: 16.08%, lr: 0.053622
  Batch [350/390] Loss: 5.8044, Acc: 16.79%, lr: 0.051611
[Epoch 5] Train Loss: 5.5680, Acc: 16.35%  |  Val Loss: 4.8336, Acc: 20.86%  |  Time: 83.3s
[Epoch 5] t_iter median: 174.45 ms  (fwd 7.49 | bwd+comm 163.58 | opt 3.30 | data 0.11)  |  train-only epoch: 68.3s
  -> Best model saved (20.86%)
[Epoch 5] Summarizing hook timing...

[HOOK_TIMING_SUMMARY] epoch=5
[HOOK_WORK_SUMMARY] label=nccl:hier_zfp_online_coll:rate16 calls=3120 work_total_ms=63340.161 work_mean_ms=20.301 work_min_ms=8.596 work_max_ms=38.632
[HOOK_TAIL_SUMMARY] label=nccl:ring_zfp_online_coll:rate16 steps=390 tail_total_ms=59183.531 tail_mean_ms=151.753 tail_min_ms=144.531 tail_max_ms=168.096
[Epoch 5] Hook timing summary done

[Epoch 6] Training... (lr at epoch start=0.050000)
  Batch [50/390] Loss: 4.0039, Acc: 20.50%, lr: 0.047987
  Batch [100/390] Loss: 3.8694, Acc: 19.25%, lr: 0.045977
  Batch [150/390] Loss: 3.5332, Acc: 19.50%, lr: 0.043973
  Batch [200/390] Loss: 3.5246, Acc: 19.25%, lr: 0.041979
  Batch [250/390] Loss: 3.4509, Acc: 19.20%, lr: 0.039999
  Batch [300/390] Loss: 3.3600, Acc: 19.58%, lr: 0.038034
  Batch [350/390] Loss: 3.2678, Acc: 20.14%, lr: 0.036089
[Epoch 6] Train Loss: 3.2129, Acc: 20.00%  |  Val Loss: 2.3231, Acc: 19.82%  |  Time: 83.7s
[Epoch 6] t_iter median: 174.65 ms  (fwd 7.93 | bwd+comm 163.17 | opt 3.46 | data 0.16)  |  train-only epoch: 68.6s
[Epoch 6] Summarizing hook timing...

[HOOK_TIMING_SUMMARY] epoch=6
[HOOK_WORK_SUMMARY] label=nccl:hier_zfp_online_coll:rate16 calls=3120 work_total_ms=63252.042 work_mean_ms=20.273 work_min_ms=8.087 work_max_ms=42.904
[HOOK_TAIL_SUMMARY] label=nccl:ring_zfp_online_coll:rate16 steps=390 tail_total_ms=58680.184 tail_mean_ms=150.462 tail_min_ms=146.658 tail_max_ms=184.444
[Epoch 6] Hook timing summary done

[Epoch 7] Training... (lr at epoch start=0.034549)
  Batch [50/390] Loss: 2.3473, Acc: 22.50%, lr: 0.032647
  Batch [100/390] Loss: 2.4289, Acc: 24.50%, lr: 0.030773
  Batch [150/390] Loss: 2.4487, Acc: 23.17%, lr: 0.028930
  Batch [200/390] Loss: 2.4133, Acc: 23.38%, lr: 0.027121
  Batch [250/390] Loss: 2.4056, Acc: 22.90%, lr: 0.025350
  Batch [300/390] Loss: 2.3654, Acc: 23.25%, lr: 0.023618
  Batch [350/390] Loss: 2.3272, Acc: 23.71%, lr: 0.021929
[Epoch 7] Train Loss: 2.3082, Acc: 23.65%  |  Val Loss: 2.0676, Acc: 23.10%  |  Time: 84.4s
[Epoch 7] t_iter median: 177.64 ms  (fwd 7.80 | bwd+comm 166.33 | opt 3.40 | data 0.15)  |  train-only epoch: 69.6s
  -> Best model saved (23.10%)
[Epoch 7] Summarizing hook timing...

[HOOK_TIMING_SUMMARY] epoch=7
[HOOK_WORK_SUMMARY] label=nccl:hier_zfp_online_coll:rate16 calls=3120 work_total_ms=64403.923 work_mean_ms=20.642 work_min_ms=8.318 work_max_ms=37.410
[HOOK_TAIL_SUMMARY] label=nccl:ring_zfp_online_coll:rate16 steps=390 tail_total_ms=59924.765 tail_mean_ms=153.653 tail_min_ms=149.408 tail_max_ms=175.988
[Epoch 7] Hook timing summary done

[Epoch 8] Training... (lr at epoch start=0.020611)
  Batch [50/390] Loss: 2.1400, Acc: 22.00%, lr: 0.019006
  Batch [100/390] Loss: 2.1119, Acc: 24.25%, lr: 0.017451
  Batch [150/390] Loss: 2.0754, Acc: 25.00%, lr: 0.015949
  Batch [200/390] Loss: 2.0888, Acc: 24.75%, lr: 0.014503
  Batch [250/390] Loss: 2.0838, Acc: 24.70%, lr: 0.013113
  Batch [300/390] Loss: 2.0676, Acc: 25.17%, lr: 0.011784
  Batch [350/390] Loss: 2.0701, Acc: 25.43%, lr: 0.010517
[Epoch 8] Train Loss: 2.0574, Acc: 26.28%  |  Val Loss: 2.0131, Acc: 27.41%  |  Time: 85.6s
[Epoch 8] t_iter median: 181.13 ms  (fwd 7.58 | bwd+comm 170.15 | opt 3.24 | data 0.13)  |  train-only epoch: 71.0s
  -> Best model saved (27.41%)
[Epoch 8] Summarizing hook timing...

[HOOK_TIMING_SUMMARY] epoch=8
[HOOK_WORK_SUMMARY] label=nccl:hier_zfp_online_coll:rate16 calls=3120 work_total_ms=66018.036 work_mean_ms=21.160 work_min_ms=8.432 work_max_ms=35.675
[HOOK_TAIL_SUMMARY] label=nccl:ring_zfp_online_coll:rate16 steps=390 tail_total_ms=62011.942 tail_mean_ms=159.005 tail_min_ms=152.532 tail_max_ms=166.587
[Epoch 8] Hook timing summary done

[Epoch 9] Training... (lr at epoch start=0.009549)
  Batch [50/390] Loss: 2.0180, Acc: 28.50%, lr: 0.008399
  Batch [100/390] Loss: 2.0520, Acc: 25.25%, lr: 0.007315
  Batch [150/390] Loss: 2.0511, Acc: 24.17%, lr: 0.006302
  Batch [200/390] Loss: 2.0506, Acc: 24.38%, lr: 0.005359
  Batch [250/390] Loss: 2.0326, Acc: 25.40%, lr: 0.004488
  Batch [300/390] Loss: 2.0339, Acc: 25.08%, lr: 0.003691
  Batch [350/390] Loss: 2.0309, Acc: 25.36%, lr: 0.002970
[Epoch 9] Train Loss: 2.0256, Acc: 25.83%  |  Val Loss: 1.9731, Acc: 27.69%  |  Time: 84.7s
[Epoch 9] t_iter median: 176.58 ms  (fwd 7.39 | bwd+comm 165.80 | opt 3.29 | data 0.06)  |  train-only epoch: 69.8s
  -> Best model saved (27.69%)
[Epoch 9] Summarizing hook timing...

[HOOK_TIMING_SUMMARY] epoch=9
[HOOK_WORK_SUMMARY] label=nccl:hier_zfp_online_coll:rate16 calls=3120 work_total_ms=64907.912 work_mean_ms=20.804 work_min_ms=9.415 work_max_ms=36.270
[HOOK_TAIL_SUMMARY] label=nccl:ring_zfp_online_coll:rate16 steps=390 tail_total_ms=60970.254 tail_mean_ms=156.334 tail_min_ms=150.607 tail_max_ms=191.830
[Epoch 9] Hook timing summary done

[Epoch 10] Training... (lr at epoch start=0.002447)
  Batch [50/390] Loss: 1.9977, Acc: 26.50%, lr: 0.001864
  Batch [100/390] Loss: 2.0275, Acc: 25.00%, lr: 0.001358
  Batch [150/390] Loss: 2.0132, Acc: 24.33%, lr: 0.000931
  Batch [200/390] Loss: 2.0024, Acc: 24.88%, lr: 0.000584
  Batch [250/390] Loss: 2.0146, Acc: 24.90%, lr: 0.000318
  Batch [300/390] Loss: 2.0081, Acc: 25.67%, lr: 0.000131
  Batch [350/390] Loss: 2.0048, Acc: 26.14%, lr: 0.000026
[Epoch 10] Train Loss: 2.0086, Acc: 25.71%  |  Val Loss: 1.9277, Acc: 28.01%  |  Time: 86.7s
[Epoch 10] t_iter median: 183.54 ms  (fwd 7.46 | bwd+comm 172.71 | opt 3.29 | data 0.07)  |  train-only epoch: 71.7s
  -> Best model saved (28.01%)
[Epoch 10] Summarizing hook timing...

[HOOK_TIMING_SUMMARY] epoch=10
[HOOK_WORK_SUMMARY] label=nccl:hier_zfp_online_coll:rate16 calls=3120 work_total_ms=66823.567 work_mean_ms=21.418 work_min_ms=9.016 work_max_ms=36.412
[HOOK_TAIL_SUMMARY] label=nccl:ring_zfp_online_coll:rate16 steps=390 tail_total_ms=62874.203 tail_mean_ms=161.216 tail_min_ms=151.767 tail_max_ms=169.864
[Epoch 10] Hook timing summary done

================================================================================
Done in 857.2s | Best val acc: 28.01%
Epoch times (train+val): mean=85.0s  min=83.1s  max=90.7s
Train-only epoch time (epochs 2..N): median=69.58s  min=68.27s  max=71.73s
  -> use this for STRONG scaling (fixed global batch)
  -> use t_iter_median_ms from the CSV for WEAK scaling (fixed local batch)
================================================================================
=== Finished training: model=wide_resnet50_2, dataset=cifar10, batch=4, lr=0.1, scheduler=cosine, backend=nccl, hook=ring_zfp_online_coll, zfp_rate=16, status=0 at Wed Jul 29 05:34:44 PM UTC 2026 ===
=== Starting: model=wide_resnet50_2, ws=32, bs=4, gb=128, lr=0.1, sched=cosine, warmup=0, mom=0.9, wd=5e-4, nesterov=true, wd_bn_bias=false, backend=nccl, hook=ring_zfp_online_coll, zfp=8 at Wed Jul 29 05:34:44 PM UTC 2026 ===

================================================================================
DISTRIBUTED TRAINING LAUNCHER
================================================================================
  Model:      wide_resnet50_2 (CIFAR stem) (from scratch)
  Dataset:    cifar10 (10 classes)
  Image size: 32
  LR:         0.1
  Momentum:   0.9 (nesterov=True)
  Optimizer:  sgd
  Weight dec: 0.0005 (on BN/bias=False)
  Backend:    nccl
  Algorithm:  ring_zfp_online_coll
  ZFP rate:   8
  Epochs:     10
  Batch/rank: 4
  LR:         0.1
  Scheduler:  cosine
  Warmup:     0
  Grad clip:  None
  Drop last:  True
  Data dir:   ./data
================================================================================


================================================================================
Distributed Training: WIDE_RESNET50_2 on CIFAR10
Backend: NCCL, Algorithm: ring_zfp_online_coll
================================================================================
Ranks: 32, Epochs: 10, Batch/rank: 4, Effective batch: 128
LR: 0.1, Device: cuda:0

[Cache] Pretrained weights cache (TORCH_HOME) = ./data/pretrained_weights_cache
[Setup] Model on cuda:0, wrapped in DDP (static_graph=True)
[Setup] Hook registered: nccl/ring_zfp_online_coll
[Optim] SGD: lr=0.1 momentum=0.9 nesterov=True wd=0.0005 wd_on_bn_bias=False
[Optim]   group 0: 66,778,816 params, wd=0.0005
[Optim]   group 1: 68,234 params, wd=0.0

================================================================================
DISTRIBUTED TRAINING LAUNCHER
================================================================================
  Model:      wide_resnet50_2 (CIFAR stem) (from scratch)
  Dataset:    cifar10 (10 classes)
  Image size: 32
  LR:         0.1
  Momentum:   0.9 (nesterov=True)
  Optimizer:  sgd
  Weight dec: 0.0005 (on BN/bias=False)
  Backend:    nccl
  Algorithm:  ring_zfp_online_coll
  ZFP rate:   8
  Epochs:     10
  Batch/rank: 4
  LR:         0.1
  Scheduler:  cosine
  Warmup:     0
  Grad clip:  None
  Drop last:  True
  Data dir:   ./data
================================================================================


================================================================================
DISTRIBUTED TRAINING LAUNCHER
================================================================================
  Model:      wide_resnet50_2 (CIFAR stem) (from scratch)
  Dataset:    cifar10 (10 classes)
  Image size: 32
  LR:         0.1
  Momentum:   0.9 (nesterov=True)
  Optimizer:  sgd
  Weight dec: 0.0005 (on BN/bias=False)
  Backend:    nccl
  Algorithm:  ring_zfp_online_coll
  ZFP rate:   8
  Epochs:     10
  Batch/rank: 4
  LR:         0.1
  Scheduler:  cosine
  Warmup:     0
  Grad clip:  None
  Drop last:  True
  Data dir:   ./data
================================================================================


================================================================================
DISTRIBUTED TRAINING LAUNCHER
================================================================================
  Model:      wide_resnet50_2 (CIFAR stem) (from scratch)
  Dataset:    cifar10 (10 classes)
  Image size: 32
  LR:         0.1
  Momentum:   0.9 (nesterov=True)
  Optimizer:  sgd
  Weight dec: 0.0005 (on BN/bias=False)
  Backend:    nccl
  Algorithm:  ring_zfp_online_coll
  ZFP rate:   8
  Epochs:     10
  Batch/rank: 4
  LR:         0.1
  Scheduler:  cosine
  Warmup:     0
  Grad clip:  None
  Drop last:  True
  Data dir:   ./data
================================================================================


================================================================================
DISTRIBUTED TRAINING LAUNCHER
================================================================================
  Model:      wide_resnet50_2 (CIFAR stem) (from scratch)
  Dataset:    cifar10 (10 classes)
  Image size: 32
  LR:         0.1
  Momentum:   0.9 (nesterov=True)
  Optimizer:  sgd
  Weight dec: 0.0005 (on BN/bias=False)
  Backend:    nccl
  Algorithm:  ring_zfp_online_coll
  ZFP rate:   8
  Epochs:     10
  Batch/rank: 4
  LR:         0.1
  Scheduler:  cosine
  Warmup:     0
  Grad clip:  None
  Drop last:  True
  Data dir:   ./data
================================================================================


================================================================================
DISTRIBUTED TRAINING LAUNCHER
================================================================================
  Model:      wide_resnet50_2 (CIFAR stem) (from scratch)
  Dataset:    cifar10 (10 classes)
  Image size: 32
  LR:         0.1
  Momentum:   0.9 (nesterov=True)
  Optimizer:  sgd
  Weight dec: 0.0005 (on BN/bias=False)
  Backend:    nccl
  Algorithm:  ring_zfp_online_coll
  ZFP rate:   8
  Epochs:     10
  Batch/rank: 4
  LR:         0.1
  Scheduler:  cosine
  Warmup:     0
  Grad clip:  None
  Drop last:  True
  Data dir:   ./data
================================================================================


================================================================================
DISTRIBUTED TRAINING LAUNCHER
================================================================================
  Model:      wide_resnet50_2 (CIFAR stem) (from scratch)
  Dataset:    cifar10 (10 classes)
  Image size: 32
  LR:         0.1
  Momentum:   0.9 (nesterov=True)
  Optimizer:  sgd
  Weight dec: 0.0005 (on BN/bias=False)
  Backend:    nccl
  Algorithm:  ring_zfp_online_coll
  ZFP rate:   8
  Epochs:     10
  Batch/rank: 4
  LR:         0.1
  Scheduler:  cosine
  Warmup:     0
  Grad clip:  None
  Drop last:  True
  Data dir:   ./data
================================================================================


================================================================================
DISTRIBUTED TRAINING LAUNCHER
================================================================================
  Model:      wide_resnet50_2 (CIFAR stem) (from scratch)
  Dataset:    cifar10 (10 classes)
  Image size: 32
  LR:         0.1
  Momentum:   0.9 (nesterov=True)
  Optimizer:  sgd
  Weight dec: 0.0005 (on BN/bias=False)
  Backend:    nccl
  Algorithm:  ring_zfp_online_coll
  ZFP rate:   8
  Epochs:     10
  Batch/rank: 4
  LR:         0.1
  Scheduler:  cosine
  Warmup:     0
  Grad clip:  None
  Drop last:  True
  Data dir:   ./data
================================================================================


================================================================================
DISTRIBUTED TRAINING LAUNCHER
================================================================================
  Model:      wide_resnet50_2 (CIFAR stem) (from scratch)
  Dataset:    cifar10 (10 classes)
  Image size: 32
  LR:         0.1
  Momentum:   0.9 (nesterov=True)
  Optimizer:  sgd
  Weight dec: 0.0005 (on BN/bias=False)
  Backend:    nccl
  Algorithm:  ring_zfp_online_coll
  ZFP rate:   8
  Epochs:     10
  Batch/rank: 4
  LR:         0.1
  Scheduler:  cosine
  Warmup:     0
  Grad clip:  None
  Drop last:  True
  Data dir:   ./data
================================================================================


================================================================================
DISTRIBUTED TRAINING LAUNCHER
================================================================================
  Model:      wide_resnet50_2 (CIFAR stem) (from scratch)
  Dataset:    cifar10 (10 classes)
  Image size: 32
  LR:         0.1
  Momentum:   0.9 (nesterov=True)
  Optimizer:  sgd
  Weight dec: 0.0005 (on BN/bias=False)
  Backend:    nccl
  Algorithm:  ring_zfp_online_coll
  ZFP rate:   8
  Epochs:     10
  Batch/rank: 4
  LR:         0.1
  Scheduler:  cosine
  Warmup:     0
  Grad clip:  None
  Drop last:  True
  Data dir:   ./data
================================================================================


================================================================================
DISTRIBUTED TRAINING LAUNCHER
================================================================================
  Model:      wide_resnet50_2 (CIFAR stem) (from scratch)
  Dataset:    cifar10 (10 classes)
  Image size: 32
  LR:         0.1
  Momentum:   0.9 (nesterov=True)
  Optimizer:  sgd
  Weight dec: 0.0005 (on BN/bias=False)
  Backend:    nccl
  Algorithm:  ring_zfp_online_coll
  ZFP rate:   8
  Epochs:     10
  Batch/rank: 4
  LR:         0.1
  Scheduler:  cosine
  Warmup:     0
  Grad clip:  None
  Drop last:  True
  Data dir:   ./data
================================================================================


================================================================================
DISTRIBUTED TRAINING LAUNCHER
================================================================================
  Model:      wide_resnet50_2 (CIFAR stem) (from scratch)
  Dataset:    cifar10 (10 classes)
  Image size: 32
  LR:         0.1
  Momentum:   0.9 (nesterov=True)
  Optimizer:  sgd
  Weight dec: 0.0005 (on BN/bias=False)
  Backend:    nccl
  Algorithm:  ring_zfp_online_coll
  ZFP rate:   8
  Epochs:     10
  Batch/rank: 4
  LR:         0.1
  Scheduler:  cosine
  Warmup:     0
  Grad clip:  None
  Drop last:  True
  Data dir:   ./data
================================================================================


================================================================================
DISTRIBUTED TRAINING LAUNCHER
================================================================================
  Model:      wide_resnet50_2 (CIFAR stem) (from scratch)
  Dataset:    cifar10 (10 classes)
  Image size: 32
  LR:         0.1
  Momentum:   0.9 (nesterov=True)
  Optimizer:  sgd
  Weight dec: 0.0005 (on BN/bias=False)
  Backend:    nccl
  Algorithm:  ring_zfp_online_coll
  ZFP rate:   8
  Epochs:     10
  Batch/rank: 4
  LR:         0.1
  Scheduler:  cosine
  Warmup:     0
  Grad clip:  None
  Drop last:  True
  Data dir:   ./data
================================================================================


================================================================================
DISTRIBUTED TRAINING LAUNCHER
================================================================================
  Model:      wide_resnet50_2 (CIFAR stem) (from scratch)
  Dataset:    cifar10 (10 classes)
  Image size: 32
  LR:         0.1
  Momentum:   0.9 (nesterov=True)
  Optimizer:  sgd
  Weight dec: 0.0005 (on BN/bias=False)
  Backend:    nccl
  Algorithm:  ring_zfp_online_coll
  ZFP rate:   8
  Epochs:     10
  Batch/rank: 4
  LR:         0.1
  Scheduler:  cosine
  Warmup:     0
  Grad clip:  None
  Drop last:  True
  Data dir:   ./data
================================================================================


================================================================================
DISTRIBUTED TRAINING LAUNCHER
================================================================================
  Model:      wide_resnet50_2 (CIFAR stem) (from scratch)
  Dataset:    cifar10 (10 classes)
  Image size: 32
  LR:         0.1
  Momentum:   0.9 (nesterov=True)
  Optimizer:  sgd
  Weight dec: 0.0005 (on BN/bias=False)
  Backend:    nccl
  Algorithm:  ring_zfp_online_coll
  ZFP rate:   8
  Epochs:     10
  Batch/rank: 4
  LR:         0.1
  Scheduler:  cosine
  Warmup:     0
  Grad clip:  None
  Drop last:  True
  Data dir:   ./data
================================================================================


================================================================================
DISTRIBUTED TRAINING LAUNCHER
================================================================================
  Model:      wide_resnet50_2 (CIFAR stem) (from scratch)
  Dataset:    cifar10 (10 classes)
  Image size: 32
  LR:         0.1
  Momentum:   0.9 (nesterov=True)
  Optimizer:  sgd
  Weight dec: 0.0005 (on BN/bias=False)
  Backend:    nccl
  Algorithm:  ring_zfp_online_coll
  ZFP rate:   8
  Epochs:     10
  Batch/rank: 4
  LR:         0.1
  Scheduler:  cosine
  Warmup:     0
  Grad clip:  None
  Drop last:  True
  Data dir:   ./data
================================================================================

[Data] Train batches: 390, Val batches: 2500

[Sched] cosine: steps/epoch=390, total_steps=3900, warmup_steps=0 (0 epochs)


[Epoch 1] Training... (lr at epoch start=0.100000)

================================================================================
DISTRIBUTED TRAINING LAUNCHER
================================================================================
  Model:      wide_resnet50_2 (CIFAR stem) (from scratch)
  Dataset:    cifar10 (10 classes)
  Image size: 32
  LR:         0.1
  Momentum:   0.9 (nesterov=True)
  Optimizer:  sgd
  Weight dec: 0.0005 (on BN/bias=False)
  Backend:    nccl
  Algorithm:  ring_zfp_online_coll
  ZFP rate:   8
  Epochs:     10
  Batch/rank: 4
  LR:         0.1
  Scheduler:  cosine
  Warmup:     0
  Grad clip:  None
  Drop last:  True
  Data dir:   ./data
================================================================================


================================================================================
DISTRIBUTED TRAINING LAUNCHER
================================================================================
  Model:      wide_resnet50_2 (CIFAR stem) (from scratch)
  Dataset:    cifar10 (10 classes)
  Image size: 32
  LR:         0.1
  Momentum:   0.9 (nesterov=True)
  Optimizer:  sgd
  Weight dec: 0.0005 (on BN/bias=False)
  Backend:    nccl
  Algorithm:  ring_zfp_online_coll
  ZFP rate:   8
  Epochs:     10
  Batch/rank: 4
  LR:         0.1
  Scheduler:  cosine
  Warmup:     0
  Grad clip:  None
  Drop last:  True
  Data dir:   ./data
================================================================================


================================================================================
DISTRIBUTED TRAINING LAUNCHER
================================================================================
  Model:      wide_resnet50_2 (CIFAR stem) (from scratch)
  Dataset:    cifar10 (10 classes)
  Image size: 32
  LR:         0.1
  Momentum:   0.9 (nesterov=True)
  Optimizer:  sgd
  Weight dec: 0.0005 (on BN/bias=False)
  Backend:    nccl
  Algorithm:  ring_zfp_online_coll
  ZFP rate:   8
  Epochs:     10
  Batch/rank: 4
  LR:         0.1
  Scheduler:  cosine
  Warmup:     0
  Grad clip:  None
  Drop last:  True
  Data dir:   ./data
================================================================================


================================================================================
DISTRIBUTED TRAINING LAUNCHER
================================================================================
  Model:      wide_resnet50_2 (CIFAR stem) (from scratch)
  Dataset:    cifar10 (10 classes)
  Image size: 32
  LR:         0.1
  Momentum:   0.9 (nesterov=True)
  Optimizer:  sgd
  Weight dec: 0.0005 (on BN/bias=False)
  Backend:    nccl
  Algorithm:  ring_zfp_online_coll
  ZFP rate:   8
  Epochs:     10
  Batch/rank: 4
  LR:         0.1
  Scheduler:  cosine
  Warmup:     0
  Grad clip:  None
  Drop last:  True
  Data dir:   ./data
================================================================================


================================================================================
DISTRIBUTED TRAINING LAUNCHER
================================================================================
  Model:      wide_resnet50_2 (CIFAR stem) (from scratch)
  Dataset:    cifar10 (10 classes)
  Image size: 32
  LR:         0.1
  Momentum:   0.9 (nesterov=True)
  Optimizer:  sgd
  Weight dec: 0.0005 (on BN/bias=False)
  Backend:    nccl
  Algorithm:  ring_zfp_online_coll
  ZFP rate:   8
  Epochs:     10
  Batch/rank: 4
  LR:         0.1
  Scheduler:  cosine
  Warmup:     0
  Grad clip:  None
  Drop last:  True
  Data dir:   ./data
================================================================================


================================================================================
DISTRIBUTED TRAINING LAUNCHER
================================================================================
  Model:      wide_resnet50_2 (CIFAR stem) (from scratch)
  Dataset:    cifar10 (10 classes)
  Image size: 32
  LR:         0.1
  Momentum:   0.9 (nesterov=True)
  Optimizer:  sgd
  Weight dec: 0.0005 (on BN/bias=False)
  Backend:    nccl
  Algorithm:  ring_zfp_online_coll
  ZFP rate:   8
  Epochs:     10
  Batch/rank: 4
  LR:         0.1
  Scheduler:  cosine
  Warmup:     0
  Grad clip:  None
  Drop last:  True
  Data dir:   ./data
================================================================================


================================================================================
DISTRIBUTED TRAINING LAUNCHER
================================================================================
  Model:      wide_resnet50_2 (CIFAR stem) (from scratch)
  Dataset:    cifar10 (10 classes)
  Image size: 32
  LR:         0.1
  Momentum:   0.9 (nesterov=True)
  Optimizer:  sgd
  Weight dec: 0.0005 (on BN/bias=False)
  Backend:    nccl
  Algorithm:  ring_zfp_online_coll
  ZFP rate:   8
  Epochs:     10
  Batch/rank: 4
  LR:         0.1
  Scheduler:  cosine
  Warmup:     0
  Grad clip:  None
  Drop last:  True
  Data dir:   ./data
================================================================================


================================================================================
DISTRIBUTED TRAINING LAUNCHER
================================================================================
  Model:      wide_resnet50_2 (CIFAR stem) (from scratch)
  Dataset:    cifar10 (10 classes)
  Image size: 32
  LR:         0.1
  Momentum:   0.9 (nesterov=True)
  Optimizer:  sgd
  Weight dec: 0.0005 (on BN/bias=False)
  Backend:    nccl
  Algorithm:  ring_zfp_online_coll
  ZFP rate:   8
  Epochs:     10
  Batch/rank: 4
  LR:         0.1
  Scheduler:  cosine
  Warmup:     0
  Grad clip:  None
  Drop last:  True
  Data dir:   ./data
================================================================================


================================================================================
DISTRIBUTED TRAINING LAUNCHER
================================================================================
  Model:      wide_resnet50_2 (CIFAR stem) (from scratch)
  Dataset:    cifar10 (10 classes)
  Image size: 32
  LR:         0.1
  Momentum:   0.9 (nesterov=True)
  Optimizer:  sgd
  Weight dec: 0.0005 (on BN/bias=False)
  Backend:    nccl
  Algorithm:  ring_zfp_online_coll
  ZFP rate:   8
  Epochs:     10
  Batch/rank: 4
  LR:         0.1
  Scheduler:  cosine
  Warmup:     0
  Grad clip:  None
  Drop last:  True
  Data dir:   ./data
================================================================================


================================================================================
DISTRIBUTED TRAINING LAUNCHER
================================================================================
  Model:      wide_resnet50_2 (CIFAR stem) (from scratch)
  Dataset:    cifar10 (10 classes)
  Image size: 32
  LR:         0.1
  Momentum:   0.9 (nesterov=True)
  Optimizer:  sgd
  Weight dec: 0.0005 (on BN/bias=False)
  Backend:    nccl
  Algorithm:  ring_zfp_online_coll
  ZFP rate:   8
  Epochs:     10
  Batch/rank: 4
  LR:         0.1
  Scheduler:  cosine
  Warmup:     0
  Grad clip:  None
  Drop last:  True
  Data dir:   ./data
================================================================================


================================================================================
DISTRIBUTED TRAINING LAUNCHER
================================================================================
  Model:      wide_resnet50_2 (CIFAR stem) (from scratch)
  Dataset:    cifar10 (10 classes)
  Image size: 32
  LR:         0.1
  Momentum:   0.9 (nesterov=True)
  Optimizer:  sgd
  Weight dec: 0.0005 (on BN/bias=False)
  Backend:    nccl
  Algorithm:  ring_zfp_online_coll
  ZFP rate:   8
  Epochs:     10
  Batch/rank: 4
  LR:         0.1
  Scheduler:  cosine
  Warmup:     0
  Grad clip:  None
  Drop last:  True
  Data dir:   ./data
================================================================================


================================================================================
DISTRIBUTED TRAINING LAUNCHER
================================================================================
  Model:      wide_resnet50_2 (CIFAR stem) (from scratch)
  Dataset:    cifar10 (10 classes)
  Image size: 32
  LR:         0.1
  Momentum:   0.9 (nesterov=True)
  Optimizer:  sgd
  Weight dec: 0.0005 (on BN/bias=False)
  Backend:    nccl
  Algorithm:  ring_zfp_online_coll
  ZFP rate:   8
  Epochs:     10
  Batch/rank: 4
  LR:         0.1
  Scheduler:  cosine
  Warmup:     0
  Grad clip:  None
  Drop last:  True
  Data dir:   ./data
================================================================================


================================================================================
DISTRIBUTED TRAINING LAUNCHER
================================================================================
  Model:      wide_resnet50_2 (CIFAR stem) (from scratch)
  Dataset:    cifar10 (10 classes)
  Image size: 32
  LR:         0.1
  Momentum:   0.9 (nesterov=True)
  Optimizer:  sgd
  Weight dec: 0.0005 (on BN/bias=False)
  Backend:    nccl
  Algorithm:  ring_zfp_online_coll
  ZFP rate:   8
  Epochs:     10
  Batch/rank: 4
  LR:         0.1
  Scheduler:  cosine
  Warmup:     0
  Grad clip:  None
  Drop last:  True
  Data dir:   ./data
================================================================================


================================================================================
DISTRIBUTED TRAINING LAUNCHER
================================================================================
  Model:      wide_resnet50_2 (CIFAR stem) (from scratch)
  Dataset:    cifar10 (10 classes)
  Image size: 32
  LR:         0.1
  Momentum:   0.9 (nesterov=True)
  Optimizer:  sgd
  Weight dec: 0.0005 (on BN/bias=False)
  Backend:    nccl
  Algorithm:  ring_zfp_online_coll
  ZFP rate:   8
  Epochs:     10
  Batch/rank: 4
  LR:         0.1
  Scheduler:  cosine
  Warmup:     0
  Grad clip:  None
  Drop last:  True
  Data dir:   ./data
================================================================================


================================================================================
DISTRIBUTED TRAINING LAUNCHER
================================================================================
  Model:      wide_resnet50_2 (CIFAR stem) (from scratch)
  Dataset:    cifar10 (10 classes)
  Image size: 32
  LR:         0.1
  Momentum:   0.9 (nesterov=True)
  Optimizer:  sgd
  Weight dec: 0.0005 (on BN/bias=False)
  Backend:    nccl
  Algorithm:  ring_zfp_online_coll
  ZFP rate:   8
  Epochs:     10
  Batch/rank: 4
  LR:         0.1
  Scheduler:  cosine
  Warmup:     0
  Grad clip:  None
  Drop last:  True
  Data dir:   ./data
================================================================================


================================================================================
DISTRIBUTED TRAINING LAUNCHER
================================================================================
  Model:      wide_resnet50_2 (CIFAR stem) (from scratch)
  Dataset:    cifar10 (10 classes)
  Image size: 32
  LR:         0.1
  Momentum:   0.9 (nesterov=True)
  Optimizer:  sgd
  Weight dec: 0.0005 (on BN/bias=False)
  Backend:    nccl
  Algorithm:  ring_zfp_online_coll
  ZFP rate:   8
  Epochs:     10
  Batch/rank: 4
  LR:         0.1
  Scheduler:  cosine
  Warmup:     0
  Grad clip:  None
  Drop last:  True
  Data dir:   ./data
================================================================================

  Batch [50/390] Loss: 49.0899, Acc: 15.50%, lr: 0.099959
  Batch [100/390] Loss: 33.5373, Acc: 12.50%, lr: 0.099838
  Batch [150/390] Loss: 28.1007, Acc: 11.33%, lr: 0.099635
  Batch [200/390] Loss: 25.5575, Acc: 11.12%, lr: 0.099353
  Batch [250/390] Loss: 24.1855, Acc: 11.70%, lr: 0.098990
  Batch [300/390] Loss: 22.0908, Acc: 11.33%, lr: 0.098547
  Batch [350/390] Loss: 21.1032, Acc: 11.21%, lr: 0.098026
[Epoch 1] Train Loss: 20.3178, Acc: 11.54%  |  Val Loss: 6.7752, Acc: 10.99%  |  Time: 65.3s
[Epoch 1] t_iter median: 121.49 ms  (fwd 7.40 | bwd+comm 110.64 | opt 3.32 | data 0.11)  |  train-only epoch: 50.7s
  -> Best model saved (10.99%)
[Epoch 1] Summarizing hook timing...

[HOOK_TIMING_SUMMARY] epoch=1
[HOOK_WORK_SUMMARY] label=nccl:hier_zfp_online_coll:rate8 calls=3106 work_total_ms=42865.841 work_mean_ms=13.801 work_min_ms=6.721 work_max_ms=411.690
[HOOK_TAIL_SUMMARY] label=nccl:ring_zfp_online_coll:rate8 steps=391 tail_total_ms=38717.748 tail_mean_ms=99.022 tail_min_ms=78.106 tail_max_ms=964.207
[Epoch 1] Hook timing summary done

[Epoch 2] Training... (lr at epoch start=0.097553)
  Batch [50/390] Loss: 14.0360, Acc: 14.00%, lr: 0.096892
  Batch [100/390] Loss: 13.3137, Acc: 15.25%, lr: 0.096155
  Batch [150/390] Loss: 12.8910, Acc: 15.00%, lr: 0.095344
  Batch [200/390] Loss: 12.7747, Acc: 15.25%, lr: 0.094459
  Batch [250/390] Loss: 12.0400, Acc: 14.10%, lr: 0.093501
  Batch [300/390] Loss: 12.0292, Acc: 14.25%, lr: 0.092473
  Batch [350/390] Loss: 12.3558, Acc: 14.14%, lr: 0.091377
[Epoch 2] Train Loss: 12.0344, Acc: 13.91%  |  Val Loss: 39.1392, Acc: 19.62%  |  Time: 62.1s
[Epoch 2] t_iter median: 121.01 ms  (fwd 7.63 | bwd+comm 109.83 | opt 3.39 | data 0.14)  |  train-only epoch: 47.4s
  -> Best model saved (19.62%)
[Epoch 2] Summarizing hook timing...

[HOOK_TIMING_SUMMARY] epoch=2
[HOOK_WORK_SUMMARY] label=nccl:hier_zfp_online_coll:rate8 calls=3120 work_total_ms=42235.212 work_mean_ms=13.537 work_min_ms=6.838 work_max_ms=25.255
[HOOK_TAIL_SUMMARY] label=nccl:ring_zfp_online_coll:rate8 steps=390 tail_total_ms=37462.728 tail_mean_ms=96.058 tail_min_ms=93.543 tail_max_ms=105.749
[Epoch 2] Hook timing summary done

[Epoch 3] Training... (lr at epoch start=0.090451)
  Batch [50/390] Loss: 9.9346, Acc: 15.00%, lr: 0.089235
  Batch [100/390] Loss: 10.0305, Acc: 13.50%, lr: 0.087955
  Batch [150/390] Loss: 10.7038, Acc: 12.50%, lr: 0.086613
  Batch [200/390] Loss: 9.8106, Acc: 13.88%, lr: 0.085213
  Batch [250/390] Loss: 9.6317, Acc: 13.90%, lr: 0.083755
  Batch [300/390] Loss: 9.5017, Acc: 14.42%, lr: 0.082242
  Batch [350/390] Loss: 9.5357, Acc: 14.43%, lr: 0.080677
[Epoch 3] Train Loss: 9.4080, Acc: 14.49%  |  Val Loss: 11.2262, Acc: 11.31%  |  Time: 61.1s
[Epoch 3] t_iter median: 117.93 ms  (fwd 7.45 | bwd+comm 107.03 | opt 3.31 | data 0.11)  |  train-only epoch: 46.5s
[Epoch 3] Summarizing hook timing...

[HOOK_TIMING_SUMMARY] epoch=3
[HOOK_WORK_SUMMARY] label=nccl:hier_zfp_online_coll:rate8 calls=3120 work_total_ms=41375.394 work_mean_ms=13.261 work_min_ms=7.124 work_max_ms=22.793
[HOOK_TAIL_SUMMARY] label=nccl:ring_zfp_online_coll:rate8 steps=390 tail_total_ms=36496.180 tail_mean_ms=93.580 tail_min_ms=91.405 tail_max_ms=100.338
[Epoch 3] Hook timing summary done

[Epoch 4] Training... (lr at epoch start=0.079389)
  Batch [50/390] Loss: 7.8794, Acc: 14.00%, lr: 0.077737
  Batch [100/390] Loss: 7.3645, Acc: 14.50%, lr: 0.076039
  Batch [150/390] Loss: 7.3105, Acc: 14.83%, lr: 0.074299
  Batch [200/390] Loss: 7.5373, Acc: 15.25%, lr: 0.072520
  Batch [250/390] Loss: 7.5147, Acc: 15.40%, lr: 0.070704
  Batch [300/390] Loss: 7.2999, Acc: 16.25%, lr: 0.068855
  Batch [350/390] Loss: 7.1252, Acc: 16.07%, lr: 0.066975
[Epoch 4] Train Loss: 7.0202, Acc: 16.35%  |  Val Loss: 3.3365, Acc: 13.62%  |  Time: 61.5s
[Epoch 4] t_iter median: 119.79 ms  (fwd 7.51 | bwd+comm 108.84 | opt 3.30 | data 0.11)  |  train-only epoch: 46.9s
[Epoch 4] Summarizing hook timing...

[HOOK_TIMING_SUMMARY] epoch=4
[HOOK_WORK_SUMMARY] label=nccl:hier_zfp_online_coll:rate8 calls=3120 work_total_ms=41731.927 work_mean_ms=13.376 work_min_ms=6.561 work_max_ms=24.395
[HOOK_TAIL_SUMMARY] label=nccl:ring_zfp_online_coll:rate8 steps=390 tail_total_ms=36896.513 tail_mean_ms=94.606 tail_min_ms=91.301 tail_max_ms=109.061
[Epoch 4] Hook timing summary done

[Epoch 5] Training... (lr at epoch start=0.065451)
  Batch [50/390] Loss: 7.2055, Acc: 13.50%, lr: 0.063524
  Batch [100/390] Loss: 7.2228, Acc: 13.00%, lr: 0.061574
  Batch [150/390] Loss: 6.2326, Acc: 14.83%, lr: 0.059606
  Batch [200/390] Loss: 5.8877, Acc: 14.50%, lr: 0.057623
  Batch [250/390] Loss: 5.8361, Acc: 14.60%, lr: 0.055627
  Batch [300/390] Loss: 5.4978, Acc: 14.08%, lr: 0.053622
  Batch [350/390] Loss: 5.3154, Acc: 14.93%, lr: 0.051611
[Epoch 5] Train Loss: 5.2434, Acc: 15.06%  |  Val Loss: 6.2444, Acc: 21.40%  |  Time: 61.3s
[Epoch 5] t_iter median: 119.56 ms  (fwd 7.40 | bwd+comm 108.75 | opt 3.32 | data 0.12)  |  train-only epoch: 46.7s
  -> Best model saved (21.40%)
[Epoch 5] Summarizing hook timing...

[HOOK_TIMING_SUMMARY] epoch=5
[HOOK_WORK_SUMMARY] label=nccl:hier_zfp_online_coll:rate8 calls=3120 work_total_ms=41604.313 work_mean_ms=13.335 work_min_ms=6.790 work_max_ms=23.538
[HOOK_TAIL_SUMMARY] label=nccl:ring_zfp_online_coll:rate8 steps=390 tail_total_ms=36725.271 tail_mean_ms=94.167 tail_min_ms=89.461 tail_max_ms=111.495
[Epoch 5] Hook timing summary done

[Epoch 6] Training... (lr at epoch start=0.050000)
  Batch [50/390] Loss: 3.5251, Acc: 16.50%, lr: 0.047987
  Batch [100/390] Loss: 3.9347, Acc: 15.50%, lr: 0.045977
  Batch [150/390] Loss: 3.8469, Acc: 16.67%, lr: 0.043973
  Batch [200/390] Loss: 3.7444, Acc: 16.38%, lr: 0.041979
  Batch [250/390] Loss: 3.6300, Acc: 17.50%, lr: 0.039999
  Batch [300/390] Loss: 3.6286, Acc: 17.83%, lr: 0.038034
  Batch [350/390] Loss: 3.5479, Acc: 17.71%, lr: 0.036089
[Epoch 6] Train Loss: 3.5087, Acc: 18.27%  |  Val Loss: 6.6368, Acc: 20.12%  |  Time: 60.5s
[Epoch 6] t_iter median: 117.22 ms  (fwd 7.70 | bwd+comm 106.02 | opt 3.40 | data 0.13)  |  train-only epoch: 45.8s
[Epoch 6] Summarizing hook timing...

[HOOK_TIMING_SUMMARY] epoch=6
[HOOK_WORK_SUMMARY] label=nccl:hier_zfp_online_coll:rate8 calls=3120 work_total_ms=40627.262 work_mean_ms=13.022 work_min_ms=6.718 work_max_ms=23.309
[HOOK_TAIL_SUMMARY] label=nccl:ring_zfp_online_coll:rate8 steps=390 tail_total_ms=35818.677 tail_mean_ms=91.843 tail_min_ms=89.766 tail_max_ms=101.006
[Epoch 6] Hook timing summary done

[Epoch 7] Training... (lr at epoch start=0.034549)
  Batch [50/390] Loss: 2.5331, Acc: 25.00%, lr: 0.032647
  Batch [100/390] Loss: 2.7110, Acc: 22.00%, lr: 0.030773
  Batch [150/390] Loss: 2.6318, Acc: 21.50%, lr: 0.028930
  Batch [200/390] Loss: 2.6877, Acc: 21.50%, lr: 0.027121
  Batch [250/390] Loss: 2.6610, Acc: 21.10%, lr: 0.025350
  Batch [300/390] Loss: 2.6188, Acc: 21.92%, lr: 0.023618
  Batch [350/390] Loss: 2.5932, Acc: 21.79%, lr: 0.021929
[Epoch 7] Train Loss: 2.5726, Acc: 21.47%  |  Val Loss: 7.8447, Acc: 21.54%  |  Time: 60.1s
[Epoch 7] t_iter median: 116.30 ms  (fwd 7.41 | bwd+comm 105.44 | opt 3.31 | data 0.11)  |  train-only epoch: 45.7s
  -> Best model saved (21.54%)
[Epoch 7] Summarizing hook timing...

[HOOK_TIMING_SUMMARY] epoch=7
[HOOK_WORK_SUMMARY] label=nccl:hier_zfp_online_coll:rate8 calls=3120 work_total_ms=40561.337 work_mean_ms=13.000 work_min_ms=7.021 work_max_ms=21.179
[HOOK_TAIL_SUMMARY] label=nccl:ring_zfp_online_coll:rate8 steps=390 tail_total_ms=35662.000 tail_mean_ms=91.441 tail_min_ms=89.678 tail_max_ms=101.488
[Epoch 7] Hook timing summary done

[Epoch 8] Training... (lr at epoch start=0.020611)
  Batch [50/390] Loss: 2.2384, Acc: 23.50%, lr: 0.019006
  Batch [100/390] Loss: 2.2360, Acc: 23.75%, lr: 0.017451
  Batch [150/390] Loss: 2.1975, Acc: 24.00%, lr: 0.015949
  Batch [200/390] Loss: 2.2072, Acc: 22.50%, lr: 0.014503
  Batch [250/390] Loss: 2.1881, Acc: 23.10%, lr: 0.013113
  Batch [300/390] Loss: 2.1548, Acc: 24.42%, lr: 0.011784
  Batch [350/390] Loss: 2.1616, Acc: 23.79%, lr: 0.010517
[Epoch 8] Train Loss: 2.1457, Acc: 24.62%  |  Val Loss: 4.1085, Acc: 23.84%  |  Time: 60.8s
[Epoch 8] t_iter median: 117.38 ms  (fwd 7.76 | bwd+comm 106.05 | opt 3.40 | data 0.14)  |  train-only epoch: 46.1s
  -> Best model saved (23.84%)
[Epoch 8] Summarizing hook timing...

[HOOK_TIMING_SUMMARY] epoch=8
[HOOK_WORK_SUMMARY] label=nccl:hier_zfp_online_coll:rate8 calls=3120 work_total_ms=40861.293 work_mean_ms=13.097 work_min_ms=6.632 work_max_ms=22.017
[HOOK_TAIL_SUMMARY] label=nccl:ring_zfp_online_coll:rate8 steps=390 tail_total_ms=36103.179 tail_mean_ms=92.572 tail_min_ms=90.768 tail_max_ms=97.984
[Epoch 8] Hook timing summary done

[Epoch 9] Training... (lr at epoch start=0.009549)
  Batch [50/390] Loss: 2.0789, Acc: 25.50%, lr: 0.008399
  Batch [100/390] Loss: 2.0941, Acc: 26.75%, lr: 0.007315
  Batch [150/390] Loss: 2.0874, Acc: 26.67%, lr: 0.006302
  Batch [200/390] Loss: 2.0990, Acc: 25.62%, lr: 0.005359
  Batch [250/390] Loss: 2.0869, Acc: 25.60%, lr: 0.004488
  Batch [300/390] Loss: 2.0866, Acc: 25.75%, lr: 0.003691
  Batch [350/390] Loss: 2.0821, Acc: 26.07%, lr: 0.002970
[Epoch 9] Train Loss: 2.0850, Acc: 25.96%  |  Val Loss: 7.8560, Acc: 22.68%  |  Time: 61.7s
[Epoch 9] t_iter median: 121.37 ms  (fwd 7.48 | bwd+comm 110.44 | opt 3.27 | data 0.12)  |  train-only epoch: 47.0s
[Epoch 9] Summarizing hook timing...

[HOOK_TIMING_SUMMARY] epoch=9
[HOOK_WORK_SUMMARY] label=nccl:hier_zfp_online_coll:rate8 calls=3120 work_total_ms=41883.351 work_mean_ms=13.424 work_min_ms=7.066 work_max_ms=22.080
[HOOK_TAIL_SUMMARY] label=nccl:ring_zfp_online_coll:rate8 steps=390 tail_total_ms=36987.283 tail_mean_ms=94.839 tail_min_ms=89.172 tail_max_ms=98.603
[Epoch 9] Hook timing summary done

[Epoch 10] Training... (lr at epoch start=0.002447)
  Batch [50/390] Loss: 2.0432, Acc: 28.00%, lr: 0.001864
  Batch [100/390] Loss: 2.0898, Acc: 24.75%, lr: 0.001358
  Batch [150/390] Loss: 2.0760, Acc: 26.00%, lr: 0.000931
  Batch [200/390] Loss: 2.0571, Acc: 26.75%, lr: 0.000584
  Batch [250/390] Loss: 2.0626, Acc: 27.00%, lr: 0.000318
  Batch [300/390] Loss: 2.0545, Acc: 26.17%, lr: 0.000131
  Batch [350/390] Loss: 2.0554, Acc: 26.00%, lr: 0.000026
[Epoch 10] Train Loss: 2.0605, Acc: 25.77%  |  Val Loss: 4.3207, Acc: 25.57%  |  Time: 60.8s
[Epoch 10] t_iter median: 117.54 ms  (fwd 7.71 | bwd+comm 106.28 | opt 3.40 | data 0.14)  |  train-only epoch: 46.0s
  -> Best model saved (25.57%)
[Epoch 10] Summarizing hook timing...

[HOOK_TIMING_SUMMARY] epoch=10
[HOOK_WORK_SUMMARY] label=nccl:hier_zfp_online_coll:rate8 calls=3120 work_total_ms=40828.305 work_mean_ms=13.086 work_min_ms=6.707 work_max_ms=27.161
[HOOK_TAIL_SUMMARY] label=nccl:ring_zfp_online_coll:rate8 steps=390 tail_total_ms=36014.793 tail_mean_ms=92.346 tail_min_ms=90.569 tail_max_ms=116.003
[Epoch 10] Hook timing summary done

================================================================================
Done in 620.4s | Best val acc: 25.57%
Epoch times (train+val): mean=61.5s  min=60.1s  max=65.3s
Train-only epoch time (epochs 2..N): median=46.48s  min=45.67s  max=47.40s
  -> use this for STRONG scaling (fixed global batch)
  -> use t_iter_median_ms from the CSV for WEAK scaling (fixed local batch)
================================================================================
=== Finished training: model=wide_resnet50_2, dataset=cifar10, batch=4, lr=0.1, scheduler=cosine, backend=nccl, hook=ring_zfp_online_coll, zfp_rate=8, status=0 at Wed Jul 29 05:45:17 PM UTC 2026 ===
=== Job started: Wed Jul 29 07:54:42 PM UTC 2026 ===
=== Node: x3203c0s31b1n0 ===

The following have been reloaded with a version change:
  1) gcc-native/14 => gcc-native/13


The following have been reloaded with a version change:
  1) gcc-native/13 => gcc-native/14.2

=============================================
  Polaris NCCL test — GTL NOT loaded
=============================================
Node              : x3203c0s31b1n0
GTL               : NOT loaded (NCCL test)
MPICH_GPU_SUPPORT : NOT set (NCCL test)

PyTorch version   : 2.8.0
PyTorch location  : /soft/applications/conda/2025-09-28/mconda3/lib/python3.12/site-packages/torch/__init__.py
CUDA available    : True 4
cuDNN             : 91300
MPI available     : True
mpi4py            : MPI VERSION    : CRAY MPICH version 9.0.1.498 (ANL base 4.1.2)
mpi4py rank test  : rank 0 OK
ZFP_HOME          : /home/mrest/mpiAllReduceCompressed/zfp-install
ZFP lib           : lrwxrwxrwx 1 mrest users 11 May 17 22:11 /home/mrest/mpiAllReduceCompressed/zfp-install/lib64/libzfp.so -> libzfp.so.1
ZFP include       : -rw-r--r-- 1 mrest users 35180 May 17 18:17 /home/mrest/mpiAllReduceCompressed/zfp-install/include/zfp.h
=============================================
MASTER_ADDR=x3203c0s31b1n0.hsn.cm.polaris.alcf.anl.gov
MASTER_PORT=29500
=== Starting: model=wide_resnet50_2, ws=32, bs=4, gb=128, lr=0.1, sched=cosine, warmup=0, mom=0.9, wd=5e-4, nesterov=true, wd_bn_bias=false, backend=nccl, hook=recursive_doubling, zfp=none at Wed Jul 29 07:55:02 PM UTC 2026 ===

================================================================================
DISTRIBUTED TRAINING LAUNCHER
================================================================================
  Model:      wide_resnet50_2 (CIFAR stem) (from scratch)
  Dataset:    cifar10 (10 classes)
  Image size: 32
  LR:         0.1
  Momentum:   0.9 (nesterov=True)
  Optimizer:  sgd
  Weight dec: 0.0005 (on BN/bias=False)
  Backend:    nccl
  Algorithm:  recursive_doubling
  Epochs:     10
  Batch/rank: 4
  LR:         0.1
  Scheduler:  cosine
  Warmup:     0
  Grad clip:  None
  Drop last:  True
  Data dir:   ./data
================================================================================


================================================================================
Distributed Training: WIDE_RESNET50_2 on CIFAR10
Backend: NCCL, Algorithm: recursive_doubling
================================================================================
Ranks: 32, Epochs: 10, Batch/rank: 4, Effective batch: 128
LR: 0.1, Device: cuda:0

[Cache] Pretrained weights cache (TORCH_HOME) = ./data/pretrained_weights_cache
[Setup] Model on cuda:0, wrapped in DDP (static_graph=True)
[Setup] Hook registered: nccl/recursive_doubling
[Optim] SGD: lr=0.1 momentum=0.9 nesterov=True wd=0.0005 wd_on_bn_bias=False
[Optim]   group 0: 66,778,816 params, wd=0.0005
[Optim]   group 1: 68,234 params, wd=0.0

================================================================================
DISTRIBUTED TRAINING LAUNCHER
================================================================================
  Model:      wide_resnet50_2 (CIFAR stem) (from scratch)
  Dataset:    cifar10 (10 classes)
  Image size: 32
  LR:         0.1
  Momentum:   0.9 (nesterov=True)
  Optimizer:  sgd
  Weight dec: 0.0005 (on BN/bias=False)
  Backend:    nccl
  Algorithm:  recursive_doubling
  Epochs:     10
  Batch/rank: 4
  LR:         0.1
  Scheduler:  cosine
  Warmup:     0
  Grad clip:  None
  Drop last:  True
  Data dir:   ./data
================================================================================


================================================================================
DISTRIBUTED TRAINING LAUNCHER
================================================================================
  Model:      wide_resnet50_2 (CIFAR stem) (from scratch)
  Dataset:    cifar10 (10 classes)
  Image size: 32
  LR:         0.1
  Momentum:   0.9 (nesterov=True)
  Optimizer:  sgd
  Weight dec: 0.0005 (on BN/bias=False)
  Backend:    nccl
  Algorithm:  recursive_doubling
  Epochs:     10
  Batch/rank: 4
  LR:         0.1
  Scheduler:  cosine
  Warmup:     0
  Grad clip:  None
  Drop last:  True
  Data dir:   ./data
================================================================================

[Data] Train batches: 390, Val batches: 2500

[Sched] cosine: steps/epoch=390, total_steps=3900, warmup_steps=0 (0 epochs)


[Epoch 1] Training... (lr at epoch start=0.100000)

================================================================================
DISTRIBUTED TRAINING LAUNCHER
================================================================================
  Model:      wide_resnet50_2 (CIFAR stem) (from scratch)
  Dataset:    cifar10 (10 classes)
  Image size: 32
  LR:         0.1
  Momentum:   0.9 (nesterov=True)
  Optimizer:  sgd
  Weight dec: 0.0005 (on BN/bias=False)
  Backend:    nccl
  Algorithm:  recursive_doubling
  Epochs:     10
  Batch/rank: 4
  LR:         0.1
  Scheduler:  cosine
  Warmup:     0
  Grad clip:  None
  Drop last:  True
  Data dir:   ./data
================================================================================


================================================================================
DISTRIBUTED TRAINING LAUNCHER
================================================================================
  Model:      wide_resnet50_2 (CIFAR stem) (from scratch)
  Dataset:    cifar10 (10 classes)
  Image size: 32
  LR:         0.1
  Momentum:   0.9 (nesterov=True)
  Optimizer:  sgd
  Weight dec: 0.0005 (on BN/bias=False)
  Backend:    nccl
  Algorithm:  recursive_doubling
  Epochs:     10
  Batch/rank: 4
  LR:         0.1
  Scheduler:  cosine
  Warmup:     0
  Grad clip:  None
  Drop last:  True
  Data dir:   ./data
================================================================================


================================================================================
DISTRIBUTED TRAINING LAUNCHER
================================================================================
  Model:      wide_resnet50_2 (CIFAR stem) (from scratch)
  Dataset:    cifar10 (10 classes)
  Image size: 32
  LR:         0.1
  Momentum:   0.9 (nesterov=True)
  Optimizer:  sgd
  Weight dec: 0.0005 (on BN/bias=False)
  Backend:    nccl
  Algorithm:  recursive_doubling
  Epochs:     10
  Batch/rank: 4
  LR:         0.1
  Scheduler:  cosine
  Warmup:     0
  Grad clip:  None
  Drop last:  True
  Data dir:   ./data
================================================================================


================================================================================
DISTRIBUTED TRAINING LAUNCHER
================================================================================
  Model:      wide_resnet50_2 (CIFAR stem) (from scratch)
  Dataset:    cifar10 (10 classes)
  Image size: 32
  LR:         0.1
  Momentum:   0.9 (nesterov=True)
  Optimizer:  sgd
  Weight dec: 0.0005 (on BN/bias=False)
  Backend:    nccl
  Algorithm:  recursive_doubling
  Epochs:     10
  Batch/rank: 4
  LR:         0.1
  Scheduler:  cosine
  Warmup:     0
  Grad clip:  None
  Drop last:  True
  Data dir:   ./data
================================================================================


================================================================================
DISTRIBUTED TRAINING LAUNCHER
================================================================================
  Model:      wide_resnet50_2 (CIFAR stem) (from scratch)
  Dataset:    cifar10 (10 classes)
  Image size: 32
  LR:         0.1
  Momentum:   0.9 (nesterov=True)
  Optimizer:  sgd
  Weight dec: 0.0005 (on BN/bias=False)
  Backend:    nccl
  Algorithm:  recursive_doubling
  Epochs:     10
  Batch/rank: 4
  LR:         0.1
  Scheduler:  cosine
  Warmup:     0
  Grad clip:  None
  Drop last:  True
  Data dir:   ./data
================================================================================


================================================================================
DISTRIBUTED TRAINING LAUNCHER
================================================================================
  Model:      wide_resnet50_2 (CIFAR stem) (from scratch)
  Dataset:    cifar10 (10 classes)
  Image size: 32
  LR:         0.1
  Momentum:   0.9 (nesterov=True)
  Optimizer:  sgd
  Weight dec: 0.0005 (on BN/bias=False)
  Backend:    nccl
  Algorithm:  recursive_doubling
  Epochs:     10
  Batch/rank: 4
  LR:         0.1
  Scheduler:  cosine
  Warmup:     0
  Grad clip:  None
  Drop last:  True
  Data dir:   ./data
================================================================================


================================================================================
DISTRIBUTED TRAINING LAUNCHER
================================================================================
  Model:      wide_resnet50_2 (CIFAR stem) (from scratch)
  Dataset:    cifar10 (10 classes)
  Image size: 32
  LR:         0.1
  Momentum:   0.9 (nesterov=True)
  Optimizer:  sgd
  Weight dec: 0.0005 (on BN/bias=False)
  Backend:    nccl
  Algorithm:  recursive_doubling
  Epochs:     10
  Batch/rank: 4
  LR:         0.1
  Scheduler:  cosine
  Warmup:     0
  Grad clip:  None
  Drop last:  True
  Data dir:   ./data
================================================================================


================================================================================
DISTRIBUTED TRAINING LAUNCHER
================================================================================
  Model:      wide_resnet50_2 (CIFAR stem) (from scratch)
  Dataset:    cifar10 (10 classes)
  Image size: 32
  LR:         0.1
  Momentum:   0.9 (nesterov=True)
  Optimizer:  sgd
  Weight dec: 0.0005 (on BN/bias=False)
  Backend:    nccl
  Algorithm:  recursive_doubling
  Epochs:     10
  Batch/rank: 4
  LR:         0.1
  Scheduler:  cosine
  Warmup:     0
  Grad clip:  None
  Drop last:  True
  Data dir:   ./data
================================================================================


================================================================================
DISTRIBUTED TRAINING LAUNCHER
================================================================================
  Model:      wide_resnet50_2 (CIFAR stem) (from scratch)
  Dataset:    cifar10 (10 classes)
  Image size: 32
  LR:         0.1
  Momentum:   0.9 (nesterov=True)
  Optimizer:  sgd
  Weight dec: 0.0005 (on BN/bias=False)
  Backend:    nccl
  Algorithm:  recursive_doubling
  Epochs:     10
  Batch/rank: 4
  LR:         0.1
  Scheduler:  cosine
  Warmup:     0
  Grad clip:  None
  Drop last:  True
  Data dir:   ./data
================================================================================


================================================================================
DISTRIBUTED TRAINING LAUNCHER
================================================================================
  Model:      wide_resnet50_2 (CIFAR stem) (from scratch)
  Dataset:    cifar10 (10 classes)
  Image size: 32
  LR:         0.1
  Momentum:   0.9 (nesterov=True)
  Optimizer:  sgd
  Weight dec: 0.0005 (on BN/bias=False)
  Backend:    nccl
  Algorithm:  recursive_doubling
  Epochs:     10
  Batch/rank: 4
  LR:         0.1
  Scheduler:  cosine
  Warmup:     0
  Grad clip:  None
  Drop last:  True
  Data dir:   ./data
================================================================================


================================================================================
DISTRIBUTED TRAINING LAUNCHER
================================================================================
  Model:      wide_resnet50_2 (CIFAR stem) (from scratch)
  Dataset:    cifar10 (10 classes)
  Image size: 32
  LR:         0.1
  Momentum:   0.9 (nesterov=True)
  Optimizer:  sgd
  Weight dec: 0.0005 (on BN/bias=False)
  Backend:    nccl
  Algorithm:  recursive_doubling
  Epochs:     10
  Batch/rank: 4
  LR:         0.1
  Scheduler:  cosine
  Warmup:     0
  Grad clip:  None
  Drop last:  True
  Data dir:   ./data
================================================================================


================================================================================
DISTRIBUTED TRAINING LAUNCHER
================================================================================
  Model:      wide_resnet50_2 (CIFAR stem) (from scratch)
  Dataset:    cifar10 (10 classes)
  Image size: 32
  LR:         0.1
  Momentum:   0.9 (nesterov=True)
  Optimizer:  sgd
  Weight dec: 0.0005 (on BN/bias=False)
  Backend:    nccl
  Algorithm:  recursive_doubling
  Epochs:     10
  Batch/rank: 4
  LR:         0.1
  Scheduler:  cosine
  Warmup:     0
  Grad clip:  None
  Drop last:  True
  Data dir:   ./data
================================================================================


================================================================================
DISTRIBUTED TRAINING LAUNCHER
================================================================================
  Model:      wide_resnet50_2 (CIFAR stem) (from scratch)
  Dataset:    cifar10 (10 classes)
  Image size: 32
  LR:         0.1
  Momentum:   0.9 (nesterov=True)
  Optimizer:  sgd
  Weight dec: 0.0005 (on BN/bias=False)
  Backend:    nccl
  Algorithm:  recursive_doubling
  Epochs:     10
  Batch/rank: 4
  LR:         0.1
  Scheduler:  cosine
  Warmup:     0
  Grad clip:  None
  Drop last:  True
  Data dir:   ./data
================================================================================


================================================================================
DISTRIBUTED TRAINING LAUNCHER
================================================================================
  Model:      wide_resnet50_2 (CIFAR stem) (from scratch)
  Dataset:    cifar10 (10 classes)
  Image size: 32
  LR:         0.1
  Momentum:   0.9 (nesterov=True)
  Optimizer:  sgd
  Weight dec: 0.0005 (on BN/bias=False)
  Backend:    nccl
  Algorithm:  recursive_doubling
  Epochs:     10
  Batch/rank: 4
  LR:         0.1
  Scheduler:  cosine
  Warmup:     0
  Grad clip:  None
  Drop last:  True
  Data dir:   ./data
================================================================================


================================================================================
DISTRIBUTED TRAINING LAUNCHER
================================================================================
  Model:      wide_resnet50_2 (CIFAR stem) (from scratch)
  Dataset:    cifar10 (10 classes)
  Image size: 32
  LR:         0.1
  Momentum:   0.9 (nesterov=True)
  Optimizer:  sgd
  Weight dec: 0.0005 (on BN/bias=False)
  Backend:    nccl
  Algorithm:  recursive_doubling
  Epochs:     10
  Batch/rank: 4
  LR:         0.1
  Scheduler:  cosine
  Warmup:     0
  Grad clip:  None
  Drop last:  True
  Data dir:   ./data
================================================================================


================================================================================
DISTRIBUTED TRAINING LAUNCHER
================================================================================
  Model:      wide_resnet50_2 (CIFAR stem) (from scratch)
  Dataset:    cifar10 (10 classes)
  Image size: 32
  LR:         0.1
  Momentum:   0.9 (nesterov=True)
  Optimizer:  sgd
  Weight dec: 0.0005 (on BN/bias=False)
  Backend:    nccl
  Algorithm:  recursive_doubling
  Epochs:     10
  Batch/rank: 4
  LR:         0.1
  Scheduler:  cosine
  Warmup:     0
  Grad clip:  None
  Drop last:  True
  Data dir:   ./data
================================================================================


================================================================================
DISTRIBUTED TRAINING LAUNCHER
================================================================================
  Model:      wide_resnet50_2 (CIFAR stem) (from scratch)
  Dataset:    cifar10 (10 classes)
  Image size: 32
  LR:         0.1
  Momentum:   0.9 (nesterov=True)
  Optimizer:  sgd
  Weight dec: 0.0005 (on BN/bias=False)
  Backend:    nccl
  Algorithm:  recursive_doubling
  Epochs:     10
  Batch/rank: 4
  LR:         0.1
  Scheduler:  cosine
  Warmup:     0
  Grad clip:  None
  Drop last:  True
  Data dir:   ./data
================================================================================


================================================================================
DISTRIBUTED TRAINING LAUNCHER
================================================================================
  Model:      wide_resnet50_2 (CIFAR stem) (from scratch)
  Dataset:    cifar10 (10 classes)
  Image size: 32
  LR:         0.1
  Momentum:   0.9 (nesterov=True)
  Optimizer:  sgd
  Weight dec: 0.0005 (on BN/bias=False)
  Backend:    nccl
  Algorithm:  recursive_doubling
  Epochs:     10
  Batch/rank: 4
  LR:         0.1
  Scheduler:  cosine
  Warmup:     0
  Grad clip:  None
  Drop last:  True
  Data dir:   ./data
================================================================================


================================================================================
DISTRIBUTED TRAINING LAUNCHER
================================================================================
  Model:      wide_resnet50_2 (CIFAR stem) (from scratch)
  Dataset:    cifar10 (10 classes)
  Image size: 32
  LR:         0.1
  Momentum:   0.9 (nesterov=True)
  Optimizer:  sgd
  Weight dec: 0.0005 (on BN/bias=False)
  Backend:    nccl
  Algorithm:  recursive_doubling
  Epochs:     10
  Batch/rank: 4
  LR:         0.1
  Scheduler:  cosine
  Warmup:     0
  Grad clip:  None
  Drop last:  True
  Data dir:   ./data
================================================================================


================================================================================
DISTRIBUTED TRAINING LAUNCHER
================================================================================
  Model:      wide_resnet50_2 (CIFAR stem) (from scratch)
  Dataset:    cifar10 (10 classes)
  Image size: 32
  LR:         0.1
  Momentum:   0.9 (nesterov=True)
  Optimizer:  sgd
  Weight dec: 0.0005 (on BN/bias=False)
  Backend:    nccl
  Algorithm:  recursive_doubling
  Epochs:     10
  Batch/rank: 4
  LR:         0.1
  Scheduler:  cosine
  Warmup:     0
  Grad clip:  None
  Drop last:  True
  Data dir:   ./data
================================================================================


================================================================================
DISTRIBUTED TRAINING LAUNCHER
================================================================================
  Model:      wide_resnet50_2 (CIFAR stem) (from scratch)
  Dataset:    cifar10 (10 classes)
  Image size: 32
  LR:         0.1
  Momentum:   0.9 (nesterov=True)
  Optimizer:  sgd
  Weight dec: 0.0005 (on BN/bias=False)
  Backend:    nccl
  Algorithm:  recursive_doubling
  Epochs:     10
  Batch/rank: 4
  LR:         0.1
  Scheduler:  cosine
  Warmup:     0
  Grad clip:  None
  Drop last:  True
  Data dir:   ./data
================================================================================


================================================================================
DISTRIBUTED TRAINING LAUNCHER
================================================================================
  Model:      wide_resnet50_2 (CIFAR stem) (from scratch)
  Dataset:    cifar10 (10 classes)
  Image size: 32
  LR:         0.1
  Momentum:   0.9 (nesterov=True)
  Optimizer:  sgd
  Weight dec: 0.0005 (on BN/bias=False)
  Backend:    nccl
  Algorithm:  recursive_doubling
  Epochs:     10
  Batch/rank: 4
  LR:         0.1
  Scheduler:  cosine
  Warmup:     0
  Grad clip:  None
  Drop last:  True
  Data dir:   ./data
================================================================================


================================================================================
DISTRIBUTED TRAINING LAUNCHER
================================================================================
  Model:      wide_resnet50_2 (CIFAR stem) (from scratch)
  Dataset:    cifar10 (10 classes)
  Image size: 32
  LR:         0.1
  Momentum:   0.9 (nesterov=True)
  Optimizer:  sgd
  Weight dec: 0.0005 (on BN/bias=False)
  Backend:    nccl
  Algorithm:  recursive_doubling
  Epochs:     10
  Batch/rank: 4
  LR:         0.1
  Scheduler:  cosine
  Warmup:     0
  Grad clip:  None
  Drop last:  True
  Data dir:   ./data
================================================================================


================================================================================
DISTRIBUTED TRAINING LAUNCHER
================================================================================
  Model:      wide_resnet50_2 (CIFAR stem) (from scratch)
  Dataset:    cifar10 (10 classes)
  Image size: 32
  LR:         0.1
  Momentum:   0.9 (nesterov=True)
  Optimizer:  sgd
  Weight dec: 0.0005 (on BN/bias=False)
  Backend:    nccl
  Algorithm:  recursive_doubling
  Epochs:     10
  Batch/rank: 4
  LR:         0.1
  Scheduler:  cosine
  Warmup:     0
  Grad clip:  None
  Drop last:  True
  Data dir:   ./data
================================================================================


================================================================================
DISTRIBUTED TRAINING LAUNCHER
================================================================================
  Model:      wide_resnet50_2 (CIFAR stem) (from scratch)
  Dataset:    cifar10 (10 classes)
  Image size: 32
  LR:         0.1
  Momentum:   0.9 (nesterov=True)
  Optimizer:  sgd
  Weight dec: 0.0005 (on BN/bias=False)
  Backend:    nccl
  Algorithm:  recursive_doubling
  Epochs:     10
  Batch/rank: 4
  LR:         0.1
  Scheduler:  cosine
  Warmup:     0
  Grad clip:  None
  Drop last:  True
  Data dir:   ./data
================================================================================


================================================================================
DISTRIBUTED TRAINING LAUNCHER
================================================================================
  Model:      wide_resnet50_2 (CIFAR stem) (from scratch)
  Dataset:    cifar10 (10 classes)
  Image size: 32
  LR:         0.1
  Momentum:   0.9 (nesterov=True)
  Optimizer:  sgd
  Weight dec: 0.0005 (on BN/bias=False)
  Backend:    nccl
  Algorithm:  recursive_doubling
  Epochs:     10
  Batch/rank: 4
  LR:         0.1
  Scheduler:  cosine
  Warmup:     0
  Grad clip:  None
  Drop last:  True
  Data dir:   ./data
================================================================================


================================================================================
DISTRIBUTED TRAINING LAUNCHER
================================================================================
  Model:      wide_resnet50_2 (CIFAR stem) (from scratch)
  Dataset:    cifar10 (10 classes)
  Image size: 32
  LR:         0.1
  Momentum:   0.9 (nesterov=True)
  Optimizer:  sgd
  Weight dec: 0.0005 (on BN/bias=False)
  Backend:    nccl
  Algorithm:  recursive_doubling
  Epochs:     10
  Batch/rank: 4
  LR:         0.1
  Scheduler:  cosine
  Warmup:     0
  Grad clip:  None
  Drop last:  True
  Data dir:   ./data
================================================================================


================================================================================
DISTRIBUTED TRAINING LAUNCHER
================================================================================
  Model:      wide_resnet50_2 (CIFAR stem) (from scratch)
  Dataset:    cifar10 (10 classes)
  Image size: 32
  LR:         0.1
  Momentum:   0.9 (nesterov=True)
  Optimizer:  sgd
  Weight dec: 0.0005 (on BN/bias=False)
  Backend:    nccl
  Algorithm:  recursive_doubling
  Epochs:     10
  Batch/rank: 4
  LR:         0.1
  Scheduler:  cosine
  Warmup:     0
  Grad clip:  None
  Drop last:  True
  Data dir:   ./data
================================================================================


================================================================================
DISTRIBUTED TRAINING LAUNCHER
================================================================================
  Model:      wide_resnet50_2 (CIFAR stem) (from scratch)
  Dataset:    cifar10 (10 classes)
  Image size: 32
  LR:         0.1
  Momentum:   0.9 (nesterov=True)
  Optimizer:  sgd
  Weight dec: 0.0005 (on BN/bias=False)
  Backend:    nccl
  Algorithm:  recursive_doubling
  Epochs:     10
  Batch/rank: 4
  LR:         0.1
  Scheduler:  cosine
  Warmup:     0
  Grad clip:  None
  Drop last:  True
  Data dir:   ./data
================================================================================

  Batch [50/390] Loss: 20.1990, Acc: 6.00%, lr: 0.099959
  Batch [100/390] Loss: 11.3013, Acc: 7.75%, lr: 0.099838
  Batch [150/390] Loss: 8.3043, Acc: 8.17%, lr: 0.099635
  Batch [200/390] Loss: 6.8010, Acc: 9.25%, lr: 0.099353
  Batch [250/390] Loss: 5.8986, Acc: 10.00%, lr: 0.098990
  Batch [300/390] Loss: 5.2850, Acc: 11.58%, lr: 0.098547
  Batch [350/390] Loss: 4.8514, Acc: 12.14%, lr: 0.098026
[Epoch 1] Train Loss: 4.5810, Acc: 12.56%  |  Val Loss: 2.3408, Acc: 17.91%  |  Time: 331.1s
[Epoch 1] t_iter median: 829.60 ms  (fwd 7.93 | bwd+comm 818.43 | opt 3.46 | data 0.14)  |  train-only epoch: 315.3s
  -> Best model saved (17.91%)
[Epoch 1] Summarizing hook timing...

[HOOK_TIMING_SUMMARY] epoch=1
[HOOK_WORK_SUMMARY] label=nccl:recursive_doubling calls=3106 work_total_ms=305012.093 work_mean_ms=98.201 work_min_ms=25.793 work_max_ms=824.654
[HOOK_TAIL_SUMMARY] label=nccl:recursive_doubling steps=391 tail_total_ms=301421.841 tail_mean_ms=770.900 tail_min_ms=191.950 tail_max_ms=996.149
[Epoch 1] Hook timing summary done

[Epoch 2] Training... (lr at epoch start=0.097553)
  Batch [50/390] Loss: 2.1797, Acc: 19.00%, lr: 0.096892
  Batch [100/390] Loss: 2.1511, Acc: 19.50%, lr: 0.096155
  Batch [150/390] Loss: 2.1615, Acc: 18.50%, lr: 0.095344
  Batch [200/390] Loss: 2.1477, Acc: 18.50%, lr: 0.094459
  Batch [250/390] Loss: 2.1271, Acc: 19.00%, lr: 0.093501
  Batch [300/390] Loss: 2.1128, Acc: 19.17%, lr: 0.092473
  Batch [350/390] Loss: 2.0951, Acc: 19.86%, lr: 0.091377
[Epoch 2] Train Loss: 2.0881, Acc: 20.06%  |  Val Loss: 2.1955, Acc: 24.07%  |  Time: 319.8s
[Epoch 2] t_iter median: 789.69 ms  (fwd 8.02 | bwd+comm 778.08 | opt 3.48 | data 0.17)  |  train-only epoch: 304.3s
  -> Best model saved (24.07%)
[Epoch 2] Summarizing hook timing...

[HOOK_TIMING_SUMMARY] epoch=2
[HOOK_WORK_SUMMARY] label=nccl:recursive_doubling calls=3120 work_total_ms=298869.629 work_mean_ms=95.792 work_min_ms=22.538 work_max_ms=214.449
[HOOK_TAIL_SUMMARY] label=nccl:recursive_doubling steps=390 tail_total_ms=295107.435 tail_mean_ms=756.686 tail_min_ms=666.506 tail_max_ms=820.202
[Epoch 2] Hook timing summary done

[Epoch 3] Training... (lr at epoch start=0.090451)
  Batch [50/390] Loss: 1.9613, Acc: 26.00%, lr: 0.089235
  Batch [100/390] Loss: 1.9978, Acc: 23.50%, lr: 0.087955
  Batch [150/390] Loss: 1.9675, Acc: 26.00%, lr: 0.086613
  Batch [200/390] Loss: 1.9461, Acc: 26.38%, lr: 0.085213
  Batch [250/390] Loss: 1.9267, Acc: 26.70%, lr: 0.083755
  Batch [300/390] Loss: 1.9050, Acc: 27.25%, lr: 0.082242
  Batch [350/390] Loss: 1.9058, Acc: 27.71%, lr: 0.080677
[Epoch 3] Train Loss: 1.8942, Acc: 27.82%  |  Val Loss: 1.8259, Acc: 32.53%  |  Time: 324.8s
[Epoch 3] t_iter median: 797.54 ms  (fwd 7.79 | bwd+comm 785.89 | opt 3.48 | data 0.14)  |  train-only epoch: 309.2s
  -> Best model saved (32.53%)
[Epoch 3] Summarizing hook timing...

[HOOK_TIMING_SUMMARY] epoch=3
[HOOK_WORK_SUMMARY] label=nccl:recursive_doubling calls=3120 work_total_ms=303916.778 work_mean_ms=97.409 work_min_ms=23.201 work_max_ms=220.810
[HOOK_TAIL_SUMMARY] label=nccl:recursive_doubling steps=390 tail_total_ms=300032.754 tail_mean_ms=769.315 tail_min_ms=657.755 tail_max_ms=839.258
[Epoch 3] Hook timing summary done

[Epoch 4] Training... (lr at epoch start=0.079389)
  Batch [50/390] Loss: 1.8490, Acc: 28.50%, lr: 0.077737
  Batch [100/390] Loss: 1.8748, Acc: 29.50%, lr: 0.076039
  Batch [150/390] Loss: 1.8318, Acc: 28.50%, lr: 0.074299
  Batch [200/390] Loss: 1.8509, Acc: 29.25%, lr: 0.072520
  Batch [250/390] Loss: 1.8412, Acc: 29.80%, lr: 0.070704
  Batch [300/390] Loss: 1.8190, Acc: 30.58%, lr: 0.068855
  Batch [350/390] Loss: 1.8177, Acc: 31.36%, lr: 0.066975
[Epoch 4] Train Loss: 1.8138, Acc: 31.41%  |  Val Loss: 1.6363, Acc: 40.64%  |  Time: 319.4s
[Epoch 4] t_iter median: 776.46 ms  (fwd 7.72 | bwd+comm 765.34 | opt 3.26 | data 0.12)  |  train-only epoch: 304.7s
  -> Best model saved (40.64%)
[Epoch 4] Summarizing hook timing...

[HOOK_TIMING_SUMMARY] epoch=4
[HOOK_WORK_SUMMARY] label=nccl:recursive_doubling calls=3120 work_total_ms=299523.387 work_mean_ms=96.001 work_min_ms=22.392 work_max_ms=236.214
[HOOK_TAIL_SUMMARY] label=nccl:recursive_doubling steps=390 tail_total_ms=295707.520 tail_mean_ms=758.224 tail_min_ms=658.269 tail_max_ms=1051.581
[Epoch 4] Hook timing summary done

[Epoch 5] Training... (lr at epoch start=0.065451)
  Batch [50/390] Loss: 1.7048, Acc: 32.00%, lr: 0.063524
  Batch [100/390] Loss: 1.7192, Acc: 33.75%, lr: 0.061574
  Batch [150/390] Loss: 1.6666, Acc: 35.17%, lr: 0.059606
  Batch [200/390] Loss: 1.6520, Acc: 36.38%, lr: 0.057623
  Batch [250/390] Loss: 1.6560, Acc: 37.00%, lr: 0.055627
  Batch [300/390] Loss: 1.6534, Acc: 37.67%, lr: 0.053622
  Batch [350/390] Loss: 1.6483, Acc: 37.86%, lr: 0.051611
[Epoch 5] Train Loss: 1.6465, Acc: 38.40%  |  Val Loss: 1.7806, Acc: 41.71%  |  Time: 331.3s
[Epoch 5] t_iter median: 807.63 ms  (fwd 7.69 | bwd+comm 796.06 | opt 3.33 | data 0.12)  |  train-only epoch: 316.4s
  -> Best model saved (41.71%)
[Epoch 5] Summarizing hook timing...

[HOOK_TIMING_SUMMARY] epoch=5
[HOOK_WORK_SUMMARY] label=nccl:recursive_doubling calls=3120 work_total_ms=311170.074 work_mean_ms=99.734 work_min_ms=22.369 work_max_ms=207.775
[HOOK_TAIL_SUMMARY] label=nccl:recursive_doubling steps=390 tail_total_ms=307400.682 tail_mean_ms=788.207 tail_min_ms=647.905 tail_max_ms=851.283
[Epoch 5] Hook timing summary done

[Epoch 6] Training... (lr at epoch start=0.050000)
  Batch [50/390] Loss: 1.4290, Acc: 46.00%, lr: 0.047987
  Batch [100/390] Loss: 1.4946, Acc: 44.25%, lr: 0.045977
  Batch [150/390] Loss: 1.4969, Acc: 45.00%, lr: 0.043973
  Batch [200/390] Loss: 1.4617, Acc: 46.62%, lr: 0.041979
  Batch [250/390] Loss: 1.4479, Acc: 46.70%, lr: 0.039999
  Batch [300/390] Loss: 1.4489, Acc: 47.42%, lr: 0.038034
  Batch [350/390] Loss: 1.4652, Acc: 46.64%, lr: 0.036089
[Epoch 6] Train Loss: 1.4526, Acc: 47.44%  |  Val Loss: 1.8237, Acc: 46.50%  |  Time: 321.4s
[Epoch 6] t_iter median: 781.62 ms  (fwd 7.82 | bwd+comm 770.10 | opt 3.35 | data 0.12)  |  train-only epoch: 306.3s
  -> Best model saved (46.50%)
[Epoch 6] Summarizing hook timing...

[HOOK_TIMING_SUMMARY] epoch=6
[HOOK_WORK_SUMMARY] label=nccl:recursive_doubling calls=3120 work_total_ms=300964.429 work_mean_ms=96.463 work_min_ms=22.918 work_max_ms=212.672
[HOOK_TAIL_SUMMARY] label=nccl:recursive_doubling steps=390 tail_total_ms=297122.889 tail_mean_ms=761.854 tail_min_ms=660.603 tail_max_ms=826.620
[Epoch 6] Hook timing summary done

[Epoch 7] Training... (lr at epoch start=0.034549)
  Batch [50/390] Loss: 1.4382, Acc: 47.50%, lr: 0.032647
  Batch [100/390] Loss: 1.4371, Acc: 46.50%, lr: 0.030773
  Batch [150/390] Loss: 1.4101, Acc: 48.00%, lr: 0.028930
  Batch [200/390] Loss: 1.3777, Acc: 49.75%, lr: 0.027121
  Batch [250/390] Loss: 1.3869, Acc: 49.30%, lr: 0.025350
  Batch [300/390] Loss: 1.3649, Acc: 50.25%, lr: 0.023618
  Batch [350/390] Loss: 1.3535, Acc: 51.00%, lr: 0.021929
[Epoch 7] Train Loss: 1.3355, Acc: 51.67%  |  Val Loss: 1.2692, Acc: 54.81%  |  Time: 315.5s
[Epoch 7] t_iter median: 779.92 ms  (fwd 7.89 | bwd+comm 768.30 | opt 3.50 | data 0.15)  |  train-only epoch: 300.6s
  -> Best model saved (54.81%)
[Epoch 7] Summarizing hook timing...

[HOOK_TIMING_SUMMARY] epoch=7
[HOOK_WORK_SUMMARY] label=nccl:recursive_doubling calls=3120 work_total_ms=295245.904 work_mean_ms=94.630 work_min_ms=22.215 work_max_ms=195.172
[HOOK_TAIL_SUMMARY] label=nccl:recursive_doubling steps=390 tail_total_ms=291378.085 tail_mean_ms=747.123 tail_min_ms=660.366 tail_max_ms=816.947
[Epoch 7] Hook timing summary done

[Epoch 8] Training... (lr at epoch start=0.020611)
  Batch [50/390] Loss: 1.3608, Acc: 50.00%, lr: 0.019006
  Batch [100/390] Loss: 1.3232, Acc: 51.50%, lr: 0.017451
  Batch [150/390] Loss: 1.2413, Acc: 54.67%, lr: 0.015949
  Batch [200/390] Loss: 1.2410, Acc: 54.88%, lr: 0.014503
  Batch [250/390] Loss: 1.2283, Acc: 55.30%, lr: 0.013113
  Batch [300/390] Loss: 1.2228, Acc: 55.50%, lr: 0.011784
  Batch [350/390] Loss: 1.2062, Acc: 56.29%, lr: 0.010517
[Epoch 8] Train Loss: 1.2057, Acc: 56.79%  |  Val Loss: 1.2414, Acc: 59.37%  |  Time: 330.3s
[Epoch 8] t_iter median: 806.41 ms  (fwd 7.65 | bwd+comm 795.32 | opt 3.29 | data 0.15)  |  train-only epoch: 315.2s
  -> Best model saved (59.37%)
[Epoch 8] Summarizing hook timing...

[HOOK_TIMING_SUMMARY] epoch=8
[HOOK_WORK_SUMMARY] label=nccl:recursive_doubling calls=3120 work_total_ms=310033.702 work_mean_ms=99.370 work_min_ms=22.859 work_max_ms=203.052
[HOOK_TAIL_SUMMARY] label=nccl:recursive_doubling steps=390 tail_total_ms=306215.118 tail_mean_ms=785.167 tail_min_ms=665.526 tail_max_ms=849.247
[Epoch 8] Hook timing summary done

[Epoch 9] Training... (lr at epoch start=0.009549)
  Batch [50/390] Loss: 1.1835, Acc: 64.00%, lr: 0.008399
  Batch [100/390] Loss: 1.1592, Acc: 62.00%, lr: 0.007315
  Batch [150/390] Loss: 1.1611, Acc: 60.17%, lr: 0.006302
  Batch [200/390] Loss: 1.1274, Acc: 61.12%, lr: 0.005359
  Batch [250/390] Loss: 1.1108, Acc: 60.80%, lr: 0.004488
  Batch [300/390] Loss: 1.1017, Acc: 60.92%, lr: 0.003691
  Batch [350/390] Loss: 1.1030, Acc: 61.07%, lr: 0.002970
[Epoch 9] Train Loss: 1.0973, Acc: 60.83%  |  Val Loss: 1.0127, Acc: 64.39%  |  Time: 321.0s
[Epoch 9] t_iter median: 797.27 ms  (fwd 7.63 | bwd+comm 786.31 | opt 3.30 | data 0.13)  |  train-only epoch: 306.1s
  -> Best model saved (64.39%)
[Epoch 9] Summarizing hook timing...

[HOOK_TIMING_SUMMARY] epoch=9
[HOOK_WORK_SUMMARY] label=nccl:recursive_doubling calls=3120 work_total_ms=300981.486 work_mean_ms=96.468 work_min_ms=22.807 work_max_ms=201.218
[HOOK_TAIL_SUMMARY] label=nccl:recursive_doubling steps=390 tail_total_ms=297316.086 tail_mean_ms=762.349 tail_min_ms=685.637 tail_max_ms=819.720
[Epoch 9] Hook timing summary done

[Epoch 10] Training... (lr at epoch start=0.002447)
  Batch [50/390] Loss: 1.0515, Acc: 62.00%, lr: 0.001864
  Batch [100/390] Loss: 1.1248, Acc: 60.75%, lr: 0.001358
  Batch [150/390] Loss: 1.0508, Acc: 63.33%, lr: 0.000931
  Batch [200/390] Loss: 1.0400, Acc: 63.62%, lr: 0.000584
  Batch [250/390] Loss: 1.0336, Acc: 64.40%, lr: 0.000318
  Batch [300/390] Loss: 1.0415, Acc: 64.75%, lr: 0.000131
  Batch [350/390] Loss: 1.0544, Acc: 64.86%, lr: 0.000026
[Epoch 10] Train Loss: 1.0674, Acc: 64.23%  |  Val Loss: 1.0003, Acc: 65.88%  |  Time: 317.8s
[Epoch 10] t_iter median: 774.99 ms  (fwd 7.83 | bwd+comm 763.56 | opt 3.45 | data 0.15)  |  train-only epoch: 302.7s
  -> Best model saved (65.88%)
[Epoch 10] Summarizing hook timing...

[HOOK_TIMING_SUMMARY] epoch=10
[HOOK_WORK_SUMMARY] label=nccl:recursive_doubling calls=3120 work_total_ms=297364.966 work_mean_ms=95.309 work_min_ms=22.801 work_max_ms=203.027
[HOOK_TAIL_SUMMARY] label=nccl:recursive_doubling steps=390 tail_total_ms=293558.627 tail_mean_ms=752.714 tail_min_ms=674.139 tail_max_ms=839.513
[Epoch 10] Hook timing summary done

================================================================================
Done in 3241.1s | Best val acc: 65.88%
Epoch times (train+val): mean=323.2s  min=315.5s  max=331.3s
Train-only epoch time (epochs 2..N): median=306.13s  min=300.62s  max=316.36s
  -> use this for STRONG scaling (fixed global batch)
  -> use t_iter_median_ms from the CSV for WEAK scaling (fixed local batch)
================================================================================
=== Finished training: model=wide_resnet50_2, dataset=cifar10, batch=4, lr=0.1, scheduler=cosine, backend=nccl, hook=recursive_doubling, zfp_rate=none, status=0 at Wed Jul 29 08:49:25 PM UTC 2026 ===
=== Job started: Wed Jul 29 09:06:16 PM UTC 2026 ===
=== Node: x3102c0s7b0n0 ===

The following have been reloaded with a version change:
  1) gcc-native/14 => gcc-native/13


The following have been reloaded with a version change:
  1) gcc-native/13 => gcc-native/14.2

=============================================
  Polaris NCCL test — GTL NOT loaded
=============================================
Node              : x3102c0s7b0n0
GTL               : NOT loaded (NCCL test)
MPICH_GPU_SUPPORT : NOT set (NCCL test)

PyTorch version   : 2.8.0
PyTorch location  : /soft/applications/conda/2025-09-28/mconda3/lib/python3.12/site-packages/torch/__init__.py
CUDA available    : True 4
cuDNN             : 91300
MPI available     : True
mpi4py            : MPI VERSION    : CRAY MPICH version 9.0.1.498 (ANL base 4.1.2)
mpi4py rank test  : rank 0 OK
ZFP_HOME          : /home/mrest/mpiAllReduceCompressed/zfp-install
ZFP lib           : lrwxrwxrwx 1 mrest users 11 May 17 22:11 /home/mrest/mpiAllReduceCompressed/zfp-install/lib64/libzfp.so -> libzfp.so.1
ZFP include       : -rw-r--r-- 1 mrest users 35180 May 17 18:17 /home/mrest/mpiAllReduceCompressed/zfp-install/include/zfp.h
=============================================
MASTER_ADDR=x3102c0s7b0n0.hsn.cm.polaris.alcf.anl.gov
MASTER_PORT=29500
=== Starting: model=wide_resnet50_2, ws=32, bs=4, gb=128, lr=0.1, sched=cosine, warmup=0, mom=0.9, wd=5e-4, nesterov=true, wd_bn_bias=false, backend=nccl, hook=recursive_doubling_zfp_naive, zfp=16 at Wed Jul 29 09:06:38 PM UTC 2026 ===

================================================================================
DISTRIBUTED TRAINING LAUNCHER
================================================================================
  Model:      wide_resnet50_2 (CIFAR stem) (from scratch)
  Dataset:    cifar10 (10 classes)
  Image size: 32
  LR:         0.1
  Momentum:   0.9 (nesterov=True)
  Optimizer:  sgd
  Weight dec: 0.0005 (on BN/bias=False)
  Backend:    nccl
  Algorithm:  recursive_doubling_zfp_naive
  ZFP rate:   16
  Epochs:     10
  Batch/rank: 4
  LR:         0.1
  Scheduler:  cosine
  Warmup:     0
  Grad clip:  None
  Drop last:  True
  Data dir:   ./data
================================================================================


================================================================================
Distributed Training: WIDE_RESNET50_2 on CIFAR10
Backend: NCCL, Algorithm: recursive_doubling_zfp_naive
================================================================================
Ranks: 32, Epochs: 10, Batch/rank: 4, Effective batch: 128
LR: 0.1, Device: cuda:0

[Cache] Pretrained weights cache (TORCH_HOME) = ./data/pretrained_weights_cache
[Setup] Model on cuda:0, wrapped in DDP (static_graph=True)
[Setup] Hook registered: nccl/recursive_doubling_zfp_naive
[Optim] SGD: lr=0.1 momentum=0.9 nesterov=True wd=0.0005 wd_on_bn_bias=False
[Optim]   group 0: 66,778,816 params, wd=0.0005
[Optim]   group 1: 68,234 params, wd=0.0

================================================================================
DISTRIBUTED TRAINING LAUNCHER
================================================================================
  Model:      wide_resnet50_2 (CIFAR stem) (from scratch)
  Dataset:    cifar10 (10 classes)
  Image size: 32
  LR:         0.1
  Momentum:   0.9 (nesterov=True)
  Optimizer:  sgd
  Weight dec: 0.0005 (on BN/bias=False)
  Backend:    nccl
  Algorithm:  recursive_doubling_zfp_naive
  ZFP rate:   16
  Epochs:     10
  Batch/rank: 4
  LR:         0.1
  Scheduler:  cosine
  Warmup:     0
  Grad clip:  None
  Drop last:  True
  Data dir:   ./data
================================================================================


================================================================================
DISTRIBUTED TRAINING LAUNCHER
================================================================================
  Model:      wide_resnet50_2 (CIFAR stem) (from scratch)
  Dataset:    cifar10 (10 classes)
  Image size: 32
  LR:         0.1
  Momentum:   0.9 (nesterov=True)
  Optimizer:  sgd
  Weight dec: 0.0005 (on BN/bias=False)
  Backend:    nccl
  Algorithm:  recursive_doubling_zfp_naive
  ZFP rate:   16
  Epochs:     10
  Batch/rank: 4
  LR:         0.1
  Scheduler:  cosine
  Warmup:     0
  Grad clip:  None
  Drop last:  True
  Data dir:   ./data
================================================================================


================================================================================
DISTRIBUTED TRAINING LAUNCHER
================================================================================
  Model:      wide_resnet50_2 (CIFAR stem) (from scratch)
  Dataset:    cifar10 (10 classes)
  Image size: 32
  LR:         0.1
  Momentum:   0.9 (nesterov=True)
  Optimizer:  sgd
  Weight dec: 0.0005 (on BN/bias=False)
  Backend:    nccl
  Algorithm:  recursive_doubling_zfp_naive
  ZFP rate:   16
  Epochs:     10
  Batch/rank: 4
  LR:         0.1
  Scheduler:  cosine
  Warmup:     0
  Grad clip:  None
  Drop last:  True
  Data dir:   ./data
================================================================================


================================================================================
DISTRIBUTED TRAINING LAUNCHER
================================================================================
  Model:      wide_resnet50_2 (CIFAR stem) (from scratch)
  Dataset:    cifar10 (10 classes)
  Image size: 32
  LR:         0.1
  Momentum:   0.9 (nesterov=True)
  Optimizer:  sgd
  Weight dec: 0.0005 (on BN/bias=False)
  Backend:    nccl
  Algorithm:  recursive_doubling_zfp_naive
  ZFP rate:   16
  Epochs:     10
  Batch/rank: 4
  LR:         0.1
  Scheduler:  cosine
  Warmup:     0
  Grad clip:  None
  Drop last:  True
  Data dir:   ./data
================================================================================


================================================================================
DISTRIBUTED TRAINING LAUNCHER
================================================================================
  Model:      wide_resnet50_2 (CIFAR stem) (from scratch)
  Dataset:    cifar10 (10 classes)
  Image size: 32
  LR:         0.1
  Momentum:   0.9 (nesterov=True)
  Optimizer:  sgd
  Weight dec: 0.0005 (on BN/bias=False)
  Backend:    nccl
  Algorithm:  recursive_doubling_zfp_naive
  ZFP rate:   16
  Epochs:     10
  Batch/rank: 4
  LR:         0.1
  Scheduler:  cosine
  Warmup:     0
  Grad clip:  None
  Drop last:  True
  Data dir:   ./data
================================================================================


================================================================================
DISTRIBUTED TRAINING LAUNCHER
================================================================================
  Model:      wide_resnet50_2 (CIFAR stem) (from scratch)
  Dataset:    cifar10 (10 classes)
  Image size: 32
  LR:         0.1
  Momentum:   0.9 (nesterov=True)
  Optimizer:  sgd
  Weight dec: 0.0005 (on BN/bias=False)
  Backend:    nccl
  Algorithm:  recursive_doubling_zfp_naive
  ZFP rate:   16
  Epochs:     10
  Batch/rank: 4
  LR:         0.1
  Scheduler:  cosine
  Warmup:     0
  Grad clip:  None
  Drop last:  True
  Data dir:   ./data
================================================================================


================================================================================
DISTRIBUTED TRAINING LAUNCHER
================================================================================
  Model:      wide_resnet50_2 (CIFAR stem) (from scratch)
  Dataset:    cifar10 (10 classes)
  Image size: 32
  LR:         0.1
  Momentum:   0.9 (nesterov=True)
  Optimizer:  sgd
  Weight dec: 0.0005 (on BN/bias=False)
  Backend:    nccl
  Algorithm:  recursive_doubling_zfp_naive
  ZFP rate:   16
  Epochs:     10
  Batch/rank: 4
  LR:         0.1
  Scheduler:  cosine
  Warmup:     0
  Grad clip:  None
  Drop last:  True
  Data dir:   ./data
================================================================================


================================================================================
DISTRIBUTED TRAINING LAUNCHER
================================================================================
  Model:      wide_resnet50_2 (CIFAR stem) (from scratch)
  Dataset:    cifar10 (10 classes)
  Image size: 32
  LR:         0.1
  Momentum:   0.9 (nesterov=True)
  Optimizer:  sgd
  Weight dec: 0.0005 (on BN/bias=False)
  Backend:    nccl
  Algorithm:  recursive_doubling_zfp_naive
  ZFP rate:   16
  Epochs:     10
  Batch/rank: 4
  LR:         0.1
  Scheduler:  cosine
  Warmup:     0
  Grad clip:  None
  Drop last:  True
  Data dir:   ./data
================================================================================


================================================================================
DISTRIBUTED TRAINING LAUNCHER
================================================================================
  Model:      wide_resnet50_2 (CIFAR stem) (from scratch)
  Dataset:    cifar10 (10 classes)
  Image size: 32
  LR:         0.1
  Momentum:   0.9 (nesterov=True)
  Optimizer:  sgd
  Weight dec: 0.0005 (on BN/bias=False)
  Backend:    nccl
  Algorithm:  recursive_doubling_zfp_naive
  ZFP rate:   16
  Epochs:     10
  Batch/rank: 4
  LR:         0.1
  Scheduler:  cosine
  Warmup:     0
  Grad clip:  None
  Drop last:  True
  Data dir:   ./data
================================================================================


================================================================================
DISTRIBUTED TRAINING LAUNCHER
================================================================================
  Model:      wide_resnet50_2 (CIFAR stem) (from scratch)
  Dataset:    cifar10 (10 classes)
  Image size: 32
  LR:         0.1
  Momentum:   0.9 (nesterov=True)
  Optimizer:  sgd
  Weight dec: 0.0005 (on BN/bias=False)
  Backend:    nccl
  Algorithm:  recursive_doubling_zfp_naive
  ZFP rate:   16
  Epochs:     10
  Batch/rank: 4
  LR:         0.1
  Scheduler:  cosine
  Warmup:     0
  Grad clip:  None
  Drop last:  True
  Data dir:   ./data
================================================================================


================================================================================
DISTRIBUTED TRAINING LAUNCHER
================================================================================
  Model:      wide_resnet50_2 (CIFAR stem) (from scratch)
  Dataset:    cifar10 (10 classes)
  Image size: 32
  LR:         0.1
  Momentum:   0.9 (nesterov=True)
  Optimizer:  sgd
  Weight dec: 0.0005 (on BN/bias=False)
  Backend:    nccl
  Algorithm:  recursive_doubling_zfp_naive
  ZFP rate:   16
  Epochs:     10
  Batch/rank: 4
  LR:         0.1
  Scheduler:  cosine
  Warmup:     0
  Grad clip:  None
  Drop last:  True
  Data dir:   ./data
================================================================================


================================================================================
DISTRIBUTED TRAINING LAUNCHER
================================================================================
  Model:      wide_resnet50_2 (CIFAR stem) (from scratch)
  Dataset:    cifar10 (10 classes)
  Image size: 32
  LR:         0.1
  Momentum:   0.9 (nesterov=True)
  Optimizer:  sgd
  Weight dec: 0.0005 (on BN/bias=False)
  Backend:    nccl
  Algorithm:  recursive_doubling_zfp_naive
  ZFP rate:   16
  Epochs:     10
  Batch/rank: 4
  LR:         0.1
  Scheduler:  cosine
  Warmup:     0
  Grad clip:  None
  Drop last:  True
  Data dir:   ./data
================================================================================


================================================================================
DISTRIBUTED TRAINING LAUNCHER
================================================================================
  Model:      wide_resnet50_2 (CIFAR stem) (from scratch)
  Dataset:    cifar10 (10 classes)
  Image size: 32
  LR:         0.1
  Momentum:   0.9 (nesterov=True)
  Optimizer:  sgd
  Weight dec: 0.0005 (on BN/bias=False)
  Backend:    nccl
  Algorithm:  recursive_doubling_zfp_naive
  ZFP rate:   16
  Epochs:     10
  Batch/rank: 4
  LR:         0.1
  Scheduler:  cosine
  Warmup:     0
  Grad clip:  None
  Drop last:  True
  Data dir:   ./data
================================================================================


================================================================================
DISTRIBUTED TRAINING LAUNCHER
================================================================================
  Model:      wide_resnet50_2 (CIFAR stem) (from scratch)
  Dataset:    cifar10 (10 classes)
  Image size: 32
  LR:         0.1
  Momentum:   0.9 (nesterov=True)
  Optimizer:  sgd
  Weight dec: 0.0005 (on BN/bias=False)
  Backend:    nccl
  Algorithm:  recursive_doubling_zfp_naive
  ZFP rate:   16
  Epochs:     10
  Batch/rank: 4
  LR:         0.1
  Scheduler:  cosine
  Warmup:     0
  Grad clip:  None
  Drop last:  True
  Data dir:   ./data
================================================================================


================================================================================
DISTRIBUTED TRAINING LAUNCHER
================================================================================
  Model:      wide_resnet50_2 (CIFAR stem) (from scratch)
  Dataset:    cifar10 (10 classes)
  Image size: 32
  LR:         0.1
  Momentum:   0.9 (nesterov=True)
  Optimizer:  sgd
  Weight dec: 0.0005 (on BN/bias=False)
  Backend:    nccl
  Algorithm:  recursive_doubling_zfp_naive
  ZFP rate:   16
  Epochs:     10
  Batch/rank: 4
  LR:         0.1
  Scheduler:  cosine
  Warmup:     0
  Grad clip:  None
  Drop last:  True
  Data dir:   ./data
================================================================================


================================================================================
DISTRIBUTED TRAINING LAUNCHER
================================================================================
  Model:      wide_resnet50_2 (CIFAR stem) (from scratch)
  Dataset:    cifar10 (10 classes)
  Image size: 32
  LR:         0.1
  Momentum:   0.9 (nesterov=True)
  Optimizer:  sgd
  Weight dec: 0.0005 (on BN/bias=False)
  Backend:    nccl
  Algorithm:  recursive_doubling_zfp_naive
  ZFP rate:   16
  Epochs:     10
  Batch/rank: 4
  LR:         0.1
  Scheduler:  cosine
  Warmup:     0
  Grad clip:  None
  Drop last:  True
  Data dir:   ./data
================================================================================


================================================================================
DISTRIBUTED TRAINING LAUNCHER
================================================================================
  Model:      wide_resnet50_2 (CIFAR stem) (from scratch)
  Dataset:    cifar10 (10 classes)
  Image size: 32
  LR:         0.1
  Momentum:   0.9 (nesterov=True)
  Optimizer:  sgd
  Weight dec: 0.0005 (on BN/bias=False)
  Backend:    nccl
  Algorithm:  recursive_doubling_zfp_naive
  ZFP rate:   16
  Epochs:     10
  Batch/rank: 4
  LR:         0.1
  Scheduler:  cosine
  Warmup:     0
  Grad clip:  None
  Drop last:  True
  Data dir:   ./data
================================================================================


================================================================================
DISTRIBUTED TRAINING LAUNCHER
================================================================================
  Model:      wide_resnet50_2 (CIFAR stem) (from scratch)
  Dataset:    cifar10 (10 classes)
  Image size: 32
  LR:         0.1
  Momentum:   0.9 (nesterov=True)
  Optimizer:  sgd
  Weight dec: 0.0005 (on BN/bias=False)
  Backend:    nccl
  Algorithm:  recursive_doubling_zfp_naive
  ZFP rate:   16
  Epochs:     10
  Batch/rank: 4
  LR:         0.1
  Scheduler:  cosine
  Warmup:     0
  Grad clip:  None
  Drop last:  True
  Data dir:   ./data
================================================================================


================================================================================
DISTRIBUTED TRAINING LAUNCHER
================================================================================
  Model:      wide_resnet50_2 (CIFAR stem) (from scratch)
  Dataset:    cifar10 (10 classes)
  Image size: 32
  LR:         0.1
  Momentum:   0.9 (nesterov=True)
  Optimizer:  sgd
  Weight dec: 0.0005 (on BN/bias=False)
  Backend:    nccl
  Algorithm:  recursive_doubling_zfp_naive
  ZFP rate:   16
  Epochs:     10
  Batch/rank: 4
  LR:         0.1
  Scheduler:  cosine
  Warmup:     0
  Grad clip:  None
  Drop last:  True
  Data dir:   ./data
================================================================================


================================================================================
DISTRIBUTED TRAINING LAUNCHER
================================================================================
  Model:      wide_resnet50_2 (CIFAR stem) (from scratch)
  Dataset:    cifar10 (10 classes)
  Image size: 32
  LR:         0.1
  Momentum:   0.9 (nesterov=True)
  Optimizer:  sgd
  Weight dec: 0.0005 (on BN/bias=False)
  Backend:    nccl
  Algorithm:  recursive_doubling_zfp_naive
  ZFP rate:   16
  Epochs:     10
  Batch/rank: 4
  LR:         0.1
  Scheduler:  cosine
  Warmup:     0
  Grad clip:  None
  Drop last:  True
  Data dir:   ./data
================================================================================


================================================================================
DISTRIBUTED TRAINING LAUNCHER
================================================================================
  Model:      wide_resnet50_2 (CIFAR stem) (from scratch)
  Dataset:    cifar10 (10 classes)
  Image size: 32
  LR:         0.1
  Momentum:   0.9 (nesterov=True)
  Optimizer:  sgd
  Weight dec: 0.0005 (on BN/bias=False)
  Backend:    nccl
  Algorithm:  recursive_doubling_zfp_naive
  ZFP rate:   16
  Epochs:     10
  Batch/rank: 4
  LR:         0.1
  Scheduler:  cosine
  Warmup:     0
  Grad clip:  None
  Drop last:  True
  Data dir:   ./data
================================================================================


================================================================================
DISTRIBUTED TRAINING LAUNCHER
================================================================================
  Model:      wide_resnet50_2 (CIFAR stem) (from scratch)
  Dataset:    cifar10 (10 classes)
  Image size: 32
  LR:         0.1
  Momentum:   0.9 (nesterov=True)
  Optimizer:  sgd
  Weight dec: 0.0005 (on BN/bias=False)
  Backend:    nccl
  Algorithm:  recursive_doubling_zfp_naive
  ZFP rate:   16
  Epochs:     10
  Batch/rank: 4
  LR:         0.1
  Scheduler:  cosine
  Warmup:     0
  Grad clip:  None
  Drop last:  True
  Data dir:   ./data
================================================================================


================================================================================
DISTRIBUTED TRAINING LAUNCHER
================================================================================
  Model:      wide_resnet50_2 (CIFAR stem) (from scratch)
  Dataset:    cifar10 (10 classes)
  Image size: 32
  LR:         0.1
  Momentum:   0.9 (nesterov=True)
  Optimizer:  sgd
  Weight dec: 0.0005 (on BN/bias=False)
  Backend:    nccl
  Algorithm:  recursive_doubling_zfp_naive
  ZFP rate:   16
  Epochs:     10
  Batch/rank: 4
  LR:         0.1
  Scheduler:  cosine
  Warmup:     0
  Grad clip:  None
  Drop last:  True
  Data dir:   ./data
================================================================================

[Data] Train batches: 390, Val batches: 2500

[Sched] cosine: steps/epoch=390, total_steps=3900, warmup_steps=0 (0 epochs)


[Epoch 1] Training... (lr at epoch start=0.100000)

================================================================================
DISTRIBUTED TRAINING LAUNCHER
================================================================================
  Model:      wide_resnet50_2 (CIFAR stem) (from scratch)
  Dataset:    cifar10 (10 classes)
  Image size: 32
  LR:         0.1
  Momentum:   0.9 (nesterov=True)
  Optimizer:  sgd
  Weight dec: 0.0005 (on BN/bias=False)
  Backend:    nccl
  Algorithm:  recursive_doubling_zfp_naive
  ZFP rate:   16
  Epochs:     10
  Batch/rank: 4
  LR:         0.1
  Scheduler:  cosine
  Warmup:     0
  Grad clip:  None
  Drop last:  True
  Data dir:   ./data
================================================================================


================================================================================
DISTRIBUTED TRAINING LAUNCHER
================================================================================
  Model:      wide_resnet50_2 (CIFAR stem) (from scratch)
  Dataset:    cifar10 (10 classes)
  Image size: 32
  LR:         0.1
  Momentum:   0.9 (nesterov=True)
  Optimizer:  sgd
  Weight dec: 0.0005 (on BN/bias=False)
  Backend:    nccl
  Algorithm:  recursive_doubling_zfp_naive
  ZFP rate:   16
  Epochs:     10
  Batch/rank: 4
  LR:         0.1
  Scheduler:  cosine
  Warmup:     0
  Grad clip:  None
  Drop last:  True
  Data dir:   ./data
================================================================================


================================================================================
DISTRIBUTED TRAINING LAUNCHER
================================================================================
  Model:      wide_resnet50_2 (CIFAR stem) (from scratch)
  Dataset:    cifar10 (10 classes)
  Image size: 32
  LR:         0.1
  Momentum:   0.9 (nesterov=True)
  Optimizer:  sgd
  Weight dec: 0.0005 (on BN/bias=False)
  Backend:    nccl
  Algorithm:  recursive_doubling_zfp_naive
  ZFP rate:   16
  Epochs:     10
  Batch/rank: 4
  LR:         0.1
  Scheduler:  cosine
  Warmup:     0
  Grad clip:  None
  Drop last:  True
  Data dir:   ./data
================================================================================


================================================================================
DISTRIBUTED TRAINING LAUNCHER
================================================================================
  Model:      wide_resnet50_2 (CIFAR stem) (from scratch)
  Dataset:    cifar10 (10 classes)
  Image size: 32
  LR:         0.1
  Momentum:   0.9 (nesterov=True)
  Optimizer:  sgd
  Weight dec: 0.0005 (on BN/bias=False)
  Backend:    nccl
  Algorithm:  recursive_doubling_zfp_naive
  ZFP rate:   16
  Epochs:     10
  Batch/rank: 4
  LR:         0.1
  Scheduler:  cosine
  Warmup:     0
  Grad clip:  None
  Drop last:  True
  Data dir:   ./data
================================================================================


================================================================================
DISTRIBUTED TRAINING LAUNCHER
================================================================================
  Model:      wide_resnet50_2 (CIFAR stem) (from scratch)
  Dataset:    cifar10 (10 classes)
  Image size: 32
  LR:         0.1
  Momentum:   0.9 (nesterov=True)
  Optimizer:  sgd
  Weight dec: 0.0005 (on BN/bias=False)
  Backend:    nccl
  Algorithm:  recursive_doubling_zfp_naive
  ZFP rate:   16
  Epochs:     10
  Batch/rank: 4
  LR:         0.1
  Scheduler:  cosine
  Warmup:     0
  Grad clip:  None
  Drop last:  True
  Data dir:   ./data
================================================================================


================================================================================
DISTRIBUTED TRAINING LAUNCHER
================================================================================
  Model:      wide_resnet50_2 (CIFAR stem) (from scratch)
  Dataset:    cifar10 (10 classes)
  Image size: 32
  LR:         0.1
  Momentum:   0.9 (nesterov=True)
  Optimizer:  sgd
  Weight dec: 0.0005 (on BN/bias=False)
  Backend:    nccl
  Algorithm:  recursive_doubling_zfp_naive
  ZFP rate:   16
  Epochs:     10
  Batch/rank: 4
  LR:         0.1
  Scheduler:  cosine
  Warmup:     0
  Grad clip:  None
  Drop last:  True
  Data dir:   ./data
================================================================================


================================================================================
DISTRIBUTED TRAINING LAUNCHER
================================================================================
  Model:      wide_resnet50_2 (CIFAR stem) (from scratch)
  Dataset:    cifar10 (10 classes)
  Image size: 32
  LR:         0.1
  Momentum:   0.9 (nesterov=True)
  Optimizer:  sgd
  Weight dec: 0.0005 (on BN/bias=False)
  Backend:    nccl
  Algorithm:  recursive_doubling_zfp_naive
  ZFP rate:   16
  Epochs:     10
  Batch/rank: 4
  LR:         0.1
  Scheduler:  cosine
  Warmup:     0
  Grad clip:  None
  Drop last:  True
  Data dir:   ./data
================================================================================


================================================================================
DISTRIBUTED TRAINING LAUNCHER
================================================================================
  Model:      wide_resnet50_2 (CIFAR stem) (from scratch)
  Dataset:    cifar10 (10 classes)
  Image size: 32
  LR:         0.1
  Momentum:   0.9 (nesterov=True)
  Optimizer:  sgd
  Weight dec: 0.0005 (on BN/bias=False)
  Backend:    nccl
  Algorithm:  recursive_doubling_zfp_naive
  ZFP rate:   16
  Epochs:     10
  Batch/rank: 4
  LR:         0.1
  Scheduler:  cosine
  Warmup:     0
  Grad clip:  None
  Drop last:  True
  Data dir:   ./data
================================================================================

  Batch [50/390] Loss: 17.9466, Acc: 9.00%, lr: 0.099959
  Batch [100/390] Loss: 10.2442, Acc: 10.00%, lr: 0.099838
  Batch [150/390] Loss: 7.5996, Acc: 12.00%, lr: 0.099635
  Batch [200/390] Loss: 6.2662, Acc: 12.62%, lr: 0.099353
  Batch [250/390] Loss: 5.4711, Acc: 12.50%, lr: 0.098990
  Batch [300/390] Loss: 4.9368, Acc: 13.08%, lr: 0.098547
  Batch [350/390] Loss: 4.5545, Acc: 13.21%, lr: 0.098026
[Epoch 1] Train Loss: 4.3185, Acc: 13.53%  |  Val Loss: 2.1966, Acc: 16.91%  |  Time: 196.7s
[Epoch 1] t_iter median: 448.10 ms  (fwd 7.81 | bwd+comm 436.87 | opt 3.35 | data 0.12)  |  train-only epoch: 181.4s
  -> Best model saved (16.91%)
[Epoch 1] Summarizing hook timing...

[HOOK_TIMING_SUMMARY] epoch=1
[HOOK_WORK_SUMMARY] label=nccl:recursive_doubling_zfp_naive:rate16 calls=3106 work_total_ms=171856.192 work_mean_ms=55.330 work_min_ms=18.239 work_max_ms=419.757
[HOOK_TAIL_SUMMARY] label=nccl:recursive_doubling_zfp_naive:rate16 steps=391 tail_total_ms=168251.636 tail_mean_ms=430.311 tail_min_ms=141.258 tail_max_ms=605.867
[Epoch 1] Hook timing summary done

[Epoch 2] Training... (lr at epoch start=0.097553)
  Batch [50/390] Loss: 2.2378, Acc: 11.00%, lr: 0.096892
  Batch [100/390] Loss: 2.2070, Acc: 15.00%, lr: 0.096155
  Batch [150/390] Loss: 2.2059, Acc: 16.50%, lr: 0.095344
  Batch [200/390] Loss: 2.2019, Acc: 16.12%, lr: 0.094459
  Batch [250/390] Loss: 2.1923, Acc: 16.40%, lr: 0.093501
  Batch [300/390] Loss: 2.1911, Acc: 16.58%, lr: 0.092473
  Batch [350/390] Loss: 2.1759, Acc: 16.93%, lr: 0.091377
[Epoch 2] Train Loss: 2.1723, Acc: 17.44%  |  Val Loss: 2.0934, Acc: 20.36%  |  Time: 185.0s
[Epoch 2] t_iter median: 438.65 ms  (fwd 7.60 | bwd+comm 427.44 | opt 3.32 | data 0.11)  |  train-only epoch: 169.6s
  -> Best model saved (20.36%)
[Epoch 2] Summarizing hook timing...

[HOOK_TIMING_SUMMARY] epoch=2
[HOOK_WORK_SUMMARY] label=nccl:recursive_doubling_zfp_naive:rate16 calls=3120 work_total_ms=164376.037 work_mean_ms=52.685 work_min_ms=18.483 work_max_ms=118.056
[HOOK_TAIL_SUMMARY] label=nccl:recursive_doubling_zfp_naive:rate16 steps=390 tail_total_ms=160649.044 tail_mean_ms=411.921 tail_min_ms=345.553 tail_max_ms=514.827
[Epoch 2] Hook timing summary done

[Epoch 3] Training... (lr at epoch start=0.090451)
  Batch [50/390] Loss: 2.1250, Acc: 19.50%, lr: 0.089235
  Batch [100/390] Loss: 2.1252, Acc: 19.75%, lr: 0.087955
  Batch [150/390] Loss: 2.1226, Acc: 21.00%, lr: 0.086613
  Batch [200/390] Loss: 2.1074, Acc: 21.00%, lr: 0.085213
  Batch [250/390] Loss: 2.0831, Acc: 22.10%, lr: 0.083755
  Batch [300/390] Loss: 2.0729, Acc: 22.00%, lr: 0.082242
  Batch [350/390] Loss: 2.0745, Acc: 21.36%, lr: 0.080677
[Epoch 3] Train Loss: 2.0633, Acc: 21.60%  |  Val Loss: 2.0624, Acc: 25.75%  |  Time: 191.9s
[Epoch 3] t_iter median: 449.22 ms  (fwd 7.88 | bwd+comm 437.76 | opt 3.47 | data 0.14)  |  train-only epoch: 176.7s
  -> Best model saved (25.75%)
[Epoch 3] Summarizing hook timing...

[HOOK_TIMING_SUMMARY] epoch=3
[HOOK_WORK_SUMMARY] label=nccl:recursive_doubling_zfp_naive:rate16 calls=3120 work_total_ms=171387.544 work_mean_ms=54.932 work_min_ms=18.441 work_max_ms=121.316
[HOOK_TAIL_SUMMARY] label=nccl:recursive_doubling_zfp_naive:rate16 steps=390 tail_total_ms=167367.861 tail_mean_ms=429.148 tail_min_ms=389.743 tail_max_ms=471.461
[Epoch 3] Hook timing summary done

[Epoch 4] Training... (lr at epoch start=0.079389)
  Batch [50/390] Loss: 1.9877, Acc: 24.50%, lr: 0.077737
  Batch [100/390] Loss: 2.0234, Acc: 22.75%, lr: 0.076039
  Batch [150/390] Loss: 1.9753, Acc: 26.00%, lr: 0.074299
  Batch [200/390] Loss: 1.9660, Acc: 27.38%, lr: 0.072520
  Batch [250/390] Loss: 1.9775, Acc: 25.70%, lr: 0.070704
  Batch [300/390] Loss: 1.9505, Acc: 27.42%, lr: 0.068855
  Batch [350/390] Loss: 1.9706, Acc: 26.79%, lr: 0.066975
[Epoch 4] Train Loss: 1.9605, Acc: 26.79%  |  Val Loss: 2.1960, Acc: 26.78%  |  Time: 193.8s
[Epoch 4] t_iter median: 453.16 ms  (fwd 7.84 | bwd+comm 441.48 | opt 3.43 | data 0.15)  |  train-only epoch: 178.5s
  -> Best model saved (26.78%)
[Epoch 4] Summarizing hook timing...

[HOOK_TIMING_SUMMARY] epoch=4
[HOOK_WORK_SUMMARY] label=nccl:recursive_doubling_zfp_naive:rate16 calls=3120 work_total_ms=173158.463 work_mean_ms=55.500 work_min_ms=19.020 work_max_ms=115.283
[HOOK_TAIL_SUMMARY] label=nccl:recursive_doubling_zfp_naive:rate16 steps=390 tail_total_ms=169296.441 tail_mean_ms=434.093 tail_min_ms=394.053 tail_max_ms=511.536
[Epoch 4] Hook timing summary done

[Epoch 5] Training... (lr at epoch start=0.065451)
  Batch [50/390] Loss: 1.8847, Acc: 28.00%, lr: 0.063524
  Batch [100/390] Loss: 1.9145, Acc: 29.75%, lr: 0.061574
  Batch [150/390] Loss: 1.9009, Acc: 29.17%, lr: 0.059606
  Batch [200/390] Loss: 1.8958, Acc: 29.75%, lr: 0.057623
  Batch [250/390] Loss: 1.9055, Acc: 29.40%, lr: 0.055627
  Batch [300/390] Loss: 1.8837, Acc: 29.67%, lr: 0.053622
  Batch [350/390] Loss: 1.8667, Acc: 30.29%, lr: 0.051611
[Epoch 5] Train Loss: 1.8635, Acc: 30.71%  |  Val Loss: 1.7270, Acc: 36.83%  |  Time: 186.7s
[Epoch 5] t_iter median: 438.16 ms  (fwd 7.84 | bwd+comm 426.72 | opt 3.43 | data 0.14)  |  train-only epoch: 171.6s
  -> Best model saved (36.83%)
[Epoch 5] Summarizing hook timing...

[HOOK_TIMING_SUMMARY] epoch=5
[HOOK_WORK_SUMMARY] label=nccl:recursive_doubling_zfp_naive:rate16 calls=3120 work_total_ms=166397.663 work_mean_ms=53.333 work_min_ms=20.111 work_max_ms=115.412
[HOOK_TAIL_SUMMARY] label=nccl:recursive_doubling_zfp_naive:rate16 steps=390 tail_total_ms=162655.216 tail_mean_ms=417.065 tail_min_ms=369.168 tail_max_ms=514.679
[Epoch 5] Hook timing summary done

[Epoch 6] Training... (lr at epoch start=0.050000)
  Batch [50/390] Loss: 1.6277, Acc: 39.00%, lr: 0.047987
  Batch [100/390] Loss: 1.6819, Acc: 35.75%, lr: 0.045977
  Batch [150/390] Loss: 1.7042, Acc: 34.50%, lr: 0.043973
  Batch [200/390] Loss: 1.6756, Acc: 35.62%, lr: 0.041979
  Batch [250/390] Loss: 1.6732, Acc: 35.70%, lr: 0.039999
  Batch [300/390] Loss: 1.6746, Acc: 36.08%, lr: 0.038034
  Batch [350/390] Loss: 1.6879, Acc: 35.93%, lr: 0.036089
[Epoch 6] Train Loss: 1.6760, Acc: 36.99%  |  Val Loss: 1.5981, Acc: 41.59%  |  Time: 194.7s
[Epoch 6] t_iter median: 455.02 ms  (fwd 7.61 | bwd+comm 444.02 | opt 3.23 | data 0.11)  |  train-only epoch: 179.4s
  -> Best model saved (41.59%)
[Epoch 6] Summarizing hook timing...

[HOOK_TIMING_SUMMARY] epoch=6
[HOOK_WORK_SUMMARY] label=nccl:recursive_doubling_zfp_naive:rate16 calls=3120 work_total_ms=174412.754 work_mean_ms=55.902 work_min_ms=21.309 work_max_ms=118.311
[HOOK_TAIL_SUMMARY] label=nccl:recursive_doubling_zfp_naive:rate16 steps=390 tail_total_ms=170912.966 tail_mean_ms=438.238 tail_min_ms=399.825 tail_max_ms=503.784
[Epoch 6] Hook timing summary done

[Epoch 7] Training... (lr at epoch start=0.034549)
  Batch [50/390] Loss: 1.5950, Acc: 39.00%, lr: 0.032647
  Batch [100/390] Loss: 1.6361, Acc: 38.00%, lr: 0.030773
  Batch [150/390] Loss: 1.5957, Acc: 40.00%, lr: 0.028930
  Batch [200/390] Loss: 1.5838, Acc: 40.50%, lr: 0.027121
  Batch [250/390] Loss: 1.5935, Acc: 40.00%, lr: 0.025350
  Batch [300/390] Loss: 1.5882, Acc: 40.25%, lr: 0.023618
  Batch [350/390] Loss: 1.5737, Acc: 41.00%, lr: 0.021929
[Epoch 7] Train Loss: 1.5639, Acc: 41.47%  |  Val Loss: 1.5405, Acc: 44.56%  |  Time: 194.0s
[Epoch 7] t_iter median: 454.23 ms  (fwd 7.83 | bwd+comm 442.84 | opt 3.38 | data 0.13)  |  train-only epoch: 179.0s
  -> Best model saved (44.56%)
[Epoch 7] Summarizing hook timing...

[HOOK_TIMING_SUMMARY] epoch=7
[HOOK_WORK_SUMMARY] label=nccl:recursive_doubling_zfp_naive:rate16 calls=3120 work_total_ms=173711.332 work_mean_ms=55.677 work_min_ms=21.419 work_max_ms=120.475
[HOOK_TAIL_SUMMARY] label=nccl:recursive_doubling_zfp_naive:rate16 steps=390 tail_total_ms=170032.718 tail_mean_ms=435.981 tail_min_ms=407.920 tail_max_ms=520.305
[Epoch 7] Hook timing summary done

[Epoch 8] Training... (lr at epoch start=0.020611)
  Batch [50/390] Loss: 1.6522, Acc: 39.50%, lr: 0.019006
  Batch [100/390] Loss: 1.6228, Acc: 40.50%, lr: 0.017451
  Batch [150/390] Loss: 1.5355, Acc: 44.17%, lr: 0.015949
  Batch [200/390] Loss: 1.5396, Acc: 43.00%, lr: 0.014503
  Batch [250/390] Loss: 1.5312, Acc: 43.00%, lr: 0.013113
  Batch [300/390] Loss: 1.5171, Acc: 44.17%, lr: 0.011784
  Batch [350/390] Loss: 1.5205, Acc: 44.00%, lr: 0.010517
[Epoch 8] Train Loss: 1.5137, Acc: 44.23%  |  Val Loss: 1.5530, Acc: 45.46%  |  Time: 195.9s
[Epoch 8] t_iter median: 462.69 ms  (fwd 7.68 | bwd+comm 451.65 | opt 3.29 | data 0.14)  |  train-only epoch: 180.3s
  -> Best model saved (45.46%)
[Epoch 8] Summarizing hook timing...

[HOOK_TIMING_SUMMARY] epoch=8
[HOOK_WORK_SUMMARY] label=nccl:recursive_doubling_zfp_naive:rate16 calls=3120 work_total_ms=175149.143 work_mean_ms=56.138 work_min_ms=20.948 work_max_ms=119.521
[HOOK_TAIL_SUMMARY] label=nccl:recursive_doubling_zfp_naive:rate16 steps=390 tail_total_ms=171430.219 tail_mean_ms=439.565 tail_min_ms=373.621 tail_max_ms=535.455
[Epoch 8] Hook timing summary done

[Epoch 9] Training... (lr at epoch start=0.009549)
  Batch [50/390] Loss: 1.5774, Acc: 43.50%, lr: 0.008399
  Batch [100/390] Loss: 1.5197, Acc: 46.75%, lr: 0.007315
  Batch [150/390] Loss: 1.5275, Acc: 45.17%, lr: 0.006302
  Batch [200/390] Loss: 1.5070, Acc: 45.62%, lr: 0.005359
  Batch [250/390] Loss: 1.4889, Acc: 46.60%, lr: 0.004488
  Batch [300/390] Loss: 1.4746, Acc: 47.00%, lr: 0.003691
  Batch [350/390] Loss: 1.4774, Acc: 47.29%, lr: 0.002970
[Epoch 9] Train Loss: 1.4841, Acc: 47.24%  |  Val Loss: 1.4293, Acc: 48.05%  |  Time: 192.4s
[Epoch 9] t_iter median: 457.70 ms  (fwd 7.74 | bwd+comm 446.73 | opt 3.35 | data 0.15)  |  train-only epoch: 177.7s
  -> Best model saved (48.05%)
[Epoch 9] Summarizing hook timing...

[HOOK_TIMING_SUMMARY] epoch=9
[HOOK_WORK_SUMMARY] label=nccl:recursive_doubling_zfp_naive:rate16 calls=3120 work_total_ms=172565.332 work_mean_ms=55.309 work_min_ms=19.595 work_max_ms=120.357
[HOOK_TAIL_SUMMARY] label=nccl:recursive_doubling_zfp_naive:rate16 steps=390 tail_total_ms=168938.494 tail_mean_ms=433.176 tail_min_ms=371.490 tail_max_ms=522.493
[Epoch 9] Hook timing summary done

[Epoch 10] Training... (lr at epoch start=0.002447)
  Batch [50/390] Loss: 1.3984, Acc: 47.00%, lr: 0.001864
  Batch [100/390] Loss: 1.4469, Acc: 43.50%, lr: 0.001358
  Batch [150/390] Loss: 1.4017, Acc: 46.50%, lr: 0.000931
  Batch [200/390] Loss: 1.3825, Acc: 48.12%, lr: 0.000584
  Batch [250/390] Loss: 1.3897, Acc: 48.00%, lr: 0.000318
  Batch [300/390] Loss: 1.3982, Acc: 48.08%, lr: 0.000131
  Batch [350/390] Loss: 1.3984, Acc: 49.00%, lr: 0.000026
[Epoch 10] Train Loss: 1.4063, Acc: 48.33%  |  Val Loss: 1.3662, Acc: 50.58%  |  Time: 202.4s
[Epoch 10] t_iter median: 460.66 ms  (fwd 7.55 | bwd+comm 449.13 | opt 3.28 | data 0.15)  |  train-only epoch: 187.5s
  -> Best model saved (50.58%)
[Epoch 10] Summarizing hook timing...

[HOOK_TIMING_SUMMARY] epoch=10
[HOOK_WORK_SUMMARY] label=nccl:recursive_doubling_zfp_naive:rate16 calls=3120 work_total_ms=182434.613 work_mean_ms=58.473 work_min_ms=21.488 work_max_ms=121.875
[HOOK_TAIL_SUMMARY] label=nccl:recursive_doubling_zfp_naive:rate16 steps=390 tail_total_ms=178851.243 tail_mean_ms=458.593 tail_min_ms=383.748 tail_max_ms=527.077
[Epoch 10] Hook timing summary done

================================================================================
Done in 1942.4s | Best val acc: 50.58%
Epoch times (train+val): mean=193.4s  min=185.0s  max=202.4s
Train-only epoch time (epochs 2..N): median=178.45s  min=169.57s  max=187.50s
  -> use this for STRONG scaling (fixed global batch)
  -> use t_iter_median_ms from the CSV for WEAK scaling (fixed local batch)
================================================================================
=== Finished training: model=wide_resnet50_2, dataset=cifar10, batch=4, lr=0.1, scheduler=cosine, backend=nccl, hook=recursive_doubling_zfp_naive, zfp_rate=16, status=0 at Wed Jul 29 09:39:20 PM UTC 2026 ===
=== Starting: model=wide_resnet50_2, ws=32, bs=4, gb=128, lr=0.1, sched=cosine, warmup=0, mom=0.9, wd=5e-4, nesterov=true, wd_bn_bias=false, backend=nccl, hook=recursive_doubling_zfp_online_coll, zfp=16 at Wed Jul 29 09:39:20 PM UTC 2026 ===

================================================================================
DISTRIBUTED TRAINING LAUNCHER
================================================================================
  Model:      wide_resnet50_2 (CIFAR stem) (from scratch)
  Dataset:    cifar10 (10 classes)
  Image size: 32
  LR:         0.1
  Momentum:   0.9 (nesterov=True)
  Optimizer:  sgd
  Weight dec: 0.0005 (on BN/bias=False)
  Backend:    nccl
  Algorithm:  recursive_doubling_zfp_online_coll
  ZFP rate:   16
  Epochs:     10
  Batch/rank: 4
  LR:         0.1
  Scheduler:  cosine
  Warmup:     0
  Grad clip:  None
  Drop last:  True
  Data dir:   ./data
================================================================================


================================================================================
Distributed Training: WIDE_RESNET50_2 on CIFAR10
Backend: NCCL, Algorithm: recursive_doubling_zfp_online_coll
================================================================================
Ranks: 32, Epochs: 10, Batch/rank: 4, Effective batch: 128
LR: 0.1, Device: cuda:0

[Cache] Pretrained weights cache (TORCH_HOME) = ./data/pretrained_weights_cache
[Setup] Model on cuda:0, wrapped in DDP (static_graph=True)
[Setup] Hook registered: nccl/recursive_doubling_zfp_online_coll
[Optim] SGD: lr=0.1 momentum=0.9 nesterov=True wd=0.0005 wd_on_bn_bias=False
[Optim]   group 0: 66,778,816 params, wd=0.0005
[Optim]   group 1: 68,234 params, wd=0.0

================================================================================
DISTRIBUTED TRAINING LAUNCHER
================================================================================
  Model:      wide_resnet50_2 (CIFAR stem) (from scratch)
  Dataset:    cifar10 (10 classes)
  Image size: 32
  LR:         0.1
  Momentum:   0.9 (nesterov=True)
  Optimizer:  sgd
  Weight dec: 0.0005 (on BN/bias=False)
  Backend:    nccl
  Algorithm:  recursive_doubling_zfp_online_coll
  ZFP rate:   16
  Epochs:     10
  Batch/rank: 4
  LR:         0.1
  Scheduler:  cosine
  Warmup:     0
  Grad clip:  None
  Drop last:  True
  Data dir:   ./data
================================================================================


================================================================================
DISTRIBUTED TRAINING LAUNCHER
================================================================================
  Model:      wide_resnet50_2 (CIFAR stem) (from scratch)
  Dataset:    cifar10 (10 classes)
  Image size: 32
  LR:         0.1
  Momentum:   0.9 (nesterov=True)
  Optimizer:  sgd
  Weight dec: 0.0005 (on BN/bias=False)
  Backend:    nccl
  Algorithm:  recursive_doubling_zfp_online_coll
  ZFP rate:   16
  Epochs:     10
  Batch/rank: 4
  LR:         0.1
  Scheduler:  cosine
  Warmup:     0
  Grad clip:  None
  Drop last:  True
  Data dir:   ./data
================================================================================


================================================================================
DISTRIBUTED TRAINING LAUNCHER
================================================================================
  Model:      wide_resnet50_2 (CIFAR stem) (from scratch)
  Dataset:    cifar10 (10 classes)
  Image size: 32
  LR:         0.1
  Momentum:   0.9 (nesterov=True)
  Optimizer:  sgd
  Weight dec: 0.0005 (on BN/bias=False)
  Backend:    nccl
  Algorithm:  recursive_doubling_zfp_online_coll
  ZFP rate:   16
  Epochs:     10
  Batch/rank: 4
  LR:         0.1
  Scheduler:  cosine
  Warmup:     0
  Grad clip:  None
  Drop last:  True
  Data dir:   ./data
================================================================================


================================================================================
DISTRIBUTED TRAINING LAUNCHER
================================================================================
  Model:      wide_resnet50_2 (CIFAR stem) (from scratch)
  Dataset:    cifar10 (10 classes)
  Image size: 32
  LR:         0.1
  Momentum:   0.9 (nesterov=True)
  Optimizer:  sgd
  Weight dec: 0.0005 (on BN/bias=False)
  Backend:    nccl
  Algorithm:  recursive_doubling_zfp_online_coll
  ZFP rate:   16
  Epochs:     10
  Batch/rank: 4
  LR:         0.1
  Scheduler:  cosine
  Warmup:     0
  Grad clip:  None
  Drop last:  True
  Data dir:   ./data
================================================================================


================================================================================
DISTRIBUTED TRAINING LAUNCHER
================================================================================
  Model:      wide_resnet50_2 (CIFAR stem) (from scratch)
  Dataset:    cifar10 (10 classes)
  Image size: 32
  LR:         0.1
  Momentum:   0.9 (nesterov=True)
  Optimizer:  sgd
  Weight dec: 0.0005 (on BN/bias=False)
  Backend:    nccl
  Algorithm:  recursive_doubling_zfp_online_coll
  ZFP rate:   16
  Epochs:     10
  Batch/rank: 4
  LR:         0.1
  Scheduler:  cosine
  Warmup:     0
  Grad clip:  None
  Drop last:  True
  Data dir:   ./data
================================================================================


================================================================================
DISTRIBUTED TRAINING LAUNCHER
================================================================================
  Model:      wide_resnet50_2 (CIFAR stem) (from scratch)
  Dataset:    cifar10 (10 classes)
  Image size: 32
  LR:         0.1
  Momentum:   0.9 (nesterov=True)
  Optimizer:  sgd
  Weight dec: 0.0005 (on BN/bias=False)
  Backend:    nccl
  Algorithm:  recursive_doubling_zfp_online_coll
  ZFP rate:   16
  Epochs:     10
  Batch/rank: 4
  LR:         0.1
  Scheduler:  cosine
  Warmup:     0
  Grad clip:  None
  Drop last:  True
  Data dir:   ./data
================================================================================


================================================================================
DISTRIBUTED TRAINING LAUNCHER
================================================================================
  Model:      wide_resnet50_2 (CIFAR stem) (from scratch)
  Dataset:    cifar10 (10 classes)
  Image size: 32
  LR:         0.1
  Momentum:   0.9 (nesterov=True)
  Optimizer:  sgd
  Weight dec: 0.0005 (on BN/bias=False)
  Backend:    nccl
  Algorithm:  recursive_doubling_zfp_online_coll
  ZFP rate:   16
  Epochs:     10
  Batch/rank: 4
  LR:         0.1
  Scheduler:  cosine
  Warmup:     0
  Grad clip:  None
  Drop last:  True
  Data dir:   ./data
================================================================================


================================================================================
DISTRIBUTED TRAINING LAUNCHER
================================================================================
  Model:      wide_resnet50_2 (CIFAR stem) (from scratch)
  Dataset:    cifar10 (10 classes)
  Image size: 32
  LR:         0.1
  Momentum:   0.9 (nesterov=True)
  Optimizer:  sgd
  Weight dec: 0.0005 (on BN/bias=False)
  Backend:    nccl
  Algorithm:  recursive_doubling_zfp_online_coll
  ZFP rate:   16
  Epochs:     10
  Batch/rank: 4
  LR:         0.1
  Scheduler:  cosine
  Warmup:     0
  Grad clip:  None
  Drop last:  True
  Data dir:   ./data
================================================================================


================================================================================
DISTRIBUTED TRAINING LAUNCHER
================================================================================
  Model:      wide_resnet50_2 (CIFAR stem) (from scratch)
  Dataset:    cifar10 (10 classes)
  Image size: 32
  LR:         0.1
  Momentum:   0.9 (nesterov=True)
  Optimizer:  sgd
  Weight dec: 0.0005 (on BN/bias=False)
  Backend:    nccl
  Algorithm:  recursive_doubling_zfp_online_coll
  ZFP rate:   16
  Epochs:     10
  Batch/rank: 4
  LR:         0.1
  Scheduler:  cosine
  Warmup:     0
  Grad clip:  None
  Drop last:  True
  Data dir:   ./data
================================================================================


================================================================================
DISTRIBUTED TRAINING LAUNCHER
================================================================================
  Model:      wide_resnet50_2 (CIFAR stem) (from scratch)
  Dataset:    cifar10 (10 classes)
  Image size: 32
  LR:         0.1
  Momentum:   0.9 (nesterov=True)
  Optimizer:  sgd
  Weight dec: 0.0005 (on BN/bias=False)
  Backend:    nccl
  Algorithm:  recursive_doubling_zfp_online_coll
  ZFP rate:   16
  Epochs:     10
  Batch/rank: 4
  LR:         0.1
  Scheduler:  cosine
  Warmup:     0
  Grad clip:  None
  Drop last:  True
  Data dir:   ./data
================================================================================


================================================================================
DISTRIBUTED TRAINING LAUNCHER
================================================================================
  Model:      wide_resnet50_2 (CIFAR stem) (from scratch)
  Dataset:    cifar10 (10 classes)
  Image size: 32
  LR:         0.1
  Momentum:   0.9 (nesterov=True)
  Optimizer:  sgd
  Weight dec: 0.0005 (on BN/bias=False)
  Backend:    nccl
  Algorithm:  recursive_doubling_zfp_online_coll
  ZFP rate:   16
  Epochs:     10
  Batch/rank: 4
  LR:         0.1
  Scheduler:  cosine
  Warmup:     0
  Grad clip:  None
  Drop last:  True
  Data dir:   ./data
================================================================================


================================================================================
DISTRIBUTED TRAINING LAUNCHER
================================================================================
  Model:      wide_resnet50_2 (CIFAR stem) (from scratch)
  Dataset:    cifar10 (10 classes)
  Image size: 32
  LR:         0.1
  Momentum:   0.9 (nesterov=True)
  Optimizer:  sgd
  Weight dec: 0.0005 (on BN/bias=False)
  Backend:    nccl
  Algorithm:  recursive_doubling_zfp_online_coll
  ZFP rate:   16
  Epochs:     10
  Batch/rank: 4
  LR:         0.1
  Scheduler:  cosine
  Warmup:     0
  Grad clip:  None
  Drop last:  True
  Data dir:   ./data
================================================================================


================================================================================
DISTRIBUTED TRAINING LAUNCHER
================================================================================
  Model:      wide_resnet50_2 (CIFAR stem) (from scratch)
  Dataset:    cifar10 (10 classes)
  Image size: 32
  LR:         0.1
  Momentum:   0.9 (nesterov=True)
  Optimizer:  sgd
  Weight dec: 0.0005 (on BN/bias=False)
  Backend:    nccl
  Algorithm:  recursive_doubling_zfp_online_coll
  ZFP rate:   16
  Epochs:     10
  Batch/rank: 4
  LR:         0.1
  Scheduler:  cosine
  Warmup:     0
  Grad clip:  None
  Drop last:  True
  Data dir:   ./data
================================================================================


================================================================================
DISTRIBUTED TRAINING LAUNCHER
================================================================================
  Model:      wide_resnet50_2 (CIFAR stem) (from scratch)
  Dataset:    cifar10 (10 classes)
  Image size: 32
  LR:         0.1
  Momentum:   0.9 (nesterov=True)
  Optimizer:  sgd
  Weight dec: 0.0005 (on BN/bias=False)
  Backend:    nccl
  Algorithm:  recursive_doubling_zfp_online_coll
  ZFP rate:   16
  Epochs:     10
  Batch/rank: 4
  LR:         0.1
  Scheduler:  cosine
  Warmup:     0
  Grad clip:  None
  Drop last:  True
  Data dir:   ./data
================================================================================


================================================================================
DISTRIBUTED TRAINING LAUNCHER
================================================================================
  Model:      wide_resnet50_2 (CIFAR stem) (from scratch)
  Dataset:    cifar10 (10 classes)
  Image size: 32
  LR:         0.1
  Momentum:   0.9 (nesterov=True)
  Optimizer:  sgd
  Weight dec: 0.0005 (on BN/bias=False)
  Backend:    nccl
  Algorithm:  recursive_doubling_zfp_online_coll
  ZFP rate:   16
  Epochs:     10
  Batch/rank: 4
  LR:         0.1
  Scheduler:  cosine
  Warmup:     0
  Grad clip:  None
  Drop last:  True
  Data dir:   ./data
================================================================================

[Data] Train batches: 390, Val batches: 2500

[Sched] cosine: steps/epoch=390, total_steps=3900, warmup_steps=0 (0 epochs)


[Epoch 1] Training... (lr at epoch start=0.100000)

================================================================================
DISTRIBUTED TRAINING LAUNCHER
================================================================================
  Model:      wide_resnet50_2 (CIFAR stem) (from scratch)
  Dataset:    cifar10 (10 classes)
  Image size: 32
  LR:         0.1
  Momentum:   0.9 (nesterov=True)
  Optimizer:  sgd
  Weight dec: 0.0005 (on BN/bias=False)
  Backend:    nccl
  Algorithm:  recursive_doubling_zfp_online_coll
  ZFP rate:   16
  Epochs:     10
  Batch/rank: 4
  LR:         0.1
  Scheduler:  cosine
  Warmup:     0
  Grad clip:  None
  Drop last:  True
  Data dir:   ./data
================================================================================


================================================================================
DISTRIBUTED TRAINING LAUNCHER
================================================================================
  Model:      wide_resnet50_2 (CIFAR stem) (from scratch)
  Dataset:    cifar10 (10 classes)
  Image size: 32
  LR:         0.1
  Momentum:   0.9 (nesterov=True)
  Optimizer:  sgd
  Weight dec: 0.0005 (on BN/bias=False)
  Backend:    nccl
  Algorithm:  recursive_doubling_zfp_online_coll
  ZFP rate:   16
  Epochs:     10
  Batch/rank: 4
  LR:         0.1
  Scheduler:  cosine
  Warmup:     0
  Grad clip:  None
  Drop last:  True
  Data dir:   ./data
================================================================================


================================================================================
DISTRIBUTED TRAINING LAUNCHER
================================================================================
  Model:      wide_resnet50_2 (CIFAR stem) (from scratch)
  Dataset:    cifar10 (10 classes)
  Image size: 32
  LR:         0.1
  Momentum:   0.9 (nesterov=True)
  Optimizer:  sgd
  Weight dec: 0.0005 (on BN/bias=False)
  Backend:    nccl
  Algorithm:  recursive_doubling_zfp_online_coll
  ZFP rate:   16
  Epochs:     10
  Batch/rank: 4
  LR:         0.1
  Scheduler:  cosine
  Warmup:     0
  Grad clip:  None
  Drop last:  True
  Data dir:   ./data
================================================================================


================================================================================
DISTRIBUTED TRAINING LAUNCHER
================================================================================
  Model:      wide_resnet50_2 (CIFAR stem) (from scratch)
  Dataset:    cifar10 (10 classes)
  Image size: 32
  LR:         0.1
  Momentum:   0.9 (nesterov=True)
  Optimizer:  sgd
  Weight dec: 0.0005 (on BN/bias=False)
  Backend:    nccl
  Algorithm:  recursive_doubling_zfp_online_coll
  ZFP rate:   16
  Epochs:     10
  Batch/rank: 4
  LR:         0.1
  Scheduler:  cosine
  Warmup:     0
  Grad clip:  None
  Drop last:  True
  Data dir:   ./data
================================================================================


================================================================================
DISTRIBUTED TRAINING LAUNCHER
================================================================================
  Model:      wide_resnet50_2 (CIFAR stem) (from scratch)
  Dataset:    cifar10 (10 classes)
  Image size: 32
  LR:         0.1
  Momentum:   0.9 (nesterov=True)
  Optimizer:  sgd
  Weight dec: 0.0005 (on BN/bias=False)
  Backend:    nccl
  Algorithm:  recursive_doubling_zfp_online_coll
  ZFP rate:   16
  Epochs:     10
  Batch/rank: 4
  LR:         0.1
  Scheduler:  cosine
  Warmup:     0
  Grad clip:  None
  Drop last:  True
  Data dir:   ./data
================================================================================


================================================================================
DISTRIBUTED TRAINING LAUNCHER
================================================================================
  Model:      wide_resnet50_2 (CIFAR stem) (from scratch)
  Dataset:    cifar10 (10 classes)
  Image size: 32
  LR:         0.1
  Momentum:   0.9 (nesterov=True)
  Optimizer:  sgd
  Weight dec: 0.0005 (on BN/bias=False)
  Backend:    nccl
  Algorithm:  recursive_doubling_zfp_online_coll
  ZFP rate:   16
  Epochs:     10
  Batch/rank: 4
  LR:         0.1
  Scheduler:  cosine
  Warmup:     0
  Grad clip:  None
  Drop last:  True
  Data dir:   ./data
================================================================================


================================================================================
DISTRIBUTED TRAINING LAUNCHER
================================================================================
  Model:      wide_resnet50_2 (CIFAR stem) (from scratch)
  Dataset:    cifar10 (10 classes)
  Image size: 32
  LR:         0.1
  Momentum:   0.9 (nesterov=True)
  Optimizer:  sgd
  Weight dec: 0.0005 (on BN/bias=False)
  Backend:    nccl
  Algorithm:  recursive_doubling_zfp_online_coll
  ZFP rate:   16
  Epochs:     10
  Batch/rank: 4
  LR:         0.1
  Scheduler:  cosine
  Warmup:     0
  Grad clip:  None
  Drop last:  True
  Data dir:   ./data
================================================================================


================================================================================
DISTRIBUTED TRAINING LAUNCHER
================================================================================
  Model:      wide_resnet50_2 (CIFAR stem) (from scratch)
  Dataset:    cifar10 (10 classes)
  Image size: 32
  LR:         0.1
  Momentum:   0.9 (nesterov=True)
  Optimizer:  sgd
  Weight dec: 0.0005 (on BN/bias=False)
  Backend:    nccl
  Algorithm:  recursive_doubling_zfp_online_coll
  ZFP rate:   16
  Epochs:     10
  Batch/rank: 4
  LR:         0.1
  Scheduler:  cosine
  Warmup:     0
  Grad clip:  None
  Drop last:  True
  Data dir:   ./data
================================================================================


================================================================================
DISTRIBUTED TRAINING LAUNCHER
================================================================================
  Model:      wide_resnet50_2 (CIFAR stem) (from scratch)
  Dataset:    cifar10 (10 classes)
  Image size: 32
  LR:         0.1
  Momentum:   0.9 (nesterov=True)
  Optimizer:  sgd
  Weight dec: 0.0005 (on BN/bias=False)
  Backend:    nccl
  Algorithm:  recursive_doubling_zfp_online_coll
  ZFP rate:   16
  Epochs:     10
  Batch/rank: 4
  LR:         0.1
  Scheduler:  cosine
  Warmup:     0
  Grad clip:  None
  Drop last:  True
  Data dir:   ./data
================================================================================


================================================================================
DISTRIBUTED TRAINING LAUNCHER
================================================================================
  Model:      wide_resnet50_2 (CIFAR stem) (from scratch)
  Dataset:    cifar10 (10 classes)
  Image size: 32
  LR:         0.1
  Momentum:   0.9 (nesterov=True)
  Optimizer:  sgd
  Weight dec: 0.0005 (on BN/bias=False)
  Backend:    nccl
  Algorithm:  recursive_doubling_zfp_online_coll
  ZFP rate:   16
  Epochs:     10
  Batch/rank: 4
  LR:         0.1
  Scheduler:  cosine
  Warmup:     0
  Grad clip:  None
  Drop last:  True
  Data dir:   ./data
================================================================================


================================================================================
DISTRIBUTED TRAINING LAUNCHER
================================================================================
  Model:      wide_resnet50_2 (CIFAR stem) (from scratch)
  Dataset:    cifar10 (10 classes)
  Image size: 32
  LR:         0.1
  Momentum:   0.9 (nesterov=True)
  Optimizer:  sgd
  Weight dec: 0.0005 (on BN/bias=False)
  Backend:    nccl
  Algorithm:  recursive_doubling_zfp_online_coll
  ZFP rate:   16
  Epochs:     10
  Batch/rank: 4
  LR:         0.1
  Scheduler:  cosine
  Warmup:     0
  Grad clip:  None
  Drop last:  True
  Data dir:   ./data
================================================================================


================================================================================
DISTRIBUTED TRAINING LAUNCHER
================================================================================
  Model:      wide_resnet50_2 (CIFAR stem) (from scratch)
  Dataset:    cifar10 (10 classes)
  Image size: 32
  LR:         0.1
  Momentum:   0.9 (nesterov=True)
  Optimizer:  sgd
  Weight dec: 0.0005 (on BN/bias=False)
  Backend:    nccl
  Algorithm:  recursive_doubling_zfp_online_coll
  ZFP rate:   16
  Epochs:     10
  Batch/rank: 4
  LR:         0.1
  Scheduler:  cosine
  Warmup:     0
  Grad clip:  None
  Drop last:  True
  Data dir:   ./data
================================================================================


================================================================================
DISTRIBUTED TRAINING LAUNCHER
================================================================================
  Model:      wide_resnet50_2 (CIFAR stem) (from scratch)
  Dataset:    cifar10 (10 classes)
  Image size: 32
  LR:         0.1
  Momentum:   0.9 (nesterov=True)
  Optimizer:  sgd
  Weight dec: 0.0005 (on BN/bias=False)
  Backend:    nccl
  Algorithm:  recursive_doubling_zfp_online_coll
  ZFP rate:   16
  Epochs:     10
  Batch/rank: 4
  LR:         0.1
  Scheduler:  cosine
  Warmup:     0
  Grad clip:  None
  Drop last:  True
  Data dir:   ./data
================================================================================


================================================================================
DISTRIBUTED TRAINING LAUNCHER
================================================================================
  Model:      wide_resnet50_2 (CIFAR stem) (from scratch)
  Dataset:    cifar10 (10 classes)
  Image size: 32
  LR:         0.1
  Momentum:   0.9 (nesterov=True)
  Optimizer:  sgd
  Weight dec: 0.0005 (on BN/bias=False)
  Backend:    nccl
  Algorithm:  recursive_doubling_zfp_online_coll
  ZFP rate:   16
  Epochs:     10
  Batch/rank: 4
  LR:         0.1
  Scheduler:  cosine
  Warmup:     0
  Grad clip:  None
  Drop last:  True
  Data dir:   ./data
================================================================================


================================================================================
DISTRIBUTED TRAINING LAUNCHER
================================================================================
  Model:      wide_resnet50_2 (CIFAR stem) (from scratch)
  Dataset:    cifar10 (10 classes)
  Image size: 32
  LR:         0.1
  Momentum:   0.9 (nesterov=True)
  Optimizer:  sgd
  Weight dec: 0.0005 (on BN/bias=False)
  Backend:    nccl
  Algorithm:  recursive_doubling_zfp_online_coll
  ZFP rate:   16
  Epochs:     10
  Batch/rank: 4
  LR:         0.1
  Scheduler:  cosine
  Warmup:     0
  Grad clip:  None
  Drop last:  True
  Data dir:   ./data
================================================================================


================================================================================
DISTRIBUTED TRAINING LAUNCHER
================================================================================
  Model:      wide_resnet50_2 (CIFAR stem) (from scratch)
  Dataset:    cifar10 (10 classes)
  Image size: 32
  LR:         0.1
  Momentum:   0.9 (nesterov=True)
  Optimizer:  sgd
  Weight dec: 0.0005 (on BN/bias=False)
  Backend:    nccl
  Algorithm:  recursive_doubling_zfp_online_coll
  ZFP rate:   16
  Epochs:     10
  Batch/rank: 4
  LR:         0.1
  Scheduler:  cosine
  Warmup:     0
  Grad clip:  None
  Drop last:  True
  Data dir:   ./data
================================================================================

  Batch [50/390] Loss: 42.6114, Acc: 13.00%, lr: 0.099959
  Batch [100/390] Loss: 34.5874, Acc: 12.00%, lr: 0.099838
  Batch [150/390] Loss: 30.2431, Acc: 12.83%, lr: 0.099635
  Batch [200/390] Loss: 27.5238, Acc: 12.00%, lr: 0.099353
  Batch [250/390] Loss: 25.0938, Acc: 12.60%, lr: 0.098990
  Batch [300/390] Loss: 23.2941, Acc: 12.08%, lr: 0.098547
  Batch [350/390] Loss: 22.2990, Acc: 12.07%, lr: 0.098026
[Epoch 1] Train Loss: 21.5746, Acc: 12.24%  |  Val Loss: 610.6556, Acc: 13.69%  |  Time: 89.2s
[Epoch 1] t_iter median: 180.09 ms  (fwd 7.87 | bwd+comm 168.69 | opt 3.38 | data 0.14)  |  train-only epoch: 74.4s
  -> Best model saved (13.69%)
[Epoch 1] Summarizing hook timing...

[HOOK_TIMING_SUMMARY] epoch=1
[HOOK_WORK_SUMMARY] label=nccl:hier_zfp_online_coll:rate16 calls=3106 work_total_ms=66369.811 work_mean_ms=21.368 work_min_ms=7.890 work_max_ms=461.957
[HOOK_TAIL_SUMMARY] label=nccl:recursive_doubling_zfp_online_coll:rate16 steps=391 tail_total_ms=62084.449 tail_mean_ms=158.784 tail_min_ms=128.249 tail_max_ms=986.434
[Epoch 1] Hook timing summary done

[Epoch 2] Training... (lr at epoch start=0.097553)
  Batch [50/390] Loss: 13.2422, Acc: 12.00%, lr: 0.096892
  Batch [100/390] Loss: 13.1593, Acc: 12.75%, lr: 0.096155
  Batch [150/390] Loss: 12.7438, Acc: 13.33%, lr: 0.095344
  Batch [200/390] Loss: 12.5803, Acc: 14.00%, lr: 0.094459
  Batch [250/390] Loss: 12.1783, Acc: 13.90%, lr: 0.093501
  Batch [300/390] Loss: 12.2225, Acc: 13.75%, lr: 0.092473
  Batch [350/390] Loss: 12.3974, Acc: 14.14%, lr: 0.091377
[Epoch 2] Train Loss: 12.3209, Acc: 13.78%  |  Val Loss: 433.9009, Acc: 11.82%  |  Time: 84.5s
[Epoch 2] t_iter median: 178.92 ms  (fwd 7.55 | bwd+comm 167.87 | opt 3.26 | data 0.15)  |  train-only epoch: 69.7s
[Epoch 2] Summarizing hook timing...

[HOOK_TIMING_SUMMARY] epoch=2
[HOOK_WORK_SUMMARY] label=nccl:hier_zfp_online_coll:rate16 calls=3120 work_total_ms=64593.355 work_mean_ms=20.703 work_min_ms=8.112 work_max_ms=40.833
[HOOK_TAIL_SUMMARY] label=nccl:recursive_doubling_zfp_online_coll:rate16 steps=390 tail_total_ms=59502.940 tail_mean_ms=152.572 tail_min_ms=146.349 tail_max_ms=184.346
[Epoch 2] Hook timing summary done

[Epoch 3] Training... (lr at epoch start=0.090451)
  Batch [50/390] Loss: 10.3522, Acc: 16.00%, lr: 0.089235
  Batch [100/390] Loss: 10.2636, Acc: 16.00%, lr: 0.087955
  Batch [150/390] Loss: 10.6988, Acc: 14.33%, lr: 0.086613
  Batch [200/390] Loss: 10.7701, Acc: 13.25%, lr: 0.085213
  Batch [250/390] Loss: 10.1444, Acc: 13.20%, lr: 0.083755
  Batch [300/390] Loss: 10.0569, Acc: 13.42%, lr: 0.082242
  Batch [350/390] Loss: 9.9225, Acc: 13.29%, lr: 0.080677
[Epoch 3] Train Loss: 9.6483, Acc: 13.78%  |  Val Loss: 213.8441, Acc: 12.21%  |  Time: 88.4s
[Epoch 3] t_iter median: 186.88 ms  (fwd 7.66 | bwd+comm 175.72 | opt 3.33 | data 0.12)  |  train-only epoch: 73.5s
[Epoch 3] Summarizing hook timing...

[HOOK_TIMING_SUMMARY] epoch=3
[HOOK_WORK_SUMMARY] label=nccl:hier_zfp_online_coll:rate16 calls=3120 work_total_ms=68298.257 work_mean_ms=21.890 work_min_ms=8.255 work_max_ms=457.391
[HOOK_TAIL_SUMMARY] label=nccl:recursive_doubling_zfp_online_coll:rate16 steps=390 tail_total_ms=63343.117 tail_mean_ms=162.418 tail_min_ms=158.198 tail_max_ms=609.712
[Epoch 3] Hook timing summary done

[Epoch 4] Training... (lr at epoch start=0.079389)
  Batch [50/390] Loss: 7.4633, Acc: 16.50%, lr: 0.077737
  Batch [100/390] Loss: 8.1768, Acc: 15.25%, lr: 0.076039
  Batch [150/390] Loss: 7.9468, Acc: 15.67%, lr: 0.074299
  Batch [200/390] Loss: 7.7879, Acc: 16.00%, lr: 0.072520
  Batch [250/390] Loss: 7.9271, Acc: 15.40%, lr: 0.070704
  Batch [300/390] Loss: 7.7802, Acc: 15.75%, lr: 0.068855
  Batch [350/390] Loss: 7.5165, Acc: 15.36%, lr: 0.066975
[Epoch 4] Train Loss: 7.4367, Acc: 15.26%  |  Val Loss: 310.4665, Acc: 15.63%  |  Time: 88.0s
[Epoch 4] t_iter median: 187.27 ms  (fwd 7.53 | bwd+comm 176.30 | opt 3.32 | data 0.14)  |  train-only epoch: 73.3s
  -> Best model saved (15.63%)
[Epoch 4] Summarizing hook timing...

[HOOK_TIMING_SUMMARY] epoch=4
[HOOK_WORK_SUMMARY] label=nccl:hier_zfp_online_coll:rate16 calls=3120 work_total_ms=68098.248 work_mean_ms=21.826 work_min_ms=9.068 work_max_ms=39.092
[HOOK_TAIL_SUMMARY] label=nccl:recursive_doubling_zfp_online_coll:rate16 steps=390 tail_total_ms=63441.415 tail_mean_ms=162.670 tail_min_ms=160.121 tail_max_ms=172.358
[Epoch 4] Hook timing summary done

[Epoch 5] Training... (lr at epoch start=0.065451)
  Batch [50/390] Loss: 5.8100, Acc: 9.50%, lr: 0.063524
  Batch [100/390] Loss: 7.1663, Acc: 13.00%, lr: 0.061574
  Batch [150/390] Loss: 6.4822, Acc: 14.67%, lr: 0.059606
  Batch [200/390] Loss: 6.4688, Acc: 15.00%, lr: 0.057623
  Batch [250/390] Loss: 6.4874, Acc: 15.30%, lr: 0.055627
  Batch [300/390] Loss: 6.2151, Acc: 16.00%, lr: 0.053622
  Batch [350/390] Loss: 5.9531, Acc: 16.57%, lr: 0.051611
[Epoch 5] Train Loss: 5.7657, Acc: 16.73%  |  Val Loss: 16.0193, Acc: 20.54%  |  Time: 88.3s
[Epoch 5] t_iter median: 187.93 ms  (fwd 7.61 | bwd+comm 176.81 | opt 3.32 | data 0.15)  |  train-only epoch: 73.4s
  -> Best model saved (20.54%)
[Epoch 5] Summarizing hook timing...

[HOOK_TIMING_SUMMARY] epoch=5
[HOOK_WORK_SUMMARY] label=nccl:hier_zfp_online_coll:rate16 calls=3120 work_total_ms=68158.085 work_mean_ms=21.846 work_min_ms=8.762 work_max_ms=37.224
[HOOK_TAIL_SUMMARY] label=nccl:recursive_doubling_zfp_online_coll:rate16 steps=390 tail_total_ms=63384.374 tail_mean_ms=162.524 tail_min_ms=158.710 tail_max_ms=167.864
[Epoch 5] Hook timing summary done

[Epoch 6] Training... (lr at epoch start=0.050000)
  Batch [50/390] Loss: 4.9491, Acc: 14.50%, lr: 0.047987
  Batch [100/390] Loss: 4.8540, Acc: 16.00%, lr: 0.045977
  Batch [150/390] Loss: 4.3165, Acc: 17.33%, lr: 0.043973
  Batch [200/390] Loss: 4.3033, Acc: 17.50%, lr: 0.041979
  Batch [250/390] Loss: 4.2205, Acc: 16.70%, lr: 0.039999
  Batch [300/390] Loss: 4.1478, Acc: 16.25%, lr: 0.038034
  Batch [350/390] Loss: 3.9874, Acc: 16.79%, lr: 0.036089
[Epoch 6] Train Loss: 3.8649, Acc: 17.05%  |  Val Loss: 78.5790, Acc: 19.82%  |  Time: 87.2s
[Epoch 6] t_iter median: 185.17 ms  (fwd 7.57 | bwd+comm 174.19 | opt 3.32 | data 0.11)  |  train-only epoch: 72.4s
[Epoch 6] Summarizing hook timing...

[HOOK_TIMING_SUMMARY] epoch=6
[HOOK_WORK_SUMMARY] label=nccl:hier_zfp_online_coll:rate16 calls=3120 work_total_ms=67224.424 work_mean_ms=21.546 work_min_ms=8.234 work_max_ms=39.876
[HOOK_TAIL_SUMMARY] label=nccl:recursive_doubling_zfp_online_coll:rate16 steps=390 tail_total_ms=62308.524 tail_mean_ms=159.765 tail_min_ms=152.058 tail_max_ms=174.944
[Epoch 6] Hook timing summary done

[Epoch 7] Training... (lr at epoch start=0.034549)
  Batch [50/390] Loss: 2.6113, Acc: 25.00%, lr: 0.032647
  Batch [100/390] Loss: 2.4919, Acc: 26.50%, lr: 0.030773
  Batch [150/390] Loss: 2.5386, Acc: 23.50%, lr: 0.028930
  Batch [200/390] Loss: 2.4440, Acc: 25.62%, lr: 0.027121
  Batch [250/390] Loss: 2.4763, Acc: 24.60%, lr: 0.025350
  Batch [300/390] Loss: 2.4972, Acc: 23.75%, lr: 0.023618
  Batch [350/390] Loss: 2.4791, Acc: 23.79%, lr: 0.021929
[Epoch 7] Train Loss: 2.4301, Acc: 23.78%  |  Val Loss: 29.0937, Acc: 23.23%  |  Time: 85.3s
[Epoch 7] t_iter median: 182.08 ms  (fwd 7.79 | bwd+comm 170.70 | opt 3.42 | data 0.15)  |  train-only epoch: 70.5s
  -> Best model saved (23.23%)
[Epoch 7] Summarizing hook timing...

[HOOK_TIMING_SUMMARY] epoch=7
[HOOK_WORK_SUMMARY] label=nccl:hier_zfp_online_coll:rate16 calls=3120 work_total_ms=65337.731 work_mean_ms=20.942 work_min_ms=8.655 work_max_ms=36.011
[HOOK_TAIL_SUMMARY] label=nccl:recursive_doubling_zfp_online_coll:rate16 steps=390 tail_total_ms=60653.388 tail_mean_ms=155.522 tail_min_ms=148.699 tail_max_ms=179.293
[Epoch 7] Hook timing summary done

[Epoch 8] Training... (lr at epoch start=0.020611)
  Batch [50/390] Loss: 2.1487, Acc: 24.50%, lr: 0.019006
  Batch [100/390] Loss: 2.1202, Acc: 22.50%, lr: 0.017451
  Batch [150/390] Loss: 2.0853, Acc: 23.67%, lr: 0.015949
  Batch [200/390] Loss: 2.0989, Acc: 23.00%, lr: 0.014503
  Batch [250/390] Loss: 2.0783, Acc: 23.40%, lr: 0.013113
  Batch [300/390] Loss: 2.0640, Acc: 24.25%, lr: 0.011784
  Batch [350/390] Loss: 2.0634, Acc: 24.50%, lr: 0.010517
[Epoch 8] Train Loss: 2.0523, Acc: 25.32%  |  Val Loss: 18.5358, Acc: 23.53%  |  Time: 85.2s
[Epoch 8] t_iter median: 181.77 ms  (fwd 7.94 | bwd+comm 170.18 | opt 3.43 | data 0.15)  |  train-only epoch: 70.4s
  -> Best model saved (23.53%)
[Epoch 8] Summarizing hook timing...

[HOOK_TIMING_SUMMARY] epoch=8
[HOOK_WORK_SUMMARY] label=nccl:hier_zfp_online_coll:rate16 calls=3120 work_total_ms=64999.609 work_mean_ms=20.833 work_min_ms=8.082 work_max_ms=38.069
[HOOK_TAIL_SUMMARY] label=nccl:recursive_doubling_zfp_online_coll:rate16 steps=390 tail_total_ms=60756.709 tail_mean_ms=155.786 tail_min_ms=148.247 tail_max_ms=176.723
[Epoch 8] Hook timing summary done

[Epoch 9] Training... (lr at epoch start=0.009549)
  Batch [50/390] Loss: 1.9881, Acc: 27.50%, lr: 0.008399
  Batch [100/390] Loss: 1.9942, Acc: 28.00%, lr: 0.007315
  Batch [150/390] Loss: 1.9871, Acc: 27.83%, lr: 0.006302
  Batch [200/390] Loss: 2.0025, Acc: 27.38%, lr: 0.005359
  Batch [250/390] Loss: 1.9964, Acc: 27.70%, lr: 0.004488
  Batch [300/390] Loss: 1.9995, Acc: 27.67%, lr: 0.003691
  Batch [350/390] Loss: 1.9997, Acc: 27.79%, lr: 0.002970
[Epoch 9] Train Loss: 2.0036, Acc: 27.69%  |  Val Loss: 51.4329, Acc: 24.82%  |  Time: 85.0s
[Epoch 9] t_iter median: 178.87 ms  (fwd 7.56 | bwd+comm 167.97 | opt 3.23 | data 0.11)  |  train-only epoch: 70.3s
  -> Best model saved (24.82%)
[Epoch 9] Summarizing hook timing...

[HOOK_TIMING_SUMMARY] epoch=9
[HOOK_WORK_SUMMARY] label=nccl:hier_zfp_online_coll:rate16 calls=3120 work_total_ms=65372.601 work_mean_ms=20.953 work_min_ms=8.481 work_max_ms=39.539
[HOOK_TAIL_SUMMARY] label=nccl:recursive_doubling_zfp_online_coll:rate16 steps=390 tail_total_ms=61350.179 tail_mean_ms=157.308 tail_min_ms=153.051 tail_max_ms=181.509
[Epoch 9] Hook timing summary done

[Epoch 10] Training... (lr at epoch start=0.002447)
  Batch [50/390] Loss: 1.9417, Acc: 29.50%, lr: 0.001864
  Batch [100/390] Loss: 1.9808, Acc: 26.50%, lr: 0.001358
  Batch [150/390] Loss: 1.9637, Acc: 28.67%, lr: 0.000931
  Batch [200/390] Loss: 1.9652, Acc: 29.00%, lr: 0.000584
  Batch [250/390] Loss: 1.9754, Acc: 28.60%, lr: 0.000318
  Batch [300/390] Loss: 1.9706, Acc: 28.50%, lr: 0.000131
  Batch [350/390] Loss: 1.9674, Acc: 28.71%, lr: 0.000026
[Epoch 10] Train Loss: 1.9731, Acc: 28.33%  |  Val Loss: 15.3618, Acc: 27.34%  |  Time: 86.6s
[Epoch 10] t_iter median: 182.28 ms  (fwd 7.54 | bwd+comm 171.35 | opt 3.31 | data 0.08)  |  train-only epoch: 71.4s
  -> Best model saved (27.34%)
[Epoch 10] Summarizing hook timing...

[HOOK_TIMING_SUMMARY] epoch=10
[HOOK_WORK_SUMMARY] label=nccl:hier_zfp_online_coll:rate16 calls=3120 work_total_ms=66249.958 work_mean_ms=21.234 work_min_ms=8.780 work_max_ms=40.251
[HOOK_TAIL_SUMMARY] label=nccl:recursive_doubling_zfp_online_coll:rate16 steps=390 tail_total_ms=61654.629 tail_mean_ms=158.089 tail_min_ms=154.546 tail_max_ms=195.039
[Epoch 10] Hook timing summary done

================================================================================
Done in 873.7s | Best val acc: 27.34%
Epoch times (train+val): mean=86.8s  min=84.5s  max=89.2s
Train-only epoch time (epochs 2..N): median=71.42s  min=69.74s  max=73.52s
  -> use this for STRONG scaling (fixed global batch)
  -> use t_iter_median_ms from the CSV for WEAK scaling (fixed local batch)
================================================================================
=== Finished training: model=wide_resnet50_2, dataset=cifar10, batch=4, lr=0.1, scheduler=cosine, backend=nccl, hook=recursive_doubling_zfp_online_coll, zfp_rate=16, status=0 at Wed Jul 29 09:54:07 PM UTC 2026 ===
=== Starting: model=wide_resnet50_2, ws=32, bs=4, gb=128, lr=0.1, sched=cosine, warmup=0, mom=0.9, wd=5e-4, nesterov=true, wd_bn_bias=false, backend=nccl, hook=recursive_doubling_zfp_online_coll, zfp=8 at Wed Jul 29 09:54:07 PM UTC 2026 ===

================================================================================
DISTRIBUTED TRAINING LAUNCHER
================================================================================
  Model:      wide_resnet50_2 (CIFAR stem) (from scratch)
  Dataset:    cifar10 (10 classes)
  Image size: 32
  LR:         0.1
  Momentum:   0.9 (nesterov=True)
  Optimizer:  sgd
  Weight dec: 0.0005 (on BN/bias=False)
  Backend:    nccl
  Algorithm:  recursive_doubling_zfp_online_coll
  ZFP rate:   8
  Epochs:     10
  Batch/rank: 4
  LR:         0.1
  Scheduler:  cosine
  Warmup:     0
  Grad clip:  None
  Drop last:  True
  Data dir:   ./data
================================================================================


================================================================================
Distributed Training: WIDE_RESNET50_2 on CIFAR10
Backend: NCCL, Algorithm: recursive_doubling_zfp_online_coll
================================================================================
Ranks: 32, Epochs: 10, Batch/rank: 4, Effective batch: 128
LR: 0.1, Device: cuda:0

[Cache] Pretrained weights cache (TORCH_HOME) = ./data/pretrained_weights_cache
[Setup] Model on cuda:0, wrapped in DDP (static_graph=True)
[Setup] Hook registered: nccl/recursive_doubling_zfp_online_coll
[Optim] SGD: lr=0.1 momentum=0.9 nesterov=True wd=0.0005 wd_on_bn_bias=False
[Optim]   group 0: 66,778,816 params, wd=0.0005
[Optim]   group 1: 68,234 params, wd=0.0

================================================================================
DISTRIBUTED TRAINING LAUNCHER
================================================================================
  Model:      wide_resnet50_2 (CIFAR stem) (from scratch)
  Dataset:    cifar10 (10 classes)
  Image size: 32
  LR:         0.1
  Momentum:   0.9 (nesterov=True)
  Optimizer:  sgd
  Weight dec: 0.0005 (on BN/bias=False)
  Backend:    nccl
  Algorithm:  recursive_doubling_zfp_online_coll
  ZFP rate:   8
  Epochs:     10
  Batch/rank: 4
  LR:         0.1
  Scheduler:  cosine
  Warmup:     0
  Grad clip:  None
  Drop last:  True
  Data dir:   ./data
================================================================================


================================================================================
DISTRIBUTED TRAINING LAUNCHER
================================================================================
  Model:      wide_resnet50_2 (CIFAR stem) (from scratch)
  Dataset:    cifar10 (10 classes)
  Image size: 32
  LR:         0.1
  Momentum:   0.9 (nesterov=True)
  Optimizer:  sgd
  Weight dec: 0.0005 (on BN/bias=False)
  Backend:    nccl
  Algorithm:  recursive_doubling_zfp_online_coll
  ZFP rate:   8
  Epochs:     10
  Batch/rank: 4
  LR:         0.1
  Scheduler:  cosine
  Warmup:     0
  Grad clip:  None
  Drop last:  True
  Data dir:   ./data
================================================================================


================================================================================
DISTRIBUTED TRAINING LAUNCHER
================================================================================
  Model:      wide_resnet50_2 (CIFAR stem) (from scratch)
  Dataset:    cifar10 (10 classes)
  Image size: 32
  LR:         0.1
  Momentum:   0.9 (nesterov=True)
  Optimizer:  sgd
  Weight dec: 0.0005 (on BN/bias=False)
  Backend:    nccl
  Algorithm:  recursive_doubling_zfp_online_coll
  ZFP rate:   8
  Epochs:     10
  Batch/rank: 4
  LR:         0.1
  Scheduler:  cosine
  Warmup:     0
  Grad clip:  None
  Drop last:  True
  Data dir:   ./data
================================================================================


================================================================================
DISTRIBUTED TRAINING LAUNCHER
================================================================================
  Model:      wide_resnet50_2 (CIFAR stem) (from scratch)
  Dataset:    cifar10 (10 classes)
  Image size: 32
  LR:         0.1
  Momentum:   0.9 (nesterov=True)
  Optimizer:  sgd
  Weight dec: 0.0005 (on BN/bias=False)
  Backend:    nccl
  Algorithm:  recursive_doubling_zfp_online_coll
  ZFP rate:   8
  Epochs:     10
  Batch/rank: 4
  LR:         0.1
  Scheduler:  cosine
  Warmup:     0
  Grad clip:  None
  Drop last:  True
  Data dir:   ./data
================================================================================


================================================================================
DISTRIBUTED TRAINING LAUNCHER
================================================================================
  Model:      wide_resnet50_2 (CIFAR stem) (from scratch)
  Dataset:    cifar10 (10 classes)
  Image size: 32
  LR:         0.1
  Momentum:   0.9 (nesterov=True)
  Optimizer:  sgd
  Weight dec: 0.0005 (on BN/bias=False)
  Backend:    nccl
  Algorithm:  recursive_doubling_zfp_online_coll
  ZFP rate:   8
  Epochs:     10
  Batch/rank: 4
  LR:         0.1
  Scheduler:  cosine
  Warmup:     0
  Grad clip:  None
  Drop last:  True
  Data dir:   ./data
================================================================================


================================================================================
DISTRIBUTED TRAINING LAUNCHER
================================================================================
  Model:      wide_resnet50_2 (CIFAR stem) (from scratch)
  Dataset:    cifar10 (10 classes)
  Image size: 32
  LR:         0.1
  Momentum:   0.9 (nesterov=True)
  Optimizer:  sgd
  Weight dec: 0.0005 (on BN/bias=False)
  Backend:    nccl
  Algorithm:  recursive_doubling_zfp_online_coll
  ZFP rate:   8
  Epochs:     10
  Batch/rank: 4
  LR:         0.1
  Scheduler:  cosine
  Warmup:     0
  Grad clip:  None
  Drop last:  True
  Data dir:   ./data
================================================================================


================================================================================
DISTRIBUTED TRAINING LAUNCHER
================================================================================
  Model:      wide_resnet50_2 (CIFAR stem) (from scratch)
  Dataset:    cifar10 (10 classes)
  Image size: 32
  LR:         0.1
  Momentum:   0.9 (nesterov=True)
  Optimizer:  sgd
  Weight dec: 0.0005 (on BN/bias=False)
  Backend:    nccl
  Algorithm:  recursive_doubling_zfp_online_coll
  ZFP rate:   8
  Epochs:     10
  Batch/rank: 4
  LR:         0.1
  Scheduler:  cosine
  Warmup:     0
  Grad clip:  None
  Drop last:  True
  Data dir:   ./data
================================================================================


================================================================================
DISTRIBUTED TRAINING LAUNCHER
================================================================================
  Model:      wide_resnet50_2 (CIFAR stem) (from scratch)
  Dataset:    cifar10 (10 classes)
  Image size: 32
  LR:         0.1
  Momentum:   0.9 (nesterov=True)
  Optimizer:  sgd
  Weight dec: 0.0005 (on BN/bias=False)
  Backend:    nccl
  Algorithm:  recursive_doubling_zfp_online_coll
  ZFP rate:   8
  Epochs:     10
  Batch/rank: 4
  LR:         0.1
  Scheduler:  cosine
  Warmup:     0
  Grad clip:  None
  Drop last:  True
  Data dir:   ./data
================================================================================


================================================================================
DISTRIBUTED TRAINING LAUNCHER
================================================================================
  Model:      wide_resnet50_2 (CIFAR stem) (from scratch)
  Dataset:    cifar10 (10 classes)
  Image size: 32
  LR:         0.1
  Momentum:   0.9 (nesterov=True)
  Optimizer:  sgd
  Weight dec: 0.0005 (on BN/bias=False)
  Backend:    nccl
  Algorithm:  recursive_doubling_zfp_online_coll
  ZFP rate:   8
  Epochs:     10
  Batch/rank: 4
  LR:         0.1
  Scheduler:  cosine
  Warmup:     0
  Grad clip:  None
  Drop last:  True
  Data dir:   ./data
================================================================================


================================================================================
DISTRIBUTED TRAINING LAUNCHER
================================================================================
  Model:      wide_resnet50_2 (CIFAR stem) (from scratch)
  Dataset:    cifar10 (10 classes)
  Image size: 32
  LR:         0.1
  Momentum:   0.9 (nesterov=True)
  Optimizer:  sgd
  Weight dec: 0.0005 (on BN/bias=False)
  Backend:    nccl
  Algorithm:  recursive_doubling_zfp_online_coll
  ZFP rate:   8
  Epochs:     10
  Batch/rank: 4
  LR:         0.1
  Scheduler:  cosine
  Warmup:     0
  Grad clip:  None
  Drop last:  True
  Data dir:   ./data
================================================================================


================================================================================
DISTRIBUTED TRAINING LAUNCHER
================================================================================
  Model:      wide_resnet50_2 (CIFAR stem) (from scratch)
  Dataset:    cifar10 (10 classes)
  Image size: 32
  LR:         0.1
  Momentum:   0.9 (nesterov=True)
  Optimizer:  sgd
  Weight dec: 0.0005 (on BN/bias=False)
  Backend:    nccl
  Algorithm:  recursive_doubling_zfp_online_coll
  ZFP rate:   8
  Epochs:     10
  Batch/rank: 4
  LR:         0.1
  Scheduler:  cosine
  Warmup:     0
  Grad clip:  None
  Drop last:  True
  Data dir:   ./data
================================================================================


================================================================================
DISTRIBUTED TRAINING LAUNCHER
================================================================================
  Model:      wide_resnet50_2 (CIFAR stem) (from scratch)
  Dataset:    cifar10 (10 classes)
  Image size: 32
  LR:         0.1
  Momentum:   0.9 (nesterov=True)
  Optimizer:  sgd
  Weight dec: 0.0005 (on BN/bias=False)
  Backend:    nccl
  Algorithm:  recursive_doubling_zfp_online_coll
  ZFP rate:   8
  Epochs:     10
  Batch/rank: 4
  LR:         0.1
  Scheduler:  cosine
  Warmup:     0
  Grad clip:  None
  Drop last:  True
  Data dir:   ./data
================================================================================


================================================================================
DISTRIBUTED TRAINING LAUNCHER
================================================================================
  Model:      wide_resnet50_2 (CIFAR stem) (from scratch)
  Dataset:    cifar10 (10 classes)
  Image size: 32
  LR:         0.1
  Momentum:   0.9 (nesterov=True)
  Optimizer:  sgd
  Weight dec: 0.0005 (on BN/bias=False)
  Backend:    nccl
  Algorithm:  recursive_doubling_zfp_online_coll
  ZFP rate:   8
  Epochs:     10
  Batch/rank: 4
  LR:         0.1
  Scheduler:  cosine
  Warmup:     0
  Grad clip:  None
  Drop last:  True
  Data dir:   ./data
================================================================================


================================================================================
DISTRIBUTED TRAINING LAUNCHER
================================================================================
  Model:      wide_resnet50_2 (CIFAR stem) (from scratch)
  Dataset:    cifar10 (10 classes)
  Image size: 32
  LR:         0.1
  Momentum:   0.9 (nesterov=True)
  Optimizer:  sgd
  Weight dec: 0.0005 (on BN/bias=False)
  Backend:    nccl
  Algorithm:  recursive_doubling_zfp_online_coll
  ZFP rate:   8
  Epochs:     10
  Batch/rank: 4
  LR:         0.1
  Scheduler:  cosine
  Warmup:     0
  Grad clip:  None
  Drop last:  True
  Data dir:   ./data
================================================================================


================================================================================
DISTRIBUTED TRAINING LAUNCHER
================================================================================
  Model:      wide_resnet50_2 (CIFAR stem) (from scratch)
  Dataset:    cifar10 (10 classes)
  Image size: 32
  LR:         0.1
  Momentum:   0.9 (nesterov=True)
  Optimizer:  sgd
  Weight dec: 0.0005 (on BN/bias=False)
  Backend:    nccl
  Algorithm:  recursive_doubling_zfp_online_coll
  ZFP rate:   8
  Epochs:     10
  Batch/rank: 4
  LR:         0.1
  Scheduler:  cosine
  Warmup:     0
  Grad clip:  None
  Drop last:  True
  Data dir:   ./data
================================================================================


================================================================================
DISTRIBUTED TRAINING LAUNCHER
================================================================================
  Model:      wide_resnet50_2 (CIFAR stem) (from scratch)
  Dataset:    cifar10 (10 classes)
  Image size: 32
  LR:         0.1
  Momentum:   0.9 (nesterov=True)
  Optimizer:  sgd
  Weight dec: 0.0005 (on BN/bias=False)
  Backend:    nccl
  Algorithm:  recursive_doubling_zfp_online_coll
  ZFP rate:   8
  Epochs:     10
  Batch/rank: 4
  LR:         0.1
  Scheduler:  cosine
  Warmup:     0
  Grad clip:  None
  Drop last:  True
  Data dir:   ./data
================================================================================


================================================================================
DISTRIBUTED TRAINING LAUNCHER
================================================================================
  Model:      wide_resnet50_2 (CIFAR stem) (from scratch)
  Dataset:    cifar10 (10 classes)
  Image size: 32
  LR:         0.1
  Momentum:   0.9 (nesterov=True)
  Optimizer:  sgd
  Weight dec: 0.0005 (on BN/bias=False)
  Backend:    nccl
  Algorithm:  recursive_doubling_zfp_online_coll
  ZFP rate:   8
  Epochs:     10
  Batch/rank: 4
  LR:         0.1
  Scheduler:  cosine
  Warmup:     0
  Grad clip:  None
  Drop last:  True
  Data dir:   ./data
================================================================================


================================================================================
DISTRIBUTED TRAINING LAUNCHER
================================================================================
  Model:      wide_resnet50_2 (CIFAR stem) (from scratch)
  Dataset:    cifar10 (10 classes)
  Image size: 32
  LR:         0.1
  Momentum:   0.9 (nesterov=True)
  Optimizer:  sgd
  Weight dec: 0.0005 (on BN/bias=False)
  Backend:    nccl
  Algorithm:  recursive_doubling_zfp_online_coll
  ZFP rate:   8
  Epochs:     10
  Batch/rank: 4
  LR:         0.1
  Scheduler:  cosine
  Warmup:     0
  Grad clip:  None
  Drop last:  True
  Data dir:   ./data
================================================================================


================================================================================
DISTRIBUTED TRAINING LAUNCHER
================================================================================
  Model:      wide_resnet50_2 (CIFAR stem) (from scratch)
  Dataset:    cifar10 (10 classes)
  Image size: 32
  LR:         0.1
  Momentum:   0.9 (nesterov=True)
  Optimizer:  sgd
  Weight dec: 0.0005 (on BN/bias=False)
  Backend:    nccl
  Algorithm:  recursive_doubling_zfp_online_coll
  ZFP rate:   8
  Epochs:     10
  Batch/rank: 4
  LR:         0.1
  Scheduler:  cosine
  Warmup:     0
  Grad clip:  None
  Drop last:  True
  Data dir:   ./data
================================================================================


================================================================================
DISTRIBUTED TRAINING LAUNCHER
================================================================================
  Model:      wide_resnet50_2 (CIFAR stem) (from scratch)
  Dataset:    cifar10 (10 classes)
  Image size: 32
  LR:         0.1
  Momentum:   0.9 (nesterov=True)
  Optimizer:  sgd
  Weight dec: 0.0005 (on BN/bias=False)
  Backend:    nccl
  Algorithm:  recursive_doubling_zfp_online_coll
  ZFP rate:   8
  Epochs:     10
  Batch/rank: 4
  LR:         0.1
  Scheduler:  cosine
  Warmup:     0
  Grad clip:  None
  Drop last:  True
  Data dir:   ./data
================================================================================

[Data] Train batches: 390, Val batches: 2500

[Sched] cosine: steps/epoch=390, total_steps=3900, warmup_steps=0 (0 epochs)


[Epoch 1] Training... (lr at epoch start=0.100000)

================================================================================
DISTRIBUTED TRAINING LAUNCHER
================================================================================
  Model:      wide_resnet50_2 (CIFAR stem) (from scratch)
  Dataset:    cifar10 (10 classes)
  Image size: 32
  LR:         0.1
  Momentum:   0.9 (nesterov=True)
  Optimizer:  sgd
  Weight dec: 0.0005 (on BN/bias=False)
  Backend:    nccl
  Algorithm:  recursive_doubling_zfp_online_coll
  ZFP rate:   8
  Epochs:     10
  Batch/rank: 4
  LR:         0.1
  Scheduler:  cosine
  Warmup:     0
  Grad clip:  None
  Drop last:  True
  Data dir:   ./data
================================================================================


================================================================================
DISTRIBUTED TRAINING LAUNCHER
================================================================================
  Model:      wide_resnet50_2 (CIFAR stem) (from scratch)
  Dataset:    cifar10 (10 classes)
  Image size: 32
  LR:         0.1
  Momentum:   0.9 (nesterov=True)
  Optimizer:  sgd
  Weight dec: 0.0005 (on BN/bias=False)
  Backend:    nccl
  Algorithm:  recursive_doubling_zfp_online_coll
  ZFP rate:   8
  Epochs:     10
  Batch/rank: 4
  LR:         0.1
  Scheduler:  cosine
  Warmup:     0
  Grad clip:  None
  Drop last:  True
  Data dir:   ./data
================================================================================


================================================================================
DISTRIBUTED TRAINING LAUNCHER
================================================================================
  Model:      wide_resnet50_2 (CIFAR stem) (from scratch)
  Dataset:    cifar10 (10 classes)
  Image size: 32
  LR:         0.1
  Momentum:   0.9 (nesterov=True)
  Optimizer:  sgd
  Weight dec: 0.0005 (on BN/bias=False)
  Backend:    nccl
  Algorithm:  recursive_doubling_zfp_online_coll
  ZFP rate:   8
  Epochs:     10
  Batch/rank: 4
  LR:         0.1
  Scheduler:  cosine
  Warmup:     0
  Grad clip:  None
  Drop last:  True
  Data dir:   ./data
================================================================================


================================================================================
DISTRIBUTED TRAINING LAUNCHER
================================================================================
  Model:      wide_resnet50_2 (CIFAR stem) (from scratch)
  Dataset:    cifar10 (10 classes)
  Image size: 32
  LR:         0.1
  Momentum:   0.9 (nesterov=True)
  Optimizer:  sgd
  Weight dec: 0.0005 (on BN/bias=False)
  Backend:    nccl
  Algorithm:  recursive_doubling_zfp_online_coll
  ZFP rate:   8
  Epochs:     10
  Batch/rank: 4
  LR:         0.1
  Scheduler:  cosine
  Warmup:     0
  Grad clip:  None
  Drop last:  True
  Data dir:   ./data
================================================================================


================================================================================
DISTRIBUTED TRAINING LAUNCHER
================================================================================
  Model:      wide_resnet50_2 (CIFAR stem) (from scratch)
  Dataset:    cifar10 (10 classes)
  Image size: 32
  LR:         0.1
  Momentum:   0.9 (nesterov=True)
  Optimizer:  sgd
  Weight dec: 0.0005 (on BN/bias=False)
  Backend:    nccl
  Algorithm:  recursive_doubling_zfp_online_coll
  ZFP rate:   8
  Epochs:     10
  Batch/rank: 4
  LR:         0.1
  Scheduler:  cosine
  Warmup:     0
  Grad clip:  None
  Drop last:  True
  Data dir:   ./data
================================================================================


================================================================================
DISTRIBUTED TRAINING LAUNCHER
================================================================================
  Model:      wide_resnet50_2 (CIFAR stem) (from scratch)
  Dataset:    cifar10 (10 classes)
  Image size: 32
  LR:         0.1
  Momentum:   0.9 (nesterov=True)
  Optimizer:  sgd
  Weight dec: 0.0005 (on BN/bias=False)
  Backend:    nccl
  Algorithm:  recursive_doubling_zfp_online_coll
  ZFP rate:   8
  Epochs:     10
  Batch/rank: 4
  LR:         0.1
  Scheduler:  cosine
  Warmup:     0
  Grad clip:  None
  Drop last:  True
  Data dir:   ./data
================================================================================


================================================================================
DISTRIBUTED TRAINING LAUNCHER
================================================================================
  Model:      wide_resnet50_2 (CIFAR stem) (from scratch)
  Dataset:    cifar10 (10 classes)
  Image size: 32
  LR:         0.1
  Momentum:   0.9 (nesterov=True)
  Optimizer:  sgd
  Weight dec: 0.0005 (on BN/bias=False)
  Backend:    nccl
  Algorithm:  recursive_doubling_zfp_online_coll
  ZFP rate:   8
  Epochs:     10
  Batch/rank: 4
  LR:         0.1
  Scheduler:  cosine
  Warmup:     0
  Grad clip:  None
  Drop last:  True
  Data dir:   ./data
================================================================================


================================================================================
DISTRIBUTED TRAINING LAUNCHER
================================================================================
  Model:      wide_resnet50_2 (CIFAR stem) (from scratch)
  Dataset:    cifar10 (10 classes)
  Image size: 32
  LR:         0.1
  Momentum:   0.9 (nesterov=True)
  Optimizer:  sgd
  Weight dec: 0.0005 (on BN/bias=False)
  Backend:    nccl
  Algorithm:  recursive_doubling_zfp_online_coll
  ZFP rate:   8
  Epochs:     10
  Batch/rank: 4
  LR:         0.1
  Scheduler:  cosine
  Warmup:     0
  Grad clip:  None
  Drop last:  True
  Data dir:   ./data
================================================================================


================================================================================
DISTRIBUTED TRAINING LAUNCHER
================================================================================
  Model:      wide_resnet50_2 (CIFAR stem) (from scratch)
  Dataset:    cifar10 (10 classes)
  Image size: 32
  LR:         0.1
  Momentum:   0.9 (nesterov=True)
  Optimizer:  sgd
  Weight dec: 0.0005 (on BN/bias=False)
  Backend:    nccl
  Algorithm:  recursive_doubling_zfp_online_coll
  ZFP rate:   8
  Epochs:     10
  Batch/rank: 4
  LR:         0.1
  Scheduler:  cosine
  Warmup:     0
  Grad clip:  None
  Drop last:  True
  Data dir:   ./data
================================================================================


================================================================================
DISTRIBUTED TRAINING LAUNCHER
================================================================================
  Model:      wide_resnet50_2 (CIFAR stem) (from scratch)
  Dataset:    cifar10 (10 classes)
  Image size: 32
  LR:         0.1
  Momentum:   0.9 (nesterov=True)
  Optimizer:  sgd
  Weight dec: 0.0005 (on BN/bias=False)
  Backend:    nccl
  Algorithm:  recursive_doubling_zfp_online_coll
  ZFP rate:   8
  Epochs:     10
  Batch/rank: 4
  LR:         0.1
  Scheduler:  cosine
  Warmup:     0
  Grad clip:  None
  Drop last:  True
  Data dir:   ./data
================================================================================


================================================================================
DISTRIBUTED TRAINING LAUNCHER
================================================================================
  Model:      wide_resnet50_2 (CIFAR stem) (from scratch)
  Dataset:    cifar10 (10 classes)
  Image size: 32
  LR:         0.1
  Momentum:   0.9 (nesterov=True)
  Optimizer:  sgd
  Weight dec: 0.0005 (on BN/bias=False)
  Backend:    nccl
  Algorithm:  recursive_doubling_zfp_online_coll
  ZFP rate:   8
  Epochs:     10
  Batch/rank: 4
  LR:         0.1
  Scheduler:  cosine
  Warmup:     0
  Grad clip:  None
  Drop last:  True
  Data dir:   ./data
================================================================================

  Batch [50/390] Loss: 50.6865, Acc: 12.00%, lr: 0.099959
  Batch [100/390] Loss: 37.3086, Acc: 12.00%, lr: 0.099838
  Batch [150/390] Loss: 32.3406, Acc: 12.00%, lr: 0.099635
  Batch [200/390] Loss: 28.8859, Acc: 12.75%, lr: 0.099353
  Batch [250/390] Loss: 26.2803, Acc: 12.70%, lr: 0.098990
  Batch [300/390] Loss: 24.3857, Acc: 12.08%, lr: 0.098547
  Batch [350/390] Loss: 22.8103, Acc: 12.36%, lr: 0.098026
[Epoch 1] Train Loss: 21.7537, Acc: 12.12%  |  Val Loss: 179.8349, Acc: 10.09%  |  Time: 66.5s
[Epoch 1] t_iter median: 124.74 ms  (fwd 7.54 | bwd+comm 113.73 | opt 3.33 | data 0.12)  |  train-only epoch: 51.7s
  -> Best model saved (10.09%)
[Epoch 1] Summarizing hook timing...

[HOOK_TIMING_SUMMARY] epoch=1
[HOOK_WORK_SUMMARY] label=nccl:hier_zfp_online_coll:rate8 calls=3106 work_total_ms=43792.154 work_mean_ms=14.099 work_min_ms=6.897 work_max_ms=415.596
[HOOK_TAIL_SUMMARY] label=nccl:recursive_doubling_zfp_online_coll:rate8 steps=391 tail_total_ms=39682.731 tail_mean_ms=101.490 tail_min_ms=77.048 tail_max_ms=942.039
[Epoch 1] Hook timing summary done

[Epoch 2] Training... (lr at epoch start=0.097553)
  Batch [50/390] Loss: 16.7060, Acc: 11.00%, lr: 0.096892
  Batch [100/390] Loss: 13.9629, Acc: 11.75%, lr: 0.096155
  Batch [150/390] Loss: 14.1470, Acc: 13.00%, lr: 0.095344
  Batch [200/390] Loss: 14.2251, Acc: 13.38%, lr: 0.094459
  Batch [250/390] Loss: 13.6818, Acc: 14.00%, lr: 0.093501
  Batch [300/390] Loss: 13.9419, Acc: 13.58%, lr: 0.092473
  Batch [350/390] Loss: 13.5683, Acc: 14.43%, lr: 0.091377
[Epoch 2] Train Loss: 13.0953, Acc: 14.55%  |  Val Loss: 166.2569, Acc: 14.72%  |  Time: 62.5s
[Epoch 2] t_iter median: 123.11 ms  (fwd 7.65 | bwd+comm 111.92 | opt 3.40 | data 0.14)  |  train-only epoch: 47.8s
  -> Best model saved (14.72%)
[Epoch 2] Summarizing hook timing...

[HOOK_TIMING_SUMMARY] epoch=2
[HOOK_WORK_SUMMARY] label=nccl:hier_zfp_online_coll:rate8 calls=3120 work_total_ms=42565.437 work_mean_ms=13.643 work_min_ms=6.865 work_max_ms=23.231
[HOOK_TAIL_SUMMARY] label=nccl:recursive_doubling_zfp_online_coll:rate8 steps=390 tail_total_ms=37797.993 tail_mean_ms=96.918 tail_min_ms=92.556 tail_max_ms=104.528
[Epoch 2] Hook timing summary done

[Epoch 3] Training... (lr at epoch start=0.090451)
  Batch [50/390] Loss: 10.8968, Acc: 13.00%, lr: 0.089235
  Batch [100/390] Loss: 10.0523, Acc: 14.00%, lr: 0.087955
  Batch [150/390] Loss: 10.7863, Acc: 12.67%, lr: 0.086613
  Batch [200/390] Loss: 10.7120, Acc: 13.38%, lr: 0.085213
  Batch [250/390] Loss: 10.3465, Acc: 13.20%, lr: 0.083755
  Batch [300/390] Loss: 10.3006, Acc: 13.67%, lr: 0.082242
  Batch [350/390] Loss: 10.4389, Acc: 13.43%, lr: 0.080677
[Epoch 3] Train Loss: 10.3405, Acc: 13.53%  |  Val Loss: 213.5274, Acc: 10.77%  |  Time: 62.1s
[Epoch 3] t_iter median: 120.91 ms  (fwd 7.59 | bwd+comm 109.97 | opt 3.27 | data 0.11)  |  train-only epoch: 47.6s
[Epoch 3] Summarizing hook timing...

[HOOK_TIMING_SUMMARY] epoch=3
[HOOK_WORK_SUMMARY] label=nccl:hier_zfp_online_coll:rate8 calls=3120 work_total_ms=42615.750 work_mean_ms=13.659 work_min_ms=6.908 work_max_ms=23.790
[HOOK_TAIL_SUMMARY] label=nccl:recursive_doubling_zfp_online_coll:rate8 steps=390 tail_total_ms=38134.029 tail_mean_ms=97.780 tail_min_ms=93.642 tail_max_ms=103.183
[Epoch 3] Hook timing summary done

[Epoch 4] Training... (lr at epoch start=0.079389)
  Batch [50/390] Loss: 8.3488, Acc: 14.00%, lr: 0.077737
  Batch [100/390] Loss: 8.7046, Acc: 13.00%, lr: 0.076039
  Batch [150/390] Loss: 8.5761, Acc: 14.17%, lr: 0.074299
  Batch [200/390] Loss: 8.3861, Acc: 15.25%, lr: 0.072520
  Batch [250/390] Loss: 8.1391, Acc: 15.30%, lr: 0.070704
  Batch [300/390] Loss: 7.9979, Acc: 15.83%, lr: 0.068855
  Batch [350/390] Loss: 7.8538, Acc: 15.79%, lr: 0.066975
[Epoch 4] Train Loss: 7.8107, Acc: 15.64%  |  Val Loss: 133.5028, Acc: 13.88%  |  Time: 61.1s
[Epoch 4] t_iter median: 118.15 ms  (fwd 7.53 | bwd+comm 107.29 | opt 3.23 | data 0.11)  |  train-only epoch: 46.5s
[Epoch 4] Summarizing hook timing...

[HOOK_TIMING_SUMMARY] epoch=4
[HOOK_WORK_SUMMARY] label=nccl:hier_zfp_online_coll:rate8 calls=3120 work_total_ms=41582.534 work_mean_ms=13.328 work_min_ms=7.152 work_max_ms=25.115
[HOOK_TAIL_SUMMARY] label=nccl:recursive_doubling_zfp_online_coll:rate8 steps=390 tail_total_ms=37460.181 tail_mean_ms=96.052 tail_min_ms=91.770 tail_max_ms=117.652
[Epoch 4] Hook timing summary done

[Epoch 5] Training... (lr at epoch start=0.065451)
  Batch [50/390] Loss: 7.1221, Acc: 19.00%, lr: 0.063524
  Batch [100/390] Loss: 6.8224, Acc: 18.75%, lr: 0.061574
  Batch [150/390] Loss: 6.4676, Acc: 17.33%, lr: 0.059606
  Batch [200/390] Loss: 6.2321, Acc: 17.38%, lr: 0.057623
  Batch [250/390] Loss: 6.2104, Acc: 16.90%, lr: 0.055627
  Batch [300/390] Loss: 5.9011, Acc: 16.92%, lr: 0.053622
  Batch [350/390] Loss: 5.8040, Acc: 16.86%, lr: 0.051611
[Epoch 5] Train Loss: 5.6631, Acc: 16.99%  |  Val Loss: 64.2036, Acc: 17.53%  |  Time: 62.8s
[Epoch 5] t_iter median: 123.32 ms  (fwd 7.70 | bwd+comm 112.05 | opt 3.43 | data 0.14)  |  train-only epoch: 48.1s
  -> Best model saved (17.53%)
[Epoch 5] Summarizing hook timing...

[HOOK_TIMING_SUMMARY] epoch=5
[HOOK_WORK_SUMMARY] label=nccl:hier_zfp_online_coll:rate8 calls=3120 work_total_ms=42842.314 work_mean_ms=13.732 work_min_ms=6.899 work_max_ms=25.519
[HOOK_TAIL_SUMMARY] label=nccl:recursive_doubling_zfp_online_coll:rate8 steps=390 tail_total_ms=38319.246 tail_mean_ms=98.254 tail_min_ms=92.928 tail_max_ms=112.299
[Epoch 5] Hook timing summary done

[Epoch 6] Training... (lr at epoch start=0.050000)
  Batch [50/390] Loss: 5.4403, Acc: 17.50%, lr: 0.047987
  Batch [100/390] Loss: 5.2184, Acc: 17.50%, lr: 0.045977
  Batch [150/390] Loss: 4.8564, Acc: 17.50%, lr: 0.043973
  Batch [200/390] Loss: 4.9957, Acc: 17.38%, lr: 0.041979
  Batch [250/390] Loss: 4.9338, Acc: 16.70%, lr: 0.039999
  Batch [300/390] Loss: 4.7819, Acc: 16.92%, lr: 0.038034
  Batch [350/390] Loss: 4.6447, Acc: 17.21%, lr: 0.036089
[Epoch 6] Train Loss: 4.5061, Acc: 17.50%  |  Val Loss: 59.9604, Acc: 21.04%  |  Time: 62.0s
[Epoch 6] t_iter median: 119.17 ms  (fwd 7.57 | bwd+comm 108.10 | opt 3.33 | data 0.12)  |  train-only epoch: 47.2s
  -> Best model saved (21.04%)
[Epoch 6] Summarizing hook timing...

[HOOK_TIMING_SUMMARY] epoch=6
[HOOK_WORK_SUMMARY] label=nccl:hier_zfp_online_coll:rate8 calls=3120 work_total_ms=42113.772 work_mean_ms=13.498 work_min_ms=7.086 work_max_ms=22.849
[HOOK_TAIL_SUMMARY] label=nccl:recursive_doubling_zfp_online_coll:rate8 steps=390 tail_total_ms=37411.782 tail_mean_ms=95.928 tail_min_ms=92.302 tail_max_ms=103.916
[Epoch 6] Hook timing summary done

[Epoch 7] Training... (lr at epoch start=0.034549)
  Batch [50/390] Loss: 2.8116, Acc: 23.50%, lr: 0.032647
  Batch [100/390] Loss: 2.8881, Acc: 20.25%, lr: 0.030773
  Batch [150/390] Loss: 2.7930, Acc: 21.50%, lr: 0.028930
  Batch [200/390] Loss: 2.8103, Acc: 21.50%, lr: 0.027121
  Batch [250/390] Loss: 2.7770, Acc: 21.40%, lr: 0.025350
  Batch [300/390] Loss: 2.8340, Acc: 21.83%, lr: 0.023618
  Batch [350/390] Loss: 2.7697, Acc: 22.07%, lr: 0.021929
[Epoch 7] Train Loss: 2.7215, Acc: 21.67%  |  Val Loss: 27.4044, Acc: 25.34%  |  Time: 61.2s
[Epoch 7] t_iter median: 117.98 ms  (fwd 7.59 | bwd+comm 106.99 | opt 3.28 | data 0.11)  |  train-only epoch: 46.5s
  -> Best model saved (25.34%)
[Epoch 7] Summarizing hook timing...

[HOOK_TIMING_SUMMARY] epoch=7
[HOOK_WORK_SUMMARY] label=nccl:hier_zfp_online_coll:rate8 calls=3120 work_total_ms=41391.537 work_mean_ms=13.267 work_min_ms=6.860 work_max_ms=215.035
[HOOK_TAIL_SUMMARY] label=nccl:recursive_doubling_zfp_online_coll:rate8 steps=390 tail_total_ms=36556.800 tail_mean_ms=93.735 tail_min_ms=91.446 tail_max_ms=298.806
[Epoch 7] Hook timing summary done

[Epoch 8] Training... (lr at epoch start=0.020611)
  Batch [50/390] Loss: 2.4349, Acc: 20.00%, lr: 0.019006
  Batch [100/390] Loss: 2.4317, Acc: 21.25%, lr: 0.017451
  Batch [150/390] Loss: 2.3362, Acc: 22.17%, lr: 0.015949
  Batch [200/390] Loss: 2.3114, Acc: 22.12%, lr: 0.014503
  Batch [250/390] Loss: 2.2644, Acc: 22.90%, lr: 0.013113
  Batch [300/390] Loss: 2.2402, Acc: 23.33%, lr: 0.011784
  Batch [350/390] Loss: 2.2346, Acc: 23.36%, lr: 0.010517
[Epoch 8] Train Loss: 2.2239, Acc: 23.53%  |  Val Loss: 18.7741, Acc: 24.22%  |  Time: 60.4s
[Epoch 8] t_iter median: 116.09 ms  (fwd 7.68 | bwd+comm 104.89 | opt 3.39 | data 0.14)  |  train-only epoch: 45.7s
[Epoch 8] Summarizing hook timing...

[HOOK_TIMING_SUMMARY] epoch=8
[HOOK_WORK_SUMMARY] label=nccl:hier_zfp_online_coll:rate8 calls=3120 work_total_ms=40517.896 work_mean_ms=12.987 work_min_ms=6.852 work_max_ms=24.074
[HOOK_TAIL_SUMMARY] label=nccl:recursive_doubling_zfp_online_coll:rate8 steps=390 tail_total_ms=35794.598 tail_mean_ms=91.781 tail_min_ms=89.573 tail_max_ms=98.713
[Epoch 8] Hook timing summary done

[Epoch 9] Training... (lr at epoch start=0.009549)
  Batch [50/390] Loss: 2.1629, Acc: 24.50%, lr: 0.008399
  Batch [100/390] Loss: 2.1531, Acc: 22.25%, lr: 0.007315
  Batch [150/390] Loss: 2.1318, Acc: 23.83%, lr: 0.006302
  Batch [200/390] Loss: 2.1359, Acc: 24.12%, lr: 0.005359
  Batch [250/390] Loss: 2.1186, Acc: 24.90%, lr: 0.004488
  Batch [300/390] Loss: 2.1058, Acc: 25.08%, lr: 0.003691
  Batch [350/390] Loss: 2.1058, Acc: 24.93%, lr: 0.002970
[Epoch 9] Train Loss: 2.1110, Acc: 24.81%  |  Val Loss: 67.3966, Acc: 24.93%  |  Time: 61.4s
[Epoch 9] t_iter median: 119.77 ms  (fwd 7.78 | bwd+comm 108.42 | opt 3.35 | data 0.15)  |  train-only epoch: 46.7s
[Epoch 9] Summarizing hook timing...

[HOOK_TIMING_SUMMARY] epoch=9
[HOOK_WORK_SUMMARY] label=nccl:hier_zfp_online_coll:rate8 calls=3120 work_total_ms=41513.464 work_mean_ms=13.306 work_min_ms=6.887 work_max_ms=21.980
[HOOK_TAIL_SUMMARY] label=nccl:recursive_doubling_zfp_online_coll:rate8 steps=390 tail_total_ms=36976.983 tail_mean_ms=94.813 tail_min_ms=89.481 tail_max_ms=105.647
[Epoch 9] Hook timing summary done

[Epoch 10] Training... (lr at epoch start=0.002447)
  Batch [50/390] Loss: 2.0569, Acc: 31.50%, lr: 0.001864
  Batch [100/390] Loss: 2.0523, Acc: 27.00%, lr: 0.001358
  Batch [150/390] Loss: 2.0708, Acc: 27.00%, lr: 0.000931
  Batch [200/390] Loss: 2.0679, Acc: 26.12%, lr: 0.000584
  Batch [250/390] Loss: 2.0766, Acc: 25.80%, lr: 0.000318
  Batch [300/390] Loss: 2.0787, Acc: 25.50%, lr: 0.000131
  Batch [350/390] Loss: 2.0713, Acc: 25.79%, lr: 0.000026
[Epoch 10] Train Loss: 2.0786, Acc: 25.51%  |  Val Loss: 37.1937, Acc: 25.68%  |  Time: 61.9s
[Epoch 10] t_iter median: 120.54 ms  (fwd 7.82 | bwd+comm 109.12 | opt 3.45 | data 0.13)  |  train-only epoch: 47.2s
  -> Best model saved (25.68%)
[Epoch 10] Summarizing hook timing...

[HOOK_TIMING_SUMMARY] epoch=10
[HOOK_WORK_SUMMARY] label=nccl:hier_zfp_online_coll:rate8 calls=3120 work_total_ms=41846.175 work_mean_ms=13.412 work_min_ms=6.582 work_max_ms=23.204
[HOOK_TAIL_SUMMARY] label=nccl:recursive_doubling_zfp_online_coll:rate8 steps=390 tail_total_ms=37464.075 tail_mean_ms=96.062 tail_min_ms=91.413 tail_max_ms=107.348
[Epoch 10] Hook timing summary done

================================================================================
Done in 627.2s | Best val acc: 25.68%
Epoch times (train+val): mean=62.2s  min=60.4s  max=66.5s
Train-only epoch time (epochs 2..N): median=47.18s  min=45.69s  max=48.07s
  -> use this for STRONG scaling (fixed global batch)
  -> use t_iter_median_ms from the CSV for WEAK scaling (fixed local batch)
================================================================================
=== Finished training: model=wide_resnet50_2, dataset=cifar10, batch=4, lr=0.1, scheduler=cosine, backend=nccl, hook=recursive_doubling_zfp_online_coll, zfp_rate=8, status=0 at Wed Jul 29 10:04:51 PM UTC 2026 ===
=== Job finished: Wed Jul 29 10:04:51 PM UTC 2026 ===
=== Job started: Thu Jul 30 08:02:38 AM UTC 2026 ===
=== Node: x3109c0s7b0n0 ===

The following have been reloaded with a version change:
  1) gcc-native/14 => gcc-native/13


The following have been reloaded with a version change:
  1) gcc-native/13 => gcc-native/14.2

=============================================
  Polaris NCCL test — GTL NOT loaded
=============================================
Node              : x3109c0s7b0n0
GTL               : NOT loaded (NCCL test)
MPICH_GPU_SUPPORT : NOT set (NCCL test)

PyTorch version   : 2.8.0
PyTorch location  : /soft/applications/conda/2025-09-28/mconda3/lib/python3.12/site-packages/torch/__init__.py
CUDA available    : True 4
cuDNN             : 91300
MPI available     : True
mpi4py            : MPI VERSION    : CRAY MPICH version 9.0.1.498 (ANL base 4.1.2)
mpi4py rank test  : rank 0 OK
ZFP_HOME          : /home/mrest/mpiAllReduceCompressed/zfp-install
ZFP lib           : lrwxrwxrwx 1 mrest users 11 May 17 22:11 /home/mrest/mpiAllReduceCompressed/zfp-install/lib64/libzfp.so -> libzfp.so.1
ZFP include       : -rw-r--r-- 1 mrest users 35180 May 17 18:17 /home/mrest/mpiAllReduceCompressed/zfp-install/include/zfp.h
=============================================
MASTER_ADDR=x3109c0s7b0n0.hsn.cm.polaris.alcf.anl.gov
MASTER_PORT=29500
=== Starting: model=wide_resnet50_2, ws=32, bs=16, gb=512, lr=0.1, sched=cosine, warmup=0, mom=0.9, wd=5e-4, nesterov=true, wd_bn_bias=false, backend=nccl, hook=none, zfp=none at Thu Jul 30 08:03:01 AM UTC 2026 ===

================================================================================
DISTRIBUTED TRAINING LAUNCHER
================================================================================
  Model:      wide_resnet50_2 (CIFAR stem) (from scratch)
  Dataset:    cifar10 (10 classes)
  Image size: 32
  LR:         0.1
  Momentum:   0.9 (nesterov=True)
  Optimizer:  sgd
  Weight dec: 0.0005 (on BN/bias=False)
  Backend:    nccl
  Algorithm:  built-in (no hook)
  Epochs:     10
  Batch/rank: 16
  LR:         0.1
  Scheduler:  cosine
  Warmup:     0
  Grad clip:  None
  Drop last:  True
  Data dir:   ./data
================================================================================


================================================================================
Distributed Training: WIDE_RESNET50_2 on CIFAR10
Backend: NCCL, Algorithm: built-in (no hook)
================================================================================
Ranks: 32, Epochs: 10, Batch/rank: 16, Effective batch: 512
LR: 0.1, Device: cuda:0

[Cache] Pretrained weights cache (TORCH_HOME) = ./data/pretrained_weights_cache
[Setup] Model on cuda:0, wrapped in DDP (static_graph=True)
[Setup] No hook — using DDP built-in NCCL allreduce
[Optim] SGD: lr=0.1 momentum=0.9 nesterov=True wd=0.0005 wd_on_bn_bias=False
[Optim]   group 0: 66,778,816 params, wd=0.0005
[Optim]   group 1: 68,234 params, wd=0.0

================================================================================
DISTRIBUTED TRAINING LAUNCHER
================================================================================
  Model:      wide_resnet50_2 (CIFAR stem) (from scratch)
  Dataset:    cifar10 (10 classes)
  Image size: 32
  LR:         0.1
  Momentum:   0.9 (nesterov=True)
  Optimizer:  sgd
  Weight dec: 0.0005 (on BN/bias=False)
  Backend:    nccl
  Algorithm:  built-in (no hook)
  Epochs:     10
  Batch/rank: 16
  LR:         0.1
  Scheduler:  cosine
  Warmup:     0
  Grad clip:  None
  Drop last:  True
  Data dir:   ./data
================================================================================


================================================================================
DISTRIBUTED TRAINING LAUNCHER
================================================================================
  Model:      wide_resnet50_2 (CIFAR stem) (from scratch)
  Dataset:    cifar10 (10 classes)
  Image size: 32
  LR:         0.1
  Momentum:   0.9 (nesterov=True)
  Optimizer:  sgd
  Weight dec: 0.0005 (on BN/bias=False)
  Backend:    nccl
  Algorithm:  built-in (no hook)
  Epochs:     10
  Batch/rank: 16
  LR:         0.1
  Scheduler:  cosine
  Warmup:     0
  Grad clip:  None
  Drop last:  True
  Data dir:   ./data
================================================================================


================================================================================
DISTRIBUTED TRAINING LAUNCHER
================================================================================
  Model:      wide_resnet50_2 (CIFAR stem) (from scratch)
  Dataset:    cifar10 (10 classes)
  Image size: 32
  LR:         0.1
  Momentum:   0.9 (nesterov=True)
  Optimizer:  sgd
  Weight dec: 0.0005 (on BN/bias=False)
  Backend:    nccl
  Algorithm:  built-in (no hook)
  Epochs:     10
  Batch/rank: 16
  LR:         0.1
  Scheduler:  cosine
  Warmup:     0
  Grad clip:  None
  Drop last:  True
  Data dir:   ./data
================================================================================


================================================================================
DISTRIBUTED TRAINING LAUNCHER
================================================================================
  Model:      wide_resnet50_2 (CIFAR stem) (from scratch)
  Dataset:    cifar10 (10 classes)
  Image size: 32
  LR:         0.1
  Momentum:   0.9 (nesterov=True)
  Optimizer:  sgd
  Weight dec: 0.0005 (on BN/bias=False)
  Backend:    nccl
  Algorithm:  built-in (no hook)
  Epochs:     10
  Batch/rank: 16
  LR:         0.1
  Scheduler:  cosine
  Warmup:     0
  Grad clip:  None
  Drop last:  True
  Data dir:   ./data
================================================================================


================================================================================
DISTRIBUTED TRAINING LAUNCHER
================================================================================
  Model:      wide_resnet50_2 (CIFAR stem) (from scratch)
  Dataset:    cifar10 (10 classes)
  Image size: 32
  LR:         0.1
  Momentum:   0.9 (nesterov=True)
  Optimizer:  sgd
  Weight dec: 0.0005 (on BN/bias=False)
  Backend:    nccl
  Algorithm:  built-in (no hook)
  Epochs:     10
  Batch/rank: 16
  LR:         0.1
  Scheduler:  cosine
  Warmup:     0
  Grad clip:  None
  Drop last:  True
  Data dir:   ./data
================================================================================


================================================================================
DISTRIBUTED TRAINING LAUNCHER
================================================================================
  Model:      wide_resnet50_2 (CIFAR stem) (from scratch)
  Dataset:    cifar10 (10 classes)
  Image size: 32
  LR:         0.1
  Momentum:   0.9 (nesterov=True)
  Optimizer:  sgd
  Weight dec: 0.0005 (on BN/bias=False)
  Backend:    nccl
  Algorithm:  built-in (no hook)
  Epochs:     10
  Batch/rank: 16
  LR:         0.1
  Scheduler:  cosine
  Warmup:     0
  Grad clip:  None
  Drop last:  True
  Data dir:   ./data
================================================================================


================================================================================
DISTRIBUTED TRAINING LAUNCHER
================================================================================
  Model:      wide_resnet50_2 (CIFAR stem) (from scratch)
  Dataset:    cifar10 (10 classes)
  Image size: 32
  LR:         0.1
  Momentum:   0.9 (nesterov=True)
  Optimizer:  sgd
  Weight dec: 0.0005 (on BN/bias=False)
  Backend:    nccl
  Algorithm:  built-in (no hook)
  Epochs:     10
  Batch/rank: 16
  LR:         0.1
  Scheduler:  cosine
  Warmup:     0
  Grad clip:  None
  Drop last:  True
  Data dir:   ./data
================================================================================


================================================================================
DISTRIBUTED TRAINING LAUNCHER
================================================================================
  Model:      wide_resnet50_2 (CIFAR stem) (from scratch)
  Dataset:    cifar10 (10 classes)
  Image size: 32
  LR:         0.1
  Momentum:   0.9 (nesterov=True)
  Optimizer:  sgd
  Weight dec: 0.0005 (on BN/bias=False)
  Backend:    nccl
  Algorithm:  built-in (no hook)
  Epochs:     10
  Batch/rank: 16
  LR:         0.1
  Scheduler:  cosine
  Warmup:     0
  Grad clip:  None
  Drop last:  True
  Data dir:   ./data
================================================================================


================================================================================
DISTRIBUTED TRAINING LAUNCHER
================================================================================
  Model:      wide_resnet50_2 (CIFAR stem) (from scratch)
  Dataset:    cifar10 (10 classes)
  Image size: 32
  LR:         0.1
  Momentum:   0.9 (nesterov=True)
  Optimizer:  sgd
  Weight dec: 0.0005 (on BN/bias=False)
  Backend:    nccl
  Algorithm:  built-in (no hook)
  Epochs:     10
  Batch/rank: 16
  LR:         0.1
  Scheduler:  cosine
  Warmup:     0
  Grad clip:  None
  Drop last:  True
  Data dir:   ./data
================================================================================


================================================================================
DISTRIBUTED TRAINING LAUNCHER
================================================================================
  Model:      wide_resnet50_2 (CIFAR stem) (from scratch)
  Dataset:    cifar10 (10 classes)
  Image size: 32
  LR:         0.1
  Momentum:   0.9 (nesterov=True)
  Optimizer:  sgd
  Weight dec: 0.0005 (on BN/bias=False)
  Backend:    nccl
  Algorithm:  built-in (no hook)
  Epochs:     10
  Batch/rank: 16
  LR:         0.1
  Scheduler:  cosine
  Warmup:     0
  Grad clip:  None
  Drop last:  True
  Data dir:   ./data
================================================================================


================================================================================
DISTRIBUTED TRAINING LAUNCHER
================================================================================
  Model:      wide_resnet50_2 (CIFAR stem) (from scratch)
  Dataset:    cifar10 (10 classes)
  Image size: 32
  LR:         0.1
  Momentum:   0.9 (nesterov=True)
  Optimizer:  sgd
  Weight dec: 0.0005 (on BN/bias=False)
  Backend:    nccl
  Algorithm:  built-in (no hook)
  Epochs:     10
  Batch/rank: 16
  LR:         0.1
  Scheduler:  cosine
  Warmup:     0
  Grad clip:  None
  Drop last:  True
  Data dir:   ./data
================================================================================

[Data] Train batches: 97, Val batches: 625

[Sched] cosine: steps/epoch=97, total_steps=970, warmup_steps=0 (0 epochs)


[Epoch 1] Training... (lr at epoch start=0.100000)

================================================================================
DISTRIBUTED TRAINING LAUNCHER
================================================================================
  Model:      wide_resnet50_2 (CIFAR stem) (from scratch)
  Dataset:    cifar10 (10 classes)
  Image size: 32
  LR:         0.1
  Momentum:   0.9 (nesterov=True)
  Optimizer:  sgd
  Weight dec: 0.0005 (on BN/bias=False)
  Backend:    nccl
  Algorithm:  built-in (no hook)
  Epochs:     10
  Batch/rank: 16
  LR:         0.1
  Scheduler:  cosine
  Warmup:     0
  Grad clip:  None
  Drop last:  True
  Data dir:   ./data
================================================================================


================================================================================
DISTRIBUTED TRAINING LAUNCHER
================================================================================
  Model:      wide_resnet50_2 (CIFAR stem) (from scratch)
  Dataset:    cifar10 (10 classes)
  Image size: 32
  LR:         0.1
  Momentum:   0.9 (nesterov=True)
  Optimizer:  sgd
  Weight dec: 0.0005 (on BN/bias=False)
  Backend:    nccl
  Algorithm:  built-in (no hook)
  Epochs:     10
  Batch/rank: 16
  LR:         0.1
  Scheduler:  cosine
  Warmup:     0
  Grad clip:  None
  Drop last:  True
  Data dir:   ./data
================================================================================


================================================================================
DISTRIBUTED TRAINING LAUNCHER
================================================================================
  Model:      wide_resnet50_2 (CIFAR stem) (from scratch)
  Dataset:    cifar10 (10 classes)
  Image size: 32
  LR:         0.1
  Momentum:   0.9 (nesterov=True)
  Optimizer:  sgd
  Weight dec: 0.0005 (on BN/bias=False)
  Backend:    nccl
  Algorithm:  built-in (no hook)
  Epochs:     10
  Batch/rank: 16
  LR:         0.1
  Scheduler:  cosine
  Warmup:     0
  Grad clip:  None
  Drop last:  True
  Data dir:   ./data
================================================================================


================================================================================
DISTRIBUTED TRAINING LAUNCHER
================================================================================
  Model:      wide_resnet50_2 (CIFAR stem) (from scratch)
  Dataset:    cifar10 (10 classes)
  Image size: 32
  LR:         0.1
  Momentum:   0.9 (nesterov=True)
  Optimizer:  sgd
  Weight dec: 0.0005 (on BN/bias=False)
  Backend:    nccl
  Algorithm:  built-in (no hook)
  Epochs:     10
  Batch/rank: 16
  LR:         0.1
  Scheduler:  cosine
  Warmup:     0
  Grad clip:  None
  Drop last:  True
  Data dir:   ./data
================================================================================


================================================================================
DISTRIBUTED TRAINING LAUNCHER
================================================================================
  Model:      wide_resnet50_2 (CIFAR stem) (from scratch)
  Dataset:    cifar10 (10 classes)
  Image size: 32
  LR:         0.1
  Momentum:   0.9 (nesterov=True)
  Optimizer:  sgd
  Weight dec: 0.0005 (on BN/bias=False)
  Backend:    nccl
  Algorithm:  built-in (no hook)
  Epochs:     10
  Batch/rank: 16
  LR:         0.1
  Scheduler:  cosine
  Warmup:     0
  Grad clip:  None
  Drop last:  True
  Data dir:   ./data
================================================================================


================================================================================
DISTRIBUTED TRAINING LAUNCHER
================================================================================
  Model:      wide_resnet50_2 (CIFAR stem) (from scratch)
  Dataset:    cifar10 (10 classes)
  Image size: 32
  LR:         0.1
  Momentum:   0.9 (nesterov=True)
  Optimizer:  sgd
  Weight dec: 0.0005 (on BN/bias=False)
  Backend:    nccl
  Algorithm:  built-in (no hook)
  Epochs:     10
  Batch/rank: 16
  LR:         0.1
  Scheduler:  cosine
  Warmup:     0
  Grad clip:  None
  Drop last:  True
  Data dir:   ./data
================================================================================


================================================================================
DISTRIBUTED TRAINING LAUNCHER
================================================================================
  Model:      wide_resnet50_2 (CIFAR stem) (from scratch)
  Dataset:    cifar10 (10 classes)
  Image size: 32
  LR:         0.1
  Momentum:   0.9 (nesterov=True)
  Optimizer:  sgd
  Weight dec: 0.0005 (on BN/bias=False)
  Backend:    nccl
  Algorithm:  built-in (no hook)
  Epochs:     10
  Batch/rank: 16
  LR:         0.1
  Scheduler:  cosine
  Warmup:     0
  Grad clip:  None
  Drop last:  True
  Data dir:   ./data
================================================================================


================================================================================
DISTRIBUTED TRAINING LAUNCHER
================================================================================
  Model:      wide_resnet50_2 (CIFAR stem) (from scratch)
  Dataset:    cifar10 (10 classes)
  Image size: 32
  LR:         0.1
  Momentum:   0.9 (nesterov=True)
  Optimizer:  sgd
  Weight dec: 0.0005 (on BN/bias=False)
  Backend:    nccl
  Algorithm:  built-in (no hook)
  Epochs:     10
  Batch/rank: 16
  LR:         0.1
  Scheduler:  cosine
  Warmup:     0
  Grad clip:  None
  Drop last:  True
  Data dir:   ./data
================================================================================


================================================================================
DISTRIBUTED TRAINING LAUNCHER
================================================================================
  Model:      wide_resnet50_2 (CIFAR stem) (from scratch)
  Dataset:    cifar10 (10 classes)
  Image size: 32
  LR:         0.1
  Momentum:   0.9 (nesterov=True)
  Optimizer:  sgd
  Weight dec: 0.0005 (on BN/bias=False)
  Backend:    nccl
  Algorithm:  built-in (no hook)
  Epochs:     10
  Batch/rank: 16
  LR:         0.1
  Scheduler:  cosine
  Warmup:     0
  Grad clip:  None
  Drop last:  True
  Data dir:   ./data
================================================================================


================================================================================
DISTRIBUTED TRAINING LAUNCHER
================================================================================
  Model:      wide_resnet50_2 (CIFAR stem) (from scratch)
  Dataset:    cifar10 (10 classes)
  Image size: 32
  LR:         0.1
  Momentum:   0.9 (nesterov=True)
  Optimizer:  sgd
  Weight dec: 0.0005 (on BN/bias=False)
  Backend:    nccl
  Algorithm:  built-in (no hook)
  Epochs:     10
  Batch/rank: 16
  LR:         0.1
  Scheduler:  cosine
  Warmup:     0
  Grad clip:  None
  Drop last:  True
  Data dir:   ./data
================================================================================


================================================================================
DISTRIBUTED TRAINING LAUNCHER
================================================================================
  Model:      wide_resnet50_2 (CIFAR stem) (from scratch)
  Dataset:    cifar10 (10 classes)
  Image size: 32
  LR:         0.1
  Momentum:   0.9 (nesterov=True)
  Optimizer:  sgd
  Weight dec: 0.0005 (on BN/bias=False)
  Backend:    nccl
  Algorithm:  built-in (no hook)
  Epochs:     10
  Batch/rank: 16
  LR:         0.1
  Scheduler:  cosine
  Warmup:     0
  Grad clip:  None
  Drop last:  True
  Data dir:   ./data
================================================================================


================================================================================
DISTRIBUTED TRAINING LAUNCHER
================================================================================
  Model:      wide_resnet50_2 (CIFAR stem) (from scratch)
  Dataset:    cifar10 (10 classes)
  Image size: 32
  LR:         0.1
  Momentum:   0.9 (nesterov=True)
  Optimizer:  sgd
  Weight dec: 0.0005 (on BN/bias=False)
  Backend:    nccl
  Algorithm:  built-in (no hook)
  Epochs:     10
  Batch/rank: 16
  LR:         0.1
  Scheduler:  cosine
  Warmup:     0
  Grad clip:  None
  Drop last:  True
  Data dir:   ./data
================================================================================


================================================================================
DISTRIBUTED TRAINING LAUNCHER
================================================================================
  Model:      wide_resnet50_2 (CIFAR stem) (from scratch)
  Dataset:    cifar10 (10 classes)
  Image size: 32
  LR:         0.1
  Momentum:   0.9 (nesterov=True)
  Optimizer:  sgd
  Weight dec: 0.0005 (on BN/bias=False)
  Backend:    nccl
  Algorithm:  built-in (no hook)
  Epochs:     10
  Batch/rank: 16
  LR:         0.1
  Scheduler:  cosine
  Warmup:     0
  Grad clip:  None
  Drop last:  True
  Data dir:   ./data
================================================================================


================================================================================
DISTRIBUTED TRAINING LAUNCHER
================================================================================
  Model:      wide_resnet50_2 (CIFAR stem) (from scratch)
  Dataset:    cifar10 (10 classes)
  Image size: 32
  LR:         0.1
  Momentum:   0.9 (nesterov=True)
  Optimizer:  sgd
  Weight dec: 0.0005 (on BN/bias=False)
  Backend:    nccl
  Algorithm:  built-in (no hook)
  Epochs:     10
  Batch/rank: 16
  LR:         0.1
  Scheduler:  cosine
  Warmup:     0
  Grad clip:  None
  Drop last:  True
  Data dir:   ./data
================================================================================


================================================================================
DISTRIBUTED TRAINING LAUNCHER
================================================================================
  Model:      wide_resnet50_2 (CIFAR stem) (from scratch)
  Dataset:    cifar10 (10 classes)
  Image size: 32
  LR:         0.1
  Momentum:   0.9 (nesterov=True)
  Optimizer:  sgd
  Weight dec: 0.0005 (on BN/bias=False)
  Backend:    nccl
  Algorithm:  built-in (no hook)
  Epochs:     10
  Batch/rank: 16
  LR:         0.1
  Scheduler:  cosine
  Warmup:     0
  Grad clip:  None
  Drop last:  True
  Data dir:   ./data
================================================================================


================================================================================
DISTRIBUTED TRAINING LAUNCHER
================================================================================
  Model:      wide_resnet50_2 (CIFAR stem) (from scratch)
  Dataset:    cifar10 (10 classes)
  Image size: 32
  LR:         0.1
  Momentum:   0.9 (nesterov=True)
  Optimizer:  sgd
  Weight dec: 0.0005 (on BN/bias=False)
  Backend:    nccl
  Algorithm:  built-in (no hook)
  Epochs:     10
  Batch/rank: 16
  LR:         0.1
  Scheduler:  cosine
  Warmup:     0
  Grad clip:  None
  Drop last:  True
  Data dir:   ./data
================================================================================


================================================================================
DISTRIBUTED TRAINING LAUNCHER
================================================================================
  Model:      wide_resnet50_2 (CIFAR stem) (from scratch)
  Dataset:    cifar10 (10 classes)
  Image size: 32
  LR:         0.1
  Momentum:   0.9 (nesterov=True)
  Optimizer:  sgd
  Weight dec: 0.0005 (on BN/bias=False)
  Backend:    nccl
  Algorithm:  built-in (no hook)
  Epochs:     10
  Batch/rank: 16
  LR:         0.1
  Scheduler:  cosine
  Warmup:     0
  Grad clip:  None
  Drop last:  True
  Data dir:   ./data
================================================================================


================================================================================
DISTRIBUTED TRAINING LAUNCHER
================================================================================
  Model:      wide_resnet50_2 (CIFAR stem) (from scratch)
  Dataset:    cifar10 (10 classes)
  Image size: 32
  LR:         0.1
  Momentum:   0.9 (nesterov=True)
  Optimizer:  sgd
  Weight dec: 0.0005 (on BN/bias=False)
  Backend:    nccl
  Algorithm:  built-in (no hook)
  Epochs:     10
  Batch/rank: 16
  LR:         0.1
  Scheduler:  cosine
  Warmup:     0
  Grad clip:  None
  Drop last:  True
  Data dir:   ./data
================================================================================


================================================================================
DISTRIBUTED TRAINING LAUNCHER
================================================================================
  Model:      wide_resnet50_2 (CIFAR stem) (from scratch)
  Dataset:    cifar10 (10 classes)
  Image size: 32
  LR:         0.1
  Momentum:   0.9 (nesterov=True)
  Optimizer:  sgd
  Weight dec: 0.0005 (on BN/bias=False)
  Backend:    nccl
  Algorithm:  built-in (no hook)
  Epochs:     10
  Batch/rank: 16
  LR:         0.1
  Scheduler:  cosine
  Warmup:     0
  Grad clip:  None
  Drop last:  True
  Data dir:   ./data
================================================================================


================================================================================
DISTRIBUTED TRAINING LAUNCHER
================================================================================
  Model:      wide_resnet50_2 (CIFAR stem) (from scratch)
  Dataset:    cifar10 (10 classes)
  Image size: 32
  LR:         0.1
  Momentum:   0.9 (nesterov=True)
  Optimizer:  sgd
  Weight dec: 0.0005 (on BN/bias=False)
  Backend:    nccl
  Algorithm:  built-in (no hook)
  Epochs:     10
  Batch/rank: 16
  LR:         0.1
  Scheduler:  cosine
  Warmup:     0
  Grad clip:  None
  Drop last:  True
  Data dir:   ./data
================================================================================

  Batch [50/97] Loss: 7.1331, Acc: 11.50%, lr: 0.099346
[Epoch 1] Train Loss: 4.8942, Acc: 14.56%  |  Val Loss: 2.3839, Acc: 15.81%  |  Time: 29.4s
[Epoch 1] t_iter median: 220.77 ms  (fwd 7.48 | bwd+comm 210.15 | opt 2.97 | data 0.12)  |  train-only epoch: 25.4s
  -> Best model saved (15.81%)
[Epoch 1] Summarizing hook timing...
[HOOK_TIMING_SUMMARY] epoch=1 no hook timing samples
[Epoch 1] Hook timing summary done

[Epoch 2] Training... (lr at epoch start=0.097553)
  Batch [50/97] Loss: 2.1849, Acc: 17.62%, lr: 0.094440
[Epoch 2] Train Loss: 2.2173, Acc: 18.81%  |  Val Loss: 2.1911, Acc: 20.22%  |  Time: 25.4s
[Epoch 2] t_iter median: 219.26 ms  (fwd 7.50 | bwd+comm 208.63 | opt 2.97 | data 0.11)  |  train-only epoch: 21.4s
  -> Best model saved (20.22%)
[Epoch 2] Summarizing hook timing...
[HOOK_TIMING_SUMMARY] epoch=2 no hook timing samples
[Epoch 2] Hook timing summary done

[Epoch 3] Training... (lr at epoch start=0.090451)
  Batch [50/97] Loss: 2.1953, Acc: 21.38%, lr: 0.085183
[Epoch 3] Train Loss: 2.1354, Acc: 21.13%  |  Val Loss: 2.0854, Acc: 22.16%  |  Time: 21.5s
[Epoch 3] t_iter median: 177.42 ms  (fwd 7.44 | bwd+comm 166.88 | opt 2.97 | data 0.12)  |  train-only epoch: 17.6s
  -> Best model saved (22.16%)
[Epoch 3] Summarizing hook timing...
[HOOK_TIMING_SUMMARY] epoch=3 no hook timing samples
[Epoch 3] Hook timing summary done

[Epoch 4] Training... (lr at epoch start=0.079389)
  Batch [50/97] Loss: 1.9913, Acc: 24.12%, lr: 0.072483
[Epoch 4] Train Loss: 1.9874, Acc: 24.42%  |  Val Loss: 2.1794, Acc: 26.25%  |  Time: 18.5s
[Epoch 4] t_iter median: 133.91 ms  (fwd 7.41 | bwd+comm 123.46 | opt 2.97 | data 0.12)  |  train-only epoch: 14.6s
  -> Best model saved (26.25%)
[Epoch 4] Summarizing hook timing...
[HOOK_TIMING_SUMMARY] epoch=4 no hook timing samples
[Epoch 4] Hook timing summary done

[Epoch 5] Training... (lr at epoch start=0.065451)
  Batch [50/97] Loss: 2.0560, Acc: 22.75%, lr: 0.057582
[Epoch 5] Train Loss: 2.0110, Acc: 25.00%  |  Val Loss: 1.8687, Acc: 32.39%  |  Time: 18.7s
[Epoch 5] t_iter median: 150.85 ms  (fwd 7.42 | bwd+comm 140.30 | opt 2.97 | data 0.12)  |  train-only epoch: 14.8s
  -> Best model saved (32.39%)
[Epoch 5] Summarizing hook timing...
[HOOK_TIMING_SUMMARY] epoch=5 no hook timing samples
[Epoch 5] Hook timing summary done

[Epoch 6] Training... (lr at epoch start=0.050000)
  Batch [50/97] Loss: 1.8226, Acc: 33.50%, lr: 0.041938
[Epoch 6] Train Loss: 1.8011, Acc: 34.02%  |  Val Loss: 1.8648, Acc: 36.04%  |  Time: 18.8s
[Epoch 6] t_iter median: 150.08 ms  (fwd 7.36 | bwd+comm 139.62 | opt 2.97 | data 0.07)  |  train-only epoch: 14.9s
  -> Best model saved (36.04%)
[Epoch 6] Summarizing hook timing...
[HOOK_TIMING_SUMMARY] epoch=6 no hook timing samples
[Epoch 6] Hook timing summary done

[Epoch 7] Training... (lr at epoch start=0.034549)
  Batch [50/97] Loss: 1.7452, Acc: 31.25%, lr: 0.027084
[Epoch 7] Train Loss: 1.7254, Acc: 34.60%  |  Val Loss: 1.8034, Acc: 40.93%  |  Time: 20.8s
[Epoch 7] t_iter median: 151.45 ms  (fwd 7.39 | bwd+comm 141.02 | opt 2.97 | data 0.12)  |  train-only epoch: 16.9s
  -> Best model saved (40.93%)
[Epoch 7] Summarizing hook timing...
[HOOK_TIMING_SUMMARY] epoch=7 no hook timing samples
[Epoch 7] Hook timing summary done

[Epoch 8] Training... (lr at epoch start=0.020611)
  Batch [50/97] Loss: 1.6988, Acc: 37.38%, lr: 0.014473
[Epoch 8] Train Loss: 1.6724, Acc: 38.98%  |  Val Loss: 1.6153, Acc: 42.03%  |  Time: 17.2s
[Epoch 8] t_iter median: 133.83 ms  (fwd 7.40 | bwd+comm 123.44 | opt 2.97 | data 0.08)  |  train-only epoch: 13.3s
  -> Best model saved (42.03%)
[Epoch 8] Summarizing hook timing...
[HOOK_TIMING_SUMMARY] epoch=8 no hook timing samples
[Epoch 8] Hook timing summary done

[Epoch 9] Training... (lr at epoch start=0.009549)
  Batch [50/97] Loss: 1.6581, Acc: 40.00%, lr: 0.005340
[Epoch 9] Train Loss: 1.6388, Acc: 39.05%  |  Val Loss: 1.5412, Acc: 45.00%  |  Time: 22.4s
[Epoch 9] t_iter median: 177.68 ms  (fwd 7.44 | bwd+comm 167.08 | opt 2.97 | data 0.12)  |  train-only epoch: 18.5s
  -> Best model saved (45.00%)
[Epoch 9] Summarizing hook timing...
[HOOK_TIMING_SUMMARY] epoch=9 no hook timing samples
[Epoch 9] Hook timing summary done

[Epoch 10] Training... (lr at epoch start=0.002447)
  Batch [50/97] Loss: 1.6220, Acc: 39.25%, lr: 0.000578
[Epoch 10] Train Loss: 1.6180, Acc: 40.08%  |  Val Loss: 1.5354, Acc: 44.57%  |  Time: 21.8s
[Epoch 10] t_iter median: 174.27 ms  (fwd 7.35 | bwd+comm 163.93 | opt 2.97 | data 0.12)  |  train-only epoch: 17.8s
[Epoch 10] Summarizing hook timing...
[HOOK_TIMING_SUMMARY] epoch=10 no hook timing samples
[Epoch 10] Hook timing summary done

================================================================================
Done in 222.3s | Best val acc: 45.00%
Epoch times (train+val): mean=21.5s  min=17.2s  max=29.4s
Train-only epoch time (epochs 2..N): median=16.88s  min=13.28s  max=21.41s
  -> use this for STRONG scaling (fixed global batch)
  -> use t_iter_median_ms from the CSV for WEAK scaling (fixed local batch)
================================================================================
=== Finished training: model=wide_resnet50_2, dataset=cifar10, batch=16, lr=0.1, scheduler=cosine, backend=nccl, hook=none, zfp_rate=none, status=0 at Thu Jul 30 08:07:00 AM UTC 2026 ===
=== Starting: model=wide_resnet50_2, ws=32, bs=16, gb=512, lr=0.1, sched=cosine, warmup=0, mom=0.9, wd=5e-4, nesterov=true, wd_bn_bias=false, backend=nccl, hook=ring, zfp=none at Thu Jul 30 08:07:00 AM UTC 2026 ===

================================================================================
DISTRIBUTED TRAINING LAUNCHER
================================================================================
  Model:      wide_resnet50_2 (CIFAR stem) (from scratch)
  Dataset:    cifar10 (10 classes)
  Image size: 32
  LR:         0.1
  Momentum:   0.9 (nesterov=True)
  Optimizer:  sgd
  Weight dec: 0.0005 (on BN/bias=False)
  Backend:    nccl
  Algorithm:  ring
  Epochs:     10
  Batch/rank: 16
  LR:         0.1
  Scheduler:  cosine
  Warmup:     0
  Grad clip:  None
  Drop last:  True
  Data dir:   ./data
================================================================================


================================================================================
Distributed Training: WIDE_RESNET50_2 on CIFAR10
Backend: NCCL, Algorithm: ring
================================================================================
Ranks: 32, Epochs: 10, Batch/rank: 16, Effective batch: 512
LR: 0.1, Device: cuda:0

[Cache] Pretrained weights cache (TORCH_HOME) = ./data/pretrained_weights_cache
[Setup] Model on cuda:0, wrapped in DDP (static_graph=True)
[Setup] Hook registered: nccl/ring
[Optim] SGD: lr=0.1 momentum=0.9 nesterov=True wd=0.0005 wd_on_bn_bias=False
[Optim]   group 0: 66,778,816 params, wd=0.0005
[Optim]   group 1: 68,234 params, wd=0.0

================================================================================
DISTRIBUTED TRAINING LAUNCHER
================================================================================
  Model:      wide_resnet50_2 (CIFAR stem) (from scratch)
  Dataset:    cifar10 (10 classes)
  Image size: 32
  LR:         0.1
  Momentum:   0.9 (nesterov=True)
  Optimizer:  sgd
  Weight dec: 0.0005 (on BN/bias=False)
  Backend:    nccl
  Algorithm:  ring
  Epochs:     10
  Batch/rank: 16
  LR:         0.1
  Scheduler:  cosine
  Warmup:     0
  Grad clip:  None
  Drop last:  True
  Data dir:   ./data
================================================================================


================================================================================
DISTRIBUTED TRAINING LAUNCHER
================================================================================
  Model:      wide_resnet50_2 (CIFAR stem) (from scratch)
  Dataset:    cifar10 (10 classes)
  Image size: 32
  LR:         0.1
  Momentum:   0.9 (nesterov=True)
  Optimizer:  sgd
  Weight dec: 0.0005 (on BN/bias=False)
  Backend:    nccl
  Algorithm:  ring
  Epochs:     10
  Batch/rank: 16
  LR:         0.1
  Scheduler:  cosine
  Warmup:     0
  Grad clip:  None
  Drop last:  True
  Data dir:   ./data
================================================================================


================================================================================
DISTRIBUTED TRAINING LAUNCHER
================================================================================
  Model:      wide_resnet50_2 (CIFAR stem) (from scratch)
  Dataset:    cifar10 (10 classes)
  Image size: 32
  LR:         0.1
  Momentum:   0.9 (nesterov=True)
  Optimizer:  sgd
  Weight dec: 0.0005 (on BN/bias=False)
  Backend:    nccl
  Algorithm:  ring
  Epochs:     10
  Batch/rank: 16
  LR:         0.1
  Scheduler:  cosine
  Warmup:     0
  Grad clip:  None
  Drop last:  True
  Data dir:   ./data
================================================================================


================================================================================
DISTRIBUTED TRAINING LAUNCHER
================================================================================
  Model:      wide_resnet50_2 (CIFAR stem) (from scratch)
  Dataset:    cifar10 (10 classes)
  Image size: 32
  LR:         0.1
  Momentum:   0.9 (nesterov=True)
  Optimizer:  sgd
  Weight dec: 0.0005 (on BN/bias=False)
  Backend:    nccl
  Algorithm:  ring
  Epochs:     10
  Batch/rank: 16
  LR:         0.1
  Scheduler:  cosine
  Warmup:     0
  Grad clip:  None
  Drop last:  True
  Data dir:   ./data
================================================================================

[Data] Train batches: 97, Val batches: 625

[Sched] cosine: steps/epoch=97, total_steps=970, warmup_steps=0 (0 epochs)


[Epoch 1] Training... (lr at epoch start=0.100000)

================================================================================
DISTRIBUTED TRAINING LAUNCHER
================================================================================
  Model:      wide_resnet50_2 (CIFAR stem) (from scratch)
  Dataset:    cifar10 (10 classes)
  Image size: 32
  LR:         0.1
  Momentum:   0.9 (nesterov=True)
  Optimizer:  sgd
  Weight dec: 0.0005 (on BN/bias=False)
  Backend:    nccl
  Algorithm:  ring
  Epochs:     10
  Batch/rank: 16
  LR:         0.1
  Scheduler:  cosine
  Warmup:     0
  Grad clip:  None
  Drop last:  True
  Data dir:   ./data
================================================================================


================================================================================
DISTRIBUTED TRAINING LAUNCHER
================================================================================
  Model:      wide_resnet50_2 (CIFAR stem) (from scratch)
  Dataset:    cifar10 (10 classes)
  Image size: 32
  LR:         0.1
  Momentum:   0.9 (nesterov=True)
  Optimizer:  sgd
  Weight dec: 0.0005 (on BN/bias=False)
  Backend:    nccl
  Algorithm:  ring
  Epochs:     10
  Batch/rank: 16
  LR:         0.1
  Scheduler:  cosine
  Warmup:     0
  Grad clip:  None
  Drop last:  True
  Data dir:   ./data
================================================================================


================================================================================
DISTRIBUTED TRAINING LAUNCHER
================================================================================
  Model:      wide_resnet50_2 (CIFAR stem) (from scratch)
  Dataset:    cifar10 (10 classes)
  Image size: 32
  LR:         0.1
  Momentum:   0.9 (nesterov=True)
  Optimizer:  sgd
  Weight dec: 0.0005 (on BN/bias=False)
  Backend:    nccl
  Algorithm:  ring
  Epochs:     10
  Batch/rank: 16
  LR:         0.1
  Scheduler:  cosine
  Warmup:     0
  Grad clip:  None
  Drop last:  True
  Data dir:   ./data
================================================================================


================================================================================
DISTRIBUTED TRAINING LAUNCHER
================================================================================
  Model:      wide_resnet50_2 (CIFAR stem) (from scratch)
  Dataset:    cifar10 (10 classes)
  Image size: 32
  LR:         0.1
  Momentum:   0.9 (nesterov=True)
  Optimizer:  sgd
  Weight dec: 0.0005 (on BN/bias=False)
  Backend:    nccl
  Algorithm:  ring
  Epochs:     10
  Batch/rank: 16
  LR:         0.1
  Scheduler:  cosine
  Warmup:     0
  Grad clip:  None
  Drop last:  True
  Data dir:   ./data
================================================================================


================================================================================
DISTRIBUTED TRAINING LAUNCHER
================================================================================
  Model:      wide_resnet50_2 (CIFAR stem) (from scratch)
  Dataset:    cifar10 (10 classes)
  Image size: 32
  LR:         0.1
  Momentum:   0.9 (nesterov=True)
  Optimizer:  sgd
  Weight dec: 0.0005 (on BN/bias=False)
  Backend:    nccl
  Algorithm:  ring
  Epochs:     10
  Batch/rank: 16
  LR:         0.1
  Scheduler:  cosine
  Warmup:     0
  Grad clip:  None
  Drop last:  True
  Data dir:   ./data
================================================================================


================================================================================
DISTRIBUTED TRAINING LAUNCHER
================================================================================
  Model:      wide_resnet50_2 (CIFAR stem) (from scratch)
  Dataset:    cifar10 (10 classes)
  Image size: 32
  LR:         0.1
  Momentum:   0.9 (nesterov=True)
  Optimizer:  sgd
  Weight dec: 0.0005 (on BN/bias=False)
  Backend:    nccl
  Algorithm:  ring
  Epochs:     10
  Batch/rank: 16
  LR:         0.1
  Scheduler:  cosine
  Warmup:     0
  Grad clip:  None
  Drop last:  True
  Data dir:   ./data
================================================================================


================================================================================
DISTRIBUTED TRAINING LAUNCHER
================================================================================
  Model:      wide_resnet50_2 (CIFAR stem) (from scratch)
  Dataset:    cifar10 (10 classes)
  Image size: 32
  LR:         0.1
  Momentum:   0.9 (nesterov=True)
  Optimizer:  sgd
  Weight dec: 0.0005 (on BN/bias=False)
  Backend:    nccl
  Algorithm:  ring
  Epochs:     10
  Batch/rank: 16
  LR:         0.1
  Scheduler:  cosine
  Warmup:     0
  Grad clip:  None
  Drop last:  True
  Data dir:   ./data
================================================================================


================================================================================
DISTRIBUTED TRAINING LAUNCHER
================================================================================
  Model:      wide_resnet50_2 (CIFAR stem) (from scratch)
  Dataset:    cifar10 (10 classes)
  Image size: 32
  LR:         0.1
  Momentum:   0.9 (nesterov=True)
  Optimizer:  sgd
  Weight dec: 0.0005 (on BN/bias=False)
  Backend:    nccl
  Algorithm:  ring
  Epochs:     10
  Batch/rank: 16
  LR:         0.1
  Scheduler:  cosine
  Warmup:     0
  Grad clip:  None
  Drop last:  True
  Data dir:   ./data
================================================================================


================================================================================
DISTRIBUTED TRAINING LAUNCHER
================================================================================
  Model:      wide_resnet50_2 (CIFAR stem) (from scratch)
  Dataset:    cifar10 (10 classes)
  Image size: 32
  LR:         0.1
  Momentum:   0.9 (nesterov=True)
  Optimizer:  sgd
  Weight dec: 0.0005 (on BN/bias=False)
  Backend:    nccl
  Algorithm:  ring
  Epochs:     10
  Batch/rank: 16
  LR:         0.1
  Scheduler:  cosine
  Warmup:     0
  Grad clip:  None
  Drop last:  True
  Data dir:   ./data
================================================================================


================================================================================
DISTRIBUTED TRAINING LAUNCHER
================================================================================
  Model:      wide_resnet50_2 (CIFAR stem) (from scratch)
  Dataset:    cifar10 (10 classes)
  Image size: 32
  LR:         0.1
  Momentum:   0.9 (nesterov=True)
  Optimizer:  sgd
  Weight dec: 0.0005 (on BN/bias=False)
  Backend:    nccl
  Algorithm:  ring
  Epochs:     10
  Batch/rank: 16
  LR:         0.1
  Scheduler:  cosine
  Warmup:     0
  Grad clip:  None
  Drop last:  True
  Data dir:   ./data
================================================================================


================================================================================
DISTRIBUTED TRAINING LAUNCHER
================================================================================
  Model:      wide_resnet50_2 (CIFAR stem) (from scratch)
  Dataset:    cifar10 (10 classes)
  Image size: 32
  LR:         0.1
  Momentum:   0.9 (nesterov=True)
  Optimizer:  sgd
  Weight dec: 0.0005 (on BN/bias=False)
  Backend:    nccl
  Algorithm:  ring
  Epochs:     10
  Batch/rank: 16
  LR:         0.1
  Scheduler:  cosine
  Warmup:     0
  Grad clip:  None
  Drop last:  True
  Data dir:   ./data
================================================================================


================================================================================
DISTRIBUTED TRAINING LAUNCHER
================================================================================
  Model:      wide_resnet50_2 (CIFAR stem) (from scratch)
  Dataset:    cifar10 (10 classes)
  Image size: 32
  LR:         0.1
  Momentum:   0.9 (nesterov=True)
  Optimizer:  sgd
  Weight dec: 0.0005 (on BN/bias=False)
  Backend:    nccl
  Algorithm:  ring
  Epochs:     10
  Batch/rank: 16
  LR:         0.1
  Scheduler:  cosine
  Warmup:     0
  Grad clip:  None
  Drop last:  True
  Data dir:   ./data
================================================================================


================================================================================
DISTRIBUTED TRAINING LAUNCHER
================================================================================
  Model:      wide_resnet50_2 (CIFAR stem) (from scratch)
  Dataset:    cifar10 (10 classes)
  Image size: 32
  LR:         0.1
  Momentum:   0.9 (nesterov=True)
  Optimizer:  sgd
  Weight dec: 0.0005 (on BN/bias=False)
  Backend:    nccl
  Algorithm:  ring
  Epochs:     10
  Batch/rank: 16
  LR:         0.1
  Scheduler:  cosine
  Warmup:     0
  Grad clip:  None
  Drop last:  True
  Data dir:   ./data
================================================================================


================================================================================
DISTRIBUTED TRAINING LAUNCHER
================================================================================
  Model:      wide_resnet50_2 (CIFAR stem) (from scratch)
  Dataset:    cifar10 (10 classes)
  Image size: 32
  LR:         0.1
  Momentum:   0.9 (nesterov=True)
  Optimizer:  sgd
  Weight dec: 0.0005 (on BN/bias=False)
  Backend:    nccl
  Algorithm:  ring
  Epochs:     10
  Batch/rank: 16
  LR:         0.1
  Scheduler:  cosine
  Warmup:     0
  Grad clip:  None
  Drop last:  True
  Data dir:   ./data
================================================================================


================================================================================
DISTRIBUTED TRAINING LAUNCHER
================================================================================
  Model:      wide_resnet50_2 (CIFAR stem) (from scratch)
  Dataset:    cifar10 (10 classes)
  Image size: 32
  LR:         0.1
  Momentum:   0.9 (nesterov=True)
  Optimizer:  sgd
  Weight dec: 0.0005 (on BN/bias=False)
  Backend:    nccl
  Algorithm:  ring
  Epochs:     10
  Batch/rank: 16
  LR:         0.1
  Scheduler:  cosine
  Warmup:     0
  Grad clip:  None
  Drop last:  True
  Data dir:   ./data
================================================================================


================================================================================
DISTRIBUTED TRAINING LAUNCHER
================================================================================
  Model:      wide_resnet50_2 (CIFAR stem) (from scratch)
  Dataset:    cifar10 (10 classes)
  Image size: 32
  LR:         0.1
  Momentum:   0.9 (nesterov=True)
  Optimizer:  sgd
  Weight dec: 0.0005 (on BN/bias=False)
  Backend:    nccl
  Algorithm:  ring
  Epochs:     10
  Batch/rank: 16
  LR:         0.1
  Scheduler:  cosine
  Warmup:     0
  Grad clip:  None
  Drop last:  True
  Data dir:   ./data
================================================================================


================================================================================
DISTRIBUTED TRAINING LAUNCHER
================================================================================
  Model:      wide_resnet50_2 (CIFAR stem) (from scratch)
  Dataset:    cifar10 (10 classes)
  Image size: 32
  LR:         0.1
  Momentum:   0.9 (nesterov=True)
  Optimizer:  sgd
  Weight dec: 0.0005 (on BN/bias=False)
  Backend:    nccl
  Algorithm:  ring
  Epochs:     10
  Batch/rank: 16
  LR:         0.1
  Scheduler:  cosine
  Warmup:     0
  Grad clip:  None
  Drop last:  True
  Data dir:   ./data
================================================================================


================================================================================
DISTRIBUTED TRAINING LAUNCHER
================================================================================
  Model:      wide_resnet50_2 (CIFAR stem) (from scratch)
  Dataset:    cifar10 (10 classes)
  Image size: 32
  LR:         0.1
  Momentum:   0.9 (nesterov=True)
  Optimizer:  sgd
  Weight dec: 0.0005 (on BN/bias=False)
  Backend:    nccl
  Algorithm:  ring
  Epochs:     10
  Batch/rank: 16
  LR:         0.1
  Scheduler:  cosine
  Warmup:     0
  Grad clip:  None
  Drop last:  True
  Data dir:   ./data
================================================================================


================================================================================
DISTRIBUTED TRAINING LAUNCHER
================================================================================
  Model:      wide_resnet50_2 (CIFAR stem) (from scratch)
  Dataset:    cifar10 (10 classes)
  Image size: 32
  LR:         0.1
  Momentum:   0.9 (nesterov=True)
  Optimizer:  sgd
  Weight dec: 0.0005 (on BN/bias=False)
  Backend:    nccl
  Algorithm:  ring
  Epochs:     10
  Batch/rank: 16
  LR:         0.1
  Scheduler:  cosine
  Warmup:     0
  Grad clip:  None
  Drop last:  True
  Data dir:   ./data
================================================================================


================================================================================
DISTRIBUTED TRAINING LAUNCHER
================================================================================
  Model:      wide_resnet50_2 (CIFAR stem) (from scratch)
  Dataset:    cifar10 (10 classes)
  Image size: 32
  LR:         0.1
  Momentum:   0.9 (nesterov=True)
  Optimizer:  sgd
  Weight dec: 0.0005 (on BN/bias=False)
  Backend:    nccl
  Algorithm:  ring
  Epochs:     10
  Batch/rank: 16
  LR:         0.1
  Scheduler:  cosine
  Warmup:     0
  Grad clip:  None
  Drop last:  True
  Data dir:   ./data
================================================================================


================================================================================
DISTRIBUTED TRAINING LAUNCHER
================================================================================
  Model:      wide_resnet50_2 (CIFAR stem) (from scratch)
  Dataset:    cifar10 (10 classes)
  Image size: 32
  LR:         0.1
  Momentum:   0.9 (nesterov=True)
  Optimizer:  sgd
  Weight dec: 0.0005 (on BN/bias=False)
  Backend:    nccl
  Algorithm:  ring
  Epochs:     10
  Batch/rank: 16
  LR:         0.1
  Scheduler:  cosine
  Warmup:     0
  Grad clip:  None
  Drop last:  True
  Data dir:   ./data
================================================================================


================================================================================
DISTRIBUTED TRAINING LAUNCHER
================================================================================
  Model:      wide_resnet50_2 (CIFAR stem) (from scratch)
  Dataset:    cifar10 (10 classes)
  Image size: 32
  LR:         0.1
  Momentum:   0.9 (nesterov=True)
  Optimizer:  sgd
  Weight dec: 0.0005 (on BN/bias=False)
  Backend:    nccl
  Algorithm:  ring
  Epochs:     10
  Batch/rank: 16
  LR:         0.1
  Scheduler:  cosine
  Warmup:     0
  Grad clip:  None
  Drop last:  True
  Data dir:   ./data
================================================================================


================================================================================
DISTRIBUTED TRAINING LAUNCHER
================================================================================
  Model:      wide_resnet50_2 (CIFAR stem) (from scratch)
  Dataset:    cifar10 (10 classes)
  Image size: 32
  LR:         0.1
  Momentum:   0.9 (nesterov=True)
  Optimizer:  sgd
  Weight dec: 0.0005 (on BN/bias=False)
  Backend:    nccl
  Algorithm:  ring
  Epochs:     10
  Batch/rank: 16
  LR:         0.1
  Scheduler:  cosine
  Warmup:     0
  Grad clip:  None
  Drop last:  True
  Data dir:   ./data
================================================================================


================================================================================
DISTRIBUTED TRAINING LAUNCHER
================================================================================
  Model:      wide_resnet50_2 (CIFAR stem) (from scratch)
  Dataset:    cifar10 (10 classes)
  Image size: 32
  LR:         0.1
  Momentum:   0.9 (nesterov=True)
  Optimizer:  sgd
  Weight dec: 0.0005 (on BN/bias=False)
  Backend:    nccl
  Algorithm:  ring
  Epochs:     10
  Batch/rank: 16
  LR:         0.1
  Scheduler:  cosine
  Warmup:     0
  Grad clip:  None
  Drop last:  True
  Data dir:   ./data
================================================================================


================================================================================
DISTRIBUTED TRAINING LAUNCHER
================================================================================
  Model:      wide_resnet50_2 (CIFAR stem) (from scratch)
  Dataset:    cifar10 (10 classes)
  Image size: 32
  LR:         0.1
  Momentum:   0.9 (nesterov=True)
  Optimizer:  sgd
  Weight dec: 0.0005 (on BN/bias=False)
  Backend:    nccl
  Algorithm:  ring
  Epochs:     10
  Batch/rank: 16
  LR:         0.1
  Scheduler:  cosine
  Warmup:     0
  Grad clip:  None
  Drop last:  True
  Data dir:   ./data
================================================================================


================================================================================
DISTRIBUTED TRAINING LAUNCHER
================================================================================
  Model:      wide_resnet50_2 (CIFAR stem) (from scratch)
  Dataset:    cifar10 (10 classes)
  Image size: 32
  LR:         0.1
  Momentum:   0.9 (nesterov=True)
  Optimizer:  sgd
  Weight dec: 0.0005 (on BN/bias=False)
  Backend:    nccl
  Algorithm:  ring
  Epochs:     10
  Batch/rank: 16
  LR:         0.1
  Scheduler:  cosine
  Warmup:     0
  Grad clip:  None
  Drop last:  True
  Data dir:   ./data
================================================================================


================================================================================
DISTRIBUTED TRAINING LAUNCHER
================================================================================
  Model:      wide_resnet50_2 (CIFAR stem) (from scratch)
  Dataset:    cifar10 (10 classes)
  Image size: 32
  LR:         0.1
  Momentum:   0.9 (nesterov=True)
  Optimizer:  sgd
  Weight dec: 0.0005 (on BN/bias=False)
  Backend:    nccl
  Algorithm:  ring
  Epochs:     10
  Batch/rank: 16
  LR:         0.1
  Scheduler:  cosine
  Warmup:     0
  Grad clip:  None
  Drop last:  True
  Data dir:   ./data
================================================================================

  Batch [50/97] Loss: 8.6051, Acc: 11.75%, lr: 0.099346
[Epoch 1] Train Loss: 5.7497, Acc: 13.08%  |  Val Loss: 2.4327, Acc: 13.78%  |  Time: 28.9s
[Epoch 1] t_iter median: 231.66 ms  (fwd 7.65 | bwd+comm 220.66 | opt 3.31 | data 0.12)  |  train-only epoch: 24.9s
  -> Best model saved (13.78%)
[Epoch 1] Summarizing hook timing...

[HOOK_TIMING_SUMMARY] epoch=1
[HOOK_WORK_SUMMARY] label=nccl:ring calls=762 work_total_ms=21308.116 work_mean_ms=27.963 work_min_ms=15.719 work_max_ms=192.870
[HOOK_TAIL_SUMMARY] label=nccl:ring steps=98 tail_total_ms=20557.679 tail_mean_ms=209.772 tail_min_ms=168.871 tail_max_ms=375.879
[Epoch 1] Hook timing summary done

[Epoch 2] Training... (lr at epoch start=0.097553)
  Batch [50/97] Loss: 2.3968, Acc: 16.25%, lr: 0.094440
[Epoch 2] Train Loss: 2.2782, Acc: 17.65%  |  Val Loss: 2.3439, Acc: 18.73%  |  Time: 25.5s
[Epoch 2] t_iter median: 217.30 ms  (fwd 7.60 | bwd+comm 206.23 | opt 3.31 | data 0.12)  |  train-only epoch: 21.5s
  -> Best model saved (18.73%)
[Epoch 2] Summarizing hook timing...

[HOOK_TIMING_SUMMARY] epoch=2
[HOOK_WORK_SUMMARY] label=nccl:ring calls=776 work_total_ms=20151.505 work_mean_ms=25.968 work_min_ms=15.147 work_max_ms=60.318
[HOOK_TAIL_SUMMARY] label=nccl:ring steps=97 tail_total_ms=19249.786 tail_mean_ms=198.451 tail_min_ms=184.607 tail_max_ms=249.733
[Epoch 2] Hook timing summary done

[Epoch 3] Training... (lr at epoch start=0.090451)
  Batch [50/97] Loss: 2.1023, Acc: 21.12%, lr: 0.085183
[Epoch 3] Train Loss: 2.0857, Acc: 20.23%  |  Val Loss: 2.1151, Acc: 21.40%  |  Time: 25.5s
[Epoch 3] t_iter median: 215.90 ms  (fwd 7.46 | bwd+comm 205.10 | opt 3.23 | data 0.12)  |  train-only epoch: 21.5s
  -> Best model saved (21.40%)
[Epoch 3] Summarizing hook timing...

[HOOK_TIMING_SUMMARY] epoch=3
[HOOK_WORK_SUMMARY] label=nccl:ring calls=776 work_total_ms=20169.737 work_mean_ms=25.992 work_min_ms=15.286 work_max_ms=59.279
[HOOK_TAIL_SUMMARY] label=nccl:ring steps=97 tail_total_ms=19294.010 tail_mean_ms=198.907 tail_min_ms=185.621 tail_max_ms=284.605
[Epoch 3] Hook timing summary done

[Epoch 4] Training... (lr at epoch start=0.079389)
  Batch [50/97] Loss: 2.0489, Acc: 23.75%, lr: 0.072483
[Epoch 4] Train Loss: 2.0105, Acc: 24.94%  |  Val Loss: 2.0414, Acc: 25.50%  |  Time: 25.8s
[Epoch 4] t_iter median: 223.85 ms  (fwd 7.44 | bwd+comm 212.98 | opt 3.30 | data 0.12)  |  train-only epoch: 21.9s
  -> Best model saved (25.50%)
[Epoch 4] Summarizing hook timing...

[HOOK_TIMING_SUMMARY] epoch=4
[HOOK_WORK_SUMMARY] label=nccl:ring calls=776 work_total_ms=20558.128 work_mean_ms=26.492 work_min_ms=16.193 work_max_ms=53.650
[HOOK_TAIL_SUMMARY] label=nccl:ring steps=97 tail_total_ms=19665.717 tail_mean_ms=202.739 tail_min_ms=185.854 tail_max_ms=227.533
[Epoch 4] Hook timing summary done

[Epoch 5] Training... (lr at epoch start=0.065451)
  Batch [50/97] Loss: 1.9745, Acc: 24.75%, lr: 0.057582
[Epoch 5] Train Loss: 1.9208, Acc: 27.19%  |  Val Loss: 1.8519, Acc: 32.88%  |  Time: 26.0s
[Epoch 5] t_iter median: 221.47 ms  (fwd 7.56 | bwd+comm 210.51 | opt 3.34 | data 0.12)  |  train-only epoch: 21.9s
  -> Best model saved (32.88%)
[Epoch 5] Summarizing hook timing...

[HOOK_TIMING_SUMMARY] epoch=5
[HOOK_WORK_SUMMARY] label=nccl:ring calls=776 work_total_ms=20518.981 work_mean_ms=26.442 work_min_ms=16.197 work_max_ms=54.345
[HOOK_TAIL_SUMMARY] label=nccl:ring steps=97 tail_total_ms=19549.862 tail_mean_ms=201.545 tail_min_ms=186.275 tail_max_ms=269.670
[Epoch 5] Hook timing summary done

[Epoch 6] Training... (lr at epoch start=0.050000)
  Batch [50/97] Loss: 1.7360, Acc: 33.88%, lr: 0.041938
[Epoch 6] Train Loss: 1.7271, Acc: 34.60%  |  Val Loss: 1.7179, Acc: 36.58%  |  Time: 25.7s
[Epoch 6] t_iter median: 218.87 ms  (fwd 7.50 | bwd+comm 208.00 | opt 3.26 | data 0.12)  |  train-only epoch: 21.7s
  -> Best model saved (36.58%)
[Epoch 6] Summarizing hook timing...

[HOOK_TIMING_SUMMARY] epoch=6
[HOOK_WORK_SUMMARY] label=nccl:ring calls=776 work_total_ms=20345.025 work_mean_ms=26.218 work_min_ms=15.547 work_max_ms=65.503
[HOOK_TAIL_SUMMARY] label=nccl:ring steps=97 tail_total_ms=19395.291 tail_mean_ms=199.951 tail_min_ms=185.399 tail_max_ms=287.045
[Epoch 6] Hook timing summary done

[Epoch 7] Training... (lr at epoch start=0.034549)
  Batch [50/97] Loss: 1.6807, Acc: 35.25%, lr: 0.027084
[Epoch 7] Train Loss: 1.6572, Acc: 37.56%  |  Val Loss: 1.6114, Acc: 43.03%  |  Time: 25.2s
[Epoch 7] t_iter median: 215.13 ms  (fwd 7.50 | bwd+comm 204.12 | opt 3.31 | data 0.12)  |  train-only epoch: 21.2s
  -> Best model saved (43.03%)
[Epoch 7] Summarizing hook timing...

[HOOK_TIMING_SUMMARY] epoch=7
[HOOK_WORK_SUMMARY] label=nccl:ring calls=776 work_total_ms=19878.179 work_mean_ms=25.616 work_min_ms=15.358 work_max_ms=68.094
[HOOK_TAIL_SUMMARY] label=nccl:ring steps=97 tail_total_ms=18920.423 tail_mean_ms=195.056 tail_min_ms=183.202 tail_max_ms=285.066
[Epoch 7] Hook timing summary done

[Epoch 8] Training... (lr at epoch start=0.020611)
  Batch [50/97] Loss: 1.5763, Acc: 43.25%, lr: 0.014473
[Epoch 8] Train Loss: 1.5733, Acc: 42.85%  |  Val Loss: 1.7708, Acc: 44.71%  |  Time: 28.7s
[Epoch 8] t_iter median: 230.53 ms  (fwd 7.53 | bwd+comm 219.43 | opt 3.23 | data 0.11)  |  train-only epoch: 24.7s
  -> Best model saved (44.71%)
[Epoch 8] Summarizing hook timing...

[HOOK_TIMING_SUMMARY] epoch=8
[HOOK_WORK_SUMMARY] label=nccl:ring calls=776 work_total_ms=23407.368 work_mean_ms=30.164 work_min_ms=16.331 work_max_ms=57.107
[HOOK_TAIL_SUMMARY] label=nccl:ring steps=97 tail_total_ms=22530.470 tail_mean_ms=232.273 tail_min_ms=185.696 tail_max_ms=285.546
[Epoch 8] Hook timing summary done

[Epoch 9] Training... (lr at epoch start=0.009549)
  Batch [50/97] Loss: 1.5221, Acc: 43.25%, lr: 0.005340
[Epoch 9] Train Loss: 1.5198, Acc: 43.75%  |  Val Loss: 1.5083, Acc: 46.40%  |  Time: 25.5s
[Epoch 9] t_iter median: 215.73 ms  (fwd 7.62 | bwd+comm 204.57 | opt 3.32 | data 0.13)  |  train-only epoch: 21.5s
  -> Best model saved (46.40%)
[Epoch 9] Summarizing hook timing...

[HOOK_TIMING_SUMMARY] epoch=9
[HOOK_WORK_SUMMARY] label=nccl:ring calls=776 work_total_ms=20099.116 work_mean_ms=25.901 work_min_ms=15.622 work_max_ms=59.177
[HOOK_TAIL_SUMMARY] label=nccl:ring steps=97 tail_total_ms=19112.547 tail_mean_ms=197.037 tail_min_ms=182.213 tail_max_ms=275.050
[Epoch 9] Hook timing summary done

[Epoch 10] Training... (lr at epoch start=0.002447)
  Batch [50/97] Loss: 1.4697, Acc: 44.75%, lr: 0.000578
[Epoch 10] Train Loss: 1.4835, Acc: 46.13%  |  Val Loss: 1.4835, Acc: 47.01%  |  Time: 25.1s
[Epoch 10] t_iter median: 214.16 ms  (fwd 7.54 | bwd+comm 203.03 | opt 3.34 | data 0.11)  |  train-only epoch: 21.1s
  -> Best model saved (47.01%)
[Epoch 10] Summarizing hook timing...

[HOOK_TIMING_SUMMARY] epoch=10
[HOOK_WORK_SUMMARY] label=nccl:ring calls=776 work_total_ms=19757.460 work_mean_ms=25.461 work_min_ms=15.517 work_max_ms=52.839
[HOOK_TAIL_SUMMARY] label=nccl:ring steps=97 tail_total_ms=18761.064 tail_mean_ms=193.413 tail_min_ms=182.249 tail_max_ms=240.990
[Epoch 10] Hook timing summary done

================================================================================
Done in 270.6s | Best val acc: 47.01%
Epoch times (train+val): mean=26.2s  min=25.1s  max=28.9s
Train-only epoch time (epochs 2..N): median=21.53s  min=21.12s  max=24.74s
  -> use this for STRONG scaling (fixed global batch)
  -> use t_iter_median_ms from the CSV for WEAK scaling (fixed local batch)
================================================================================
=== Finished training: model=wide_resnet50_2, dataset=cifar10, batch=16, lr=0.1, scheduler=cosine, backend=nccl, hook=ring, zfp_rate=none, status=0 at Thu Jul 30 08:11:42 AM UTC 2026 ===
=== Starting: model=wide_resnet50_2, ws=32, bs=16, gb=512, lr=0.1, sched=cosine, warmup=0, mom=0.9, wd=5e-4, nesterov=true, wd_bn_bias=false, backend=nccl, hook=ring_zfp_naive, zfp=16 at Thu Jul 30 08:11:42 AM UTC 2026 ===

================================================================================
DISTRIBUTED TRAINING LAUNCHER
================================================================================
  Model:      wide_resnet50_2 (CIFAR stem) (from scratch)
  Dataset:    cifar10 (10 classes)
  Image size: 32
  LR:         0.1
  Momentum:   0.9 (nesterov=True)
  Optimizer:  sgd
  Weight dec: 0.0005 (on BN/bias=False)
  Backend:    nccl
  Algorithm:  ring_zfp_naive
  ZFP rate:   16
  Epochs:     10
  Batch/rank: 16
  LR:         0.1
  Scheduler:  cosine
  Warmup:     0
  Grad clip:  None
  Drop last:  True
  Data dir:   ./data
================================================================================


================================================================================
Distributed Training: WIDE_RESNET50_2 on CIFAR10
Backend: NCCL, Algorithm: ring_zfp_naive
================================================================================
Ranks: 32, Epochs: 10, Batch/rank: 16, Effective batch: 512
LR: 0.1, Device: cuda:0

[Cache] Pretrained weights cache (TORCH_HOME) = ./data/pretrained_weights_cache
[Setup] Model on cuda:0, wrapped in DDP (static_graph=True)
[Setup] Hook registered: nccl/ring_zfp_naive
[Optim] SGD: lr=0.1 momentum=0.9 nesterov=True wd=0.0005 wd_on_bn_bias=False
[Optim]   group 0: 66,778,816 params, wd=0.0005
[Optim]   group 1: 68,234 params, wd=0.0

================================================================================
DISTRIBUTED TRAINING LAUNCHER
================================================================================
  Model:      wide_resnet50_2 (CIFAR stem) (from scratch)
  Dataset:    cifar10 (10 classes)
  Image size: 32
  LR:         0.1
  Momentum:   0.9 (nesterov=True)
  Optimizer:  sgd
  Weight dec: 0.0005 (on BN/bias=False)
  Backend:    nccl
  Algorithm:  ring_zfp_naive
  ZFP rate:   16
  Epochs:     10
  Batch/rank: 16
  LR:         0.1
  Scheduler:  cosine
  Warmup:     0
  Grad clip:  None
  Drop last:  True
  Data dir:   ./data
================================================================================


================================================================================
DISTRIBUTED TRAINING LAUNCHER
================================================================================
  Model:      wide_resnet50_2 (CIFAR stem) (from scratch)
  Dataset:    cifar10 (10 classes)
  Image size: 32
  LR:         0.1
  Momentum:   0.9 (nesterov=True)
  Optimizer:  sgd
  Weight dec: 0.0005 (on BN/bias=False)
  Backend:    nccl
  Algorithm:  ring_zfp_naive
  ZFP rate:   16
  Epochs:     10
  Batch/rank: 16
  LR:         0.1
  Scheduler:  cosine
  Warmup:     0
  Grad clip:  None
  Drop last:  True
  Data dir:   ./data
================================================================================


================================================================================
DISTRIBUTED TRAINING LAUNCHER
================================================================================
  Model:      wide_resnet50_2 (CIFAR stem) (from scratch)
  Dataset:    cifar10 (10 classes)
  Image size: 32
  LR:         0.1
  Momentum:   0.9 (nesterov=True)
  Optimizer:  sgd
  Weight dec: 0.0005 (on BN/bias=False)
  Backend:    nccl
  Algorithm:  ring_zfp_naive
  ZFP rate:   16
  Epochs:     10
  Batch/rank: 16
  LR:         0.1
  Scheduler:  cosine
  Warmup:     0
  Grad clip:  None
  Drop last:  True
  Data dir:   ./data
================================================================================


================================================================================
DISTRIBUTED TRAINING LAUNCHER
================================================================================
  Model:      wide_resnet50_2 (CIFAR stem) (from scratch)
  Dataset:    cifar10 (10 classes)
  Image size: 32
  LR:         0.1
  Momentum:   0.9 (nesterov=True)
  Optimizer:  sgd
  Weight dec: 0.0005 (on BN/bias=False)
  Backend:    nccl
  Algorithm:  ring_zfp_naive
  ZFP rate:   16
  Epochs:     10
  Batch/rank: 16
  LR:         0.1
  Scheduler:  cosine
  Warmup:     0
  Grad clip:  None
  Drop last:  True
  Data dir:   ./data
================================================================================


================================================================================
DISTRIBUTED TRAINING LAUNCHER
================================================================================
  Model:      wide_resnet50_2 (CIFAR stem) (from scratch)
  Dataset:    cifar10 (10 classes)
  Image size: 32
  LR:         0.1
  Momentum:   0.9 (nesterov=True)
  Optimizer:  sgd
  Weight dec: 0.0005 (on BN/bias=False)
  Backend:    nccl
  Algorithm:  ring_zfp_naive
  ZFP rate:   16
  Epochs:     10
  Batch/rank: 16
  LR:         0.1
  Scheduler:  cosine
  Warmup:     0
  Grad clip:  None
  Drop last:  True
  Data dir:   ./data
================================================================================


================================================================================
DISTRIBUTED TRAINING LAUNCHER
================================================================================
  Model:      wide_resnet50_2 (CIFAR stem) (from scratch)
  Dataset:    cifar10 (10 classes)
  Image size: 32
  LR:         0.1
  Momentum:   0.9 (nesterov=True)
  Optimizer:  sgd
  Weight dec: 0.0005 (on BN/bias=False)
  Backend:    nccl
  Algorithm:  ring_zfp_naive
  ZFP rate:   16
  Epochs:     10
  Batch/rank: 16
  LR:         0.1
  Scheduler:  cosine
  Warmup:     0
  Grad clip:  None
  Drop last:  True
  Data dir:   ./data
================================================================================


================================================================================
DISTRIBUTED TRAINING LAUNCHER
================================================================================
  Model:      wide_resnet50_2 (CIFAR stem) (from scratch)
  Dataset:    cifar10 (10 classes)
  Image size: 32
  LR:         0.1
  Momentum:   0.9 (nesterov=True)
  Optimizer:  sgd
  Weight dec: 0.0005 (on BN/bias=False)
  Backend:    nccl
  Algorithm:  ring_zfp_naive
  ZFP rate:   16
  Epochs:     10
  Batch/rank: 16
  LR:         0.1
  Scheduler:  cosine
  Warmup:     0
  Grad clip:  None
  Drop last:  True
  Data dir:   ./data
================================================================================


================================================================================
DISTRIBUTED TRAINING LAUNCHER
================================================================================
  Model:      wide_resnet50_2 (CIFAR stem) (from scratch)
  Dataset:    cifar10 (10 classes)
  Image size: 32
  LR:         0.1
  Momentum:   0.9 (nesterov=True)
  Optimizer:  sgd
  Weight dec: 0.0005 (on BN/bias=False)
  Backend:    nccl
  Algorithm:  ring_zfp_naive
  ZFP rate:   16
  Epochs:     10
  Batch/rank: 16
  LR:         0.1
  Scheduler:  cosine
  Warmup:     0
  Grad clip:  None
  Drop last:  True
  Data dir:   ./data
================================================================================


================================================================================
DISTRIBUTED TRAINING LAUNCHER
================================================================================
  Model:      wide_resnet50_2 (CIFAR stem) (from scratch)
  Dataset:    cifar10 (10 classes)
  Image size: 32
  LR:         0.1
  Momentum:   0.9 (nesterov=True)
  Optimizer:  sgd
  Weight dec: 0.0005 (on BN/bias=False)
  Backend:    nccl
  Algorithm:  ring_zfp_naive
  ZFP rate:   16
  Epochs:     10
  Batch/rank: 16
  LR:         0.1
  Scheduler:  cosine
  Warmup:     0
  Grad clip:  None
  Drop last:  True
  Data dir:   ./data
================================================================================


================================================================================
DISTRIBUTED TRAINING LAUNCHER
================================================================================
  Model:      wide_resnet50_2 (CIFAR stem) (from scratch)
  Dataset:    cifar10 (10 classes)
  Image size: 32
  LR:         0.1
  Momentum:   0.9 (nesterov=True)
  Optimizer:  sgd
  Weight dec: 0.0005 (on BN/bias=False)
  Backend:    nccl
  Algorithm:  ring_zfp_naive
  ZFP rate:   16
  Epochs:     10
  Batch/rank: 16
  LR:         0.1
  Scheduler:  cosine
  Warmup:     0
  Grad clip:  None
  Drop last:  True
  Data dir:   ./data
================================================================================


================================================================================
DISTRIBUTED TRAINING LAUNCHER
================================================================================
  Model:      wide_resnet50_2 (CIFAR stem) (from scratch)
  Dataset:    cifar10 (10 classes)
  Image size: 32
  LR:         0.1
  Momentum:   0.9 (nesterov=True)
  Optimizer:  sgd
  Weight dec: 0.0005 (on BN/bias=False)
  Backend:    nccl
  Algorithm:  ring_zfp_naive
  ZFP rate:   16
  Epochs:     10
  Batch/rank: 16
  LR:         0.1
  Scheduler:  cosine
  Warmup:     0
  Grad clip:  None
  Drop last:  True
  Data dir:   ./data
================================================================================


================================================================================
DISTRIBUTED TRAINING LAUNCHER
================================================================================
  Model:      wide_resnet50_2 (CIFAR stem) (from scratch)
  Dataset:    cifar10 (10 classes)
  Image size: 32
  LR:         0.1
  Momentum:   0.9 (nesterov=True)
  Optimizer:  sgd
  Weight dec: 0.0005 (on BN/bias=False)
  Backend:    nccl
  Algorithm:  ring_zfp_naive
  ZFP rate:   16
  Epochs:     10
  Batch/rank: 16
  LR:         0.1
  Scheduler:  cosine
  Warmup:     0
  Grad clip:  None
  Drop last:  True
  Data dir:   ./data
================================================================================

[Data] Train batches: 97, Val batches: 625

[Sched] cosine: steps/epoch=97, total_steps=970, warmup_steps=0 (0 epochs)


[Epoch 1] Training... (lr at epoch start=0.100000)

================================================================================
DISTRIBUTED TRAINING LAUNCHER
================================================================================
  Model:      wide_resnet50_2 (CIFAR stem) (from scratch)
  Dataset:    cifar10 (10 classes)
  Image size: 32
  LR:         0.1
  Momentum:   0.9 (nesterov=True)
  Optimizer:  sgd
  Weight dec: 0.0005 (on BN/bias=False)
  Backend:    nccl
  Algorithm:  ring_zfp_naive
  ZFP rate:   16
  Epochs:     10
  Batch/rank: 16
  LR:         0.1
  Scheduler:  cosine
  Warmup:     0
  Grad clip:  None
  Drop last:  True
  Data dir:   ./data
================================================================================


================================================================================
DISTRIBUTED TRAINING LAUNCHER
================================================================================
  Model:      wide_resnet50_2 (CIFAR stem) (from scratch)
  Dataset:    cifar10 (10 classes)
  Image size: 32
  LR:         0.1
  Momentum:   0.9 (nesterov=True)
  Optimizer:  sgd
  Weight dec: 0.0005 (on BN/bias=False)
  Backend:    nccl
  Algorithm:  ring_zfp_naive
  ZFP rate:   16
  Epochs:     10
  Batch/rank: 16
  LR:         0.1
  Scheduler:  cosine
  Warmup:     0
  Grad clip:  None
  Drop last:  True
  Data dir:   ./data
================================================================================


================================================================================
DISTRIBUTED TRAINING LAUNCHER
================================================================================
  Model:      wide_resnet50_2 (CIFAR stem) (from scratch)
  Dataset:    cifar10 (10 classes)
  Image size: 32
  LR:         0.1
  Momentum:   0.9 (nesterov=True)
  Optimizer:  sgd
  Weight dec: 0.0005 (on BN/bias=False)
  Backend:    nccl
  Algorithm:  ring_zfp_naive
  ZFP rate:   16
  Epochs:     10
  Batch/rank: 16
  LR:         0.1
  Scheduler:  cosine
  Warmup:     0
  Grad clip:  None
  Drop last:  True
  Data dir:   ./data
================================================================================


================================================================================
DISTRIBUTED TRAINING LAUNCHER
================================================================================
  Model:      wide_resnet50_2 (CIFAR stem) (from scratch)
  Dataset:    cifar10 (10 classes)
  Image size: 32
  LR:         0.1
  Momentum:   0.9 (nesterov=True)
  Optimizer:  sgd
  Weight dec: 0.0005 (on BN/bias=False)
  Backend:    nccl
  Algorithm:  ring_zfp_naive
  ZFP rate:   16
  Epochs:     10
  Batch/rank: 16
  LR:         0.1
  Scheduler:  cosine
  Warmup:     0
  Grad clip:  None
  Drop last:  True
  Data dir:   ./data
================================================================================


================================================================================
DISTRIBUTED TRAINING LAUNCHER
================================================================================
  Model:      wide_resnet50_2 (CIFAR stem) (from scratch)
  Dataset:    cifar10 (10 classes)
  Image size: 32
  LR:         0.1
  Momentum:   0.9 (nesterov=True)
  Optimizer:  sgd
  Weight dec: 0.0005 (on BN/bias=False)
  Backend:    nccl
  Algorithm:  ring_zfp_naive
  ZFP rate:   16
  Epochs:     10
  Batch/rank: 16
  LR:         0.1
  Scheduler:  cosine
  Warmup:     0
  Grad clip:  None
  Drop last:  True
  Data dir:   ./data
================================================================================


================================================================================
DISTRIBUTED TRAINING LAUNCHER
================================================================================
  Model:      wide_resnet50_2 (CIFAR stem) (from scratch)
  Dataset:    cifar10 (10 classes)
  Image size: 32
  LR:         0.1
  Momentum:   0.9 (nesterov=True)
  Optimizer:  sgd
  Weight dec: 0.0005 (on BN/bias=False)
  Backend:    nccl
  Algorithm:  ring_zfp_naive
  ZFP rate:   16
  Epochs:     10
  Batch/rank: 16
  LR:         0.1
  Scheduler:  cosine
  Warmup:     0
  Grad clip:  None
  Drop last:  True
  Data dir:   ./data
================================================================================


================================================================================
DISTRIBUTED TRAINING LAUNCHER
================================================================================
  Model:      wide_resnet50_2 (CIFAR stem) (from scratch)
  Dataset:    cifar10 (10 classes)
  Image size: 32
  LR:         0.1
  Momentum:   0.9 (nesterov=True)
  Optimizer:  sgd
  Weight dec: 0.0005 (on BN/bias=False)
  Backend:    nccl
  Algorithm:  ring_zfp_naive
  ZFP rate:   16
  Epochs:     10
  Batch/rank: 16
  LR:         0.1
  Scheduler:  cosine
  Warmup:     0
  Grad clip:  None
  Drop last:  True
  Data dir:   ./data
================================================================================


================================================================================
DISTRIBUTED TRAINING LAUNCHER
================================================================================
  Model:      wide_resnet50_2 (CIFAR stem) (from scratch)
  Dataset:    cifar10 (10 classes)
  Image size: 32
  LR:         0.1
  Momentum:   0.9 (nesterov=True)
  Optimizer:  sgd
  Weight dec: 0.0005 (on BN/bias=False)
  Backend:    nccl
  Algorithm:  ring_zfp_naive
  ZFP rate:   16
  Epochs:     10
  Batch/rank: 16
  LR:         0.1
  Scheduler:  cosine
  Warmup:     0
  Grad clip:  None
  Drop last:  True
  Data dir:   ./data
================================================================================


================================================================================
DISTRIBUTED TRAINING LAUNCHER
================================================================================
  Model:      wide_resnet50_2 (CIFAR stem) (from scratch)
  Dataset:    cifar10 (10 classes)
  Image size: 32
  LR:         0.1
  Momentum:   0.9 (nesterov=True)
  Optimizer:  sgd
  Weight dec: 0.0005 (on BN/bias=False)
  Backend:    nccl
  Algorithm:  ring_zfp_naive
  ZFP rate:   16
  Epochs:     10
  Batch/rank: 16
  LR:         0.1
  Scheduler:  cosine
  Warmup:     0
  Grad clip:  None
  Drop last:  True
  Data dir:   ./data
================================================================================


================================================================================
DISTRIBUTED TRAINING LAUNCHER
================================================================================
  Model:      wide_resnet50_2 (CIFAR stem) (from scratch)
  Dataset:    cifar10 (10 classes)
  Image size: 32
  LR:         0.1
  Momentum:   0.9 (nesterov=True)
  Optimizer:  sgd
  Weight dec: 0.0005 (on BN/bias=False)
  Backend:    nccl
  Algorithm:  ring_zfp_naive
  ZFP rate:   16
  Epochs:     10
  Batch/rank: 16
  LR:         0.1
  Scheduler:  cosine
  Warmup:     0
  Grad clip:  None
  Drop last:  True
  Data dir:   ./data
================================================================================


================================================================================
DISTRIBUTED TRAINING LAUNCHER
================================================================================
  Model:      wide_resnet50_2 (CIFAR stem) (from scratch)
  Dataset:    cifar10 (10 classes)
  Image size: 32
  LR:         0.1
  Momentum:   0.9 (nesterov=True)
  Optimizer:  sgd
  Weight dec: 0.0005 (on BN/bias=False)
  Backend:    nccl
  Algorithm:  ring_zfp_naive
  ZFP rate:   16
  Epochs:     10
  Batch/rank: 16
  LR:         0.1
  Scheduler:  cosine
  Warmup:     0
  Grad clip:  None
  Drop last:  True
  Data dir:   ./data
================================================================================


================================================================================
DISTRIBUTED TRAINING LAUNCHER
================================================================================
  Model:      wide_resnet50_2 (CIFAR stem) (from scratch)
  Dataset:    cifar10 (10 classes)
  Image size: 32
  LR:         0.1
  Momentum:   0.9 (nesterov=True)
  Optimizer:  sgd
  Weight dec: 0.0005 (on BN/bias=False)
  Backend:    nccl
  Algorithm:  ring_zfp_naive
  ZFP rate:   16
  Epochs:     10
  Batch/rank: 16
  LR:         0.1
  Scheduler:  cosine
  Warmup:     0
  Grad clip:  None
  Drop last:  True
  Data dir:   ./data
================================================================================


================================================================================
DISTRIBUTED TRAINING LAUNCHER
================================================================================
  Model:      wide_resnet50_2 (CIFAR stem) (from scratch)
  Dataset:    cifar10 (10 classes)
  Image size: 32
  LR:         0.1
  Momentum:   0.9 (nesterov=True)
  Optimizer:  sgd
  Weight dec: 0.0005 (on BN/bias=False)
  Backend:    nccl
  Algorithm:  ring_zfp_naive
  ZFP rate:   16
  Epochs:     10
  Batch/rank: 16
  LR:         0.1
  Scheduler:  cosine
  Warmup:     0
  Grad clip:  None
  Drop last:  True
  Data dir:   ./data
================================================================================


================================================================================
DISTRIBUTED TRAINING LAUNCHER
================================================================================
  Model:      wide_resnet50_2 (CIFAR stem) (from scratch)
  Dataset:    cifar10 (10 classes)
  Image size: 32
  LR:         0.1
  Momentum:   0.9 (nesterov=True)
  Optimizer:  sgd
  Weight dec: 0.0005 (on BN/bias=False)
  Backend:    nccl
  Algorithm:  ring_zfp_naive
  ZFP rate:   16
  Epochs:     10
  Batch/rank: 16
  LR:         0.1
  Scheduler:  cosine
  Warmup:     0
  Grad clip:  None
  Drop last:  True
  Data dir:   ./data
================================================================================


================================================================================
DISTRIBUTED TRAINING LAUNCHER
================================================================================
  Model:      wide_resnet50_2 (CIFAR stem) (from scratch)
  Dataset:    cifar10 (10 classes)
  Image size: 32
  LR:         0.1
  Momentum:   0.9 (nesterov=True)
  Optimizer:  sgd
  Weight dec: 0.0005 (on BN/bias=False)
  Backend:    nccl
  Algorithm:  ring_zfp_naive
  ZFP rate:   16
  Epochs:     10
  Batch/rank: 16
  LR:         0.1
  Scheduler:  cosine
  Warmup:     0
  Grad clip:  None
  Drop last:  True
  Data dir:   ./data
================================================================================


================================================================================
DISTRIBUTED TRAINING LAUNCHER
================================================================================
  Model:      wide_resnet50_2 (CIFAR stem) (from scratch)
  Dataset:    cifar10 (10 classes)
  Image size: 32
  LR:         0.1
  Momentum:   0.9 (nesterov=True)
  Optimizer:  sgd
  Weight dec: 0.0005 (on BN/bias=False)
  Backend:    nccl
  Algorithm:  ring_zfp_naive
  ZFP rate:   16
  Epochs:     10
  Batch/rank: 16
  LR:         0.1
  Scheduler:  cosine
  Warmup:     0
  Grad clip:  None
  Drop last:  True
  Data dir:   ./data
================================================================================


================================================================================
DISTRIBUTED TRAINING LAUNCHER
================================================================================
  Model:      wide_resnet50_2 (CIFAR stem) (from scratch)
  Dataset:    cifar10 (10 classes)
  Image size: 32
  LR:         0.1
  Momentum:   0.9 (nesterov=True)
  Optimizer:  sgd
  Weight dec: 0.0005 (on BN/bias=False)
  Backend:    nccl
  Algorithm:  ring_zfp_naive
  ZFP rate:   16
  Epochs:     10
  Batch/rank: 16
  LR:         0.1
  Scheduler:  cosine
  Warmup:     0
  Grad clip:  None
  Drop last:  True
  Data dir:   ./data
================================================================================


================================================================================
DISTRIBUTED TRAINING LAUNCHER
================================================================================
  Model:      wide_resnet50_2 (CIFAR stem) (from scratch)
  Dataset:    cifar10 (10 classes)
  Image size: 32
  LR:         0.1
  Momentum:   0.9 (nesterov=True)
  Optimizer:  sgd
  Weight dec: 0.0005 (on BN/bias=False)
  Backend:    nccl
  Algorithm:  ring_zfp_naive
  ZFP rate:   16
  Epochs:     10
  Batch/rank: 16
  LR:         0.1
  Scheduler:  cosine
  Warmup:     0
  Grad clip:  None
  Drop last:  True
  Data dir:   ./data
================================================================================


================================================================================
DISTRIBUTED TRAINING LAUNCHER
================================================================================
  Model:      wide_resnet50_2 (CIFAR stem) (from scratch)
  Dataset:    cifar10 (10 classes)
  Image size: 32
  LR:         0.1
  Momentum:   0.9 (nesterov=True)
  Optimizer:  sgd
  Weight dec: 0.0005 (on BN/bias=False)
  Backend:    nccl
  Algorithm:  ring_zfp_naive
  ZFP rate:   16
  Epochs:     10
  Batch/rank: 16
  LR:         0.1
  Scheduler:  cosine
  Warmup:     0
  Grad clip:  None
  Drop last:  True
  Data dir:   ./data
================================================================================

  Batch [50/97] Loss: 7.9630, Acc: 12.62%, lr: 0.099346
[Epoch 1] Train Loss: 5.2701, Acc: 14.69%  |  Val Loss: 3.5896, Acc: 17.12%  |  Time: 35.9s
[Epoch 1] t_iter median: 305.87 ms  (fwd 7.51 | bwd+comm 294.65 | opt 3.34 | data 0.08)  |  train-only epoch: 31.9s
  -> Best model saved (17.12%)
[Epoch 1] Summarizing hook timing...

[HOOK_TIMING_SUMMARY] epoch=1
[HOOK_WORK_SUMMARY] label=nccl:ring_zfp_naive:rate16 calls=762 work_total_ms=28300.286 work_mean_ms=37.139 work_min_ms=25.301 work_max_ms=148.413
[HOOK_TAIL_SUMMARY] label=nccl:ring_zfp_naive:rate16 steps=98 tail_total_ms=27377.765 tail_mean_ms=279.365 tail_min_ms=91.949 tail_max_ms=311.482
[Epoch 1] Hook timing summary done

[Epoch 2] Training... (lr at epoch start=0.097553)
  Batch [50/97] Loss: 2.2602, Acc: 17.12%, lr: 0.094440
[Epoch 2] Train Loss: 2.2191, Acc: 17.72%  |  Val Loss: 2.2069, Acc: 20.94%  |  Time: 34.4s
[Epoch 2] t_iter median: 308.30 ms  (fwd 7.60 | bwd+comm 297.08 | opt 3.26 | data 0.11)  |  train-only epoch: 30.4s
  -> Best model saved (20.94%)
[Epoch 2] Summarizing hook timing...

[HOOK_TIMING_SUMMARY] epoch=2
[HOOK_WORK_SUMMARY] label=nccl:ring_zfp_naive:rate16 calls=776 work_total_ms=28979.559 work_mean_ms=37.345 work_min_ms=24.276 work_max_ms=84.784
[HOOK_TAIL_SUMMARY] label=nccl:ring_zfp_naive:rate16 steps=97 tail_total_ms=28023.737 tail_mean_ms=288.905 tail_min_ms=267.221 tail_max_ms=330.661
[Epoch 2] Hook timing summary done

[Epoch 3] Training... (lr at epoch start=0.090451)
  Batch [50/97] Loss: 2.1841, Acc: 21.12%, lr: 0.085183
[Epoch 3] Train Loss: 2.1263, Acc: 21.13%  |  Val Loss: 1.9998, Acc: 24.23%  |  Time: 34.1s
[Epoch 3] t_iter median: 309.41 ms  (fwd 7.59 | bwd+comm 298.39 | opt 3.32 | data 0.13)  |  train-only epoch: 30.2s
  -> Best model saved (24.23%)
[Epoch 3] Summarizing hook timing...

[HOOK_TIMING_SUMMARY] epoch=3
[HOOK_WORK_SUMMARY] label=nccl:ring_zfp_naive:rate16 calls=776 work_total_ms=28833.183 work_mean_ms=37.156 work_min_ms=24.844 work_max_ms=75.481
[HOOK_TAIL_SUMMARY] label=nccl:ring_zfp_naive:rate16 steps=97 tail_total_ms=27834.782 tail_mean_ms=286.957 tail_min_ms=268.238 tail_max_ms=313.620
[Epoch 3] Hook timing summary done

[Epoch 4] Training... (lr at epoch start=0.079389)
  Batch [50/97] Loss: 2.0011, Acc: 22.00%, lr: 0.072483
[Epoch 4] Train Loss: 1.9716, Acc: 24.10%  |  Val Loss: 1.8644, Acc: 28.74%  |  Time: 34.5s
[Epoch 4] t_iter median: 313.83 ms  (fwd 7.53 | bwd+comm 302.69 | opt 3.34 | data 0.12)  |  train-only epoch: 30.5s
  -> Best model saved (28.74%)
[Epoch 4] Summarizing hook timing...

[HOOK_TIMING_SUMMARY] epoch=4
[HOOK_WORK_SUMMARY] label=nccl:ring_zfp_naive:rate16 calls=776 work_total_ms=29128.437 work_mean_ms=37.537 work_min_ms=24.309 work_max_ms=81.005
[HOOK_TAIL_SUMMARY] label=nccl:ring_zfp_naive:rate16 steps=97 tail_total_ms=28145.857 tail_mean_ms=290.163 tail_min_ms=268.077 tail_max_ms=327.942
[Epoch 4] Hook timing summary done

[Epoch 5] Training... (lr at epoch start=0.065451)
  Batch [50/97] Loss: 1.9348, Acc: 25.25%, lr: 0.057582
[Epoch 5] Train Loss: 1.9354, Acc: 26.74%  |  Val Loss: 2.0153, Acc: 32.30%  |  Time: 34.5s
[Epoch 5] t_iter median: 314.76 ms  (fwd 7.56 | bwd+comm 303.89 | opt 3.34 | data 0.11)  |  train-only epoch: 30.5s
  -> Best model saved (32.30%)
[Epoch 5] Summarizing hook timing...

[HOOK_TIMING_SUMMARY] epoch=5
[HOOK_WORK_SUMMARY] label=nccl:ring_zfp_naive:rate16 calls=776 work_total_ms=29133.401 work_mean_ms=37.543 work_min_ms=25.469 work_max_ms=67.035
[HOOK_TAIL_SUMMARY] label=nccl:ring_zfp_naive:rate16 steps=97 tail_total_ms=28139.129 tail_mean_ms=290.094 tail_min_ms=265.492 tail_max_ms=313.723
[Epoch 5] Hook timing summary done

[Epoch 6] Training... (lr at epoch start=0.050000)
  Batch [50/97] Loss: 1.7983, Acc: 31.75%, lr: 0.041938
[Epoch 6] Train Loss: 1.7757, Acc: 32.60%  |  Val Loss: 1.8328, Acc: 37.44%  |  Time: 34.8s
[Epoch 6] t_iter median: 317.98 ms  (fwd 7.58 | bwd+comm 306.68 | opt 3.32 | data 0.12)  |  train-only epoch: 30.9s
  -> Best model saved (37.44%)
[Epoch 6] Summarizing hook timing...

[HOOK_TIMING_SUMMARY] epoch=6
[HOOK_WORK_SUMMARY] label=nccl:ring_zfp_naive:rate16 calls=776 work_total_ms=29522.289 work_mean_ms=38.044 work_min_ms=21.795 work_max_ms=71.848
[HOOK_TAIL_SUMMARY] label=nccl:ring_zfp_naive:rate16 steps=97 tail_total_ms=28569.476 tail_mean_ms=294.531 tail_min_ms=249.383 tail_max_ms=320.516
[Epoch 6] Hook timing summary done

[Epoch 7] Training... (lr at epoch start=0.034549)
  Batch [50/97] Loss: 1.6995, Acc: 34.75%, lr: 0.027084
[Epoch 7] Train Loss: 1.7282, Acc: 36.47%  |  Val Loss: 1.6340, Acc: 41.59%  |  Time: 33.8s
[Epoch 7] t_iter median: 304.73 ms  (fwd 7.47 | bwd+comm 293.72 | opt 3.29 | data 0.11)  |  train-only epoch: 29.9s
  -> Best model saved (41.59%)
[Epoch 7] Summarizing hook timing...

[HOOK_TIMING_SUMMARY] epoch=7
[HOOK_WORK_SUMMARY] label=nccl:ring_zfp_naive:rate16 calls=776 work_total_ms=28503.760 work_mean_ms=36.732 work_min_ms=24.137 work_max_ms=69.982
[HOOK_TAIL_SUMMARY] label=nccl:ring_zfp_naive:rate16 steps=97 tail_total_ms=27603.574 tail_mean_ms=284.573 tail_min_ms=263.054 tail_max_ms=304.976
[Epoch 7] Hook timing summary done

[Epoch 8] Training... (lr at epoch start=0.020611)
  Batch [50/97] Loss: 1.6528, Acc: 39.00%, lr: 0.014473
[Epoch 8] Train Loss: 1.6179, Acc: 41.69%  |  Val Loss: 1.5913, Acc: 43.73%  |  Time: 34.9s
[Epoch 8] t_iter median: 320.22 ms  (fwd 7.67 | bwd+comm 308.44 | opt 3.32 | data 0.12)  |  train-only epoch: 30.9s
  -> Best model saved (43.73%)
[Epoch 8] Summarizing hook timing...

[HOOK_TIMING_SUMMARY] epoch=8
[HOOK_WORK_SUMMARY] label=nccl:ring_zfp_naive:rate16 calls=776 work_total_ms=29480.954 work_mean_ms=37.991 work_min_ms=24.517 work_max_ms=73.333
[HOOK_TAIL_SUMMARY] label=nccl:ring_zfp_naive:rate16 steps=97 tail_total_ms=28530.318 tail_mean_ms=294.127 tail_min_ms=269.634 tail_max_ms=314.653
[Epoch 8] Hook timing summary done

[Epoch 9] Training... (lr at epoch start=0.009549)
  Batch [50/97] Loss: 1.5887, Acc: 42.00%, lr: 0.005340
[Epoch 9] Train Loss: 1.5834, Acc: 42.27%  |  Val Loss: 1.5764, Acc: 44.74%  |  Time: 34.5s
[Epoch 9] t_iter median: 316.06 ms  (fwd 7.50 | bwd+comm 305.10 | opt 3.30 | data 0.12)  |  train-only epoch: 30.5s
  -> Best model saved (44.74%)
[Epoch 9] Summarizing hook timing...

[HOOK_TIMING_SUMMARY] epoch=9
[HOOK_WORK_SUMMARY] label=nccl:ring_zfp_naive:rate16 calls=776 work_total_ms=29163.740 work_mean_ms=37.582 work_min_ms=24.845 work_max_ms=78.800
[HOOK_TAIL_SUMMARY] label=nccl:ring_zfp_naive:rate16 steps=97 tail_total_ms=28235.797 tail_mean_ms=291.091 tail_min_ms=260.318 tail_max_ms=316.087
[Epoch 9] Hook timing summary done

[Epoch 10] Training... (lr at epoch start=0.002447)
  Batch [50/97] Loss: 1.5280, Acc: 45.25%, lr: 0.000578
[Epoch 10] Train Loss: 1.5609, Acc: 43.36%  |  Val Loss: 1.5393, Acc: 44.83%  |  Time: 35.3s
[Epoch 10] t_iter median: 321.89 ms  (fwd 7.50 | bwd+comm 310.60 | opt 3.27 | data 0.11)  |  train-only epoch: 31.3s
  -> Best model saved (44.83%)
[Epoch 10] Summarizing hook timing...

[HOOK_TIMING_SUMMARY] epoch=10
[HOOK_WORK_SUMMARY] label=nccl:ring_zfp_naive:rate16 calls=776 work_total_ms=29940.698 work_mean_ms=38.583 work_min_ms=25.726 work_max_ms=77.745
[HOOK_TAIL_SUMMARY] label=nccl:ring_zfp_naive:rate16 steps=97 tail_total_ms=29005.345 tail_mean_ms=299.024 tail_min_ms=276.187 tail_max_ms=323.265
[Epoch 10] Hook timing summary done

================================================================================
Done in 355.4s | Best val acc: 44.83%
Epoch times (train+val): mean=34.7s  min=33.8s  max=35.9s
Train-only epoch time (epochs 2..N): median=30.52s  min=29.86s  max=31.31s
  -> use this for STRONG scaling (fixed global batch)
  -> use t_iter_median_ms from the CSV for WEAK scaling (fixed local batch)
================================================================================
=== Finished training: model=wide_resnet50_2, dataset=cifar10, batch=16, lr=0.1, scheduler=cosine, backend=nccl, hook=ring_zfp_naive, zfp_rate=16, status=0 at Thu Jul 30 08:17:48 AM UTC 2026 ===
=== Starting: model=wide_resnet50_2, ws=32, bs=16, gb=512, lr=0.1, sched=cosine, warmup=0, mom=0.9, wd=5e-4, nesterov=true, wd_bn_bias=false, backend=nccl, hook=ring_zfp_online_coll, zfp=16 at Thu Jul 30 08:17:48 AM UTC 2026 ===

================================================================================
DISTRIBUTED TRAINING LAUNCHER
================================================================================
  Model:      wide_resnet50_2 (CIFAR stem) (from scratch)
  Dataset:    cifar10 (10 classes)
  Image size: 32
  LR:         0.1
  Momentum:   0.9 (nesterov=True)
  Optimizer:  sgd
  Weight dec: 0.0005 (on BN/bias=False)
  Backend:    nccl
  Algorithm:  ring_zfp_online_coll
  ZFP rate:   16
  Epochs:     10
  Batch/rank: 16
  LR:         0.1
  Scheduler:  cosine
  Warmup:     0
  Grad clip:  None
  Drop last:  True
  Data dir:   ./data
================================================================================


================================================================================
Distributed Training: WIDE_RESNET50_2 on CIFAR10
Backend: NCCL, Algorithm: ring_zfp_online_coll
================================================================================
Ranks: 32, Epochs: 10, Batch/rank: 16, Effective batch: 512
LR: 0.1, Device: cuda:0

[Cache] Pretrained weights cache (TORCH_HOME) = ./data/pretrained_weights_cache
[Setup] Model on cuda:0, wrapped in DDP (static_graph=True)
[Setup] Hook registered: nccl/ring_zfp_online_coll
[Optim] SGD: lr=0.1 momentum=0.9 nesterov=True wd=0.0005 wd_on_bn_bias=False
[Optim]   group 0: 66,778,816 params, wd=0.0005
[Optim]   group 1: 68,234 params, wd=0.0

================================================================================
DISTRIBUTED TRAINING LAUNCHER
================================================================================
  Model:      wide_resnet50_2 (CIFAR stem) (from scratch)
  Dataset:    cifar10 (10 classes)
  Image size: 32
  LR:         0.1
  Momentum:   0.9 (nesterov=True)
  Optimizer:  sgd
  Weight dec: 0.0005 (on BN/bias=False)
  Backend:    nccl
  Algorithm:  ring_zfp_online_coll
  ZFP rate:   16
  Epochs:     10
  Batch/rank: 16
  LR:         0.1
  Scheduler:  cosine
  Warmup:     0
  Grad clip:  None
  Drop last:  True
  Data dir:   ./data
================================================================================


================================================================================
DISTRIBUTED TRAINING LAUNCHER
================================================================================
  Model:      wide_resnet50_2 (CIFAR stem) (from scratch)
  Dataset:    cifar10 (10 classes)
  Image size: 32
  LR:         0.1
  Momentum:   0.9 (nesterov=True)
  Optimizer:  sgd
  Weight dec: 0.0005 (on BN/bias=False)
  Backend:    nccl
  Algorithm:  ring_zfp_online_coll
  ZFP rate:   16
  Epochs:     10
  Batch/rank: 16
  LR:         0.1
  Scheduler:  cosine
  Warmup:     0
  Grad clip:  None
  Drop last:  True
  Data dir:   ./data
================================================================================


================================================================================
DISTRIBUTED TRAINING LAUNCHER
================================================================================
  Model:      wide_resnet50_2 (CIFAR stem) (from scratch)
  Dataset:    cifar10 (10 classes)
  Image size: 32
  LR:         0.1
  Momentum:   0.9 (nesterov=True)
  Optimizer:  sgd
  Weight dec: 0.0005 (on BN/bias=False)
  Backend:    nccl
  Algorithm:  ring_zfp_online_coll
  ZFP rate:   16
  Epochs:     10
  Batch/rank: 16
  LR:         0.1
  Scheduler:  cosine
  Warmup:     0
  Grad clip:  None
  Drop last:  True
  Data dir:   ./data
================================================================================


================================================================================
DISTRIBUTED TRAINING LAUNCHER
================================================================================
  Model:      wide_resnet50_2 (CIFAR stem) (from scratch)
  Dataset:    cifar10 (10 classes)
  Image size: 32
  LR:         0.1
  Momentum:   0.9 (nesterov=True)
  Optimizer:  sgd
  Weight dec: 0.0005 (on BN/bias=False)
  Backend:    nccl
  Algorithm:  ring_zfp_online_coll
  ZFP rate:   16
  Epochs:     10
  Batch/rank: 16
  LR:         0.1
  Scheduler:  cosine
  Warmup:     0
  Grad clip:  None
  Drop last:  True
  Data dir:   ./data
================================================================================


================================================================================
DISTRIBUTED TRAINING LAUNCHER
================================================================================
  Model:      wide_resnet50_2 (CIFAR stem) (from scratch)
  Dataset:    cifar10 (10 classes)
  Image size: 32
  LR:         0.1
  Momentum:   0.9 (nesterov=True)
  Optimizer:  sgd
  Weight dec: 0.0005 (on BN/bias=False)
  Backend:    nccl
  Algorithm:  ring_zfp_online_coll
  ZFP rate:   16
  Epochs:     10
  Batch/rank: 16
  LR:         0.1
  Scheduler:  cosine
  Warmup:     0
  Grad clip:  None
  Drop last:  True
  Data dir:   ./data
================================================================================


================================================================================
DISTRIBUTED TRAINING LAUNCHER
================================================================================
  Model:      wide_resnet50_2 (CIFAR stem) (from scratch)
  Dataset:    cifar10 (10 classes)
  Image size: 32
  LR:         0.1
  Momentum:   0.9 (nesterov=True)
  Optimizer:  sgd
  Weight dec: 0.0005 (on BN/bias=False)
  Backend:    nccl
  Algorithm:  ring_zfp_online_coll
  ZFP rate:   16
  Epochs:     10
  Batch/rank: 16
  LR:         0.1
  Scheduler:  cosine
  Warmup:     0
  Grad clip:  None
  Drop last:  True
  Data dir:   ./data
================================================================================


================================================================================
DISTRIBUTED TRAINING LAUNCHER
================================================================================
  Model:      wide_resnet50_2 (CIFAR stem) (from scratch)
  Dataset:    cifar10 (10 classes)
  Image size: 32
  LR:         0.1
  Momentum:   0.9 (nesterov=True)
  Optimizer:  sgd
  Weight dec: 0.0005 (on BN/bias=False)
  Backend:    nccl
  Algorithm:  ring_zfp_online_coll
  ZFP rate:   16
  Epochs:     10
  Batch/rank: 16
  LR:         0.1
  Scheduler:  cosine
  Warmup:     0
  Grad clip:  None
  Drop last:  True
  Data dir:   ./data
================================================================================

[Data] Train batches: 97, Val batches: 625


================================================================================
DISTRIBUTED TRAINING LAUNCHER
================================================================================
  Model:      wide_resnet50_2 (CIFAR stem) (from scratch)
  Dataset:    cifar10 (10 classes)
  Image size: 32
  LR:         0.1
  Momentum:   0.9 (nesterov=True)
  Optimizer:  sgd
  Weight dec: 0.0005 (on BN/bias=False)
  Backend:    nccl
  Algorithm:  ring_zfp_online_coll
  ZFP rate:   16
  Epochs:     10
  Batch/rank: 16
  LR:         0.1
  Scheduler:  cosine
  Warmup:     0
  Grad clip:  None
  Drop last:  True
  Data dir:   ./data
================================================================================


================================================================================
DISTRIBUTED TRAINING LAUNCHER
================================================================================
  Model:      wide_resnet50_2 (CIFAR stem) (from scratch)
  Dataset:    cifar10 (10 classes)
  Image size: 32
  LR:         0.1
  Momentum:   0.9 (nesterov=True)
  Optimizer:  sgd
  Weight dec: 0.0005 (on BN/bias=False)
  Backend:    nccl
  Algorithm:  ring_zfp_online_coll
  ZFP rate:   16
  Epochs:     10
  Batch/rank: 16
  LR:         0.1
  Scheduler:  cosine
  Warmup:     0
  Grad clip:  None
  Drop last:  True
  Data dir:   ./data
================================================================================

[Sched] cosine: steps/epoch=97, total_steps=970, warmup_steps=0 (0 epochs)


[Epoch 1] Training... (lr at epoch start=0.100000)

================================================================================
DISTRIBUTED TRAINING LAUNCHER
================================================================================
  Model:      wide_resnet50_2 (CIFAR stem) (from scratch)
  Dataset:    cifar10 (10 classes)
  Image size: 32
  LR:         0.1
  Momentum:   0.9 (nesterov=True)
  Optimizer:  sgd
  Weight dec: 0.0005 (on BN/bias=False)
  Backend:    nccl
  Algorithm:  ring_zfp_online_coll
  ZFP rate:   16
  Epochs:     10
  Batch/rank: 16
  LR:         0.1
  Scheduler:  cosine
  Warmup:     0
  Grad clip:  None
  Drop last:  True
  Data dir:   ./data
================================================================================


================================================================================
DISTRIBUTED TRAINING LAUNCHER
================================================================================
  Model:      wide_resnet50_2 (CIFAR stem) (from scratch)
  Dataset:    cifar10 (10 classes)
  Image size: 32
  LR:         0.1
  Momentum:   0.9 (nesterov=True)
  Optimizer:  sgd
  Weight dec: 0.0005 (on BN/bias=False)
  Backend:    nccl
  Algorithm:  ring_zfp_online_coll
  ZFP rate:   16
  Epochs:     10
  Batch/rank: 16
  LR:         0.1
  Scheduler:  cosine
  Warmup:     0
  Grad clip:  None
  Drop last:  True
  Data dir:   ./data
================================================================================


================================================================================
DISTRIBUTED TRAINING LAUNCHER
================================================================================
  Model:      wide_resnet50_2 (CIFAR stem) (from scratch)
  Dataset:    cifar10 (10 classes)
  Image size: 32
  LR:         0.1
  Momentum:   0.9 (nesterov=True)
  Optimizer:  sgd
  Weight dec: 0.0005 (on BN/bias=False)
  Backend:    nccl
  Algorithm:  ring_zfp_online_coll
  ZFP rate:   16
  Epochs:     10
  Batch/rank: 16
  LR:         0.1
  Scheduler:  cosine
  Warmup:     0
  Grad clip:  None
  Drop last:  True
  Data dir:   ./data
================================================================================


================================================================================
DISTRIBUTED TRAINING LAUNCHER
================================================================================
  Model:      wide_resnet50_2 (CIFAR stem) (from scratch)
  Dataset:    cifar10 (10 classes)
  Image size: 32
  LR:         0.1
  Momentum:   0.9 (nesterov=True)
  Optimizer:  sgd
  Weight dec: 0.0005 (on BN/bias=False)
  Backend:    nccl
  Algorithm:  ring_zfp_online_coll
  ZFP rate:   16
  Epochs:     10
  Batch/rank: 16
  LR:         0.1
  Scheduler:  cosine
  Warmup:     0
  Grad clip:  None
  Drop last:  True
  Data dir:   ./data
================================================================================


================================================================================
DISTRIBUTED TRAINING LAUNCHER
================================================================================
  Model:      wide_resnet50_2 (CIFAR stem) (from scratch)
  Dataset:    cifar10 (10 classes)
  Image size: 32
  LR:         0.1
  Momentum:   0.9 (nesterov=True)
  Optimizer:  sgd
  Weight dec: 0.0005 (on BN/bias=False)
  Backend:    nccl
  Algorithm:  ring_zfp_online_coll
  ZFP rate:   16
  Epochs:     10
  Batch/rank: 16
  LR:         0.1
  Scheduler:  cosine
  Warmup:     0
  Grad clip:  None
  Drop last:  True
  Data dir:   ./data
================================================================================


================================================================================
DISTRIBUTED TRAINING LAUNCHER
================================================================================
  Model:      wide_resnet50_2 (CIFAR stem) (from scratch)
  Dataset:    cifar10 (10 classes)
  Image size: 32
  LR:         0.1
  Momentum:   0.9 (nesterov=True)
  Optimizer:  sgd
  Weight dec: 0.0005 (on BN/bias=False)
  Backend:    nccl
  Algorithm:  ring_zfp_online_coll
  ZFP rate:   16
  Epochs:     10
  Batch/rank: 16
  LR:         0.1
  Scheduler:  cosine
  Warmup:     0
  Grad clip:  None
  Drop last:  True
  Data dir:   ./data
================================================================================


================================================================================
DISTRIBUTED TRAINING LAUNCHER
================================================================================
  Model:      wide_resnet50_2 (CIFAR stem) (from scratch)
  Dataset:    cifar10 (10 classes)
  Image size: 32
  LR:         0.1
  Momentum:   0.9 (nesterov=True)
  Optimizer:  sgd
  Weight dec: 0.0005 (on BN/bias=False)
  Backend:    nccl
  Algorithm:  ring_zfp_online_coll
  ZFP rate:   16
  Epochs:     10
  Batch/rank: 16
  LR:         0.1
  Scheduler:  cosine
  Warmup:     0
  Grad clip:  None
  Drop last:  True
  Data dir:   ./data
================================================================================


================================================================================
DISTRIBUTED TRAINING LAUNCHER
================================================================================
  Model:      wide_resnet50_2 (CIFAR stem) (from scratch)
  Dataset:    cifar10 (10 classes)
  Image size: 32
  LR:         0.1
  Momentum:   0.9 (nesterov=True)
  Optimizer:  sgd
  Weight dec: 0.0005 (on BN/bias=False)
  Backend:    nccl
  Algorithm:  ring_zfp_online_coll
  ZFP rate:   16
  Epochs:     10
  Batch/rank: 16
  LR:         0.1
  Scheduler:  cosine
  Warmup:     0
  Grad clip:  None
  Drop last:  True
  Data dir:   ./data
================================================================================


================================================================================
DISTRIBUTED TRAINING LAUNCHER
================================================================================
  Model:      wide_resnet50_2 (CIFAR stem) (from scratch)
  Dataset:    cifar10 (10 classes)
  Image size: 32
  LR:         0.1
  Momentum:   0.9 (nesterov=True)
  Optimizer:  sgd
  Weight dec: 0.0005 (on BN/bias=False)
  Backend:    nccl
  Algorithm:  ring_zfp_online_coll
  ZFP rate:   16
  Epochs:     10
  Batch/rank: 16
  LR:         0.1
  Scheduler:  cosine
  Warmup:     0
  Grad clip:  None
  Drop last:  True
  Data dir:   ./data
================================================================================


================================================================================
DISTRIBUTED TRAINING LAUNCHER
================================================================================
  Model:      wide_resnet50_2 (CIFAR stem) (from scratch)
  Dataset:    cifar10 (10 classes)
  Image size: 32
  LR:         0.1
  Momentum:   0.9 (nesterov=True)
  Optimizer:  sgd
  Weight dec: 0.0005 (on BN/bias=False)
  Backend:    nccl
  Algorithm:  ring_zfp_online_coll
  ZFP rate:   16
  Epochs:     10
  Batch/rank: 16
  LR:         0.1
  Scheduler:  cosine
  Warmup:     0
  Grad clip:  None
  Drop last:  True
  Data dir:   ./data
================================================================================


================================================================================
DISTRIBUTED TRAINING LAUNCHER
================================================================================
  Model:      wide_resnet50_2 (CIFAR stem) (from scratch)
  Dataset:    cifar10 (10 classes)
  Image size: 32
  LR:         0.1
  Momentum:   0.9 (nesterov=True)
  Optimizer:  sgd
  Weight dec: 0.0005 (on BN/bias=False)
  Backend:    nccl
  Algorithm:  ring_zfp_online_coll
  ZFP rate:   16
  Epochs:     10
  Batch/rank: 16
  LR:         0.1
  Scheduler:  cosine
  Warmup:     0
  Grad clip:  None
  Drop last:  True
  Data dir:   ./data
================================================================================


================================================================================
DISTRIBUTED TRAINING LAUNCHER
================================================================================
  Model:      wide_resnet50_2 (CIFAR stem) (from scratch)
  Dataset:    cifar10 (10 classes)
  Image size: 32
  LR:         0.1
  Momentum:   0.9 (nesterov=True)
  Optimizer:  sgd
  Weight dec: 0.0005 (on BN/bias=False)
  Backend:    nccl
  Algorithm:  ring_zfp_online_coll
  ZFP rate:   16
  Epochs:     10
  Batch/rank: 16
  LR:         0.1
  Scheduler:  cosine
  Warmup:     0
  Grad clip:  None
  Drop last:  True
  Data dir:   ./data
================================================================================


================================================================================
DISTRIBUTED TRAINING LAUNCHER
================================================================================
  Model:      wide_resnet50_2 (CIFAR stem) (from scratch)
  Dataset:    cifar10 (10 classes)
  Image size: 32
  LR:         0.1
  Momentum:   0.9 (nesterov=True)
  Optimizer:  sgd
  Weight dec: 0.0005 (on BN/bias=False)
  Backend:    nccl
  Algorithm:  ring_zfp_online_coll
  ZFP rate:   16
  Epochs:     10
  Batch/rank: 16
  LR:         0.1
  Scheduler:  cosine
  Warmup:     0
  Grad clip:  None
  Drop last:  True
  Data dir:   ./data
================================================================================


================================================================================
DISTRIBUTED TRAINING LAUNCHER
================================================================================
  Model:      wide_resnet50_2 (CIFAR stem) (from scratch)
  Dataset:    cifar10 (10 classes)
  Image size: 32
  LR:         0.1
  Momentum:   0.9 (nesterov=True)
  Optimizer:  sgd
  Weight dec: 0.0005 (on BN/bias=False)
  Backend:    nccl
  Algorithm:  ring_zfp_online_coll
  ZFP rate:   16
  Epochs:     10
  Batch/rank: 16
  LR:         0.1
  Scheduler:  cosine
  Warmup:     0
  Grad clip:  None
  Drop last:  True
  Data dir:   ./data
================================================================================


================================================================================
DISTRIBUTED TRAINING LAUNCHER
================================================================================
  Model:      wide_resnet50_2 (CIFAR stem) (from scratch)
  Dataset:    cifar10 (10 classes)
  Image size: 32
  LR:         0.1
  Momentum:   0.9 (nesterov=True)
  Optimizer:  sgd
  Weight dec: 0.0005 (on BN/bias=False)
  Backend:    nccl
  Algorithm:  ring_zfp_online_coll
  ZFP rate:   16
  Epochs:     10
  Batch/rank: 16
  LR:         0.1
  Scheduler:  cosine
  Warmup:     0
  Grad clip:  None
  Drop last:  True
  Data dir:   ./data
================================================================================


================================================================================
DISTRIBUTED TRAINING LAUNCHER
================================================================================
  Model:      wide_resnet50_2 (CIFAR stem) (from scratch)
  Dataset:    cifar10 (10 classes)
  Image size: 32
  LR:         0.1
  Momentum:   0.9 (nesterov=True)
  Optimizer:  sgd
  Weight dec: 0.0005 (on BN/bias=False)
  Backend:    nccl
  Algorithm:  ring_zfp_online_coll
  ZFP rate:   16
  Epochs:     10
  Batch/rank: 16
  LR:         0.1
  Scheduler:  cosine
  Warmup:     0
  Grad clip:  None
  Drop last:  True
  Data dir:   ./data
================================================================================


================================================================================
DISTRIBUTED TRAINING LAUNCHER
================================================================================
  Model:      wide_resnet50_2 (CIFAR stem) (from scratch)
  Dataset:    cifar10 (10 classes)
  Image size: 32
  LR:         0.1
  Momentum:   0.9 (nesterov=True)
  Optimizer:  sgd
  Weight dec: 0.0005 (on BN/bias=False)
  Backend:    nccl
  Algorithm:  ring_zfp_online_coll
  ZFP rate:   16
  Epochs:     10
  Batch/rank: 16
  LR:         0.1
  Scheduler:  cosine
  Warmup:     0
  Grad clip:  None
  Drop last:  True
  Data dir:   ./data
================================================================================


================================================================================
DISTRIBUTED TRAINING LAUNCHER
================================================================================
  Model:      wide_resnet50_2 (CIFAR stem) (from scratch)
  Dataset:    cifar10 (10 classes)
  Image size: 32
  LR:         0.1
  Momentum:   0.9 (nesterov=True)
  Optimizer:  sgd
  Weight dec: 0.0005 (on BN/bias=False)
  Backend:    nccl
  Algorithm:  ring_zfp_online_coll
  ZFP rate:   16
  Epochs:     10
  Batch/rank: 16
  LR:         0.1
  Scheduler:  cosine
  Warmup:     0
  Grad clip:  None
  Drop last:  True
  Data dir:   ./data
================================================================================


================================================================================
DISTRIBUTED TRAINING LAUNCHER
================================================================================
  Model:      wide_resnet50_2 (CIFAR stem) (from scratch)
  Dataset:    cifar10 (10 classes)
  Image size: 32
  LR:         0.1
  Momentum:   0.9 (nesterov=True)
  Optimizer:  sgd
  Weight dec: 0.0005 (on BN/bias=False)
  Backend:    nccl
  Algorithm:  ring_zfp_online_coll
  ZFP rate:   16
  Epochs:     10
  Batch/rank: 16
  LR:         0.1
  Scheduler:  cosine
  Warmup:     0
  Grad clip:  None
  Drop last:  True
  Data dir:   ./data
================================================================================


================================================================================
DISTRIBUTED TRAINING LAUNCHER
================================================================================
  Model:      wide_resnet50_2 (CIFAR stem) (from scratch)
  Dataset:    cifar10 (10 classes)
  Image size: 32
  LR:         0.1
  Momentum:   0.9 (nesterov=True)
  Optimizer:  sgd
  Weight dec: 0.0005 (on BN/bias=False)
  Backend:    nccl
  Algorithm:  ring_zfp_online_coll
  ZFP rate:   16
  Epochs:     10
  Batch/rank: 16
  LR:         0.1
  Scheduler:  cosine
  Warmup:     0
  Grad clip:  None
  Drop last:  True
  Data dir:   ./data
================================================================================


================================================================================
DISTRIBUTED TRAINING LAUNCHER
================================================================================
  Model:      wide_resnet50_2 (CIFAR stem) (from scratch)
  Dataset:    cifar10 (10 classes)
  Image size: 32
  LR:         0.1
  Momentum:   0.9 (nesterov=True)
  Optimizer:  sgd
  Weight dec: 0.0005 (on BN/bias=False)
  Backend:    nccl
  Algorithm:  ring_zfp_online_coll
  ZFP rate:   16
  Epochs:     10
  Batch/rank: 16
  LR:         0.1
  Scheduler:  cosine
  Warmup:     0
  Grad clip:  None
  Drop last:  True
  Data dir:   ./data
================================================================================


================================================================================
DISTRIBUTED TRAINING LAUNCHER
================================================================================
  Model:      wide_resnet50_2 (CIFAR stem) (from scratch)
  Dataset:    cifar10 (10 classes)
  Image size: 32
  LR:         0.1
  Momentum:   0.9 (nesterov=True)
  Optimizer:  sgd
  Weight dec: 0.0005 (on BN/bias=False)
  Backend:    nccl
  Algorithm:  ring_zfp_online_coll
  ZFP rate:   16
  Epochs:     10
  Batch/rank: 16
  LR:         0.1
  Scheduler:  cosine
  Warmup:     0
  Grad clip:  None
  Drop last:  True
  Data dir:   ./data
================================================================================

  Batch [50/97] Loss: 31.4804, Acc: 11.38%, lr: 0.099346
[Epoch 1] Train Loss: 19.9917, Acc: 11.02%  |  Val Loss: 4.5546, Acc: 10.43%  |  Time: 25.3s
[Epoch 1] t_iter median: 183.45 ms  (fwd 7.68 | bwd+comm 172.41 | opt 3.22 | data 0.12)  |  train-only epoch: 21.4s
  -> Best model saved (10.43%)
[Epoch 1] Summarizing hook timing...

[HOOK_TIMING_SUMMARY] epoch=1
[HOOK_WORK_SUMMARY] label=nccl:hier_zfp_online_coll:rate16 calls=762 work_total_ms=17303.129 work_mean_ms=22.708 work_min_ms=9.342 work_max_ms=444.026
[HOOK_TAIL_SUMMARY] label=nccl:ring_zfp_online_coll:rate16 steps=98 tail_total_ms=16938.041 tail_mean_ms=172.837 tail_min_ms=138.771 tail_max_ms=985.798
[Epoch 1] Hook timing summary done

[Epoch 2] Training... (lr at epoch start=0.097553)
  Batch [50/97] Loss: 7.7140, Acc: 14.62%, lr: 0.094440
[Epoch 2] Train Loss: 6.9597, Acc: 13.14%  |  Val Loss: 11.6069, Acc: 12.64%  |  Time: 21.6s
[Epoch 2] t_iter median: 178.86 ms  (fwd 7.85 | bwd+comm 167.37 | opt 3.49 | data 0.14)  |  train-only epoch: 17.6s
  -> Best model saved (12.64%)
[Epoch 2] Summarizing hook timing...

[HOOK_TIMING_SUMMARY] epoch=2
[HOOK_WORK_SUMMARY] label=nccl:hier_zfp_online_coll:rate16 calls=776 work_total_ms=16190.894 work_mean_ms=20.865 work_min_ms=9.086 work_max_ms=33.931
[HOOK_TAIL_SUMMARY] label=nccl:ring_zfp_online_coll:rate16 steps=97 tail_total_ms=15084.292 tail_mean_ms=155.508 tail_min_ms=150.758 tail_max_ms=160.000
[Epoch 2] Hook timing summary done

[Epoch 3] Training... (lr at epoch start=0.090451)
  Batch [50/97] Loss: 6.3441, Acc: 12.25%, lr: 0.085183
[Epoch 3] Train Loss: 6.1966, Acc: 12.82%  |  Val Loss: 4.5518, Acc: 12.16%  |  Time: 21.5s
[Epoch 3] t_iter median: 177.73 ms  (fwd 7.63 | bwd+comm 166.80 | opt 3.22 | data 0.11)  |  train-only epoch: 17.4s
[Epoch 3] Summarizing hook timing...

[HOOK_TIMING_SUMMARY] epoch=3
[HOOK_WORK_SUMMARY] label=nccl:hier_zfp_online_coll:rate16 calls=776 work_total_ms=16073.190 work_mean_ms=20.713 work_min_ms=11.341 work_max_ms=32.849
[HOOK_TAIL_SUMMARY] label=nccl:ring_zfp_online_coll:rate16 steps=97 tail_total_ms=15038.572 tail_mean_ms=155.037 tail_min_ms=153.453 tail_max_ms=157.148
[Epoch 3] Hook timing summary done

[Epoch 4] Training... (lr at epoch start=0.079389)
  Batch [50/97] Loss: 4.5200, Acc: 13.62%, lr: 0.072483
[Epoch 4] Train Loss: 4.1027, Acc: 14.82%  |  Val Loss: 2.8329, Acc: 15.16%  |  Time: 21.8s
[Epoch 4] t_iter median: 179.09 ms  (fwd 7.56 | bwd+comm 167.91 | opt 3.33 | data 0.15)  |  train-only epoch: 17.8s
  -> Best model saved (15.16%)
[Epoch 4] Summarizing hook timing...

[HOOK_TIMING_SUMMARY] epoch=4
[HOOK_WORK_SUMMARY] label=nccl:hier_zfp_online_coll:rate16 calls=776 work_total_ms=16418.202 work_mean_ms=21.157 work_min_ms=9.858 work_max_ms=35.920
[HOOK_TAIL_SUMMARY] label=nccl:ring_zfp_online_coll:rate16 steps=97 tail_total_ms=15269.869 tail_mean_ms=157.421 tail_min_ms=150.565 tail_max_ms=171.376
[Epoch 4] Hook timing summary done

[Epoch 5] Training... (lr at epoch start=0.065451)
  Batch [50/97] Loss: 3.8974, Acc: 15.12%, lr: 0.057582
[Epoch 5] Train Loss: 3.6270, Acc: 15.66%  |  Val Loss: 2.8643, Acc: 19.03%  |  Time: 22.4s
[Epoch 5] t_iter median: 188.15 ms  (fwd 7.56 | bwd+comm 177.18 | opt 3.28 | data 0.07)  |  train-only epoch: 18.4s
  -> Best model saved (19.03%)
[Epoch 5] Summarizing hook timing...

[HOOK_TIMING_SUMMARY] epoch=5
[HOOK_WORK_SUMMARY] label=nccl:hier_zfp_online_coll:rate16 calls=776 work_total_ms=17026.938 work_mean_ms=21.942 work_min_ms=10.636 work_max_ms=36.203
[HOOK_TAIL_SUMMARY] label=nccl:ring_zfp_online_coll:rate16 steps=97 tail_total_ms=15901.349 tail_mean_ms=163.931 tail_min_ms=160.627 tail_max_ms=166.420
[Epoch 5] Hook timing summary done

[Epoch 6] Training... (lr at epoch start=0.050000)
  Batch [50/97] Loss: 3.3671, Acc: 15.38%, lr: 0.041938
[Epoch 6] Train Loss: 3.2710, Acc: 17.07%  |  Val Loss: 2.2071, Acc: 21.88%  |  Time: 22.5s
[Epoch 6] t_iter median: 188.50 ms  (fwd 7.60 | bwd+comm 177.45 | opt 3.33 | data 0.16)  |  train-only epoch: 18.5s
  -> Best model saved (21.88%)
[Epoch 6] Summarizing hook timing...

[HOOK_TIMING_SUMMARY] epoch=6
[HOOK_WORK_SUMMARY] label=nccl:hier_zfp_online_coll:rate16 calls=776 work_total_ms=17065.291 work_mean_ms=21.991 work_min_ms=10.072 work_max_ms=36.197
[HOOK_TAIL_SUMMARY] label=nccl:ring_zfp_online_coll:rate16 steps=97 tail_total_ms=15908.694 tail_mean_ms=164.007 tail_min_ms=161.937 tail_max_ms=166.346
[Epoch 6] Hook timing summary done

[Epoch 7] Training... (lr at epoch start=0.034549)
  Batch [50/97] Loss: 2.6238, Acc: 19.12%, lr: 0.027084
[Epoch 7] Train Loss: 2.5000, Acc: 20.88%  |  Val Loss: 2.2224, Acc: 16.65%  |  Time: 22.4s
[Epoch 7] t_iter median: 188.03 ms  (fwd 7.58 | bwd+comm 177.14 | opt 3.27 | data 0.12)  |  train-only epoch: 18.4s
[Epoch 7] Summarizing hook timing...

[HOOK_TIMING_SUMMARY] epoch=7
[HOOK_WORK_SUMMARY] label=nccl:hier_zfp_online_coll:rate16 calls=776 work_total_ms=17017.945 work_mean_ms=21.930 work_min_ms=10.446 work_max_ms=36.248
[HOOK_TAIL_SUMMARY] label=nccl:ring_zfp_online_coll:rate16 steps=97 tail_total_ms=15876.440 tail_mean_ms=163.675 tail_min_ms=160.845 tail_max_ms=166.184
[Epoch 7] Hook timing summary done

[Epoch 8] Training... (lr at epoch start=0.020611)
  Batch [50/97] Loss: 2.1523, Acc: 24.50%, lr: 0.014473
[Epoch 8] Train Loss: 2.1149, Acc: 25.32%  |  Val Loss: 2.0767, Acc: 24.37%  |  Time: 22.5s
[Epoch 8] t_iter median: 188.44 ms  (fwd 7.98 | bwd+comm 176.93 | opt 3.35 | data 0.15)  |  train-only epoch: 18.5s
  -> Best model saved (24.37%)
[Epoch 8] Summarizing hook timing...

[HOOK_TIMING_SUMMARY] epoch=8
[HOOK_WORK_SUMMARY] label=nccl:hier_zfp_online_coll:rate16 calls=776 work_total_ms=17022.373 work_mean_ms=21.936 work_min_ms=9.859 work_max_ms=36.085
[HOOK_TAIL_SUMMARY] label=nccl:ring_zfp_online_coll:rate16 steps=97 tail_total_ms=15944.104 tail_mean_ms=164.372 tail_min_ms=161.665 tail_max_ms=182.964
[Epoch 8] Hook timing summary done

[Epoch 9] Training... (lr at epoch start=0.009549)
  Batch [50/97] Loss: 2.1090, Acc: 22.38%, lr: 0.005340
[Epoch 9] Train Loss: 2.0984, Acc: 23.13%  |  Val Loss: 2.0607, Acc: 25.10%  |  Time: 22.3s
[Epoch 9] t_iter median: 187.13 ms  (fwd 7.54 | bwd+comm 176.20 | opt 3.33 | data 0.11)  |  train-only epoch: 18.3s
  -> Best model saved (25.10%)
[Epoch 9] Summarizing hook timing...

[HOOK_TIMING_SUMMARY] epoch=9
[HOOK_WORK_SUMMARY] label=nccl:hier_zfp_online_coll:rate16 calls=776 work_total_ms=16943.313 work_mean_ms=21.834 work_min_ms=10.544 work_max_ms=35.688
[HOOK_TAIL_SUMMARY] label=nccl:ring_zfp_online_coll:rate16 steps=97 tail_total_ms=15844.816 tail_mean_ms=163.349 tail_min_ms=161.302 tail_max_ms=165.512
[Epoch 9] Hook timing summary done

[Epoch 10] Training... (lr at epoch start=0.002447)
  Batch [50/97] Loss: 2.0605, Acc: 24.25%, lr: 0.000578
[Epoch 10] Train Loss: 2.0656, Acc: 24.74%  |  Val Loss: 2.0797, Acc: 24.18%  |  Time: 22.0s
[Epoch 10] t_iter median: 186.22 ms  (fwd 7.93 | bwd+comm 174.76 | opt 3.36 | data 0.15)  |  train-only epoch: 18.1s
[Epoch 10] Summarizing hook timing...

[HOOK_TIMING_SUMMARY] epoch=10
[HOOK_WORK_SUMMARY] label=nccl:hier_zfp_online_coll:rate16 calls=776 work_total_ms=16641.001 work_mean_ms=21.445 work_min_ms=9.722 work_max_ms=36.005
[HOOK_TAIL_SUMMARY] label=nccl:ring_zfp_online_coll:rate16 steps=97 tail_total_ms=15560.383 tail_mean_ms=160.416 tail_min_ms=152.251 tail_max_ms=166.436
[Epoch 10] Hook timing summary done

================================================================================
Done in 230.5s | Best val acc: 25.10%
Epoch times (train+val): mean=22.4s  min=21.5s  max=25.3s
Train-only epoch time (epochs 2..N): median=18.34s  min=17.41s  max=18.46s
  -> use this for STRONG scaling (fixed global batch)
  -> use t_iter_median_ms from the CSV for WEAK scaling (fixed local batch)
================================================================================
=== Finished training: model=wide_resnet50_2, dataset=cifar10, batch=16, lr=0.1, scheduler=cosine, backend=nccl, hook=ring_zfp_online_coll, zfp_rate=16, status=0 at Thu Jul 30 08:21:52 AM UTC 2026 ===
=== Starting: model=wide_resnet50_2, ws=32, bs=16, gb=512, lr=0.1, sched=cosine, warmup=0, mom=0.9, wd=5e-4, nesterov=true, wd_bn_bias=false, backend=nccl, hook=ring_zfp_online_coll, zfp=8 at Thu Jul 30 08:21:52 AM UTC 2026 ===

================================================================================
DISTRIBUTED TRAINING LAUNCHER
================================================================================
  Model:      wide_resnet50_2 (CIFAR stem) (from scratch)
  Dataset:    cifar10 (10 classes)
  Image size: 32
  LR:         0.1
  Momentum:   0.9 (nesterov=True)
  Optimizer:  sgd
  Weight dec: 0.0005 (on BN/bias=False)
  Backend:    nccl
  Algorithm:  ring_zfp_online_coll
  ZFP rate:   8
  Epochs:     10
  Batch/rank: 16
  LR:         0.1
  Scheduler:  cosine
  Warmup:     0
  Grad clip:  None
  Drop last:  True
  Data dir:   ./data
================================================================================


================================================================================
Distributed Training: WIDE_RESNET50_2 on CIFAR10
Backend: NCCL, Algorithm: ring_zfp_online_coll
================================================================================
Ranks: 32, Epochs: 10, Batch/rank: 16, Effective batch: 512
LR: 0.1, Device: cuda:0

[Cache] Pretrained weights cache (TORCH_HOME) = ./data/pretrained_weights_cache
[Setup] Model on cuda:0, wrapped in DDP (static_graph=True)
[Setup] Hook registered: nccl/ring_zfp_online_coll
[Optim] SGD: lr=0.1 momentum=0.9 nesterov=True wd=0.0005 wd_on_bn_bias=False
[Optim]   group 0: 66,778,816 params, wd=0.0005
[Optim]   group 1: 68,234 params, wd=0.0

================================================================================
DISTRIBUTED TRAINING LAUNCHER
================================================================================
  Model:      wide_resnet50_2 (CIFAR stem) (from scratch)
  Dataset:    cifar10 (10 classes)
  Image size: 32
  LR:         0.1
  Momentum:   0.9 (nesterov=True)
  Optimizer:  sgd
  Weight dec: 0.0005 (on BN/bias=False)
  Backend:    nccl
  Algorithm:  ring_zfp_online_coll
  ZFP rate:   8
  Epochs:     10
  Batch/rank: 16
  LR:         0.1
  Scheduler:  cosine
  Warmup:     0
  Grad clip:  None
  Drop last:  True
  Data dir:   ./data
================================================================================


================================================================================
DISTRIBUTED TRAINING LAUNCHER
================================================================================
  Model:      wide_resnet50_2 (CIFAR stem) (from scratch)
  Dataset:    cifar10 (10 classes)
  Image size: 32
  LR:         0.1
  Momentum:   0.9 (nesterov=True)
  Optimizer:  sgd
  Weight dec: 0.0005 (on BN/bias=False)
  Backend:    nccl
  Algorithm:  ring_zfp_online_coll
  ZFP rate:   8
  Epochs:     10
  Batch/rank: 16
  LR:         0.1
  Scheduler:  cosine
  Warmup:     0
  Grad clip:  None
  Drop last:  True
  Data dir:   ./data
================================================================================

[Data] Train batches: 97, Val batches: 625

[Sched] cosine: steps/epoch=97, total_steps=970, warmup_steps=0 (0 epochs)


[Epoch 1] Training... (lr at epoch start=0.100000)

================================================================================
DISTRIBUTED TRAINING LAUNCHER
================================================================================
  Model:      wide_resnet50_2 (CIFAR stem) (from scratch)
  Dataset:    cifar10 (10 classes)
  Image size: 32
  LR:         0.1
  Momentum:   0.9 (nesterov=True)
  Optimizer:  sgd
  Weight dec: 0.0005 (on BN/bias=False)
  Backend:    nccl
  Algorithm:  ring_zfp_online_coll
  ZFP rate:   8
  Epochs:     10
  Batch/rank: 16
  LR:         0.1
  Scheduler:  cosine
  Warmup:     0
  Grad clip:  None
  Drop last:  True
  Data dir:   ./data
================================================================================


================================================================================
DISTRIBUTED TRAINING LAUNCHER
================================================================================
  Model:      wide_resnet50_2 (CIFAR stem) (from scratch)
  Dataset:    cifar10 (10 classes)
  Image size: 32
  LR:         0.1
  Momentum:   0.9 (nesterov=True)
  Optimizer:  sgd
  Weight dec: 0.0005 (on BN/bias=False)
  Backend:    nccl
  Algorithm:  ring_zfp_online_coll
  ZFP rate:   8
  Epochs:     10
  Batch/rank: 16
  LR:         0.1
  Scheduler:  cosine
  Warmup:     0
  Grad clip:  None
  Drop last:  True
  Data dir:   ./data
================================================================================


================================================================================
DISTRIBUTED TRAINING LAUNCHER
================================================================================
  Model:      wide_resnet50_2 (CIFAR stem) (from scratch)
  Dataset:    cifar10 (10 classes)
  Image size: 32
  LR:         0.1
  Momentum:   0.9 (nesterov=True)
  Optimizer:  sgd
  Weight dec: 0.0005 (on BN/bias=False)
  Backend:    nccl
  Algorithm:  ring_zfp_online_coll
  ZFP rate:   8
  Epochs:     10
  Batch/rank: 16
  LR:         0.1
  Scheduler:  cosine
  Warmup:     0
  Grad clip:  None
  Drop last:  True
  Data dir:   ./data
================================================================================


================================================================================
DISTRIBUTED TRAINING LAUNCHER
================================================================================
  Model:      wide_resnet50_2 (CIFAR stem) (from scratch)
  Dataset:    cifar10 (10 classes)
  Image size: 32
  LR:         0.1
  Momentum:   0.9 (nesterov=True)
  Optimizer:  sgd
  Weight dec: 0.0005 (on BN/bias=False)
  Backend:    nccl
  Algorithm:  ring_zfp_online_coll
  ZFP rate:   8
  Epochs:     10
  Batch/rank: 16
  LR:         0.1
  Scheduler:  cosine
  Warmup:     0
  Grad clip:  None
  Drop last:  True
  Data dir:   ./data
================================================================================


================================================================================
DISTRIBUTED TRAINING LAUNCHER
================================================================================
  Model:      wide_resnet50_2 (CIFAR stem) (from scratch)
  Dataset:    cifar10 (10 classes)
  Image size: 32
  LR:         0.1
  Momentum:   0.9 (nesterov=True)
  Optimizer:  sgd
  Weight dec: 0.0005 (on BN/bias=False)
  Backend:    nccl
  Algorithm:  ring_zfp_online_coll
  ZFP rate:   8
  Epochs:     10
  Batch/rank: 16
  LR:         0.1
  Scheduler:  cosine
  Warmup:     0
  Grad clip:  None
  Drop last:  True
  Data dir:   ./data
================================================================================


================================================================================
DISTRIBUTED TRAINING LAUNCHER
================================================================================
  Model:      wide_resnet50_2 (CIFAR stem) (from scratch)
  Dataset:    cifar10 (10 classes)
  Image size: 32
  LR:         0.1
  Momentum:   0.9 (nesterov=True)
  Optimizer:  sgd
  Weight dec: 0.0005 (on BN/bias=False)
  Backend:    nccl
  Algorithm:  ring_zfp_online_coll
  ZFP rate:   8
  Epochs:     10
  Batch/rank: 16
  LR:         0.1
  Scheduler:  cosine
  Warmup:     0
  Grad clip:  None
  Drop last:  True
  Data dir:   ./data
================================================================================


================================================================================
DISTRIBUTED TRAINING LAUNCHER
================================================================================
  Model:      wide_resnet50_2 (CIFAR stem) (from scratch)
  Dataset:    cifar10 (10 classes)
  Image size: 32
  LR:         0.1
  Momentum:   0.9 (nesterov=True)
  Optimizer:  sgd
  Weight dec: 0.0005 (on BN/bias=False)
  Backend:    nccl
  Algorithm:  ring_zfp_online_coll
  ZFP rate:   8
  Epochs:     10
  Batch/rank: 16
  LR:         0.1
  Scheduler:  cosine
  Warmup:     0
  Grad clip:  None
  Drop last:  True
  Data dir:   ./data
================================================================================


================================================================================
DISTRIBUTED TRAINING LAUNCHER
================================================================================
  Model:      wide_resnet50_2 (CIFAR stem) (from scratch)
  Dataset:    cifar10 (10 classes)
  Image size: 32
  LR:         0.1
  Momentum:   0.9 (nesterov=True)
  Optimizer:  sgd
  Weight dec: 0.0005 (on BN/bias=False)
  Backend:    nccl
  Algorithm:  ring_zfp_online_coll
  ZFP rate:   8
  Epochs:     10
  Batch/rank: 16
  LR:         0.1
  Scheduler:  cosine
  Warmup:     0
  Grad clip:  None
  Drop last:  True
  Data dir:   ./data
================================================================================


================================================================================
DISTRIBUTED TRAINING LAUNCHER
================================================================================
  Model:      wide_resnet50_2 (CIFAR stem) (from scratch)
  Dataset:    cifar10 (10 classes)
  Image size: 32
  LR:         0.1
  Momentum:   0.9 (nesterov=True)
  Optimizer:  sgd
  Weight dec: 0.0005 (on BN/bias=False)
  Backend:    nccl
  Algorithm:  ring_zfp_online_coll
  ZFP rate:   8
  Epochs:     10
  Batch/rank: 16
  LR:         0.1
  Scheduler:  cosine
  Warmup:     0
  Grad clip:  None
  Drop last:  True
  Data dir:   ./data
================================================================================


================================================================================
DISTRIBUTED TRAINING LAUNCHER
================================================================================
  Model:      wide_resnet50_2 (CIFAR stem) (from scratch)
  Dataset:    cifar10 (10 classes)
  Image size: 32
  LR:         0.1
  Momentum:   0.9 (nesterov=True)
  Optimizer:  sgd
  Weight dec: 0.0005 (on BN/bias=False)
  Backend:    nccl
  Algorithm:  ring_zfp_online_coll
  ZFP rate:   8
  Epochs:     10
  Batch/rank: 16
  LR:         0.1
  Scheduler:  cosine
  Warmup:     0
  Grad clip:  None
  Drop last:  True
  Data dir:   ./data
================================================================================


================================================================================
DISTRIBUTED TRAINING LAUNCHER
================================================================================
  Model:      wide_resnet50_2 (CIFAR stem) (from scratch)
  Dataset:    cifar10 (10 classes)
  Image size: 32
  LR:         0.1
  Momentum:   0.9 (nesterov=True)
  Optimizer:  sgd
  Weight dec: 0.0005 (on BN/bias=False)
  Backend:    nccl
  Algorithm:  ring_zfp_online_coll
  ZFP rate:   8
  Epochs:     10
  Batch/rank: 16
  LR:         0.1
  Scheduler:  cosine
  Warmup:     0
  Grad clip:  None
  Drop last:  True
  Data dir:   ./data
================================================================================


================================================================================
DISTRIBUTED TRAINING LAUNCHER
================================================================================
  Model:      wide_resnet50_2 (CIFAR stem) (from scratch)
  Dataset:    cifar10 (10 classes)
  Image size: 32
  LR:         0.1
  Momentum:   0.9 (nesterov=True)
  Optimizer:  sgd
  Weight dec: 0.0005 (on BN/bias=False)
  Backend:    nccl
  Algorithm:  ring_zfp_online_coll
  ZFP rate:   8
  Epochs:     10
  Batch/rank: 16
  LR:         0.1
  Scheduler:  cosine
  Warmup:     0
  Grad clip:  None
  Drop last:  True
  Data dir:   ./data
================================================================================


================================================================================
DISTRIBUTED TRAINING LAUNCHER
================================================================================
  Model:      wide_resnet50_2 (CIFAR stem) (from scratch)
  Dataset:    cifar10 (10 classes)
  Image size: 32
  LR:         0.1
  Momentum:   0.9 (nesterov=True)
  Optimizer:  sgd
  Weight dec: 0.0005 (on BN/bias=False)
  Backend:    nccl
  Algorithm:  ring_zfp_online_coll
  ZFP rate:   8
  Epochs:     10
  Batch/rank: 16
  LR:         0.1
  Scheduler:  cosine
  Warmup:     0
  Grad clip:  None
  Drop last:  True
  Data dir:   ./data
================================================================================


================================================================================
DISTRIBUTED TRAINING LAUNCHER
================================================================================
  Model:      wide_resnet50_2 (CIFAR stem) (from scratch)
  Dataset:    cifar10 (10 classes)
  Image size: 32
  LR:         0.1
  Momentum:   0.9 (nesterov=True)
  Optimizer:  sgd
  Weight dec: 0.0005 (on BN/bias=False)
  Backend:    nccl
  Algorithm:  ring_zfp_online_coll
  ZFP rate:   8
  Epochs:     10
  Batch/rank: 16
  LR:         0.1
  Scheduler:  cosine
  Warmup:     0
  Grad clip:  None
  Drop last:  True
  Data dir:   ./data
================================================================================


================================================================================
DISTRIBUTED TRAINING LAUNCHER
================================================================================
  Model:      wide_resnet50_2 (CIFAR stem) (from scratch)
  Dataset:    cifar10 (10 classes)
  Image size: 32
  LR:         0.1
  Momentum:   0.9 (nesterov=True)
  Optimizer:  sgd
  Weight dec: 0.0005 (on BN/bias=False)
  Backend:    nccl
  Algorithm:  ring_zfp_online_coll
  ZFP rate:   8
  Epochs:     10
  Batch/rank: 16
  LR:         0.1
  Scheduler:  cosine
  Warmup:     0
  Grad clip:  None
  Drop last:  True
  Data dir:   ./data
================================================================================


================================================================================
DISTRIBUTED TRAINING LAUNCHER
================================================================================
  Model:      wide_resnet50_2 (CIFAR stem) (from scratch)
  Dataset:    cifar10 (10 classes)
  Image size: 32
  LR:         0.1
  Momentum:   0.9 (nesterov=True)
  Optimizer:  sgd
  Weight dec: 0.0005 (on BN/bias=False)
  Backend:    nccl
  Algorithm:  ring_zfp_online_coll
  ZFP rate:   8
  Epochs:     10
  Batch/rank: 16
  LR:         0.1
  Scheduler:  cosine
  Warmup:     0
  Grad clip:  None
  Drop last:  True
  Data dir:   ./data
================================================================================


================================================================================
DISTRIBUTED TRAINING LAUNCHER
================================================================================
  Model:      wide_resnet50_2 (CIFAR stem) (from scratch)
  Dataset:    cifar10 (10 classes)
  Image size: 32
  LR:         0.1
  Momentum:   0.9 (nesterov=True)
  Optimizer:  sgd
  Weight dec: 0.0005 (on BN/bias=False)
  Backend:    nccl
  Algorithm:  ring_zfp_online_coll
  ZFP rate:   8
  Epochs:     10
  Batch/rank: 16
  LR:         0.1
  Scheduler:  cosine
  Warmup:     0
  Grad clip:  None
  Drop last:  True
  Data dir:   ./data
================================================================================


================================================================================
DISTRIBUTED TRAINING LAUNCHER
================================================================================
  Model:      wide_resnet50_2 (CIFAR stem) (from scratch)
  Dataset:    cifar10 (10 classes)
  Image size: 32
  LR:         0.1
  Momentum:   0.9 (nesterov=True)
  Optimizer:  sgd
  Weight dec: 0.0005 (on BN/bias=False)
  Backend:    nccl
  Algorithm:  ring_zfp_online_coll
  ZFP rate:   8
  Epochs:     10
  Batch/rank: 16
  LR:         0.1
  Scheduler:  cosine
  Warmup:     0
  Grad clip:  None
  Drop last:  True
  Data dir:   ./data
================================================================================


================================================================================
DISTRIBUTED TRAINING LAUNCHER
================================================================================
  Model:      wide_resnet50_2 (CIFAR stem) (from scratch)
  Dataset:    cifar10 (10 classes)
  Image size: 32
  LR:         0.1
  Momentum:   0.9 (nesterov=True)
  Optimizer:  sgd
  Weight dec: 0.0005 (on BN/bias=False)
  Backend:    nccl
  Algorithm:  ring_zfp_online_coll
  ZFP rate:   8
  Epochs:     10
  Batch/rank: 16
  LR:         0.1
  Scheduler:  cosine
  Warmup:     0
  Grad clip:  None
  Drop last:  True
  Data dir:   ./data
================================================================================


================================================================================
DISTRIBUTED TRAINING LAUNCHER
================================================================================
  Model:      wide_resnet50_2 (CIFAR stem) (from scratch)
  Dataset:    cifar10 (10 classes)
  Image size: 32
  LR:         0.1
  Momentum:   0.9 (nesterov=True)
  Optimizer:  sgd
  Weight dec: 0.0005 (on BN/bias=False)
  Backend:    nccl
  Algorithm:  ring_zfp_online_coll
  ZFP rate:   8
  Epochs:     10
  Batch/rank: 16
  LR:         0.1
  Scheduler:  cosine
  Warmup:     0
  Grad clip:  None
  Drop last:  True
  Data dir:   ./data
================================================================================


================================================================================
DISTRIBUTED TRAINING LAUNCHER
================================================================================
  Model:      wide_resnet50_2 (CIFAR stem) (from scratch)
  Dataset:    cifar10 (10 classes)
  Image size: 32
  LR:         0.1
  Momentum:   0.9 (nesterov=True)
  Optimizer:  sgd
  Weight dec: 0.0005 (on BN/bias=False)
  Backend:    nccl
  Algorithm:  ring_zfp_online_coll
  ZFP rate:   8
  Epochs:     10
  Batch/rank: 16
  LR:         0.1
  Scheduler:  cosine
  Warmup:     0
  Grad clip:  None
  Drop last:  True
  Data dir:   ./data
================================================================================


================================================================================
DISTRIBUTED TRAINING LAUNCHER
================================================================================
  Model:      wide_resnet50_2 (CIFAR stem) (from scratch)
  Dataset:    cifar10 (10 classes)
  Image size: 32
  LR:         0.1
  Momentum:   0.9 (nesterov=True)
  Optimizer:  sgd
  Weight dec: 0.0005 (on BN/bias=False)
  Backend:    nccl
  Algorithm:  ring_zfp_online_coll
  ZFP rate:   8
  Epochs:     10
  Batch/rank: 16
  LR:         0.1
  Scheduler:  cosine
  Warmup:     0
  Grad clip:  None
  Drop last:  True
  Data dir:   ./data
================================================================================


================================================================================
DISTRIBUTED TRAINING LAUNCHER
================================================================================
  Model:      wide_resnet50_2 (CIFAR stem) (from scratch)
  Dataset:    cifar10 (10 classes)
  Image size: 32
  LR:         0.1
  Momentum:   0.9 (nesterov=True)
  Optimizer:  sgd
  Weight dec: 0.0005 (on BN/bias=False)
  Backend:    nccl
  Algorithm:  ring_zfp_online_coll
  ZFP rate:   8
  Epochs:     10
  Batch/rank: 16
  LR:         0.1
  Scheduler:  cosine
  Warmup:     0
  Grad clip:  None
  Drop last:  True
  Data dir:   ./data
================================================================================


================================================================================
DISTRIBUTED TRAINING LAUNCHER
================================================================================
  Model:      wide_resnet50_2 (CIFAR stem) (from scratch)
  Dataset:    cifar10 (10 classes)
  Image size: 32
  LR:         0.1
  Momentum:   0.9 (nesterov=True)
  Optimizer:  sgd
  Weight dec: 0.0005 (on BN/bias=False)
  Backend:    nccl
  Algorithm:  ring_zfp_online_coll
  ZFP rate:   8
  Epochs:     10
  Batch/rank: 16
  LR:         0.1
  Scheduler:  cosine
  Warmup:     0
  Grad clip:  None
  Drop last:  True
  Data dir:   ./data
================================================================================


================================================================================
DISTRIBUTED TRAINING LAUNCHER
================================================================================
  Model:      wide_resnet50_2 (CIFAR stem) (from scratch)
  Dataset:    cifar10 (10 classes)
  Image size: 32
  LR:         0.1
  Momentum:   0.9 (nesterov=True)
  Optimizer:  sgd
  Weight dec: 0.0005 (on BN/bias=False)
  Backend:    nccl
  Algorithm:  ring_zfp_online_coll
  ZFP rate:   8
  Epochs:     10
  Batch/rank: 16
  LR:         0.1
  Scheduler:  cosine
  Warmup:     0
  Grad clip:  None
  Drop last:  True
  Data dir:   ./data
================================================================================


================================================================================
DISTRIBUTED TRAINING LAUNCHER
================================================================================
  Model:      wide_resnet50_2 (CIFAR stem) (from scratch)
  Dataset:    cifar10 (10 classes)
  Image size: 32
  LR:         0.1
  Momentum:   0.9 (nesterov=True)
  Optimizer:  sgd
  Weight dec: 0.0005 (on BN/bias=False)
  Backend:    nccl
  Algorithm:  ring_zfp_online_coll
  ZFP rate:   8
  Epochs:     10
  Batch/rank: 16
  LR:         0.1
  Scheduler:  cosine
  Warmup:     0
  Grad clip:  None
  Drop last:  True
  Data dir:   ./data
================================================================================


================================================================================
DISTRIBUTED TRAINING LAUNCHER
================================================================================
  Model:      wide_resnet50_2 (CIFAR stem) (from scratch)
  Dataset:    cifar10 (10 classes)
  Image size: 32
  LR:         0.1
  Momentum:   0.9 (nesterov=True)
  Optimizer:  sgd
  Weight dec: 0.0005 (on BN/bias=False)
  Backend:    nccl
  Algorithm:  ring_zfp_online_coll
  ZFP rate:   8
  Epochs:     10
  Batch/rank: 16
  LR:         0.1
  Scheduler:  cosine
  Warmup:     0
  Grad clip:  None
  Drop last:  True
  Data dir:   ./data
================================================================================


================================================================================
DISTRIBUTED TRAINING LAUNCHER
================================================================================
  Model:      wide_resnet50_2 (CIFAR stem) (from scratch)
  Dataset:    cifar10 (10 classes)
  Image size: 32
  LR:         0.1
  Momentum:   0.9 (nesterov=True)
  Optimizer:  sgd
  Weight dec: 0.0005 (on BN/bias=False)
  Backend:    nccl
  Algorithm:  ring_zfp_online_coll
  ZFP rate:   8
  Epochs:     10
  Batch/rank: 16
  LR:         0.1
  Scheduler:  cosine
  Warmup:     0
  Grad clip:  None
  Drop last:  True
  Data dir:   ./data
================================================================================


================================================================================
DISTRIBUTED TRAINING LAUNCHER
================================================================================
  Model:      wide_resnet50_2 (CIFAR stem) (from scratch)
  Dataset:    cifar10 (10 classes)
  Image size: 32
  LR:         0.1
  Momentum:   0.9 (nesterov=True)
  Optimizer:  sgd
  Weight dec: 0.0005 (on BN/bias=False)
  Backend:    nccl
  Algorithm:  ring_zfp_online_coll
  ZFP rate:   8
  Epochs:     10
  Batch/rank: 16
  LR:         0.1
  Scheduler:  cosine
  Warmup:     0
  Grad clip:  None
  Drop last:  True
  Data dir:   ./data
================================================================================

  Batch [50/97] Loss: 30.2149, Acc: 11.75%, lr: 0.099346
[Epoch 1] Train Loss: 19.0810, Acc: 10.44%  |  Val Loss: 33.6092, Acc: 10.00%  |  Time: 18.9s
[Epoch 1] t_iter median: 119.20 ms  (fwd 7.66 | bwd+comm 108.15 | opt 3.28 | data 0.12)  |  train-only epoch: 15.0s
  -> Best model saved (10.00%)
[Epoch 1] Summarizing hook timing...

[HOOK_TIMING_SUMMARY] epoch=1
[HOOK_WORK_SUMMARY] label=nccl:hier_zfp_online_coll:rate8 calls=762 work_total_ms=10835.179 work_mean_ms=14.219 work_min_ms=7.127 work_max_ms=414.368
[HOOK_TAIL_SUMMARY] label=nccl:ring_zfp_online_coll:rate8 steps=98 tail_total_ms=10349.165 tail_mean_ms=105.604 tail_min_ms=70.171 tail_max_ms=925.396
[Epoch 1] Hook timing summary done

[Epoch 2] Training... (lr at epoch start=0.097553)
  Batch [50/97] Loss: 6.7404, Acc: 12.50%, lr: 0.094440
[Epoch 2] Train Loss: 6.8169, Acc: 12.11%  |  Val Loss: 14.7196, Acc: 10.49%  |  Time: 15.8s
[Epoch 2] t_iter median: 119.30 ms  (fwd 7.72 | bwd+comm 108.16 | opt 3.28 | data 0.12)  |  train-only epoch: 11.9s
  -> Best model saved (10.49%)
[Epoch 2] Summarizing hook timing...

[HOOK_TIMING_SUMMARY] epoch=2
[HOOK_WORK_SUMMARY] label=nccl:hier_zfp_online_coll:rate8 calls=776 work_total_ms=10488.736 work_mean_ms=13.516 work_min_ms=7.244 work_max_ms=25.947
[HOOK_TAIL_SUMMARY] label=nccl:ring_zfp_online_coll:rate8 steps=97 tail_total_ms=9300.383 tail_mean_ms=95.880 tail_min_ms=93.029 tail_max_ms=111.200
[Epoch 2] Hook timing summary done

[Epoch 3] Training... (lr at epoch start=0.090451)
  Batch [50/97] Loss: 6.0401, Acc: 13.00%, lr: 0.085183
[Epoch 3] Train Loss: 5.2452, Acc: 13.92%  |  Val Loss: 18.5045, Acc: 12.32%  |  Time: 16.1s
[Epoch 3] t_iter median: 124.05 ms  (fwd 7.55 | bwd+comm 113.17 | opt 3.28 | data 0.11)  |  train-only epoch: 12.1s
  -> Best model saved (12.32%)
[Epoch 3] Summarizing hook timing...

[HOOK_TIMING_SUMMARY] epoch=3
[HOOK_WORK_SUMMARY] label=nccl:hier_zfp_online_coll:rate8 calls=776 work_total_ms=10747.217 work_mean_ms=13.850 work_min_ms=7.391 work_max_ms=25.649
[HOOK_TAIL_SUMMARY] label=nccl:ring_zfp_online_coll:rate8 steps=97 tail_total_ms=9563.244 tail_mean_ms=98.590 tail_min_ms=93.233 tail_max_ms=101.882
[Epoch 3] Hook timing summary done

[Epoch 4] Training... (lr at epoch start=0.079389)
  Batch [50/97] Loss: 4.4634, Acc: 15.75%, lr: 0.072483
[Epoch 4] Train Loss: 4.2370, Acc: 15.40%  |  Val Loss: 12.8384, Acc: 17.30%  |  Time: 16.3s
[Epoch 4] t_iter median: 124.68 ms  (fwd 7.56 | bwd+comm 113.72 | opt 3.28 | data 0.11)  |  train-only epoch: 12.3s
  -> Best model saved (17.30%)
[Epoch 4] Summarizing hook timing...

[HOOK_TIMING_SUMMARY] epoch=4
[HOOK_WORK_SUMMARY] label=nccl:hier_zfp_online_coll:rate8 calls=776 work_total_ms=10881.934 work_mean_ms=14.023 work_min_ms=7.730 work_max_ms=26.376
[HOOK_TAIL_SUMMARY] label=nccl:ring_zfp_online_coll:rate8 steps=97 tail_total_ms=9693.844 tail_mean_ms=99.937 tail_min_ms=98.369 tail_max_ms=101.651
[Epoch 4] Hook timing summary done

[Epoch 5] Training... (lr at epoch start=0.065451)
  Batch [50/97] Loss: 3.6682, Acc: 17.62%, lr: 0.057582
[Epoch 5] Train Loss: 3.4880, Acc: 17.98%  |  Val Loss: 15.5501, Acc: 19.97%  |  Time: 16.2s
[Epoch 5] t_iter median: 124.65 ms  (fwd 7.63 | bwd+comm 113.60 | opt 3.33 | data 0.11)  |  train-only epoch: 12.3s
  -> Best model saved (19.97%)
[Epoch 5] Summarizing hook timing...

[HOOK_TIMING_SUMMARY] epoch=5
[HOOK_WORK_SUMMARY] label=nccl:hier_zfp_online_coll:rate8 calls=776 work_total_ms=10874.187 work_mean_ms=14.013 work_min_ms=7.335 work_max_ms=26.720
[HOOK_TAIL_SUMMARY] label=nccl:ring_zfp_online_coll:rate8 steps=97 tail_total_ms=9674.474 tail_mean_ms=99.737 tail_min_ms=97.741 tail_max_ms=101.778
[Epoch 5] Hook timing summary done

[Epoch 6] Training... (lr at epoch start=0.050000)
  Batch [50/97] Loss: 3.0389, Acc: 20.50%, lr: 0.041938
[Epoch 6] Train Loss: 2.9227, Acc: 20.62%  |  Val Loss: 11.6963, Acc: 18.03%  |  Time: 16.2s
[Epoch 6] t_iter median: 124.34 ms  (fwd 7.60 | bwd+comm 113.39 | opt 3.28 | data 0.12)  |  train-only epoch: 12.2s
[Epoch 6] Summarizing hook timing...

[HOOK_TIMING_SUMMARY] epoch=6
[HOOK_WORK_SUMMARY] label=nccl:hier_zfp_online_coll:rate8 calls=776 work_total_ms=10864.870 work_mean_ms=14.001 work_min_ms=7.615 work_max_ms=25.986
[HOOK_TAIL_SUMMARY] label=nccl:ring_zfp_online_coll:rate8 steps=97 tail_total_ms=9696.891 tail_mean_ms=99.968 tail_min_ms=98.185 tail_max_ms=102.972
[Epoch 6] Hook timing summary done

[Epoch 7] Training... (lr at epoch start=0.034549)
  Batch [50/97] Loss: 2.3955, Acc: 22.88%, lr: 0.027084
[Epoch 7] Train Loss: 2.3588, Acc: 23.20%  |  Val Loss: 4.7056, Acc: 21.38%  |  Time: 15.8s
[Epoch 7] t_iter median: 119.83 ms  (fwd 7.57 | bwd+comm 108.86 | opt 3.28 | data 0.11)  |  train-only epoch: 11.8s
  -> Best model saved (21.38%)
[Epoch 7] Summarizing hook timing...

[HOOK_TIMING_SUMMARY] epoch=7
[HOOK_WORK_SUMMARY] label=nccl:hier_zfp_online_coll:rate8 calls=776 work_total_ms=10459.015 work_mean_ms=13.478 work_min_ms=7.377 work_max_ms=36.765
[HOOK_TAIL_SUMMARY] label=nccl:ring_zfp_online_coll:rate8 steps=97 tail_total_ms=9304.295 tail_mean_ms=95.921 tail_min_ms=94.110 tail_max_ms=124.979
[Epoch 7] Hook timing summary done

[Epoch 8] Training... (lr at epoch start=0.020611)
  Batch [50/97] Loss: 2.1567, Acc: 24.38%, lr: 0.014473
[Epoch 8] Train Loss: 2.1148, Acc: 25.39%  |  Val Loss: 4.1821, Acc: 24.69%  |  Time: 15.8s
[Epoch 8] t_iter median: 119.58 ms  (fwd 7.51 | bwd+comm 108.66 | opt 3.33 | data 0.11)  |  train-only epoch: 11.8s
  -> Best model saved (24.69%)
[Epoch 8] Summarizing hook timing...

[HOOK_TIMING_SUMMARY] epoch=8
[HOOK_WORK_SUMMARY] label=nccl:hier_zfp_online_coll:rate8 calls=776 work_total_ms=10464.998 work_mean_ms=13.486 work_min_ms=7.377 work_max_ms=25.588
[HOOK_TAIL_SUMMARY] label=nccl:ring_zfp_online_coll:rate8 steps=97 tail_total_ms=9290.952 tail_mean_ms=95.783 tail_min_ms=93.798 tail_max_ms=101.351
[Epoch 8] Hook timing summary done

[Epoch 9] Training... (lr at epoch start=0.009549)
  Batch [50/97] Loss: 2.1183, Acc: 24.38%, lr: 0.005340
[Epoch 9] Train Loss: 2.1006, Acc: 24.68%  |  Val Loss: 8.3944, Acc: 24.49%  |  Time: 16.1s
[Epoch 9] t_iter median: 122.04 ms  (fwd 7.79 | bwd+comm 110.83 | opt 3.35 | data 0.13)  |  train-only epoch: 12.1s
[Epoch 9] Summarizing hook timing...

[HOOK_TIMING_SUMMARY] epoch=9
[HOOK_WORK_SUMMARY] label=nccl:hier_zfp_online_coll:rate8 calls=776 work_total_ms=10699.272 work_mean_ms=13.788 work_min_ms=7.371 work_max_ms=31.435
[HOOK_TAIL_SUMMARY] label=nccl:ring_zfp_online_coll:rate8 steps=97 tail_total_ms=9624.055 tail_mean_ms=99.217 tail_min_ms=93.990 tail_max_ms=117.866
[Epoch 9] Hook timing summary done

[Epoch 10] Training... (lr at epoch start=0.002447)
  Batch [50/97] Loss: 2.1078, Acc: 23.25%, lr: 0.000578
[Epoch 10] Train Loss: 2.0925, Acc: 24.81%  |  Val Loss: 4.6087, Acc: 24.53%  |  Time: 16.0s
[Epoch 10] t_iter median: 122.83 ms  (fwd 7.40 | bwd+comm 112.07 | opt 3.28 | data 0.13)  |  train-only epoch: 12.1s
[Epoch 10] Summarizing hook timing...

[HOOK_TIMING_SUMMARY] epoch=10
[HOOK_WORK_SUMMARY] label=nccl:hier_zfp_online_coll:rate8 calls=776 work_total_ms=10781.712 work_mean_ms=13.894 work_min_ms=7.414 work_max_ms=32.475
[HOOK_TAIL_SUMMARY] label=nccl:ring_zfp_online_coll:rate8 steps=97 tail_total_ms=9800.809 tail_mean_ms=101.039 tail_min_ms=97.251 tail_max_ms=125.874
[Epoch 10] Hook timing summary done

================================================================================
Done in 169.6s | Best val acc: 24.69%
Epoch times (train+val): mean=16.3s  min=15.8s  max=18.9s
Train-only epoch time (epochs 2..N): median=12.12s  min=11.84s  max=12.27s
  -> use this for STRONG scaling (fixed global batch)
  -> use t_iter_median_ms from the CSV for WEAK scaling (fixed local batch)
================================================================================
=== Finished training: model=wide_resnet50_2, dataset=cifar10, batch=16, lr=0.1, scheduler=cosine, backend=nccl, hook=ring_zfp_online_coll, zfp_rate=8, status=0 at Thu Jul 30 08:24:53 AM UTC 2026 ===
=== Starting: model=wide_resnet50_2, ws=32, bs=16, gb=512, lr=0.1, sched=cosine, warmup=0, mom=0.9, wd=5e-4, nesterov=true, wd_bn_bias=false, backend=nccl, hook=recursive_doubling, zfp=none at Thu Jul 30 08:24:53 AM UTC 2026 ===

================================================================================
DISTRIBUTED TRAINING LAUNCHER
================================================================================
  Model:      wide_resnet50_2 (CIFAR stem) (from scratch)
  Dataset:    cifar10 (10 classes)
  Image size: 32
  LR:         0.1
  Momentum:   0.9 (nesterov=True)
  Optimizer:  sgd
  Weight dec: 0.0005 (on BN/bias=False)
  Backend:    nccl
  Algorithm:  recursive_doubling
  Epochs:     10
  Batch/rank: 16
  LR:         0.1
  Scheduler:  cosine
  Warmup:     0
  Grad clip:  None
  Drop last:  True
  Data dir:   ./data
================================================================================


================================================================================
Distributed Training: WIDE_RESNET50_2 on CIFAR10
Backend: NCCL, Algorithm: recursive_doubling
================================================================================
Ranks: 32, Epochs: 10, Batch/rank: 16, Effective batch: 512
LR: 0.1, Device: cuda:0

[Cache] Pretrained weights cache (TORCH_HOME) = ./data/pretrained_weights_cache
[Setup] Model on cuda:0, wrapped in DDP (static_graph=True)
[Setup] Hook registered: nccl/recursive_doubling
[Optim] SGD: lr=0.1 momentum=0.9 nesterov=True wd=0.0005 wd_on_bn_bias=False
[Optim]   group 0: 66,778,816 params, wd=0.0005
[Optim]   group 1: 68,234 params, wd=0.0

================================================================================
DISTRIBUTED TRAINING LAUNCHER
================================================================================
  Model:      wide_resnet50_2 (CIFAR stem) (from scratch)
  Dataset:    cifar10 (10 classes)
  Image size: 32
  LR:         0.1
  Momentum:   0.9 (nesterov=True)
  Optimizer:  sgd
  Weight dec: 0.0005 (on BN/bias=False)
  Backend:    nccl
  Algorithm:  recursive_doubling
  Epochs:     10
  Batch/rank: 16
  LR:         0.1
  Scheduler:  cosine
  Warmup:     0
  Grad clip:  None
  Drop last:  True
  Data dir:   ./data
================================================================================

[Data] Train batches: 97, Val batches: 625

[Sched] cosine: steps/epoch=97, total_steps=970, warmup_steps=0 (0 epochs)


[Epoch 1] Training... (lr at epoch start=0.100000)

================================================================================
DISTRIBUTED TRAINING LAUNCHER
================================================================================
  Model:      wide_resnet50_2 (CIFAR stem) (from scratch)
  Dataset:    cifar10 (10 classes)
  Image size: 32
  LR:         0.1
  Momentum:   0.9 (nesterov=True)
  Optimizer:  sgd
  Weight dec: 0.0005 (on BN/bias=False)
  Backend:    nccl
  Algorithm:  recursive_doubling
  Epochs:     10
  Batch/rank: 16
  LR:         0.1
  Scheduler:  cosine
  Warmup:     0
  Grad clip:  None
  Drop last:  True
  Data dir:   ./data
================================================================================


================================================================================
DISTRIBUTED TRAINING LAUNCHER
================================================================================
  Model:      wide_resnet50_2 (CIFAR stem) (from scratch)
  Dataset:    cifar10 (10 classes)
  Image size: 32
  LR:         0.1
  Momentum:   0.9 (nesterov=True)
  Optimizer:  sgd
  Weight dec: 0.0005 (on BN/bias=False)
  Backend:    nccl
  Algorithm:  recursive_doubling
  Epochs:     10
  Batch/rank: 16
  LR:         0.1
  Scheduler:  cosine
  Warmup:     0
  Grad clip:  None
  Drop last:  True
  Data dir:   ./data
================================================================================


================================================================================
DISTRIBUTED TRAINING LAUNCHER
================================================================================
  Model:      wide_resnet50_2 (CIFAR stem) (from scratch)
  Dataset:    cifar10 (10 classes)
  Image size: 32
  LR:         0.1
  Momentum:   0.9 (nesterov=True)
  Optimizer:  sgd
  Weight dec: 0.0005 (on BN/bias=False)
  Backend:    nccl
  Algorithm:  recursive_doubling
  Epochs:     10
  Batch/rank: 16
  LR:         0.1
  Scheduler:  cosine
  Warmup:     0
  Grad clip:  None
  Drop last:  True
  Data dir:   ./data
================================================================================


================================================================================
DISTRIBUTED TRAINING LAUNCHER
================================================================================
  Model:      wide_resnet50_2 (CIFAR stem) (from scratch)
  Dataset:    cifar10 (10 classes)
  Image size: 32
  LR:         0.1
  Momentum:   0.9 (nesterov=True)
  Optimizer:  sgd
  Weight dec: 0.0005 (on BN/bias=False)
  Backend:    nccl
  Algorithm:  recursive_doubling
  Epochs:     10
  Batch/rank: 16
  LR:         0.1
  Scheduler:  cosine
  Warmup:     0
  Grad clip:  None
  Drop last:  True
  Data dir:   ./data
================================================================================


================================================================================
DISTRIBUTED TRAINING LAUNCHER
================================================================================
  Model:      wide_resnet50_2 (CIFAR stem) (from scratch)
  Dataset:    cifar10 (10 classes)
  Image size: 32
  LR:         0.1
  Momentum:   0.9 (nesterov=True)
  Optimizer:  sgd
  Weight dec: 0.0005 (on BN/bias=False)
  Backend:    nccl
  Algorithm:  recursive_doubling
  Epochs:     10
  Batch/rank: 16
  LR:         0.1
  Scheduler:  cosine
  Warmup:     0
  Grad clip:  None
  Drop last:  True
  Data dir:   ./data
================================================================================


================================================================================
DISTRIBUTED TRAINING LAUNCHER
================================================================================
  Model:      wide_resnet50_2 (CIFAR stem) (from scratch)
  Dataset:    cifar10 (10 classes)
  Image size: 32
  LR:         0.1
  Momentum:   0.9 (nesterov=True)
  Optimizer:  sgd
  Weight dec: 0.0005 (on BN/bias=False)
  Backend:    nccl
  Algorithm:  recursive_doubling
  Epochs:     10
  Batch/rank: 16
  LR:         0.1
  Scheduler:  cosine
  Warmup:     0
  Grad clip:  None
  Drop last:  True
  Data dir:   ./data
================================================================================


================================================================================
DISTRIBUTED TRAINING LAUNCHER
================================================================================
  Model:      wide_resnet50_2 (CIFAR stem) (from scratch)
  Dataset:    cifar10 (10 classes)
  Image size: 32
  LR:         0.1
  Momentum:   0.9 (nesterov=True)
  Optimizer:  sgd
  Weight dec: 0.0005 (on BN/bias=False)
  Backend:    nccl
  Algorithm:  recursive_doubling
  Epochs:     10
  Batch/rank: 16
  LR:         0.1
  Scheduler:  cosine
  Warmup:     0
  Grad clip:  None
  Drop last:  True
  Data dir:   ./data
================================================================================


================================================================================
DISTRIBUTED TRAINING LAUNCHER
================================================================================
  Model:      wide_resnet50_2 (CIFAR stem) (from scratch)
  Dataset:    cifar10 (10 classes)
  Image size: 32
  LR:         0.1
  Momentum:   0.9 (nesterov=True)
  Optimizer:  sgd
  Weight dec: 0.0005 (on BN/bias=False)
  Backend:    nccl
  Algorithm:  recursive_doubling
  Epochs:     10
  Batch/rank: 16
  LR:         0.1
  Scheduler:  cosine
  Warmup:     0
  Grad clip:  None
  Drop last:  True
  Data dir:   ./data
================================================================================


================================================================================
DISTRIBUTED TRAINING LAUNCHER
================================================================================
  Model:      wide_resnet50_2 (CIFAR stem) (from scratch)
  Dataset:    cifar10 (10 classes)
  Image size: 32
  LR:         0.1
  Momentum:   0.9 (nesterov=True)
  Optimizer:  sgd
  Weight dec: 0.0005 (on BN/bias=False)
  Backend:    nccl
  Algorithm:  recursive_doubling
  Epochs:     10
  Batch/rank: 16
  LR:         0.1
  Scheduler:  cosine
  Warmup:     0
  Grad clip:  None
  Drop last:  True
  Data dir:   ./data
================================================================================


================================================================================
DISTRIBUTED TRAINING LAUNCHER
================================================================================
  Model:      wide_resnet50_2 (CIFAR stem) (from scratch)
  Dataset:    cifar10 (10 classes)
  Image size: 32
  LR:         0.1
  Momentum:   0.9 (nesterov=True)
  Optimizer:  sgd
  Weight dec: 0.0005 (on BN/bias=False)
  Backend:    nccl
  Algorithm:  recursive_doubling
  Epochs:     10
  Batch/rank: 16
  LR:         0.1
  Scheduler:  cosine
  Warmup:     0
  Grad clip:  None
  Drop last:  True
  Data dir:   ./data
================================================================================


================================================================================
DISTRIBUTED TRAINING LAUNCHER
================================================================================
  Model:      wide_resnet50_2 (CIFAR stem) (from scratch)
  Dataset:    cifar10 (10 classes)
  Image size: 32
  LR:         0.1
  Momentum:   0.9 (nesterov=True)
  Optimizer:  sgd
  Weight dec: 0.0005 (on BN/bias=False)
  Backend:    nccl
  Algorithm:  recursive_doubling
  Epochs:     10
  Batch/rank: 16
  LR:         0.1
  Scheduler:  cosine
  Warmup:     0
  Grad clip:  None
  Drop last:  True
  Data dir:   ./data
================================================================================


================================================================================
DISTRIBUTED TRAINING LAUNCHER
================================================================================
  Model:      wide_resnet50_2 (CIFAR stem) (from scratch)
  Dataset:    cifar10 (10 classes)
  Image size: 32
  LR:         0.1
  Momentum:   0.9 (nesterov=True)
  Optimizer:  sgd
  Weight dec: 0.0005 (on BN/bias=False)
  Backend:    nccl
  Algorithm:  recursive_doubling
  Epochs:     10
  Batch/rank: 16
  LR:         0.1
  Scheduler:  cosine
  Warmup:     0
  Grad clip:  None
  Drop last:  True
  Data dir:   ./data
================================================================================


================================================================================
DISTRIBUTED TRAINING LAUNCHER
================================================================================
  Model:      wide_resnet50_2 (CIFAR stem) (from scratch)
  Dataset:    cifar10 (10 classes)
  Image size: 32
  LR:         0.1
  Momentum:   0.9 (nesterov=True)
  Optimizer:  sgd
  Weight dec: 0.0005 (on BN/bias=False)
  Backend:    nccl
  Algorithm:  recursive_doubling
  Epochs:     10
  Batch/rank: 16
  LR:         0.1
  Scheduler:  cosine
  Warmup:     0
  Grad clip:  None
  Drop last:  True
  Data dir:   ./data
================================================================================


================================================================================
DISTRIBUTED TRAINING LAUNCHER
================================================================================
  Model:      wide_resnet50_2 (CIFAR stem) (from scratch)
  Dataset:    cifar10 (10 classes)
  Image size: 32
  LR:         0.1
  Momentum:   0.9 (nesterov=True)
  Optimizer:  sgd
  Weight dec: 0.0005 (on BN/bias=False)
  Backend:    nccl
  Algorithm:  recursive_doubling
  Epochs:     10
  Batch/rank: 16
  LR:         0.1
  Scheduler:  cosine
  Warmup:     0
  Grad clip:  None
  Drop last:  True
  Data dir:   ./data
================================================================================


================================================================================
DISTRIBUTED TRAINING LAUNCHER
================================================================================
  Model:      wide_resnet50_2 (CIFAR stem) (from scratch)
  Dataset:    cifar10 (10 classes)
  Image size: 32
  LR:         0.1
  Momentum:   0.9 (nesterov=True)
  Optimizer:  sgd
  Weight dec: 0.0005 (on BN/bias=False)
  Backend:    nccl
  Algorithm:  recursive_doubling
  Epochs:     10
  Batch/rank: 16
  LR:         0.1
  Scheduler:  cosine
  Warmup:     0
  Grad clip:  None
  Drop last:  True
  Data dir:   ./data
================================================================================


================================================================================
DISTRIBUTED TRAINING LAUNCHER
================================================================================
  Model:      wide_resnet50_2 (CIFAR stem) (from scratch)
  Dataset:    cifar10 (10 classes)
  Image size: 32
  LR:         0.1
  Momentum:   0.9 (nesterov=True)
  Optimizer:  sgd
  Weight dec: 0.0005 (on BN/bias=False)
  Backend:    nccl
  Algorithm:  recursive_doubling
  Epochs:     10
  Batch/rank: 16
  LR:         0.1
  Scheduler:  cosine
  Warmup:     0
  Grad clip:  None
  Drop last:  True
  Data dir:   ./data
================================================================================


================================================================================
DISTRIBUTED TRAINING LAUNCHER
================================================================================
  Model:      wide_resnet50_2 (CIFAR stem) (from scratch)
  Dataset:    cifar10 (10 classes)
  Image size: 32
  LR:         0.1
  Momentum:   0.9 (nesterov=True)
  Optimizer:  sgd
  Weight dec: 0.0005 (on BN/bias=False)
  Backend:    nccl
  Algorithm:  recursive_doubling
  Epochs:     10
  Batch/rank: 16
  LR:         0.1
  Scheduler:  cosine
  Warmup:     0
  Grad clip:  None
  Drop last:  True
  Data dir:   ./data
================================================================================


================================================================================
DISTRIBUTED TRAINING LAUNCHER
================================================================================
  Model:      wide_resnet50_2 (CIFAR stem) (from scratch)
  Dataset:    cifar10 (10 classes)
  Image size: 32
  LR:         0.1
  Momentum:   0.9 (nesterov=True)
  Optimizer:  sgd
  Weight dec: 0.0005 (on BN/bias=False)
  Backend:    nccl
  Algorithm:  recursive_doubling
  Epochs:     10
  Batch/rank: 16
  LR:         0.1
  Scheduler:  cosine
  Warmup:     0
  Grad clip:  None
  Drop last:  True
  Data dir:   ./data
================================================================================


================================================================================
DISTRIBUTED TRAINING LAUNCHER
================================================================================
  Model:      wide_resnet50_2 (CIFAR stem) (from scratch)
  Dataset:    cifar10 (10 classes)
  Image size: 32
  LR:         0.1
  Momentum:   0.9 (nesterov=True)
  Optimizer:  sgd
  Weight dec: 0.0005 (on BN/bias=False)
  Backend:    nccl
  Algorithm:  recursive_doubling
  Epochs:     10
  Batch/rank: 16
  LR:         0.1
  Scheduler:  cosine
  Warmup:     0
  Grad clip:  None
  Drop last:  True
  Data dir:   ./data
================================================================================


================================================================================
DISTRIBUTED TRAINING LAUNCHER
================================================================================
  Model:      wide_resnet50_2 (CIFAR stem) (from scratch)
  Dataset:    cifar10 (10 classes)
  Image size: 32
  LR:         0.1
  Momentum:   0.9 (nesterov=True)
  Optimizer:  sgd
  Weight dec: 0.0005 (on BN/bias=False)
  Backend:    nccl
  Algorithm:  recursive_doubling
  Epochs:     10
  Batch/rank: 16
  LR:         0.1
  Scheduler:  cosine
  Warmup:     0
  Grad clip:  None
  Drop last:  True
  Data dir:   ./data
================================================================================


================================================================================
DISTRIBUTED TRAINING LAUNCHER
================================================================================
  Model:      wide_resnet50_2 (CIFAR stem) (from scratch)
  Dataset:    cifar10 (10 classes)
  Image size: 32
  LR:         0.1
  Momentum:   0.9 (nesterov=True)
  Optimizer:  sgd
  Weight dec: 0.0005 (on BN/bias=False)
  Backend:    nccl
  Algorithm:  recursive_doubling
  Epochs:     10
  Batch/rank: 16
  LR:         0.1
  Scheduler:  cosine
  Warmup:     0
  Grad clip:  None
  Drop last:  True
  Data dir:   ./data
================================================================================


================================================================================
DISTRIBUTED TRAINING LAUNCHER
================================================================================
  Model:      wide_resnet50_2 (CIFAR stem) (from scratch)
  Dataset:    cifar10 (10 classes)
  Image size: 32
  LR:         0.1
  Momentum:   0.9 (nesterov=True)
  Optimizer:  sgd
  Weight dec: 0.0005 (on BN/bias=False)
  Backend:    nccl
  Algorithm:  recursive_doubling
  Epochs:     10
  Batch/rank: 16
  LR:         0.1
  Scheduler:  cosine
  Warmup:     0
  Grad clip:  None
  Drop last:  True
  Data dir:   ./data
================================================================================


================================================================================
DISTRIBUTED TRAINING LAUNCHER
================================================================================
  Model:      wide_resnet50_2 (CIFAR stem) (from scratch)
  Dataset:    cifar10 (10 classes)
  Image size: 32
  LR:         0.1
  Momentum:   0.9 (nesterov=True)
  Optimizer:  sgd
  Weight dec: 0.0005 (on BN/bias=False)
  Backend:    nccl
  Algorithm:  recursive_doubling
  Epochs:     10
  Batch/rank: 16
  LR:         0.1
  Scheduler:  cosine
  Warmup:     0
  Grad clip:  None
  Drop last:  True
  Data dir:   ./data
================================================================================


================================================================================
DISTRIBUTED TRAINING LAUNCHER
================================================================================
  Model:      wide_resnet50_2 (CIFAR stem) (from scratch)
  Dataset:    cifar10 (10 classes)
  Image size: 32
  LR:         0.1
  Momentum:   0.9 (nesterov=True)
  Optimizer:  sgd
  Weight dec: 0.0005 (on BN/bias=False)
  Backend:    nccl
  Algorithm:  recursive_doubling
  Epochs:     10
  Batch/rank: 16
  LR:         0.1
  Scheduler:  cosine
  Warmup:     0
  Grad clip:  None
  Drop last:  True
  Data dir:   ./data
================================================================================


================================================================================
DISTRIBUTED TRAINING LAUNCHER
================================================================================
  Model:      wide_resnet50_2 (CIFAR stem) (from scratch)
  Dataset:    cifar10 (10 classes)
  Image size: 32
  LR:         0.1
  Momentum:   0.9 (nesterov=True)
  Optimizer:  sgd
  Weight dec: 0.0005 (on BN/bias=False)
  Backend:    nccl
  Algorithm:  recursive_doubling
  Epochs:     10
  Batch/rank: 16
  LR:         0.1
  Scheduler:  cosine
  Warmup:     0
  Grad clip:  None
  Drop last:  True
  Data dir:   ./data
================================================================================


================================================================================
DISTRIBUTED TRAINING LAUNCHER
================================================================================
  Model:      wide_resnet50_2 (CIFAR stem) (from scratch)
  Dataset:    cifar10 (10 classes)
  Image size: 32
  LR:         0.1
  Momentum:   0.9 (nesterov=True)
  Optimizer:  sgd
  Weight dec: 0.0005 (on BN/bias=False)
  Backend:    nccl
  Algorithm:  recursive_doubling
  Epochs:     10
  Batch/rank: 16
  LR:         0.1
  Scheduler:  cosine
  Warmup:     0
  Grad clip:  None
  Drop last:  True
  Data dir:   ./data
================================================================================


================================================================================
DISTRIBUTED TRAINING LAUNCHER
================================================================================
  Model:      wide_resnet50_2 (CIFAR stem) (from scratch)
  Dataset:    cifar10 (10 classes)
  Image size: 32
  LR:         0.1
  Momentum:   0.9 (nesterov=True)
  Optimizer:  sgd
  Weight dec: 0.0005 (on BN/bias=False)
  Backend:    nccl
  Algorithm:  recursive_doubling
  Epochs:     10
  Batch/rank: 16
  LR:         0.1
  Scheduler:  cosine
  Warmup:     0
  Grad clip:  None
  Drop last:  True
  Data dir:   ./data
================================================================================


================================================================================
DISTRIBUTED TRAINING LAUNCHER
================================================================================
  Model:      wide_resnet50_2 (CIFAR stem) (from scratch)
  Dataset:    cifar10 (10 classes)
  Image size: 32
  LR:         0.1
  Momentum:   0.9 (nesterov=True)
  Optimizer:  sgd
  Weight dec: 0.0005 (on BN/bias=False)
  Backend:    nccl
  Algorithm:  recursive_doubling
  Epochs:     10
  Batch/rank: 16
  LR:         0.1
  Scheduler:  cosine
  Warmup:     0
  Grad clip:  None
  Drop last:  True
  Data dir:   ./data
================================================================================


================================================================================
DISTRIBUTED TRAINING LAUNCHER
================================================================================
  Model:      wide_resnet50_2 (CIFAR stem) (from scratch)
  Dataset:    cifar10 (10 classes)
  Image size: 32
  LR:         0.1
  Momentum:   0.9 (nesterov=True)
  Optimizer:  sgd
  Weight dec: 0.0005 (on BN/bias=False)
  Backend:    nccl
  Algorithm:  recursive_doubling
  Epochs:     10
  Batch/rank: 16
  LR:         0.1
  Scheduler:  cosine
  Warmup:     0
  Grad clip:  None
  Drop last:  True
  Data dir:   ./data
================================================================================


================================================================================
DISTRIBUTED TRAINING LAUNCHER
================================================================================
  Model:      wide_resnet50_2 (CIFAR stem) (from scratch)
  Dataset:    cifar10 (10 classes)
  Image size: 32
  LR:         0.1
  Momentum:   0.9 (nesterov=True)
  Optimizer:  sgd
  Weight dec: 0.0005 (on BN/bias=False)
  Backend:    nccl
  Algorithm:  recursive_doubling
  Epochs:     10
  Batch/rank: 16
  LR:         0.1
  Scheduler:  cosine
  Warmup:     0
  Grad clip:  None
  Drop last:  True
  Data dir:   ./data
================================================================================

  Batch [50/97] Loss: 7.8921, Acc: 11.25%, lr: 0.099346
[Epoch 1] Train Loss: 5.2410, Acc: 15.21%  |  Val Loss: 3.5931, Acc: 17.83%  |  Time: 88.5s
[Epoch 1] t_iter median: 830.91 ms  (fwd 7.61 | bwd+comm 819.60 | opt 3.26 | data 0.12)  |  train-only epoch: 84.5s
  -> Best model saved (17.83%)
[Epoch 1] Summarizing hook timing...

[HOOK_TIMING_SUMMARY] epoch=1
[HOOK_WORK_SUMMARY] label=nccl:recursive_doubling calls=762 work_total_ms=80872.170 work_mean_ms=106.131 work_min_ms=29.666 work_max_ms=887.431
[HOOK_TAIL_SUMMARY] label=nccl:recursive_doubling steps=98 tail_total_ms=80022.956 tail_mean_ms=816.561 tail_min_ms=32.600 tail_max_ms=891.670
[Epoch 1] Hook timing summary done

[Epoch 2] Training... (lr at epoch start=0.097553)
  Batch [50/97] Loss: 2.2288, Acc: 18.75%, lr: 0.094440
[Epoch 2] Train Loss: 2.2748, Acc: 20.04%  |  Val Loss: 2.2402, Acc: 20.48%  |  Time: 80.9s
[Epoch 2] t_iter median: 778.48 ms  (fwd 7.84 | bwd+comm 766.73 | opt 3.46 | data 0.14)  |  train-only epoch: 76.9s
  -> Best model saved (20.48%)
[Epoch 2] Summarizing hook timing...

[HOOK_TIMING_SUMMARY] epoch=2
[HOOK_WORK_SUMMARY] label=nccl:recursive_doubling calls=776 work_total_ms=75449.640 work_mean_ms=97.229 work_min_ms=26.686 work_max_ms=193.856
[HOOK_TAIL_SUMMARY] label=nccl:recursive_doubling steps=97 tail_total_ms=74525.970 tail_mean_ms=768.309 tail_min_ms=719.676 tail_max_ms=804.384
[Epoch 2] Hook timing summary done

[Epoch 3] Training... (lr at epoch start=0.090451)
  Batch [50/97] Loss: 2.1025, Acc: 18.75%, lr: 0.085183
[Epoch 3] Train Loss: 2.0831, Acc: 20.23%  |  Val Loss: 2.1178, Acc: 24.24%  |  Time: 79.7s
[Epoch 3] t_iter median: 772.23 ms  (fwd 7.80 | bwd+comm 760.68 | opt 3.45 | data 0.15)  |  train-only epoch: 75.6s
  -> Best model saved (24.24%)
[Epoch 3] Summarizing hook timing...

[HOOK_TIMING_SUMMARY] epoch=3
[HOOK_WORK_SUMMARY] label=nccl:recursive_doubling calls=776 work_total_ms=74220.329 work_mean_ms=95.645 work_min_ms=26.092 work_max_ms=193.799
[HOOK_TAIL_SUMMARY] label=nccl:recursive_doubling steps=97 tail_total_ms=73303.437 tail_mean_ms=755.706 tail_min_ms=731.441 tail_max_ms=786.715
[Epoch 3] Hook timing summary done

[Epoch 4] Training... (lr at epoch start=0.079389)
  Batch [50/97] Loss: 2.0034, Acc: 27.38%, lr: 0.072483
[Epoch 4] Train Loss: 2.0013, Acc: 26.29%  |  Val Loss: 2.2719, Acc: 24.90%  |  Time: 79.7s
[Epoch 4] t_iter median: 783.88 ms  (fwd 7.69 | bwd+comm 772.69 | opt 3.36 | data 0.12)  |  train-only epoch: 75.7s
  -> Best model saved (24.90%)
[Epoch 4] Summarizing hook timing...

[HOOK_TIMING_SUMMARY] epoch=4
[HOOK_WORK_SUMMARY] label=nccl:recursive_doubling calls=776 work_total_ms=74258.268 work_mean_ms=95.694 work_min_ms=25.990 work_max_ms=194.356
[HOOK_TAIL_SUMMARY] label=nccl:recursive_doubling steps=97 tail_total_ms=73284.570 tail_mean_ms=755.511 tail_min_ms=630.783 tail_max_ms=798.125
[Epoch 4] Hook timing summary done

[Epoch 5] Training... (lr at epoch start=0.065451)
  Batch [50/97] Loss: 2.0203, Acc: 24.25%, lr: 0.057582
[Epoch 5] Train Loss: 1.9857, Acc: 25.39%  |  Val Loss: 1.8589, Acc: 31.48%  |  Time: 80.5s
[Epoch 5] t_iter median: 786.66 ms  (fwd 7.90 | bwd+comm 775.08 | opt 3.44 | data 0.14)  |  train-only epoch: 76.5s
  -> Best model saved (31.48%)
[Epoch 5] Summarizing hook timing...

[HOOK_TIMING_SUMMARY] epoch=5
[HOOK_WORK_SUMMARY] label=nccl:recursive_doubling calls=776 work_total_ms=75090.950 work_mean_ms=96.767 work_min_ms=26.730 work_max_ms=202.729
[HOOK_TAIL_SUMMARY] label=nccl:recursive_doubling steps=97 tail_total_ms=74147.720 tail_mean_ms=764.409 tail_min_ms=718.651 tail_max_ms=857.174
[Epoch 5] Hook timing summary done

[Epoch 6] Training... (lr at epoch start=0.050000)
  Batch [50/97] Loss: 1.8947, Acc: 31.62%, lr: 0.041938
[Epoch 6] Train Loss: 1.8659, Acc: 31.83%  |  Val Loss: 1.8103, Acc: 34.88%  |  Time: 78.7s
[Epoch 6] t_iter median: 768.28 ms  (fwd 7.88 | bwd+comm 756.72 | opt 3.49 | data 0.15)  |  train-only epoch: 74.7s
  -> Best model saved (34.88%)
[Epoch 6] Summarizing hook timing...

[HOOK_TIMING_SUMMARY] epoch=6
[HOOK_WORK_SUMMARY] label=nccl:recursive_doubling calls=776 work_total_ms=73241.259 work_mean_ms=94.383 work_min_ms=26.949 work_max_ms=217.895
[HOOK_TAIL_SUMMARY] label=nccl:recursive_doubling steps=97 tail_total_ms=72207.301 tail_mean_ms=744.405 tail_min_ms=641.248 tail_max_ms=878.505
[Epoch 6] Hook timing summary done

[Epoch 7] Training... (lr at epoch start=0.034549)
  Batch [50/97] Loss: 1.7648, Acc: 34.25%, lr: 0.027084
[Epoch 7] Train Loss: 1.7442, Acc: 34.79%  |  Val Loss: 1.8553, Acc: 37.14%  |  Time: 79.7s
[Epoch 7] t_iter median: 782.15 ms  (fwd 7.63 | bwd+comm 770.33 | opt 3.32 | data 0.12)  |  train-only epoch: 75.7s
  -> Best model saved (37.14%)
[Epoch 7] Summarizing hook timing...

[HOOK_TIMING_SUMMARY] epoch=7
[HOOK_WORK_SUMMARY] label=nccl:recursive_doubling calls=776 work_total_ms=74341.707 work_mean_ms=95.801 work_min_ms=26.113 work_max_ms=205.591
[HOOK_TAIL_SUMMARY] label=nccl:recursive_doubling steps=97 tail_total_ms=73422.187 tail_mean_ms=756.930 tail_min_ms=723.906 tail_max_ms=788.738
[Epoch 7] Hook timing summary done

[Epoch 8] Training... (lr at epoch start=0.020611)
  Batch [50/97] Loss: 1.7902, Acc: 37.50%, lr: 0.014473
[Epoch 8] Train Loss: 1.7504, Acc: 39.05%  |  Val Loss: 1.7078, Acc: 38.53%  |  Time: 79.0s
[Epoch 8] t_iter median: 780.50 ms  (fwd 7.51 | bwd+comm 768.93 | opt 3.30 | data 0.15)  |  train-only epoch: 75.0s
  -> Best model saved (38.53%)
[Epoch 8] Summarizing hook timing...

[HOOK_TIMING_SUMMARY] epoch=8
[HOOK_WORK_SUMMARY] label=nccl:recursive_doubling calls=776 work_total_ms=73698.320 work_mean_ms=94.972 work_min_ms=25.959 work_max_ms=190.142
[HOOK_TAIL_SUMMARY] label=nccl:recursive_doubling steps=97 tail_total_ms=72821.613 tail_mean_ms=750.738 tail_min_ms=695.122 tail_max_ms=803.454
[Epoch 8] Hook timing summary done

[Epoch 9] Training... (lr at epoch start=0.009549)
  Batch [50/97] Loss: 1.6913, Acc: 36.25%, lr: 0.005340
[Epoch 9] Train Loss: 1.6991, Acc: 36.21%  |  Val Loss: 1.6566, Acc: 40.19%  |  Time: 76.3s
[Epoch 9] t_iter median: 741.56 ms  (fwd 7.66 | bwd+comm 730.51 | opt 3.31 | data 0.15)  |  train-only epoch: 72.3s
  -> Best model saved (40.19%)
[Epoch 9] Summarizing hook timing...

[HOOK_TIMING_SUMMARY] epoch=9
[HOOK_WORK_SUMMARY] label=nccl:recursive_doubling calls=776 work_total_ms=70898.353 work_mean_ms=91.364 work_min_ms=26.537 work_max_ms=178.260
[HOOK_TAIL_SUMMARY] label=nccl:recursive_doubling steps=97 tail_total_ms=70005.849 tail_mean_ms=721.710 tail_min_ms=673.533 tail_max_ms=771.179
[Epoch 9] Hook timing summary done

[Epoch 10] Training... (lr at epoch start=0.002447)
  Batch [50/97] Loss: 1.7575, Acc: 36.75%, lr: 0.000578
[Epoch 10] Train Loss: 1.7236, Acc: 38.21%  |  Val Loss: 1.6890, Acc: 40.66%  |  Time: 80.5s
[Epoch 10] t_iter median: 791.46 ms  (fwd 7.83 | bwd+comm 779.59 | opt 3.33 | data 0.12)  |  train-only epoch: 76.5s
  -> Best model saved (40.66%)
[Epoch 10] Summarizing hook timing...

[HOOK_TIMING_SUMMARY] epoch=10
[HOOK_WORK_SUMMARY] label=nccl:recursive_doubling calls=776 work_total_ms=75073.972 work_mean_ms=96.745 work_min_ms=26.540 work_max_ms=215.913
[HOOK_TAIL_SUMMARY] label=nccl:recursive_doubling steps=97 tail_total_ms=74144.271 tail_mean_ms=764.374 tail_min_ms=679.328 tail_max_ms=888.637
[Epoch 10] Hook timing summary done

================================================================================
Done in 812.4s | Best val acc: 40.66%
Epoch times (train+val): mean=80.3s  min=76.3s  max=88.5s
Train-only epoch time (epochs 2..N): median=75.70s  min=72.28s  max=76.87s
  -> use this for STRONG scaling (fixed global batch)
  -> use t_iter_median_ms from the CSV for WEAK scaling (fixed local batch)
================================================================================
=== Finished training: model=wide_resnet50_2, dataset=cifar10, batch=16, lr=0.1, scheduler=cosine, backend=nccl, hook=recursive_doubling, zfp_rate=none, status=0 at Thu Jul 30 08:38:36 AM UTC 2026 ===
=== Starting: model=wide_resnet50_2, ws=32, bs=16, gb=512, lr=0.1, sched=cosine, warmup=0, mom=0.9, wd=5e-4, nesterov=true, wd_bn_bias=false, backend=nccl, hook=recursive_doubling_zfp_naive, zfp=16 at Thu Jul 30 08:38:36 AM UTC 2026 ===

================================================================================
DISTRIBUTED TRAINING LAUNCHER
================================================================================
  Model:      wide_resnet50_2 (CIFAR stem) (from scratch)
  Dataset:    cifar10 (10 classes)
  Image size: 32
  LR:         0.1
  Momentum:   0.9 (nesterov=True)
  Optimizer:  sgd
  Weight dec: 0.0005 (on BN/bias=False)
  Backend:    nccl
  Algorithm:  recursive_doubling_zfp_naive
  ZFP rate:   16
  Epochs:     10
  Batch/rank: 16
  LR:         0.1
  Scheduler:  cosine
  Warmup:     0
  Grad clip:  None
  Drop last:  True
  Data dir:   ./data
================================================================================


================================================================================
Distributed Training: WIDE_RESNET50_2 on CIFAR10
Backend: NCCL, Algorithm: recursive_doubling_zfp_naive
================================================================================
Ranks: 32, Epochs: 10, Batch/rank: 16, Effective batch: 512
LR: 0.1, Device: cuda:0

[Cache] Pretrained weights cache (TORCH_HOME) = ./data/pretrained_weights_cache
[Setup] Model on cuda:0, wrapped in DDP (static_graph=True)
[Setup] Hook registered: nccl/recursive_doubling_zfp_naive
[Optim] SGD: lr=0.1 momentum=0.9 nesterov=True wd=0.0005 wd_on_bn_bias=False
[Optim]   group 0: 66,778,816 params, wd=0.0005
[Optim]   group 1: 68,234 params, wd=0.0

================================================================================
DISTRIBUTED TRAINING LAUNCHER
================================================================================
  Model:      wide_resnet50_2 (CIFAR stem) (from scratch)
  Dataset:    cifar10 (10 classes)
  Image size: 32
  LR:         0.1
  Momentum:   0.9 (nesterov=True)
  Optimizer:  sgd
  Weight dec: 0.0005 (on BN/bias=False)
  Backend:    nccl
  Algorithm:  recursive_doubling_zfp_naive
  ZFP rate:   16
  Epochs:     10
  Batch/rank: 16
  LR:         0.1
  Scheduler:  cosine
  Warmup:     0
  Grad clip:  None
  Drop last:  True
  Data dir:   ./data
================================================================================


================================================================================
DISTRIBUTED TRAINING LAUNCHER
================================================================================
  Model:      wide_resnet50_2 (CIFAR stem) (from scratch)
  Dataset:    cifar10 (10 classes)
  Image size: 32
  LR:         0.1
  Momentum:   0.9 (nesterov=True)
  Optimizer:  sgd
  Weight dec: 0.0005 (on BN/bias=False)
  Backend:    nccl
  Algorithm:  recursive_doubling_zfp_naive
  ZFP rate:   16
  Epochs:     10
  Batch/rank: 16
  LR:         0.1
  Scheduler:  cosine
  Warmup:     0
  Grad clip:  None
  Drop last:  True
  Data dir:   ./data
================================================================================


================================================================================
DISTRIBUTED TRAINING LAUNCHER
================================================================================
  Model:      wide_resnet50_2 (CIFAR stem) (from scratch)
  Dataset:    cifar10 (10 classes)
  Image size: 32
  LR:         0.1
  Momentum:   0.9 (nesterov=True)
  Optimizer:  sgd
  Weight dec: 0.0005 (on BN/bias=False)
  Backend:    nccl
  Algorithm:  recursive_doubling_zfp_naive
  ZFP rate:   16
  Epochs:     10
  Batch/rank: 16
  LR:         0.1
  Scheduler:  cosine
  Warmup:     0
  Grad clip:  None
  Drop last:  True
  Data dir:   ./data
================================================================================


================================================================================
DISTRIBUTED TRAINING LAUNCHER
================================================================================
  Model:      wide_resnet50_2 (CIFAR stem) (from scratch)
  Dataset:    cifar10 (10 classes)
  Image size: 32
  LR:         0.1
  Momentum:   0.9 (nesterov=True)
  Optimizer:  sgd
  Weight dec: 0.0005 (on BN/bias=False)
  Backend:    nccl
  Algorithm:  recursive_doubling_zfp_naive
  ZFP rate:   16
  Epochs:     10
  Batch/rank: 16
  LR:         0.1
  Scheduler:  cosine
  Warmup:     0
  Grad clip:  None
  Drop last:  True
  Data dir:   ./data
================================================================================


================================================================================
DISTRIBUTED TRAINING LAUNCHER
================================================================================
  Model:      wide_resnet50_2 (CIFAR stem) (from scratch)
  Dataset:    cifar10 (10 classes)
  Image size: 32
  LR:         0.1
  Momentum:   0.9 (nesterov=True)
  Optimizer:  sgd
  Weight dec: 0.0005 (on BN/bias=False)
  Backend:    nccl
  Algorithm:  recursive_doubling_zfp_naive
  ZFP rate:   16
  Epochs:     10
  Batch/rank: 16
  LR:         0.1
  Scheduler:  cosine
  Warmup:     0
  Grad clip:  None
  Drop last:  True
  Data dir:   ./data
================================================================================


================================================================================
DISTRIBUTED TRAINING LAUNCHER
================================================================================
  Model:      wide_resnet50_2 (CIFAR stem) (from scratch)
  Dataset:    cifar10 (10 classes)
  Image size: 32
  LR:         0.1
  Momentum:   0.9 (nesterov=True)
  Optimizer:  sgd
  Weight dec: 0.0005 (on BN/bias=False)
  Backend:    nccl
  Algorithm:  recursive_doubling_zfp_naive
  ZFP rate:   16
  Epochs:     10
  Batch/rank: 16
  LR:         0.1
  Scheduler:  cosine
  Warmup:     0
  Grad clip:  None
  Drop last:  True
  Data dir:   ./data
================================================================================


================================================================================
DISTRIBUTED TRAINING LAUNCHER
================================================================================
  Model:      wide_resnet50_2 (CIFAR stem) (from scratch)
  Dataset:    cifar10 (10 classes)
  Image size: 32
  LR:         0.1
  Momentum:   0.9 (nesterov=True)
  Optimizer:  sgd
  Weight dec: 0.0005 (on BN/bias=False)
  Backend:    nccl
  Algorithm:  recursive_doubling_zfp_naive
  ZFP rate:   16
  Epochs:     10
  Batch/rank: 16
  LR:         0.1
  Scheduler:  cosine
  Warmup:     0
  Grad clip:  None
  Drop last:  True
  Data dir:   ./data
================================================================================


================================================================================
DISTRIBUTED TRAINING LAUNCHER
================================================================================
  Model:      wide_resnet50_2 (CIFAR stem) (from scratch)
  Dataset:    cifar10 (10 classes)
  Image size: 32
  LR:         0.1
  Momentum:   0.9 (nesterov=True)
  Optimizer:  sgd
  Weight dec: 0.0005 (on BN/bias=False)
  Backend:    nccl
  Algorithm:  recursive_doubling_zfp_naive
  ZFP rate:   16
  Epochs:     10
  Batch/rank: 16
  LR:         0.1
  Scheduler:  cosine
  Warmup:     0
  Grad clip:  None
  Drop last:  True
  Data dir:   ./data
================================================================================


================================================================================
DISTRIBUTED TRAINING LAUNCHER
================================================================================
  Model:      wide_resnet50_2 (CIFAR stem) (from scratch)
  Dataset:    cifar10 (10 classes)
  Image size: 32
  LR:         0.1
  Momentum:   0.9 (nesterov=True)
  Optimizer:  sgd
  Weight dec: 0.0005 (on BN/bias=False)
  Backend:    nccl
  Algorithm:  recursive_doubling_zfp_naive
  ZFP rate:   16
  Epochs:     10
  Batch/rank: 16
  LR:         0.1
  Scheduler:  cosine
  Warmup:     0
  Grad clip:  None
  Drop last:  True
  Data dir:   ./data
================================================================================


================================================================================
DISTRIBUTED TRAINING LAUNCHER
================================================================================
  Model:      wide_resnet50_2 (CIFAR stem) (from scratch)
  Dataset:    cifar10 (10 classes)
  Image size: 32
  LR:         0.1
  Momentum:   0.9 (nesterov=True)
  Optimizer:  sgd
  Weight dec: 0.0005 (on BN/bias=False)
  Backend:    nccl
  Algorithm:  recursive_doubling_zfp_naive
  ZFP rate:   16
  Epochs:     10
  Batch/rank: 16
  LR:         0.1
  Scheduler:  cosine
  Warmup:     0
  Grad clip:  None
  Drop last:  True
  Data dir:   ./data
================================================================================


================================================================================
DISTRIBUTED TRAINING LAUNCHER
================================================================================
  Model:      wide_resnet50_2 (CIFAR stem) (from scratch)
  Dataset:    cifar10 (10 classes)
  Image size: 32
  LR:         0.1
  Momentum:   0.9 (nesterov=True)
  Optimizer:  sgd
  Weight dec: 0.0005 (on BN/bias=False)
  Backend:    nccl
  Algorithm:  recursive_doubling_zfp_naive
  ZFP rate:   16
  Epochs:     10
  Batch/rank: 16
  LR:         0.1
  Scheduler:  cosine
  Warmup:     0
  Grad clip:  None
  Drop last:  True
  Data dir:   ./data
================================================================================


================================================================================
DISTRIBUTED TRAINING LAUNCHER
================================================================================
  Model:      wide_resnet50_2 (CIFAR stem) (from scratch)
  Dataset:    cifar10 (10 classes)
  Image size: 32
  LR:         0.1
  Momentum:   0.9 (nesterov=True)
  Optimizer:  sgd
  Weight dec: 0.0005 (on BN/bias=False)
  Backend:    nccl
  Algorithm:  recursive_doubling_zfp_naive
  ZFP rate:   16
  Epochs:     10
  Batch/rank: 16
  LR:         0.1
  Scheduler:  cosine
  Warmup:     0
  Grad clip:  None
  Drop last:  True
  Data dir:   ./data
================================================================================


================================================================================
DISTRIBUTED TRAINING LAUNCHER
================================================================================
  Model:      wide_resnet50_2 (CIFAR stem) (from scratch)
  Dataset:    cifar10 (10 classes)
  Image size: 32
  LR:         0.1
  Momentum:   0.9 (nesterov=True)
  Optimizer:  sgd
  Weight dec: 0.0005 (on BN/bias=False)
  Backend:    nccl
  Algorithm:  recursive_doubling_zfp_naive
  ZFP rate:   16
  Epochs:     10
  Batch/rank: 16
  LR:         0.1
  Scheduler:  cosine
  Warmup:     0
  Grad clip:  None
  Drop last:  True
  Data dir:   ./data
================================================================================


================================================================================
DISTRIBUTED TRAINING LAUNCHER
================================================================================
  Model:      wide_resnet50_2 (CIFAR stem) (from scratch)
  Dataset:    cifar10 (10 classes)
  Image size: 32
  LR:         0.1
  Momentum:   0.9 (nesterov=True)
  Optimizer:  sgd
  Weight dec: 0.0005 (on BN/bias=False)
  Backend:    nccl
  Algorithm:  recursive_doubling_zfp_naive
  ZFP rate:   16
  Epochs:     10
  Batch/rank: 16
  LR:         0.1
  Scheduler:  cosine
  Warmup:     0
  Grad clip:  None
  Drop last:  True
  Data dir:   ./data
================================================================================


================================================================================
DISTRIBUTED TRAINING LAUNCHER
================================================================================
  Model:      wide_resnet50_2 (CIFAR stem) (from scratch)
  Dataset:    cifar10 (10 classes)
  Image size: 32
  LR:         0.1
  Momentum:   0.9 (nesterov=True)
  Optimizer:  sgd
  Weight dec: 0.0005 (on BN/bias=False)
  Backend:    nccl
  Algorithm:  recursive_doubling_zfp_naive
  ZFP rate:   16
  Epochs:     10
  Batch/rank: 16
  LR:         0.1
  Scheduler:  cosine
  Warmup:     0
  Grad clip:  None
  Drop last:  True
  Data dir:   ./data
================================================================================


================================================================================
DISTRIBUTED TRAINING LAUNCHER
================================================================================
  Model:      wide_resnet50_2 (CIFAR stem) (from scratch)
  Dataset:    cifar10 (10 classes)
  Image size: 32
  LR:         0.1
  Momentum:   0.9 (nesterov=True)
  Optimizer:  sgd
  Weight dec: 0.0005 (on BN/bias=False)
  Backend:    nccl
  Algorithm:  recursive_doubling_zfp_naive
  ZFP rate:   16
  Epochs:     10
  Batch/rank: 16
  LR:         0.1
  Scheduler:  cosine
  Warmup:     0
  Grad clip:  None
  Drop last:  True
  Data dir:   ./data
================================================================================


================================================================================
DISTRIBUTED TRAINING LAUNCHER
================================================================================
  Model:      wide_resnet50_2 (CIFAR stem) (from scratch)
  Dataset:    cifar10 (10 classes)
  Image size: 32
  LR:         0.1
  Momentum:   0.9 (nesterov=True)
  Optimizer:  sgd
  Weight dec: 0.0005 (on BN/bias=False)
  Backend:    nccl
  Algorithm:  recursive_doubling_zfp_naive
  ZFP rate:   16
  Epochs:     10
  Batch/rank: 16
  LR:         0.1
  Scheduler:  cosine
  Warmup:     0
  Grad clip:  None
  Drop last:  True
  Data dir:   ./data
================================================================================


================================================================================
DISTRIBUTED TRAINING LAUNCHER
================================================================================
  Model:      wide_resnet50_2 (CIFAR stem) (from scratch)
  Dataset:    cifar10 (10 classes)
  Image size: 32
  LR:         0.1
  Momentum:   0.9 (nesterov=True)
  Optimizer:  sgd
  Weight dec: 0.0005 (on BN/bias=False)
  Backend:    nccl
  Algorithm:  recursive_doubling_zfp_naive
  ZFP rate:   16
  Epochs:     10
  Batch/rank: 16
  LR:         0.1
  Scheduler:  cosine
  Warmup:     0
  Grad clip:  None
  Drop last:  True
  Data dir:   ./data
================================================================================


================================================================================
DISTRIBUTED TRAINING LAUNCHER
================================================================================
  Model:      wide_resnet50_2 (CIFAR stem) (from scratch)
  Dataset:    cifar10 (10 classes)
  Image size: 32
  LR:         0.1
  Momentum:   0.9 (nesterov=True)
  Optimizer:  sgd
  Weight dec: 0.0005 (on BN/bias=False)
  Backend:    nccl
  Algorithm:  recursive_doubling_zfp_naive
  ZFP rate:   16
  Epochs:     10
  Batch/rank: 16
  LR:         0.1
  Scheduler:  cosine
  Warmup:     0
  Grad clip:  None
  Drop last:  True
  Data dir:   ./data
================================================================================


================================================================================
DISTRIBUTED TRAINING LAUNCHER
================================================================================
  Model:      wide_resnet50_2 (CIFAR stem) (from scratch)
  Dataset:    cifar10 (10 classes)
  Image size: 32
  LR:         0.1
  Momentum:   0.9 (nesterov=True)
  Optimizer:  sgd
  Weight dec: 0.0005 (on BN/bias=False)
  Backend:    nccl
  Algorithm:  recursive_doubling_zfp_naive
  ZFP rate:   16
  Epochs:     10
  Batch/rank: 16
  LR:         0.1
  Scheduler:  cosine
  Warmup:     0
  Grad clip:  None
  Drop last:  True
  Data dir:   ./data
================================================================================


================================================================================
DISTRIBUTED TRAINING LAUNCHER
================================================================================
  Model:      wide_resnet50_2 (CIFAR stem) (from scratch)
  Dataset:    cifar10 (10 classes)
  Image size: 32
  LR:         0.1
  Momentum:   0.9 (nesterov=True)
  Optimizer:  sgd
  Weight dec: 0.0005 (on BN/bias=False)
  Backend:    nccl
  Algorithm:  recursive_doubling_zfp_naive
  ZFP rate:   16
  Epochs:     10
  Batch/rank: 16
  LR:         0.1
  Scheduler:  cosine
  Warmup:     0
  Grad clip:  None
  Drop last:  True
  Data dir:   ./data
================================================================================


================================================================================
DISTRIBUTED TRAINING LAUNCHER
================================================================================
  Model:      wide_resnet50_2 (CIFAR stem) (from scratch)
  Dataset:    cifar10 (10 classes)
  Image size: 32
  LR:         0.1
  Momentum:   0.9 (nesterov=True)
  Optimizer:  sgd
  Weight dec: 0.0005 (on BN/bias=False)
  Backend:    nccl
  Algorithm:  recursive_doubling_zfp_naive
  ZFP rate:   16
  Epochs:     10
  Batch/rank: 16
  LR:         0.1
  Scheduler:  cosine
  Warmup:     0
  Grad clip:  None
  Drop last:  True
  Data dir:   ./data
================================================================================


================================================================================
DISTRIBUTED TRAINING LAUNCHER
================================================================================
  Model:      wide_resnet50_2 (CIFAR stem) (from scratch)
  Dataset:    cifar10 (10 classes)
  Image size: 32
  LR:         0.1
  Momentum:   0.9 (nesterov=True)
  Optimizer:  sgd
  Weight dec: 0.0005 (on BN/bias=False)
  Backend:    nccl
  Algorithm:  recursive_doubling_zfp_naive
  ZFP rate:   16
  Epochs:     10
  Batch/rank: 16
  LR:         0.1
  Scheduler:  cosine
  Warmup:     0
  Grad clip:  None
  Drop last:  True
  Data dir:   ./data
================================================================================


================================================================================
DISTRIBUTED TRAINING LAUNCHER
================================================================================
  Model:      wide_resnet50_2 (CIFAR stem) (from scratch)
  Dataset:    cifar10 (10 classes)
  Image size: 32
  LR:         0.1
  Momentum:   0.9 (nesterov=True)
  Optimizer:  sgd
  Weight dec: 0.0005 (on BN/bias=False)
  Backend:    nccl
  Algorithm:  recursive_doubling_zfp_naive
  ZFP rate:   16
  Epochs:     10
  Batch/rank: 16
  LR:         0.1
  Scheduler:  cosine
  Warmup:     0
  Grad clip:  None
  Drop last:  True
  Data dir:   ./data
================================================================================


================================================================================
DISTRIBUTED TRAINING LAUNCHER
================================================================================
  Model:      wide_resnet50_2 (CIFAR stem) (from scratch)
  Dataset:    cifar10 (10 classes)
  Image size: 32
  LR:         0.1
  Momentum:   0.9 (nesterov=True)
  Optimizer:  sgd
  Weight dec: 0.0005 (on BN/bias=False)
  Backend:    nccl
  Algorithm:  recursive_doubling_zfp_naive
  ZFP rate:   16
  Epochs:     10
  Batch/rank: 16
  LR:         0.1
  Scheduler:  cosine
  Warmup:     0
  Grad clip:  None
  Drop last:  True
  Data dir:   ./data
================================================================================


================================================================================
DISTRIBUTED TRAINING LAUNCHER
================================================================================
  Model:      wide_resnet50_2 (CIFAR stem) (from scratch)
  Dataset:    cifar10 (10 classes)
  Image size: 32
  LR:         0.1
  Momentum:   0.9 (nesterov=True)
  Optimizer:  sgd
  Weight dec: 0.0005 (on BN/bias=False)
  Backend:    nccl
  Algorithm:  recursive_doubling_zfp_naive
  ZFP rate:   16
  Epochs:     10
  Batch/rank: 16
  LR:         0.1
  Scheduler:  cosine
  Warmup:     0
  Grad clip:  None
  Drop last:  True
  Data dir:   ./data
================================================================================


================================================================================
DISTRIBUTED TRAINING LAUNCHER
================================================================================
  Model:      wide_resnet50_2 (CIFAR stem) (from scratch)
  Dataset:    cifar10 (10 classes)
  Image size: 32
  LR:         0.1
  Momentum:   0.9 (nesterov=True)
  Optimizer:  sgd
  Weight dec: 0.0005 (on BN/bias=False)
  Backend:    nccl
  Algorithm:  recursive_doubling_zfp_naive
  ZFP rate:   16
  Epochs:     10
  Batch/rank: 16
  LR:         0.1
  Scheduler:  cosine
  Warmup:     0
  Grad clip:  None
  Drop last:  True
  Data dir:   ./data
================================================================================


================================================================================
DISTRIBUTED TRAINING LAUNCHER
================================================================================
  Model:      wide_resnet50_2 (CIFAR stem) (from scratch)
  Dataset:    cifar10 (10 classes)
  Image size: 32
  LR:         0.1
  Momentum:   0.9 (nesterov=True)
  Optimizer:  sgd
  Weight dec: 0.0005 (on BN/bias=False)
  Backend:    nccl
  Algorithm:  recursive_doubling_zfp_naive
  ZFP rate:   16
  Epochs:     10
  Batch/rank: 16
  LR:         0.1
  Scheduler:  cosine
  Warmup:     0
  Grad clip:  None
  Drop last:  True
  Data dir:   ./data
================================================================================


================================================================================
DISTRIBUTED TRAINING LAUNCHER
================================================================================
  Model:      wide_resnet50_2 (CIFAR stem) (from scratch)
  Dataset:    cifar10 (10 classes)
  Image size: 32
  LR:         0.1
  Momentum:   0.9 (nesterov=True)
  Optimizer:  sgd
  Weight dec: 0.0005 (on BN/bias=False)
  Backend:    nccl
  Algorithm:  recursive_doubling_zfp_naive
  ZFP rate:   16
  Epochs:     10
  Batch/rank: 16
  LR:         0.1
  Scheduler:  cosine
  Warmup:     0
  Grad clip:  None
  Drop last:  True
  Data dir:   ./data
================================================================================

[Data] Train batches: 97, Val batches: 625

[Sched] cosine: steps/epoch=97, total_steps=970, warmup_steps=0 (0 epochs)


[Epoch 1] Training... (lr at epoch start=0.100000)

================================================================================
DISTRIBUTED TRAINING LAUNCHER
================================================================================
  Model:      wide_resnet50_2 (CIFAR stem) (from scratch)
  Dataset:    cifar10 (10 classes)
  Image size: 32
  LR:         0.1
  Momentum:   0.9 (nesterov=True)
  Optimizer:  sgd
  Weight dec: 0.0005 (on BN/bias=False)
  Backend:    nccl
  Algorithm:  recursive_doubling_zfp_naive
  ZFP rate:   16
  Epochs:     10
  Batch/rank: 16
  LR:         0.1
  Scheduler:  cosine
  Warmup:     0
  Grad clip:  None
  Drop last:  True
  Data dir:   ./data
================================================================================


================================================================================
DISTRIBUTED TRAINING LAUNCHER
================================================================================
  Model:      wide_resnet50_2 (CIFAR stem) (from scratch)
  Dataset:    cifar10 (10 classes)
  Image size: 32
  LR:         0.1
  Momentum:   0.9 (nesterov=True)
  Optimizer:  sgd
  Weight dec: 0.0005 (on BN/bias=False)
  Backend:    nccl
  Algorithm:  recursive_doubling_zfp_naive
  ZFP rate:   16
  Epochs:     10
  Batch/rank: 16
  LR:         0.1
  Scheduler:  cosine
  Warmup:     0
  Grad clip:  None
  Drop last:  True
  Data dir:   ./data
================================================================================

  Batch [50/97] Loss: 6.4526, Acc: 10.12%, lr: 0.099346
[Epoch 1] Train Loss: 4.5016, Acc: 10.82%  |  Val Loss: 2.3230, Acc: 11.26%  |  Time: 51.2s
[Epoch 1] t_iter median: 466.07 ms  (fwd 7.63 | bwd+comm 455.33 | opt 3.24 | data 0.13)  |  train-only epoch: 47.2s
  -> Best model saved (11.26%)
[Epoch 1] Summarizing hook timing...

[HOOK_TIMING_SUMMARY] epoch=1
[HOOK_WORK_SUMMARY] label=nccl:recursive_doubling_zfp_naive:rate16 calls=762 work_total_ms=43677.674 work_mean_ms=57.320 work_min_ms=26.436 work_max_ms=455.618
[HOOK_TAIL_SUMMARY] label=nccl:recursive_doubling_zfp_naive:rate16 steps=98 tail_total_ms=42919.584 tail_mean_ms=437.955 tail_min_ms=97.462 tail_max_ms=526.803
[Epoch 1] Hook timing summary done

[Epoch 2] Training... (lr at epoch start=0.097553)
  Batch [50/97] Loss: 2.3495, Acc: 11.62%, lr: 0.094440
[Epoch 2] Train Loss: 2.3423, Acc: 11.21%  |  Val Loss: 2.3065, Acc: 11.66%  |  Time: 49.5s
[Epoch 2] t_iter median: 465.07 ms  (fwd 7.65 | bwd+comm 454.08 | opt 3.24 | data 0.12)  |  train-only epoch: 45.4s
  -> Best model saved (11.66%)
[Epoch 2] Summarizing hook timing...

[HOOK_TIMING_SUMMARY] epoch=2
[HOOK_WORK_SUMMARY] label=nccl:recursive_doubling_zfp_naive:rate16 calls=776 work_total_ms=44060.110 work_mean_ms=56.778 work_min_ms=27.886 work_max_ms=106.925
[HOOK_TAIL_SUMMARY] label=nccl:recursive_doubling_zfp_naive:rate16 steps=97 tail_total_ms=43178.559 tail_mean_ms=445.140 tail_min_ms=417.238 tail_max_ms=466.976
[Epoch 2] Hook timing summary done

[Epoch 3] Training... (lr at epoch start=0.090451)
  Batch [50/97] Loss: 2.2972, Acc: 12.50%, lr: 0.085183
[Epoch 3] Train Loss: 2.2776, Acc: 13.34%  |  Val Loss: 2.2514, Acc: 15.53%  |  Time: 50.1s
[Epoch 3] t_iter median: 468.63 ms  (fwd 7.92 | bwd+comm 457.11 | opt 3.40 | data 0.15)  |  train-only epoch: 46.0s
  -> Best model saved (15.53%)
[Epoch 3] Summarizing hook timing...

[HOOK_TIMING_SUMMARY] epoch=3
[HOOK_WORK_SUMMARY] label=nccl:recursive_doubling_zfp_naive:rate16 calls=776 work_total_ms=44588.763 work_mean_ms=57.460 work_min_ms=26.990 work_max_ms=123.787
[HOOK_TAIL_SUMMARY] label=nccl:recursive_doubling_zfp_naive:rate16 steps=97 tail_total_ms=43677.097 tail_mean_ms=450.279 tail_min_ms=423.996 tail_max_ms=485.809
[Epoch 3] Hook timing summary done

[Epoch 4] Training... (lr at epoch start=0.079389)
  Batch [50/97] Loss: 2.1798, Acc: 18.25%, lr: 0.072483
[Epoch 4] Train Loss: 2.1761, Acc: 17.65%  |  Val Loss: 2.0951, Acc: 19.45%  |  Time: 48.3s
[Epoch 4] t_iter median: 455.98 ms  (fwd 7.96 | bwd+comm 444.43 | opt 3.39 | data 0.15)  |  train-only epoch: 44.3s
  -> Best model saved (19.45%)
[Epoch 4] Summarizing hook timing...

[HOOK_TIMING_SUMMARY] epoch=4
[HOOK_WORK_SUMMARY] label=nccl:recursive_doubling_zfp_naive:rate16 calls=776 work_total_ms=42871.114 work_mean_ms=55.246 work_min_ms=25.282 work_max_ms=107.724
[HOOK_TAIL_SUMMARY] label=nccl:recursive_doubling_zfp_naive:rate16 steps=97 tail_total_ms=41926.880 tail_mean_ms=432.236 tail_min_ms=408.829 tail_max_ms=480.236
[Epoch 4] Hook timing summary done

[Epoch 5] Training... (lr at epoch start=0.065451)
  Batch [50/97] Loss: 2.1341, Acc: 19.38%, lr: 0.057582
[Epoch 5] Train Loss: 2.1094, Acc: 19.14%  |  Val Loss: 2.0922, Acc: 19.61%  |  Time: 51.0s
[Epoch 5] t_iter median: 487.73 ms  (fwd 7.59 | bwd+comm 477.14 | opt 3.35 | data 0.14)  |  train-only epoch: 47.0s
  -> Best model saved (19.61%)
[Epoch 5] Summarizing hook timing...

[HOOK_TIMING_SUMMARY] epoch=5
[HOOK_WORK_SUMMARY] label=nccl:recursive_doubling_zfp_naive:rate16 calls=776 work_total_ms=45599.669 work_mean_ms=58.762 work_min_ms=22.943 work_max_ms=110.302
[HOOK_TAIL_SUMMARY] label=nccl:recursive_doubling_zfp_naive:rate16 steps=97 tail_total_ms=44630.316 tail_mean_ms=460.106 tail_min_ms=431.231 tail_max_ms=481.167
[Epoch 5] Hook timing summary done

[Epoch 6] Training... (lr at epoch start=0.050000)
  Batch [50/97] Loss: 2.0443, Acc: 21.00%, lr: 0.041938
[Epoch 6] Train Loss: 2.0497, Acc: 20.62%  |  Val Loss: 2.0661, Acc: 21.15%  |  Time: 49.8s
[Epoch 6] t_iter median: 463.83 ms  (fwd 7.76 | bwd+comm 452.73 | opt 3.30 | data 0.14)  |  train-only epoch: 45.9s
  -> Best model saved (21.15%)
[Epoch 6] Summarizing hook timing...

[HOOK_TIMING_SUMMARY] epoch=6
[HOOK_WORK_SUMMARY] label=nccl:recursive_doubling_zfp_naive:rate16 calls=776 work_total_ms=44474.093 work_mean_ms=57.312 work_min_ms=25.862 work_max_ms=106.294
[HOOK_TAIL_SUMMARY] label=nccl:recursive_doubling_zfp_naive:rate16 steps=97 tail_total_ms=43530.410 tail_mean_ms=448.767 tail_min_ms=415.221 tail_max_ms=473.888
[Epoch 6] Hook timing summary done

[Epoch 7] Training... (lr at epoch start=0.034549)
  Batch [50/97] Loss: 2.0196, Acc: 22.38%, lr: 0.027084
[Epoch 7] Train Loss: 1.9979, Acc: 21.59%  |  Val Loss: 2.0140, Acc: 22.10%  |  Time: 49.4s
[Epoch 7] t_iter median: 464.90 ms  (fwd 7.65 | bwd+comm 454.14 | opt 3.33 | data 0.12)  |  train-only epoch: 45.3s
  -> Best model saved (22.10%)
[Epoch 7] Summarizing hook timing...

[HOOK_TIMING_SUMMARY] epoch=7
[HOOK_WORK_SUMMARY] label=nccl:recursive_doubling_zfp_naive:rate16 calls=776 work_total_ms=43918.736 work_mean_ms=56.596 work_min_ms=23.927 work_max_ms=120.004
[HOOK_TAIL_SUMMARY] label=nccl:recursive_doubling_zfp_naive:rate16 steps=97 tail_total_ms=43003.299 tail_mean_ms=443.333 tail_min_ms=424.517 tail_max_ms=477.508
[Epoch 7] Hook timing summary done

[Epoch 8] Training... (lr at epoch start=0.020611)
  Batch [50/97] Loss: 1.9837, Acc: 23.88%, lr: 0.014473
[Epoch 8] Train Loss: 1.9529, Acc: 24.10%  |  Val Loss: 1.9834, Acc: 23.30%  |  Time: 50.0s
[Epoch 8] t_iter median: 468.17 ms  (fwd 7.78 | bwd+comm 456.56 | opt 3.29 | data 0.12)  |  train-only epoch: 46.0s
  -> Best model saved (23.30%)
[Epoch 8] Summarizing hook timing...

[HOOK_TIMING_SUMMARY] epoch=8
[HOOK_WORK_SUMMARY] label=nccl:recursive_doubling_zfp_naive:rate16 calls=776 work_total_ms=44564.248 work_mean_ms=57.428 work_min_ms=25.429 work_max_ms=106.468
[HOOK_TAIL_SUMMARY] label=nccl:recursive_doubling_zfp_naive:rate16 steps=97 tail_total_ms=43673.230 tail_mean_ms=450.239 tail_min_ms=423.989 tail_max_ms=485.040
[Epoch 8] Hook timing summary done

[Epoch 9] Training... (lr at epoch start=0.009549)
  Batch [50/97] Loss: 1.9214, Acc: 25.50%, lr: 0.005340
[Epoch 9] Train Loss: 1.9319, Acc: 25.32%  |  Val Loss: 1.8848, Acc: 26.60%  |  Time: 51.2s
[Epoch 9] t_iter median: 488.86 ms  (fwd 7.88 | bwd+comm 477.63 | opt 3.30 | data 0.12)  |  train-only epoch: 47.3s
  -> Best model saved (26.60%)
[Epoch 9] Summarizing hook timing...

[HOOK_TIMING_SUMMARY] epoch=9
[HOOK_WORK_SUMMARY] label=nccl:recursive_doubling_zfp_naive:rate16 calls=776 work_total_ms=45854.623 work_mean_ms=59.091 work_min_ms=27.400 work_max_ms=108.361
[HOOK_TAIL_SUMMARY] label=nccl:recursive_doubling_zfp_naive:rate16 steps=97 tail_total_ms=44953.725 tail_mean_ms=463.440 tail_min_ms=426.728 tail_max_ms=477.826
[Epoch 9] Hook timing summary done

[Epoch 10] Training... (lr at epoch start=0.002447)
  Batch [50/97] Loss: 1.9094, Acc: 23.50%, lr: 0.000578
[Epoch 10] Train Loss: 1.9317, Acc: 25.19%  |  Val Loss: 1.8969, Acc: 26.15%  |  Time: 49.9s
[Epoch 10] t_iter median: 475.79 ms  (fwd 7.81 | bwd+comm 464.23 | opt 3.39 | data 0.14)  |  train-only epoch: 45.9s
[Epoch 10] Summarizing hook timing...

[HOOK_TIMING_SUMMARY] epoch=10
[HOOK_WORK_SUMMARY] label=nccl:recursive_doubling_zfp_naive:rate16 calls=776 work_total_ms=44530.256 work_mean_ms=57.384 work_min_ms=26.468 work_max_ms=116.923
[HOOK_TAIL_SUMMARY] label=nccl:recursive_doubling_zfp_naive:rate16 steps=97 tail_total_ms=43626.080 tail_mean_ms=449.753 tail_min_ms=417.382 tail_max_ms=481.481
[Epoch 10] Hook timing summary done

================================================================================
Done in 508.3s | Best val acc: 26.60%
Epoch times (train+val): mean=50.0s  min=48.3s  max=51.2s
Train-only epoch time (epochs 2..N): median=45.93s  min=44.31s  max=47.27s
  -> use this for STRONG scaling (fixed global batch)
  -> use t_iter_median_ms from the CSV for WEAK scaling (fixed local batch)
================================================================================
=== Finished training: model=wide_resnet50_2, dataset=cifar10, batch=16, lr=0.1, scheduler=cosine, backend=nccl, hook=recursive_doubling_zfp_naive, zfp_rate=16, status=0 at Thu Jul 30 08:47:15 AM UTC 2026 ===
=== Starting: model=wide_resnet50_2, ws=32, bs=16, gb=512, lr=0.1, sched=cosine, warmup=0, mom=0.9, wd=5e-4, nesterov=true, wd_bn_bias=false, backend=nccl, hook=recursive_doubling_zfp_online_coll, zfp=16 at Thu Jul 30 08:47:15 AM UTC 2026 ===

================================================================================
DISTRIBUTED TRAINING LAUNCHER
================================================================================
  Model:      wide_resnet50_2 (CIFAR stem) (from scratch)
  Dataset:    cifar10 (10 classes)
  Image size: 32
  LR:         0.1
  Momentum:   0.9 (nesterov=True)
  Optimizer:  sgd
  Weight dec: 0.0005 (on BN/bias=False)
  Backend:    nccl
  Algorithm:  recursive_doubling_zfp_online_coll
  ZFP rate:   16
  Epochs:     10
  Batch/rank: 16
  LR:         0.1
  Scheduler:  cosine
  Warmup:     0
  Grad clip:  None
  Drop last:  True
  Data dir:   ./data
================================================================================


================================================================================
Distributed Training: WIDE_RESNET50_2 on CIFAR10
Backend: NCCL, Algorithm: recursive_doubling_zfp_online_coll
================================================================================
Ranks: 32, Epochs: 10, Batch/rank: 16, Effective batch: 512
LR: 0.1, Device: cuda:0

[Cache] Pretrained weights cache (TORCH_HOME) = ./data/pretrained_weights_cache
[Setup] Model on cuda:0, wrapped in DDP (static_graph=True)
[Setup] Hook registered: nccl/recursive_doubling_zfp_online_coll
[Optim] SGD: lr=0.1 momentum=0.9 nesterov=True wd=0.0005 wd_on_bn_bias=False
[Optim]   group 0: 66,778,816 params, wd=0.0005
[Optim]   group 1: 68,234 params, wd=0.0
[Data] Train batches: 97, Val batches: 625

[Sched] cosine: steps/epoch=97, total_steps=970, warmup_steps=0 (0 epochs)


[Epoch 1] Training... (lr at epoch start=0.100000)

================================================================================
DISTRIBUTED TRAINING LAUNCHER
================================================================================
  Model:      wide_resnet50_2 (CIFAR stem) (from scratch)
  Dataset:    cifar10 (10 classes)
  Image size: 32
  LR:         0.1
  Momentum:   0.9 (nesterov=True)
  Optimizer:  sgd
  Weight dec: 0.0005 (on BN/bias=False)
  Backend:    nccl
  Algorithm:  recursive_doubling_zfp_online_coll
  ZFP rate:   16
  Epochs:     10
  Batch/rank: 16
  LR:         0.1
  Scheduler:  cosine
  Warmup:     0
  Grad clip:  None
  Drop last:  True
  Data dir:   ./data
================================================================================


================================================================================
DISTRIBUTED TRAINING LAUNCHER
================================================================================
  Model:      wide_resnet50_2 (CIFAR stem) (from scratch)
  Dataset:    cifar10 (10 classes)
  Image size: 32
  LR:         0.1
  Momentum:   0.9 (nesterov=True)
  Optimizer:  sgd
  Weight dec: 0.0005 (on BN/bias=False)
  Backend:    nccl
  Algorithm:  recursive_doubling_zfp_online_coll
  ZFP rate:   16
  Epochs:     10
  Batch/rank: 16
  LR:         0.1
  Scheduler:  cosine
  Warmup:     0
  Grad clip:  None
  Drop last:  True
  Data dir:   ./data
================================================================================


================================================================================
DISTRIBUTED TRAINING LAUNCHER
================================================================================
  Model:      wide_resnet50_2 (CIFAR stem) (from scratch)
  Dataset:    cifar10 (10 classes)
  Image size: 32
  LR:         0.1
  Momentum:   0.9 (nesterov=True)
  Optimizer:  sgd
  Weight dec: 0.0005 (on BN/bias=False)
  Backend:    nccl
  Algorithm:  recursive_doubling_zfp_online_coll
  ZFP rate:   16
  Epochs:     10
  Batch/rank: 16
  LR:         0.1
  Scheduler:  cosine
  Warmup:     0
  Grad clip:  None
  Drop last:  True
  Data dir:   ./data
================================================================================


================================================================================
DISTRIBUTED TRAINING LAUNCHER
================================================================================
  Model:      wide_resnet50_2 (CIFAR stem) (from scratch)
  Dataset:    cifar10 (10 classes)
  Image size: 32
  LR:         0.1
  Momentum:   0.9 (nesterov=True)
  Optimizer:  sgd
  Weight dec: 0.0005 (on BN/bias=False)
  Backend:    nccl
  Algorithm:  recursive_doubling_zfp_online_coll
  ZFP rate:   16
  Epochs:     10
  Batch/rank: 16
  LR:         0.1
  Scheduler:  cosine
  Warmup:     0
  Grad clip:  None
  Drop last:  True
  Data dir:   ./data
================================================================================


================================================================================
DISTRIBUTED TRAINING LAUNCHER
================================================================================
  Model:      wide_resnet50_2 (CIFAR stem) (from scratch)
  Dataset:    cifar10 (10 classes)
  Image size: 32
  LR:         0.1
  Momentum:   0.9 (nesterov=True)
  Optimizer:  sgd
  Weight dec: 0.0005 (on BN/bias=False)
  Backend:    nccl
  Algorithm:  recursive_doubling_zfp_online_coll
  ZFP rate:   16
  Epochs:     10
  Batch/rank: 16
  LR:         0.1
  Scheduler:  cosine
  Warmup:     0
  Grad clip:  None
  Drop last:  True
  Data dir:   ./data
================================================================================


================================================================================
DISTRIBUTED TRAINING LAUNCHER
================================================================================
  Model:      wide_resnet50_2 (CIFAR stem) (from scratch)
  Dataset:    cifar10 (10 classes)
  Image size: 32
  LR:         0.1
  Momentum:   0.9 (nesterov=True)
  Optimizer:  sgd
  Weight dec: 0.0005 (on BN/bias=False)
  Backend:    nccl
  Algorithm:  recursive_doubling_zfp_online_coll
  ZFP rate:   16
  Epochs:     10
  Batch/rank: 16
  LR:         0.1
  Scheduler:  cosine
  Warmup:     0
  Grad clip:  None
  Drop last:  True
  Data dir:   ./data
================================================================================


================================================================================
DISTRIBUTED TRAINING LAUNCHER
================================================================================
  Model:      wide_resnet50_2 (CIFAR stem) (from scratch)
  Dataset:    cifar10 (10 classes)
  Image size: 32
  LR:         0.1
  Momentum:   0.9 (nesterov=True)
  Optimizer:  sgd
  Weight dec: 0.0005 (on BN/bias=False)
  Backend:    nccl
  Algorithm:  recursive_doubling_zfp_online_coll
  ZFP rate:   16
  Epochs:     10
  Batch/rank: 16
  LR:         0.1
  Scheduler:  cosine
  Warmup:     0
  Grad clip:  None
  Drop last:  True
  Data dir:   ./data
================================================================================


================================================================================
DISTRIBUTED TRAINING LAUNCHER
================================================================================
  Model:      wide_resnet50_2 (CIFAR stem) (from scratch)
  Dataset:    cifar10 (10 classes)
  Image size: 32
  LR:         0.1
  Momentum:   0.9 (nesterov=True)
  Optimizer:  sgd
  Weight dec: 0.0005 (on BN/bias=False)
  Backend:    nccl
  Algorithm:  recursive_doubling_zfp_online_coll
  ZFP rate:   16
  Epochs:     10
  Batch/rank: 16
  LR:         0.1
  Scheduler:  cosine
  Warmup:     0
  Grad clip:  None
  Drop last:  True
  Data dir:   ./data
================================================================================


================================================================================
DISTRIBUTED TRAINING LAUNCHER
================================================================================
  Model:      wide_resnet50_2 (CIFAR stem) (from scratch)
  Dataset:    cifar10 (10 classes)
  Image size: 32
  LR:         0.1
  Momentum:   0.9 (nesterov=True)
  Optimizer:  sgd
  Weight dec: 0.0005 (on BN/bias=False)
  Backend:    nccl
  Algorithm:  recursive_doubling_zfp_online_coll
  ZFP rate:   16
  Epochs:     10
  Batch/rank: 16
  LR:         0.1
  Scheduler:  cosine
  Warmup:     0
  Grad clip:  None
  Drop last:  True
  Data dir:   ./data
================================================================================


================================================================================
DISTRIBUTED TRAINING LAUNCHER
================================================================================
  Model:      wide_resnet50_2 (CIFAR stem) (from scratch)
  Dataset:    cifar10 (10 classes)
  Image size: 32
  LR:         0.1
  Momentum:   0.9 (nesterov=True)
  Optimizer:  sgd
  Weight dec: 0.0005 (on BN/bias=False)
  Backend:    nccl
  Algorithm:  recursive_doubling_zfp_online_coll
  ZFP rate:   16
  Epochs:     10
  Batch/rank: 16
  LR:         0.1
  Scheduler:  cosine
  Warmup:     0
  Grad clip:  None
  Drop last:  True
  Data dir:   ./data
================================================================================


================================================================================
DISTRIBUTED TRAINING LAUNCHER
================================================================================
  Model:      wide_resnet50_2 (CIFAR stem) (from scratch)
  Dataset:    cifar10 (10 classes)
  Image size: 32
  LR:         0.1
  Momentum:   0.9 (nesterov=True)
  Optimizer:  sgd
  Weight dec: 0.0005 (on BN/bias=False)
  Backend:    nccl
  Algorithm:  recursive_doubling_zfp_online_coll
  ZFP rate:   16
  Epochs:     10
  Batch/rank: 16
  LR:         0.1
  Scheduler:  cosine
  Warmup:     0
  Grad clip:  None
  Drop last:  True
  Data dir:   ./data
================================================================================


================================================================================
DISTRIBUTED TRAINING LAUNCHER
================================================================================
  Model:      wide_resnet50_2 (CIFAR stem) (from scratch)
  Dataset:    cifar10 (10 classes)
  Image size: 32
  LR:         0.1
  Momentum:   0.9 (nesterov=True)
  Optimizer:  sgd
  Weight dec: 0.0005 (on BN/bias=False)
  Backend:    nccl
  Algorithm:  recursive_doubling_zfp_online_coll
  ZFP rate:   16
  Epochs:     10
  Batch/rank: 16
  LR:         0.1
  Scheduler:  cosine
  Warmup:     0
  Grad clip:  None
  Drop last:  True
  Data dir:   ./data
================================================================================


================================================================================
DISTRIBUTED TRAINING LAUNCHER
================================================================================
  Model:      wide_resnet50_2 (CIFAR stem) (from scratch)
  Dataset:    cifar10 (10 classes)
  Image size: 32
  LR:         0.1
  Momentum:   0.9 (nesterov=True)
  Optimizer:  sgd
  Weight dec: 0.0005 (on BN/bias=False)
  Backend:    nccl
  Algorithm:  recursive_doubling_zfp_online_coll
  ZFP rate:   16
  Epochs:     10
  Batch/rank: 16
  LR:         0.1
  Scheduler:  cosine
  Warmup:     0
  Grad clip:  None
  Drop last:  True
  Data dir:   ./data
================================================================================


================================================================================
DISTRIBUTED TRAINING LAUNCHER
================================================================================
  Model:      wide_resnet50_2 (CIFAR stem) (from scratch)
  Dataset:    cifar10 (10 classes)
  Image size: 32
  LR:         0.1
  Momentum:   0.9 (nesterov=True)
  Optimizer:  sgd
  Weight dec: 0.0005 (on BN/bias=False)
  Backend:    nccl
  Algorithm:  recursive_doubling_zfp_online_coll
  ZFP rate:   16
  Epochs:     10
  Batch/rank: 16
  LR:         0.1
  Scheduler:  cosine
  Warmup:     0
  Grad clip:  None
  Drop last:  True
  Data dir:   ./data
================================================================================


================================================================================
DISTRIBUTED TRAINING LAUNCHER
================================================================================
  Model:      wide_resnet50_2 (CIFAR stem) (from scratch)
  Dataset:    cifar10 (10 classes)
  Image size: 32
  LR:         0.1
  Momentum:   0.9 (nesterov=True)
  Optimizer:  sgd
  Weight dec: 0.0005 (on BN/bias=False)
  Backend:    nccl
  Algorithm:  recursive_doubling_zfp_online_coll
  ZFP rate:   16
  Epochs:     10
  Batch/rank: 16
  LR:         0.1
  Scheduler:  cosine
  Warmup:     0
  Grad clip:  None
  Drop last:  True
  Data dir:   ./data
================================================================================


================================================================================
DISTRIBUTED TRAINING LAUNCHER
================================================================================
  Model:      wide_resnet50_2 (CIFAR stem) (from scratch)
  Dataset:    cifar10 (10 classes)
  Image size: 32
  LR:         0.1
  Momentum:   0.9 (nesterov=True)
  Optimizer:  sgd
  Weight dec: 0.0005 (on BN/bias=False)
  Backend:    nccl
  Algorithm:  recursive_doubling_zfp_online_coll
  ZFP rate:   16
  Epochs:     10
  Batch/rank: 16
  LR:         0.1
  Scheduler:  cosine
  Warmup:     0
  Grad clip:  None
  Drop last:  True
  Data dir:   ./data
================================================================================


================================================================================
DISTRIBUTED TRAINING LAUNCHER
================================================================================
  Model:      wide_resnet50_2 (CIFAR stem) (from scratch)
  Dataset:    cifar10 (10 classes)
  Image size: 32
  LR:         0.1
  Momentum:   0.9 (nesterov=True)
  Optimizer:  sgd
  Weight dec: 0.0005 (on BN/bias=False)
  Backend:    nccl
  Algorithm:  recursive_doubling_zfp_online_coll
  ZFP rate:   16
  Epochs:     10
  Batch/rank: 16
  LR:         0.1
  Scheduler:  cosine
  Warmup:     0
  Grad clip:  None
  Drop last:  True
  Data dir:   ./data
================================================================================


================================================================================
DISTRIBUTED TRAINING LAUNCHER
================================================================================
  Model:      wide_resnet50_2 (CIFAR stem) (from scratch)
  Dataset:    cifar10 (10 classes)
  Image size: 32
  LR:         0.1
  Momentum:   0.9 (nesterov=True)
  Optimizer:  sgd
  Weight dec: 0.0005 (on BN/bias=False)
  Backend:    nccl
  Algorithm:  recursive_doubling_zfp_online_coll
  ZFP rate:   16
  Epochs:     10
  Batch/rank: 16
  LR:         0.1
  Scheduler:  cosine
  Warmup:     0
  Grad clip:  None
  Drop last:  True
  Data dir:   ./data
================================================================================


================================================================================
DISTRIBUTED TRAINING LAUNCHER
================================================================================
  Model:      wide_resnet50_2 (CIFAR stem) (from scratch)
  Dataset:    cifar10 (10 classes)
  Image size: 32
  LR:         0.1
  Momentum:   0.9 (nesterov=True)
  Optimizer:  sgd
  Weight dec: 0.0005 (on BN/bias=False)
  Backend:    nccl
  Algorithm:  recursive_doubling_zfp_online_coll
  ZFP rate:   16
  Epochs:     10
  Batch/rank: 16
  LR:         0.1
  Scheduler:  cosine
  Warmup:     0
  Grad clip:  None
  Drop last:  True
  Data dir:   ./data
================================================================================


================================================================================
DISTRIBUTED TRAINING LAUNCHER
================================================================================
  Model:      wide_resnet50_2 (CIFAR stem) (from scratch)
  Dataset:    cifar10 (10 classes)
  Image size: 32
  LR:         0.1
  Momentum:   0.9 (nesterov=True)
  Optimizer:  sgd
  Weight dec: 0.0005 (on BN/bias=False)
  Backend:    nccl
  Algorithm:  recursive_doubling_zfp_online_coll
  ZFP rate:   16
  Epochs:     10
  Batch/rank: 16
  LR:         0.1
  Scheduler:  cosine
  Warmup:     0
  Grad clip:  None
  Drop last:  True
  Data dir:   ./data
================================================================================


================================================================================
DISTRIBUTED TRAINING LAUNCHER
================================================================================
  Model:      wide_resnet50_2 (CIFAR stem) (from scratch)
  Dataset:    cifar10 (10 classes)
  Image size: 32
  LR:         0.1
  Momentum:   0.9 (nesterov=True)
  Optimizer:  sgd
  Weight dec: 0.0005 (on BN/bias=False)
  Backend:    nccl
  Algorithm:  recursive_doubling_zfp_online_coll
  ZFP rate:   16
  Epochs:     10
  Batch/rank: 16
  LR:         0.1
  Scheduler:  cosine
  Warmup:     0
  Grad clip:  None
  Drop last:  True
  Data dir:   ./data
================================================================================


================================================================================
DISTRIBUTED TRAINING LAUNCHER
================================================================================
  Model:      wide_resnet50_2 (CIFAR stem) (from scratch)
  Dataset:    cifar10 (10 classes)
  Image size: 32
  LR:         0.1
  Momentum:   0.9 (nesterov=True)
  Optimizer:  sgd
  Weight dec: 0.0005 (on BN/bias=False)
  Backend:    nccl
  Algorithm:  recursive_doubling_zfp_online_coll
  ZFP rate:   16
  Epochs:     10
  Batch/rank: 16
  LR:         0.1
  Scheduler:  cosine
  Warmup:     0
  Grad clip:  None
  Drop last:  True
  Data dir:   ./data
================================================================================


================================================================================
DISTRIBUTED TRAINING LAUNCHER
================================================================================
  Model:      wide_resnet50_2 (CIFAR stem) (from scratch)
  Dataset:    cifar10 (10 classes)
  Image size: 32
  LR:         0.1
  Momentum:   0.9 (nesterov=True)
  Optimizer:  sgd
  Weight dec: 0.0005 (on BN/bias=False)
  Backend:    nccl
  Algorithm:  recursive_doubling_zfp_online_coll
  ZFP rate:   16
  Epochs:     10
  Batch/rank: 16
  LR:         0.1
  Scheduler:  cosine
  Warmup:     0
  Grad clip:  None
  Drop last:  True
  Data dir:   ./data
================================================================================


================================================================================
DISTRIBUTED TRAINING LAUNCHER
================================================================================
  Model:      wide_resnet50_2 (CIFAR stem) (from scratch)
  Dataset:    cifar10 (10 classes)
  Image size: 32
  LR:         0.1
  Momentum:   0.9 (nesterov=True)
  Optimizer:  sgd
  Weight dec: 0.0005 (on BN/bias=False)
  Backend:    nccl
  Algorithm:  recursive_doubling_zfp_online_coll
  ZFP rate:   16
  Epochs:     10
  Batch/rank: 16
  LR:         0.1
  Scheduler:  cosine
  Warmup:     0
  Grad clip:  None
  Drop last:  True
  Data dir:   ./data
================================================================================


================================================================================
DISTRIBUTED TRAINING LAUNCHER
================================================================================
  Model:      wide_resnet50_2 (CIFAR stem) (from scratch)
  Dataset:    cifar10 (10 classes)
  Image size: 32
  LR:         0.1
  Momentum:   0.9 (nesterov=True)
  Optimizer:  sgd
  Weight dec: 0.0005 (on BN/bias=False)
  Backend:    nccl
  Algorithm:  recursive_doubling_zfp_online_coll
  ZFP rate:   16
  Epochs:     10
  Batch/rank: 16
  LR:         0.1
  Scheduler:  cosine
  Warmup:     0
  Grad clip:  None
  Drop last:  True
  Data dir:   ./data
================================================================================


================================================================================
DISTRIBUTED TRAINING LAUNCHER
================================================================================
  Model:      wide_resnet50_2 (CIFAR stem) (from scratch)
  Dataset:    cifar10 (10 classes)
  Image size: 32
  LR:         0.1
  Momentum:   0.9 (nesterov=True)
  Optimizer:  sgd
  Weight dec: 0.0005 (on BN/bias=False)
  Backend:    nccl
  Algorithm:  recursive_doubling_zfp_online_coll
  ZFP rate:   16
  Epochs:     10
  Batch/rank: 16
  LR:         0.1
  Scheduler:  cosine
  Warmup:     0
  Grad clip:  None
  Drop last:  True
  Data dir:   ./data
================================================================================


================================================================================
DISTRIBUTED TRAINING LAUNCHER
================================================================================
  Model:      wide_resnet50_2 (CIFAR stem) (from scratch)
  Dataset:    cifar10 (10 classes)
  Image size: 32
  LR:         0.1
  Momentum:   0.9 (nesterov=True)
  Optimizer:  sgd
  Weight dec: 0.0005 (on BN/bias=False)
  Backend:    nccl
  Algorithm:  recursive_doubling_zfp_online_coll
  ZFP rate:   16
  Epochs:     10
  Batch/rank: 16
  LR:         0.1
  Scheduler:  cosine
  Warmup:     0
  Grad clip:  None
  Drop last:  True
  Data dir:   ./data
================================================================================


================================================================================
DISTRIBUTED TRAINING LAUNCHER
================================================================================
  Model:      wide_resnet50_2 (CIFAR stem) (from scratch)
  Dataset:    cifar10 (10 classes)
  Image size: 32
  LR:         0.1
  Momentum:   0.9 (nesterov=True)
  Optimizer:  sgd
  Weight dec: 0.0005 (on BN/bias=False)
  Backend:    nccl
  Algorithm:  recursive_doubling_zfp_online_coll
  ZFP rate:   16
  Epochs:     10
  Batch/rank: 16
  LR:         0.1
  Scheduler:  cosine
  Warmup:     0
  Grad clip:  None
  Drop last:  True
  Data dir:   ./data
================================================================================


================================================================================
DISTRIBUTED TRAINING LAUNCHER
================================================================================
  Model:      wide_resnet50_2 (CIFAR stem) (from scratch)
  Dataset:    cifar10 (10 classes)
  Image size: 32
  LR:         0.1
  Momentum:   0.9 (nesterov=True)
  Optimizer:  sgd
  Weight dec: 0.0005 (on BN/bias=False)
  Backend:    nccl
  Algorithm:  recursive_doubling_zfp_online_coll
  ZFP rate:   16
  Epochs:     10
  Batch/rank: 16
  LR:         0.1
  Scheduler:  cosine
  Warmup:     0
  Grad clip:  None
  Drop last:  True
  Data dir:   ./data
================================================================================


================================================================================
DISTRIBUTED TRAINING LAUNCHER
================================================================================
  Model:      wide_resnet50_2 (CIFAR stem) (from scratch)
  Dataset:    cifar10 (10 classes)
  Image size: 32
  LR:         0.1
  Momentum:   0.9 (nesterov=True)
  Optimizer:  sgd
  Weight dec: 0.0005 (on BN/bias=False)
  Backend:    nccl
  Algorithm:  recursive_doubling_zfp_online_coll
  ZFP rate:   16
  Epochs:     10
  Batch/rank: 16
  LR:         0.1
  Scheduler:  cosine
  Warmup:     0
  Grad clip:  None
  Drop last:  True
  Data dir:   ./data
================================================================================


================================================================================
DISTRIBUTED TRAINING LAUNCHER
================================================================================
  Model:      wide_resnet50_2 (CIFAR stem) (from scratch)
  Dataset:    cifar10 (10 classes)
  Image size: 32
  LR:         0.1
  Momentum:   0.9 (nesterov=True)
  Optimizer:  sgd
  Weight dec: 0.0005 (on BN/bias=False)
  Backend:    nccl
  Algorithm:  recursive_doubling_zfp_online_coll
  ZFP rate:   16
  Epochs:     10
  Batch/rank: 16
  LR:         0.1
  Scheduler:  cosine
  Warmup:     0
  Grad clip:  None
  Drop last:  True
  Data dir:   ./data
================================================================================

  Batch [50/97] Loss: 31.1134, Acc: 12.88%, lr: 0.099346
[Epoch 1] Train Loss: 19.6420, Acc: 11.73%  |  Val Loss: 7.6146, Acc: 10.00%  |  Time: 25.2s
[Epoch 1] t_iter median: 178.92 ms  (fwd 7.87 | bwd+comm 167.44 | opt 3.48 | data 0.14)  |  train-only epoch: 21.2s
  -> Best model saved (10.00%)
[Epoch 1] Summarizing hook timing...

[HOOK_TIMING_SUMMARY] epoch=1
[HOOK_WORK_SUMMARY] label=nccl:hier_zfp_online_coll:rate16 calls=762 work_total_ms=16566.324 work_mean_ms=21.741 work_min_ms=8.614 work_max_ms=462.014
[HOOK_TAIL_SUMMARY] label=nccl:recursive_doubling_zfp_online_coll:rate16 steps=98 tail_total_ms=16176.462 tail_mean_ms=165.066 tail_min_ms=131.517 tail_max_ms=974.789
[Epoch 1] Hook timing summary done

[Epoch 2] Training... (lr at epoch start=0.097553)
  Batch [50/97] Loss: 6.9586, Acc: 11.75%, lr: 0.094440
[Epoch 2] Train Loss: 6.5249, Acc: 11.47%  |  Val Loss: 9.1202, Acc: 10.06%  |  Time: 21.6s
[Epoch 2] t_iter median: 178.76 ms  (fwd 8.06 | bwd+comm 167.07 | opt 3.46 | data 0.17)  |  train-only epoch: 17.6s
  -> Best model saved (10.06%)
[Epoch 2] Summarizing hook timing...

[HOOK_TIMING_SUMMARY] epoch=2
[HOOK_WORK_SUMMARY] label=nccl:hier_zfp_online_coll:rate16 calls=776 work_total_ms=16106.039 work_mean_ms=20.755 work_min_ms=8.480 work_max_ms=36.811
[HOOK_TAIL_SUMMARY] label=nccl:recursive_doubling_zfp_online_coll:rate16 steps=97 tail_total_ms=14996.352 tail_mean_ms=154.602 tail_min_ms=151.793 tail_max_ms=165.739
[Epoch 2] Hook timing summary done

[Epoch 3] Training... (lr at epoch start=0.090451)
  Batch [50/97] Loss: 6.0718, Acc: 14.00%, lr: 0.085183
[Epoch 3] Train Loss: 5.4373, Acc: 14.88%  |  Val Loss: 18.3710, Acc: 12.16%  |  Time: 22.0s
[Epoch 3] t_iter median: 179.30 ms  (fwd 7.70 | bwd+comm 168.25 | opt 3.22 | data 0.11)  |  train-only epoch: 17.9s
  -> Best model saved (12.16%)
[Epoch 3] Summarizing hook timing...

[HOOK_TIMING_SUMMARY] epoch=3
[HOOK_WORK_SUMMARY] label=nccl:hier_zfp_online_coll:rate16 calls=776 work_total_ms=16604.392 work_mean_ms=21.397 work_min_ms=8.780 work_max_ms=37.181
[HOOK_TAIL_SUMMARY] label=nccl:recursive_doubling_zfp_online_coll:rate16 steps=97 tail_total_ms=15529.381 tail_mean_ms=160.097 tail_min_ms=153.610 tail_max_ms=176.662
[Epoch 3] Hook timing summary done

[Epoch 4] Training... (lr at epoch start=0.079389)
  Batch [50/97] Loss: 4.2210, Acc: 16.75%, lr: 0.072483
[Epoch 4] Train Loss: 4.3165, Acc: 16.75%  |  Val Loss: 2.6016, Acc: 18.03%  |  Time: 21.7s
[Epoch 4] t_iter median: 180.42 ms  (fwd 7.70 | bwd+comm 169.31 | opt 3.23 | data 0.11)  |  train-only epoch: 17.7s
  -> Best model saved (18.03%)
[Epoch 4] Summarizing hook timing...

[HOOK_TIMING_SUMMARY] epoch=4
[HOOK_WORK_SUMMARY] label=nccl:hier_zfp_online_coll:rate16 calls=776 work_total_ms=16357.371 work_mean_ms=21.079 work_min_ms=9.303 work_max_ms=35.968
[HOOK_TAIL_SUMMARY] label=nccl:recursive_doubling_zfp_online_coll:rate16 steps=97 tail_total_ms=15223.037 tail_mean_ms=156.939 tail_min_ms=152.733 tail_max_ms=169.596
[Epoch 4] Hook timing summary done

[Epoch 5] Training... (lr at epoch start=0.065451)
  Batch [50/97] Loss: 3.9081, Acc: 17.12%, lr: 0.057582
[Epoch 5] Train Loss: 3.5981, Acc: 17.53%  |  Val Loss: 28.3239, Acc: 16.19%  |  Time: 21.7s
[Epoch 5] t_iter median: 180.18 ms  (fwd 7.93 | bwd+comm 168.65 | opt 3.38 | data 0.15)  |  train-only epoch: 17.6s
[Epoch 5] Summarizing hook timing...

[HOOK_TIMING_SUMMARY] epoch=5
[HOOK_WORK_SUMMARY] label=nccl:hier_zfp_online_coll:rate16 calls=776 work_total_ms=16220.547 work_mean_ms=20.903 work_min_ms=9.675 work_max_ms=33.473
[HOOK_TAIL_SUMMARY] label=nccl:recursive_doubling_zfp_online_coll:rate16 steps=97 tail_total_ms=15024.847 tail_mean_ms=154.895 tail_min_ms=152.739 tail_max_ms=156.815
[Epoch 5] Hook timing summary done

[Epoch 6] Training... (lr at epoch start=0.050000)
  Batch [50/97] Loss: 3.1537, Acc: 15.75%, lr: 0.041938
[Epoch 6] Train Loss: 2.9607, Acc: 18.69%  |  Val Loss: 3.3174, Acc: 20.29%  |  Time: 21.6s
[Epoch 6] t_iter median: 179.73 ms  (fwd 8.02 | bwd+comm 168.19 | opt 3.38 | data 0.16)  |  train-only epoch: 17.6s
  -> Best model saved (20.29%)
[Epoch 6] Summarizing hook timing...

[HOOK_TIMING_SUMMARY] epoch=6
[HOOK_WORK_SUMMARY] label=nccl:hier_zfp_online_coll:rate16 calls=776 work_total_ms=16207.737 work_mean_ms=20.886 work_min_ms=9.194 work_max_ms=36.796
[HOOK_TAIL_SUMMARY] label=nccl:recursive_doubling_zfp_online_coll:rate16 steps=97 tail_total_ms=15000.778 tail_mean_ms=154.647 tail_min_ms=151.793 tail_max_ms=171.218
[Epoch 6] Hook timing summary done

[Epoch 7] Training... (lr at epoch start=0.034549)
  Batch [50/97] Loss: 2.4848, Acc: 23.25%, lr: 0.027084
[Epoch 7] Train Loss: 2.4143, Acc: 22.42%  |  Val Loss: 2.6281, Acc: 18.29%  |  Time: 21.6s
[Epoch 7] t_iter median: 179.30 ms  (fwd 7.56 | bwd+comm 168.30 | opt 3.33 | data 0.13)  |  train-only epoch: 17.6s
[Epoch 7] Summarizing hook timing...

[HOOK_TIMING_SUMMARY] epoch=7
[HOOK_WORK_SUMMARY] label=nccl:hier_zfp_online_coll:rate16 calls=776 work_total_ms=16186.403 work_mean_ms=20.859 work_min_ms=9.597 work_max_ms=33.175
[HOOK_TAIL_SUMMARY] label=nccl:recursive_doubling_zfp_online_coll:rate16 steps=97 tail_total_ms=14927.862 tail_mean_ms=153.895 tail_min_ms=151.982 tail_max_ms=159.438
[Epoch 7] Hook timing summary done

[Epoch 8] Training... (lr at epoch start=0.020611)
  Batch [50/97] Loss: 2.2022, Acc: 23.50%, lr: 0.014473
[Epoch 8] Train Loss: 2.1505, Acc: 24.16%  |  Val Loss: 2.3718, Acc: 23.68%  |  Time: 21.9s
[Epoch 8] t_iter median: 181.09 ms  (fwd 7.56 | bwd+comm 170.01 | opt 3.33 | data 0.16)  |  train-only epoch: 17.9s
  -> Best model saved (23.68%)
[Epoch 8] Summarizing hook timing...

[HOOK_TIMING_SUMMARY] epoch=8
[HOOK_WORK_SUMMARY] label=nccl:hier_zfp_online_coll:rate16 calls=776 work_total_ms=16485.317 work_mean_ms=21.244 work_min_ms=9.401 work_max_ms=35.057
[HOOK_TAIL_SUMMARY] label=nccl:recursive_doubling_zfp_online_coll:rate16 steps=97 tail_total_ms=15232.711 tail_mean_ms=157.038 tail_min_ms=152.240 tail_max_ms=171.279
[Epoch 8] Hook timing summary done

[Epoch 9] Training... (lr at epoch start=0.009549)
  Batch [50/97] Loss: 2.1095, Acc: 22.50%, lr: 0.005340
[Epoch 9] Train Loss: 2.1056, Acc: 23.32%  |  Val Loss: 6.8056, Acc: 24.25%  |  Time: 22.0s
[Epoch 9] t_iter median: 184.19 ms  (fwd 7.99 | bwd+comm 172.67 | opt 3.38 | data 0.15)  |  train-only epoch: 18.0s
  -> Best model saved (24.25%)
[Epoch 9] Summarizing hook timing...

[HOOK_TIMING_SUMMARY] epoch=9
[HOOK_WORK_SUMMARY] label=nccl:hier_zfp_online_coll:rate16 calls=776 work_total_ms=16580.067 work_mean_ms=21.366 work_min_ms=8.970 work_max_ms=34.586
[HOOK_TAIL_SUMMARY] label=nccl:recursive_doubling_zfp_online_coll:rate16 steps=97 tail_total_ms=15356.518 tail_mean_ms=158.315 tail_min_ms=152.314 tail_max_ms=160.970
[Epoch 9] Hook timing summary done

[Epoch 10] Training... (lr at epoch start=0.002447)
  Batch [50/97] Loss: 2.0721, Acc: 24.38%, lr: 0.000578
[Epoch 10] Train Loss: 2.0743, Acc: 25.13%  |  Val Loss: 2.0910, Acc: 24.10%  |  Time: 22.4s
[Epoch 10] t_iter median: 187.74 ms  (fwd 7.63 | bwd+comm 176.62 | opt 3.33 | data 0.11)  |  train-only epoch: 18.4s
[Epoch 10] Summarizing hook timing...

[HOOK_TIMING_SUMMARY] epoch=10
[HOOK_WORK_SUMMARY] label=nccl:hier_zfp_online_coll:rate16 calls=776 work_total_ms=17000.237 work_mean_ms=21.908 work_min_ms=9.494 work_max_ms=36.703
[HOOK_TAIL_SUMMARY] label=nccl:recursive_doubling_zfp_online_coll:rate16 steps=97 tail_total_ms=15755.568 tail_mean_ms=162.429 tail_min_ms=158.376 tail_max_ms=186.754
[Epoch 10] Hook timing summary done

================================================================================
Done in 227.8s | Best val acc: 24.25%
Epoch times (train+val): mean=22.2s  min=21.6s  max=25.2s
Train-only epoch time (epochs 2..N): median=17.72s  min=17.56s  max=18.39s
  -> use this for STRONG scaling (fixed global batch)
  -> use t_iter_median_ms from the CSV for WEAK scaling (fixed local batch)
================================================================================
=== Finished training: model=wide_resnet50_2, dataset=cifar10, batch=16, lr=0.1, scheduler=cosine, backend=nccl, hook=recursive_doubling_zfp_online_coll, zfp_rate=16, status=0 at Thu Jul 30 08:51:15 AM UTC 2026 ===
=== Starting: model=wide_resnet50_2, ws=32, bs=16, gb=512, lr=0.1, sched=cosine, warmup=0, mom=0.9, wd=5e-4, nesterov=true, wd_bn_bias=false, backend=nccl, hook=recursive_doubling_zfp_online_coll, zfp=8 at Thu Jul 30 08:51:15 AM UTC 2026 ===

================================================================================
DISTRIBUTED TRAINING LAUNCHER
================================================================================
  Model:      wide_resnet50_2 (CIFAR stem) (from scratch)
  Dataset:    cifar10 (10 classes)
  Image size: 32
  LR:         0.1
  Momentum:   0.9 (nesterov=True)
  Optimizer:  sgd
  Weight dec: 0.0005 (on BN/bias=False)
  Backend:    nccl
  Algorithm:  recursive_doubling_zfp_online_coll
  ZFP rate:   8
  Epochs:     10
  Batch/rank: 16
  LR:         0.1
  Scheduler:  cosine
  Warmup:     0
  Grad clip:  None
  Drop last:  True
  Data dir:   ./data
================================================================================


================================================================================
Distributed Training: WIDE_RESNET50_2 on CIFAR10
Backend: NCCL, Algorithm: recursive_doubling_zfp_online_coll
================================================================================
Ranks: 32, Epochs: 10, Batch/rank: 16, Effective batch: 512
LR: 0.1, Device: cuda:0

[Cache] Pretrained weights cache (TORCH_HOME) = ./data/pretrained_weights_cache
[Setup] Model on cuda:0, wrapped in DDP (static_graph=True)
[Setup] Hook registered: nccl/recursive_doubling_zfp_online_coll
[Optim] SGD: lr=0.1 momentum=0.9 nesterov=True wd=0.0005 wd_on_bn_bias=False
[Optim]   group 0: 66,778,816 params, wd=0.0005
[Optim]   group 1: 68,234 params, wd=0.0

================================================================================
DISTRIBUTED TRAINING LAUNCHER
================================================================================
  Model:      wide_resnet50_2 (CIFAR stem) (from scratch)
  Dataset:    cifar10 (10 classes)
  Image size: 32
  LR:         0.1
  Momentum:   0.9 (nesterov=True)
  Optimizer:  sgd
  Weight dec: 0.0005 (on BN/bias=False)
  Backend:    nccl
  Algorithm:  recursive_doubling_zfp_online_coll
  ZFP rate:   8
  Epochs:     10
  Batch/rank: 16
  LR:         0.1
  Scheduler:  cosine
  Warmup:     0
  Grad clip:  None
  Drop last:  True
  Data dir:   ./data
================================================================================


================================================================================
DISTRIBUTED TRAINING LAUNCHER
================================================================================
  Model:      wide_resnet50_2 (CIFAR stem) (from scratch)
  Dataset:    cifar10 (10 classes)
  Image size: 32
  LR:         0.1
  Momentum:   0.9 (nesterov=True)
  Optimizer:  sgd
  Weight dec: 0.0005 (on BN/bias=False)
  Backend:    nccl
  Algorithm:  recursive_doubling_zfp_online_coll
  ZFP rate:   8
  Epochs:     10
  Batch/rank: 16
  LR:         0.1
  Scheduler:  cosine
  Warmup:     0
  Grad clip:  None
  Drop last:  True
  Data dir:   ./data
================================================================================


================================================================================
DISTRIBUTED TRAINING LAUNCHER
================================================================================
  Model:      wide_resnet50_2 (CIFAR stem) (from scratch)
  Dataset:    cifar10 (10 classes)
  Image size: 32
  LR:         0.1
  Momentum:   0.9 (nesterov=True)
  Optimizer:  sgd
  Weight dec: 0.0005 (on BN/bias=False)
  Backend:    nccl
  Algorithm:  recursive_doubling_zfp_online_coll
  ZFP rate:   8
  Epochs:     10
  Batch/rank: 16
  LR:         0.1
  Scheduler:  cosine
  Warmup:     0
  Grad clip:  None
  Drop last:  True
  Data dir:   ./data
================================================================================


================================================================================
DISTRIBUTED TRAINING LAUNCHER
================================================================================
  Model:      wide_resnet50_2 (CIFAR stem) (from scratch)
  Dataset:    cifar10 (10 classes)
  Image size: 32
  LR:         0.1
  Momentum:   0.9 (nesterov=True)
  Optimizer:  sgd
  Weight dec: 0.0005 (on BN/bias=False)
  Backend:    nccl
  Algorithm:  recursive_doubling_zfp_online_coll
  ZFP rate:   8
  Epochs:     10
  Batch/rank: 16
  LR:         0.1
  Scheduler:  cosine
  Warmup:     0
  Grad clip:  None
  Drop last:  True
  Data dir:   ./data
================================================================================


================================================================================
DISTRIBUTED TRAINING LAUNCHER
================================================================================
  Model:      wide_resnet50_2 (CIFAR stem) (from scratch)
  Dataset:    cifar10 (10 classes)
  Image size: 32
  LR:         0.1
  Momentum:   0.9 (nesterov=True)
  Optimizer:  sgd
  Weight dec: 0.0005 (on BN/bias=False)
  Backend:    nccl
  Algorithm:  recursive_doubling_zfp_online_coll
  ZFP rate:   8
  Epochs:     10
  Batch/rank: 16
  LR:         0.1
  Scheduler:  cosine
  Warmup:     0
  Grad clip:  None
  Drop last:  True
  Data dir:   ./data
================================================================================


================================================================================
DISTRIBUTED TRAINING LAUNCHER
================================================================================
  Model:      wide_resnet50_2 (CIFAR stem) (from scratch)
  Dataset:    cifar10 (10 classes)
  Image size: 32
  LR:         0.1
  Momentum:   0.9 (nesterov=True)
  Optimizer:  sgd
  Weight dec: 0.0005 (on BN/bias=False)
  Backend:    nccl
  Algorithm:  recursive_doubling_zfp_online_coll
  ZFP rate:   8
  Epochs:     10
  Batch/rank: 16
  LR:         0.1
  Scheduler:  cosine
  Warmup:     0
  Grad clip:  None
  Drop last:  True
  Data dir:   ./data
================================================================================


================================================================================
DISTRIBUTED TRAINING LAUNCHER
================================================================================
  Model:      wide_resnet50_2 (CIFAR stem) (from scratch)
  Dataset:    cifar10 (10 classes)
  Image size: 32
  LR:         0.1
  Momentum:   0.9 (nesterov=True)
  Optimizer:  sgd
  Weight dec: 0.0005 (on BN/bias=False)
  Backend:    nccl
  Algorithm:  recursive_doubling_zfp_online_coll
  ZFP rate:   8
  Epochs:     10
  Batch/rank: 16
  LR:         0.1
  Scheduler:  cosine
  Warmup:     0
  Grad clip:  None
  Drop last:  True
  Data dir:   ./data
================================================================================


================================================================================
DISTRIBUTED TRAINING LAUNCHER
================================================================================
  Model:      wide_resnet50_2 (CIFAR stem) (from scratch)
  Dataset:    cifar10 (10 classes)
  Image size: 32
  LR:         0.1
  Momentum:   0.9 (nesterov=True)
  Optimizer:  sgd
  Weight dec: 0.0005 (on BN/bias=False)
  Backend:    nccl
  Algorithm:  recursive_doubling_zfp_online_coll
  ZFP rate:   8
  Epochs:     10
  Batch/rank: 16
  LR:         0.1
  Scheduler:  cosine
  Warmup:     0
  Grad clip:  None
  Drop last:  True
  Data dir:   ./data
================================================================================


================================================================================
DISTRIBUTED TRAINING LAUNCHER
================================================================================
  Model:      wide_resnet50_2 (CIFAR stem) (from scratch)
  Dataset:    cifar10 (10 classes)
  Image size: 32
  LR:         0.1
  Momentum:   0.9 (nesterov=True)
  Optimizer:  sgd
  Weight dec: 0.0005 (on BN/bias=False)
  Backend:    nccl
  Algorithm:  recursive_doubling_zfp_online_coll
  ZFP rate:   8
  Epochs:     10
  Batch/rank: 16
  LR:         0.1
  Scheduler:  cosine
  Warmup:     0
  Grad clip:  None
  Drop last:  True
  Data dir:   ./data
================================================================================


================================================================================
DISTRIBUTED TRAINING LAUNCHER
================================================================================
  Model:      wide_resnet50_2 (CIFAR stem) (from scratch)
  Dataset:    cifar10 (10 classes)
  Image size: 32
  LR:         0.1
  Momentum:   0.9 (nesterov=True)
  Optimizer:  sgd
  Weight dec: 0.0005 (on BN/bias=False)
  Backend:    nccl
  Algorithm:  recursive_doubling_zfp_online_coll
  ZFP rate:   8
  Epochs:     10
  Batch/rank: 16
  LR:         0.1
  Scheduler:  cosine
  Warmup:     0
  Grad clip:  None
  Drop last:  True
  Data dir:   ./data
================================================================================


================================================================================
DISTRIBUTED TRAINING LAUNCHER
================================================================================
  Model:      wide_resnet50_2 (CIFAR stem) (from scratch)
  Dataset:    cifar10 (10 classes)
  Image size: 32
  LR:         0.1
  Momentum:   0.9 (nesterov=True)
  Optimizer:  sgd
  Weight dec: 0.0005 (on BN/bias=False)
  Backend:    nccl
  Algorithm:  recursive_doubling_zfp_online_coll
  ZFP rate:   8
  Epochs:     10
  Batch/rank: 16
  LR:         0.1
  Scheduler:  cosine
  Warmup:     0
  Grad clip:  None
  Drop last:  True
  Data dir:   ./data
================================================================================


================================================================================
DISTRIBUTED TRAINING LAUNCHER
================================================================================
  Model:      wide_resnet50_2 (CIFAR stem) (from scratch)
  Dataset:    cifar10 (10 classes)
  Image size: 32
  LR:         0.1
  Momentum:   0.9 (nesterov=True)
  Optimizer:  sgd
  Weight dec: 0.0005 (on BN/bias=False)
  Backend:    nccl
  Algorithm:  recursive_doubling_zfp_online_coll
  ZFP rate:   8
  Epochs:     10
  Batch/rank: 16
  LR:         0.1
  Scheduler:  cosine
  Warmup:     0
  Grad clip:  None
  Drop last:  True
  Data dir:   ./data
================================================================================


================================================================================
DISTRIBUTED TRAINING LAUNCHER
================================================================================
  Model:      wide_resnet50_2 (CIFAR stem) (from scratch)
  Dataset:    cifar10 (10 classes)
  Image size: 32
  LR:         0.1
  Momentum:   0.9 (nesterov=True)
  Optimizer:  sgd
  Weight dec: 0.0005 (on BN/bias=False)
  Backend:    nccl
  Algorithm:  recursive_doubling_zfp_online_coll
  ZFP rate:   8
  Epochs:     10
  Batch/rank: 16
  LR:         0.1
  Scheduler:  cosine
  Warmup:     0
  Grad clip:  None
  Drop last:  True
  Data dir:   ./data
================================================================================


================================================================================
DISTRIBUTED TRAINING LAUNCHER
================================================================================
  Model:      wide_resnet50_2 (CIFAR stem) (from scratch)
  Dataset:    cifar10 (10 classes)
  Image size: 32
  LR:         0.1
  Momentum:   0.9 (nesterov=True)
  Optimizer:  sgd
  Weight dec: 0.0005 (on BN/bias=False)
  Backend:    nccl
  Algorithm:  recursive_doubling_zfp_online_coll
  ZFP rate:   8
  Epochs:     10
  Batch/rank: 16
  LR:         0.1
  Scheduler:  cosine
  Warmup:     0
  Grad clip:  None
  Drop last:  True
  Data dir:   ./data
================================================================================


================================================================================
DISTRIBUTED TRAINING LAUNCHER
================================================================================
  Model:      wide_resnet50_2 (CIFAR stem) (from scratch)
  Dataset:    cifar10 (10 classes)
  Image size: 32
  LR:         0.1
  Momentum:   0.9 (nesterov=True)
  Optimizer:  sgd
  Weight dec: 0.0005 (on BN/bias=False)
  Backend:    nccl
  Algorithm:  recursive_doubling_zfp_online_coll
  ZFP rate:   8
  Epochs:     10
  Batch/rank: 16
  LR:         0.1
  Scheduler:  cosine
  Warmup:     0
  Grad clip:  None
  Drop last:  True
  Data dir:   ./data
================================================================================


================================================================================
DISTRIBUTED TRAINING LAUNCHER
================================================================================
  Model:      wide_resnet50_2 (CIFAR stem) (from scratch)
  Dataset:    cifar10 (10 classes)
  Image size: 32
  LR:         0.1
  Momentum:   0.9 (nesterov=True)
  Optimizer:  sgd
  Weight dec: 0.0005 (on BN/bias=False)
  Backend:    nccl
  Algorithm:  recursive_doubling_zfp_online_coll
  ZFP rate:   8
  Epochs:     10
  Batch/rank: 16
  LR:         0.1
  Scheduler:  cosine
  Warmup:     0
  Grad clip:  None
  Drop last:  True
  Data dir:   ./data
================================================================================


================================================================================
DISTRIBUTED TRAINING LAUNCHER
================================================================================
  Model:      wide_resnet50_2 (CIFAR stem) (from scratch)
  Dataset:    cifar10 (10 classes)
  Image size: 32
  LR:         0.1
  Momentum:   0.9 (nesterov=True)
  Optimizer:  sgd
  Weight dec: 0.0005 (on BN/bias=False)
  Backend:    nccl
  Algorithm:  recursive_doubling_zfp_online_coll
  ZFP rate:   8
  Epochs:     10
  Batch/rank: 16
  LR:         0.1
  Scheduler:  cosine
  Warmup:     0
  Grad clip:  None
  Drop last:  True
  Data dir:   ./data
================================================================================


================================================================================
DISTRIBUTED TRAINING LAUNCHER
================================================================================
  Model:      wide_resnet50_2 (CIFAR stem) (from scratch)
  Dataset:    cifar10 (10 classes)
  Image size: 32
  LR:         0.1
  Momentum:   0.9 (nesterov=True)
  Optimizer:  sgd
  Weight dec: 0.0005 (on BN/bias=False)
  Backend:    nccl
  Algorithm:  recursive_doubling_zfp_online_coll
  ZFP rate:   8
  Epochs:     10
  Batch/rank: 16
  LR:         0.1
  Scheduler:  cosine
  Warmup:     0
  Grad clip:  None
  Drop last:  True
  Data dir:   ./data
================================================================================


================================================================================
DISTRIBUTED TRAINING LAUNCHER
================================================================================
  Model:      wide_resnet50_2 (CIFAR stem) (from scratch)
  Dataset:    cifar10 (10 classes)
  Image size: 32
  LR:         0.1
  Momentum:   0.9 (nesterov=True)
  Optimizer:  sgd
  Weight dec: 0.0005 (on BN/bias=False)
  Backend:    nccl
  Algorithm:  recursive_doubling_zfp_online_coll
  ZFP rate:   8
  Epochs:     10
  Batch/rank: 16
  LR:         0.1
  Scheduler:  cosine
  Warmup:     0
  Grad clip:  None
  Drop last:  True
  Data dir:   ./data
================================================================================


================================================================================
DISTRIBUTED TRAINING LAUNCHER
================================================================================
  Model:      wide_resnet50_2 (CIFAR stem) (from scratch)
  Dataset:    cifar10 (10 classes)
  Image size: 32
  LR:         0.1
  Momentum:   0.9 (nesterov=True)
  Optimizer:  sgd
  Weight dec: 0.0005 (on BN/bias=False)
  Backend:    nccl
  Algorithm:  recursive_doubling_zfp_online_coll
  ZFP rate:   8
  Epochs:     10
  Batch/rank: 16
  LR:         0.1
  Scheduler:  cosine
  Warmup:     0
  Grad clip:  None
  Drop last:  True
  Data dir:   ./data
================================================================================


================================================================================
DISTRIBUTED TRAINING LAUNCHER
================================================================================
  Model:      wide_resnet50_2 (CIFAR stem) (from scratch)
  Dataset:    cifar10 (10 classes)
  Image size: 32
  LR:         0.1
  Momentum:   0.9 (nesterov=True)
  Optimizer:  sgd
  Weight dec: 0.0005 (on BN/bias=False)
  Backend:    nccl
  Algorithm:  recursive_doubling_zfp_online_coll
  ZFP rate:   8
  Epochs:     10
  Batch/rank: 16
  LR:         0.1
  Scheduler:  cosine
  Warmup:     0
  Grad clip:  None
  Drop last:  True
  Data dir:   ./data
================================================================================


================================================================================
DISTRIBUTED TRAINING LAUNCHER
================================================================================
  Model:      wide_resnet50_2 (CIFAR stem) (from scratch)
  Dataset:    cifar10 (10 classes)
  Image size: 32
  LR:         0.1
  Momentum:   0.9 (nesterov=True)
  Optimizer:  sgd
  Weight dec: 0.0005 (on BN/bias=False)
  Backend:    nccl
  Algorithm:  recursive_doubling_zfp_online_coll
  ZFP rate:   8
  Epochs:     10
  Batch/rank: 16
  LR:         0.1
  Scheduler:  cosine
  Warmup:     0
  Grad clip:  None
  Drop last:  True
  Data dir:   ./data
================================================================================


================================================================================
DISTRIBUTED TRAINING LAUNCHER
================================================================================
  Model:      wide_resnet50_2 (CIFAR stem) (from scratch)
  Dataset:    cifar10 (10 classes)
  Image size: 32
  LR:         0.1
  Momentum:   0.9 (nesterov=True)
  Optimizer:  sgd
  Weight dec: 0.0005 (on BN/bias=False)
  Backend:    nccl
  Algorithm:  recursive_doubling_zfp_online_coll
  ZFP rate:   8
  Epochs:     10
  Batch/rank: 16
  LR:         0.1
  Scheduler:  cosine
  Warmup:     0
  Grad clip:  None
  Drop last:  True
  Data dir:   ./data
================================================================================


================================================================================
DISTRIBUTED TRAINING LAUNCHER
================================================================================
  Model:      wide_resnet50_2 (CIFAR stem) (from scratch)
  Dataset:    cifar10 (10 classes)
  Image size: 32
  LR:         0.1
  Momentum:   0.9 (nesterov=True)
  Optimizer:  sgd
  Weight dec: 0.0005 (on BN/bias=False)
  Backend:    nccl
  Algorithm:  recursive_doubling_zfp_online_coll
  ZFP rate:   8
  Epochs:     10
  Batch/rank: 16
  LR:         0.1
  Scheduler:  cosine
  Warmup:     0
  Grad clip:  None
  Drop last:  True
  Data dir:   ./data
================================================================================


================================================================================
DISTRIBUTED TRAINING LAUNCHER
================================================================================
  Model:      wide_resnet50_2 (CIFAR stem) (from scratch)
  Dataset:    cifar10 (10 classes)
  Image size: 32
  LR:         0.1
  Momentum:   0.9 (nesterov=True)
  Optimizer:  sgd
  Weight dec: 0.0005 (on BN/bias=False)
  Backend:    nccl
  Algorithm:  recursive_doubling_zfp_online_coll
  ZFP rate:   8
  Epochs:     10
  Batch/rank: 16
  LR:         0.1
  Scheduler:  cosine
  Warmup:     0
  Grad clip:  None
  Drop last:  True
  Data dir:   ./data
================================================================================


================================================================================
DISTRIBUTED TRAINING LAUNCHER
================================================================================
  Model:      wide_resnet50_2 (CIFAR stem) (from scratch)
  Dataset:    cifar10 (10 classes)
  Image size: 32
  LR:         0.1
  Momentum:   0.9 (nesterov=True)
  Optimizer:  sgd
  Weight dec: 0.0005 (on BN/bias=False)
  Backend:    nccl
  Algorithm:  recursive_doubling_zfp_online_coll
  ZFP rate:   8
  Epochs:     10
  Batch/rank: 16
  LR:         0.1
  Scheduler:  cosine
  Warmup:     0
  Grad clip:  None
  Drop last:  True
  Data dir:   ./data
================================================================================


================================================================================
DISTRIBUTED TRAINING LAUNCHER
================================================================================
  Model:      wide_resnet50_2 (CIFAR stem) (from scratch)
  Dataset:    cifar10 (10 classes)
  Image size: 32
  LR:         0.1
  Momentum:   0.9 (nesterov=True)
  Optimizer:  sgd
  Weight dec: 0.0005 (on BN/bias=False)
  Backend:    nccl
  Algorithm:  recursive_doubling_zfp_online_coll
  ZFP rate:   8
  Epochs:     10
  Batch/rank: 16
  LR:         0.1
  Scheduler:  cosine
  Warmup:     0
  Grad clip:  None
  Drop last:  True
  Data dir:   ./data
================================================================================

[Data] Train batches: 97, Val batches: 625

[Sched] cosine: steps/epoch=97, total_steps=970, warmup_steps=0 (0 epochs)


[Epoch 1] Training... (lr at epoch start=0.100000)

================================================================================
DISTRIBUTED TRAINING LAUNCHER
================================================================================
  Model:      wide_resnet50_2 (CIFAR stem) (from scratch)
  Dataset:    cifar10 (10 classes)
  Image size: 32
  LR:         0.1
  Momentum:   0.9 (nesterov=True)
  Optimizer:  sgd
  Weight dec: 0.0005 (on BN/bias=False)
  Backend:    nccl
  Algorithm:  recursive_doubling_zfp_online_coll
  ZFP rate:   8
  Epochs:     10
  Batch/rank: 16
  LR:         0.1
  Scheduler:  cosine
  Warmup:     0
  Grad clip:  None
  Drop last:  True
  Data dir:   ./data
================================================================================


================================================================================
DISTRIBUTED TRAINING LAUNCHER
================================================================================
  Model:      wide_resnet50_2 (CIFAR stem) (from scratch)
  Dataset:    cifar10 (10 classes)
  Image size: 32
  LR:         0.1
  Momentum:   0.9 (nesterov=True)
  Optimizer:  sgd
  Weight dec: 0.0005 (on BN/bias=False)
  Backend:    nccl
  Algorithm:  recursive_doubling_zfp_online_coll
  ZFP rate:   8
  Epochs:     10
  Batch/rank: 16
  LR:         0.1
  Scheduler:  cosine
  Warmup:     0
  Grad clip:  None
  Drop last:  True
  Data dir:   ./data
================================================================================


================================================================================
DISTRIBUTED TRAINING LAUNCHER
================================================================================
  Model:      wide_resnet50_2 (CIFAR stem) (from scratch)
  Dataset:    cifar10 (10 classes)
  Image size: 32
  LR:         0.1
  Momentum:   0.9 (nesterov=True)
  Optimizer:  sgd
  Weight dec: 0.0005 (on BN/bias=False)
  Backend:    nccl
  Algorithm:  recursive_doubling_zfp_online_coll
  ZFP rate:   8
  Epochs:     10
  Batch/rank: 16
  LR:         0.1
  Scheduler:  cosine
  Warmup:     0
  Grad clip:  None
  Drop last:  True
  Data dir:   ./data
================================================================================


================================================================================
DISTRIBUTED TRAINING LAUNCHER
================================================================================
  Model:      wide_resnet50_2 (CIFAR stem) (from scratch)
  Dataset:    cifar10 (10 classes)
  Image size: 32
  LR:         0.1
  Momentum:   0.9 (nesterov=True)
  Optimizer:  sgd
  Weight dec: 0.0005 (on BN/bias=False)
  Backend:    nccl
  Algorithm:  recursive_doubling_zfp_online_coll
  ZFP rate:   8
  Epochs:     10
  Batch/rank: 16
  LR:         0.1
  Scheduler:  cosine
  Warmup:     0
  Grad clip:  None
  Drop last:  True
  Data dir:   ./data
================================================================================

  Batch [50/97] Loss: 29.8913, Acc: 12.88%, lr: 0.099346
[Epoch 1] Train Loss: 19.6377, Acc: 11.21%  |  Val Loss: 6.0633, Acc: 9.93%  |  Time: 19.7s
[Epoch 1] t_iter median: 126.29 ms  (fwd 7.58 | bwd+comm 115.30 | opt 3.28 | data 0.12)  |  train-only epoch: 15.6s
  -> Best model saved (9.93%)
[Epoch 1] Summarizing hook timing...

[HOOK_TIMING_SUMMARY] epoch=1
[HOOK_WORK_SUMMARY] label=nccl:hier_zfp_online_coll:rate8 calls=762 work_total_ms=11519.992 work_mean_ms=15.118 work_min_ms=7.141 work_max_ms=413.623
[HOOK_TAIL_SUMMARY] label=nccl:recursive_doubling_zfp_online_coll:rate8 steps=98 tail_total_ms=11040.494 tail_mean_ms=112.658 tail_min_ms=77.574 tail_max_ms=914.542
[Epoch 1] Hook timing summary done

[Epoch 2] Training... (lr at epoch start=0.097553)
  Batch [50/97] Loss: 6.0601, Acc: 14.38%, lr: 0.094440
[Epoch 2] Train Loss: 5.9603, Acc: 14.11%  |  Val Loss: 22.5775, Acc: 10.01%  |  Time: 16.6s
[Epoch 2] t_iter median: 127.75 ms  (fwd 7.73 | bwd+comm 116.73 | opt 3.28 | data 0.11)  |  train-only epoch: 12.6s
  -> Best model saved (10.01%)
[Epoch 2] Summarizing hook timing...

[HOOK_TIMING_SUMMARY] epoch=2
[HOOK_WORK_SUMMARY] label=nccl:hier_zfp_online_coll:rate8 calls=776 work_total_ms=11154.399 work_mean_ms=14.374 work_min_ms=7.725 work_max_ms=25.815
[HOOK_TAIL_SUMMARY] label=nccl:recursive_doubling_zfp_online_coll:rate8 steps=97 tail_total_ms=9965.709 tail_mean_ms=102.739 tail_min_ms=101.069 tail_max_ms=104.621
[Epoch 2] Hook timing summary done

[Epoch 3] Training... (lr at epoch start=0.090451)
  Batch [50/97] Loss: 5.6200, Acc: 12.62%, lr: 0.085183
[Epoch 3] Train Loss: 5.6932, Acc: 12.50%  |  Val Loss: 2.8431, Acc: 12.42%  |  Time: 16.5s
[Epoch 3] t_iter median: 126.46 ms  (fwd 7.69 | bwd+comm 115.40 | opt 3.28 | data 0.11)  |  train-only epoch: 12.4s
  -> Best model saved (12.42%)
[Epoch 3] Summarizing hook timing...

[HOOK_TIMING_SUMMARY] epoch=3
[HOOK_WORK_SUMMARY] label=nccl:hier_zfp_online_coll:rate8 calls=776 work_total_ms=11032.817 work_mean_ms=14.218 work_min_ms=7.685 work_max_ms=26.113
[HOOK_TAIL_SUMMARY] label=nccl:recursive_doubling_zfp_online_coll:rate8 steps=97 tail_total_ms=9842.088 tail_mean_ms=101.465 tail_min_ms=99.914 tail_max_ms=107.089
[Epoch 3] Hook timing summary done

[Epoch 4] Training... (lr at epoch start=0.079389)
  Batch [50/97] Loss: 4.1823, Acc: 14.62%, lr: 0.072483
[Epoch 4] Train Loss: 4.5146, Acc: 13.98%  |  Val Loss: 20.9598, Acc: 15.77%  |  Time: 16.3s
[Epoch 4] t_iter median: 126.58 ms  (fwd 7.80 | bwd+comm 115.38 | opt 3.42 | data 0.14)  |  train-only epoch: 12.5s
  -> Best model saved (15.77%)
[Epoch 4] Summarizing hook timing...

[HOOK_TIMING_SUMMARY] epoch=4
[HOOK_WORK_SUMMARY] label=nccl:hier_zfp_online_coll:rate8 calls=776 work_total_ms=11028.234 work_mean_ms=14.212 work_min_ms=7.499 work_max_ms=26.115
[HOOK_TAIL_SUMMARY] label=nccl:recursive_doubling_zfp_online_coll:rate8 steps=97 tail_total_ms=9860.921 tail_mean_ms=101.659 tail_min_ms=99.483 tail_max_ms=103.900
[Epoch 4] Hook timing summary done

[Epoch 5] Training... (lr at epoch start=0.065451)
  Batch [50/97] Loss: 3.6772, Acc: 16.75%, lr: 0.057582
[Epoch 5] Train Loss: 3.4086, Acc: 17.27%  |  Val Loss: 2.1759, Acc: 19.97%  |  Time: 16.5s
[Epoch 5] t_iter median: 126.89 ms  (fwd 7.66 | bwd+comm 115.88 | opt 3.28 | data 0.11)  |  train-only epoch: 12.5s
  -> Best model saved (19.97%)
[Epoch 5] Summarizing hook timing...

[HOOK_TIMING_SUMMARY] epoch=5
[HOOK_WORK_SUMMARY] label=nccl:hier_zfp_online_coll:rate8 calls=776 work_total_ms=11071.671 work_mean_ms=14.268 work_min_ms=7.698 work_max_ms=26.614
[HOOK_TAIL_SUMMARY] label=nccl:recursive_doubling_zfp_online_coll:rate8 steps=97 tail_total_ms=9898.441 tail_mean_ms=102.046 tail_min_ms=100.039 tail_max_ms=104.219
[Epoch 5] Hook timing summary done

[Epoch 6] Training... (lr at epoch start=0.050000)
  Batch [50/97] Loss: 3.3149, Acc: 16.00%, lr: 0.041938
[Epoch 6] Train Loss: 3.1360, Acc: 17.27%  |  Val Loss: 2.3471, Acc: 20.02%  |  Time: 16.4s
[Epoch 6] t_iter median: 125.88 ms  (fwd 7.53 | bwd+comm 114.83 | opt 3.28 | data 0.11)  |  train-only epoch: 12.4s
  -> Best model saved (20.02%)
[Epoch 6] Summarizing hook timing...

[HOOK_TIMING_SUMMARY] epoch=6
[HOOK_WORK_SUMMARY] label=nccl:hier_zfp_online_coll:rate8 calls=776 work_total_ms=10956.572 work_mean_ms=14.119 work_min_ms=7.446 work_max_ms=26.287
[HOOK_TAIL_SUMMARY] label=nccl:recursive_doubling_zfp_online_coll:rate8 steps=97 tail_total_ms=9764.429 tail_mean_ms=100.664 tail_min_ms=97.867 tail_max_ms=107.752
[Epoch 6] Hook timing summary done

[Epoch 7] Training... (lr at epoch start=0.034549)
  Batch [50/97] Loss: 2.5929, Acc: 22.25%, lr: 0.027084
[Epoch 7] Train Loss: 2.4933, Acc: 22.81%  |  Val Loss: 2.1644, Acc: 19.74%  |  Time: 16.1s
[Epoch 7] t_iter median: 123.52 ms  (fwd 7.75 | bwd+comm 112.41 | opt 3.42 | data 0.14)  |  train-only epoch: 12.1s
[Epoch 7] Summarizing hook timing...

[HOOK_TIMING_SUMMARY] epoch=7
[HOOK_WORK_SUMMARY] label=nccl:hier_zfp_online_coll:rate8 calls=776 work_total_ms=10743.997 work_mean_ms=13.845 work_min_ms=7.489 work_max_ms=25.544
[HOOK_TAIL_SUMMARY] label=nccl:recursive_doubling_zfp_online_coll:rate8 steps=97 tail_total_ms=9633.460 tail_mean_ms=99.314 tail_min_ms=95.763 tail_max_ms=103.505
[Epoch 7] Hook timing summary done

[Epoch 8] Training... (lr at epoch start=0.020611)
  Batch [50/97] Loss: 2.1954, Acc: 22.00%, lr: 0.014473
[Epoch 8] Train Loss: 2.1515, Acc: 24.48%  |  Val Loss: 2.0773, Acc: 24.39%  |  Time: 16.3s
[Epoch 8] t_iter median: 125.12 ms  (fwd 7.76 | bwd+comm 113.82 | opt 3.41 | data 0.14)  |  train-only epoch: 12.3s
  -> Best model saved (24.39%)
[Epoch 8] Summarizing hook timing...

[HOOK_TIMING_SUMMARY] epoch=8
[HOOK_WORK_SUMMARY] label=nccl:hier_zfp_online_coll:rate8 calls=776 work_total_ms=10897.264 work_mean_ms=14.043 work_min_ms=7.081 work_max_ms=26.449
[HOOK_TAIL_SUMMARY] label=nccl:recursive_doubling_zfp_online_coll:rate8 steps=97 tail_total_ms=9708.243 tail_mean_ms=100.085 tail_min_ms=98.035 tail_max_ms=108.755
[Epoch 8] Hook timing summary done

[Epoch 9] Training... (lr at epoch start=0.009549)
  Batch [50/97] Loss: 2.1128, Acc: 23.25%, lr: 0.005340
[Epoch 9] Train Loss: 2.1010, Acc: 24.36%  |  Val Loss: 2.4378, Acc: 25.01%  |  Time: 16.2s
[Epoch 9] t_iter median: 123.94 ms  (fwd 7.79 | bwd+comm 112.69 | opt 3.42 | data 0.14)  |  train-only epoch: 12.2s
  -> Best model saved (25.01%)
[Epoch 9] Summarizing hook timing...

[HOOK_TIMING_SUMMARY] epoch=9
[HOOK_WORK_SUMMARY] label=nccl:hier_zfp_online_coll:rate8 calls=776 work_total_ms=10796.383 work_mean_ms=13.913 work_min_ms=7.429 work_max_ms=25.821
[HOOK_TAIL_SUMMARY] label=nccl:recursive_doubling_zfp_online_coll:rate8 steps=97 tail_total_ms=9610.568 tail_mean_ms=99.078 tail_min_ms=96.913 tail_max_ms=103.451
[Epoch 9] Hook timing summary done

[Epoch 10] Training... (lr at epoch start=0.002447)
  Batch [50/97] Loss: 2.0855, Acc: 24.25%, lr: 0.000578
[Epoch 10] Train Loss: 2.0856, Acc: 24.74%  |  Val Loss: 2.0668, Acc: 23.96%  |  Time: 16.1s
[Epoch 10] t_iter median: 123.53 ms  (fwd 7.78 | bwd+comm 112.20 | opt 3.43 | data 0.14)  |  train-only epoch: 12.2s
[Epoch 10] Summarizing hook timing...

[HOOK_TIMING_SUMMARY] epoch=10
[HOOK_WORK_SUMMARY] label=nccl:hier_zfp_online_coll:rate8 calls=776 work_total_ms=10733.212 work_mean_ms=13.831 work_min_ms=7.224 work_max_ms=25.873
[HOOK_TAIL_SUMMARY] label=nccl:recursive_doubling_zfp_online_coll:rate8 steps=97 tail_total_ms=9535.347 tail_mean_ms=98.303 tail_min_ms=96.325 tail_max_ms=100.448
[Epoch 10] Hook timing summary done

================================================================================
Done in 173.7s | Best val acc: 25.01%
Epoch times (train+val): mean=16.7s  min=16.1s  max=19.7s
Train-only epoch time (epochs 2..N): median=12.37s  min=12.14s  max=12.57s
  -> use this for STRONG scaling (fixed global batch)
  -> use t_iter_median_ms from the CSV for WEAK scaling (fixed local batch)
================================================================================
=== Finished training: model=wide_resnet50_2, dataset=cifar10, batch=16, lr=0.1, scheduler=cosine, backend=nccl, hook=recursive_doubling_zfp_online_coll, zfp_rate=8, status=0 at Thu Jul 30 08:54:21 AM UTC 2026 ===
=== Job finished: Thu Jul 30 08:54:21 AM UTC 2026 ===
