=== Job started: Fri May 22 12:32:04 AM UTC 2026 ===
=== Node: x3111c0s13b0n0 ===

The following have been reloaded with a version change:
  1) gcc-native/14 => gcc-native/13


The following have been reloaded with a version change:
  1) gcc-native/13 => gcc-native/14.2

[INFO] GTL preloaded: /opt/cray/pe/mpich/9.0.1/ofi/nvidia/23.3/lib/libmpi_gtl_cuda.so
=============================================
  Polaris DDP + Eagle PyTorch + Cray MPICH
=============================================
Node              : x3111c0s13b0n0
ZFP_HOME          : /home/mrest/mpiAllReduceCompressed/zfp-install
GTL               : /opt/cray/pe/mpich/9.0.1/ofi/nvidia/23.3/lib/libmpi_gtl_cuda.so
MPICH_GPU_SUPPORT : 1

PyTorch version   : 2.8.0a0+gitba56102
PyTorch location  : /lus/eagle/projects/UIC-HPC/mrest/pytorch_mpi_build/src/pytorch/torch/__init__.py
CUDA available    : True 4
MPI available     : True
mpi4py            : MPI VERSION    : CRAY MPICH version 9.0.1.498 (ANL base 4.1.2)
mpi4py rank test  : rank 0 OK
=============================================
=== Starting training: backend=mpi, hook=None, zfp_rate=none at Fri May 22 12:32:38 AM UTC 2026 ===

================================================================================
DISTRIBUTED TRAINING LAUNCHER
================================================================================
  Model:      wide_resnet50_2 (pretrained)
  Dataset:    cifar10 (10 classes)
  Backend:    mpi
  Algorithm:  built-in (no hook)
  Epochs:     20
  Batch/rank: 8
  LR:         0.001
================================================================================


================================================================================
Distributed Training: WIDE_RESNET50_2 on CIFAR10
Backend: MPI, Algorithm: built-in (no hook)
================================================================================
Ranks: 16, Epochs: 20, Batch/rank: 8, Effective batch: 128
LR: 0.001, Device: cuda:0

[Setup] Model on cuda:0, wrapped in DDP (static_graph=True)
[Setup] No hook — using DDP built-in MPI allreduce
[Data] Train batches: 391, Val batches: 79


[Epoch 1] Training... (lr=0.000001)

================================================================================
DISTRIBUTED TRAINING LAUNCHER
================================================================================
  Model:      wide_resnet50_2 (pretrained)
  Dataset:    cifar10 (10 classes)
  Backend:    mpi
  Algorithm:  built-in (no hook)
  Epochs:     20
  Batch/rank: 8
  LR:         0.001
================================================================================


================================================================================
DISTRIBUTED TRAINING LAUNCHER
================================================================================
  Model:      wide_resnet50_2 (pretrained)
  Dataset:    cifar10 (10 classes)
  Backend:    mpi
  Algorithm:  built-in (no hook)
  Epochs:     20
  Batch/rank: 8
  LR:         0.001
================================================================================


================================================================================
DISTRIBUTED TRAINING LAUNCHER
================================================================================
  Model:      wide_resnet50_2 (pretrained)
  Dataset:    cifar10 (10 classes)
  Backend:    mpi
  Algorithm:  built-in (no hook)
  Epochs:     20
  Batch/rank: 8
  LR:         0.001
================================================================================


================================================================================
DISTRIBUTED TRAINING LAUNCHER
================================================================================
  Model:      wide_resnet50_2 (pretrained)
  Dataset:    cifar10 (10 classes)
  Backend:    mpi
  Algorithm:  built-in (no hook)
  Epochs:     20
  Batch/rank: 8
  LR:         0.001
================================================================================


================================================================================
DISTRIBUTED TRAINING LAUNCHER
================================================================================
  Model:      wide_resnet50_2 (pretrained)
  Dataset:    cifar10 (10 classes)
  Backend:    mpi
  Algorithm:  built-in (no hook)
  Epochs:     20
  Batch/rank: 8
  LR:         0.001
================================================================================


================================================================================
DISTRIBUTED TRAINING LAUNCHER
================================================================================
  Model:      wide_resnet50_2 (pretrained)
  Dataset:    cifar10 (10 classes)
  Backend:    mpi
  Algorithm:  built-in (no hook)
  Epochs:     20
  Batch/rank: 8
  LR:         0.001
================================================================================


================================================================================
DISTRIBUTED TRAINING LAUNCHER
================================================================================
  Model:      wide_resnet50_2 (pretrained)
  Dataset:    cifar10 (10 classes)
  Backend:    mpi
  Algorithm:  built-in (no hook)
  Epochs:     20
  Batch/rank: 8
  LR:         0.001
================================================================================


================================================================================
DISTRIBUTED TRAINING LAUNCHER
================================================================================
  Model:      wide_resnet50_2 (pretrained)
  Dataset:    cifar10 (10 classes)
  Backend:    mpi
  Algorithm:  built-in (no hook)
  Epochs:     20
  Batch/rank: 8
  LR:         0.001
================================================================================


================================================================================
DISTRIBUTED TRAINING LAUNCHER
================================================================================
  Model:      wide_resnet50_2 (pretrained)
  Dataset:    cifar10 (10 classes)
  Backend:    mpi
  Algorithm:  built-in (no hook)
  Epochs:     20
  Batch/rank: 8
  LR:         0.001
================================================================================


================================================================================
DISTRIBUTED TRAINING LAUNCHER
================================================================================
  Model:      wide_resnet50_2 (pretrained)
  Dataset:    cifar10 (10 classes)
  Backend:    mpi
  Algorithm:  built-in (no hook)
  Epochs:     20
  Batch/rank: 8
  LR:         0.001
================================================================================


================================================================================
DISTRIBUTED TRAINING LAUNCHER
================================================================================
  Model:      wide_resnet50_2 (pretrained)
  Dataset:    cifar10 (10 classes)
  Backend:    mpi
  Algorithm:  built-in (no hook)
  Epochs:     20
  Batch/rank: 8
  LR:         0.001
================================================================================


================================================================================
DISTRIBUTED TRAINING LAUNCHER
================================================================================
  Model:      wide_resnet50_2 (pretrained)
  Dataset:    cifar10 (10 classes)
  Backend:    mpi
  Algorithm:  built-in (no hook)
  Epochs:     20
  Batch/rank: 8
  LR:         0.001
================================================================================


================================================================================
DISTRIBUTED TRAINING LAUNCHER
================================================================================
  Model:      wide_resnet50_2 (pretrained)
  Dataset:    cifar10 (10 classes)
  Backend:    mpi
  Algorithm:  built-in (no hook)
  Epochs:     20
  Batch/rank: 8
  LR:         0.001
================================================================================


================================================================================
DISTRIBUTED TRAINING LAUNCHER
================================================================================
  Model:      wide_resnet50_2 (pretrained)
  Dataset:    cifar10 (10 classes)
  Backend:    mpi
  Algorithm:  built-in (no hook)
  Epochs:     20
  Batch/rank: 8
  LR:         0.001
================================================================================


================================================================================
DISTRIBUTED TRAINING LAUNCHER
================================================================================
  Model:      wide_resnet50_2 (pretrained)
  Dataset:    cifar10 (10 classes)
  Backend:    mpi
  Algorithm:  built-in (no hook)
  Epochs:     20
  Batch/rank: 8
  LR:         0.001
================================================================================

  Batch [50/391] Loss: 2.3581, Acc: 9.25%
  Batch [100/391] Loss: 2.3493, Acc: 10.38%
  Batch [150/391] Loss: 2.3528, Acc: 10.08%
  Batch [200/391] Loss: 2.3477, Acc: 10.50%
  Batch [250/391] Loss: 2.3489, Acc: 10.80%
  Batch [300/391] Loss: 2.3491, Acc: 10.38%
  Batch [350/391] Loss: 2.3474, Acc: 10.57%
[Epoch 1] Train Loss: 2.3489, Acc: 10.40%  |  Val Loss: 23720.2867, Acc: 8.80%  |  Time: 24.4s
  -> Best model saved (8.80%)
[Epoch 1] Summarizing hook timing...
[HOOK_TIMING_SUMMARY] epoch=1 no hook timing samples
[Epoch 1] Hook timing summary done

[Epoch 2] Training... (lr=0.001000)
  Batch [50/391] Loss: 2.2889, Acc: 14.75%
  Batch [100/391] Loss: 2.2515, Acc: 17.38%
  Batch [150/391] Loss: 2.2050, Acc: 19.83%
  Batch [200/391] Loss: 2.1439, Acc: 22.31%
  Batch [250/391] Loss: 2.0986, Acc: 24.45%
  Batch [300/391] Loss: 2.0463, Acc: 26.00%
  Batch [350/391] Loss: 2.0111, Acc: 27.25%
[Epoch 2] Train Loss: 1.9778, Acc: 28.42%  |  Val Loss: 1.6268, Acc: 41.76%  |  Time: 20.7s
  -> Best model saved (41.76%)
[Epoch 2] Summarizing hook timing...
[HOOK_TIMING_SUMMARY] epoch=2 no hook timing samples
[Epoch 2] Hook timing summary done

[Epoch 3] Training... (lr=0.000993)
  Batch [50/391] Loss: 1.6439, Acc: 43.25%
  Batch [100/391] Loss: 1.6702, Acc: 40.50%
  Batch [150/391] Loss: 1.6244, Acc: 41.83%
  Batch [200/391] Loss: 1.6012, Acc: 42.56%
  Batch [250/391] Loss: 1.5888, Acc: 42.75%
  Batch [300/391] Loss: 1.5681, Acc: 43.58%
  Batch [350/391] Loss: 1.5625, Acc: 43.93%
[Epoch 3] Train Loss: 1.5477, Acc: 44.54%  |  Val Loss: 1.4561, Acc: 52.80%  |  Time: 20.7s
  -> Best model saved (52.80%)
[Epoch 3] Summarizing hook timing...
[HOOK_TIMING_SUMMARY] epoch=3 no hook timing samples
[Epoch 3] Hook timing summary done

[Epoch 4] Training... (lr=0.000973)
  Batch [50/391] Loss: 1.4528, Acc: 47.25%
  Batch [100/391] Loss: 1.4776, Acc: 45.75%
  Batch [150/391] Loss: 1.4534, Acc: 46.08%
  Batch [200/391] Loss: 1.4382, Acc: 47.31%
  Batch [250/391] Loss: 1.4338, Acc: 48.00%
  Batch [300/391] Loss: 1.4260, Acc: 48.54%
  Batch [350/391] Loss: 1.4218, Acc: 48.82%
[Epoch 4] Train Loss: 1.4161, Acc: 49.06%  |  Val Loss: 1.2114, Acc: 60.00%  |  Time: 20.7s
  -> Best model saved (60.00%)
[Epoch 4] Summarizing hook timing...
[HOOK_TIMING_SUMMARY] epoch=4 no hook timing samples
[Epoch 4] Hook timing summary done

[Epoch 5] Training... (lr=0.000940)
  Batch [50/391] Loss: 1.3502, Acc: 52.75%
  Batch [100/391] Loss: 1.3397, Acc: 51.62%
  Batch [150/391] Loss: 1.2949, Acc: 53.58%
  Batch [200/391] Loss: 1.2562, Acc: 55.56%
  Batch [250/391] Loss: 1.2629, Acc: 55.70%
  Batch [300/391] Loss: 1.2581, Acc: 56.17%
  Batch [350/391] Loss: 1.2685, Acc: 55.82%
[Epoch 5] Train Loss: 1.2735, Acc: 55.65%  |  Val Loss: 1.2099, Acc: 60.48%  |  Time: 20.6s
  -> Best model saved (60.48%)
[Epoch 5] Summarizing hook timing...
[HOOK_TIMING_SUMMARY] epoch=5 no hook timing samples
[Epoch 5] Hook timing summary done

[Epoch 6] Training... (lr=0.000895)
  Batch [50/391] Loss: 1.2118, Acc: 56.25%
  Batch [100/391] Loss: 1.2045, Acc: 58.12%
  Batch [150/391] Loss: 1.1871, Acc: 58.67%
  Batch [200/391] Loss: 1.1811, Acc: 59.06%
  Batch [250/391] Loss: 1.2108, Acc: 58.25%
  Batch [300/391] Loss: 1.2036, Acc: 58.33%
  Batch [350/391] Loss: 1.2105, Acc: 58.43%
[Epoch 6] Train Loss: 1.2073, Acc: 58.11%  |  Val Loss: 1.0947, Acc: 65.76%  |  Time: 20.6s
  -> Best model saved (65.76%)
[Epoch 6] Summarizing hook timing...
[HOOK_TIMING_SUMMARY] epoch=6 no hook timing samples
[Epoch 6] Hook timing summary done

[Epoch 7] Training... (lr=0.000839)
  Batch [50/391] Loss: 1.2329, Acc: 59.25%
  Batch [100/391] Loss: 1.2092, Acc: 57.75%
  Batch [150/391] Loss: 1.1855, Acc: 59.33%
  Batch [200/391] Loss: 1.1903, Acc: 59.38%
  Batch [250/391] Loss: 1.1814, Acc: 59.40%
  Batch [300/391] Loss: 1.1781, Acc: 59.42%
  Batch [350/391] Loss: 1.1614, Acc: 60.07%
[Epoch 7] Train Loss: 1.1664, Acc: 59.90%  |  Val Loss: 1.2288, Acc: 64.16%  |  Time: 20.7s
[Epoch 7] Summarizing hook timing...
[HOOK_TIMING_SUMMARY] epoch=7 no hook timing samples
[Epoch 7] Hook timing summary done

[Epoch 8] Training... (lr=0.000773)
  Batch [50/391] Loss: 1.0646, Acc: 62.25%
  Batch [100/391] Loss: 1.0293, Acc: 62.88%
  Batch [150/391] Loss: 1.0756, Acc: 62.17%
  Batch [200/391] Loss: 1.0798, Acc: 62.31%
  Batch [250/391] Loss: 1.0979, Acc: 61.70%
  Batch [300/391] Loss: 1.1158, Acc: 61.38%
  Batch [350/391] Loss: 1.1222, Acc: 61.00%
[Epoch 8] Train Loss: 1.1190, Acc: 61.34%  |  Val Loss: 1.0132, Acc: 65.76%  |  Time: 20.7s
[Epoch 8] Summarizing hook timing...
[HOOK_TIMING_SUMMARY] epoch=8 no hook timing samples
[Epoch 8] Hook timing summary done

[Epoch 9] Training... (lr=0.000701)
  Batch [50/391] Loss: 1.1302, Acc: 59.50%
  Batch [100/391] Loss: 1.1109, Acc: 60.75%
  Batch [150/391] Loss: 1.0983, Acc: 61.92%
  Batch [200/391] Loss: 1.0864, Acc: 61.81%
  Batch [250/391] Loss: 1.0687, Acc: 62.55%
  Batch [300/391] Loss: 1.0596, Acc: 63.04%
  Batch [350/391] Loss: 1.0484, Acc: 63.64%
[Epoch 9] Train Loss: 1.0615, Acc: 63.26%  |  Val Loss: 1.3047, Acc: 69.76%  |  Time: 20.6s
  -> Best model saved (69.76%)
[Epoch 9] Summarizing hook timing...
[HOOK_TIMING_SUMMARY] epoch=9 no hook timing samples
[Epoch 9] Hook timing summary done

[Epoch 10] Training... (lr=0.000623)
  Batch [50/391] Loss: 0.9634, Acc: 66.50%
  Batch [100/391] Loss: 0.9524, Acc: 66.50%
  Batch [150/391] Loss: 0.9800, Acc: 65.33%
  Batch [200/391] Loss: 0.9914, Acc: 65.62%
  Batch [250/391] Loss: 0.9961, Acc: 65.35%
  Batch [300/391] Loss: 0.9941, Acc: 65.08%
  Batch [350/391] Loss: 0.9989, Acc: 64.82%
[Epoch 10] Train Loss: 0.9948, Acc: 65.18%  |  Val Loss: 1.0164, Acc: 69.12%  |  Time: 20.6s
[Epoch 10] Summarizing hook timing...
[HOOK_TIMING_SUMMARY] epoch=10 no hook timing samples
[Epoch 10] Hook timing summary done

[Epoch 11] Training... (lr=0.000541)
  Batch [50/391] Loss: 0.9768, Acc: 65.00%
  Batch [100/391] Loss: 0.9625, Acc: 65.12%
  Batch [150/391] Loss: 1.0374, Acc: 63.83%
  Batch [200/391] Loss: 1.0432, Acc: 64.00%
  Batch [250/391] Loss: 1.0260, Acc: 64.30%
  Batch [300/391] Loss: 1.0112, Acc: 64.96%
  Batch [350/391] Loss: 1.0080, Acc: 65.18%
[Epoch 11] Train Loss: 1.0057, Acc: 65.31%  |  Val Loss: 0.9321, Acc: 70.40%  |  Time: 20.7s
  -> Best model saved (70.40%)
[Epoch 11] Summarizing hook timing...
[HOOK_TIMING_SUMMARY] epoch=11 no hook timing samples
[Epoch 11] Hook timing summary done

[Epoch 12] Training... (lr=0.000459)
  Batch [50/391] Loss: 0.9485, Acc: 68.00%
  Batch [100/391] Loss: 1.0022, Acc: 65.25%
  Batch [150/391] Loss: 0.9803, Acc: 66.33%
  Batch [200/391] Loss: 0.9610, Acc: 66.31%
  Batch [250/391] Loss: 0.9556, Acc: 66.30%
  Batch [300/391] Loss: 0.9681, Acc: 66.38%
  Batch [350/391] Loss: 0.9681, Acc: 66.50%
[Epoch 12] Train Loss: 0.9632, Acc: 66.78%  |  Val Loss: 0.9281, Acc: 70.88%  |  Time: 20.6s
  -> Best model saved (70.88%)
[Epoch 12] Summarizing hook timing...
[HOOK_TIMING_SUMMARY] epoch=12 no hook timing samples
[Epoch 12] Hook timing summary done

[Epoch 13] Training... (lr=0.000377)
  Batch [50/391] Loss: 0.9393, Acc: 65.50%
  Batch [100/391] Loss: 0.8970, Acc: 68.50%
  Batch [150/391] Loss: 0.9097, Acc: 68.92%
  Batch [200/391] Loss: 0.9419, Acc: 68.50%
  Batch [250/391] Loss: 0.9525, Acc: 67.70%
  Batch [300/391] Loss: 0.9570, Acc: 67.75%
  Batch [350/391] Loss: 0.9659, Acc: 66.96%
[Epoch 13] Train Loss: 0.9600, Acc: 67.30%  |  Val Loss: 1.0353, Acc: 67.68%  |  Time: 20.7s
[Epoch 13] Summarizing hook timing...
[HOOK_TIMING_SUMMARY] epoch=13 no hook timing samples
[Epoch 13] Hook timing summary done

[Epoch 14] Training... (lr=0.000299)
  Batch [50/391] Loss: 1.0324, Acc: 66.50%
  Batch [100/391] Loss: 1.0402, Acc: 64.75%
  Batch [150/391] Loss: 1.0213, Acc: 65.58%
  Batch [200/391] Loss: 1.0183, Acc: 65.00%
  Batch [250/391] Loss: 1.0081, Acc: 65.90%
  Batch [300/391] Loss: 1.0076, Acc: 66.12%
  Batch [350/391] Loss: 1.0042, Acc: 66.04%
[Epoch 14] Train Loss: 1.0021, Acc: 66.08%  |  Val Loss: 0.9646, Acc: 70.88%  |  Time: 20.8s
[Epoch 14] Summarizing hook timing...
[HOOK_TIMING_SUMMARY] epoch=14 no hook timing samples
[Epoch 14] Hook timing summary done

[Epoch 15] Training... (lr=0.000227)
  Batch [50/391] Loss: 0.9784, Acc: 65.50%
  Batch [100/391] Loss: 1.0109, Acc: 64.50%
  Batch [150/391] Loss: 0.9816, Acc: 65.33%
  Batch [200/391] Loss: 0.9678, Acc: 66.31%
  Batch [250/391] Loss: 0.9705, Acc: 67.00%
  Batch [300/391] Loss: 0.9524, Acc: 67.25%
  Batch [350/391] Loss: 0.9517, Acc: 67.18%
[Epoch 15] Train Loss: 0.9518, Acc: 67.26%  |  Val Loss: 0.9117, Acc: 71.68%  |  Time: 20.7s
  -> Best model saved (71.68%)
[Epoch 15] Summarizing hook timing...
[HOOK_TIMING_SUMMARY] epoch=15 no hook timing samples
[Epoch 15] Hook timing summary done

[Epoch 16] Training... (lr=0.000161)
  Batch [50/391] Loss: 0.9752, Acc: 69.00%
  Batch [100/391] Loss: 0.9430, Acc: 70.25%
  Batch [150/391] Loss: 0.9281, Acc: 69.33%
  Batch [200/391] Loss: 0.9130, Acc: 69.88%
  Batch [250/391] Loss: 0.9256, Acc: 69.15%
  Batch [300/391] Loss: 0.9232, Acc: 69.54%
  Batch [350/391] Loss: 0.9188, Acc: 69.46%
[Epoch 16] Train Loss: 0.9222, Acc: 69.09%  |  Val Loss: 0.9320, Acc: 73.12%  |  Time: 20.7s
  -> Best model saved (73.12%)
[Epoch 16] Summarizing hook timing...
[HOOK_TIMING_SUMMARY] epoch=16 no hook timing samples
[Epoch 16] Hook timing summary done

[Epoch 17] Training... (lr=0.000105)
  Batch [50/391] Loss: 0.9693, Acc: 66.75%
  Batch [100/391] Loss: 0.9488, Acc: 67.50%
  Batch [150/391] Loss: 0.9409, Acc: 67.75%
  Batch [200/391] Loss: 0.9302, Acc: 68.44%
  Batch [250/391] Loss: 0.9272, Acc: 68.90%
  Batch [300/391] Loss: 0.9217, Acc: 69.21%
  Batch [350/391] Loss: 0.9302, Acc: 68.57%
[Epoch 17] Train Loss: 0.9417, Acc: 67.81%  |  Val Loss: 1.1568, Acc: 69.76%  |  Time: 20.7s
[Epoch 17] Summarizing hook timing...
[HOOK_TIMING_SUMMARY] epoch=17 no hook timing samples
[Epoch 17] Hook timing summary done

[Epoch 18] Training... (lr=0.000060)
  Batch [50/391] Loss: 0.9510, Acc: 67.25%
  Batch [100/391] Loss: 0.9357, Acc: 67.75%
  Batch [150/391] Loss: 0.9150, Acc: 69.17%
  Batch [200/391] Loss: 0.9054, Acc: 69.56%
  Batch [250/391] Loss: 0.9132, Acc: 68.75%
  Batch [300/391] Loss: 0.9376, Acc: 68.12%
  Batch [350/391] Loss: 0.9403, Acc: 68.32%
[Epoch 18] Train Loss: 0.9312, Acc: 68.54%  |  Val Loss: 0.9988, Acc: 73.76%  |  Time: 20.7s
  -> Best model saved (73.76%)
[Epoch 18] Summarizing hook timing...
[HOOK_TIMING_SUMMARY] epoch=18 no hook timing samples
[Epoch 18] Hook timing summary done

[Epoch 19] Training... (lr=0.000027)
  Batch [50/391] Loss: 0.8742, Acc: 69.50%
  Batch [100/391] Loss: 0.9049, Acc: 69.12%
  Batch [150/391] Loss: 0.8910, Acc: 69.42%
  Batch [200/391] Loss: 0.8834, Acc: 69.31%
  Batch [250/391] Loss: 0.8934, Acc: 69.00%
  Batch [300/391] Loss: 0.8780, Acc: 69.79%
  Batch [350/391] Loss: 0.8852, Acc: 69.79%
[Epoch 19] Train Loss: 0.8910, Acc: 69.79%  |  Val Loss: 0.8840, Acc: 72.64%  |  Time: 20.6s
[Epoch 19] Summarizing hook timing...
[HOOK_TIMING_SUMMARY] epoch=19 no hook timing samples
[Epoch 19] Hook timing summary done

[Epoch 20] Training... (lr=0.000007)
  Batch [50/391] Loss: 0.8917, Acc: 68.50%
  Batch [100/391] Loss: 0.9297, Acc: 67.75%
  Batch [150/391] Loss: 0.9213, Acc: 68.67%
  Batch [200/391] Loss: 0.9067, Acc: 69.50%
  Batch [250/391] Loss: 0.9117, Acc: 68.80%
  Batch [300/391] Loss: 0.9090, Acc: 68.75%
  Batch [350/391] Loss: 0.9109, Acc: 68.79%
[Epoch 20] Train Loss: 0.9154, Acc: 68.83%  |  Val Loss: 1.0582, Acc: 72.32%  |  Time: 20.6s
[Epoch 20] Summarizing hook timing...
[HOOK_TIMING_SUMMARY] epoch=20 no hook timing samples
[Epoch 20] Hook timing summary done

================================================================================
Done in 427.4s | Best val acc: 73.76%
Epoch times: mean=20.8s  min=20.6s  max=24.4s
================================================================================
=== Finished training: backend=mpi, hook=None, zfp_rate=none, status=0 at Fri May 22 12:40:07 AM UTC 2026 ===
=== Starting training: backend=mpi, hook=recursive_doubling, zfp_rate=none at Fri May 22 12:40:07 AM UTC 2026 ===

================================================================================
DISTRIBUTED TRAINING LAUNCHER
================================================================================
  Model:      wide_resnet50_2 (pretrained)
  Dataset:    cifar10 (10 classes)
  Backend:    mpi
  Algorithm:  recursive_doubling
  Epochs:     20
  Batch/rank: 8
  LR:         0.001
================================================================================


================================================================================
Distributed Training: WIDE_RESNET50_2 on CIFAR10
Backend: MPI, Algorithm: recursive_doubling
================================================================================
Ranks: 16, Epochs: 20, Batch/rank: 8, Effective batch: 128
LR: 0.001, Device: cuda:0

[Setup] Model on cuda:0, wrapped in DDP (static_graph=True)
[Setup] Hook registered: mpi/recursive_doubling
[Data] Train batches: 391, Val batches: 79


[Epoch 1] Training... (lr=0.000001)

================================================================================
DISTRIBUTED TRAINING LAUNCHER
================================================================================
  Model:      wide_resnet50_2 (pretrained)
  Dataset:    cifar10 (10 classes)
  Backend:    mpi
  Algorithm:  recursive_doubling
  Epochs:     20
  Batch/rank: 8
  LR:         0.001
================================================================================


================================================================================
DISTRIBUTED TRAINING LAUNCHER
================================================================================
  Model:      wide_resnet50_2 (pretrained)
  Dataset:    cifar10 (10 classes)
  Backend:    mpi
  Algorithm:  recursive_doubling
  Epochs:     20
  Batch/rank: 8
  LR:         0.001
================================================================================


================================================================================
DISTRIBUTED TRAINING LAUNCHER
================================================================================
  Model:      wide_resnet50_2 (pretrained)
  Dataset:    cifar10 (10 classes)
  Backend:    mpi
  Algorithm:  recursive_doubling
  Epochs:     20
  Batch/rank: 8
  LR:         0.001
================================================================================


================================================================================
DISTRIBUTED TRAINING LAUNCHER
================================================================================
  Model:      wide_resnet50_2 (pretrained)
  Dataset:    cifar10 (10 classes)
  Backend:    mpi
  Algorithm:  recursive_doubling
  Epochs:     20
  Batch/rank: 8
  LR:         0.001
================================================================================


================================================================================
DISTRIBUTED TRAINING LAUNCHER
================================================================================
  Model:      wide_resnet50_2 (pretrained)
  Dataset:    cifar10 (10 classes)
  Backend:    mpi
  Algorithm:  recursive_doubling
  Epochs:     20
  Batch/rank: 8
  LR:         0.001
================================================================================


================================================================================
DISTRIBUTED TRAINING LAUNCHER
================================================================================
  Model:      wide_resnet50_2 (pretrained)
  Dataset:    cifar10 (10 classes)
  Backend:    mpi
  Algorithm:  recursive_doubling
  Epochs:     20
  Batch/rank: 8
  LR:         0.001
================================================================================


================================================================================
DISTRIBUTED TRAINING LAUNCHER
================================================================================
  Model:      wide_resnet50_2 (pretrained)
  Dataset:    cifar10 (10 classes)
  Backend:    mpi
  Algorithm:  recursive_doubling
  Epochs:     20
  Batch/rank: 8
  LR:         0.001
================================================================================


================================================================================
DISTRIBUTED TRAINING LAUNCHER
================================================================================
  Model:      wide_resnet50_2 (pretrained)
  Dataset:    cifar10 (10 classes)
  Backend:    mpi
  Algorithm:  recursive_doubling
  Epochs:     20
  Batch/rank: 8
  LR:         0.001
================================================================================


================================================================================
DISTRIBUTED TRAINING LAUNCHER
================================================================================
  Model:      wide_resnet50_2 (pretrained)
  Dataset:    cifar10 (10 classes)
  Backend:    mpi
  Algorithm:  recursive_doubling
  Epochs:     20
  Batch/rank: 8
  LR:         0.001
================================================================================


================================================================================
DISTRIBUTED TRAINING LAUNCHER
================================================================================
  Model:      wide_resnet50_2 (pretrained)
  Dataset:    cifar10 (10 classes)
  Backend:    mpi
  Algorithm:  recursive_doubling
  Epochs:     20
  Batch/rank: 8
  LR:         0.001
================================================================================


================================================================================
DISTRIBUTED TRAINING LAUNCHER
================================================================================
  Model:      wide_resnet50_2 (pretrained)
  Dataset:    cifar10 (10 classes)
  Backend:    mpi
  Algorithm:  recursive_doubling
  Epochs:     20
  Batch/rank: 8
  LR:         0.001
================================================================================


================================================================================
DISTRIBUTED TRAINING LAUNCHER
================================================================================
  Model:      wide_resnet50_2 (pretrained)
  Dataset:    cifar10 (10 classes)
  Backend:    mpi
  Algorithm:  recursive_doubling
  Epochs:     20
  Batch/rank: 8
  LR:         0.001
================================================================================


================================================================================
DISTRIBUTED TRAINING LAUNCHER
================================================================================
  Model:      wide_resnet50_2 (pretrained)
  Dataset:    cifar10 (10 classes)
  Backend:    mpi
  Algorithm:  recursive_doubling
  Epochs:     20
  Batch/rank: 8
  LR:         0.001
================================================================================


================================================================================
DISTRIBUTED TRAINING LAUNCHER
================================================================================
  Model:      wide_resnet50_2 (pretrained)
  Dataset:    cifar10 (10 classes)
  Backend:    mpi
  Algorithm:  recursive_doubling
  Epochs:     20
  Batch/rank: 8
  LR:         0.001
================================================================================


================================================================================
DISTRIBUTED TRAINING LAUNCHER
================================================================================
  Model:      wide_resnet50_2 (pretrained)
  Dataset:    cifar10 (10 classes)
  Backend:    mpi
  Algorithm:  recursive_doubling
  Epochs:     20
  Batch/rank: 8
  LR:         0.001
================================================================================

  Batch [50/391] Loss: 2.3573, Acc: 10.00%
  Batch [100/391] Loss: 2.3492, Acc: 10.50%
  Batch [150/391] Loss: 2.3529, Acc: 10.25%
  Batch [200/391] Loss: 2.3476, Acc: 10.25%
  Batch [250/391] Loss: 2.3484, Acc: 10.40%
  Batch [300/391] Loss: 2.3493, Acc: 10.12%
  Batch [350/391] Loss: 2.3478, Acc: 10.11%
[Epoch 1] Train Loss: 2.3492, Acc: 10.18%  |  Val Loss: 23250.7494, Acc: 8.32%  |  Time: 58.9s
  -> Best model saved (8.32%)
[Epoch 1] Summarizing hook timing...

[HOOK_TIMING_SUMMARY] epoch=1
[HOOK_WORK_SUMMARY] label=mpi:recursive_doubling calls=3114 work_total_ms=52070.272 work_mean_ms=16.721 work_min_ms=4.056 work_max_ms=143.266
[HOOK_TAIL_SUMMARY] label=mpi:recursive_doubling steps=392 tail_total_ms=48743.755 tail_mean_ms=124.346 tail_min_ms=16.465 tail_max_ms=143.382
[Epoch 1] Hook timing summary done

[Epoch 2] Training... (lr=0.001000)
  Batch [50/391] Loss: 2.2949, Acc: 12.75%
  Batch [100/391] Loss: 2.2371, Acc: 17.12%
  Batch [150/391] Loss: 2.1937, Acc: 20.00%
  Batch [200/391] Loss: 2.1242, Acc: 23.06%
  Batch [250/391] Loss: 2.0727, Acc: 25.85%
  Batch [300/391] Loss: 2.0172, Acc: 27.67%
  Batch [350/391] Loss: 1.9752, Acc: 29.79%
[Epoch 2] Train Loss: 1.9411, Acc: 31.26%  |  Val Loss: 3.9275, Acc: 47.52%  |  Time: 57.6s
  -> Best model saved (47.52%)
[Epoch 2] Summarizing hook timing...

[HOOK_TIMING_SUMMARY] epoch=2
[HOOK_WORK_SUMMARY] label=mpi:recursive_doubling calls=3128 work_total_ms=52268.300 work_mean_ms=16.710 work_min_ms=4.003 work_max_ms=45.478
[HOOK_TAIL_SUMMARY] label=mpi:recursive_doubling steps=391 tail_total_ms=49095.164 tail_mean_ms=125.563 tail_min_ms=111.742 tail_max_ms=135.228
[Epoch 2] Hook timing summary done

[Epoch 3] Training... (lr=0.000993)
  Batch [50/391] Loss: 1.6069, Acc: 44.00%
  Batch [100/391] Loss: 1.5904, Acc: 45.50%
  Batch [150/391] Loss: 1.5548, Acc: 45.92%
  Batch [200/391] Loss: 1.5165, Acc: 47.06%
  Batch [250/391] Loss: 1.5177, Acc: 46.80%
  Batch [300/391] Loss: 1.5057, Acc: 47.38%
  Batch [350/391] Loss: 1.4985, Acc: 48.04%
[Epoch 3] Train Loss: 1.4823, Acc: 48.51%  |  Val Loss: 1.2730, Acc: 55.04%  |  Time: 57.5s
  -> Best model saved (55.04%)
[Epoch 3] Summarizing hook timing...

[HOOK_TIMING_SUMMARY] epoch=3
[HOOK_WORK_SUMMARY] label=mpi:recursive_doubling calls=3128 work_total_ms=52026.311 work_mean_ms=16.632 work_min_ms=3.911 work_max_ms=43.787
[HOOK_TAIL_SUMMARY] label=mpi:recursive_doubling steps=391 tail_total_ms=48777.266 tail_mean_ms=124.750 tail_min_ms=111.722 tail_max_ms=134.939
[Epoch 3] Hook timing summary done

[Epoch 4] Training... (lr=0.000973)
  Batch [50/391] Loss: 1.3359, Acc: 55.75%
  Batch [100/391] Loss: 1.3780, Acc: 54.12%
  Batch [150/391] Loss: 1.3839, Acc: 52.67%
  Batch [200/391] Loss: 1.3797, Acc: 52.19%
  Batch [250/391] Loss: 1.3645, Acc: 53.05%
  Batch [300/391] Loss: 1.3707, Acc: 52.83%
  Batch [350/391] Loss: 1.3735, Acc: 52.96%
[Epoch 4] Train Loss: 1.3634, Acc: 53.28%  |  Val Loss: 1.0428, Acc: 63.52%  |  Time: 57.4s
  -> Best model saved (63.52%)
[Epoch 4] Summarizing hook timing...

[HOOK_TIMING_SUMMARY] epoch=4
[HOOK_WORK_SUMMARY] label=mpi:recursive_doubling calls=3128 work_total_ms=51943.320 work_mean_ms=16.606 work_min_ms=4.423 work_max_ms=43.563
[HOOK_TAIL_SUMMARY] label=mpi:recursive_doubling steps=391 tail_total_ms=48686.865 tail_mean_ms=124.519 tail_min_ms=110.684 tail_max_ms=133.501
[Epoch 4] Hook timing summary done

[Epoch 5] Training... (lr=0.000940)
  Batch [50/391] Loss: 1.3379, Acc: 52.50%
  Batch [100/391] Loss: 1.3745, Acc: 51.12%
  Batch [150/391] Loss: 1.3230, Acc: 53.75%
  Batch [200/391] Loss: 1.2733, Acc: 54.94%
  Batch [250/391] Loss: 1.2774, Acc: 54.45%
  Batch [300/391] Loss: 1.2654, Acc: 55.08%
  Batch [350/391] Loss: 1.2719, Acc: 55.11%
[Epoch 5] Train Loss: 1.2808, Acc: 54.69%  |  Val Loss: 1.0005, Acc: 65.60%  |  Time: 57.7s
  -> Best model saved (65.60%)
[Epoch 5] Summarizing hook timing...

[HOOK_TIMING_SUMMARY] epoch=5
[HOOK_WORK_SUMMARY] label=mpi:recursive_doubling calls=3128 work_total_ms=52133.051 work_mean_ms=16.667 work_min_ms=4.001 work_max_ms=44.161
[HOOK_TAIL_SUMMARY] label=mpi:recursive_doubling steps=391 tail_total_ms=48798.022 tail_mean_ms=124.803 tail_min_ms=111.124 tail_max_ms=133.848
[Epoch 5] Hook timing summary done

[Epoch 6] Training... (lr=0.000895)
  Batch [50/391] Loss: 1.1911, Acc: 57.25%
  Batch [100/391] Loss: 1.1791, Acc: 56.88%
  Batch [150/391] Loss: 1.1679, Acc: 56.58%
  Batch [200/391] Loss: 1.1590, Acc: 57.25%
  Batch [250/391] Loss: 1.1757, Acc: 57.05%
  Batch [300/391] Loss: 1.1689, Acc: 57.62%
  Batch [350/391] Loss: 1.1795, Acc: 57.32%
[Epoch 6] Train Loss: 1.1748, Acc: 57.44%  |  Val Loss: 0.9897, Acc: 64.96%  |  Time: 57.5s
[Epoch 6] Summarizing hook timing...

[HOOK_TIMING_SUMMARY] epoch=6
[HOOK_WORK_SUMMARY] label=mpi:recursive_doubling calls=3128 work_total_ms=52187.346 work_mean_ms=16.684 work_min_ms=4.277 work_max_ms=44.294
[HOOK_TAIL_SUMMARY] label=mpi:recursive_doubling steps=391 tail_total_ms=48985.499 tail_mean_ms=125.283 tail_min_ms=105.979 tail_max_ms=134.532
[Epoch 6] Hook timing summary done

[Epoch 7] Training... (lr=0.000839)
  Batch [50/391] Loss: 1.1609, Acc: 57.50%
  Batch [100/391] Loss: 1.1053, Acc: 61.00%
  Batch [150/391] Loss: 1.1045, Acc: 61.25%
  Batch [200/391] Loss: 1.1194, Acc: 60.56%
  Batch [250/391] Loss: 1.1193, Acc: 60.50%
  Batch [300/391] Loss: 1.1167, Acc: 60.54%
  Batch [350/391] Loss: 1.1180, Acc: 60.61%
[Epoch 7] Train Loss: 1.1216, Acc: 60.48%  |  Val Loss: 0.9256, Acc: 69.28%  |  Time: 57.7s
  -> Best model saved (69.28%)
[Epoch 7] Summarizing hook timing...

[HOOK_TIMING_SUMMARY] epoch=7
[HOOK_WORK_SUMMARY] label=mpi:recursive_doubling calls=3128 work_total_ms=52099.920 work_mean_ms=16.656 work_min_ms=3.807 work_max_ms=70.695
[HOOK_TAIL_SUMMARY] label=mpi:recursive_doubling steps=391 tail_total_ms=48807.011 tail_mean_ms=124.826 tail_min_ms=112.971 tail_max_ms=181.079
[Epoch 7] Hook timing summary done

[Epoch 8] Training... (lr=0.000773)
  Batch [50/391] Loss: 1.1569, Acc: 61.00%
  Batch [100/391] Loss: 1.1190, Acc: 62.50%
  Batch [150/391] Loss: 1.1252, Acc: 61.17%
  Batch [200/391] Loss: 1.1115, Acc: 61.81%
  Batch [250/391] Loss: 1.1227, Acc: 60.85%
  Batch [300/391] Loss: 1.1313, Acc: 60.62%
  Batch [350/391] Loss: 1.1446, Acc: 60.25%
[Epoch 8] Train Loss: 1.1415, Acc: 60.42%  |  Val Loss: 0.8589, Acc: 71.68%  |  Time: 57.5s
  -> Best model saved (71.68%)
[Epoch 8] Summarizing hook timing...

[HOOK_TIMING_SUMMARY] epoch=8
[HOOK_WORK_SUMMARY] label=mpi:recursive_doubling calls=3128 work_total_ms=52194.458 work_mean_ms=16.686 work_min_ms=4.190 work_max_ms=44.072
[HOOK_TAIL_SUMMARY] label=mpi:recursive_doubling steps=391 tail_total_ms=49013.433 tail_mean_ms=125.354 tail_min_ms=111.007 tail_max_ms=133.032
[Epoch 8] Hook timing summary done

[Epoch 9] Training... (lr=0.000701)
  Batch [50/391] Loss: 1.1103, Acc: 58.00%
  Batch [100/391] Loss: 1.0793, Acc: 60.88%
  Batch [150/391] Loss: 1.0860, Acc: 61.17%
  Batch [200/391] Loss: 1.0818, Acc: 61.50%
  Batch [250/391] Loss: 1.0710, Acc: 61.95%
  Batch [300/391] Loss: 1.0665, Acc: 62.46%
  Batch [350/391] Loss: 1.0743, Acc: 62.14%
[Epoch 9] Train Loss: 1.0841, Acc: 62.08%  |  Val Loss: 0.8878, Acc: 69.76%  |  Time: 57.3s
[Epoch 9] Summarizing hook timing...

[HOOK_TIMING_SUMMARY] epoch=9
[HOOK_WORK_SUMMARY] label=mpi:recursive_doubling calls=3128 work_total_ms=51959.363 work_mean_ms=16.611 work_min_ms=4.049 work_max_ms=44.944
[HOOK_TAIL_SUMMARY] label=mpi:recursive_doubling steps=391 tail_total_ms=48749.126 tail_mean_ms=124.678 tail_min_ms=111.209 tail_max_ms=134.115
[Epoch 9] Hook timing summary done

[Epoch 10] Training... (lr=0.000623)
  Batch [50/391] Loss: 1.0349, Acc: 64.75%
  Batch [100/391] Loss: 1.0311, Acc: 65.25%
  Batch [150/391] Loss: 1.0357, Acc: 65.00%
  Batch [200/391] Loss: 1.0319, Acc: 65.06%
  Batch [250/391] Loss: 1.0337, Acc: 64.80%
  Batch [300/391] Loss: 1.0315, Acc: 64.17%
  Batch [350/391] Loss: 1.0268, Acc: 64.46%
[Epoch 10] Train Loss: 1.0200, Acc: 64.67%  |  Val Loss: 0.8137, Acc: 72.96%  |  Time: 57.5s
  -> Best model saved (72.96%)
[Epoch 10] Summarizing hook timing...

[HOOK_TIMING_SUMMARY] epoch=10
[HOOK_WORK_SUMMARY] label=mpi:recursive_doubling calls=3128 work_total_ms=51808.932 work_mean_ms=16.563 work_min_ms=3.839 work_max_ms=70.891
[HOOK_TAIL_SUMMARY] label=mpi:recursive_doubling steps=391 tail_total_ms=48518.882 tail_mean_ms=124.089 tail_min_ms=110.575 tail_max_ms=187.454
[Epoch 10] Hook timing summary done

[Epoch 11] Training... (lr=0.000541)
  Batch [50/391] Loss: 0.9224, Acc: 67.50%
  Batch [100/391] Loss: 0.9798, Acc: 66.50%
  Batch [150/391] Loss: 1.0295, Acc: 64.92%
  Batch [200/391] Loss: 1.0349, Acc: 64.25%
  Batch [250/391] Loss: 1.0159, Acc: 64.60%
  Batch [300/391] Loss: 1.0069, Acc: 64.54%
  Batch [350/391] Loss: 1.0071, Acc: 64.36%
[Epoch 11] Train Loss: 1.0060, Acc: 64.58%  |  Val Loss: 0.7838, Acc: 75.36%  |  Time: 57.6s
  -> Best model saved (75.36%)
[Epoch 11] Summarizing hook timing...

[HOOK_TIMING_SUMMARY] epoch=11
[HOOK_WORK_SUMMARY] label=mpi:recursive_doubling calls=3128 work_total_ms=52319.763 work_mean_ms=16.726 work_min_ms=4.634 work_max_ms=44.129
[HOOK_TAIL_SUMMARY] label=mpi:recursive_doubling steps=391 tail_total_ms=49123.764 tail_mean_ms=125.636 tail_min_ms=107.444 tail_max_ms=134.374
[Epoch 11] Hook timing summary done

[Epoch 12] Training... (lr=0.000459)
  Batch [50/391] Loss: 0.9875, Acc: 67.75%
  Batch [100/391] Loss: 1.0015, Acc: 65.62%
  Batch [150/391] Loss: 1.0037, Acc: 66.50%
  Batch [200/391] Loss: 0.9977, Acc: 66.00%
  Batch [250/391] Loss: 0.9819, Acc: 66.35%
  Batch [300/391] Loss: 0.9873, Acc: 66.29%
  Batch [350/391] Loss: 0.9926, Acc: 66.04%
[Epoch 12] Train Loss: 0.9865, Acc: 66.37%  |  Val Loss: 0.7661, Acc: 74.08%  |  Time: 57.5s
[Epoch 12] Summarizing hook timing...

[HOOK_TIMING_SUMMARY] epoch=12
[HOOK_WORK_SUMMARY] label=mpi:recursive_doubling calls=3128 work_total_ms=52127.126 work_mean_ms=16.665 work_min_ms=4.559 work_max_ms=44.529
[HOOK_TAIL_SUMMARY] label=mpi:recursive_doubling steps=391 tail_total_ms=48930.057 tail_mean_ms=125.141 tail_min_ms=112.626 tail_max_ms=132.804
[Epoch 12] Hook timing summary done

[Epoch 13] Training... (lr=0.000377)
  Batch [50/391] Loss: 0.9497, Acc: 67.75%
  Batch [100/391] Loss: 0.9215, Acc: 68.88%
  Batch [150/391] Loss: 0.9368, Acc: 68.42%
  Batch [200/391] Loss: 0.9356, Acc: 67.88%
  Batch [250/391] Loss: 0.9231, Acc: 68.10%
  Batch [300/391] Loss: 0.9310, Acc: 67.96%
  Batch [350/391] Loss: 0.9306, Acc: 67.68%
[Epoch 13] Train Loss: 0.9276, Acc: 67.81%  |  Val Loss: 0.7451, Acc: 77.12%  |  Time: 57.7s
  -> Best model saved (77.12%)
[Epoch 13] Summarizing hook timing...

[HOOK_TIMING_SUMMARY] epoch=13
[HOOK_WORK_SUMMARY] label=mpi:recursive_doubling calls=3128 work_total_ms=52207.014 work_mean_ms=16.690 work_min_ms=4.093 work_max_ms=49.958
[HOOK_TAIL_SUMMARY] label=mpi:recursive_doubling steps=391 tail_total_ms=48961.449 tail_mean_ms=125.221 tail_min_ms=109.915 tail_max_ms=160.044
[Epoch 13] Hook timing summary done

[Epoch 14] Training... (lr=0.000299)
  Batch [50/391] Loss: 0.9950, Acc: 65.75%
  Batch [100/391] Loss: 0.9901, Acc: 66.50%
  Batch [150/391] Loss: 0.9809, Acc: 66.75%
  Batch [200/391] Loss: 0.9747, Acc: 66.75%
  Batch [250/391] Loss: 0.9675, Acc: 67.20%
  Batch [300/391] Loss: 0.9679, Acc: 66.96%
  Batch [350/391] Loss: 0.9652, Acc: 67.11%
[Epoch 14] Train Loss: 0.9700, Acc: 66.98%  |  Val Loss: 0.7510, Acc: 76.16%  |  Time: 57.4s
[Epoch 14] Summarizing hook timing...

[HOOK_TIMING_SUMMARY] epoch=14
[HOOK_WORK_SUMMARY] label=mpi:recursive_doubling calls=3128 work_total_ms=52098.124 work_mean_ms=16.655 work_min_ms=3.621 work_max_ms=44.053
[HOOK_TAIL_SUMMARY] label=mpi:recursive_doubling steps=391 tail_total_ms=48912.393 tail_mean_ms=125.096 tail_min_ms=109.097 tail_max_ms=133.722
[Epoch 14] Hook timing summary done

[Epoch 15] Training... (lr=0.000227)
  Batch [50/391] Loss: 0.9597, Acc: 64.25%
  Batch [100/391] Loss: 0.9843, Acc: 64.62%
  Batch [150/391] Loss: 0.9574, Acc: 65.25%
  Batch [200/391] Loss: 0.9399, Acc: 65.94%
  Batch [250/391] Loss: 0.9408, Acc: 66.15%
  Batch [300/391] Loss: 0.9244, Acc: 67.08%
  Batch [350/391] Loss: 0.9325, Acc: 66.68%
[Epoch 15] Train Loss: 0.9281, Acc: 66.94%  |  Val Loss: 0.7182, Acc: 74.88%  |  Time: 57.6s
[Epoch 15] Summarizing hook timing...

[HOOK_TIMING_SUMMARY] epoch=15
[HOOK_WORK_SUMMARY] label=mpi:recursive_doubling calls=3128 work_total_ms=52164.571 work_mean_ms=16.677 work_min_ms=4.210 work_max_ms=93.756
[HOOK_TAIL_SUMMARY] label=mpi:recursive_doubling steps=391 tail_total_ms=48939.502 tail_mean_ms=125.165 tail_min_ms=110.688 tail_max_ms=212.564
[Epoch 15] Hook timing summary done

[Epoch 16] Training... (lr=0.000161)
  Batch [50/391] Loss: 0.9343, Acc: 68.50%
  Batch [100/391] Loss: 0.9254, Acc: 68.75%
  Batch [150/391] Loss: 0.9102, Acc: 68.83%
  Batch [200/391] Loss: 0.9053, Acc: 68.56%
  Batch [250/391] Loss: 0.9058, Acc: 68.70%
  Batch [300/391] Loss: 0.9098, Acc: 68.79%
  Batch [350/391] Loss: 0.9049, Acc: 69.04%
[Epoch 16] Train Loss: 0.9073, Acc: 68.74%  |  Val Loss: 0.7179, Acc: 76.32%  |  Time: 57.6s
[Epoch 16] Summarizing hook timing...

[HOOK_TIMING_SUMMARY] epoch=16
[HOOK_WORK_SUMMARY] label=mpi:recursive_doubling calls=3128 work_total_ms=51867.536 work_mean_ms=16.582 work_min_ms=3.935 work_max_ms=72.897
[HOOK_TAIL_SUMMARY] label=mpi:recursive_doubling steps=391 tail_total_ms=48567.698 tail_mean_ms=124.214 tail_min_ms=108.773 tail_max_ms=186.778
[Epoch 16] Hook timing summary done

[Epoch 17] Training... (lr=0.000105)
  Batch [50/391] Loss: 0.9434, Acc: 64.00%
  Batch [100/391] Loss: 0.9186, Acc: 67.62%
  Batch [150/391] Loss: 0.9283, Acc: 67.92%
  Batch [200/391] Loss: 0.9116, Acc: 68.56%
  Batch [250/391] Loss: 0.9035, Acc: 68.45%
  Batch [300/391] Loss: 0.9129, Acc: 67.92%
  Batch [350/391] Loss: 0.9085, Acc: 67.86%
[Epoch 17] Train Loss: 0.9208, Acc: 67.30%  |  Val Loss: 0.6961, Acc: 76.32%  |  Time: 57.7s
[Epoch 17] Summarizing hook timing...

[HOOK_TIMING_SUMMARY] epoch=17
[HOOK_WORK_SUMMARY] label=mpi:recursive_doubling calls=3128 work_total_ms=52014.291 work_mean_ms=16.629 work_min_ms=3.903 work_max_ms=71.526
[HOOK_TAIL_SUMMARY] label=mpi:recursive_doubling steps=391 tail_total_ms=48705.903 tail_mean_ms=124.568 tail_min_ms=105.438 tail_max_ms=179.246
[Epoch 17] Hook timing summary done

[Epoch 18] Training... (lr=0.000060)
  Batch [50/391] Loss: 0.9057, Acc: 67.25%
  Batch [100/391] Loss: 0.9158, Acc: 67.88%
  Batch [150/391] Loss: 0.9309, Acc: 67.75%
  Batch [200/391] Loss: 0.9068, Acc: 68.50%
  Batch [250/391] Loss: 0.9110, Acc: 68.20%
  Batch [300/391] Loss: 0.9269, Acc: 67.38%
  Batch [350/391] Loss: 0.9349, Acc: 67.18%
[Epoch 18] Train Loss: 0.9338, Acc: 66.94%  |  Val Loss: 0.7193, Acc: 75.52%  |  Time: 57.7s
[Epoch 18] Summarizing hook timing...

[HOOK_TIMING_SUMMARY] epoch=18
[HOOK_WORK_SUMMARY] label=mpi:recursive_doubling calls=3128 work_total_ms=51970.984 work_mean_ms=16.615 work_min_ms=4.012 work_max_ms=87.686
[HOOK_TAIL_SUMMARY] label=mpi:recursive_doubling steps=391 tail_total_ms=48654.272 tail_mean_ms=124.435 tail_min_ms=108.502 tail_max_ms=199.826
[Epoch 18] Hook timing summary done

[Epoch 19] Training... (lr=0.000027)
  Batch [50/391] Loss: 0.9327, Acc: 67.00%
  Batch [100/391] Loss: 0.9334, Acc: 66.62%
  Batch [150/391] Loss: 0.9175, Acc: 67.25%
  Batch [200/391] Loss: 0.9079, Acc: 68.81%
  Batch [250/391] Loss: 0.9203, Acc: 68.30%
  Batch [300/391] Loss: 0.8904, Acc: 69.17%
  Batch [350/391] Loss: 0.8907, Acc: 69.18%
[Epoch 19] Train Loss: 0.8872, Acc: 69.12%  |  Val Loss: 0.7214, Acc: 76.80%  |  Time: 57.6s
[Epoch 19] Summarizing hook timing...

[HOOK_TIMING_SUMMARY] epoch=19
[HOOK_WORK_SUMMARY] label=mpi:recursive_doubling calls=3128 work_total_ms=52279.850 work_mean_ms=16.714 work_min_ms=5.024 work_max_ms=61.922
[HOOK_TAIL_SUMMARY] label=mpi:recursive_doubling steps=391 tail_total_ms=49094.485 tail_mean_ms=125.561 tail_min_ms=113.039 tail_max_ms=172.955
[Epoch 19] Hook timing summary done

[Epoch 20] Training... (lr=0.000007)
  Batch [50/391] Loss: 0.9196, Acc: 67.00%
  Batch [100/391] Loss: 0.9419, Acc: 66.62%
  Batch [150/391] Loss: 0.9098, Acc: 68.08%
  Batch [200/391] Loss: 0.9121, Acc: 68.06%
  Batch [250/391] Loss: 0.9226, Acc: 67.90%
  Batch [300/391] Loss: 0.9187, Acc: 68.42%
  Batch [350/391] Loss: 0.9179, Acc: 68.25%
[Epoch 20] Train Loss: 0.9186, Acc: 68.19%  |  Val Loss: 0.7018, Acc: 77.44%  |  Time: 57.4s
  -> Best model saved (77.44%)
[Epoch 20] Summarizing hook timing...

[HOOK_TIMING_SUMMARY] epoch=20
[HOOK_WORK_SUMMARY] label=mpi:recursive_doubling calls=3128 work_total_ms=52089.492 work_mean_ms=16.653 work_min_ms=4.707 work_max_ms=84.418
[HOOK_TAIL_SUMMARY] label=mpi:recursive_doubling steps=391 tail_total_ms=48891.637 tail_mean_ms=125.043 tail_min_ms=108.321 tail_max_ms=191.070
[Epoch 20] Hook timing summary done

================================================================================
Done in 1162.0s | Best val acc: 77.44%
Epoch times: mean=57.6s  min=57.3s  max=58.9s
================================================================================
=== Finished training: backend=mpi, hook=recursive_doubling, zfp_rate=none, status=0 at Fri May 22 12:59:41 AM UTC 2026 ===
=== Starting training: backend=mpi, hook=recursive_doubling_zfp_naive, zfp_rate=16 at Fri May 22 12:59:41 AM UTC 2026 ===

================================================================================
DISTRIBUTED TRAINING LAUNCHER
================================================================================
  Model:      wide_resnet50_2 (pretrained)
  Dataset:    cifar10 (10 classes)
  Backend:    mpi
  Algorithm:  recursive_doubling_zfp_naive
  ZFP rate:   16
  Epochs:     20
  Batch/rank: 8
  LR:         0.001
================================================================================


================================================================================
Distributed Training: WIDE_RESNET50_2 on CIFAR10
Backend: MPI, Algorithm: recursive_doubling_zfp_naive
================================================================================
Ranks: 16, Epochs: 20, Batch/rank: 8, Effective batch: 128
LR: 0.001, Device: cuda:0

[Setup] Model on cuda:0, wrapped in DDP (static_graph=True)
[Setup] Hook registered: mpi/recursive_doubling_zfp_naive

================================================================================
DISTRIBUTED TRAINING LAUNCHER
================================================================================
  Model:      wide_resnet50_2 (pretrained)
  Dataset:    cifar10 (10 classes)
  Backend:    mpi
  Algorithm:  recursive_doubling_zfp_naive
  ZFP rate:   16
  Epochs:     20
  Batch/rank: 8
  LR:         0.001
================================================================================


================================================================================
DISTRIBUTED TRAINING LAUNCHER
================================================================================
  Model:      wide_resnet50_2 (pretrained)
  Dataset:    cifar10 (10 classes)
  Backend:    mpi
  Algorithm:  recursive_doubling_zfp_naive
  ZFP rate:   16
  Epochs:     20
  Batch/rank: 8
  LR:         0.001
================================================================================

[Data] Train batches: 391, Val batches: 79


[Epoch 1] Training... (lr=0.000001)

================================================================================
DISTRIBUTED TRAINING LAUNCHER
================================================================================
  Model:      wide_resnet50_2 (pretrained)
  Dataset:    cifar10 (10 classes)
  Backend:    mpi
  Algorithm:  recursive_doubling_zfp_naive
  ZFP rate:   16
  Epochs:     20
  Batch/rank: 8
  LR:         0.001
================================================================================


================================================================================
DISTRIBUTED TRAINING LAUNCHER
================================================================================
  Model:      wide_resnet50_2 (pretrained)
  Dataset:    cifar10 (10 classes)
  Backend:    mpi
  Algorithm:  recursive_doubling_zfp_naive
  ZFP rate:   16
  Epochs:     20
  Batch/rank: 8
  LR:         0.001
================================================================================


================================================================================
DISTRIBUTED TRAINING LAUNCHER
================================================================================
  Model:      wide_resnet50_2 (pretrained)
  Dataset:    cifar10 (10 classes)
  Backend:    mpi
  Algorithm:  recursive_doubling_zfp_naive
  ZFP rate:   16
  Epochs:     20
  Batch/rank: 8
  LR:         0.001
================================================================================


================================================================================
DISTRIBUTED TRAINING LAUNCHER
================================================================================
  Model:      wide_resnet50_2 (pretrained)
  Dataset:    cifar10 (10 classes)
  Backend:    mpi
  Algorithm:  recursive_doubling_zfp_naive
  ZFP rate:   16
  Epochs:     20
  Batch/rank: 8
  LR:         0.001
================================================================================


================================================================================
DISTRIBUTED TRAINING LAUNCHER
================================================================================
  Model:      wide_resnet50_2 (pretrained)
  Dataset:    cifar10 (10 classes)
  Backend:    mpi
  Algorithm:  recursive_doubling_zfp_naive
  ZFP rate:   16
  Epochs:     20
  Batch/rank: 8
  LR:         0.001
================================================================================


================================================================================
DISTRIBUTED TRAINING LAUNCHER
================================================================================
  Model:      wide_resnet50_2 (pretrained)
  Dataset:    cifar10 (10 classes)
  Backend:    mpi
  Algorithm:  recursive_doubling_zfp_naive
  ZFP rate:   16
  Epochs:     20
  Batch/rank: 8
  LR:         0.001
================================================================================


================================================================================
DISTRIBUTED TRAINING LAUNCHER
================================================================================
  Model:      wide_resnet50_2 (pretrained)
  Dataset:    cifar10 (10 classes)
  Backend:    mpi
  Algorithm:  recursive_doubling_zfp_naive
  ZFP rate:   16
  Epochs:     20
  Batch/rank: 8
  LR:         0.001
================================================================================


================================================================================
DISTRIBUTED TRAINING LAUNCHER
================================================================================
  Model:      wide_resnet50_2 (pretrained)
  Dataset:    cifar10 (10 classes)
  Backend:    mpi
  Algorithm:  recursive_doubling_zfp_naive
  ZFP rate:   16
  Epochs:     20
  Batch/rank: 8
  LR:         0.001
================================================================================


================================================================================
DISTRIBUTED TRAINING LAUNCHER
================================================================================
  Model:      wide_resnet50_2 (pretrained)
  Dataset:    cifar10 (10 classes)
  Backend:    mpi
  Algorithm:  recursive_doubling_zfp_naive
  ZFP rate:   16
  Epochs:     20
  Batch/rank: 8
  LR:         0.001
================================================================================


================================================================================
DISTRIBUTED TRAINING LAUNCHER
================================================================================
  Model:      wide_resnet50_2 (pretrained)
  Dataset:    cifar10 (10 classes)
  Backend:    mpi
  Algorithm:  recursive_doubling_zfp_naive
  ZFP rate:   16
  Epochs:     20
  Batch/rank: 8
  LR:         0.001
================================================================================


================================================================================
DISTRIBUTED TRAINING LAUNCHER
================================================================================
  Model:      wide_resnet50_2 (pretrained)
  Dataset:    cifar10 (10 classes)
  Backend:    mpi
  Algorithm:  recursive_doubling_zfp_naive
  ZFP rate:   16
  Epochs:     20
  Batch/rank: 8
  LR:         0.001
================================================================================


================================================================================
DISTRIBUTED TRAINING LAUNCHER
================================================================================
  Model:      wide_resnet50_2 (pretrained)
  Dataset:    cifar10 (10 classes)
  Backend:    mpi
  Algorithm:  recursive_doubling_zfp_naive
  ZFP rate:   16
  Epochs:     20
  Batch/rank: 8
  LR:         0.001
================================================================================


================================================================================
DISTRIBUTED TRAINING LAUNCHER
================================================================================
  Model:      wide_resnet50_2 (pretrained)
  Dataset:    cifar10 (10 classes)
  Backend:    mpi
  Algorithm:  recursive_doubling_zfp_naive
  ZFP rate:   16
  Epochs:     20
  Batch/rank: 8
  LR:         0.001
================================================================================

  Batch [50/391] Loss: 2.3584, Acc: 9.00%
  Batch [100/391] Loss: 2.3504, Acc: 10.12%
  Batch [150/391] Loss: 2.3547, Acc: 10.00%
  Batch [200/391] Loss: 2.3493, Acc: 10.25%
  Batch [250/391] Loss: 2.3498, Acc: 10.55%
  Batch [300/391] Loss: 2.3504, Acc: 10.38%
  Batch [350/391] Loss: 2.3485, Acc: 10.43%
[Epoch 1] Train Loss: 2.3498, Acc: 10.40%  |  Val Loss: 24228.4922, Acc: 8.80%  |  Time: 38.3s
  -> Best model saved (8.80%)
[Epoch 1] Summarizing hook timing...

[HOOK_TIMING_SUMMARY] epoch=1
[HOOK_WORK_SUMMARY] label=mpi:recursive_doubling_zfp_naive:rate16 calls=3114 work_total_ms=31343.724 work_mean_ms=10.065 work_min_ms=3.624 work_max_ms=91.185
[HOOK_TAIL_SUMMARY] label=mpi:recursive_doubling_zfp_naive:rate16 steps=392 tail_total_ms=27923.741 tail_mean_ms=71.234 tail_min_ms=7.748 tail_max_ms=217.479
[Epoch 1] Hook timing summary done

[Epoch 2] Training... (lr=0.001000)
  Batch [50/391] Loss: 2.2788, Acc: 11.75%
  Batch [100/391] Loss: 2.2401, Acc: 16.88%
  Batch [150/391] Loss: 2.1990, Acc: 20.25%
  Batch [200/391] Loss: 2.1325, Acc: 23.56%
  Batch [250/391] Loss: 2.0816, Acc: 25.85%
  Batch [300/391] Loss: 2.0317, Acc: 28.08%
  Batch [350/391] Loss: 1.9947, Acc: 29.25%
[Epoch 2] Train Loss: 1.9640, Acc: 29.98%  |  Val Loss: 2.0733, Acc: 46.24%  |  Time: 37.4s
  -> Best model saved (46.24%)
[Epoch 2] Summarizing hook timing...

[HOOK_TIMING_SUMMARY] epoch=2
[HOOK_WORK_SUMMARY] label=mpi:recursive_doubling_zfp_naive:rate16 calls=3128 work_total_ms=31614.005 work_mean_ms=10.107 work_min_ms=3.796 work_max_ms=22.952
[HOOK_TAIL_SUMMARY] label=mpi:recursive_doubling_zfp_naive:rate16 steps=391 tail_total_ms=28113.246 tail_mean_ms=71.901 tail_min_ms=68.443 tail_max_ms=76.530
[Epoch 2] Hook timing summary done

[Epoch 3] Training... (lr=0.000993)
  Batch [50/391] Loss: 1.6845, Acc: 39.00%
  Batch [100/391] Loss: 1.6862, Acc: 39.38%
  Batch [150/391] Loss: 1.6399, Acc: 40.75%
  Batch [200/391] Loss: 1.6248, Acc: 41.19%
  Batch [250/391] Loss: 1.6181, Acc: 42.15%
  Batch [300/391] Loss: 1.6186, Acc: 42.33%
  Batch [350/391] Loss: 1.6039, Acc: 42.79%
[Epoch 3] Train Loss: 1.5882, Acc: 43.46%  |  Val Loss: 1.2609, Acc: 60.32%  |  Time: 37.2s
  -> Best model saved (60.32%)
[Epoch 3] Summarizing hook timing...

[HOOK_TIMING_SUMMARY] epoch=3
[HOOK_WORK_SUMMARY] label=mpi:recursive_doubling_zfp_naive:rate16 calls=3128 work_total_ms=31328.748 work_mean_ms=10.016 work_min_ms=3.497 work_max_ms=21.957
[HOOK_TAIL_SUMMARY] label=mpi:recursive_doubling_zfp_naive:rate16 steps=391 tail_total_ms=27839.805 tail_mean_ms=71.202 tail_min_ms=67.298 tail_max_ms=74.444
[Epoch 3] Hook timing summary done

[Epoch 4] Training... (lr=0.000973)
  Batch [50/391] Loss: 1.4429, Acc: 47.25%
  Batch [100/391] Loss: 1.4454, Acc: 48.00%
  Batch [150/391] Loss: 1.4235, Acc: 48.25%
  Batch [200/391] Loss: 1.4104, Acc: 49.00%
  Batch [250/391] Loss: 1.4141, Acc: 49.40%
  Batch [300/391] Loss: 1.4015, Acc: 49.83%
  Batch [350/391] Loss: 1.4096, Acc: 49.71%
[Epoch 4] Train Loss: 1.3972, Acc: 50.30%  |  Val Loss: 2.5342, Acc: 64.16%  |  Time: 37.2s
  -> Best model saved (64.16%)
[Epoch 4] Summarizing hook timing...

[HOOK_TIMING_SUMMARY] epoch=4
[HOOK_WORK_SUMMARY] label=mpi:recursive_doubling_zfp_naive:rate16 calls=3128 work_total_ms=31665.569 work_mean_ms=10.123 work_min_ms=4.007 work_max_ms=23.848
[HOOK_TAIL_SUMMARY] label=mpi:recursive_doubling_zfp_naive:rate16 steps=391 tail_total_ms=28282.191 tail_mean_ms=72.333 tail_min_ms=68.806 tail_max_ms=75.300
[Epoch 4] Hook timing summary done

[Epoch 5] Training... (lr=0.000940)
  Batch [50/391] Loss: 1.3162, Acc: 53.75%
  Batch [100/391] Loss: 1.3383, Acc: 52.75%
  Batch [150/391] Loss: 1.3019, Acc: 54.67%
  Batch [200/391] Loss: 1.2710, Acc: 55.50%
  Batch [250/391] Loss: 1.2824, Acc: 54.95%
  Batch [300/391] Loss: 1.2726, Acc: 55.38%
  Batch [350/391] Loss: 1.2810, Acc: 55.11%
[Epoch 5] Train Loss: 1.2802, Acc: 55.14%  |  Val Loss: 0.9466, Acc: 69.60%  |  Time: 37.2s
  -> Best model saved (69.60%)
[Epoch 5] Summarizing hook timing...

[HOOK_TIMING_SUMMARY] epoch=5
[HOOK_WORK_SUMMARY] label=mpi:recursive_doubling_zfp_naive:rate16 calls=3128 work_total_ms=31330.232 work_mean_ms=10.016 work_min_ms=3.455 work_max_ms=21.057
[HOOK_TAIL_SUMMARY] label=mpi:recursive_doubling_zfp_naive:rate16 steps=391 tail_total_ms=27864.474 tail_mean_ms=71.265 tail_min_ms=68.029 tail_max_ms=74.221
[Epoch 5] Hook timing summary done

[Epoch 6] Training... (lr=0.000895)
  Batch [50/391] Loss: 1.1829, Acc: 58.00%
  Batch [100/391] Loss: 1.2182, Acc: 56.75%
  Batch [150/391] Loss: 1.1811, Acc: 58.33%
  Batch [200/391] Loss: 1.1767, Acc: 58.31%
  Batch [250/391] Loss: 1.2042, Acc: 57.00%
  Batch [300/391] Loss: 1.2055, Acc: 56.96%
  Batch [350/391] Loss: 1.2050, Acc: 56.82%
[Epoch 6] Train Loss: 1.1996, Acc: 56.83%  |  Val Loss: 0.8836, Acc: 70.56%  |  Time: 37.1s
  -> Best model saved (70.56%)
[Epoch 6] Summarizing hook timing...

[HOOK_TIMING_SUMMARY] epoch=6
[HOOK_WORK_SUMMARY] label=mpi:recursive_doubling_zfp_naive:rate16 calls=3128 work_total_ms=31569.069 work_mean_ms=10.092 work_min_ms=3.965 work_max_ms=21.148
[HOOK_TAIL_SUMMARY] label=mpi:recursive_doubling_zfp_naive:rate16 steps=391 tail_total_ms=28196.317 tail_mean_ms=72.113 tail_min_ms=69.006 tail_max_ms=76.792
[Epoch 6] Hook timing summary done

[Epoch 7] Training... (lr=0.000839)
  Batch [50/391] Loss: 1.2025, Acc: 56.00%
  Batch [100/391] Loss: 1.1629, Acc: 58.25%
  Batch [150/391] Loss: 1.1696, Acc: 58.75%
  Batch [200/391] Loss: 1.1532, Acc: 59.62%
  Batch [250/391] Loss: 1.1328, Acc: 60.30%
  Batch [300/391] Loss: 1.1292, Acc: 60.33%
  Batch [350/391] Loss: 1.1187, Acc: 60.71%
[Epoch 7] Train Loss: 1.1229, Acc: 60.77%  |  Val Loss: 0.8050, Acc: 71.68%  |  Time: 37.1s
  -> Best model saved (71.68%)
[Epoch 7] Summarizing hook timing...

[HOOK_TIMING_SUMMARY] epoch=7
[HOOK_WORK_SUMMARY] label=mpi:recursive_doubling_zfp_naive:rate16 calls=3128 work_total_ms=31575.683 work_mean_ms=10.095 work_min_ms=3.792 work_max_ms=21.632
[HOOK_TAIL_SUMMARY] label=mpi:recursive_doubling_zfp_naive:rate16 steps=391 tail_total_ms=28215.052 tail_mean_ms=72.161 tail_min_ms=67.860 tail_max_ms=76.136
[Epoch 7] Hook timing summary done

[Epoch 8] Training... (lr=0.000773)
  Batch [50/391] Loss: 1.0814, Acc: 60.75%
  Batch [100/391] Loss: 1.0395, Acc: 63.25%
  Batch [150/391] Loss: 1.0600, Acc: 62.33%
  Batch [200/391] Loss: 1.0609, Acc: 62.81%
  Batch [250/391] Loss: 1.0784, Acc: 62.00%
  Batch [300/391] Loss: 1.0887, Acc: 61.75%
  Batch [350/391] Loss: 1.0933, Acc: 61.86%
[Epoch 8] Train Loss: 1.0877, Acc: 61.76%  |  Val Loss: 0.8220, Acc: 73.28%  |  Time: 37.2s
  -> Best model saved (73.28%)
[Epoch 8] Summarizing hook timing...

[HOOK_TIMING_SUMMARY] epoch=8
[HOOK_WORK_SUMMARY] label=mpi:recursive_doubling_zfp_naive:rate16 calls=3128 work_total_ms=31545.075 work_mean_ms=10.085 work_min_ms=3.611 work_max_ms=21.636
[HOOK_TAIL_SUMMARY] label=mpi:recursive_doubling_zfp_naive:rate16 steps=391 tail_total_ms=28055.300 tail_mean_ms=71.753 tail_min_ms=68.145 tail_max_ms=75.444
[Epoch 8] Hook timing summary done

[Epoch 9] Training... (lr=0.000701)
  Batch [50/391] Loss: 1.1612, Acc: 58.00%
  Batch [100/391] Loss: 1.0961, Acc: 61.50%
  Batch [150/391] Loss: 1.0868, Acc: 62.50%
  Batch [200/391] Loss: 1.0606, Acc: 63.62%
  Batch [250/391] Loss: 1.0634, Acc: 63.55%
  Batch [300/391] Loss: 1.0550, Acc: 63.46%
  Batch [350/391] Loss: 1.0427, Acc: 63.75%
[Epoch 9] Train Loss: 1.0529, Acc: 63.46%  |  Val Loss: 0.8721, Acc: 71.52%  |  Time: 37.2s
[Epoch 9] Summarizing hook timing...

[HOOK_TIMING_SUMMARY] epoch=9
[HOOK_WORK_SUMMARY] label=mpi:recursive_doubling_zfp_naive:rate16 calls=3128 work_total_ms=31648.394 work_mean_ms=10.118 work_min_ms=3.869 work_max_ms=21.651
[HOOK_TAIL_SUMMARY] label=mpi:recursive_doubling_zfp_naive:rate16 steps=391 tail_total_ms=28186.223 tail_mean_ms=72.088 tail_min_ms=67.007 tail_max_ms=75.023
[Epoch 9] Hook timing summary done

[Epoch 10] Training... (lr=0.000623)
  Batch [50/391] Loss: 1.0387, Acc: 63.00%
  Batch [100/391] Loss: 1.0211, Acc: 63.75%
  Batch [150/391] Loss: 1.0322, Acc: 62.42%
  Batch [200/391] Loss: 1.0323, Acc: 62.81%
  Batch [250/391] Loss: 1.0296, Acc: 63.10%
  Batch [300/391] Loss: 1.0317, Acc: 63.04%
  Batch [350/391] Loss: 1.0289, Acc: 63.25%
[Epoch 10] Train Loss: 1.0214, Acc: 63.49%  |  Val Loss: 0.8763, Acc: 72.96%  |  Time: 37.3s
[Epoch 10] Summarizing hook timing...

[HOOK_TIMING_SUMMARY] epoch=10
[HOOK_WORK_SUMMARY] label=mpi:recursive_doubling_zfp_naive:rate16 calls=3128 work_total_ms=31415.532 work_mean_ms=10.043 work_min_ms=3.616 work_max_ms=57.954
[HOOK_TAIL_SUMMARY] label=mpi:recursive_doubling_zfp_naive:rate16 steps=391 tail_total_ms=27917.613 tail_mean_ms=71.401 tail_min_ms=67.684 tail_max_ms=123.276
[Epoch 10] Hook timing summary done

[Epoch 11] Training... (lr=0.000541)
  Batch [50/391] Loss: 1.0110, Acc: 64.50%
  Batch [100/391] Loss: 1.0082, Acc: 64.50%
  Batch [150/391] Loss: 1.0642, Acc: 63.08%
  Batch [200/391] Loss: 1.0584, Acc: 63.31%
  Batch [250/391] Loss: 1.0275, Acc: 64.20%
  Batch [300/391] Loss: 1.0037, Acc: 64.88%
  Batch [350/391] Loss: 0.9973, Acc: 64.79%
[Epoch 11] Train Loss: 0.9973, Acc: 64.74%  |  Val Loss: 0.7967, Acc: 75.20%  |  Time: 37.2s
  -> Best model saved (75.20%)
[Epoch 11] Summarizing hook timing...

[HOOK_TIMING_SUMMARY] epoch=11
[HOOK_WORK_SUMMARY] label=mpi:recursive_doubling_zfp_naive:rate16 calls=3128 work_total_ms=31728.514 work_mean_ms=10.143 work_min_ms=4.028 work_max_ms=51.780
[HOOK_TAIL_SUMMARY] label=mpi:recursive_doubling_zfp_naive:rate16 steps=391 tail_total_ms=28377.822 tail_mean_ms=72.578 tail_min_ms=69.399 tail_max_ms=118.804
[Epoch 11] Hook timing summary done

[Epoch 12] Training... (lr=0.000459)
  Batch [50/391] Loss: 0.9542, Acc: 67.00%
  Batch [100/391] Loss: 0.9859, Acc: 66.25%
  Batch [150/391] Loss: 0.9689, Acc: 66.50%
  Batch [200/391] Loss: 0.9636, Acc: 66.81%
  Batch [250/391] Loss: 0.9647, Acc: 66.25%
  Batch [300/391] Loss: 0.9710, Acc: 66.04%
  Batch [350/391] Loss: 0.9835, Acc: 65.21%
[Epoch 12] Train Loss: 0.9829, Acc: 65.47%  |  Val Loss: 0.7561, Acc: 76.16%  |  Time: 37.1s
  -> Best model saved (76.16%)
[Epoch 12] Summarizing hook timing...

[HOOK_TIMING_SUMMARY] epoch=12
[HOOK_WORK_SUMMARY] label=mpi:recursive_doubling_zfp_naive:rate16 calls=3128 work_total_ms=31244.730 work_mean_ms=9.989 work_min_ms=3.558 work_max_ms=21.982
[HOOK_TAIL_SUMMARY] label=mpi:recursive_doubling_zfp_naive:rate16 steps=391 tail_total_ms=27796.832 tail_mean_ms=71.092 tail_min_ms=67.788 tail_max_ms=74.015
[Epoch 12] Hook timing summary done

[Epoch 13] Training... (lr=0.000377)
  Batch [50/391] Loss: 0.9918, Acc: 65.75%
  Batch [100/391] Loss: 0.9641, Acc: 66.75%
  Batch [150/391] Loss: 0.9654, Acc: 67.83%
  Batch [200/391] Loss: 0.9537, Acc: 67.69%
  Batch [250/391] Loss: 0.9460, Acc: 68.45%
  Batch [300/391] Loss: 0.9510, Acc: 68.00%
  Batch [350/391] Loss: 0.9546, Acc: 67.36%
[Epoch 13] Train Loss: 0.9507, Acc: 67.46%  |  Val Loss: 0.6926, Acc: 78.08%  |  Time: 37.3s
  -> Best model saved (78.08%)
[Epoch 13] Summarizing hook timing...

[HOOK_TIMING_SUMMARY] epoch=13
[HOOK_WORK_SUMMARY] label=mpi:recursive_doubling_zfp_naive:rate16 calls=3128 work_total_ms=31787.182 work_mean_ms=10.162 work_min_ms=4.353 work_max_ms=21.686
[HOOK_TAIL_SUMMARY] label=mpi:recursive_doubling_zfp_naive:rate16 steps=391 tail_total_ms=28445.621 tail_mean_ms=72.751 tail_min_ms=69.465 tail_max_ms=75.317
[Epoch 13] Hook timing summary done

[Epoch 14] Training... (lr=0.000299)
  Batch [50/391] Loss: 0.9770, Acc: 66.00%
  Batch [100/391] Loss: 0.9899, Acc: 65.62%
  Batch [150/391] Loss: 0.9794, Acc: 66.42%
  Batch [200/391] Loss: 0.9852, Acc: 66.06%
  Batch [250/391] Loss: 0.9868, Acc: 65.95%
  Batch [300/391] Loss: 0.9911, Acc: 66.00%
  Batch [350/391] Loss: 0.9881, Acc: 66.18%
[Epoch 14] Train Loss: 0.9891, Acc: 66.30%  |  Val Loss: 0.7543, Acc: 75.04%  |  Time: 37.0s
[Epoch 14] Summarizing hook timing...

[HOOK_TIMING_SUMMARY] epoch=14
[HOOK_WORK_SUMMARY] label=mpi:recursive_doubling_zfp_naive:rate16 calls=3128 work_total_ms=31119.938 work_mean_ms=9.949 work_min_ms=3.528 work_max_ms=22.234
[HOOK_TAIL_SUMMARY] label=mpi:recursive_doubling_zfp_naive:rate16 steps=391 tail_total_ms=27657.163 tail_mean_ms=70.734 tail_min_ms=67.536 tail_max_ms=73.986
[Epoch 14] Hook timing summary done

[Epoch 15] Training... (lr=0.000227)
  Batch [50/391] Loss: 0.9100, Acc: 65.75%
  Batch [100/391] Loss: 0.9326, Acc: 66.50%
  Batch [150/391] Loss: 0.9281, Acc: 66.58%
  Batch [200/391] Loss: 0.9137, Acc: 67.25%
  Batch [250/391] Loss: 0.9168, Acc: 67.15%
  Batch [300/391] Loss: 0.9122, Acc: 67.33%
  Batch [350/391] Loss: 0.9152, Acc: 67.21%
[Epoch 15] Train Loss: 0.9125, Acc: 67.39%  |  Val Loss: 0.7191, Acc: 77.44%  |  Time: 37.3s
[Epoch 15] Summarizing hook timing...

[HOOK_TIMING_SUMMARY] epoch=15
[HOOK_WORK_SUMMARY] label=mpi:recursive_doubling_zfp_naive:rate16 calls=3128 work_total_ms=31797.508 work_mean_ms=10.165 work_min_ms=4.358 work_max_ms=65.059
[HOOK_TAIL_SUMMARY] label=mpi:recursive_doubling_zfp_naive:rate16 steps=391 tail_total_ms=28439.516 tail_mean_ms=72.735 tail_min_ms=68.462 tail_max_ms=129.738
[Epoch 15] Hook timing summary done

[Epoch 16] Training... (lr=0.000161)
  Batch [50/391] Loss: 0.9510, Acc: 65.25%
  Batch [100/391] Loss: 0.9184, Acc: 67.75%
  Batch [150/391] Loss: 0.9194, Acc: 67.75%
  Batch [200/391] Loss: 0.9119, Acc: 68.69%
  Batch [250/391] Loss: 0.9117, Acc: 68.70%
  Batch [300/391] Loss: 0.9101, Acc: 68.71%
  Batch [350/391] Loss: 0.9132, Acc: 68.50%
[Epoch 16] Train Loss: 0.9196, Acc: 68.32%  |  Val Loss: 0.6636, Acc: 77.28%  |  Time: 37.2s
[Epoch 16] Summarizing hook timing...

[HOOK_TIMING_SUMMARY] epoch=16
[HOOK_WORK_SUMMARY] label=mpi:recursive_doubling_zfp_naive:rate16 calls=3128 work_total_ms=31524.986 work_mean_ms=10.078 work_min_ms=3.516 work_max_ms=58.878
[HOOK_TAIL_SUMMARY] label=mpi:recursive_doubling_zfp_naive:rate16 steps=391 tail_total_ms=28113.080 tail_mean_ms=71.900 tail_min_ms=68.053 tail_max_ms=123.968
[Epoch 16] Hook timing summary done

[Epoch 17] Training... (lr=0.000105)
  Batch [50/391] Loss: 0.9308, Acc: 67.50%
  Batch [100/391] Loss: 0.8930, Acc: 68.38%
  Batch [150/391] Loss: 0.9071, Acc: 68.42%
  Batch [200/391] Loss: 0.9075, Acc: 68.50%
  Batch [250/391] Loss: 0.8978, Acc: 68.90%
  Batch [300/391] Loss: 0.9151, Acc: 68.17%
  Batch [350/391] Loss: 0.9215, Acc: 67.64%
[Epoch 17] Train Loss: 0.9359, Acc: 67.14%  |  Val Loss: 0.7718, Acc: 75.84%  |  Time: 37.2s
[Epoch 17] Summarizing hook timing...

[HOOK_TIMING_SUMMARY] epoch=17
[HOOK_WORK_SUMMARY] label=mpi:recursive_doubling_zfp_naive:rate16 calls=3128 work_total_ms=31244.388 work_mean_ms=9.989 work_min_ms=3.391 work_max_ms=43.426
[HOOK_TAIL_SUMMARY] label=mpi:recursive_doubling_zfp_naive:rate16 steps=391 tail_total_ms=27747.286 tail_mean_ms=70.965 tail_min_ms=66.960 tail_max_ms=106.789
[Epoch 17] Hook timing summary done

[Epoch 18] Training... (lr=0.000060)
  Batch [50/391] Loss: 0.9143, Acc: 67.25%
  Batch [100/391] Loss: 0.9283, Acc: 67.38%
  Batch [150/391] Loss: 0.9376, Acc: 67.58%
  Batch [200/391] Loss: 0.9267, Acc: 68.38%
  Batch [250/391] Loss: 0.9368, Acc: 67.25%
  Batch [300/391] Loss: 0.9509, Acc: 66.96%
  Batch [350/391] Loss: 0.9536, Acc: 66.68%
[Epoch 18] Train Loss: 0.9534, Acc: 66.50%  |  Val Loss: 0.6725, Acc: 78.56%  |  Time: 37.1s
  -> Best model saved (78.56%)
[Epoch 18] Summarizing hook timing...

[HOOK_TIMING_SUMMARY] epoch=18
[HOOK_WORK_SUMMARY] label=mpi:recursive_doubling_zfp_naive:rate16 calls=3128 work_total_ms=31389.264 work_mean_ms=10.035 work_min_ms=3.518 work_max_ms=45.623
[HOOK_TAIL_SUMMARY] label=mpi:recursive_doubling_zfp_naive:rate16 steps=391 tail_total_ms=27961.620 tail_mean_ms=71.513 tail_min_ms=67.639 tail_max_ms=110.729
[Epoch 18] Hook timing summary done

[Epoch 19] Training... (lr=0.000027)
  Batch [50/391] Loss: 0.9179, Acc: 66.75%
  Batch [100/391] Loss: 0.9538, Acc: 65.62%
  Batch [150/391] Loss: 0.9497, Acc: 65.83%
  Batch [200/391] Loss: 0.9471, Acc: 66.06%
  Batch [250/391] Loss: 0.9484, Acc: 65.50%
  Batch [300/391] Loss: 0.9203, Acc: 66.58%
  Batch [350/391] Loss: 0.9277, Acc: 66.57%
[Epoch 19] Train Loss: 0.9252, Acc: 66.62%  |  Val Loss: 0.6807, Acc: 78.24%  |  Time: 37.3s
[Epoch 19] Summarizing hook timing...

[HOOK_TIMING_SUMMARY] epoch=19
[HOOK_WORK_SUMMARY] label=mpi:recursive_doubling_zfp_naive:rate16 calls=3128 work_total_ms=31420.649 work_mean_ms=10.045 work_min_ms=3.614 work_max_ms=21.182
[HOOK_TAIL_SUMMARY] label=mpi:recursive_doubling_zfp_naive:rate16 steps=391 tail_total_ms=27954.499 tail_mean_ms=71.495 tail_min_ms=67.415 tail_max_ms=75.148
[Epoch 19] Hook timing summary done

[Epoch 20] Training... (lr=0.000007)
  Batch [50/391] Loss: 0.9576, Acc: 67.25%
  Batch [100/391] Loss: 0.9429, Acc: 67.38%
  Batch [150/391] Loss: 0.9251, Acc: 68.50%
  Batch [200/391] Loss: 0.9258, Acc: 68.38%
  Batch [250/391] Loss: 0.9266, Acc: 68.10%
  Batch [300/391] Loss: 0.9201, Acc: 67.75%
  Batch [350/391] Loss: 0.9284, Acc: 67.61%
[Epoch 20] Train Loss: 0.9311, Acc: 67.68%  |  Val Loss: 0.6972, Acc: 77.28%  |  Time: 37.2s
[Epoch 20] Summarizing hook timing...

[HOOK_TIMING_SUMMARY] epoch=20
[HOOK_WORK_SUMMARY] label=mpi:recursive_doubling_zfp_naive:rate16 calls=3128 work_total_ms=31676.602 work_mean_ms=10.127 work_min_ms=4.062 work_max_ms=42.952
[HOOK_TAIL_SUMMARY] label=mpi:recursive_doubling_zfp_naive:rate16 steps=391 tail_total_ms=28283.290 tail_mean_ms=72.336 tail_min_ms=68.126 tail_max_ms=108.691
[Epoch 20] Hook timing summary done

================================================================================
Done in 755.6s | Best val acc: 78.56%
Epoch times: mean=37.3s  min=37.0s  max=38.3s
================================================================================
=== Finished training: backend=mpi, hook=recursive_doubling_zfp_naive, zfp_rate=16, status=0 at Fri May 22 01:12:26 AM UTC 2026 ===
=== Starting training: backend=mpi, hook=recursive_doubling_zfp_online_coll, zfp_rate=16 at Fri May 22 01:12:26 AM UTC 2026 ===

================================================================================
DISTRIBUTED TRAINING LAUNCHER
================================================================================
  Model:      wide_resnet50_2 (pretrained)
  Dataset:    cifar10 (10 classes)
  Backend:    mpi
  Algorithm:  recursive_doubling_zfp_online_coll
  ZFP rate:   16
  Epochs:     20
  Batch/rank: 8
  LR:         0.001
================================================================================


================================================================================
Distributed Training: WIDE_RESNET50_2 on CIFAR10
Backend: MPI, Algorithm: recursive_doubling_zfp_online_coll
================================================================================
Ranks: 16, Epochs: 20, Batch/rank: 8, Effective batch: 128
LR: 0.001, Device: cuda:0

[Setup] Model on cuda:0, wrapped in DDP (static_graph=True)
[Setup] Hook registered: mpi/recursive_doubling_zfp_online_coll

================================================================================
DISTRIBUTED TRAINING LAUNCHER
================================================================================
  Model:      wide_resnet50_2 (pretrained)
  Dataset:    cifar10 (10 classes)
  Backend:    mpi
  Algorithm:  recursive_doubling_zfp_online_coll
  ZFP rate:   16
  Epochs:     20
  Batch/rank: 8
  LR:         0.001
================================================================================


================================================================================
DISTRIBUTED TRAINING LAUNCHER
================================================================================
  Model:      wide_resnet50_2 (pretrained)
  Dataset:    cifar10 (10 classes)
  Backend:    mpi
  Algorithm:  recursive_doubling_zfp_online_coll
  ZFP rate:   16
  Epochs:     20
  Batch/rank: 8
  LR:         0.001
================================================================================


================================================================================
DISTRIBUTED TRAINING LAUNCHER
================================================================================
  Model:      wide_resnet50_2 (pretrained)
  Dataset:    cifar10 (10 classes)
  Backend:    mpi
  Algorithm:  recursive_doubling_zfp_online_coll
  ZFP rate:   16
  Epochs:     20
  Batch/rank: 8
  LR:         0.001
================================================================================


================================================================================
DISTRIBUTED TRAINING LAUNCHER
================================================================================
  Model:      wide_resnet50_2 (pretrained)
  Dataset:    cifar10 (10 classes)
  Backend:    mpi
  Algorithm:  recursive_doubling_zfp_online_coll
  ZFP rate:   16
  Epochs:     20
  Batch/rank: 8
  LR:         0.001
================================================================================


================================================================================
DISTRIBUTED TRAINING LAUNCHER
================================================================================
  Model:      wide_resnet50_2 (pretrained)
  Dataset:    cifar10 (10 classes)
  Backend:    mpi
  Algorithm:  recursive_doubling_zfp_online_coll
  ZFP rate:   16
  Epochs:     20
  Batch/rank: 8
  LR:         0.001
================================================================================

[Data] Train batches: 391, Val batches: 79


[Epoch 1] Training... (lr=0.000001)

================================================================================
DISTRIBUTED TRAINING LAUNCHER
================================================================================
  Model:      wide_resnet50_2 (pretrained)
  Dataset:    cifar10 (10 classes)
  Backend:    mpi
  Algorithm:  recursive_doubling_zfp_online_coll
  ZFP rate:   16
  Epochs:     20
  Batch/rank: 8
  LR:         0.001
================================================================================


================================================================================
DISTRIBUTED TRAINING LAUNCHER
================================================================================
  Model:      wide_resnet50_2 (pretrained)
  Dataset:    cifar10 (10 classes)
  Backend:    mpi
  Algorithm:  recursive_doubling_zfp_online_coll
  ZFP rate:   16
  Epochs:     20
  Batch/rank: 8
  LR:         0.001
================================================================================


================================================================================
DISTRIBUTED TRAINING LAUNCHER
================================================================================
  Model:      wide_resnet50_2 (pretrained)
  Dataset:    cifar10 (10 classes)
  Backend:    mpi
  Algorithm:  recursive_doubling_zfp_online_coll
  ZFP rate:   16
  Epochs:     20
  Batch/rank: 8
  LR:         0.001
================================================================================


================================================================================
DISTRIBUTED TRAINING LAUNCHER
================================================================================
  Model:      wide_resnet50_2 (pretrained)
  Dataset:    cifar10 (10 classes)
  Backend:    mpi
  Algorithm:  recursive_doubling_zfp_online_coll
  ZFP rate:   16
  Epochs:     20
  Batch/rank: 8
  LR:         0.001
================================================================================


================================================================================
DISTRIBUTED TRAINING LAUNCHER
================================================================================
  Model:      wide_resnet50_2 (pretrained)
  Dataset:    cifar10 (10 classes)
  Backend:    mpi
  Algorithm:  recursive_doubling_zfp_online_coll
  ZFP rate:   16
  Epochs:     20
  Batch/rank: 8
  LR:         0.001
================================================================================


================================================================================
DISTRIBUTED TRAINING LAUNCHER
================================================================================
  Model:      wide_resnet50_2 (pretrained)
  Dataset:    cifar10 (10 classes)
  Backend:    mpi
  Algorithm:  recursive_doubling_zfp_online_coll
  ZFP rate:   16
  Epochs:     20
  Batch/rank: 8
  LR:         0.001
================================================================================


================================================================================
DISTRIBUTED TRAINING LAUNCHER
================================================================================
  Model:      wide_resnet50_2 (pretrained)
  Dataset:    cifar10 (10 classes)
  Backend:    mpi
  Algorithm:  recursive_doubling_zfp_online_coll
  ZFP rate:   16
  Epochs:     20
  Batch/rank: 8
  LR:         0.001
================================================================================


================================================================================
DISTRIBUTED TRAINING LAUNCHER
================================================================================
  Model:      wide_resnet50_2 (pretrained)
  Dataset:    cifar10 (10 classes)
  Backend:    mpi
  Algorithm:  recursive_doubling_zfp_online_coll
  ZFP rate:   16
  Epochs:     20
  Batch/rank: 8
  LR:         0.001
================================================================================


================================================================================
DISTRIBUTED TRAINING LAUNCHER
================================================================================
  Model:      wide_resnet50_2 (pretrained)
  Dataset:    cifar10 (10 classes)
  Backend:    mpi
  Algorithm:  recursive_doubling_zfp_online_coll
  ZFP rate:   16
  Epochs:     20
  Batch/rank: 8
  LR:         0.001
================================================================================


================================================================================
DISTRIBUTED TRAINING LAUNCHER
================================================================================
  Model:      wide_resnet50_2 (pretrained)
  Dataset:    cifar10 (10 classes)
  Backend:    mpi
  Algorithm:  recursive_doubling_zfp_online_coll
  ZFP rate:   16
  Epochs:     20
  Batch/rank: 8
  LR:         0.001
================================================================================

  Batch [50/391] Loss: 2.3586, Acc: 9.75%
  Batch [100/391] Loss: 2.3496, Acc: 10.38%
  Batch [150/391] Loss: 2.3537, Acc: 10.17%
  Batch [200/391] Loss: 2.3480, Acc: 10.44%
  Batch [250/391] Loss: 2.3491, Acc: 10.75%
  Batch [300/391] Loss: 2.3500, Acc: 10.38%
  Batch [350/391] Loss: 2.3475, Acc: 10.57%
[Epoch 1] Train Loss: 2.3493, Acc: 10.40%  |  Val Loss: 22710.4717, Acc: 9.76%  |  Time: 41.4s
  -> Best model saved (9.76%)
[Epoch 1] Summarizing hook timing...

[HOOK_TIMING_SUMMARY] epoch=1
[HOOK_WORK_SUMMARY] label=mpi:recursive_doubling_zfp_online_coll:rate16 calls=3114 work_total_ms=34589.857 work_mean_ms=11.108 work_min_ms=3.116 work_max_ms=148.734
[HOOK_TAIL_SUMMARY] label=mpi:recursive_doubling_zfp_online_coll:rate16 steps=392 tail_total_ms=31185.859 tail_mean_ms=79.556 tail_min_ms=7.168 tail_max_ms=259.474
[Epoch 1] Hook timing summary done

[Epoch 2] Training... (lr=0.001000)
  Batch [50/391] Loss: 2.2909, Acc: 10.75%
  Batch [100/391] Loss: 2.2378, Acc: 15.12%
  Batch [150/391] Loss: 2.1996, Acc: 17.42%
  Batch [200/391] Loss: 2.1276, Acc: 21.25%
  Batch [250/391] Loss: 2.0826, Acc: 24.25%
  Batch [300/391] Loss: 2.0234, Acc: 26.21%
  Batch [350/391] Loss: 1.9847, Acc: 28.18%
[Epoch 2] Train Loss: 1.9488, Acc: 29.22%  |  Val Loss: 1.5785, Acc: 45.12%  |  Time: 40.5s
  -> Best model saved (45.12%)
[Epoch 2] Summarizing hook timing...

[HOOK_TIMING_SUMMARY] epoch=2
[HOOK_WORK_SUMMARY] label=mpi:recursive_doubling_zfp_online_coll:rate16 calls=3128 work_total_ms=35042.031 work_mean_ms=11.203 work_min_ms=3.316 work_max_ms=29.198
[HOOK_TAIL_SUMMARY] label=mpi:recursive_doubling_zfp_online_coll:rate16 steps=391 tail_total_ms=31660.047 tail_mean_ms=80.972 tail_min_ms=72.651 tail_max_ms=91.222
[Epoch 2] Hook timing summary done

[Epoch 3] Training... (lr=0.000993)
  Batch [50/391] Loss: 1.6280, Acc: 41.50%
  Batch [100/391] Loss: 1.6330, Acc: 43.25%
  Batch [150/391] Loss: 1.5998, Acc: 44.17%
  Batch [200/391] Loss: 1.5863, Acc: 44.62%
  Batch [250/391] Loss: 1.5668, Acc: 44.95%
  Batch [300/391] Loss: 1.5418, Acc: 46.42%
  Batch [350/391] Loss: 1.5291, Acc: 46.61%
[Epoch 3] Train Loss: 1.5121, Acc: 47.14%  |  Val Loss: 1.3546, Acc: 57.60%  |  Time: 40.6s
  -> Best model saved (57.60%)
[Epoch 3] Summarizing hook timing...

[HOOK_TIMING_SUMMARY] epoch=3
[HOOK_WORK_SUMMARY] label=mpi:recursive_doubling_zfp_online_coll:rate16 calls=3128 work_total_ms=34873.027 work_mean_ms=11.149 work_min_ms=3.374 work_max_ms=29.150
[HOOK_TAIL_SUMMARY] label=mpi:recursive_doubling_zfp_online_coll:rate16 steps=391 tail_total_ms=31372.765 tail_mean_ms=80.237 tail_min_ms=72.510 tail_max_ms=90.820
[Epoch 3] Hook timing summary done

[Epoch 4] Training... (lr=0.000973)
  Batch [50/391] Loss: 1.3553, Acc: 54.00%
  Batch [100/391] Loss: 1.4051, Acc: 52.25%
  Batch [150/391] Loss: 1.3756, Acc: 53.83%
  Batch [200/391] Loss: 1.3682, Acc: 53.69%
  Batch [250/391] Loss: 1.3616, Acc: 53.40%
  Batch [300/391] Loss: 1.3657, Acc: 53.12%
  Batch [350/391] Loss: 1.3631, Acc: 53.25%
[Epoch 4] Train Loss: 1.3501, Acc: 53.57%  |  Val Loss: 5.5183, Acc: 63.68%  |  Time: 40.5s
  -> Best model saved (63.68%)
[Epoch 4] Summarizing hook timing...

[HOOK_TIMING_SUMMARY] epoch=4
[HOOK_WORK_SUMMARY] label=mpi:recursive_doubling_zfp_online_coll:rate16 calls=3128 work_total_ms=34669.735 work_mean_ms=11.084 work_min_ms=3.100 work_max_ms=28.470
[HOOK_TAIL_SUMMARY] label=mpi:recursive_doubling_zfp_online_coll:rate16 steps=391 tail_total_ms=31180.377 tail_mean_ms=79.745 tail_min_ms=71.354 tail_max_ms=90.009
[Epoch 4] Hook timing summary done

[Epoch 5] Training... (lr=0.000940)
  Batch [50/391] Loss: 1.3219, Acc: 56.50%
  Batch [100/391] Loss: 1.3075, Acc: 55.00%
  Batch [150/391] Loss: 1.2640, Acc: 56.58%
  Batch [200/391] Loss: 1.2323, Acc: 57.88%
  Batch [250/391] Loss: 1.2473, Acc: 56.75%
  Batch [300/391] Loss: 1.2436, Acc: 56.71%
  Batch [350/391] Loss: 1.2471, Acc: 56.89%
[Epoch 5] Train Loss: 1.2520, Acc: 56.80%  |  Val Loss: 5.6808, Acc: 64.80%  |  Time: 40.3s
  -> Best model saved (64.80%)
[Epoch 5] Summarizing hook timing...

[HOOK_TIMING_SUMMARY] epoch=5
[HOOK_WORK_SUMMARY] label=mpi:recursive_doubling_zfp_online_coll:rate16 calls=3128 work_total_ms=34499.040 work_mean_ms=11.029 work_min_ms=2.986 work_max_ms=28.717
[HOOK_TAIL_SUMMARY] label=mpi:recursive_doubling_zfp_online_coll:rate16 steps=391 tail_total_ms=31028.175 tail_mean_ms=79.356 tail_min_ms=70.969 tail_max_ms=88.927
[Epoch 5] Hook timing summary done

[Epoch 6] Training... (lr=0.000895)
  Batch [50/391] Loss: 1.1358, Acc: 60.50%
  Batch [100/391] Loss: 1.1860, Acc: 59.38%
  Batch [150/391] Loss: 1.1544, Acc: 59.92%
  Batch [200/391] Loss: 1.1367, Acc: 60.19%
  Batch [250/391] Loss: 1.1501, Acc: 60.05%
  Batch [300/391] Loss: 1.1550, Acc: 60.33%
  Batch [350/391] Loss: 1.1637, Acc: 59.89%
[Epoch 6] Train Loss: 1.1590, Acc: 60.13%  |  Val Loss: 5.1875, Acc: 66.72%  |  Time: 40.2s
  -> Best model saved (66.72%)
[Epoch 6] Summarizing hook timing...

[HOOK_TIMING_SUMMARY] epoch=6
[HOOK_WORK_SUMMARY] label=mpi:recursive_doubling_zfp_online_coll:rate16 calls=3128 work_total_ms=34735.583 work_mean_ms=11.105 work_min_ms=3.107 work_max_ms=27.849
[HOOK_TAIL_SUMMARY] label=mpi:recursive_doubling_zfp_online_coll:rate16 steps=391 tail_total_ms=31363.279 tail_mean_ms=80.213 tail_min_ms=72.042 tail_max_ms=90.884
[Epoch 6] Hook timing summary done

[Epoch 7] Training... (lr=0.000839)
  Batch [50/391] Loss: 1.1288, Acc: 61.00%
  Batch [100/391] Loss: 1.0862, Acc: 61.25%
  Batch [150/391] Loss: 1.0882, Acc: 61.92%
  Batch [200/391] Loss: 1.0924, Acc: 61.69%
  Batch [250/391] Loss: 1.0814, Acc: 61.95%
  Batch [300/391] Loss: 1.0843, Acc: 61.83%
  Batch [350/391] Loss: 1.0808, Acc: 62.32%
[Epoch 7] Train Loss: 1.0849, Acc: 62.18%  |  Val Loss: 4.1303, Acc: 64.00%  |  Time: 40.4s
[Epoch 7] Summarizing hook timing...

[HOOK_TIMING_SUMMARY] epoch=7
[HOOK_WORK_SUMMARY] label=mpi:recursive_doubling_zfp_online_coll:rate16 calls=3128 work_total_ms=34963.723 work_mean_ms=11.178 work_min_ms=3.295 work_max_ms=28.336
[HOOK_TAIL_SUMMARY] label=mpi:recursive_doubling_zfp_online_coll:rate16 steps=391 tail_total_ms=31586.239 tail_mean_ms=80.783 tail_min_ms=72.103 tail_max_ms=90.242
[Epoch 7] Hook timing summary done

[Epoch 8] Training... (lr=0.000773)
  Batch [50/391] Loss: 1.0238, Acc: 63.00%
  Batch [100/391] Loss: 1.0104, Acc: 63.50%
  Batch [150/391] Loss: 1.0606, Acc: 61.33%
  Batch [200/391] Loss: 1.0677, Acc: 62.38%
  Batch [250/391] Loss: 1.0847, Acc: 62.05%
  Batch [300/391] Loss: 1.0951, Acc: 61.42%
  Batch [350/391] Loss: 1.0936, Acc: 61.46%
[Epoch 8] Train Loss: 1.0877, Acc: 61.73%  |  Val Loss: 1.2435, Acc: 67.36%  |  Time: 40.3s
  -> Best model saved (67.36%)
[Epoch 8] Summarizing hook timing...

[HOOK_TIMING_SUMMARY] epoch=8
[HOOK_WORK_SUMMARY] label=mpi:recursive_doubling_zfp_online_coll:rate16 calls=3128 work_total_ms=34625.587 work_mean_ms=11.070 work_min_ms=3.020 work_max_ms=54.967
[HOOK_TAIL_SUMMARY] label=mpi:recursive_doubling_zfp_online_coll:rate16 steps=391 tail_total_ms=31231.399 tail_mean_ms=79.876 tail_min_ms=70.530 tail_max_ms=132.548
[Epoch 8] Hook timing summary done

[Epoch 9] Training... (lr=0.000701)
  Batch [50/391] Loss: 1.1708, Acc: 58.75%
  Batch [100/391] Loss: 1.1318, Acc: 59.75%
  Batch [150/391] Loss: 1.1217, Acc: 60.83%
  Batch [200/391] Loss: 1.1010, Acc: 61.38%
  Batch [250/391] Loss: 1.0832, Acc: 61.85%
  Batch [300/391] Loss: 1.0839, Acc: 61.75%
  Batch [350/391] Loss: 1.0883, Acc: 61.61%
[Epoch 9] Train Loss: 1.0910, Acc: 61.63%  |  Val Loss: 1.4863, Acc: 68.96%  |  Time: 40.3s
  -> Best model saved (68.96%)
[Epoch 9] Summarizing hook timing...

[HOOK_TIMING_SUMMARY] epoch=9
[HOOK_WORK_SUMMARY] label=mpi:recursive_doubling_zfp_online_coll:rate16 calls=3128 work_total_ms=34903.514 work_mean_ms=11.158 work_min_ms=3.696 work_max_ms=28.376
[HOOK_TAIL_SUMMARY] label=mpi:recursive_doubling_zfp_online_coll:rate16 steps=391 tail_total_ms=31553.874 tail_mean_ms=80.700 tail_min_ms=73.356 tail_max_ms=90.143
[Epoch 9] Hook timing summary done

[Epoch 10] Training... (lr=0.000623)
  Batch [50/391] Loss: 1.0286, Acc: 65.00%
  Batch [100/391] Loss: 0.9843, Acc: 66.62%
  Batch [150/391] Loss: 1.0043, Acc: 65.08%
  Batch [200/391] Loss: 1.0169, Acc: 65.44%
  Batch [250/391] Loss: 1.0192, Acc: 65.05%
  Batch [300/391] Loss: 1.0255, Acc: 64.88%
  Batch [350/391] Loss: 1.0299, Acc: 64.61%
[Epoch 10] Train Loss: 1.0229, Acc: 64.64%  |  Val Loss: 1.5810, Acc: 68.48%  |  Time: 40.5s
[Epoch 10] Summarizing hook timing...

[HOOK_TIMING_SUMMARY] epoch=10
[HOOK_WORK_SUMMARY] label=mpi:recursive_doubling_zfp_online_coll:rate16 calls=3128 work_total_ms=34949.404 work_mean_ms=11.173 work_min_ms=3.222 work_max_ms=29.345
[HOOK_TAIL_SUMMARY] label=mpi:recursive_doubling_zfp_online_coll:rate16 steps=391 tail_total_ms=31580.800 tail_mean_ms=80.769 tail_min_ms=71.710 tail_max_ms=90.693
[Epoch 10] Hook timing summary done

[Epoch 11] Training... (lr=0.000541)
  Batch [50/391] Loss: 0.9486, Acc: 67.75%
  Batch [100/391] Loss: 0.9544, Acc: 67.25%
  Batch [150/391] Loss: 1.0203, Acc: 65.25%
  Batch [200/391] Loss: 1.0309, Acc: 64.94%
  Batch [250/391] Loss: 1.0211, Acc: 65.15%
  Batch [300/391] Loss: 0.9980, Acc: 66.00%
  Batch [350/391] Loss: 0.9985, Acc: 65.75%
[Epoch 11] Train Loss: 0.9969, Acc: 65.86%  |  Val Loss: 1.5863, Acc: 68.00%  |  Time: 40.6s
[Epoch 11] Summarizing hook timing...

[HOOK_TIMING_SUMMARY] epoch=11
[HOOK_WORK_SUMMARY] label=mpi:recursive_doubling_zfp_online_coll:rate16 calls=3128 work_total_ms=35100.022 work_mean_ms=11.221 work_min_ms=3.426 work_max_ms=69.515
[HOOK_TAIL_SUMMARY] label=mpi:recursive_doubling_zfp_online_coll:rate16 steps=391 tail_total_ms=31732.690 tail_mean_ms=81.158 tail_min_ms=72.348 tail_max_ms=142.850
[Epoch 11] Hook timing summary done

[Epoch 12] Training... (lr=0.000459)
  Batch [50/391] Loss: 1.0187, Acc: 64.00%
  Batch [100/391] Loss: 1.0234, Acc: 64.12%
  Batch [150/391] Loss: 1.0228, Acc: 65.75%
  Batch [200/391] Loss: 1.0090, Acc: 65.50%
  Batch [250/391] Loss: 1.0055, Acc: 65.20%
  Batch [300/391] Loss: 1.0072, Acc: 65.38%
  Batch [350/391] Loss: 1.0133, Acc: 64.93%
[Epoch 12] Train Loss: 1.0007, Acc: 65.54%  |  Val Loss: 1.3235, Acc: 68.32%  |  Time: 40.3s
[Epoch 12] Summarizing hook timing...

[HOOK_TIMING_SUMMARY] epoch=12
[HOOK_WORK_SUMMARY] label=mpi:recursive_doubling_zfp_online_coll:rate16 calls=3128 work_total_ms=34816.507 work_mean_ms=11.131 work_min_ms=3.055 work_max_ms=61.078
[HOOK_TAIL_SUMMARY] label=mpi:recursive_doubling_zfp_online_coll:rate16 steps=391 tail_total_ms=31444.220 tail_mean_ms=80.420 tail_min_ms=71.897 tail_max_ms=139.193
[Epoch 12] Hook timing summary done

[Epoch 13] Training... (lr=0.000377)
  Batch [50/391] Loss: 0.9438, Acc: 64.75%
  Batch [100/391] Loss: 0.9389, Acc: 67.75%
  Batch [150/391] Loss: 0.9334, Acc: 67.92%
  Batch [200/391] Loss: 0.9165, Acc: 68.69%
  Batch [250/391] Loss: 0.9076, Acc: 69.40%
  Batch [300/391] Loss: 0.9188, Acc: 68.88%
  Batch [350/391] Loss: 0.9139, Acc: 69.21%
[Epoch 13] Train Loss: 0.9074, Acc: 69.28%  |  Val Loss: 1.0673, Acc: 71.52%  |  Time: 40.4s
  -> Best model saved (71.52%)
[Epoch 13] Summarizing hook timing...

[HOOK_TIMING_SUMMARY] epoch=13
[HOOK_WORK_SUMMARY] label=mpi:recursive_doubling_zfp_online_coll:rate16 calls=3128 work_total_ms=34528.732 work_mean_ms=11.039 work_min_ms=3.093 work_max_ms=35.487
[HOOK_TAIL_SUMMARY] label=mpi:recursive_doubling_zfp_online_coll:rate16 steps=391 tail_total_ms=31034.135 tail_mean_ms=79.371 tail_min_ms=68.503 tail_max_ms=112.092
[Epoch 13] Hook timing summary done

[Epoch 14] Training... (lr=0.000299)
  Batch [50/391] Loss: 0.9903, Acc: 65.50%
  Batch [100/391] Loss: 0.9852, Acc: 66.38%
  Batch [150/391] Loss: 0.9866, Acc: 66.42%
  Batch [200/391] Loss: 0.9830, Acc: 65.69%
  Batch [250/391] Loss: 0.9736, Acc: 66.55%
  Batch [300/391] Loss: 0.9696, Acc: 66.79%
  Batch [350/391] Loss: 0.9624, Acc: 67.25%
[Epoch 14] Train Loss: 0.9658, Acc: 67.07%  |  Val Loss: 1.4153, Acc: 68.80%  |  Time: 40.4s
[Epoch 14] Summarizing hook timing...

[HOOK_TIMING_SUMMARY] epoch=14
[HOOK_WORK_SUMMARY] label=mpi:recursive_doubling_zfp_online_coll:rate16 calls=3128 work_total_ms=34482.989 work_mean_ms=11.024 work_min_ms=3.096 work_max_ms=28.476
[HOOK_TAIL_SUMMARY] label=mpi:recursive_doubling_zfp_online_coll:rate16 steps=391 tail_total_ms=30987.799 tail_mean_ms=79.253 tail_min_ms=69.532 tail_max_ms=88.629
[Epoch 14] Hook timing summary done

[Epoch 15] Training... (lr=0.000227)
  Batch [50/391] Loss: 0.9224, Acc: 68.25%
  Batch [100/391] Loss: 0.9510, Acc: 67.38%
  Batch [150/391] Loss: 0.9304, Acc: 67.75%
  Batch [200/391] Loss: 0.9129, Acc: 68.19%
  Batch [250/391] Loss: 0.9068, Acc: 68.70%
  Batch [300/391] Loss: 0.9048, Acc: 69.04%
  Batch [350/391] Loss: 0.9044, Acc: 69.07%
[Epoch 15] Train Loss: 0.9000, Acc: 69.18%  |  Val Loss: 0.9589, Acc: 74.40%  |  Time: 42.1s
  -> Best model saved (74.40%)
[Epoch 15] Summarizing hook timing...

[HOOK_TIMING_SUMMARY] epoch=15
[HOOK_WORK_SUMMARY] label=mpi:recursive_doubling_zfp_online_coll:rate16 calls=3128 work_total_ms=35745.117 work_mean_ms=11.427 work_min_ms=3.797 work_max_ms=505.269
[HOOK_TAIL_SUMMARY] label=mpi:recursive_doubling_zfp_online_coll:rate16 steps=391 tail_total_ms=32379.986 tail_mean_ms=82.813 tail_min_ms=70.821 tail_max_ms=573.747
[Epoch 15] Hook timing summary done

[Epoch 16] Training... (lr=0.000161)
  Batch [50/391] Loss: 0.9330, Acc: 68.50%
  Batch [100/391] Loss: 0.9210, Acc: 68.50%
  Batch [150/391] Loss: 0.9023, Acc: 69.58%
  Batch [200/391] Loss: 0.8885, Acc: 70.38%
  Batch [250/391] Loss: 0.8884, Acc: 70.30%
  Batch [300/391] Loss: 0.8888, Acc: 70.12%
  Batch [350/391] Loss: 0.8984, Acc: 69.61%
[Epoch 16] Train Loss: 0.9009, Acc: 69.66%  |  Val Loss: 1.6124, Acc: 69.76%  |  Time: 40.4s
[Epoch 16] Summarizing hook timing...

[HOOK_TIMING_SUMMARY] epoch=16
[HOOK_WORK_SUMMARY] label=mpi:recursive_doubling_zfp_online_coll:rate16 calls=3128 work_total_ms=34670.812 work_mean_ms=11.084 work_min_ms=3.086 work_max_ms=28.305
[HOOK_TAIL_SUMMARY] label=mpi:recursive_doubling_zfp_online_coll:rate16 steps=391 tail_total_ms=31163.029 tail_mean_ms=79.701 tail_min_ms=71.728 tail_max_ms=90.195
[Epoch 16] Hook timing summary done

[Epoch 17] Training... (lr=0.000105)
  Batch [50/391] Loss: 0.9402, Acc: 66.25%
  Batch [100/391] Loss: 0.9051, Acc: 67.50%
  Batch [150/391] Loss: 0.9089, Acc: 68.00%
  Batch [200/391] Loss: 0.9117, Acc: 69.25%
  Batch [250/391] Loss: 0.8883, Acc: 69.90%
  Batch [300/391] Loss: 0.8945, Acc: 69.88%
  Batch [350/391] Loss: 0.8962, Acc: 69.64%
[Epoch 17] Train Loss: 0.9072, Acc: 69.38%  |  Val Loss: 1.1829, Acc: 72.32%  |  Time: 40.5s
[Epoch 17] Summarizing hook timing...

[HOOK_TIMING_SUMMARY] epoch=17
[HOOK_WORK_SUMMARY] label=mpi:recursive_doubling_zfp_online_coll:rate16 calls=3128 work_total_ms=34840.282 work_mean_ms=11.138 work_min_ms=2.964 work_max_ms=45.924
[HOOK_TAIL_SUMMARY] label=mpi:recursive_doubling_zfp_online_coll:rate16 steps=391 tail_total_ms=31381.145 tail_mean_ms=80.259 tail_min_ms=72.004 tail_max_ms=120.516
[Epoch 17] Hook timing summary done

[Epoch 18] Training... (lr=0.000060)
  Batch [50/391] Loss: 0.9367, Acc: 65.50%
  Batch [100/391] Loss: 0.8987, Acc: 67.62%
  Batch [150/391] Loss: 0.9016, Acc: 68.50%
  Batch [200/391] Loss: 0.8913, Acc: 69.12%
  Batch [250/391] Loss: 0.9022, Acc: 68.70%
  Batch [300/391] Loss: 0.9210, Acc: 68.25%
  Batch [350/391] Loss: 0.9205, Acc: 68.46%
[Epoch 18] Train Loss: 0.9167, Acc: 68.51%  |  Val Loss: 1.2254, Acc: 71.52%  |  Time: 40.5s
[Epoch 18] Summarizing hook timing...

[HOOK_TIMING_SUMMARY] epoch=18
[HOOK_WORK_SUMMARY] label=mpi:recursive_doubling_zfp_online_coll:rate16 calls=3128 work_total_ms=34556.148 work_mean_ms=11.047 work_min_ms=2.967 work_max_ms=42.803
[HOOK_TAIL_SUMMARY] label=mpi:recursive_doubling_zfp_online_coll:rate16 steps=391 tail_total_ms=31048.576 tail_mean_ms=79.408 tail_min_ms=70.686 tail_max_ms=116.422
[Epoch 18] Hook timing summary done

[Epoch 19] Training... (lr=0.000027)
  Batch [50/391] Loss: 0.8815, Acc: 69.00%
  Batch [100/391] Loss: 0.8974, Acc: 67.38%
  Batch [150/391] Loss: 0.8850, Acc: 67.42%
  Batch [200/391] Loss: 0.8795, Acc: 68.94%
  Batch [250/391] Loss: 0.8843, Acc: 68.90%
  Batch [300/391] Loss: 0.8716, Acc: 69.21%
  Batch [350/391] Loss: 0.8791, Acc: 69.29%
[Epoch 19] Train Loss: 0.8811, Acc: 69.25%  |  Val Loss: 1.2506, Acc: 71.20%  |  Time: 40.8s
[Epoch 19] Summarizing hook timing...

[HOOK_TIMING_SUMMARY] epoch=19
[HOOK_WORK_SUMMARY] label=mpi:recursive_doubling_zfp_online_coll:rate16 calls=3128 work_total_ms=35267.347 work_mean_ms=11.275 work_min_ms=3.374 work_max_ms=98.580
[HOOK_TAIL_SUMMARY] label=mpi:recursive_doubling_zfp_online_coll:rate16 steps=391 tail_total_ms=31905.511 tail_mean_ms=81.600 tail_min_ms=72.058 tail_max_ms=166.361
[Epoch 19] Hook timing summary done

[Epoch 20] Training... (lr=0.000007)
  Batch [50/391] Loss: 0.8575, Acc: 69.25%
  Batch [100/391] Loss: 0.9246, Acc: 68.62%
  Batch [150/391] Loss: 0.8915, Acc: 70.00%
  Batch [200/391] Loss: 0.8762, Acc: 70.00%
  Batch [250/391] Loss: 0.8788, Acc: 69.95%
  Batch [300/391] Loss: 0.8722, Acc: 70.08%
  Batch [350/391] Loss: 0.8830, Acc: 69.75%
[Epoch 20] Train Loss: 0.8889, Acc: 69.44%  |  Val Loss: 0.9797, Acc: 73.60%  |  Time: 40.4s
[Epoch 20] Summarizing hook timing...

[HOOK_TIMING_SUMMARY] epoch=20
[HOOK_WORK_SUMMARY] label=mpi:recursive_doubling_zfp_online_coll:rate16 calls=3128 work_total_ms=35026.537 work_mean_ms=11.198 work_min_ms=3.574 work_max_ms=39.166
[HOOK_TAIL_SUMMARY] label=mpi:recursive_doubling_zfp_online_coll:rate16 steps=391 tail_total_ms=31676.073 tail_mean_ms=81.013 tail_min_ms=72.906 tail_max_ms=118.195
[Epoch 20] Hook timing summary done

================================================================================
Done in 820.3s | Best val acc: 74.40%
Epoch times: mean=40.6s  min=40.2s  max=42.1s
================================================================================
=== Finished training: backend=mpi, hook=recursive_doubling_zfp_online_coll, zfp_rate=16, status=0 at Fri May 22 01:26:20 AM UTC 2026 ===
=== Starting training: backend=mpi, hook=recursive_doubling_zfp_online_coll, zfp_rate=8 at Fri May 22 01:26:20 AM UTC 2026 ===

================================================================================
DISTRIBUTED TRAINING LAUNCHER
================================================================================
  Model:      wide_resnet50_2 (pretrained)
  Dataset:    cifar10 (10 classes)
  Backend:    mpi
  Algorithm:  recursive_doubling_zfp_online_coll
  ZFP rate:   8
  Epochs:     20
  Batch/rank: 8
  LR:         0.001
================================================================================


================================================================================
Distributed Training: WIDE_RESNET50_2 on CIFAR10
Backend: MPI, Algorithm: recursive_doubling_zfp_online_coll
================================================================================
Ranks: 16, Epochs: 20, Batch/rank: 8, Effective batch: 128
LR: 0.001, Device: cuda:0

[Setup] Model on cuda:0, wrapped in DDP (static_graph=True)
[Setup] Hook registered: mpi/recursive_doubling_zfp_online_coll

================================================================================
DISTRIBUTED TRAINING LAUNCHER
================================================================================
  Model:      wide_resnet50_2 (pretrained)
  Dataset:    cifar10 (10 classes)
  Backend:    mpi
  Algorithm:  recursive_doubling_zfp_online_coll
  ZFP rate:   8
  Epochs:     20
  Batch/rank: 8
  LR:         0.001
================================================================================


================================================================================
DISTRIBUTED TRAINING LAUNCHER
================================================================================
  Model:      wide_resnet50_2 (pretrained)
  Dataset:    cifar10 (10 classes)
  Backend:    mpi
  Algorithm:  recursive_doubling_zfp_online_coll
  ZFP rate:   8
  Epochs:     20
  Batch/rank: 8
  LR:         0.001
================================================================================


================================================================================
DISTRIBUTED TRAINING LAUNCHER
================================================================================
  Model:      wide_resnet50_2 (pretrained)
  Dataset:    cifar10 (10 classes)
  Backend:    mpi
  Algorithm:  recursive_doubling_zfp_online_coll
  ZFP rate:   8
  Epochs:     20
  Batch/rank: 8
  LR:         0.001
================================================================================


================================================================================
DISTRIBUTED TRAINING LAUNCHER
================================================================================
  Model:      wide_resnet50_2 (pretrained)
  Dataset:    cifar10 (10 classes)
  Backend:    mpi
  Algorithm:  recursive_doubling_zfp_online_coll
  ZFP rate:   8
  Epochs:     20
  Batch/rank: 8
  LR:         0.001
================================================================================


================================================================================
DISTRIBUTED TRAINING LAUNCHER
================================================================================
  Model:      wide_resnet50_2 (pretrained)
  Dataset:    cifar10 (10 classes)
  Backend:    mpi
  Algorithm:  recursive_doubling_zfp_online_coll
  ZFP rate:   8
  Epochs:     20
  Batch/rank: 8
  LR:         0.001
================================================================================


================================================================================
DISTRIBUTED TRAINING LAUNCHER
================================================================================
  Model:      wide_resnet50_2 (pretrained)
  Dataset:    cifar10 (10 classes)
  Backend:    mpi
  Algorithm:  recursive_doubling_zfp_online_coll
  ZFP rate:   8
  Epochs:     20
  Batch/rank: 8
  LR:         0.001
================================================================================

[Data] Train batches: 391, Val batches: 79


[Epoch 1] Training... (lr=0.000001)

================================================================================
DISTRIBUTED TRAINING LAUNCHER
================================================================================
  Model:      wide_resnet50_2 (pretrained)
  Dataset:    cifar10 (10 classes)
  Backend:    mpi
  Algorithm:  recursive_doubling_zfp_online_coll
  ZFP rate:   8
  Epochs:     20
  Batch/rank: 8
  LR:         0.001
================================================================================


================================================================================
DISTRIBUTED TRAINING LAUNCHER
================================================================================
  Model:      wide_resnet50_2 (pretrained)
  Dataset:    cifar10 (10 classes)
  Backend:    mpi
  Algorithm:  recursive_doubling_zfp_online_coll
  ZFP rate:   8
  Epochs:     20
  Batch/rank: 8
  LR:         0.001
================================================================================


================================================================================
DISTRIBUTED TRAINING LAUNCHER
================================================================================
  Model:      wide_resnet50_2 (pretrained)
  Dataset:    cifar10 (10 classes)
  Backend:    mpi
  Algorithm:  recursive_doubling_zfp_online_coll
  ZFP rate:   8
  Epochs:     20
  Batch/rank: 8
  LR:         0.001
================================================================================


================================================================================
DISTRIBUTED TRAINING LAUNCHER
================================================================================
  Model:      wide_resnet50_2 (pretrained)
  Dataset:    cifar10 (10 classes)
  Backend:    mpi
  Algorithm:  recursive_doubling_zfp_online_coll
  ZFP rate:   8
  Epochs:     20
  Batch/rank: 8
  LR:         0.001
================================================================================


================================================================================
DISTRIBUTED TRAINING LAUNCHER
================================================================================
  Model:      wide_resnet50_2 (pretrained)
  Dataset:    cifar10 (10 classes)
  Backend:    mpi
  Algorithm:  recursive_doubling_zfp_online_coll
  ZFP rate:   8
  Epochs:     20
  Batch/rank: 8
  LR:         0.001
================================================================================


================================================================================
DISTRIBUTED TRAINING LAUNCHER
================================================================================
  Model:      wide_resnet50_2 (pretrained)
  Dataset:    cifar10 (10 classes)
  Backend:    mpi
  Algorithm:  recursive_doubling_zfp_online_coll
  ZFP rate:   8
  Epochs:     20
  Batch/rank: 8
  LR:         0.001
================================================================================


================================================================================
DISTRIBUTED TRAINING LAUNCHER
================================================================================
  Model:      wide_resnet50_2 (pretrained)
  Dataset:    cifar10 (10 classes)
  Backend:    mpi
  Algorithm:  recursive_doubling_zfp_online_coll
  ZFP rate:   8
  Epochs:     20
  Batch/rank: 8
  LR:         0.001
================================================================================


================================================================================
DISTRIBUTED TRAINING LAUNCHER
================================================================================
  Model:      wide_resnet50_2 (pretrained)
  Dataset:    cifar10 (10 classes)
  Backend:    mpi
  Algorithm:  recursive_doubling_zfp_online_coll
  ZFP rate:   8
  Epochs:     20
  Batch/rank: 8
  LR:         0.001
================================================================================


================================================================================
DISTRIBUTED TRAINING LAUNCHER
================================================================================
  Model:      wide_resnet50_2 (pretrained)
  Dataset:    cifar10 (10 classes)
  Backend:    mpi
  Algorithm:  recursive_doubling_zfp_online_coll
  ZFP rate:   8
  Epochs:     20
  Batch/rank: 8
  LR:         0.001
================================================================================

  Batch [50/391] Loss: 2.3575, Acc: 9.50%
  Batch [100/391] Loss: 2.3490, Acc: 10.50%
  Batch [150/391] Loss: 2.3532, Acc: 10.08%
  Batch [200/391] Loss: 2.3485, Acc: 10.31%
  Batch [250/391] Loss: 2.3491, Acc: 10.70%
  Batch [300/391] Loss: 2.3493, Acc: 10.17%
  Batch [350/391] Loss: 2.3475, Acc: 10.46%
[Epoch 1] Train Loss: 2.3490, Acc: 10.30%  |  Val Loss: 23954.5426, Acc: 8.32%  |  Time: 27.4s
  -> Best model saved (8.32%)
[Epoch 1] Summarizing hook timing...

[HOOK_TIMING_SUMMARY] epoch=1
[HOOK_WORK_SUMMARY] label=mpi:recursive_doubling_zfp_online_coll:rate8 calls=3114 work_total_ms=20722.238 work_mean_ms=6.655 work_min_ms=2.335 work_max_ms=133.195
[HOOK_TAIL_SUMMARY] label=mpi:recursive_doubling_zfp_online_coll:rate8 steps=392 tail_total_ms=17252.850 tail_mean_ms=44.012 tail_min_ms=6.132 tail_max_ms=165.299
[Epoch 1] Hook timing summary done

[Epoch 2] Training... (lr=0.001000)
  Batch [50/391] Loss: 2.2900, Acc: 14.75%
  Batch [100/391] Loss: 2.2109, Acc: 17.50%
  Batch [150/391] Loss: 2.1711, Acc: 21.42%
  Batch [200/391] Loss: 2.1116, Acc: 23.38%
  Batch [250/391] Loss: 2.0640, Acc: 25.45%
  Batch [300/391] Loss: 2.0103, Acc: 27.29%
  Batch [350/391] Loss: 1.9666, Acc: 29.32%
[Epoch 2] Train Loss: 1.9329, Acc: 31.01%  |  Val Loss: 75.4926, Acc: 44.80%  |  Time: 26.2s
  -> Best model saved (44.80%)
[Epoch 2] Summarizing hook timing...

[HOOK_TIMING_SUMMARY] epoch=2
[HOOK_WORK_SUMMARY] label=mpi:recursive_doubling_zfp_online_coll:rate8 calls=3128 work_total_ms=20531.426 work_mean_ms=6.564 work_min_ms=2.361 work_max_ms=15.391
[HOOK_TAIL_SUMMARY] label=mpi:recursive_doubling_zfp_online_coll:rate8 steps=391 tail_total_ms=17132.585 tail_mean_ms=43.817 tail_min_ms=40.246 tail_max_ms=48.503
[Epoch 2] Hook timing summary done

[Epoch 3] Training... (lr=0.000993)
  Batch [50/391] Loss: 1.6510, Acc: 42.25%
  Batch [100/391] Loss: 1.6382, Acc: 42.88%
  Batch [150/391] Loss: 1.5738, Acc: 44.75%
  Batch [200/391] Loss: 1.5507, Acc: 45.38%
  Batch [250/391] Loss: 1.5294, Acc: 45.95%
  Batch [300/391] Loss: 1.5058, Acc: 46.83%
  Batch [350/391] Loss: 1.4901, Acc: 47.39%
[Epoch 3] Train Loss: 1.4725, Acc: 47.97%  |  Val Loss: 5.8191, Acc: 58.08%  |  Time: 26.0s
  -> Best model saved (58.08%)
[Epoch 3] Summarizing hook timing...

[HOOK_TIMING_SUMMARY] epoch=3
[HOOK_WORK_SUMMARY] label=mpi:recursive_doubling_zfp_online_coll:rate8 calls=3128 work_total_ms=20519.254 work_mean_ms=6.560 work_min_ms=2.787 work_max_ms=13.696
[HOOK_TAIL_SUMMARY] label=mpi:recursive_doubling_zfp_online_coll:rate8 steps=391 tail_total_ms=17185.109 tail_mean_ms=43.952 tail_min_ms=39.457 tail_max_ms=48.480
[Epoch 3] Hook timing summary done

[Epoch 4] Training... (lr=0.000973)
  Batch [50/391] Loss: 1.3158, Acc: 56.75%
  Batch [100/391] Loss: 1.3490, Acc: 53.00%
  Batch [150/391] Loss: 1.3215, Acc: 54.25%
  Batch [200/391] Loss: 1.3322, Acc: 53.75%
  Batch [250/391] Loss: 1.3180, Acc: 54.90%
  Batch [300/391] Loss: 1.3138, Acc: 54.96%
  Batch [350/391] Loss: 1.3062, Acc: 55.11%
[Epoch 4] Train Loss: 1.3024, Acc: 55.23%  |  Val Loss: 12.8370, Acc: 59.68%  |  Time: 26.0s
  -> Best model saved (59.68%)
[Epoch 4] Summarizing hook timing...

[HOOK_TIMING_SUMMARY] epoch=4
[HOOK_WORK_SUMMARY] label=mpi:recursive_doubling_zfp_online_coll:rate8 calls=3128 work_total_ms=20512.876 work_mean_ms=6.558 work_min_ms=2.768 work_max_ms=14.781
[HOOK_TAIL_SUMMARY] label=mpi:recursive_doubling_zfp_online_coll:rate8 steps=391 tail_total_ms=17171.653 tail_mean_ms=43.917 tail_min_ms=41.255 tail_max_ms=48.307
[Epoch 4] Hook timing summary done

[Epoch 5] Training... (lr=0.000940)
  Batch [50/391] Loss: 1.2470, Acc: 57.00%
  Batch [100/391] Loss: 1.2553, Acc: 57.25%
  Batch [150/391] Loss: 1.2296, Acc: 57.92%
  Batch [200/391] Loss: 1.2081, Acc: 58.62%
  Batch [250/391] Loss: 1.2228, Acc: 58.10%
  Batch [300/391] Loss: 1.2068, Acc: 58.67%
  Batch [350/391] Loss: 1.2147, Acc: 58.18%
[Epoch 5] Train Loss: 1.2171, Acc: 58.21%  |  Val Loss: 5.2605, Acc: 63.20%  |  Time: 26.0s
  -> Best model saved (63.20%)
[Epoch 5] Summarizing hook timing...

[HOOK_TIMING_SUMMARY] epoch=5
[HOOK_WORK_SUMMARY] label=mpi:recursive_doubling_zfp_online_coll:rate8 calls=3128 work_total_ms=20536.828 work_mean_ms=6.565 work_min_ms=2.585 work_max_ms=16.299
[HOOK_TAIL_SUMMARY] label=mpi:recursive_doubling_zfp_online_coll:rate8 steps=391 tail_total_ms=17187.960 tail_mean_ms=43.959 tail_min_ms=40.153 tail_max_ms=48.580
[Epoch 5] Hook timing summary done

[Epoch 6] Training... (lr=0.000895)
  Batch [50/391] Loss: 1.1497, Acc: 59.25%
  Batch [100/391] Loss: 1.1804, Acc: 58.25%
  Batch [150/391] Loss: 1.1668, Acc: 58.92%
  Batch [200/391] Loss: 1.1525, Acc: 59.31%
  Batch [250/391] Loss: 1.1689, Acc: 58.90%
  Batch [300/391] Loss: 1.1696, Acc: 58.88%
  Batch [350/391] Loss: 1.1711, Acc: 58.75%
[Epoch 6] Train Loss: 1.1729, Acc: 58.78%  |  Val Loss: 2.3954, Acc: 63.36%  |  Time: 26.0s
  -> Best model saved (63.36%)
[Epoch 6] Summarizing hook timing...

[HOOK_TIMING_SUMMARY] epoch=6
[HOOK_WORK_SUMMARY] label=mpi:recursive_doubling_zfp_online_coll:rate8 calls=3128 work_total_ms=20311.135 work_mean_ms=6.493 work_min_ms=2.216 work_max_ms=14.942
[HOOK_TAIL_SUMMARY] label=mpi:recursive_doubling_zfp_online_coll:rate8 steps=391 tail_total_ms=16815.794 tail_mean_ms=43.007 tail_min_ms=39.795 tail_max_ms=48.386
[Epoch 6] Hook timing summary done

[Epoch 7] Training... (lr=0.000839)
  Batch [50/391] Loss: 1.0840, Acc: 63.50%
  Batch [100/391] Loss: 1.0779, Acc: 63.00%
  Batch [150/391] Loss: 1.0781, Acc: 63.08%
  Batch [200/391] Loss: 1.0827, Acc: 62.25%
  Batch [250/391] Loss: 1.0817, Acc: 62.40%
  Batch [300/391] Loss: 1.0855, Acc: 62.38%
  Batch [350/391] Loss: 1.0770, Acc: 62.82%
[Epoch 7] Train Loss: 1.0870, Acc: 62.46%  |  Val Loss: 2.4101, Acc: 67.68%  |  Time: 26.0s
  -> Best model saved (67.68%)
[Epoch 7] Summarizing hook timing...

[HOOK_TIMING_SUMMARY] epoch=7
[HOOK_WORK_SUMMARY] label=mpi:recursive_doubling_zfp_online_coll:rate8 calls=3128 work_total_ms=20427.885 work_mean_ms=6.531 work_min_ms=2.252 work_max_ms=13.516
[HOOK_TAIL_SUMMARY] label=mpi:recursive_doubling_zfp_online_coll:rate8 steps=391 tail_total_ms=17010.657 tail_mean_ms=43.506 tail_min_ms=40.112 tail_max_ms=49.949
[Epoch 7] Hook timing summary done

[Epoch 8] Training... (lr=0.000773)
  Batch [50/391] Loss: 1.0669, Acc: 60.25%
  Batch [100/391] Loss: 1.0302, Acc: 62.88%
  Batch [150/391] Loss: 1.0613, Acc: 62.08%
  Batch [200/391] Loss: 1.0465, Acc: 62.94%
  Batch [250/391] Loss: 1.0646, Acc: 62.15%
  Batch [300/391] Loss: 1.0660, Acc: 62.17%
  Batch [350/391] Loss: 1.1021, Acc: 61.00%
[Epoch 8] Train Loss: 1.1320, Acc: 59.90%  |  Val Loss: 1.0027, Acc: 66.08%  |  Time: 25.9s
[Epoch 8] Summarizing hook timing...

[HOOK_TIMING_SUMMARY] epoch=8
[HOOK_WORK_SUMMARY] label=mpi:recursive_doubling_zfp_online_coll:rate8 calls=3128 work_total_ms=20274.225 work_mean_ms=6.482 work_min_ms=2.231 work_max_ms=14.720
[HOOK_TAIL_SUMMARY] label=mpi:recursive_doubling_zfp_online_coll:rate8 steps=391 tail_total_ms=16864.656 tail_mean_ms=43.132 tail_min_ms=40.437 tail_max_ms=47.993
[Epoch 8] Hook timing summary done

[Epoch 9] Training... (lr=0.000701)
  Batch [50/391] Loss: 1.3698, Acc: 51.75%
  Batch [100/391] Loss: 1.3488, Acc: 52.12%
  Batch [150/391] Loss: 1.3090, Acc: 54.50%
  Batch [200/391] Loss: 1.2729, Acc: 55.69%
  Batch [250/391] Loss: 1.2587, Acc: 56.30%
  Batch [300/391] Loss: 1.2471, Acc: 56.75%
  Batch [350/391] Loss: 1.2353, Acc: 57.36%
[Epoch 9] Train Loss: 1.2339, Acc: 57.18%  |  Val Loss: 0.8654, Acc: 71.04%  |  Time: 26.0s
  -> Best model saved (71.04%)
[Epoch 9] Summarizing hook timing...

[HOOK_TIMING_SUMMARY] epoch=9
[HOOK_WORK_SUMMARY] label=mpi:recursive_doubling_zfp_online_coll:rate8 calls=3128 work_total_ms=20196.987 work_mean_ms=6.457 work_min_ms=2.144 work_max_ms=33.881
[HOOK_TAIL_SUMMARY] label=mpi:recursive_doubling_zfp_online_coll:rate8 steps=391 tail_total_ms=16731.188 tail_mean_ms=42.791 tail_min_ms=39.526 tail_max_ms=73.197
[Epoch 9] Hook timing summary done

[Epoch 10] Training... (lr=0.000623)
  Batch [50/391] Loss: 1.1211, Acc: 62.00%
  Batch [100/391] Loss: 1.1252, Acc: 61.88%
  Batch [150/391] Loss: 1.1419, Acc: 61.67%
  Batch [200/391] Loss: 1.1355, Acc: 61.69%
  Batch [250/391] Loss: 1.1421, Acc: 60.80%
  Batch [300/391] Loss: 1.1368, Acc: 60.62%
  Batch [350/391] Loss: 1.1344, Acc: 60.18%
[Epoch 10] Train Loss: 1.1291, Acc: 60.22%  |  Val Loss: 0.8094, Acc: 74.08%  |  Time: 25.9s
  -> Best model saved (74.08%)
[Epoch 10] Summarizing hook timing...

[HOOK_TIMING_SUMMARY] epoch=10
[HOOK_WORK_SUMMARY] label=mpi:recursive_doubling_zfp_online_coll:rate8 calls=3128 work_total_ms=20160.358 work_mean_ms=6.445 work_min_ms=2.191 work_max_ms=13.857
[HOOK_TAIL_SUMMARY] label=mpi:recursive_doubling_zfp_online_coll:rate8 steps=391 tail_total_ms=16674.290 tail_mean_ms=42.645 tail_min_ms=39.109 tail_max_ms=47.052
[Epoch 10] Hook timing summary done

[Epoch 11] Training... (lr=0.000541)
  Batch [50/391] Loss: 1.0567, Acc: 64.25%
  Batch [100/391] Loss: 1.0977, Acc: 61.38%
  Batch [150/391] Loss: 1.1587, Acc: 59.92%
  Batch [200/391] Loss: 1.1549, Acc: 59.62%
  Batch [250/391] Loss: 1.1201, Acc: 60.45%
  Batch [300/391] Loss: 1.0978, Acc: 61.67%
  Batch [350/391] Loss: 1.0869, Acc: 61.79%
[Epoch 11] Train Loss: 1.0861, Acc: 62.18%  |  Val Loss: 0.8118, Acc: 72.16%  |  Time: 26.0s
[Epoch 11] Summarizing hook timing...

[HOOK_TIMING_SUMMARY] epoch=11
[HOOK_WORK_SUMMARY] label=mpi:recursive_doubling_zfp_online_coll:rate8 calls=3128 work_total_ms=20179.144 work_mean_ms=6.451 work_min_ms=2.170 work_max_ms=15.281
[HOOK_TAIL_SUMMARY] label=mpi:recursive_doubling_zfp_online_coll:rate8 steps=391 tail_total_ms=16713.581 tail_mean_ms=42.746 tail_min_ms=39.289 tail_max_ms=47.714
[Epoch 11] Hook timing summary done

[Epoch 12] Training... (lr=0.000459)
  Batch [50/391] Loss: 1.0855, Acc: 61.50%
  Batch [100/391] Loss: 1.1145, Acc: 61.12%
  Batch [150/391] Loss: 1.0985, Acc: 61.83%
  Batch [200/391] Loss: 1.0852, Acc: 62.38%
  Batch [250/391] Loss: 1.0872, Acc: 62.30%
  Batch [300/391] Loss: 1.0748, Acc: 63.04%
  Batch [350/391] Loss: 1.0761, Acc: 63.07%
[Epoch 12] Train Loss: 1.0665, Acc: 63.52%  |  Val Loss: 0.8741, Acc: 72.32%  |  Time: 25.9s
[Epoch 12] Summarizing hook timing...

[HOOK_TIMING_SUMMARY] epoch=12
[HOOK_WORK_SUMMARY] label=mpi:recursive_doubling_zfp_online_coll:rate8 calls=3128 work_total_ms=20140.048 work_mean_ms=6.439 work_min_ms=2.194 work_max_ms=27.780
[HOOK_TAIL_SUMMARY] label=mpi:recursive_doubling_zfp_online_coll:rate8 steps=391 tail_total_ms=16672.354 tail_mean_ms=42.640 tail_min_ms=38.858 tail_max_ms=67.763
[Epoch 12] Hook timing summary done

[Epoch 13] Training... (lr=0.000377)
  Batch [50/391] Loss: 1.0702, Acc: 63.00%
  Batch [100/391] Loss: 1.0586, Acc: 63.75%
  Batch [150/391] Loss: 1.0390, Acc: 64.25%
  Batch [200/391] Loss: 1.0230, Acc: 64.62%
  Batch [250/391] Loss: 0.9933, Acc: 65.75%
  Batch [300/391] Loss: 0.9959, Acc: 65.54%
  Batch [350/391] Loss: 0.9967, Acc: 65.75%
[Epoch 13] Train Loss: 0.9912, Acc: 66.08%  |  Val Loss: 0.6786, Acc: 77.12%  |  Time: 25.9s
  -> Best model saved (77.12%)
[Epoch 13] Summarizing hook timing...

[HOOK_TIMING_SUMMARY] epoch=13
[HOOK_WORK_SUMMARY] label=mpi:recursive_doubling_zfp_online_coll:rate8 calls=3128 work_total_ms=20399.778 work_mean_ms=6.522 work_min_ms=2.481 work_max_ms=50.585
[HOOK_TAIL_SUMMARY] label=mpi:recursive_doubling_zfp_online_coll:rate8 steps=391 tail_total_ms=17035.665 tail_mean_ms=43.569 tail_min_ms=40.671 tail_max_ms=91.933
[Epoch 13] Hook timing summary done

[Epoch 14] Training... (lr=0.000299)
  Batch [50/391] Loss: 1.0203, Acc: 65.50%
  Batch [100/391] Loss: 1.0367, Acc: 63.88%
  Batch [150/391] Loss: 1.0411, Acc: 63.33%
=>> PBS: job killed: walltime 3630 exceeded limit 3600
