=== Job started: Wed Jul 22 02:32:44 PM UTC 2026 ===
=== Node: x3004c0s13b1n0 ===
[INFO] GTL preloaded: /opt/cray/pe/mpich/9.0.1/ofi/nvidia/23.3/lib/libmpi_gtl_cuda.so
=============================================
  Polaris DDP + Eagle PyTorch + Cray MPICH
=============================================
Node              : x3004c0s13b1n0
ZFP_HOME          : /home/mrest/mpiAllReduceCompressed/zfp-install
GTL               : /opt/cray/pe/mpich/9.0.1/ofi/nvidia/23.3/lib/libmpi_gtl_cuda.so
MPICH_GPU_SUPPORT : 1

PyTorch version   : 2.8.0a0+gitba56102
PyTorch location  : /lus/eagle/projects/UIC-HPC/mrest/pytorch_mpi_build/src/pytorch/torch/__init__.py
CUDA available    : True 4
MPI available     : True
mpi4py            : MPI VERSION    : CRAY MPICH version 9.0.1.498 (ANL base 4.1.2)
mpi4py rank test  : rank 0 OK
=============================================
MASTER_ADDR=x3004c0s13b1n0.hsn.cm.polaris.alcf.anl.gov
MASTER_PORT=29500
python 3.12.11 | packaged by conda-forge | (main, Jun  4 2025, 14:45:31) [GCC 13.3.0]
torchvision._C spec: ModuleSpec(name='torchvision._C', loader=<_frozen_importlib_external.ExtensionFileLoader object at 0x151fdd74e390>, origin='/soft/applications/conda/2025-09-28/mconda3/lib/python3.12/site-packages/torchvision/_C.so')
origin: /soft/applications/conda/2025-09-28/mconda3/lib/python3.12/site-packages/torchvision/_C.so
=== Starting: model=wide_resnet50_2, ws=8, bs=8, gb=64, lr=0.05, sched=cosine, warmup=0, epochs=5, mom=0.9, wd=5e-4, nesterov=true, wd_bn_bias=false, backend=mpi, hook=none, zfp=none at Wed Jul 22 02:33:23 PM UTC 2026 ===

================================================================================
DISTRIBUTED TRAINING LAUNCHER
================================================================================
  Model:      wide_resnet50_2 (CIFAR stem) (from scratch)
  Dataset:    cifar10 (10 classes)
  Image size: 32
  LR:         0.05
  Momentum:   0.9 (nesterov=True)

================================================================================
DISTRIBUTED TRAINING LAUNCHER
================================================================================
  Model:      wide_resnet50_2 (CIFAR stem) (from scratch)
  Dataset:    cifar10 (10 classes)
  Image size: 32
  LR:         0.05
  Momentum:   0.9 (nesterov=True)
  Optimizer:  sgd
  Weight dec: 0.0005 (on BN/bias=False)
  Backend:    mpi
  Algorithm:  built-in (no hook)
  Epochs:     5
  Batch/rank: 8
  LR:         0.05
  Scheduler:  cosine
  Warmup:     0
  Grad clip:  None
  Drop last:  True
  Data dir:   ./data
================================================================================

  Optimizer:  sgd
  Weight dec: 0.0005 (on BN/bias=False)
  Backend:    mpi
  Algorithm:  built-in (no hook)
  Epochs:     5
  Batch/rank: 8
  LR:         0.05
  Scheduler:  cosine
  Warmup:     0
  Grad clip:  None
  Drop last:  True
  Data dir:   ./data
================================================================================


================================================================================
DISTRIBUTED TRAINING LAUNCHER
================================================================================
  Model:      wide_resnet50_2 (CIFAR stem) (from scratch)
  Dataset:    cifar10 (10 classes)
  Image size: 32
  LR:         0.05
  Momentum:   0.9 (nesterov=True)
  Optimizer:  sgd
  Weight dec: 0.0005 (on BN/bias=False)
  Backend:    mpi
  Algorithm:  built-in (no hook)
  Epochs:     5
  Batch/rank: 8
  LR:         0.05
  Scheduler:  cosine
  Warmup:     0
  Grad clip:  None
  Drop last:  True
  Data dir:   ./data
================================================================================


================================================================================
DISTRIBUTED TRAINING LAUNCHER
================================================================================
  Model:      wide_resnet50_2 (CIFAR stem) (from scratch)
  Dataset:    cifar10 (10 classes)
  Image size: 32
  LR:         0.05
  Momentum:   0.9 (nesterov=True)
  Optimizer:  sgd
  Weight dec: 0.0005 (on BN/bias=False)
  Backend:    mpi
  Algorithm:  built-in (no hook)
  Epochs:     5
  Batch/rank: 8
  LR:         0.05
  Scheduler:  cosine
  Warmup:     0
  Grad clip:  None
  Drop last:  True
  Data dir:   ./data
================================================================================


================================================================================
DISTRIBUTED TRAINING LAUNCHER
================================================================================
  Model:      wide_resnet50_2 (CIFAR stem) (from scratch)
  Dataset:    cifar10 (10 classes)
  Image size: 32

================================================================================
DISTRIBUTED TRAINING LAUNCHER
================================================================================
  Model:      wide_resnet50_2 (CIFAR stem) (from scratch)
  Dataset:    cifar10 (10 classes)
  Image size: 32
  LR:         0.05
  Momentum:   0.9 (nesterov=True)
  Optimizer:  sgd
  Weight dec: 0.0005 (on BN/bias=False)
  Backend:    mpi
  Algorithm:  built-in (no hook)
  Epochs:     5
  Batch/rank: 8
  LR:         0.05
  Scheduler:  cosine
  Warmup:     0
  Grad clip:  None
  Drop last:  True
  Data dir:   ./data
================================================================================

  LR:         0.05
  Momentum:   0.9 (nesterov=True)
  Optimizer:  sgd
  Weight dec: 0.0005 (on BN/bias=False)
  Backend:    mpi
  Algorithm:  built-in (no hook)
  Epochs:     5
  Batch/rank: 8
  LR:         0.05
  Scheduler:  cosine
  Warmup:     0
  Grad clip:  None
  Drop last:  True
  Data dir:   ./data
================================================================================


================================================================================
DISTRIBUTED TRAINING LAUNCHER
================================================================================
  Model:      wide_resnet50_2 (CIFAR stem) (from scratch)
  Dataset:    cifar10 (10 classes)
  Image size: 32
  LR:         0.05
  Momentum:   0.9 (nesterov=True)
  Optimizer:  sgd
  Weight dec: 0.0005 (on BN/bias=False)
  Backend:    mpi
  Algorithm:  built-in (no hook)
  Epochs:     5
  Batch/rank: 8
  LR:         0.05
  Scheduler:  cosine
  Warmup:     0
  Grad clip:  None
  Drop last:  True
  Data dir:   ./data
================================================================================


================================================================================
DISTRIBUTED TRAINING LAUNCHER
================================================================================
  Model:      wide_resnet50_2 (CIFAR stem) (from scratch)
  Dataset:    cifar10 (10 classes)
  Image size: 32
  LR:         0.05
  Momentum:   0.9 (nesterov=True)
  Optimizer:  sgd
  Weight dec: 0.0005 (on BN/bias=False)
  Backend:    mpi
  Algorithm:  built-in (no hook)
  Epochs:     5
  Batch/rank: 8
  LR:         0.05
  Scheduler:  cosine
  Warmup:     0
  Grad clip:  None
  Drop last:  True
  Data dir:   ./data
================================================================================


================================================================================
Distributed Training: WIDE_RESNET50_2 on CIFAR10
Backend: MPI, Algorithm: built-in (no hook)
================================================================================
Ranks: 8, Epochs: 5, Batch/rank: 8, Effective batch: 64
LR: 0.05, Device: cuda:0

[Cache] Pretrained weights cache (TORCH_HOME) = /eagle/UIC-HPC/matilderestelli/pretrained_weights_cache
[Setup] Model on cuda:0, wrapped in DDP (static_graph=True)
[Setup] No hook — using DDP built-in MPI allreduce
[Optim] SGD: lr=0.05 momentum=0.9 nesterov=True wd=0.0005 wd_on_bn_bias=False
[Optim]   group 0: 66,778,816 params, wd=0.0005
[Optim]   group 1: 68,234 params, wd=0.0
[Data] Train batches: 781, Val batches: 1250

[Sched] cosine: steps/epoch=781, total_steps=3905, warmup_steps=0 (0 epochs)


[Epoch 1] Training... (lr at epoch start=0.050000)
  Batch [50/781] Loss: 7.8984, Acc: 12.25%, lr: 0.049980
  Batch [100/781] Loss: 5.1379, Acc: 11.38%, lr: 0.049919
  Batch [150/781] Loss: 4.1861, Acc: 12.42%, lr: 0.049818
  Batch [200/781] Loss: 3.7150, Acc: 12.31%, lr: 0.049677
  Batch [250/781] Loss: 3.4103, Acc: 13.65%, lr: 0.049496
  Batch [300/781] Loss: 3.1960, Acc: 14.79%, lr: 0.049275
  Batch [350/781] Loss: 3.0329, Acc: 16.11%, lr: 0.049015
  Batch [400/781] Loss: 2.9017, Acc: 17.41%, lr: 0.048717
  Batch [450/781] Loss: 2.8092, Acc: 18.06%, lr: 0.048380
  Batch [500/781] Loss: 2.7219, Acc: 19.02%, lr: 0.048005
  Batch [550/781] Loss: 2.6494, Acc: 19.82%, lr: 0.047592
  Batch [600/781] Loss: 2.5782, Acc: 20.65%, lr: 0.047144
  Batch [650/781] Loss: 2.5213, Acc: 21.42%, lr: 0.046659
  Batch [700/781] Loss: 2.4723, Acc: 22.11%, lr: 0.046139
  Batch [750/781] Loss: 2.4302, Acc: 22.57%, lr: 0.045586
[Epoch 1] Train Loss: 2.4028, Acc: 23.10%  |  Val Loss: 1.6682, Acc: 39.75%  |  Time: 41.4s
[Epoch 1] t_iter median: 40.23 ms  (fwd 6.84 | bwd+comm 30.01 | opt 3.23 | data 0.11)  |  train-only epoch: 34.0s
  -> Best model saved (39.75%)
[Epoch 1] Summarizing hook timing...
[HOOK_TIMING_SUMMARY] epoch=1 no hook timing samples
[Epoch 1] Hook timing summary done

[Epoch 2] Training... (lr at epoch start=0.045225)
  Batch [50/781] Loss: 1.7424, Acc: 33.75%, lr: 0.044618
  Batch [100/781] Loss: 1.7640, Acc: 34.62%, lr: 0.043979
  Batch [150/781] Loss: 1.7307, Acc: 36.00%, lr: 0.043309
  Batch [200/781] Loss: 1.7268, Acc: 35.06%, lr: 0.042610
  Batch [250/781] Loss: 1.7204, Acc: 35.65%, lr: 0.041882
  Batch [300/781] Loss: 1.7193, Acc: 35.54%, lr: 0.041127
  Batch [350/781] Loss: 1.7129, Acc: 35.46%, lr: 0.040346
  Batch [400/781] Loss: 1.7038, Acc: 36.09%, lr: 0.039540
  Batch [450/781] Loss: 1.6879, Acc: 36.89%, lr: 0.038710
  Batch [500/781] Loss: 1.6728, Acc: 37.52%, lr: 0.037858
  Batch [550/781] Loss: 1.6520, Acc: 38.39%, lr: 0.036986
  Batch [600/781] Loss: 1.6436, Acc: 38.75%, lr: 0.036094
  Batch [650/781] Loss: 1.6315, Acc: 39.31%, lr: 0.035184
  Batch [700/781] Loss: 1.6205, Acc: 39.52%, lr: 0.034257
  Batch [750/781] Loss: 1.6034, Acc: 40.18%, lr: 0.033316
[Epoch 2] Train Loss: 1.5959, Acc: 40.46%  |  Val Loss: 1.9076, Acc: 46.47%  |  Time: 38.8s
[Epoch 2] t_iter median: 39.98 ms  (fwd 6.94 | bwd+comm 29.68 | opt 3.23 | data 0.11)  |  train-only epoch: 31.6s
  -> Best model saved (46.47%)
[Epoch 2] Summarizing hook timing...
[HOOK_TIMING_SUMMARY] epoch=2 no hook timing samples
[Epoch 2] Hook timing summary done

[Epoch 3] Training... (lr at epoch start=0.032725)
  Batch [50/781] Loss: 1.3553, Acc: 47.75%, lr: 0.031763
  Batch [100/781] Loss: 1.3328, Acc: 51.25%, lr: 0.030790
  Batch [150/781] Loss: 1.3257, Acc: 51.08%, lr: 0.029807
  Batch [200/781] Loss: 1.3306, Acc: 52.06%, lr: 0.028816
  Batch [250/781] Loss: 1.3362, Acc: 52.10%, lr: 0.027820
  Batch [300/781] Loss: 1.3535, Acc: 51.12%, lr: 0.026819
  Batch [350/781] Loss: 1.3339, Acc: 51.96%, lr: 0.025814
  Batch [400/781] Loss: 1.3284, Acc: 52.22%, lr: 0.024809
  Batch [450/781] Loss: 1.3186, Acc: 52.61%, lr: 0.023804
  Batch [500/781] Loss: 1.3051, Acc: 53.05%, lr: 0.022801
  Batch [550/781] Loss: 1.2901, Acc: 53.34%, lr: 0.021801
  Batch [600/781] Loss: 1.2813, Acc: 53.90%, lr: 0.020806
  Batch [650/781] Loss: 1.2863, Acc: 53.81%, lr: 0.019819
  Batch [700/781] Loss: 1.2720, Acc: 54.38%, lr: 0.018839
  Batch [750/781] Loss: 1.2620, Acc: 54.83%, lr: 0.017870
[Epoch 3] Train Loss: 1.2567, Acc: 55.03%  |  Val Loss: 1.0016, Acc: 64.40%  |  Time: 39.1s
[Epoch 3] t_iter median: 40.47 ms  (fwd 6.99 | bwd+comm 30.11 | opt 3.23 | data 0.11)  |  train-only epoch: 31.9s
  -> Best model saved (64.40%)
[Epoch 3] Summarizing hook timing...
[HOOK_TIMING_SUMMARY] epoch=3 no hook timing samples
[Epoch 3] Hook timing summary done

[Epoch 4] Training... (lr at epoch start=0.017275)
  Batch [50/781] Loss: 1.1311, Acc: 60.00%, lr: 0.016325
  Batch [100/781] Loss: 1.1010, Acc: 59.62%, lr: 0.015389
  Batch [150/781] Loss: 1.0789, Acc: 59.75%, lr: 0.014468
  Batch [200/781] Loss: 1.0785, Acc: 60.56%, lr: 0.013565
  Batch [250/781] Loss: 1.0640, Acc: 61.05%, lr: 0.012680
  Batch [300/781] Loss: 1.0480, Acc: 61.96%, lr: 0.011816
  Batch [350/781] Loss: 1.0395, Acc: 62.64%, lr: 0.010972
  Batch [400/781] Loss: 1.0325, Acc: 63.12%, lr: 0.010151
  Batch [450/781] Loss: 1.0147, Acc: 63.61%, lr: 0.009354
  Batch [500/781] Loss: 1.0097, Acc: 63.92%, lr: 0.008583
  Batch [550/781] Loss: 1.0063, Acc: 64.23%, lr: 0.007838
  Batch [600/781] Loss: 1.0040, Acc: 64.29%, lr: 0.007121
  Batch [650/781] Loss: 0.9981, Acc: 64.50%, lr: 0.006433
  Batch [700/781] Loss: 0.9900, Acc: 64.89%, lr: 0.005774
  Batch [750/781] Loss: 0.9796, Acc: 65.10%, lr: 0.005147
[Epoch 4] Train Loss: 0.9751, Acc: 65.22%  |  Val Loss: 0.8172, Acc: 70.80%  |  Time: 39.2s
[Epoch 4] t_iter median: 40.45 ms  (fwd 6.95 | bwd+comm 30.15 | opt 3.23 | data 0.11)  |  train-only epoch: 31.9s
  -> Best model saved (70.80%)
[Epoch 4] Summarizing hook timing...
[HOOK_TIMING_SUMMARY] epoch=4 no hook timing samples
[Epoch 4] Hook timing summary done

[Epoch 5] Training... (lr at epoch start=0.004775)
  Batch [50/781] Loss: 0.8201, Acc: 70.00%, lr: 0.004200
  Batch [100/781] Loss: 0.8255, Acc: 71.38%, lr: 0.003659
  Batch [150/781] Loss: 0.8507, Acc: 69.75%, lr: 0.003153
  Batch [200/781] Loss: 0.8408, Acc: 69.75%, lr: 0.002682
  Batch [250/781] Loss: 0.8204, Acc: 71.00%, lr: 0.002247
  Batch [300/781] Loss: 0.8124, Acc: 71.58%, lr: 0.001849
  Batch [350/781] Loss: 0.8118, Acc: 71.86%, lr: 0.001488
  Batch [400/781] Loss: 0.8181, Acc: 71.53%, lr: 0.001165
  Batch [450/781] Loss: 0.8097, Acc: 71.75%, lr: 0.000881
  Batch [500/781] Loss: 0.8034, Acc: 71.65%, lr: 0.000636
  Batch [550/781] Loss: 0.7968, Acc: 71.98%, lr: 0.000430
  Batch [600/781] Loss: 0.7960, Acc: 71.98%, lr: 0.000265
  Batch [650/781] Loss: 0.7942, Acc: 72.04%, lr: 0.000139
  Batch [700/781] Loss: 0.7920, Acc: 72.21%, lr: 0.000053
  Batch [750/781] Loss: 0.7843, Acc: 72.57%, lr: 0.000008
[Epoch 5] Train Loss: 0.7828, Acc: 72.57%  |  Val Loss: 0.7207, Acc: 74.17%  |  Time: 39.1s
[Epoch 5] t_iter median: 40.44 ms  (fwd 6.91 | bwd+comm 30.20 | opt 3.20 | data 0.11)  |  train-only epoch: 31.9s
  -> Best model saved (74.17%)
[Epoch 5] Summarizing hook timing...
[HOOK_TIMING_SUMMARY] epoch=5 no hook timing samples
[Epoch 5] Hook timing summary done

================================================================================
Done in 201.9s | Best val acc: 74.17%
Epoch times (train+val): mean=39.5s  min=38.8s  max=41.4s
Train-only epoch time (epochs 2..N): median=31.89s  min=31.57s  max=31.93s
  -> use this for STRONG scaling (fixed global batch)
  -> use t_iter_median_ms from the CSV for WEAK scaling (fixed local batch)
================================================================================
=== Finished: model=wide_resnet50_2, dataset=cifar10, batch=8, lr=0.05, scheduler=cosine, backend=mpi, hook=none, zfp_rate=none, status=0 at Wed Jul 22 02:37:09 PM UTC 2026 ===
=== Starting: model=wide_resnet50_2, ws=8, bs=8, gb=64, lr=0.05, sched=cosine, warmup=0, epochs=5, mom=0.9, wd=5e-4, nesterov=true, wd_bn_bias=false, backend=mpi, hook=ring, zfp=none at Wed Jul 22 02:37:09 PM UTC 2026 ===

================================================================================
DISTRIBUTED TRAINING LAUNCHER
================================================================================
  Model:      wide_resnet50_2 (CIFAR stem) (from scratch)

================================================================================
DISTRIBUTED TRAINING LAUNCHER
================================================================================
  Model:      wide_resnet50_2 (CIFAR stem) (from scratch)
  Dataset:    cifar10 (10 classes)
  Image size: 32
  LR:         0.05
  Momentum:   0.9 (nesterov=True)
  Optimizer:  sgd
  Weight dec: 0.0005 (on BN/bias=False)
  Backend:    mpi
  Algorithm:  ring
  Epochs:     5
  Batch/rank: 8
  LR:         0.05
  Scheduler:  cosine
  Warmup:     0
  Grad clip:  None
  Drop last:  True
  Data dir:   ./data
================================================================================

  Dataset:    cifar10 (10 classes)
  Image size: 32
  LR:         0.05
  Momentum:   0.9 (nesterov=True)
  Optimizer:  sgd
  Weight dec: 0.0005 (on BN/bias=False)
  Backend:    mpi
  Algorithm:  ring
  Epochs:     5
  Batch/rank: 8
  LR:         0.05
  Scheduler:  cosine
  Warmup:     0
  Grad clip:  None
  Drop last:  True
  Data dir:   ./data
================================================================================


================================================================================
DISTRIBUTED TRAINING LAUNCHER
================================================================================
  Model:      wide_resnet50_2 (CIFAR stem) (from scratch)
  Dataset:    cifar10 (10 classes)
  Image size: 32
  LR:         0.05
  Momentum:   0.9 (nesterov=True)
  Optimizer:  sgd
  Weight dec: 0.0005 (on BN/bias=False)
  Backend:    mpi
  Algorithm:  ring
  Epochs:     5
  Batch/rank: 8
  LR:         0.05
  Scheduler:  cosine
  Warmup:     0
  Grad clip:  None
  Drop last:  True
  Data dir:   ./data
================================================================================


================================================================================
DISTRIBUTED TRAINING LAUNCHER
================================================================================
  Model:      wide_resnet50_2 (CIFAR stem) (from scratch)
  Dataset:    cifar10 (10 classes)
  Image size: 32
  LR:         0.05
  Momentum:   0.9 (nesterov=True)
  Optimizer:  sgd
  Weight dec: 0.0005 (on BN/bias=False)
  Backend:    mpi
  Algorithm:  ring
  Epochs:     5
  Batch/rank: 8
  LR:         0.05
  Scheduler:  cosine
  Warmup:     0
  Grad clip:  None
  Drop last:  True
  Data dir:   ./data
================================================================================


================================================================================
DISTRIBUTED TRAINING LAUNCHER
================================================================================
  Model:      wide_resnet50_2 (CIFAR stem) (from scratch)
  Dataset:    cifar10 (10 classes)
  Image size: 32
  LR:         0.05
  Momentum:   0.9 (nesterov=True)
  Optimizer:  sgd
  Weight dec: 0.0005 (on BN/bias=False)
  Backend:    mpi
  Algorithm:  ring
  Epochs:     5
  Batch/rank: 8
  LR:         0.05
  Scheduler:  cosine
  Warmup:     0
  Grad clip:  None
  Drop last:  True
  Data dir:   ./data
================================================================================


================================================================================
DISTRIBUTED TRAINING LAUNCHER
================================================================================
DISTRIBUTED TRAINING LAUNCHER
================================================================================
  Model:      wide_resnet50_2 (CIFAR stem) (from scratch)
  Dataset:    cifar10 (10 classes)
  Image size: 32
  LR:         0.05
  Momentum:   0.9 (nesterov=True)
  Optimizer:  sgd
  Weight dec: 0.0005 (on BN/bias=False)
  Backend:    mpi
  Algorithm:  ring
  Epochs:     5
  Batch/rank: 8
  LR:         0.05
  Scheduler:  cosine
  Warmup:     0
  Grad clip:  None
  Drop last:  True
  Data dir:   ./data
================================================================================


================================================================================
  Model:      wide_resnet50_2 (CIFAR stem) (from scratch)
  Dataset:    cifar10 (10 classes)
  Image size: 32
  LR:         0.05
  Momentum:   0.9 (nesterov=True)
  Optimizer:  sgd
  Weight dec: 0.0005 (on BN/bias=False)
  Backend:    mpi
  Algorithm:  ring
  Epochs:     5
  Batch/rank: 8
  LR:         0.05
  Scheduler:  cosine
  Warmup:     0
  Grad clip:  None
  Drop last:  True
  Data dir:   ./data
================================================================================


================================================================================
DISTRIBUTED TRAINING LAUNCHER
================================================================================
  Model:      wide_resnet50_2 (CIFAR stem) (from scratch)
  Dataset:    cifar10 (10 classes)
  Image size: 32
  LR:         0.05
  Momentum:   0.9 (nesterov=True)
  Optimizer:  sgd
  Weight dec: 0.0005 (on BN/bias=False)
  Backend:    mpi
  Algorithm:  ring
  Epochs:     5
  Batch/rank: 8
  LR:         0.05
  Scheduler:  cosine
  Warmup:     0
  Grad clip:  None
  Drop last:  True
  Data dir:   ./data
================================================================================


================================================================================
Distributed Training: WIDE_RESNET50_2 on CIFAR10
Backend: MPI, Algorithm: ring
================================================================================
Ranks: 8, Epochs: 5, Batch/rank: 8, Effective batch: 64
LR: 0.05, Device: cuda:0

[Cache] Pretrained weights cache (TORCH_HOME) = /eagle/UIC-HPC/matilderestelli/pretrained_weights_cache
[Setup] Model on cuda:0, wrapped in DDP (static_graph=True)
[Setup] Hook registered: mpi/ring
[Optim] SGD: lr=0.05 momentum=0.9 nesterov=True wd=0.0005 wd_on_bn_bias=False
[Optim]   group 0: 66,778,816 params, wd=0.0005
[Optim]   group 1: 68,234 params, wd=0.0
[Data] Train batches: 781, Val batches: 1250

[Sched] cosine: steps/epoch=781, total_steps=3905, warmup_steps=0 (0 epochs)


[Epoch 1] Training... (lr at epoch start=0.050000)
  Batch [50/781] Loss: 7.7021, Acc: 9.75%, lr: 0.049980
  Batch [100/781] Loss: 5.0429, Acc: 9.88%, lr: 0.049919
  Batch [150/781] Loss: 4.1240, Acc: 11.08%, lr: 0.049818
  Batch [200/781] Loss: 3.6536, Acc: 12.50%, lr: 0.049677
  Batch [250/781] Loss: 3.3603, Acc: 13.90%, lr: 0.049496
  Batch [300/781] Loss: 3.1574, Acc: 15.08%, lr: 0.049275
  Batch [350/781] Loss: 2.9990, Acc: 16.21%, lr: 0.049015
  Batch [400/781] Loss: 2.8745, Acc: 17.25%, lr: 0.048717
  Batch [450/781] Loss: 2.7853, Acc: 17.86%, lr: 0.048380
  Batch [500/781] Loss: 2.7021, Acc: 18.98%, lr: 0.048005
  Batch [550/781] Loss: 2.6319, Acc: 19.70%, lr: 0.047592
  Batch [600/781] Loss: 2.5634, Acc: 20.60%, lr: 0.047144
  Batch [650/781] Loss: 2.5106, Acc: 21.52%, lr: 0.046659
  Batch [700/781] Loss: 2.4644, Acc: 22.00%, lr: 0.046139
  Batch [750/781] Loss: 2.4231, Acc: 22.55%, lr: 0.045586
[Epoch 1] Train Loss: 2.3952, Acc: 22.98%  |  Val Loss: 1.9427, Acc: 36.25%  |  Time: 48.9s
[Epoch 1] t_iter median: 52.18 ms  (fwd 7.03 | bwd+comm 41.79 | opt 3.24 | data 0.11)  |  train-only epoch: 41.7s
  -> Best model saved (36.25%)
[Epoch 1] Summarizing hook timing...

[HOOK_TIMING_SUMMARY] epoch=1
[HOOK_WORK_SUMMARY] label=mpi:ring calls=6234 work_total_ms=31682.753 work_mean_ms=5.082 work_min_ms=2.679 work_max_ms=95.880
[HOOK_TAIL_SUMMARY] label=mpi:ring steps=782 tail_total_ms=25128.209 tail_mean_ms=32.133 tail_min_ms=9.090 tail_max_ms=98.887
[Epoch 1] Hook timing summary done

[Epoch 2] Training... (lr at epoch start=0.045225)
  Batch [50/781] Loss: 1.7475, Acc: 33.00%, lr: 0.044618
  Batch [100/781] Loss: 1.7468, Acc: 33.88%, lr: 0.043979
  Batch [150/781] Loss: 1.7301, Acc: 34.83%, lr: 0.043309
  Batch [200/781] Loss: 1.7247, Acc: 34.50%, lr: 0.042610
  Batch [250/781] Loss: 1.7161, Acc: 35.75%, lr: 0.041882
  Batch [300/781] Loss: 1.7131, Acc: 36.25%, lr: 0.041127
  Batch [350/781] Loss: 1.7100, Acc: 36.57%, lr: 0.040346
  Batch [400/781] Loss: 1.7008, Acc: 37.25%, lr: 0.039540
  Batch [450/781] Loss: 1.6831, Acc: 37.92%, lr: 0.038710
  Batch [500/781] Loss: 1.6662, Acc: 38.58%, lr: 0.037858
  Batch [550/781] Loss: 1.6457, Acc: 39.43%, lr: 0.036986
  Batch [600/781] Loss: 1.6354, Acc: 39.98%, lr: 0.036094
  Batch [650/781] Loss: 1.6208, Acc: 40.48%, lr: 0.035184
  Batch [700/781] Loss: 1.6130, Acc: 40.66%, lr: 0.034257
  Batch [750/781] Loss: 1.5993, Acc: 41.18%, lr: 0.033316
[Epoch 2] Train Loss: 1.5934, Acc: 41.52%  |  Val Loss: 2.5442, Acc: 50.04%  |  Time: 48.1s
[Epoch 2] t_iter median: 51.94 ms  (fwd 7.02 | bwd+comm 41.49 | opt 3.30 | data 0.11)  |  train-only epoch: 40.9s
  -> Best model saved (50.04%)
[Epoch 2] Summarizing hook timing...

[HOOK_TIMING_SUMMARY] epoch=2
[HOOK_WORK_SUMMARY] label=mpi:ring calls=6248 work_total_ms=31346.595 work_mean_ms=5.017 work_min_ms=2.693 work_max_ms=8.096
[HOOK_TAIL_SUMMARY] label=mpi:ring steps=781 tail_total_ms=24556.423 tail_mean_ms=31.442 tail_min_ms=28.495 tail_max_ms=35.566
[Epoch 2] Hook timing summary done

[Epoch 3] Training... (lr at epoch start=0.032725)
  Batch [50/781] Loss: 1.3381, Acc: 50.25%, lr: 0.031763
  Batch [100/781] Loss: 1.3241, Acc: 53.00%, lr: 0.030790
  Batch [150/781] Loss: 1.3169, Acc: 52.75%, lr: 0.029807
  Batch [200/781] Loss: 1.3319, Acc: 52.25%, lr: 0.028816
  Batch [250/781] Loss: 1.3461, Acc: 51.70%, lr: 0.027820
  Batch [300/781] Loss: 1.3588, Acc: 51.21%, lr: 0.026819
  Batch [350/781] Loss: 1.3447, Acc: 51.79%, lr: 0.025814
  Batch [400/781] Loss: 1.3401, Acc: 52.03%, lr: 0.024809
  Batch [450/781] Loss: 1.3272, Acc: 52.69%, lr: 0.023804
  Batch [500/781] Loss: 1.3154, Acc: 53.12%, lr: 0.022801
  Batch [550/781] Loss: 1.3062, Acc: 53.45%, lr: 0.021801
  Batch [600/781] Loss: 1.2950, Acc: 53.90%, lr: 0.020806
  Batch [650/781] Loss: 1.2960, Acc: 53.92%, lr: 0.019819
  Batch [700/781] Loss: 1.2813, Acc: 54.52%, lr: 0.018839
  Batch [750/781] Loss: 1.2730, Acc: 54.73%, lr: 0.017870
[Epoch 3] Train Loss: 1.2685, Acc: 54.87%  |  Val Loss: 1.2113, Acc: 62.96%  |  Time: 48.1s
[Epoch 3] t_iter median: 51.70 ms  (fwd 7.03 | bwd+comm 41.19 | opt 3.36 | data 0.11)  |  train-only epoch: 40.7s
  -> Best model saved (62.96%)
[Epoch 3] Summarizing hook timing...

[HOOK_TIMING_SUMMARY] epoch=3
[HOOK_WORK_SUMMARY] label=mpi:ring calls=6248 work_total_ms=31032.411 work_mean_ms=4.967 work_min_ms=2.684 work_max_ms=8.757
[HOOK_TAIL_SUMMARY] label=mpi:ring steps=781 tail_total_ms=24090.460 tail_mean_ms=30.846 tail_min_ms=28.538 tail_max_ms=34.028
[Epoch 3] Hook timing summary done

[Epoch 4] Training... (lr at epoch start=0.017275)
  Batch [50/781] Loss: 1.1440, Acc: 57.00%, lr: 0.016325
  Batch [100/781] Loss: 1.1186, Acc: 57.00%, lr: 0.015389
  Batch [150/781] Loss: 1.1051, Acc: 59.17%, lr: 0.014468
  Batch [200/781] Loss: 1.1048, Acc: 59.56%, lr: 0.013565
  Batch [250/781] Loss: 1.0967, Acc: 59.65%, lr: 0.012680
  Batch [300/781] Loss: 1.0900, Acc: 60.25%, lr: 0.011816
  Batch [350/781] Loss: 1.0880, Acc: 60.75%, lr: 0.010972
  Batch [400/781] Loss: 1.0771, Acc: 61.12%, lr: 0.010151
  Batch [450/781] Loss: 1.0621, Acc: 61.81%, lr: 0.009354
  Batch [500/781] Loss: 1.0580, Acc: 62.02%, lr: 0.008583
  Batch [550/781] Loss: 1.0493, Acc: 62.43%, lr: 0.007838
  Batch [600/781] Loss: 1.0452, Acc: 62.85%, lr: 0.007121
  Batch [650/781] Loss: 1.0405, Acc: 63.13%, lr: 0.006433
  Batch [700/781] Loss: 1.0335, Acc: 63.38%, lr: 0.005774
  Batch [750/781] Loss: 1.0206, Acc: 63.68%, lr: 0.005147
[Epoch 4] Train Loss: 1.0148, Acc: 63.84%  |  Val Loss: 3.9827, Acc: 66.39%  |  Time: 48.3s
[Epoch 4] t_iter median: 52.28 ms  (fwd 6.97 | bwd+comm 42.00 | opt 3.20 | data 0.11)  |  train-only epoch: 41.2s
  -> Best model saved (66.39%)
[Epoch 4] Summarizing hook timing...

[HOOK_TIMING_SUMMARY] epoch=4
[HOOK_WORK_SUMMARY] label=mpi:ring calls=6248 work_total_ms=31879.666 work_mean_ms=5.102 work_min_ms=2.691 work_max_ms=8.547
[HOOK_TAIL_SUMMARY] label=mpi:ring steps=781 tail_total_ms=25249.452 tail_mean_ms=32.330 tail_min_ms=29.269 tail_max_ms=35.668
[Epoch 4] Hook timing summary done

[Epoch 5] Training... (lr at epoch start=0.004775)
  Batch [50/781] Loss: 0.8307, Acc: 69.50%, lr: 0.004200
  Batch [100/781] Loss: 0.8809, Acc: 69.12%, lr: 0.003659
  Batch [150/781] Loss: 0.8961, Acc: 68.58%, lr: 0.003153
  Batch [200/781] Loss: 0.8721, Acc: 69.06%, lr: 0.002682
  Batch [250/781] Loss: 0.8522, Acc: 69.80%, lr: 0.002247
  Batch [300/781] Loss: 0.8523, Acc: 69.62%, lr: 0.001849
  Batch [350/781] Loss: 0.8547, Acc: 69.57%, lr: 0.001488
  Batch [400/781] Loss: 0.8565, Acc: 69.56%, lr: 0.001165
  Batch [450/781] Loss: 0.8450, Acc: 69.89%, lr: 0.000881
  Batch [500/781] Loss: 0.8342, Acc: 70.35%, lr: 0.000636
  Batch [550/781] Loss: 0.8284, Acc: 70.36%, lr: 0.000430
  Batch [600/781] Loss: 0.8259, Acc: 70.73%, lr: 0.000265
  Batch [650/781] Loss: 0.8247, Acc: 70.56%, lr: 0.000139
  Batch [700/781] Loss: 0.8234, Acc: 70.80%, lr: 0.000053
  Batch [750/781] Loss: 0.8132, Acc: 71.20%, lr: 0.000008
[Epoch 5] Train Loss: 0.8118, Acc: 71.29%  |  Val Loss: 2.8336, Acc: 70.55%  |  Time: 48.4s
[Epoch 5] t_iter median: 52.32 ms  (fwd 6.99 | bwd+comm 42.03 | opt 3.19 | data 0.11)  |  train-only epoch: 41.2s
  -> Best model saved (70.55%)
[Epoch 5] Summarizing hook timing...

[HOOK_TIMING_SUMMARY] epoch=5
[HOOK_WORK_SUMMARY] label=mpi:ring calls=6248 work_total_ms=31901.224 work_mean_ms=5.106 work_min_ms=2.687 work_max_ms=8.446
[HOOK_TAIL_SUMMARY] label=mpi:ring steps=781 tail_total_ms=25380.360 tail_mean_ms=32.497 tail_min_ms=29.043 tail_max_ms=35.177
[Epoch 5] Hook timing summary done

================================================================================
Done in 246.2s | Best val acc: 70.55%
Epoch times (train+val): mean=48.4s  min=48.1s  max=48.9s
Train-only epoch time (epochs 2..N): median=41.05s  min=40.74s  max=41.21s
  -> use this for STRONG scaling (fixed global batch)
  -> use t_iter_median_ms from the CSV for WEAK scaling (fixed local batch)
================================================================================
=== Finished: model=wide_resnet50_2, dataset=cifar10, batch=8, lr=0.05, scheduler=cosine, backend=mpi, hook=ring, zfp_rate=none, status=0 at Wed Jul 22 02:41:25 PM UTC 2026 ===
=== Starting: model=wide_resnet50_2, ws=8, bs=8, gb=64, lr=0.05, sched=cosine, warmup=0, epochs=5, mom=0.9, wd=5e-4, nesterov=true, wd_bn_bias=false, backend=mpi, hook=ring_zfp_naive, zfp=16 at Wed Jul 22 02:41:25 PM UTC 2026 ===

================================================================================
DISTRIBUTED TRAINING LAUNCHER
================================================================================
  Model:      wide_resnet50_2 (CIFAR stem) (from scratch)
  Dataset:    cifar10 (10 classes)
  Image size: 32
  LR:         0.05
  Momentum:   0.9 (nesterov=True)
  Optimizer:  sgd
  Weight dec: 0.0005 (on BN/bias=False)
  Backend:    mpi
  Algorithm:  ring_zfp_naive
  ZFP rate:   16
  Epochs:     5
  Batch/rank: 8
  LR:         0.05
  Scheduler:  cosine

================================================================================
DISTRIBUTED TRAINING LAUNCHER
================================================================================
  Model:      wide_resnet50_2 (CIFAR stem) (from scratch)
  Dataset:    cifar10 (10 classes)
  Image size: 32
  LR:         0.05
  Momentum:   0.9 (nesterov=True)
  Optimizer:  sgd
  Weight dec: 0.0005 (on BN/bias=False)
  Backend:    mpi
  Algorithm:  ring_zfp_naive
  ZFP rate:   16
  Epochs:     5
  Batch/rank: 8
  LR:         0.05
  Scheduler:  cosine
  Warmup:     0
  Grad clip:  None
  Drop last:  True
  Data dir:   ./data
================================================================================

  Warmup:     0
  Grad clip:  None
  Drop last:  True
  Data dir:   ./data
================================================================================


================================================================================
DISTRIBUTED TRAINING LAUNCHER
================================================================================
  Model:      wide_resnet50_2 (CIFAR stem) (from scratch)
  Dataset:    cifar10 (10 classes)
  Image size: 32
  LR:         0.05
  Momentum:   0.9 (nesterov=True)
  Optimizer:  sgd
  Weight dec: 0.0005 (on BN/bias=False)
  Backend:    mpi
  Algorithm:  ring_zfp_naive
  ZFP rate:   16
  Epochs:     5
  Batch/rank: 8
  LR:         0.05
  Scheduler:  cosine
  Warmup:     0
  Grad clip:  None
  Drop last:  True
  Data dir:   ./data
================================================================================


================================================================================
DISTRIBUTED TRAINING LAUNCHER
================================================================================
  Model:      wide_resnet50_2 (CIFAR stem) (from scratch)
  Dataset:    cifar10 (10 classes)
  Image size: 32
  LR:         0.05
  Momentum:   0.9 (nesterov=True)
  Optimizer:  sgd
  Weight dec: 0.0005 (on BN/bias=False)
  Backend:    mpi
  Algorithm:  ring_zfp_naive
  ZFP rate:   16
  Epochs:     5
  Batch/rank: 8
  LR:         0.05
  Scheduler:  cosine
  Warmup:     0
  Grad clip:  None
  Drop last:  True
  Data dir:   ./data
================================================================================


================================================================================
DISTRIBUTED TRAINING LAUNCHER
================================================================================
  Model:      wide_resnet50_2 (CIFAR stem) (from scratch)

================================================================================
DISTRIBUTED TRAINING LAUNCHER
================================================================================
  Model:      wide_resnet50_2 (CIFAR stem) (from scratch)
  Dataset:    cifar10 (10 classes)
  Image size: 32
  LR:         0.05
  Momentum:   0.9 (nesterov=True)
  Optimizer:  sgd
  Weight dec: 0.0005 (on BN/bias=False)
  Backend:    mpi
  Algorithm:  ring_zfp_naive
  ZFP rate:   16
  Epochs:     5
  Batch/rank: 8
  LR:         0.05
  Scheduler:  cosine
  Warmup:     0
  Grad clip:  None
  Drop last:  True
  Data dir:   ./data
================================================================================

  Dataset:    cifar10 (10 classes)
  Image size: 32
  LR:         0.05
  Momentum:   0.9 (nesterov=True)
  Optimizer:  sgd
  Weight dec: 0.0005 (on BN/bias=False)
  Backend:    mpi
  Algorithm:  ring_zfp_naive
  ZFP rate:   16
  Epochs:     5
  Batch/rank: 8
  LR:         0.05
  Scheduler:  cosine
  Warmup:     0
  Grad clip:  None
  Drop last:  True
  Data dir:   ./data
================================================================================


================================================================================
DISTRIBUTED TRAINING LAUNCHER
================================================================================
  Model:      wide_resnet50_2 (CIFAR stem) (from scratch)
  Dataset:    cifar10 (10 classes)
  Image size: 32
  LR:         0.05
  Momentum:   0.9 (nesterov=True)
  Optimizer:  sgd
  Weight dec: 0.0005 (on BN/bias=False)
  Backend:    mpi
  Algorithm:  ring_zfp_naive
  ZFP rate:   16
  Epochs:     5
  Batch/rank: 8
  LR:         0.05
  Scheduler:  cosine
  Warmup:     0
  Grad clip:  None
  Drop last:  True
  Data dir:   ./data
================================================================================


================================================================================
DISTRIBUTED TRAINING LAUNCHER
================================================================================
  Model:      wide_resnet50_2 (CIFAR stem) (from scratch)
  Dataset:    cifar10 (10 classes)
  Image size: 32
  LR:         0.05
  Momentum:   0.9 (nesterov=True)
  Optimizer:  sgd
  Weight dec: 0.0005 (on BN/bias=False)
  Backend:    mpi
  Algorithm:  ring_zfp_naive
  ZFP rate:   16
  Epochs:     5
  Batch/rank: 8
  LR:         0.05
  Scheduler:  cosine
  Warmup:     0
  Grad clip:  None
  Drop last:  True
  Data dir:   ./data
================================================================================


================================================================================
Distributed Training: WIDE_RESNET50_2 on CIFAR10
Backend: MPI, Algorithm: ring_zfp_naive
================================================================================
Ranks: 8, Epochs: 5, Batch/rank: 8, Effective batch: 64
LR: 0.05, Device: cuda:0

[Cache] Pretrained weights cache (TORCH_HOME) = /eagle/UIC-HPC/matilderestelli/pretrained_weights_cache
[Setup] Model on cuda:0, wrapped in DDP (static_graph=True)
[Setup] Hook registered: mpi/ring_zfp_naive
[Optim] SGD: lr=0.05 momentum=0.9 nesterov=True wd=0.0005 wd_on_bn_bias=False
[Optim]   group 0: 66,778,816 params, wd=0.0005
[Optim]   group 1: 68,234 params, wd=0.0
[Data] Train batches: 781, Val batches: 1250

[Sched] cosine: steps/epoch=781, total_steps=3905, warmup_steps=0 (0 epochs)


[Epoch 1] Training... (lr at epoch start=0.050000)
  Batch [50/781] Loss: 8.1300, Acc: 11.00%, lr: 0.049980
  Batch [100/781] Loss: 5.2545, Acc: 10.38%, lr: 0.049919
  Batch [150/781] Loss: 4.2694, Acc: 11.25%, lr: 0.049818
  Batch [200/781] Loss: 3.7853, Acc: 11.00%, lr: 0.049677
  Batch [250/781] Loss: 3.4907, Acc: 11.40%, lr: 0.049496
  Batch [300/781] Loss: 3.2806, Acc: 11.54%, lr: 0.049275
  Batch [350/781] Loss: 3.1163, Acc: 12.75%, lr: 0.049015
  Batch [400/781] Loss: 2.9864, Acc: 13.78%, lr: 0.048717
  Batch [450/781] Loss: 2.8926, Acc: 14.47%, lr: 0.048380
  Batch [500/781] Loss: 2.8083, Acc: 15.60%, lr: 0.048005
  Batch [550/781] Loss: 2.7342, Acc: 16.50%, lr: 0.047592
  Batch [600/781] Loss: 2.6653, Acc: 17.31%, lr: 0.047144
  Batch [650/781] Loss: 2.6062, Acc: 18.25%, lr: 0.046659
  Batch [700/781] Loss: 2.5551, Acc: 18.95%, lr: 0.046139
  Batch [750/781] Loss: 2.5102, Acc: 19.58%, lr: 0.045586
[Epoch 1] Train Loss: 2.4807, Acc: 20.21%  |  Val Loss: 1.8184, Acc: 37.41%  |  Time: 56.9s
[Epoch 1] t_iter median: 62.07 ms  (fwd 7.01 | bwd+comm 51.70 | opt 3.29 | data 0.11)  |  train-only epoch: 49.6s
  -> Best model saved (37.41%)
[Epoch 1] Summarizing hook timing...

[HOOK_TIMING_SUMMARY] epoch=1
[HOOK_WORK_SUMMARY] label=mpi:ring_zfp_naive:rate16 calls=6234 work_total_ms=39235.404 work_mean_ms=6.294 work_min_ms=4.240 work_max_ms=83.445
[HOOK_TAIL_SUMMARY] label=mpi:ring_zfp_naive:rate16 steps=782 tail_total_ms=31634.120 tail_mean_ms=40.453 tail_min_ms=17.503 tail_max_ms=96.133
[Epoch 1] Hook timing summary done

[Epoch 2] Training... (lr at epoch start=0.045225)
  Batch [50/781] Loss: 1.7774, Acc: 34.50%, lr: 0.044618
  Batch [100/781] Loss: 1.8088, Acc: 32.25%, lr: 0.043979
  Batch [150/781] Loss: 1.7660, Acc: 34.67%, lr: 0.043309
  Batch [200/781] Loss: 1.7564, Acc: 34.38%, lr: 0.042610
  Batch [250/781] Loss: 1.7436, Acc: 35.05%, lr: 0.041882
  Batch [300/781] Loss: 1.7490, Acc: 35.00%, lr: 0.041127
  Batch [350/781] Loss: 1.7450, Acc: 35.25%, lr: 0.040346
  Batch [400/781] Loss: 1.7356, Acc: 35.56%, lr: 0.039540
  Batch [450/781] Loss: 1.7184, Acc: 36.08%, lr: 0.038710
  Batch [500/781] Loss: 1.7094, Acc: 36.38%, lr: 0.037858
  Batch [550/781] Loss: 1.6926, Acc: 37.00%, lr: 0.036986
  Batch [600/781] Loss: 1.6868, Acc: 37.33%, lr: 0.036094
  Batch [650/781] Loss: 1.6770, Acc: 37.79%, lr: 0.035184
  Batch [700/781] Loss: 1.6692, Acc: 37.96%, lr: 0.034257
  Batch [750/781] Loss: 1.6534, Acc: 38.55%, lr: 0.033316
[Epoch 2] Train Loss: 1.6489, Acc: 38.80%  |  Val Loss: 2.5312, Acc: 43.74%  |  Time: 55.7s
[Epoch 2] t_iter median: 61.81 ms  (fwd 6.91 | bwd+comm 51.57 | opt 3.18 | data 0.11)  |  train-only epoch: 48.5s
  -> Best model saved (43.74%)
[Epoch 2] Summarizing hook timing...

[HOOK_TIMING_SUMMARY] epoch=2
[HOOK_WORK_SUMMARY] label=mpi:ring_zfp_naive:rate16 calls=6248 work_total_ms=39143.329 work_mean_ms=6.265 work_min_ms=4.189 work_max_ms=11.984
[HOOK_TAIL_SUMMARY] label=mpi:ring_zfp_naive:rate16 steps=781 tail_total_ms=32034.877 tail_mean_ms=41.018 tail_min_ms=39.164 tail_max_ms=48.879
[Epoch 2] Hook timing summary done

[Epoch 3] Training... (lr at epoch start=0.032725)
  Batch [50/781] Loss: 1.4107, Acc: 44.75%, lr: 0.031763
  Batch [100/781] Loss: 1.4148, Acc: 48.62%, lr: 0.030790
  Batch [150/781] Loss: 1.4123, Acc: 49.25%, lr: 0.029807
  Batch [200/781] Loss: 1.4229, Acc: 49.00%, lr: 0.028816
  Batch [250/781] Loss: 1.4324, Acc: 48.70%, lr: 0.027820
  Batch [300/781] Loss: 1.4497, Acc: 47.83%, lr: 0.026819
  Batch [350/781] Loss: 1.4316, Acc: 48.43%, lr: 0.025814
  Batch [400/781] Loss: 1.4277, Acc: 48.41%, lr: 0.024809
  Batch [450/781] Loss: 1.4173, Acc: 48.86%, lr: 0.023804
  Batch [500/781] Loss: 1.4029, Acc: 49.55%, lr: 0.022801
  Batch [550/781] Loss: 1.3925, Acc: 49.70%, lr: 0.021801
  Batch [600/781] Loss: 1.3855, Acc: 50.02%, lr: 0.020806
  Batch [650/781] Loss: 1.3854, Acc: 50.04%, lr: 0.019819
  Batch [700/781] Loss: 1.3727, Acc: 50.52%, lr: 0.018839
  Batch [750/781] Loss: 1.3649, Acc: 50.73%, lr: 0.017870
[Epoch 3] Train Loss: 1.3625, Acc: 50.85%  |  Val Loss: 1.0927, Acc: 61.21%  |  Time: 55.8s
[Epoch 3] t_iter median: 61.45 ms  (fwd 6.92 | bwd+comm 51.06 | opt 3.35 | data 0.11)  |  train-only epoch: 48.4s
  -> Best model saved (61.21%)
[Epoch 3] Summarizing hook timing...

[HOOK_TIMING_SUMMARY] epoch=3
[HOOK_WORK_SUMMARY] label=mpi:ring_zfp_naive:rate16 calls=6248 work_total_ms=38628.132 work_mean_ms=6.182 work_min_ms=4.216 work_max_ms=11.109
[HOOK_TAIL_SUMMARY] label=mpi:ring_zfp_naive:rate16 steps=781 tail_total_ms=31128.599 tail_mean_ms=39.857 tail_min_ms=38.569 tail_max_ms=47.270
[Epoch 3] Hook timing summary done

[Epoch 4] Training... (lr at epoch start=0.017275)
  Batch [50/781] Loss: 1.2368, Acc: 55.75%, lr: 0.016325
  Batch [100/781] Loss: 1.2251, Acc: 56.12%, lr: 0.015389
  Batch [150/781] Loss: 1.2067, Acc: 56.42%, lr: 0.014468
  Batch [200/781] Loss: 1.2000, Acc: 56.75%, lr: 0.013565
  Batch [250/781] Loss: 1.1827, Acc: 57.25%, lr: 0.012680
  Batch [300/781] Loss: 1.1747, Acc: 57.67%, lr: 0.011816
  Batch [350/781] Loss: 1.1689, Acc: 58.04%, lr: 0.010972
  Batch [400/781] Loss: 1.1543, Acc: 58.66%, lr: 0.010151
  Batch [450/781] Loss: 1.1400, Acc: 59.31%, lr: 0.009354
  Batch [500/781] Loss: 1.1335, Acc: 59.33%, lr: 0.008583
  Batch [550/781] Loss: 1.1247, Acc: 59.70%, lr: 0.007838
  Batch [600/781] Loss: 1.1239, Acc: 59.83%, lr: 0.007121
  Batch [650/781] Loss: 1.1151, Acc: 60.15%, lr: 0.006433
  Batch [700/781] Loss: 1.1056, Acc: 60.52%, lr: 0.005774
  Batch [750/781] Loss: 1.0944, Acc: 60.78%, lr: 0.005147
[Epoch 4] Train Loss: 1.0922, Acc: 60.69%  |  Val Loss: 0.8809, Acc: 68.46%  |  Time: 55.9s
[Epoch 4] t_iter median: 61.97 ms  (fwd 6.88 | bwd+comm 51.78 | opt 3.21 | data 0.11)  |  train-only epoch: 48.8s
  -> Best model saved (68.46%)
[Epoch 4] Summarizing hook timing...

[HOOK_TIMING_SUMMARY] epoch=4
[HOOK_WORK_SUMMARY] label=mpi:ring_zfp_naive:rate16 calls=6248 work_total_ms=39386.294 work_mean_ms=6.304 work_min_ms=4.242 work_max_ms=11.667
[HOOK_TAIL_SUMMARY] label=mpi:ring_zfp_naive:rate16 steps=781 tail_total_ms=32230.230 tail_mean_ms=41.268 tail_min_ms=39.604 tail_max_ms=48.441
[Epoch 4] Hook timing summary done

[Epoch 5] Training... (lr at epoch start=0.004775)
  Batch [50/781] Loss: 0.9275, Acc: 67.25%, lr: 0.004200
  Batch [100/781] Loss: 0.9113, Acc: 68.00%, lr: 0.003659
  Batch [150/781] Loss: 0.9369, Acc: 67.17%, lr: 0.003153
  Batch [200/781] Loss: 0.9358, Acc: 67.00%, lr: 0.002682
  Batch [250/781] Loss: 0.9217, Acc: 67.45%, lr: 0.002247
  Batch [300/781] Loss: 0.9230, Acc: 67.71%, lr: 0.001849
  Batch [350/781] Loss: 0.9276, Acc: 67.46%, lr: 0.001488
  Batch [400/781] Loss: 0.9336, Acc: 67.09%, lr: 0.001165
  Batch [450/781] Loss: 0.9252, Acc: 67.39%, lr: 0.000881
  Batch [500/781] Loss: 0.9201, Acc: 67.50%, lr: 0.000636
  Batch [550/781] Loss: 0.9129, Acc: 67.59%, lr: 0.000430
  Batch [600/781] Loss: 0.9125, Acc: 67.65%, lr: 0.000265
  Batch [650/781] Loss: 0.9113, Acc: 67.63%, lr: 0.000139
  Batch [700/781] Loss: 0.9048, Acc: 67.93%, lr: 0.000053
  Batch [750/781] Loss: 0.8971, Acc: 68.33%, lr: 0.000008
[Epoch 5] Train Loss: 0.8968, Acc: 68.37%  |  Val Loss: 0.7906, Acc: 71.99%  |  Time: 55.9s
[Epoch 5] t_iter median: 61.84 ms  (fwd 6.90 | bwd+comm 51.56 | opt 3.23 | data 0.11)  |  train-only epoch: 48.7s
  -> Best model saved (71.99%)
[Epoch 5] Summarizing hook timing...

[HOOK_TIMING_SUMMARY] epoch=5
[HOOK_WORK_SUMMARY] label=mpi:ring_zfp_naive:rate16 calls=6248 work_total_ms=39172.766 work_mean_ms=6.270 work_min_ms=4.229 work_max_ms=11.626
[HOOK_TAIL_SUMMARY] label=mpi:ring_zfp_naive:rate16 steps=781 tail_total_ms=31951.169 tail_mean_ms=40.911 tail_min_ms=39.504 tail_max_ms=47.831
[Epoch 5] Hook timing summary done

================================================================================
Done in 284.6s | Best val acc: 71.99%
Epoch times (train+val): mean=56.0s  min=55.7s  max=56.9s
Train-only epoch time (epochs 2..N): median=48.61s  min=48.41s  max=48.79s
  -> use this for STRONG scaling (fixed global batch)
  -> use t_iter_median_ms from the CSV for WEAK scaling (fixed local batch)
================================================================================
=== Finished: model=wide_resnet50_2, dataset=cifar10, batch=8, lr=0.05, scheduler=cosine, backend=mpi, hook=ring_zfp_naive, zfp_rate=16, status=0 at Wed Jul 22 02:46:19 PM UTC 2026 ===
=== Starting: model=wide_resnet50_2, ws=8, bs=8, gb=64, lr=0.05, sched=cosine, warmup=0, epochs=5, mom=0.9, wd=5e-4, nesterov=true, wd_bn_bias=false, backend=mpi, hook=ring_zfp_online_coll, zfp=16 at Wed Jul 22 02:46:19 PM UTC 2026 ===

================================================================================
DISTRIBUTED TRAINING LAUNCHER
================================================================================
  Model:      wide_resnet50_2 (CIFAR stem) (from scratch)
  Dataset:    cifar10 (10 classes)
  Image size: 32
  LR:         0.05
  Momentum:   0.9 (nesterov=True)

================================================================================
DISTRIBUTED TRAINING LAUNCHER
================================================================================
  Model:      wide_resnet50_2 (CIFAR stem) (from scratch)
  Dataset:    cifar10 (10 classes)
  Image size: 32
  LR:         0.05
  Momentum:   0.9 (nesterov=True)
  Optimizer:  sgd
  Weight dec: 0.0005 (on BN/bias=False)
  Backend:    mpi
  Algorithm:  ring_zfp_online_coll
  ZFP rate:   16
  Epochs:     5
  Batch/rank: 8
  LR:         0.05
  Scheduler:  cosine
  Warmup:     0
  Grad clip:  None
  Drop last:  True
  Data dir:   ./data
================================================================================

  Optimizer:  sgd
  Weight dec: 0.0005 (on BN/bias=False)
  Backend:    mpi
  Algorithm:  ring_zfp_online_coll
  ZFP rate:   16
  Epochs:     5
  Batch/rank: 8
  LR:         0.05
  Scheduler:  cosine
  Warmup:     0
  Grad clip:  None
  Drop last:  True
  Data dir:   ./data
================================================================================


================================================================================
DISTRIBUTED TRAINING LAUNCHER
================================================================================
  Model:      wide_resnet50_2 (CIFAR stem) (from scratch)
  Dataset:    cifar10 (10 classes)
  Image size: 32
  LR:         0.05
  Momentum:   0.9 (nesterov=True)
  Optimizer:  sgd
  Weight dec: 0.0005 (on BN/bias=False)
================================================================================
DISTRIBUTED TRAINING LAUNCHER
================================================================================
  Model:      wide_resnet50_2 (CIFAR stem) (from scratch)
  Dataset:    cifar10 (10 classes)
  Image size: 32
  LR:         0.05
  Momentum:   0.9 (nesterov=True)
  Optimizer:  sgd
  Weight dec: 0.0005 (on BN/bias=False)
  Backend:    mpi
  Algorithm:  ring_zfp_online_coll
  ZFP rate:   16
  Epochs:     5
  Batch/rank: 8
  LR:         0.05
  Scheduler:  cosine
  Warmup:     0
  Grad clip:  None
  Drop last:  True
  Data dir:   ./data
================================================================================


  Backend:    mpi
  Algorithm:  ring_zfp_online_coll
  ZFP rate:   16
  Epochs:     5
  Batch/rank: 8
  LR:         0.05
  Scheduler:  cosine
  Warmup:     0
  Grad clip:  None
  Drop last:  True
  Data dir:   ./data
================================================================================


================================================================================
DISTRIBUTED TRAINING LAUNCHER
================================================================================
  Model:      wide_resnet50_2 (CIFAR stem) (from scratch)
  Dataset:    cifar10 (10 classes)
  Image size: 32
  LR:         0.05
  Momentum:   0.9 (nesterov=True)
  Optimizer:  sgd
  Weight dec: 0.0005 (on BN/bias=False)
  Backend:    mpi
  Algorithm:  ring_zfp_online_coll
  ZFP rate:   16
  Epochs:     5
  Batch/rank: 8
  LR:         0.05
  Scheduler:  cosine
  Warmup:     0
  Grad clip:  None
  Drop last:  True
  Data dir:   ./data
================================================================================


================================================================================
DISTRIBUTED TRAINING LAUNCHER
================================================================================
  Model:      wide_resnet50_2 (CIFAR stem) (from scratch)
  Dataset:    cifar10 (10 classes)
  Image size: 32
  LR:         0.05
  Momentum:   0.9 (nesterov=True)
  Optimizer:  sgd
  Weight dec: 0.0005 (on BN/bias=False)
  Backend:    mpi
  Algorithm:  ring_zfp_online_coll
  ZFP rate:   16
  Epochs:     5
  Batch/rank: 8
  LR:         0.05
  Scheduler:  cosine
  Warmup:     0
  Grad clip:  None
  Drop last:  True
  Data dir:   ./data
================================================================================


================================================================================
DISTRIBUTED TRAINING LAUNCHER
================================================================================
  Model:      wide_resnet50_2 (CIFAR stem) (from scratch)
  Dataset:    cifar10 (10 classes)
  Image size: 32
  LR:         0.05
  Momentum:   0.9 (nesterov=True)
  Optimizer:  sgd
  Weight dec: 0.0005 (on BN/bias=False)
  Backend:    mpi
  Algorithm:  ring_zfp_online_coll
  ZFP rate:   16
  Epochs:     5
  Batch/rank: 8
================================================================================

  LR:         0.05
  Scheduler:  cosine
  Warmup:     0
  Grad clip:  None
  Drop last:  True
  Data dir:   ./data
================================================================================

DISTRIBUTED TRAINING LAUNCHER
================================================================================
  Model:      wide_resnet50_2 (CIFAR stem) (from scratch)
  Dataset:    cifar10 (10 classes)
  Image size: 32
  LR:         0.05
  Momentum:   0.9 (nesterov=True)
  Optimizer:  sgd
  Weight dec: 0.0005 (on BN/bias=False)
  Backend:    mpi
  Algorithm:  ring_zfp_online_coll
  ZFP rate:   16
  Epochs:     5
  Batch/rank: 8
  LR:         0.05
  Scheduler:  cosine
  Warmup:     0
  Grad clip:  None
  Drop last:  True
  Data dir:   ./data
================================================================================


================================================================================
Distributed Training: WIDE_RESNET50_2 on CIFAR10
Backend: MPI, Algorithm: ring_zfp_online_coll
================================================================================
Ranks: 8, Epochs: 5, Batch/rank: 8, Effective batch: 64
LR: 0.05, Device: cuda:0

[Cache] Pretrained weights cache (TORCH_HOME) = /eagle/UIC-HPC/matilderestelli/pretrained_weights_cache
[Setup] Model on cuda:0, wrapped in DDP (static_graph=True)
[Setup] Hook registered: mpi/ring_zfp_online_coll
[Optim] SGD: lr=0.05 momentum=0.9 nesterov=True wd=0.0005 wd_on_bn_bias=False
[Optim]   group 0: 66,778,816 params, wd=0.0005
[Optim]   group 1: 68,234 params, wd=0.0
[Data] Train batches: 781, Val batches: 1250

[Sched] cosine: steps/epoch=781, total_steps=3905, warmup_steps=0 (0 epochs)


[Epoch 1] Training... (lr at epoch start=0.050000)
  Batch [50/781] Loss: 19.2557, Acc: 10.00%, lr: 0.049980
  Batch [100/781] Loss: 12.1262, Acc: 10.50%, lr: 0.049919
  Batch [150/781] Loss: 9.2833, Acc: 11.50%, lr: 0.049818
  Batch [200/781] Loss: 7.8936, Acc: 12.12%, lr: 0.049677
  Batch [250/781] Loss: 6.9324, Acc: 12.05%, lr: 0.049496
  Batch [300/781] Loss: 6.2992, Acc: 12.17%, lr: 0.049275
  Batch [350/781] Loss: 5.8379, Acc: 12.43%, lr: 0.049015
  Batch [400/781] Loss: 5.4694, Acc: 13.00%, lr: 0.048717
  Batch [450/781] Loss: 5.1518, Acc: 13.39%, lr: 0.048380
  Batch [500/781] Loss: 4.8958, Acc: 13.75%, lr: 0.048005
  Batch [550/781] Loss: 4.6973, Acc: 14.23%, lr: 0.047592
  Batch [600/781] Loss: 4.4996, Acc: 14.79%, lr: 0.047144
  Batch [650/781] Loss: 4.3383, Acc: 15.23%, lr: 0.046659
  Batch [700/781] Loss: 4.1967, Acc: 15.45%, lr: 0.046139
  Batch [750/781] Loss: 4.0716, Acc: 15.75%, lr: 0.045586
[Epoch 1] Train Loss: 4.0005, Acc: 15.93%  |  Val Loss: 3.2435, Acc: 20.98%  |  Time: 41.6s
[Epoch 1] t_iter median: 42.57 ms  (fwd 6.98 | bwd+comm 32.09 | opt 3.30 | data 0.11)  |  train-only epoch: 34.3s
  -> Best model saved (20.98%)
[Epoch 1] Summarizing hook timing...

[HOOK_TIMING_SUMMARY] epoch=1
[HOOK_WORK_SUMMARY] label=mpi:ring_zfp_online_coll:rate16 calls=6234 work_total_ms=23889.338 work_mean_ms=3.832 work_min_ms=2.530 work_max_ms=99.072
[HOOK_TAIL_SUMMARY] label=mpi:ring_zfp_online_coll:rate16 steps=782 tail_total_ms=16347.592 tail_mean_ms=20.905 tail_min_ms=11.934 tail_max_ms=106.340
[Epoch 1] Hook timing summary done

[Epoch 2] Training... (lr at epoch start=0.045225)
  Batch [50/781] Loss: 2.3196, Acc: 17.75%, lr: 0.044618
  Batch [100/781] Loss: 2.3042, Acc: 17.50%, lr: 0.043979
  Batch [150/781] Loss: 2.2721, Acc: 18.42%, lr: 0.043309
  Batch [200/781] Loss: 2.2473, Acc: 18.44%, lr: 0.042610
  Batch [250/781] Loss: 2.2562, Acc: 18.45%, lr: 0.041882
  Batch [300/781] Loss: 2.2601, Acc: 18.71%, lr: 0.041127
  Batch [350/781] Loss: 2.2605, Acc: 18.25%, lr: 0.040346
  Batch [400/781] Loss: 2.2507, Acc: 18.72%, lr: 0.039540
  Batch [450/781] Loss: 2.2277, Acc: 19.28%, lr: 0.038710
  Batch [500/781] Loss: 2.2109, Acc: 19.65%, lr: 0.037858
  Batch [550/781] Loss: 2.1935, Acc: 20.30%, lr: 0.036986
  Batch [600/781] Loss: 2.1865, Acc: 20.50%, lr: 0.036094
  Batch [650/781] Loss: 2.1747, Acc: 20.58%, lr: 0.035184
  Batch [700/781] Loss: 2.1692, Acc: 20.91%, lr: 0.034257
  Batch [750/781] Loss: 2.1597, Acc: 21.37%, lr: 0.033316
[Epoch 2] Train Loss: 2.1543, Acc: 21.45%  |  Val Loss: 2.5808, Acc: 27.73%  |  Time: 40.5s
[Epoch 2] t_iter median: 42.34 ms  (fwd 6.95 | bwd+comm 32.06 | opt 3.20 | data 0.11)  |  train-only epoch: 33.4s
  -> Best model saved (27.73%)
[Epoch 2] Summarizing hook timing...

[HOOK_TIMING_SUMMARY] epoch=2
[HOOK_WORK_SUMMARY] label=mpi:ring_zfp_online_coll:rate16 calls=6248 work_total_ms=23983.360 work_mean_ms=3.839 work_min_ms=2.524 work_max_ms=6.140
[HOOK_TAIL_SUMMARY] label=mpi:ring_zfp_online_coll:rate16 steps=781 tail_total_ms=16701.738 tail_mean_ms=21.385 tail_min_ms=19.505 tail_max_ms=25.037
[Epoch 2] Hook timing summary done

[Epoch 3] Training... (lr at epoch start=0.032725)
  Batch [50/781] Loss: 1.9528, Acc: 29.25%, lr: 0.031763
  Batch [100/781] Loss: 1.9757, Acc: 28.88%, lr: 0.030790
  Batch [150/781] Loss: 1.9640, Acc: 29.00%, lr: 0.029807
  Batch [200/781] Loss: 1.9800, Acc: 28.56%, lr: 0.028816
  Batch [250/781] Loss: 1.9822, Acc: 28.10%, lr: 0.027820
  Batch [300/781] Loss: 1.9911, Acc: 27.58%, lr: 0.026819
  Batch [350/781] Loss: 1.9856, Acc: 27.68%, lr: 0.025814
  Batch [400/781] Loss: 1.9762, Acc: 27.66%, lr: 0.024809
  Batch [450/781] Loss: 1.9705, Acc: 27.83%, lr: 0.023804
  Batch [500/781] Loss: 1.9611, Acc: 28.18%, lr: 0.022801
  Batch [550/781] Loss: 1.9514, Acc: 28.32%, lr: 0.021801
  Batch [600/781] Loss: 1.9441, Acc: 28.60%, lr: 0.020806
  Batch [650/781] Loss: 1.9507, Acc: 28.37%, lr: 0.019819
  Batch [700/781] Loss: 1.9423, Acc: 28.48%, lr: 0.018839
  Batch [750/781] Loss: 1.9409, Acc: 28.55%, lr: 0.017870
[Epoch 3] Train Loss: 1.9379, Acc: 28.59%  |  Val Loss: 1.9365, Acc: 33.58%  |  Time: 40.7s
[Epoch 3] t_iter median: 42.24 ms  (fwd 6.94 | bwd+comm 31.81 | opt 3.35 | data 0.11)  |  train-only epoch: 33.3s
  -> Best model saved (33.58%)
[Epoch 3] Summarizing hook timing...

[HOOK_TIMING_SUMMARY] epoch=3
[HOOK_WORK_SUMMARY] label=mpi:ring_zfp_online_coll:rate16 calls=6248 work_total_ms=23625.638 work_mean_ms=3.781 work_min_ms=2.542 work_max_ms=7.384
[HOOK_TAIL_SUMMARY] label=mpi:ring_zfp_online_coll:rate16 steps=781 tail_total_ms=16007.874 tail_mean_ms=20.497 tail_min_ms=18.975 tail_max_ms=24.864
[Epoch 3] Hook timing summary done

[Epoch 4] Training... (lr at epoch start=0.017275)
  Batch [50/781] Loss: 1.8870, Acc: 29.00%, lr: 0.016325
  Batch [100/781] Loss: 1.8616, Acc: 30.12%, lr: 0.015389
  Batch [150/781] Loss: 1.8707, Acc: 28.83%, lr: 0.014468
  Batch [200/781] Loss: 1.8766, Acc: 29.00%, lr: 0.013565
  Batch [250/781] Loss: 1.8696, Acc: 29.70%, lr: 0.012680
  Batch [300/781] Loss: 1.8668, Acc: 29.58%, lr: 0.011816
  Batch [350/781] Loss: 1.8748, Acc: 30.04%, lr: 0.010972
  Batch [400/781] Loss: 1.8734, Acc: 30.06%, lr: 0.010151
  Batch [450/781] Loss: 1.8693, Acc: 30.25%, lr: 0.009354
  Batch [500/781] Loss: 1.8724, Acc: 29.90%, lr: 0.008583
  Batch [550/781] Loss: 1.8651, Acc: 30.36%, lr: 0.007838
  Batch [600/781] Loss: 1.8624, Acc: 30.42%, lr: 0.007121
  Batch [650/781] Loss: 1.8622, Acc: 30.38%, lr: 0.006433
  Batch [700/781] Loss: 1.8612, Acc: 30.23%, lr: 0.005774
  Batch [750/781] Loss: 1.8572, Acc: 30.33%, lr: 0.005147
[Epoch 4] Train Loss: 1.8550, Acc: 30.39%  |  Val Loss: 1.8473, Acc: 35.63%  |  Time: 40.8s
[Epoch 4] t_iter median: 42.45 ms  (fwd 7.01 | bwd+comm 31.96 | opt 3.35 | data 0.12)  |  train-only epoch: 33.5s
  -> Best model saved (35.63%)
[Epoch 4] Summarizing hook timing...

[HOOK_TIMING_SUMMARY] epoch=4
[HOOK_WORK_SUMMARY] label=mpi:ring_zfp_online_coll:rate16 calls=6248 work_total_ms=23744.568 work_mean_ms=3.800 work_min_ms=2.531 work_max_ms=6.570
[HOOK_TAIL_SUMMARY] label=mpi:ring_zfp_online_coll:rate16 steps=781 tail_total_ms=16130.592 tail_mean_ms=20.654 tail_min_ms=19.142 tail_max_ms=24.328
[Epoch 4] Hook timing summary done

[Epoch 5] Training... (lr at epoch start=0.004775)
  Batch [50/781] Loss: 1.7882, Acc: 31.00%, lr: 0.004200
  Batch [100/781] Loss: 1.8148, Acc: 30.50%, lr: 0.003659
  Batch [150/781] Loss: 1.8116, Acc: 30.83%, lr: 0.003153
  Batch [200/781] Loss: 1.8188, Acc: 30.94%, lr: 0.002682
  Batch [250/781] Loss: 1.8127, Acc: 31.90%, lr: 0.002247
  Batch [300/781] Loss: 1.7995, Acc: 32.67%, lr: 0.001849
  Batch [350/781] Loss: 1.8010, Acc: 32.75%, lr: 0.001488
  Batch [400/781] Loss: 1.8005, Acc: 32.91%, lr: 0.001165
  Batch [450/781] Loss: 1.7970, Acc: 32.86%, lr: 0.000881
  Batch [500/781] Loss: 1.7968, Acc: 33.08%, lr: 0.000636
  Batch [550/781] Loss: 1.7927, Acc: 33.05%, lr: 0.000430
  Batch [600/781] Loss: 1.7891, Acc: 33.12%, lr: 0.000265
  Batch [650/781] Loss: 1.7849, Acc: 33.17%, lr: 0.000139
  Batch [700/781] Loss: 1.7805, Acc: 33.18%, lr: 0.000053
  Batch [750/781] Loss: 1.7742, Acc: 33.67%, lr: 0.000008
[Epoch 5] Train Loss: 1.7765, Acc: 33.72%  |  Val Loss: 1.7207, Acc: 36.99%  |  Time: 40.7s
[Epoch 5] t_iter median: 42.39 ms  (fwd 6.83 | bwd+comm 32.14 | opt 3.26 | data 0.11)  |  train-only epoch: 33.5s
  -> Best model saved (36.99%)
[Epoch 5] Summarizing hook timing...

[HOOK_TIMING_SUMMARY] epoch=5
[HOOK_WORK_SUMMARY] label=mpi:ring_zfp_online_coll:rate16 calls=6248 work_total_ms=23946.170 work_mean_ms=3.833 work_min_ms=2.522 work_max_ms=6.240
[HOOK_TAIL_SUMMARY] label=mpi:ring_zfp_online_coll:rate16 steps=781 tail_total_ms=16524.607 tail_mean_ms=21.158 tail_min_ms=19.722 tail_max_ms=24.674
[Epoch 5] Hook timing summary done

================================================================================
Done in 208.8s | Best val acc: 36.99%
Epoch times (train+val): mean=40.8s  min=40.5s  max=41.6s
Train-only epoch time (epochs 2..N): median=33.44s  min=33.34s  max=33.52s
  -> use this for STRONG scaling (fixed global batch)
  -> use t_iter_median_ms from the CSV for WEAK scaling (fixed local batch)
================================================================================
=== Finished: model=wide_resnet50_2, dataset=cifar10, batch=8, lr=0.05, scheduler=cosine, backend=mpi, hook=ring_zfp_online_coll, zfp_rate=16, status=0 at Wed Jul 22 02:49:57 PM UTC 2026 ===
=== Starting: model=wide_resnet50_2, ws=8, bs=8, gb=64, lr=0.05, sched=cosine, warmup=0, epochs=5, mom=0.9, wd=5e-4, nesterov=true, wd_bn_bias=false, backend=mpi, hook=ring_zfp_online_coll, zfp=8 at Wed Jul 22 02:49:57 PM UTC 2026 ===

================================================================================
DISTRIBUTED TRAINING LAUNCHER
================================================================================
  Model:      wide_resnet50_2 (CIFAR stem) (from scratch)
  Dataset:    cifar10 (10 classes)
  Image size: 32
  LR:         0.05
  Momentum:   0.9 (nesterov=True)
  Optimizer:  sgd
  Weight dec: 0.0005 (on BN/bias=False)
  Backend:    mpi
  Algorithm:  ring_zfp_online_coll
  ZFP rate:   8
  Epochs:     5
  Batch/rank: 8
  LR:         0.05
  Scheduler:  cosine
  Warmup:     0
  Grad clip:  None
  Drop last:  True
  Data dir:   ./data
================================================================================


================================================================================
DISTRIBUTED TRAINING LAUNCHER
================================================================================
  Model:      wide_resnet50_2 (CIFAR stem) (from scratch)
  Dataset:    cifar10 (10 classes)
  Image size: 32
  LR:         0.05
  Momentum:   0.9 (nesterov=True)
  Optimizer:  sgd
  Weight dec: 0.0005 (on BN/bias=False)
  Backend:    mpi
  Algorithm:  ring_zfp_online_coll
  ZFP rate:   8
  Epochs:     5
  Batch/rank: 8
  LR:         0.05
  Scheduler:  cosine
  Warmup:     0
  Grad clip:  None
  Drop last:  True
  Data dir:   ./data
================================================================================


================================================================================
DISTRIBUTED TRAINING LAUNCHER
================================================================================
  Model:      wide_resnet50_2 (CIFAR stem) (from scratch)
  Dataset:    cifar10 (10 classes)
  Image size: 32
  LR:         0.05

================================================================================
DISTRIBUTED TRAINING LAUNCHER
================================================================================
  Model:      wide_resnet50_2 (CIFAR stem) (from scratch)
  Dataset:    cifar10 (10 classes)
  Image size: 32
  LR:         0.05
  Momentum:   0.9 (nesterov=True)
  Optimizer:  sgd
  Weight dec: 0.0005 (on BN/bias=False)
  Backend:    mpi
  Algorithm:  ring_zfp_online_coll
  ZFP rate:   8
  Epochs:     5
  Batch/rank: 8
  LR:         0.05
  Scheduler:  cosine
  Warmup:     0
  Grad clip:  None
  Drop last:  True
  Data dir:   ./data
================================================================================

  Momentum:   0.9 (nesterov=True)
  Optimizer:  sgd
  Weight dec: 0.0005 (on BN/bias=False)
  Backend:    mpi
  Algorithm:  ring_zfp_online_coll
  ZFP rate:   8
  Epochs:     5
  Batch/rank: 8
  LR:         0.05
  Scheduler:  cosine
  Warmup:     0
  Grad clip:  None
  Drop last:  True
  Data dir:   ./data
================================================================================


================================================================================
DISTRIBUTED TRAINING LAUNCHER
================================================================================
  Model:      wide_resnet50_2 (CIFAR stem) (from scratch)
  Dataset:    cifar10 (10 classes)
  Image size: 32
  LR:         0.05
  Momentum:   0.9 (nesterov=True)
  Optimizer:  sgd
  Weight dec: 0.0005 (on BN/bias=False)
  Backend:    mpi
  Algorithm:  ring_zfp_online_coll
  ZFP rate:   8
================================================================================
DISTRIBUTED TRAINING LAUNCHER
================================================================================
  Model:      wide_resnet50_2 (CIFAR stem) (from scratch)
  Dataset:    cifar10 (10 classes)
  Image size: 32
  LR:         0.05
  Momentum:   0.9 (nesterov=True)
  Optimizer:  sgd
  Weight dec: 0.0005 (on BN/bias=False)
  Backend:    mpi
  Algorithm:  ring_zfp_online_coll
  ZFP rate:   8
  Epochs:     5
  Batch/rank: 8
  LR:         0.05
  Scheduler:  cosine
  Warmup:     0
  Grad clip:  None
  Drop last:  True
  Data dir:   ./data
================================================================================


  Epochs:     5
  Batch/rank: 8
  LR:         0.05
  Scheduler:  cosine
  Warmup:     0
  Grad clip:  None
  Drop last:  True
  Data dir:   ./data
================================================================================


================================================================================
DISTRIBUTED TRAINING LAUNCHER
================================================================================
  Model:      wide_resnet50_2 (CIFAR stem) (from scratch)
  Dataset:    cifar10 (10 classes)
  Image size: 32
  LR:         0.05
  Momentum:   0.9 (nesterov=True)
  Optimizer:  sgd
  Weight dec: 0.0005 (on BN/bias=False)
  Backend:    mpi
  Algorithm:  ring_zfp_online_coll
  ZFP rate:   8
  Epochs:     5
  Batch/rank: 8
  LR:         0.05
  Scheduler:  cosine
  Warmup:     0
  Grad clip:  None
  Drop last:  True
  Data dir:   ./data
================================================================================


================================================================================
DISTRIBUTED TRAINING LAUNCHER
================================================================================
  Model:      wide_resnet50_2 (CIFAR stem) (from scratch)
  Dataset:    cifar10 (10 classes)
  Image size: 32
  LR:         0.05
  Momentum:   0.9 (nesterov=True)
  Optimizer:  sgd
  Weight dec: 0.0005 (on BN/bias=False)
  Backend:    mpi
  Algorithm:  ring_zfp_online_coll
  ZFP rate:   8
  Epochs:     5
  Batch/rank: 8
  LR:         0.05
  Scheduler:  cosine
  Warmup:     0
  Grad clip:  None
  Drop last:  True
  Data dir:   ./data
================================================================================


================================================================================
Distributed Training: WIDE_RESNET50_2 on CIFAR10
Backend: MPI, Algorithm: ring_zfp_online_coll
================================================================================
Ranks: 8, Epochs: 5, Batch/rank: 8, Effective batch: 64
LR: 0.05, Device: cuda:0

[Cache] Pretrained weights cache (TORCH_HOME) = /eagle/UIC-HPC/matilderestelli/pretrained_weights_cache
[Setup] Model on cuda:0, wrapped in DDP (static_graph=True)
[Setup] Hook registered: mpi/ring_zfp_online_coll
[Optim] SGD: lr=0.05 momentum=0.9 nesterov=True wd=0.0005 wd_on_bn_bias=False
[Optim]   group 0: 66,778,816 params, wd=0.0005
[Optim]   group 1: 68,234 params, wd=0.0
[Data] Train batches: 781, Val batches: 1250

[Sched] cosine: steps/epoch=781, total_steps=3905, warmup_steps=0 (0 epochs)


[Epoch 1] Training... (lr at epoch start=0.050000)
  Batch [50/781] Loss: 20.1118, Acc: 9.75%, lr: 0.049980
  Batch [100/781] Loss: 12.7706, Acc: 10.62%, lr: 0.049919
  Batch [150/781] Loss: 9.9518, Acc: 11.17%, lr: 0.049818
  Batch [200/781] Loss: 8.4717, Acc: 11.00%, lr: 0.049677
  Batch [250/781] Loss: 7.4649, Acc: 11.95%, lr: 0.049496
  Batch [300/781] Loss: 6.7922, Acc: 11.50%, lr: 0.049275
  Batch [350/781] Loss: 6.2523, Acc: 12.32%, lr: 0.049015
  Batch [400/781] Loss: 5.8306, Acc: 12.72%, lr: 0.048717
  Batch [450/781] Loss: 5.5031, Acc: 13.25%, lr: 0.048380
  Batch [500/781] Loss: 5.2409, Acc: 13.45%, lr: 0.048005
  Batch [550/781] Loss: 4.9905, Acc: 14.00%, lr: 0.047592
  Batch [600/781] Loss: 4.7793, Acc: 14.62%, lr: 0.047144
  Batch [650/781] Loss: 4.5955, Acc: 14.92%, lr: 0.046659
  Batch [700/781] Loss: 4.4423, Acc: 15.11%, lr: 0.046139
  Batch [750/781] Loss: 4.3022, Acc: 15.48%, lr: 0.045586
[Epoch 1] Train Loss: 4.2294, Acc: 15.56%  |  Val Loss: 3.6792, Acc: 19.84%  |  Time: 38.8s
[Epoch 1] t_iter median: 39.03 ms  (fwd 7.00 | bwd+comm 28.52 | opt 3.32 | data 0.11)  |  train-only epoch: 31.5s
  -> Best model saved (19.84%)
[Epoch 1] Summarizing hook timing...

[HOOK_TIMING_SUMMARY] epoch=1
[HOOK_WORK_SUMMARY] label=mpi:ring_zfp_online_coll:rate8calls=6234 work_total_ms=21055.782 work_mean_ms=3.378 work_min_ms=2.385 work_max_ms=70.739
[HOOK_TAIL_SUMMARY] label=mpi:ring_zfp_online_coll:rate8steps=782 tail_total_ms=13386.981 tail_mean_ms=17.119 tail_min_ms=8.532 tail_max_ms=80.032
[Epoch 1] Hook timing summary done

[Epoch 2] Training... (lr at epoch start=0.045225)
  Batch [50/781] Loss: 2.4714, Acc: 18.50%, lr: 0.044618
  Batch [100/781] Loss: 2.4134, Acc: 18.25%, lr: 0.043979
  Batch [150/781] Loss: 2.3780, Acc: 19.58%, lr: 0.043309
  Batch [200/781] Loss: 2.3494, Acc: 19.44%, lr: 0.042610
  Batch [250/781] Loss: 2.3497, Acc: 19.70%, lr: 0.041882
  Batch [300/781] Loss: 2.3441, Acc: 20.04%, lr: 0.041127
  Batch [350/781] Loss: 2.3433, Acc: 19.82%, lr: 0.040346
  Batch [400/781] Loss: 2.3292, Acc: 20.19%, lr: 0.039540
  Batch [450/781] Loss: 2.3023, Acc: 20.47%, lr: 0.038710
  Batch [500/781] Loss: 2.2824, Acc: 20.68%, lr: 0.037858
  Batch [550/781] Loss: 2.2639, Acc: 20.93%, lr: 0.036986
  Batch [600/781] Loss: 2.2564, Acc: 20.92%, lr: 0.036094
  Batch [650/781] Loss: 2.2418, Acc: 21.33%, lr: 0.035184
  Batch [700/781] Loss: 2.2365, Acc: 21.41%, lr: 0.034257
  Batch [750/781] Loss: 2.2238, Acc: 21.65%, lr: 0.033316
[Epoch 2] Train Loss: 2.2159, Acc: 21.78%  |  Val Loss: 3.5315, Acc: 27.24%  |  Time: 37.5s
[Epoch 2] t_iter median: 38.27 ms  (fwd 6.96 | bwd+comm 27.85 | opt 3.35 | data 0.11)  |  train-only epoch: 30.2s
  -> Best model saved (27.24%)
[Epoch 2] Summarizing hook timing...

[HOOK_TIMING_SUMMARY] epoch=2
[HOOK_WORK_SUMMARY] label=mpi:ring_zfp_online_coll:rate8calls=6248 work_total_ms=20508.029 work_mean_ms=3.282 work_min_ms=2.368 work_max_ms=5.635
[HOOK_TAIL_SUMMARY] label=mpi:ring_zfp_online_coll:rate8steps=781 tail_total_ms=12782.702 tail_mean_ms=16.367 tail_min_ms=14.846 tail_max_ms=20.044
[Epoch 2] Hook timing summary done

[Epoch 3] Training... (lr at epoch start=0.032725)
  Batch [50/781] Loss: 2.0097, Acc: 24.00%, lr: 0.031763
  Batch [100/781] Loss: 2.0121, Acc: 24.88%, lr: 0.030790
  Batch [150/781] Loss: 1.9952, Acc: 26.50%, lr: 0.029807
  Batch [200/781] Loss: 2.0135, Acc: 25.81%, lr: 0.028816
  Batch [250/781] Loss: 2.0188, Acc: 26.15%, lr: 0.027820
  Batch [300/781] Loss: 2.0293, Acc: 26.12%, lr: 0.026819
  Batch [350/781] Loss: 2.0243, Acc: 26.11%, lr: 0.025814
  Batch [400/781] Loss: 2.0111, Acc: 26.34%, lr: 0.024809
  Batch [450/781] Loss: 2.0042, Acc: 26.47%, lr: 0.023804
  Batch [500/781] Loss: 1.9991, Acc: 26.50%, lr: 0.022801
  Batch [550/781] Loss: 1.9885, Acc: 26.45%, lr: 0.021801
  Batch [600/781] Loss: 1.9776, Acc: 26.81%, lr: 0.020806
  Batch [650/781] Loss: 1.9822, Acc: 26.90%, lr: 0.019819
  Batch [700/781] Loss: 1.9731, Acc: 26.98%, lr: 0.018839
  Batch [750/781] Loss: 1.9709, Acc: 26.97%, lr: 0.017870
[Epoch 3] Train Loss: 1.9683, Acc: 27.10%  |  Val Loss: 2.3395, Acc: 31.91%  |  Time: 37.5s
[Epoch 3] t_iter median: 38.39 ms  (fwd 6.88 | bwd+comm 28.10 | opt 3.25 | data 0.11)  |  train-only epoch: 30.3s
  -> Best model saved (31.91%)
[Epoch 3] Summarizing hook timing...

[HOOK_TIMING_SUMMARY] epoch=3
[HOOK_WORK_SUMMARY] label=mpi:ring_zfp_online_coll:rate8calls=6248 work_total_ms=20782.364 work_mean_ms=3.326 work_min_ms=2.368 work_max_ms=5.456
[HOOK_TAIL_SUMMARY] label=mpi:ring_zfp_online_coll:rate8steps=781 tail_total_ms=13189.353 tail_mean_ms=16.888 tail_min_ms=14.904 tail_max_ms=20.033
[Epoch 3] Hook timing summary done

[Epoch 4] Training... (lr at epoch start=0.017275)
  Batch [50/781] Loss: 1.9164, Acc: 27.75%, lr: 0.016325
  Batch [100/781] Loss: 1.9012, Acc: 28.38%, lr: 0.015389
  Batch [150/781] Loss: 1.9005, Acc: 28.67%, lr: 0.014468
  Batch [200/781] Loss: 1.8936, Acc: 29.31%, lr: 0.013565
  Batch [250/781] Loss: 1.8883, Acc: 29.30%, lr: 0.012680
  Batch [300/781] Loss: 1.8753, Acc: 29.67%, lr: 0.011816
  Batch [350/781] Loss: 1.8837, Acc: 29.82%, lr: 0.010972
  Batch [400/781] Loss: 1.8827, Acc: 29.53%, lr: 0.010151
  Batch [450/781] Loss: 1.8752, Acc: 29.86%, lr: 0.009354
  Batch [500/781] Loss: 1.8754, Acc: 29.80%, lr: 0.008583
  Batch [550/781] Loss: 1.8698, Acc: 30.20%, lr: 0.007838
  Batch [600/781] Loss: 1.8651, Acc: 30.46%, lr: 0.007121
  Batch [650/781] Loss: 1.8643, Acc: 30.52%, lr: 0.006433
  Batch [700/781] Loss: 1.8631, Acc: 30.57%, lr: 0.005774
  Batch [750/781] Loss: 1.8579, Acc: 30.70%, lr: 0.005147
[Epoch 4] Train Loss: 1.8557, Acc: 30.57%  |  Val Loss: 2.2904, Acc: 35.11%  |  Time: 37.8s
[Epoch 4] t_iter median: 38.62 ms  (fwd 6.90 | bwd+comm 28.21 | opt 3.33 | data 0.11)  |  train-only epoch: 30.5s
  -> Best model saved (35.11%)
[Epoch 4] Summarizing hook timing...

[HOOK_TIMING_SUMMARY] epoch=4
[HOOK_WORK_SUMMARY] label=mpi:ring_zfp_online_coll:rate8calls=6248 work_total_ms=20847.607 work_mean_ms=3.337 work_min_ms=2.378 work_max_ms=6.616
[HOOK_TAIL_SUMMARY] label=mpi:ring_zfp_online_coll:rate8steps=781 tail_total_ms=13250.389 tail_mean_ms=16.966 tail_min_ms=14.095 tail_max_ms=20.589
[Epoch 4] Hook timing summary done

[Epoch 5] Training... (lr at epoch start=0.004775)
  Batch [50/781] Loss: 1.7469, Acc: 35.50%, lr: 0.004200
  Batch [100/781] Loss: 1.8032, Acc: 32.88%, lr: 0.003659
  Batch [150/781] Loss: 1.8093, Acc: 33.00%, lr: 0.003153
  Batch [200/781] Loss: 1.8168, Acc: 32.06%, lr: 0.002682
  Batch [250/781] Loss: 1.8096, Acc: 32.65%, lr: 0.002247
  Batch [300/781] Loss: 1.7953, Acc: 33.25%, lr: 0.001849
  Batch [350/781] Loss: 1.7950, Acc: 32.79%, lr: 0.001488
  Batch [400/781] Loss: 1.7942, Acc: 32.62%, lr: 0.001165
  Batch [450/781] Loss: 1.7898, Acc: 32.64%, lr: 0.000881
  Batch [500/781] Loss: 1.7903, Acc: 32.95%, lr: 0.000636
  Batch [550/781] Loss: 1.7884, Acc: 32.95%, lr: 0.000430
  Batch [600/781] Loss: 1.7872, Acc: 32.94%, lr: 0.000265
  Batch [650/781] Loss: 1.7803, Acc: 33.13%, lr: 0.000139
  Batch [700/781] Loss: 1.7771, Acc: 33.34%, lr: 0.000053
  Batch [750/781] Loss: 1.7702, Acc: 34.07%, lr: 0.000008
[Epoch 5] Train Loss: 1.7731, Acc: 33.91%  |  Val Loss: 2.0116, Acc: 36.85%  |  Time: 37.8s
[Epoch 5] t_iter median: 38.84 ms  (fwd 6.89 | bwd+comm 28.58 | opt 3.25 | data 0.11)  |  train-only epoch: 30.7s
  -> Best model saved (36.85%)
[Epoch 5] Summarizing hook timing...

[HOOK_TIMING_SUMMARY] epoch=5
[HOOK_WORK_SUMMARY] label=mpi:ring_zfp_online_coll:rate8calls=6248 work_total_ms=21172.660 work_mean_ms=3.389 work_min_ms=2.374 work_max_ms=5.895
[HOOK_TAIL_SUMMARY] label=mpi:ring_zfp_online_coll:rate8steps=781 tail_total_ms=13613.042 tail_mean_ms=17.430 tail_min_ms=15.774 tail_max_ms=20.947
[Epoch 5] Hook timing summary done

================================================================================
Done in 193.9s | Best val acc: 36.85%
Epoch times (train+val): mean=37.9s  min=37.5s  max=38.8s
Train-only epoch time (epochs 2..N): median=30.40s  min=30.25s  max=30.67s
  -> use this for STRONG scaling (fixed global batch)
  -> use t_iter_median_ms from the CSV for WEAK scaling (fixed local batch)
================================================================================
=== Finished: model=wide_resnet50_2, dataset=cifar10, batch=8, lr=0.05, scheduler=cosine, backend=mpi, hook=ring_zfp_online_coll, zfp_rate=8, status=0 at Wed Jul 22 02:53:21 PM UTC 2026 ===
=== Starting: model=wide_resnet50_2, ws=8, bs=8, gb=64, lr=0.05, sched=cosine, warmup=0, epochs=5, mom=0.9, wd=5e-4, nesterov=true, wd_bn_bias=false, backend=mpi, hook=recursive_doubling, zfp=none at Wed Jul 22 02:53:21 PM UTC 2026 ===

================================================================================
DISTRIBUTED TRAINING LAUNCHER
================================================================================
  Model:      wide_resnet50_2 (CIFAR stem) (from scratch)
  Dataset:    cifar10 (10 classes)
  Image size: 32
  LR:         0.05
  Momentum:   0.9 (nesterov=True)
  Optimizer:  sgd
  Weight dec: 0.0005 (on BN/bias=False)
  Backend:    mpi
  Algorithm:  recursive_doubling
  Epochs:     5
  Batch/rank: 8
  LR:         0.05
  Scheduler:  cosine
  Warmup:     0
  Grad clip:  None
  Drop last:  True
  Data dir:   ./data
================================================================================


================================================================================
DISTRIBUTED TRAINING LAUNCHER
================================================================================
  Model:      wide_resnet50_2 (CIFAR stem) (from scratch)
  Dataset:    cifar10 (10 classes)
  Image size: 32
  LR:         0.05
  Momentum:   0.9 (nesterov=True)
  Optimizer:  sgd
  Weight dec: 0.0005 (on BN/bias=False)
  Backend:    mpi
  Algorithm:  recursive_doubling
  Epochs:     5
  Batch/rank: 8
  LR:         0.05
  Scheduler:  cosine
  Warmup:     0
  Grad clip:  None
  Drop last:  True
  Data dir:   ./data
================================================================================


================================================================================
DISTRIBUTED TRAINING LAUNCHER
================================================================================
  Model:      wide_resnet50_2 (CIFAR stem) (from scratch)
  Dataset:    cifar10 (10 classes)
  Image size: 32
  LR:         0.05
  Momentum:   0.9 (nesterov=True)
  Optimizer:  sgd
  Weight dec: 0.0005 (on BN/bias=False)
  Backend:    mpi
  Algorithm:  recursive_doubling
  Epochs:     5
  Batch/rank: 8
  LR:         0.05
  Scheduler:  cosine
  Warmup:     0
  Grad clip:  None
  Drop last:  True
  Data dir:   ./data
================================================================================


================================================================================
DISTRIBUTED TRAINING LAUNCHER
================================================================================
  Model:      wide_resnet50_2 (CIFAR stem) (from scratch)
  Dataset:    cifar10 (10 classes)
  Image size: 32
  LR:         0.05
  Momentum:   0.9 (nesterov=True)
  Optimizer:  sgd
  Weight dec: 0.0005 (on BN/bias=False)
  Backend:    mpi
  Algorithm:  recursive_doubling
  Epochs:     5
  Batch/rank: 8
  LR:         0.05
  Scheduler:  cosine
  Warmup:     0
  Grad clip:  None
  Drop last:  True
  Data dir:   ./data
================================================================================


================================================================================
DISTRIBUTED TRAINING LAUNCHER
================================================================================
  Model:      wide_resnet50_2 (CIFAR stem) (from scratch)
  Dataset:    cifar10 (10 classes)
  Image size: 32
  LR:         0.05
  Momentum:   0.9 (nesterov=True)
  Optimizer:  sgd
  Weight dec: 0.0005 (on BN/bias=False)
  Backend:    mpi
  Algorithm:  recursive_doubling

================================================================================
DISTRIBUTED TRAINING LAUNCHER
================================================================================
  Model:      wide_resnet50_2 (CIFAR stem) (from scratch)
  Dataset:    cifar10 (10 classes)
  Image size: 32
  LR:         0.05
  Momentum:   0.9 (nesterov=True)
  Optimizer:  sgd
  Weight dec: 0.0005 (on BN/bias=False)
  Backend:    mpi
  Algorithm:  recursive_doubling
  Epochs:     5
  Batch/rank: 8
  LR:         0.05
  Scheduler:  cosine
  Warmup:     0
  Grad clip:  None
  Drop last:  True
  Data dir:   ./data
================================================================================

  Epochs:     5
  Batch/rank: 8
  LR:         0.05
  Scheduler:  cosine
  Warmup:     0
  Grad clip:  None
  Drop last:  True
  Data dir:   ./data
================================================================================


================================================================================
DISTRIBUTED TRAINING LAUNCHER
================================================================================
  Model:      wide_resnet50_2 (CIFAR stem) (from scratch)
  Dataset:    cifar10 (10 classes)
  Image size: 32
  LR:         0.05
  Momentum:   0.9 (nesterov=True)
  Optimizer:  sgd
  Weight dec: 0.0005 (on BN/bias=False)
  Backend:    mpi
  Algorithm:  recursive_doubling
  Epochs:     5
  Batch/rank: 8
  LR:         0.05
  Scheduler:  cosine
  Warmup:     0
  Grad clip:  None
  Drop last:  True
  Data dir:   ./data
================================================================================


================================================================================
DISTRIBUTED TRAINING LAUNCHER
================================================================================
  Model:      wide_resnet50_2 (CIFAR stem) (from scratch)
  Dataset:    cifar10 (10 classes)
  Image size: 32
  LR:         0.05
  Momentum:   0.9 (nesterov=True)
  Optimizer:  sgd
  Weight dec: 0.0005 (on BN/bias=False)
  Backend:    mpi
  Algorithm:  recursive_doubling
  Epochs:     5
  Batch/rank: 8
  LR:         0.05
  Scheduler:  cosine
  Warmup:     0
  Grad clip:  None
  Drop last:  True
  Data dir:   ./data
================================================================================


================================================================================
Distributed Training: WIDE_RESNET50_2 on CIFAR10
Backend: MPI, Algorithm: recursive_doubling
================================================================================
Ranks: 8, Epochs: 5, Batch/rank: 8, Effective batch: 64
LR: 0.05, Device: cuda:0

[Cache] Pretrained weights cache (TORCH_HOME) = /eagle/UIC-HPC/matilderestelli/pretrained_weights_cache
[Setup] Model on cuda:0, wrapped in DDP (static_graph=True)
[Setup] Hook registered: mpi/recursive_doubling
[Optim] SGD: lr=0.05 momentum=0.9 nesterov=True wd=0.0005 wd_on_bn_bias=False
[Optim]   group 0: 66,778,816 params, wd=0.0005
[Optim]   group 1: 68,234 params, wd=0.0
[Data] Train batches: 781, Val batches: 1250

[Sched] cosine: steps/epoch=781, total_steps=3905, warmup_steps=0 (0 epochs)


[Epoch 1] Training... (lr at epoch start=0.050000)
  Batch [50/781] Loss: 7.6518, Acc: 9.50%, lr: 0.049980
  Batch [100/781] Loss: 5.0064, Acc: 10.38%, lr: 0.049919
  Batch [150/781] Loss: 4.1028, Acc: 10.92%, lr: 0.049818
  Batch [200/781] Loss: 3.6548, Acc: 11.12%, lr: 0.049677
  Batch [250/781] Loss: 3.3756, Acc: 12.50%, lr: 0.049496
  Batch [300/781] Loss: 3.1770, Acc: 13.29%, lr: 0.049275
  Batch [350/781] Loss: 3.0244, Acc: 14.39%, lr: 0.049015
  Batch [400/781] Loss: 2.9018, Acc: 15.88%, lr: 0.048717
  Batch [450/781] Loss: 2.8128, Acc: 16.67%, lr: 0.048380
  Batch [500/781] Loss: 2.7315, Acc: 17.77%, lr: 0.048005
  Batch [550/781] Loss: 2.6620, Acc: 18.43%, lr: 0.047592
  Batch [600/781] Loss: 2.5921, Acc: 19.35%, lr: 0.047144
  Batch [650/781] Loss: 2.5350, Acc: 20.33%, lr: 0.046659
  Batch [700/781] Loss: 2.4871, Acc: 21.00%, lr: 0.046139
  Batch [750/781] Loss: 2.4447, Acc: 21.75%, lr: 0.045586
[Epoch 1] Train Loss: 2.4169, Acc: 22.28%  |  Val Loss: 1.7276, Acc: 37.70%  |  Time: 69.1s
[Epoch 1] t_iter median: 77.53 ms  (fwd 7.08 | bwd+comm 66.98 | opt 3.31 | data 0.11)  |  train-only epoch: 61.7s
  -> Best model saved (37.70%)
[Epoch 1] Summarizing hook timing...

[HOOK_TIMING_SUMMARY] epoch=1
[HOOK_WORK_SUMMARY] label=mpi:recursive_doubling calls=6234 work_total_ms=51440.777 work_mean_ms=8.252 work_min_ms=2.700 work_max_ms=97.479
[HOOK_TAIL_SUMMARY] label=mpi:recursive_doubling steps=782 tail_total_ms=44840.809 tail_mean_ms=57.341 tail_min_ms=4.935 tail_max_ms=98.586
[Epoch 1] Hook timing summary done

[Epoch 2] Training... (lr at epoch start=0.045225)
  Batch [50/781] Loss: 1.8102, Acc: 32.25%, lr: 0.044618
  Batch [100/781] Loss: 1.7983, Acc: 30.62%, lr: 0.043979
  Batch [150/781] Loss: 1.7743, Acc: 32.67%, lr: 0.043309
  Batch [200/781] Loss: 1.7639, Acc: 33.12%, lr: 0.042610
  Batch [250/781] Loss: 1.7533, Acc: 34.15%, lr: 0.041882
  Batch [300/781] Loss: 1.7498, Acc: 34.50%, lr: 0.041127
  Batch [350/781] Loss: 1.7433, Acc: 34.61%, lr: 0.040346
  Batch [400/781] Loss: 1.7349, Acc: 35.00%, lr: 0.039540
  Batch [450/781] Loss: 1.7166, Acc: 35.75%, lr: 0.038710
  Batch [500/781] Loss: 1.7018, Acc: 36.38%, lr: 0.037858
  Batch [550/781] Loss: 1.6865, Acc: 36.89%, lr: 0.036986
  Batch [600/781] Loss: 1.6776, Acc: 37.38%, lr: 0.036094
  Batch [650/781] Loss: 1.6662, Acc: 37.94%, lr: 0.035184
  Batch [700/781] Loss: 1.6578, Acc: 38.21%, lr: 0.034257
  Batch [750/781] Loss: 1.6429, Acc: 38.93%, lr: 0.033316
[Epoch 2] Train Loss: 1.6373, Acc: 39.31%  |  Val Loss: 1.8311, Acc: 43.78%  |  Time: 68.9s
[Epoch 2] t_iter median: 78.16 ms  (fwd 7.04 | bwd+comm 67.75 | opt 3.20 | data 0.11)  |  train-only epoch: 61.6s
  -> Best model saved (43.78%)
[Epoch 2] Summarizing hook timing...

[HOOK_TIMING_SUMMARY] epoch=2
[HOOK_WORK_SUMMARY] label=mpi:recursive_doubling calls=6248 work_total_ms=52168.450 work_mean_ms=8.350 work_min_ms=2.777 work_max_ms=22.683
[HOOK_TAIL_SUMMARY] label=mpi:recursive_doubling steps=781 tail_total_ms=45717.562 tail_mean_ms=58.537 tail_min_ms=53.984 tail_max_ms=66.111
[Epoch 2] Hook timing summary done

[Epoch 3] Training... (lr at epoch start=0.032725)
  Batch [50/781] Loss: 1.4528, Acc: 46.50%, lr: 0.031763
  Batch [100/781] Loss: 1.4242, Acc: 47.75%, lr: 0.030790
  Batch [150/781] Loss: 1.4183, Acc: 47.83%, lr: 0.029807
  Batch [200/781] Loss: 1.4072, Acc: 48.62%, lr: 0.028816
  Batch [250/781] Loss: 1.4064, Acc: 48.30%, lr: 0.027820
  Batch [300/781] Loss: 1.4172, Acc: 48.33%, lr: 0.026819
  Batch [350/781] Loss: 1.4057, Acc: 48.50%, lr: 0.025814
  Batch [400/781] Loss: 1.3969, Acc: 48.59%, lr: 0.024809
  Batch [450/781] Loss: 1.3802, Acc: 49.33%, lr: 0.023804
  Batch [500/781] Loss: 1.3700, Acc: 49.77%, lr: 0.022801
  Batch [550/781] Loss: 1.3561, Acc: 50.32%, lr: 0.021801
  Batch [600/781] Loss: 1.3463, Acc: 50.79%, lr: 0.020806
  Batch [650/781] Loss: 1.3464, Acc: 50.79%, lr: 0.019819
  Batch [700/781] Loss: 1.3301, Acc: 51.45%, lr: 0.018839
  Batch [750/781] Loss: 1.3211, Acc: 51.73%, lr: 0.017870
[Epoch 3] Train Loss: 1.3163, Acc: 51.87%  |  Val Loss: 1.2741, Acc: 60.71%  |  Time: 68.8s
[Epoch 3] t_iter median: 77.94 ms  (fwd 7.04 | bwd+comm 67.55 | opt 3.21 | data 0.11)  |  train-only epoch: 61.5s
  -> Best model saved (60.71%)
[Epoch 3] Summarizing hook timing...

[HOOK_TIMING_SUMMARY] epoch=3
[HOOK_WORK_SUMMARY] label=mpi:recursive_doubling calls=6248 work_total_ms=52100.038 work_mean_ms=8.339 work_min_ms=2.699 work_max_ms=23.749
[HOOK_TAIL_SUMMARY] label=mpi:recursive_doubling steps=781 tail_total_ms=45606.932 tail_mean_ms=58.396 tail_min_ms=53.226 tail_max_ms=69.480
[Epoch 3] Hook timing summary done

[Epoch 4] Training... (lr at epoch start=0.017275)
  Batch [50/781] Loss: 1.1988, Acc: 55.75%, lr: 0.016325
  Batch [100/781] Loss: 1.1562, Acc: 56.62%, lr: 0.015389
  Batch [150/781] Loss: 1.1543, Acc: 57.33%, lr: 0.014468
  Batch [200/781] Loss: 1.1535, Acc: 58.12%, lr: 0.013565
  Batch [250/781] Loss: 1.1317, Acc: 59.00%, lr: 0.012680
  Batch [300/781] Loss: 1.1168, Acc: 59.21%, lr: 0.011816
  Batch [350/781] Loss: 1.1109, Acc: 59.39%, lr: 0.010972
  Batch [400/781] Loss: 1.0966, Acc: 59.72%, lr: 0.010151
  Batch [450/781] Loss: 1.0795, Acc: 60.47%, lr: 0.009354
  Batch [500/781] Loss: 1.0783, Acc: 60.55%, lr: 0.008583
  Batch [550/781] Loss: 1.0706, Acc: 60.98%, lr: 0.007838
  Batch [600/781] Loss: 1.0699, Acc: 61.23%, lr: 0.007121
  Batch [650/781] Loss: 1.0653, Acc: 61.62%, lr: 0.006433
  Batch [700/781] Loss: 1.0606, Acc: 61.84%, lr: 0.005774
  Batch [750/781] Loss: 1.0489, Acc: 62.28%, lr: 0.005147
[Epoch 4] Train Loss: 1.0437, Acc: 62.63%  |  Val Loss: 1.3225, Acc: 66.42%  |  Time: 68.8s
[Epoch 4] t_iter median: 78.22 ms  (fwd 7.02 | bwd+comm 67.80 | opt 3.26 | data 0.11)  |  train-only epoch: 61.6s
  -> Best model saved (66.42%)
[Epoch 4] Summarizing hook timing...

[HOOK_TIMING_SUMMARY] epoch=4
[HOOK_WORK_SUMMARY] label=mpi:recursive_doubling calls=6248 work_total_ms=52205.656 work_mean_ms=8.356 work_min_ms=2.842 work_max_ms=22.677
[HOOK_TAIL_SUMMARY] label=mpi:recursive_doubling steps=781 tail_total_ms=45798.303 tail_mean_ms=58.641 tail_min_ms=55.194 tail_max_ms=68.659
[Epoch 4] Hook timing summary done

[Epoch 5] Training... (lr at epoch start=0.004775)
  Batch [50/781] Loss: 0.8510, Acc: 69.75%, lr: 0.004200
  Batch [100/781] Loss: 0.8837, Acc: 69.00%, lr: 0.003659
  Batch [150/781] Loss: 0.9028, Acc: 68.17%, lr: 0.003153
  Batch [200/781] Loss: 0.8938, Acc: 68.12%, lr: 0.002682
  Batch [250/781] Loss: 0.8705, Acc: 69.15%, lr: 0.002247
  Batch [300/781] Loss: 0.8704, Acc: 69.38%, lr: 0.001849
  Batch [350/781] Loss: 0.8692, Acc: 69.32%, lr: 0.001488
  Batch [400/781] Loss: 0.8750, Acc: 69.12%, lr: 0.001165
  Batch [450/781] Loss: 0.8686, Acc: 69.39%, lr: 0.000881
  Batch [500/781] Loss: 0.8605, Acc: 69.75%, lr: 0.000636
  Batch [550/781] Loss: 0.8551, Acc: 69.68%, lr: 0.000430
  Batch [600/781] Loss: 0.8544, Acc: 69.81%, lr: 0.000265
  Batch [650/781] Loss: 0.8522, Acc: 69.94%, lr: 0.000139
  Batch [700/781] Loss: 0.8463, Acc: 70.21%, lr: 0.000053
  Batch [750/781] Loss: 0.8396, Acc: 70.43%, lr: 0.000008
[Epoch 5] Train Loss: 0.8365, Acc: 70.57%  |  Val Loss: 1.7974, Acc: 69.64%  |  Time: 68.7s
[Epoch 5] t_iter median: 78.02 ms  (fwd 7.00 | bwd+comm 67.65 | opt 3.26 | data 0.11)  |  train-only epoch: 61.5s
  -> Best model saved (69.64%)
[Epoch 5] Summarizing hook timing...

[HOOK_TIMING_SUMMARY] epoch=5
[HOOK_WORK_SUMMARY] label=mpi:recursive_doubling calls=6248 work_total_ms=52050.132 work_mean_ms=8.331 work_min_ms=2.676 work_max_ms=23.004
[HOOK_TAIL_SUMMARY] label=mpi:recursive_doubling steps=781 tail_total_ms=45535.155 tail_mean_ms=58.304 tail_min_ms=54.523 tail_max_ms=68.812
[Epoch 5] Hook timing summary done

================================================================================
Done in 350.7s | Best val acc: 69.64%
Epoch times (train+val): mean=68.8s  min=68.7s  max=69.1s
Train-only epoch time (epochs 2..N): median=61.55s  min=61.53s  max=61.63s
  -> use this for STRONG scaling (fixed global batch)
  -> use t_iter_median_ms from the CSV for WEAK scaling (fixed local batch)
================================================================================
=== Finished: model=wide_resnet50_2, dataset=cifar10, batch=8, lr=0.05, scheduler=cosine, backend=mpi, hook=recursive_doubling, zfp_rate=none, status=0 at Wed Jul 22 02:59:22 PM UTC 2026 ===
=== Starting: model=wide_resnet50_2, ws=8, bs=8, gb=64, lr=0.05, sched=cosine, warmup=0, epochs=5, mom=0.9, wd=5e-4, nesterov=true, wd_bn_bias=false, backend=mpi, hook=recursive_doubling_zfp_naive, zfp=16 at Wed Jul 22 02:59:22 PM UTC 2026 ===

================================================================================
DISTRIBUTED TRAINING LAUNCHER
================================================================================
  Model:      wide_resnet50_2 (CIFAR stem) (from scratch)
  Dataset:    cifar10 (10 classes)
  Image size: 32
  LR:         0.05
  Momentum:   0.9 (nesterov=True)
  Optimizer:  sgd
  Weight dec: 0.0005 (on BN/bias=False)
  Backend:    mpi
  Algorithm:  recursive_doubling_zfp_naive
  ZFP rate:   16
  Epochs:     5
  Batch/rank: 8
  LR:         0.05
  Scheduler:  cosine
  Warmup:     0
  Grad clip:  None
  Drop last:  True
  Data dir:   ./data
================================================================================


================================================================================
DISTRIBUTED TRAINING LAUNCHER
================================================================================
  Model:      wide_resnet50_2 (CIFAR stem) (from scratch)
  Dataset:    cifar10 (10 classes)
  Image size: 32
  LR:         0.05
  Momentum:   0.9 (nesterov=True)
  Optimizer:  sgd
  Weight dec: 0.0005 (on BN/bias=False)
  Backend:    mpi
  Algorithm:  recursive_doubling_zfp_naive
  ZFP rate:   16
  Epochs:     5
  Batch/rank: 8
  LR:         0.05
  Scheduler:  cosine
  Warmup:     0
  Grad clip:  None
  Drop last:  True
  Data dir:   ./data
================================================================================


================================================================================
DISTRIBUTED TRAINING LAUNCHER
================================================================================
  Model:      wide_resnet50_2 (CIFAR stem) (from scratch)
  Dataset:    cifar10 (10 classes)
  Image size: 32
  LR:         0.05
  Momentum:   0.9 (nesterov=True)
  Optimizer:  sgd
  Weight dec: 0.0005 (on BN/bias=False)
  Backend:    mpi
  Algorithm:  recursive_doubling_zfp_naive
  ZFP rate:   16
  Epochs:     5
  Batch/rank: 8
  LR:         0.05
  Scheduler:  cosine
  Warmup:     0
  Grad clip:  None
  Drop last:  True
  Data dir:   ./data
================================================================================


================================================================================
DISTRIBUTED TRAINING LAUNCHER
================================================================================
  Model:      wide_resnet50_2 (CIFAR stem) (from scratch)
  Dataset:    cifar10 (10 classes)
  Image size: 32
  LR:         0.05
  Momentum:   0.9 (nesterov=True)
  Optimizer:  sgd
  Weight dec: 0.0005 (on BN/bias=False)
  Backend:    mpi
  Algorithm:  recursive_doubling_zfp_naive
  ZFP rate:   16
  Epochs:     5
  Batch/rank: 8
  LR:         0.05
  Scheduler:  cosine
  Warmup:     0
  Grad clip:  None
  Drop last:  True
  Data dir:   ./data
================================================================================


================================================================================
DISTRIBUTED TRAINING LAUNCHER
================================================================================
  Model:      wide_resnet50_2 (CIFAR stem) (from scratch)
  Dataset:    cifar10 (10 classes)
  Image size: 32
  LR:         0.05
  Momentum:   0.9 (nesterov=True)
  Optimizer:  sgd
  Weight dec: 0.0005 (on BN/bias=False)
  Backend:    mpi
  Algorithm:  recursive_doubling_zfp_naive
  ZFP rate:   16
  Epochs:     5
  Batch/rank: 8
  LR:         0.05
  Scheduler:  cosine
  Warmup:     0
  Grad clip:  None
  Drop last:  True
  Data dir:   ./data
================================================================================


================================================================================
DISTRIBUTED TRAINING LAUNCHER
================================================================================
  Model:      wide_resnet50_2 (CIFAR stem) (from scratch)
  Dataset:    cifar10 (10 classes)
  Image size: 32
  LR:         0.05
  Momentum:   0.9 (nesterov=True)
  Optimizer:  sgd
  Weight dec: 0.0005 (on BN/bias=False)
  Backend:    mpi
  Algorithm:  recursive_doubling_zfp_naive
  ZFP rate:   16
  Epochs:     5
  Batch/rank: 8
  LR:         0.05
  Scheduler:  cosine
  Warmup:     0
  Grad clip:  None
  Drop last:  True
  Data dir:   ./data
================================================================================


================================================================================
DISTRIBUTED TRAINING LAUNCHER
================================================================================
  Model:      wide_resnet50_2 (CIFAR stem) (from scratch)
  Dataset:    cifar10 (10 classes)
  Image size: 32
  LR:         0.05
  Momentum:   0.9 (nesterov=True)
  Optimizer:  sgd
  Weight dec: 0.0005 (on BN/bias=False)
  Backend:    mpi
  Algorithm:  recursive_doubling_zfp_naive
  ZFP rate:   16
  Epochs:     5
  Batch/rank: 8
  LR:         0.05
  Scheduler:  cosine
  Warmup:     0
  Grad clip:  None
  Drop last:  True
  Data dir:   ./data
================================================================================


================================================================================
DISTRIBUTED TRAINING LAUNCHER
================================================================================
  Model:      wide_resnet50_2 (CIFAR stem) (from scratch)
  Dataset:    cifar10 (10 classes)
  Image size: 32
  LR:         0.05
  Momentum:   0.9 (nesterov=True)
  Optimizer:  sgd
  Weight dec: 0.0005 (on BN/bias=False)
  Backend:    mpi
  Algorithm:  recursive_doubling_zfp_naive
  ZFP rate:   16
  Epochs:     5
  Batch/rank: 8
  LR:         0.05
  Scheduler:  cosine
  Warmup:     0
  Grad clip:  None
  Drop last:  True
  Data dir:   ./data
================================================================================


================================================================================
Distributed Training: WIDE_RESNET50_2 on CIFAR10
Backend: MPI, Algorithm: recursive_doubling_zfp_naive
================================================================================
Ranks: 8, Epochs: 5, Batch/rank: 8, Effective batch: 64
LR: 0.05, Device: cuda:0

[Cache] Pretrained weights cache (TORCH_HOME) = /eagle/UIC-HPC/matilderestelli/pretrained_weights_cache
[Setup] Model on cuda:0, wrapped in DDP (static_graph=True)
[Setup] Hook registered: mpi/recursive_doubling_zfp_naive
[Optim] SGD: lr=0.05 momentum=0.9 nesterov=True wd=0.0005 wd_on_bn_bias=False
[Optim]   group 0: 66,778,816 params, wd=0.0005
[Optim]   group 1: 68,234 params, wd=0.0
[Data] Train batches: 781, Val batches: 1250

[Sched] cosine: steps/epoch=781, total_steps=3905, warmup_steps=0 (0 epochs)


[Epoch 1] Training... (lr at epoch start=0.050000)
  Batch [50/781] Loss: 8.1070, Acc: 9.25%, lr: 0.049980
  Batch [100/781] Loss: 5.2347, Acc: 8.88%, lr: 0.049919
  Batch [150/781] Loss: 4.2602, Acc: 9.92%, lr: 0.049818
  Batch [200/781] Loss: 3.7800, Acc: 9.81%, lr: 0.049677
  Batch [250/781] Loss: 3.4807, Acc: 10.85%, lr: 0.049496
  Batch [300/781] Loss: 3.2735, Acc: 12.21%, lr: 0.049275
  Batch [350/781] Loss: 3.1070, Acc: 13.29%, lr: 0.049015
  Batch [400/781] Loss: 2.9771, Acc: 14.34%, lr: 0.048717
  Batch [450/781] Loss: 2.8767, Acc: 15.31%, lr: 0.048380
  Batch [500/781] Loss: 2.7909, Acc: 16.38%, lr: 0.048005
  Batch [550/781] Loss: 2.7142, Acc: 17.32%, lr: 0.047592
  Batch [600/781] Loss: 2.6410, Acc: 18.31%, lr: 0.047144
  Batch [650/781] Loss: 2.5798, Acc: 19.37%, lr: 0.046659
  Batch [700/781] Loss: 2.5287, Acc: 20.04%, lr: 0.046139
  Batch [750/781] Loss: 2.4839, Acc: 20.95%, lr: 0.045586
[Epoch 1] Train Loss: 2.4549, Acc: 21.56%  |  Val Loss: 1.7774, Acc: 37.98%  |  Time: 60.8s
[Epoch 1] t_iter median: 67.08 ms  (fwd 6.98 | bwd+comm 56.70 | opt 3.18 | data 0.11)  |  train-only epoch: 53.5s
  -> Best model saved (37.98%)
[Epoch 1] Summarizing hook timing...

[HOOK_TIMING_SUMMARY] epoch=1
[HOOK_WORK_SUMMARY] label=mpi:recursive_doubling_zfp_naive:rate16 calls=6234 work_total_ms=43300.050 work_mean_ms=6.946 work_min_ms=3.192 work_max_ms=112.301
[HOOK_TAIL_SUMMARY] label=mpi:recursive_doubling_zfp_naive:rate16 steps=782 tail_total_ms=36648.015 tail_mean_ms=46.864 tail_min_ms=14.316 tail_max_ms=115.297
[Epoch 1] Hook timing summary done

[Epoch 2] Training... (lr at epoch start=0.045225)
  Batch [50/781] Loss: 1.7481, Acc: 35.00%, lr: 0.044618
  Batch [100/781] Loss: 1.7648, Acc: 33.12%, lr: 0.043979
  Batch [150/781] Loss: 1.7402, Acc: 35.17%, lr: 0.043309
  Batch [200/781] Loss: 1.7306, Acc: 35.44%, lr: 0.042610
  Batch [250/781] Loss: 1.7175, Acc: 36.20%, lr: 0.041882
  Batch [300/781] Loss: 1.7162, Acc: 36.50%, lr: 0.041127
  Batch [350/781] Loss: 1.7130, Acc: 36.61%, lr: 0.040346
  Batch [400/781] Loss: 1.7049, Acc: 37.16%, lr: 0.039540
  Batch [450/781] Loss: 1.6881, Acc: 37.83%, lr: 0.038710
  Batch [500/781] Loss: 1.6709, Acc: 38.45%, lr: 0.037858
  Batch [550/781] Loss: 1.6520, Acc: 39.05%, lr: 0.036986
  Batch [600/781] Loss: 1.6411, Acc: 39.58%, lr: 0.036094
  Batch [650/781] Loss: 1.6284, Acc: 40.06%, lr: 0.035184
  Batch [700/781] Loss: 1.6186, Acc: 40.27%, lr: 0.034257
  Batch [750/781] Loss: 1.6041, Acc: 40.80%, lr: 0.033316
[Epoch 2] Train Loss: 1.5981, Acc: 41.13%  |  Val Loss: 2.1629, Acc: 49.36%  |  Time: 60.1s
[Epoch 2] t_iter median: 67.07 ms  (fwd 6.93 | bwd+comm 56.79 | opt 3.23 | data 0.11)  |  train-only epoch: 52.8s
  -> Best model saved (49.36%)
[Epoch 2] Summarizing hook timing...

[HOOK_TIMING_SUMMARY] epoch=2
[HOOK_WORK_SUMMARY] label=mpi:recursive_doubling_zfp_naive:rate16 calls=6248 work_total_ms=43349.809 work_mean_ms=6.938 work_min_ms=3.316 work_max_ms=15.457
[HOOK_TAIL_SUMMARY] label=mpi:recursive_doubling_zfp_naive:rate16 steps=781 tail_total_ms=36779.608 tail_mean_ms=47.093 tail_min_ms=44.775 tail_max_ms=54.435
[Epoch 2] Hook timing summary done

[Epoch 3] Training... (lr at epoch start=0.032725)
  Batch [50/781] Loss: 1.3656, Acc: 48.00%, lr: 0.031763
  Batch [100/781] Loss: 1.3621, Acc: 50.75%, lr: 0.030790
  Batch [150/781] Loss: 1.3576, Acc: 50.67%, lr: 0.029807
  Batch [200/781] Loss: 1.3730, Acc: 50.56%, lr: 0.028816
  Batch [250/781] Loss: 1.3702, Acc: 50.30%, lr: 0.027820
  Batch [300/781] Loss: 1.3754, Acc: 50.38%, lr: 0.026819
  Batch [350/781] Loss: 1.3526, Acc: 51.04%, lr: 0.025814
  Batch [400/781] Loss: 1.3454, Acc: 51.44%, lr: 0.024809
  Batch [450/781] Loss: 1.3301, Acc: 52.03%, lr: 0.023804
  Batch [500/781] Loss: 1.3204, Acc: 52.38%, lr: 0.022801
  Batch [550/781] Loss: 1.3060, Acc: 52.73%, lr: 0.021801
  Batch [600/781] Loss: 1.2952, Acc: 53.15%, lr: 0.020806
  Batch [650/781] Loss: 1.2938, Acc: 53.19%, lr: 0.019819
  Batch [700/781] Loss: 1.2776, Acc: 53.93%, lr: 0.018839
  Batch [750/781] Loss: 1.2706, Acc: 54.25%, lr: 0.017870
[Epoch 3] Train Loss: 1.2649, Acc: 54.39%  |  Val Loss: 1.9510, Acc: 61.52%  |  Time: 60.6s
[Epoch 3] t_iter median: 67.06 ms  (fwd 6.99 | bwd+comm 56.64 | opt 3.28 | data 0.11)  |  train-only epoch: 52.8s
  -> Best model saved (61.52%)
[Epoch 3] Summarizing hook timing...

[HOOK_TIMING_SUMMARY] epoch=3
[HOOK_WORK_SUMMARY] label=mpi:recursive_doubling_zfp_naive:rate16 calls=6248 work_total_ms=42983.858 work_mean_ms=6.880 work_min_ms=3.213 work_max_ms=15.433
[HOOK_TAIL_SUMMARY] label=mpi:recursive_doubling_zfp_naive:rate16 steps=781 tail_total_ms=36026.011 tail_mean_ms=46.128 tail_min_ms=43.612 tail_max_ms=50.381
[Epoch 3] Hook timing summary done

[Epoch 4] Training... (lr at epoch start=0.017275)
  Batch [50/781] Loss: 1.1636, Acc: 59.00%, lr: 0.016325
  Batch [100/781] Loss: 1.1079, Acc: 59.50%, lr: 0.015389
  Batch [150/781] Loss: 1.0923, Acc: 60.33%, lr: 0.014468
  Batch [200/781] Loss: 1.0922, Acc: 61.19%, lr: 0.013565
  Batch [250/781] Loss: 1.0712, Acc: 62.20%, lr: 0.012680
  Batch [300/781] Loss: 1.0562, Acc: 63.00%, lr: 0.011816
  Batch [350/781] Loss: 1.0499, Acc: 63.14%, lr: 0.010972
  Batch [400/781] Loss: 1.0434, Acc: 63.34%, lr: 0.010151
  Batch [450/781] Loss: 1.0295, Acc: 63.72%, lr: 0.009354
  Batch [500/781] Loss: 1.0291, Acc: 63.67%, lr: 0.008583
  Batch [550/781] Loss: 1.0247, Acc: 64.07%, lr: 0.007838
  Batch [600/781] Loss: 1.0235, Acc: 64.23%, lr: 0.007121
  Batch [650/781] Loss: 1.0169, Acc: 64.71%, lr: 0.006433
  Batch [700/781] Loss: 1.0097, Acc: 65.04%, lr: 0.005774
  Batch [750/781] Loss: 0.9992, Acc: 65.30%, lr: 0.005147
[Epoch 4] Train Loss: 0.9917, Acc: 65.57%  |  Val Loss: 1.0129, Acc: 71.01%  |  Time: 60.0s
[Epoch 4] t_iter median: 66.98 ms  (fwd 7.00 | bwd+comm 56.43 | opt 3.44 | data 0.11)  |  train-only epoch: 52.7s
  -> Best model saved (71.01%)
[Epoch 4] Summarizing hook timing...

[HOOK_TIMING_SUMMARY] epoch=4
[HOOK_WORK_SUMMARY] label=mpi:recursive_doubling_zfp_naive:rate16 calls=6248 work_total_ms=42882.229 work_mean_ms=6.863 work_min_ms=3.280 work_max_ms=15.926
[HOOK_TAIL_SUMMARY] label=mpi:recursive_doubling_zfp_naive:rate16 steps=781 tail_total_ms=35930.650 tail_mean_ms=46.006 tail_min_ms=44.516 tail_max_ms=54.144
[Epoch 4] Hook timing summary done

[Epoch 5] Training... (lr at epoch start=0.004775)
  Batch [50/781] Loss: 0.8396, Acc: 69.00%, lr: 0.004200
  Batch [100/781] Loss: 0.8692, Acc: 70.38%, lr: 0.003659
  Batch [150/781] Loss: 0.8847, Acc: 68.83%, lr: 0.003153
  Batch [200/781] Loss: 0.8663, Acc: 69.00%, lr: 0.002682
  Batch [250/781] Loss: 0.8521, Acc: 69.90%, lr: 0.002247
  Batch [300/781] Loss: 0.8485, Acc: 70.17%, lr: 0.001849
  Batch [350/781] Loss: 0.8474, Acc: 70.29%, lr: 0.001488
  Batch [400/781] Loss: 0.8517, Acc: 70.00%, lr: 0.001165
  Batch [450/781] Loss: 0.8430, Acc: 70.39%, lr: 0.000881
  Batch [500/781] Loss: 0.8337, Acc: 70.70%, lr: 0.000636
  Batch [550/781] Loss: 0.8278, Acc: 70.89%, lr: 0.000430
  Batch [600/781] Loss: 0.8297, Acc: 70.75%, lr: 0.000265
  Batch [650/781] Loss: 0.8265, Acc: 70.96%, lr: 0.000139
  Batch [700/781] Loss: 0.8208, Acc: 71.32%, lr: 0.000053
  Batch [750/781] Loss: 0.8130, Acc: 71.55%, lr: 0.000008
[Epoch 5] Train Loss: 0.8131, Acc: 71.59%  |  Val Loss: 1.6831, Acc: 72.14%  |  Time: 60.1s
[Epoch 5] t_iter median: 67.07 ms  (fwd 6.90 | bwd+comm 56.83 | opt 3.23 | data 0.11)  |  train-only epoch: 52.8s
  -> Best model saved (72.14%)
[Epoch 5] Summarizing hook timing...

[HOOK_TIMING_SUMMARY] epoch=5
[HOOK_WORK_SUMMARY] label=mpi:recursive_doubling_zfp_naive:rate16 calls=6248 work_total_ms=43376.965 work_mean_ms=6.943 work_min_ms=3.118 work_max_ms=15.604
[HOOK_TAIL_SUMMARY] label=mpi:recursive_doubling_zfp_naive:rate16 steps=781 tail_total_ms=36801.537 tail_mean_ms=47.121 tail_min_ms=45.064 tail_max_ms=55.260
[Epoch 5] Hook timing summary done

================================================================================
Done in 306.0s | Best val acc: 72.14%
Epoch times (train+val): mean=60.3s  min=60.0s  max=60.8s
Train-only epoch time (epochs 2..N): median=52.78s  min=52.71s  max=52.81s
  -> use this for STRONG scaling (fixed global batch)
  -> use t_iter_median_ms from the CSV for WEAK scaling (fixed local batch)
================================================================================
=== Finished: model=wide_resnet50_2, dataset=cifar10, batch=8, lr=0.05, scheduler=cosine, backend=mpi, hook=recursive_doubling_zfp_naive, zfp_rate=16, status=0 at Wed Jul 22 03:04:37 PM UTC 2026 ===
=== Starting: model=wide_resnet50_2, ws=8, bs=8, gb=64, lr=0.05, sched=cosine, warmup=0, epochs=5, mom=0.9, wd=5e-4, nesterov=true, wd_bn_bias=false, backend=mpi, hook=recursive_doubling_zfp_online_coll, zfp=16 at Wed Jul 22 03:04:37 PM UTC 2026 ===

================================================================================
DISTRIBUTED TRAINING LAUNCHER
================================================================================
  Model:      wide_resnet50_2 (CIFAR stem) (from scratch)
================================================================================
DISTRIBUTED TRAINING LAUNCHER
================================================================================
  Model:      wide_resnet50_2 (CIFAR stem) (from scratch)
  Dataset:    cifar10 (10 classes)
  Image size: 32
  LR:         0.05
  Momentum:   0.9 (nesterov=True)
  Optimizer:  sgd
  Weight dec: 0.0005 (on BN/bias=False)
  Backend:    mpi
  Algorithm:  recursive_doubling_zfp_online_coll
  ZFP rate:   16
  Epochs:     5
  Batch/rank: 8
  LR:         0.05
  Scheduler:  cosine
  Warmup:     0
  Grad clip:  None
  Drop last:  True
  Data dir:   ./data
================================================================================


================================================================================
DISTRIBUTED TRAINING LAUNCHER
================================================================================
  Model:      wide_resnet50_2 (CIFAR stem) (from scratch)
  Dataset:    cifar10 (10 classes)
  Image size: 32
  LR:         0.05
  Momentum:   0.9 (nesterov=True)
  Optimizer:  sgd
  Weight dec: 0.0005 (on BN/bias=False)
  Backend:    mpi
  Algorithm:  recursive_doubling_zfp_online_coll
  ZFP rate:   16
  Epochs:     5
  Batch/rank: 8
  LR:         0.05
  Scheduler:  cosine
  Warmup:     0
  Dataset:    cifar10 (10 classes)
  Image size: 32
  LR:         0.05
  Momentum:   0.9 (nesterov=True)
  Optimizer:  sgd
  Weight dec: 0.0005 (on BN/bias=False)
  Backend:    mpi
  Algorithm:  recursive_doubling_zfp_online_coll
  ZFP rate:   16
  Epochs:     5
  Batch/rank: 8
  LR:         0.05
  Scheduler:  cosine
  Warmup:     0
  Grad clip:  None
  Drop last:  True
  Data dir:   ./data
================================================================================


================================================================================
DISTRIBUTED TRAINING LAUNCHER
================================================================================
  Model:      wide_resnet50_2 (CIFAR stem) (from scratch)
  Dataset:    cifar10 (10 classes)
  Image size: 32
  LR:         0.05
  Momentum:   0.9 (nesterov=True)
  Optimizer:  sgd
  Weight dec: 0.0005 (on BN/bias=False)
  Backend:    mpi
  Algorithm:  recursive_doubling_zfp_online_coll
  ZFP rate:   16
  Epochs:     5
  Batch/rank: 8
  LR:         0.05
  Scheduler:  cosine
  Warmup:     0
  Grad clip:  None
  Drop last:  True
  Data dir:   ./data
================================================================================


  Grad clip:  None
  Drop last:  True
  Data dir:   ./data
================================================================================


================================================================================
DISTRIBUTED TRAINING LAUNCHER
================================================================================
  Model:      wide_resnet50_2 (CIFAR stem) (from scratch)
  Dataset:    cifar10 (10 classes)
  Image size: 32
  LR:         0.05
  Momentum:   0.9 (nesterov=True)

================================================================================
DISTRIBUTED TRAINING LAUNCHER
================================================================================
  Model:      wide_resnet50_2 (CIFAR stem) (from scratch)
  Dataset:    cifar10 (10 classes)
  Image size: 32
  LR:         0.05
  Momentum:   0.9 (nesterov=True)
  Optimizer:  sgd
  Weight dec: 0.0005 (on BN/bias=False)
  Backend:    mpi
  Algorithm:  recursive_doubling_zfp_online_coll
  ZFP rate:   16
  Epochs:     5
  Batch/rank: 8
  LR:         0.05
  Scheduler:  cosine
  Warmup:     0
  Grad clip:  None
  Drop last:  True
  Data dir:   ./data
================================================================================

  Optimizer:  sgd
  Weight dec: 0.0005 (on BN/bias=False)
  Backend:    mpi
  Algorithm:  recursive_doubling_zfp_online_coll
  ZFP rate:   16
  Epochs:     5
  Batch/rank: 8
  LR:         0.05
  Scheduler:  cosine
  Warmup:     0
  Grad clip:  None
  Drop last:  True
  Data dir:   ./data
================================================================================


================================================================================
DISTRIBUTED TRAINING LAUNCHER
================================================================================
  Model:      wide_resnet50_2 (CIFAR stem) (from scratch)
  Dataset:    cifar10 (10 classes)
  Image size: 32
  LR:         0.05
  Momentum:   0.9 (nesterov=True)
  Optimizer:  sgd
  Weight dec: 0.0005 (on BN/bias=False)
  Backend:    mpi
  Algorithm:  recursive_doubling_zfp_online_coll
  ZFP rate:   16
  Epochs:     5
  Batch/rank: 8
  LR:         0.05
  Scheduler:  cosine
  Warmup:     0
  Grad clip:  None
  Drop last:  True
  Data dir:   ./data
================================================================================


================================================================================
DISTRIBUTED TRAINING LAUNCHER
================================================================================
  Model:      wide_resnet50_2 (CIFAR stem) (from scratch)
  Dataset:    cifar10 (10 classes)
  Image size: 32
  LR:         0.05
  Momentum:   0.9 (nesterov=True)
  Optimizer:  sgd
  Weight dec: 0.0005 (on BN/bias=False)
  Backend:    mpi
  Algorithm:  recursive_doubling_zfp_online_coll
  ZFP rate:   16
  Epochs:     5
  Batch/rank: 8
  LR:         0.05
  Scheduler:  cosine
  Warmup:     0
  Grad clip:  None
  Drop last:  True
  Data dir:   ./data
================================================================================


================================================================================
Distributed Training: WIDE_RESNET50_2 on CIFAR10
Backend: MPI, Algorithm: recursive_doubling_zfp_online_coll
================================================================================
Ranks: 8, Epochs: 5, Batch/rank: 8, Effective batch: 64
LR: 0.05, Device: cuda:0

[Cache] Pretrained weights cache (TORCH_HOME) = /eagle/UIC-HPC/matilderestelli/pretrained_weights_cache
[Setup] Model on cuda:0, wrapped in DDP (static_graph=True)
[Setup] Hook registered: mpi/recursive_doubling_zfp_online_coll
[Optim] SGD: lr=0.05 momentum=0.9 nesterov=True wd=0.0005 wd_on_bn_bias=False
[Optim]   group 0: 66,778,816 params, wd=0.0005
[Optim]   group 1: 68,234 params, wd=0.0
[Data] Train batches: 781, Val batches: 1250

[Sched] cosine: steps/epoch=781, total_steps=3905, warmup_steps=0 (0 epochs)


[Epoch 1] Training... (lr at epoch start=0.050000)
  Batch [50/781] Loss: 11.9826, Acc: 10.25%, lr: 0.049980
  Batch [100/781] Loss: 7.4156, Acc: 10.00%, lr: 0.049919
  Batch [150/781] Loss: 5.7968, Acc: 11.75%, lr: 0.049818
  Batch [200/781] Loss: 4.9772, Acc: 12.12%, lr: 0.049677
  Batch [250/781] Loss: 4.4725, Acc: 12.55%, lr: 0.049496
  Batch [300/781] Loss: 4.1271, Acc: 12.54%, lr: 0.049275
  Batch [350/781] Loss: 3.8689, Acc: 13.39%, lr: 0.049015
  Batch [400/781] Loss: 3.6649, Acc: 14.00%, lr: 0.048717
  Batch [450/781] Loss: 3.5118, Acc: 14.31%, lr: 0.048380
  Batch [500/781] Loss: 3.3842, Acc: 14.70%, lr: 0.048005
  Batch [550/781] Loss: 3.2782, Acc: 15.18%, lr: 0.047592
  Batch [600/781] Loss: 3.1841, Acc: 15.54%, lr: 0.047144
  Batch [650/781] Loss: 3.1035, Acc: 16.06%, lr: 0.046659
  Batch [700/781] Loss: 3.0353, Acc: 16.21%, lr: 0.046139
  Batch [750/781] Loss: 2.9763, Acc: 16.47%, lr: 0.045586
[Epoch 1] Train Loss: 2.9412, Acc: 16.50%  |  Val Loss: 2.1102, Acc: 21.43%  |  Time: 54.4s
[Epoch 1] t_iter median: 59.28 ms  (fwd 6.89 | bwd+comm 49.05 | opt 3.19 | data 0.07)  |  train-only epoch: 47.4s
  -> Best model saved (21.43%)
[Epoch 1] Summarizing hook timing...

[HOOK_TIMING_SUMMARY] epoch=1
[HOOK_WORK_SUMMARY] label=mpi:recursive_doubling_zfp_online_coll:rate16 calls=6234 work_total_ms=37340.954 work_mean_ms=5.990 work_min_ms=2.414 work_max_ms=88.044
[HOOK_TAIL_SUMMARY] label=mpi:recursive_doubling_zfp_online_coll:rate16 steps=782 tail_total_ms=30745.649 tail_mean_ms=39.317 tail_min_ms=15.027 tail_max_ms=94.297
[Epoch 1] Hook timing summary done

[Epoch 2] Training... (lr at epoch start=0.045225)
  Batch [50/781] Loss: 2.1228, Acc: 20.75%, lr: 0.044618
  Batch [100/781] Loss: 2.1084, Acc: 19.62%, lr: 0.043979
  Batch [150/781] Loss: 2.1076, Acc: 19.92%, lr: 0.043309
  Batch [200/781] Loss: 2.1057, Acc: 19.12%, lr: 0.042610
  Batch [250/781] Loss: 2.1115, Acc: 19.05%, lr: 0.041882
  Batch [300/781] Loss: 2.1075, Acc: 19.21%, lr: 0.041127
  Batch [350/781] Loss: 2.1069, Acc: 19.64%, lr: 0.040346
  Batch [400/781] Loss: 2.1012, Acc: 19.88%, lr: 0.039540
  Batch [450/781] Loss: 2.0895, Acc: 20.08%, lr: 0.038710
  Batch [500/781] Loss: 2.0803, Acc: 20.52%, lr: 0.037858
  Batch [550/781] Loss: 2.0720, Acc: 20.84%, lr: 0.036986
  Batch [600/781] Loss: 2.0688, Acc: 20.65%, lr: 0.036094
  Batch [650/781] Loss: 2.0626, Acc: 20.90%, lr: 0.035184
  Batch [700/781] Loss: 2.0616, Acc: 21.04%, lr: 0.034257
  Batch [750/781] Loss: 2.0568, Acc: 21.20%, lr: 0.033316
[Epoch 2] Train Loss: 2.0541, Acc: 21.40%  |  Val Loss: 2.5100, Acc: 27.46%  |  Time: 54.0s
[Epoch 2] t_iter median: 59.47 ms  (fwd 6.90 | bwd+comm 49.24 | opt 3.19 | data 0.07)  |  train-only epoch: 46.8s
  -> Best model saved (27.46%)
[Epoch 2] Summarizing hook timing...

[HOOK_TIMING_SUMMARY] epoch=2
[HOOK_WORK_SUMMARY] label=mpi:recursive_doubling_zfp_online_coll:rate16 calls=6248 work_total_ms=37428.685 work_mean_ms=5.991 work_min_ms=2.585 work_max_ms=13.419
[HOOK_TAIL_SUMMARY] label=mpi:recursive_doubling_zfp_online_coll:rate16 steps=781 tail_total_ms=30743.659 tail_mean_ms=39.364 tail_min_ms=36.560 tail_max_ms=45.626
[Epoch 2] Hook timing summary done

[Epoch 3] Training... (lr at epoch start=0.032725)
  Batch [50/781] Loss: 1.9454, Acc: 23.50%, lr: 0.031763
  Batch [100/781] Loss: 1.9430, Acc: 25.50%, lr: 0.030790
  Batch [150/781] Loss: 1.9472, Acc: 26.25%, lr: 0.029807
  Batch [200/781] Loss: 1.9579, Acc: 25.12%, lr: 0.028816
  Batch [250/781] Loss: 1.9518, Acc: 25.15%, lr: 0.027820
  Batch [300/781] Loss: 1.9627, Acc: 25.00%, lr: 0.026819
  Batch [350/781] Loss: 1.9587, Acc: 25.21%, lr: 0.025814
  Batch [400/781] Loss: 1.9444, Acc: 25.81%, lr: 0.024809
  Batch [450/781] Loss: 1.9338, Acc: 26.67%, lr: 0.023804
  Batch [500/781] Loss: 1.9281, Acc: 27.00%, lr: 0.022801
  Batch [550/781] Loss: 1.9157, Acc: 27.55%, lr: 0.021801
  Batch [600/781] Loss: 1.9080, Acc: 28.00%, lr: 0.020806
  Batch [650/781] Loss: 1.9169, Acc: 27.81%, lr: 0.019819
  Batch [700/781] Loss: 1.9072, Acc: 27.95%, lr: 0.018839
  Batch [750/781] Loss: 1.9045, Acc: 28.00%, lr: 0.017870
[Epoch 3] Train Loss: 1.9004, Acc: 28.15%  |  Val Loss: 1.8572, Acc: 35.40%  |  Time: 54.6s
[Epoch 3] t_iter median: 59.50 ms  (fwd 6.81 | bwd+comm 49.36 | opt 3.20 | data 0.10)  |  train-only epoch: 47.3s
  -> Best model saved (35.40%)
[Epoch 3] Summarizing hook timing...

[HOOK_TIMING_SUMMARY] epoch=3
[HOOK_WORK_SUMMARY] label=mpi:recursive_doubling_zfp_online_coll:rate16 calls=6248 work_total_ms=37472.517 work_mean_ms=5.998 work_min_ms=2.613 work_max_ms=13.526
[HOOK_TAIL_SUMMARY] label=mpi:recursive_doubling_zfp_online_coll:rate16 steps=781 tail_total_ms=30722.621 tail_mean_ms=39.338 tail_min_ms=36.685 tail_max_ms=45.696
[Epoch 3] Hook timing summary done

[Epoch 4] Training... (lr at epoch start=0.017275)
  Batch [50/781] Loss: 1.8263, Acc: 29.75%, lr: 0.016325
  Batch [100/781] Loss: 1.8273, Acc: 30.38%, lr: 0.015389
  Batch [150/781] Loss: 1.8276, Acc: 30.50%, lr: 0.014468
  Batch [200/781] Loss: 1.8229, Acc: 30.50%, lr: 0.013565
  Batch [250/781] Loss: 1.8066, Acc: 31.65%, lr: 0.012680
  Batch [300/781] Loss: 1.8149, Acc: 31.29%, lr: 0.011816
  Batch [350/781] Loss: 1.8179, Acc: 31.61%, lr: 0.010972
  Batch [400/781] Loss: 1.8140, Acc: 31.47%, lr: 0.010151
  Batch [450/781] Loss: 1.8049, Acc: 32.11%, lr: 0.009354
  Batch [500/781] Loss: 1.8048, Acc: 32.17%, lr: 0.008583
  Batch [550/781] Loss: 1.8003, Acc: 32.20%, lr: 0.007838
  Batch [600/781] Loss: 1.7937, Acc: 32.77%, lr: 0.007121
  Batch [650/781] Loss: 1.7920, Acc: 32.96%, lr: 0.006433
  Batch [700/781] Loss: 1.7876, Acc: 33.12%, lr: 0.005774
  Batch [750/781] Loss: 1.7817, Acc: 33.13%, lr: 0.005147
[Epoch 4] Train Loss: 1.7783, Acc: 33.16%  |  Val Loss: 1.6657, Acc: 40.62%  |  Time: 53.7s
[Epoch 4] t_iter median: 59.07 ms  (fwd 6.94 | bwd+comm 48.58 | opt 3.45 | data 0.11)  |  train-only epoch: 46.5s
  -> Best model saved (40.62%)
[Epoch 4] Summarizing hook timing...

[HOOK_TIMING_SUMMARY] epoch=4
[HOOK_WORK_SUMMARY] label=mpi:recursive_doubling_zfp_online_coll:rate16 calls=6248 work_total_ms=36760.356 work_mean_ms=5.884 work_min_ms=2.510 work_max_ms=13.376
[HOOK_TAIL_SUMMARY] label=mpi:recursive_doubling_zfp_online_coll:rate16 steps=781 tail_total_ms=29799.715 tail_mean_ms=38.156 tail_min_ms=36.353 tail_max_ms=44.508
[Epoch 4] Hook timing summary done

[Epoch 5] Training... (lr at epoch start=0.004775)
  Batch [50/781] Loss: 1.6695, Acc: 37.75%, lr: 0.004200
  Batch [100/781] Loss: 1.7052, Acc: 38.00%, lr: 0.003659
  Batch [150/781] Loss: 1.7032, Acc: 37.50%, lr: 0.003153
  Batch [200/781] Loss: 1.7167, Acc: 36.69%, lr: 0.002682
  Batch [250/781] Loss: 1.6964, Acc: 37.10%, lr: 0.002247
  Batch [300/781] Loss: 1.6867, Acc: 36.88%, lr: 0.001849
  Batch [350/781] Loss: 1.6864, Acc: 36.86%, lr: 0.001488
  Batch [400/781] Loss: 1.6841, Acc: 36.72%, lr: 0.001165
  Batch [450/781] Loss: 1.6786, Acc: 36.92%, lr: 0.000881
  Batch [500/781] Loss: 1.6758, Acc: 37.30%, lr: 0.000636
  Batch [550/781] Loss: 1.6711, Acc: 37.43%, lr: 0.000430
  Batch [600/781] Loss: 1.6730, Acc: 37.42%, lr: 0.000265
  Batch [650/781] Loss: 1.6674, Acc: 37.85%, lr: 0.000139
  Batch [700/781] Loss: 1.6657, Acc: 37.79%, lr: 0.000053
  Batch [750/781] Loss: 1.6608, Acc: 38.07%, lr: 0.000008
[Epoch 5] Train Loss: 1.6634, Acc: 38.04%  |  Val Loss: 1.7518, Acc: 42.39%  |  Time: 53.7s
[Epoch 5] t_iter median: 59.27 ms  (fwd 6.92 | bwd+comm 49.04 | opt 3.20 | data 0.11)  |  train-only epoch: 46.7s
  -> Best model saved (42.39%)
[Epoch 5] Summarizing hook timing...

[HOOK_TIMING_SUMMARY] epoch=5
[HOOK_WORK_SUMMARY] label=mpi:recursive_doubling_zfp_online_coll:rate16 calls=6248 work_total_ms=37252.169 work_mean_ms=5.962 work_min_ms=2.693 work_max_ms=13.300
[HOOK_TAIL_SUMMARY] label=mpi:recursive_doubling_zfp_online_coll:rate16 steps=781 tail_total_ms=30607.587 tail_mean_ms=39.190 tail_min_ms=37.215 tail_max_ms=46.909
[Epoch 5] Hook timing summary done

================================================================================
Done in 275.1s | Best val acc: 42.39%
Epoch times (train+val): mean=54.1s  min=53.7s  max=54.6s
Train-only epoch time (epochs 2..N): median=46.74s  min=46.53s  max=47.26s
  -> use this for STRONG scaling (fixed global batch)
  -> use t_iter_median_ms from the CSV for WEAK scaling (fixed local batch)
================================================================================
=== Finished: model=wide_resnet50_2, dataset=cifar10, batch=8, lr=0.05, scheduler=cosine, backend=mpi, hook=recursive_doubling_zfp_online_coll, zfp_rate=16, status=0 at Wed Jul 22 03:09:23 PM UTC 2026 ===
=== Starting: model=wide_resnet50_2, ws=8, bs=8, gb=64, lr=0.05, sched=cosine, warmup=0, epochs=5, mom=0.9, wd=5e-4, nesterov=true, wd_bn_bias=false, backend=mpi, hook=recursive_doubling_zfp_online_coll, zfp=8 at Wed Jul 22 03:09:23 PM UTC 2026 ===

================================================================================
DISTRIBUTED TRAINING LAUNCHER
================================================================================
  Model:      wide_resnet50_2 (CIFAR stem) (from scratch)
  Dataset:    cifar10 (10 classes)
  Image size: 32
  LR:         0.05
  Momentum:   0.9 (nesterov=True)
  Optimizer:  sgd
  Weight dec: 0.0005 (on BN/bias=False)
  Backend:    mpi
  Algorithm:  recursive_doubling_zfp_online_coll
  ZFP rate:   8
  Epochs:     5
  Batch/rank: 8
  LR:         0.05
  Scheduler:  cosine
  Warmup:     0
  Grad clip:  None
  Drop last:  True
  Data dir:   ./data
================================================================================


================================================================================
DISTRIBUTED TRAINING LAUNCHER
================================================================================
  Model:      wide_resnet50_2 (CIFAR stem) (from scratch)
  Dataset:    cifar10 (10 classes)
  Image size: 32
  LR:         0.05
  Momentum:   0.9 (nesterov=True)
  Optimizer:  sgd
  Weight dec: 0.0005 (on BN/bias=False)
  Backend:    mpi
  Algorithm:  recursive_doubling_zfp_online_coll
  ZFP rate:   8
  Epochs:     5
  Batch/rank: 8
  LR:         0.05
  Scheduler:  cosine
  Warmup:     0
  Grad clip:  None
  Drop last:  True
  Data dir:   ./data
================================================================================


================================================================================
DISTRIBUTED TRAINING LAUNCHER
================================================================================
  Model:      wide_resnet50_2 (CIFAR stem) (from scratch)
  Dataset:    cifar10 (10 classes)
  Image size: 32
  LR:         0.05
  Momentum:   0.9 (nesterov=True)
  Optimizer:  sgd
  Weight dec: 0.0005 (on BN/bias=False)
  Backend:    mpi
  Algorithm:  recursive_doubling_zfp_online_coll
  ZFP rate:   8
  Epochs:     5
  Batch/rank: 8
  LR:         0.05
  Scheduler:  cosine
  Warmup:     0
  Grad clip:  None
  Drop last:  True
  Data dir:   ./data
================================================================================


================================================================================
DISTRIBUTED TRAINING LAUNCHER
================================================================================
  Model:      wide_resnet50_2 (CIFAR stem) (from scratch)
  Dataset:    cifar10 (10 classes)
  Image size: 32
  LR:         0.05
  Momentum:   0.9 (nesterov=True)
  Optimizer:  sgd
  Weight dec: 0.0005 (on BN/bias=False)
  Backend:    mpi
  Algorithm:  recursive_doubling_zfp_online_coll
  ZFP rate:   8
  Epochs:     5
  Batch/rank: 8
  LR:         0.05
  Scheduler:  cosine
  Warmup:     0
  Grad clip:  None
  Drop last:  True
  Data dir:   ./data
================================================================================


================================================================================
DISTRIBUTED TRAINING LAUNCHER
================================================================================
  Model:      wide_resnet50_2 (CIFAR stem) (from scratch)
  Dataset:    cifar10 (10 classes)
  Image size: 32
  LR:         0.05
  Momentum:   0.9 (nesterov=True)
  Optimizer:  sgd
  Weight dec: 0.0005 (on BN/bias=False)
  Backend:    mpi
  Algorithm:  recursive_doubling_zfp_online_coll

================================================================================
DISTRIBUTED TRAINING LAUNCHER
================================================================================
  Model:      wide_resnet50_2 (CIFAR stem) (from scratch)
  Dataset:    cifar10 (10 classes)
  Image size: 32
  LR:         0.05
  Momentum:   0.9 (nesterov=True)
  Optimizer:  sgd
  Weight dec: 0.0005 (on BN/bias=False)
  Backend:    mpi
  Algorithm:  recursive_doubling_zfp_online_coll
  ZFP rate:   8
  Epochs:     5
  Batch/rank: 8
  LR:         0.05
  Scheduler:  cosine
  Warmup:     0
  Grad clip:  None
  Drop last:  True
  Data dir:   ./data
================================================================================


================================================================================
DISTRIBUTED TRAINING LAUNCHER
================================================================================
  Model:      wide_resnet50_2 (CIFAR stem) (from scratch)
  Dataset:    cifar10 (10 classes)
  Image size: 32
  LR:         0.05
  ZFP rate:   8
  Epochs:     5
  Batch/rank: 8
  LR:         0.05
  Scheduler:  cosine
  Warmup:     0
  Grad clip:  None
  Drop last:  True
  Data dir:   ./data
================================================================================


================================================================================
DISTRIBUTED TRAINING LAUNCHER
================================================================================
  Model:      wide_resnet50_2 (CIFAR stem) (from scratch)
  Dataset:    cifar10 (10 classes)
  Image size: 32
  LR:         0.05
  Momentum:   0.9 (nesterov=True)
  Optimizer:  sgd
  Weight dec: 0.0005 (on BN/bias=False)
  Backend:    mpi
  Algorithm:  recursive_doubling_zfp_online_coll
  ZFP rate:   8
  Epochs:     5
  Batch/rank: 8
  LR:         0.05
  Scheduler:  cosine
  Warmup:     0
  Grad clip:  None
  Drop last:  True
  Data dir:   ./data
================================================================================

  Momentum:   0.9 (nesterov=True)
  Optimizer:  sgd
  Weight dec: 0.0005 (on BN/bias=False)
  Backend:    mpi
  Algorithm:  recursive_doubling_zfp_online_coll
  ZFP rate:   8
  Epochs:     5
  Batch/rank: 8
  LR:         0.05
  Scheduler:  cosine
  Warmup:     0
  Grad clip:  None
  Drop last:  True
  Data dir:   ./data
================================================================================


================================================================================
Distributed Training: WIDE_RESNET50_2 on CIFAR10
Backend: MPI, Algorithm: recursive_doubling_zfp_online_coll
================================================================================
Ranks: 8, Epochs: 5, Batch/rank: 8, Effective batch: 64
LR: 0.05, Device: cuda:0

[Cache] Pretrained weights cache (TORCH_HOME) = /eagle/UIC-HPC/matilderestelli/pretrained_weights_cache
[Setup] Model on cuda:0, wrapped in DDP (static_graph=True)
[Setup] Hook registered: mpi/recursive_doubling_zfp_online_coll
[Optim] SGD: lr=0.05 momentum=0.9 nesterov=True wd=0.0005 wd_on_bn_bias=False
[Optim]   group 0: 66,778,816 params, wd=0.0005
[Optim]   group 1: 68,234 params, wd=0.0
[Data] Train batches: 781, Val batches: 1250

[Sched] cosine: steps/epoch=781, total_steps=3905, warmup_steps=0 (0 epochs)


[Epoch 1] Training... (lr at epoch start=0.050000)
  Batch [50/781] Loss: 10.4408, Acc: 9.25%, lr: 0.049980
  Batch [100/781] Loss: 6.6254, Acc: 10.62%, lr: 0.049919
  Batch [150/781] Loss: 5.2891, Acc: 11.17%, lr: 0.049818
  Batch [200/781] Loss: 4.5914, Acc: 12.00%, lr: 0.049677
  Batch [250/781] Loss: 4.1700, Acc: 12.25%, lr: 0.049496
  Batch [300/781] Loss: 3.8782, Acc: 12.29%, lr: 0.049275
  Batch [350/781] Loss: 3.6585, Acc: 13.14%, lr: 0.049015
  Batch [400/781] Loss: 3.4791, Acc: 13.94%, lr: 0.048717
  Batch [450/781] Loss: 3.3410, Acc: 14.56%, lr: 0.048380
  Batch [500/781] Loss: 3.2306, Acc: 14.65%, lr: 0.048005
  Batch [550/781] Loss: 3.1334, Acc: 15.30%, lr: 0.047592
  Batch [600/781] Loss: 3.0523, Acc: 15.71%, lr: 0.047144
  Batch [650/781] Loss: 2.9829, Acc: 16.17%, lr: 0.046659
  Batch [700/781] Loss: 2.9211, Acc: 16.25%, lr: 0.046139
  Batch [750/781] Loss: 2.8660, Acc: 16.80%, lr: 0.045586
[Epoch 1] Train Loss: 2.8363, Acc: 16.82%  |  Val Loss: 1.9478, Acc: 23.35%  |  Time: 43.7s
[Epoch 1] t_iter median: 45.19 ms  (fwd 6.91 | bwd+comm 34.70 | opt 3.45 | data 0.12)  |  train-only epoch: 36.4s
  -> Best model saved (23.35%)
[Epoch 1] Summarizing hook timing...

[HOOK_TIMING_SUMMARY] epoch=1
[HOOK_WORK_SUMMARY] label=mpi:recursive_doubling_zfp_online_coll:rate8 calls=6234 work_total_ms=25863.294 work_mean_ms=4.149 work_min_ms=1.741 work_max_ms=80.314
[HOOK_TAIL_SUMMARY] label=mpi:recursive_doubling_zfp_online_coll:rate8 steps=782 tail_total_ms=18894.465 tail_mean_ms=24.162 tail_min_ms=8.534 tail_max_ms=89.555
[Epoch 1] Hook timing summary done

[Epoch 2] Training... (lr at epoch start=0.045225)
  Batch [50/781] Loss: 2.1076, Acc: 19.50%, lr: 0.044618
  Batch [100/781] Loss: 2.0814, Acc: 19.50%, lr: 0.043979
  Batch [150/781] Loss: 2.0845, Acc: 20.67%, lr: 0.043309
  Batch [200/781] Loss: 2.0830, Acc: 21.50%, lr: 0.042610
  Batch [250/781] Loss: 2.0894, Acc: 21.80%, lr: 0.041882
  Batch [300/781] Loss: 2.0885, Acc: 21.79%, lr: 0.041127
  Batch [350/781] Loss: 2.0880, Acc: 21.82%, lr: 0.040346
  Batch [400/781] Loss: 2.0816, Acc: 21.62%, lr: 0.039540
  Batch [450/781] Loss: 2.0665, Acc: 21.83%, lr: 0.038710
  Batch [500/781] Loss: 2.0546, Acc: 22.15%, lr: 0.037858
  Batch [550/781] Loss: 2.0463, Acc: 22.80%, lr: 0.036986
  Batch [600/781] Loss: 2.0380, Acc: 23.15%, lr: 0.036094
  Batch [650/781] Loss: 2.0331, Acc: 23.35%, lr: 0.035184
  Batch [700/781] Loss: 2.0310, Acc: 23.50%, lr: 0.034257
  Batch [750/781] Loss: 2.0274, Acc: 23.55%, lr: 0.033316
[Epoch 2] Train Loss: 2.0257, Acc: 23.69%  |  Val Loss: 3.5592, Acc: 29.28%  |  Time: 42.7s
[Epoch 2] t_iter median: 44.95 ms  (fwd 6.88 | bwd+comm 34.66 | opt 3.28 | data 0.11)  |  train-only epoch: 35.5s
  -> Best model saved (29.28%)
[Epoch 2] Summarizing hook timing...

[HOOK_TIMING_SUMMARY] epoch=2
[HOOK_WORK_SUMMARY] label=mpi:recursive_doubling_zfp_online_coll:rate8 calls=6248 work_total_ms=25855.466 work_mean_ms=4.138 work_min_ms=1.533 work_max_ms=8.514
[HOOK_TAIL_SUMMARY] label=mpi:recursive_doubling_zfp_online_coll:rate8 steps=781 tail_total_ms=18891.102 tail_mean_ms=24.188 tail_min_ms=21.665 tail_max_ms=29.509
[Epoch 2] Hook timing summary done

[Epoch 3] Training... (lr at epoch start=0.032725)
  Batch [50/781] Loss: 1.9069, Acc: 29.25%, lr: 0.031763
  Batch [100/781] Loss: 1.9140, Acc: 30.62%, lr: 0.030790
  Batch [150/781] Loss: 1.9123, Acc: 30.08%, lr: 0.029807
  Batch [200/781] Loss: 1.9171, Acc: 29.31%, lr: 0.028816
  Batch [250/781] Loss: 1.9089, Acc: 29.50%, lr: 0.027820
  Batch [300/781] Loss: 1.9287, Acc: 29.46%, lr: 0.026819
  Batch [350/781] Loss: 1.9238, Acc: 29.50%, lr: 0.025814
  Batch [400/781] Loss: 1.9126, Acc: 29.78%, lr: 0.024809
  Batch [450/781] Loss: 1.9094, Acc: 29.97%, lr: 0.023804
  Batch [500/781] Loss: 1.9014, Acc: 29.82%, lr: 0.022801
  Batch [550/781] Loss: 1.8860, Acc: 30.20%, lr: 0.021801
  Batch [600/781] Loss: 1.8762, Acc: 30.75%, lr: 0.020806
  Batch [650/781] Loss: 1.8839, Acc: 30.65%, lr: 0.019819
  Batch [700/781] Loss: 1.8697, Acc: 31.21%, lr: 0.018839
  Batch [750/781] Loss: 1.8678, Acc: 31.23%, lr: 0.017870
[Epoch 3] Train Loss: 1.8633, Acc: 31.43%  |  Val Loss: 1.6040, Acc: 39.18%  |  Time: 42.6s
[Epoch 3] t_iter median: 44.93 ms  (fwd 6.92 | bwd+comm 34.68 | opt 3.19 | data 0.07)  |  train-only epoch: 35.4s
  -> Best model saved (39.18%)
[Epoch 3] Summarizing hook timing...

[HOOK_TIMING_SUMMARY] epoch=3
[HOOK_WORK_SUMMARY] label=mpi:recursive_doubling_zfp_online_coll:rate8 calls=6248 work_total_ms=26004.809 work_mean_ms=4.162 work_min_ms=1.794 work_max_ms=8.740
[HOOK_TAIL_SUMMARY] label=mpi:recursive_doubling_zfp_online_coll:rate8 steps=781 tail_total_ms=19202.577 tail_mean_ms=24.587 tail_min_ms=22.671 tail_max_ms=29.538
[Epoch 3] Hook timing summary done

[Epoch 4] Training... (lr at epoch start=0.017275)
  Batch [50/781] Loss: 1.7855, Acc: 33.75%, lr: 0.016325
  Batch [100/781] Loss: 1.7951, Acc: 33.88%, lr: 0.015389
  Batch [150/781] Loss: 1.7856, Acc: 33.92%, lr: 0.014468
  Batch [200/781] Loss: 1.7858, Acc: 33.31%, lr: 0.013565
  Batch [250/781] Loss: 1.7651, Acc: 34.00%, lr: 0.012680
  Batch [300/781] Loss: 1.7684, Acc: 33.88%, lr: 0.011816
  Batch [350/781] Loss: 1.7660, Acc: 33.96%, lr: 0.010972
  Batch [400/781] Loss: 1.7619, Acc: 33.69%, lr: 0.010151
  Batch [450/781] Loss: 1.7502, Acc: 34.53%, lr: 0.009354
  Batch [500/781] Loss: 1.7514, Acc: 34.65%, lr: 0.008583
  Batch [550/781] Loss: 1.7459, Acc: 34.68%, lr: 0.007838
  Batch [600/781] Loss: 1.7386, Acc: 35.21%, lr: 0.007121
  Batch [650/781] Loss: 1.7363, Acc: 35.67%, lr: 0.006433
  Batch [700/781] Loss: 1.7307, Acc: 35.89%, lr: 0.005774
  Batch [750/781] Loss: 1.7243, Acc: 36.17%, lr: 0.005147
[Epoch 4] Train Loss: 1.7187, Acc: 36.28%  |  Val Loss: 1.5009, Acc: 44.43%  |  Time: 42.8s
[Epoch 4] t_iter median: 45.01 ms  (fwd 6.86 | bwd+comm 34.70 | opt 3.34 | data 0.11)  |  train-only epoch: 35.5s
  -> Best model saved (44.43%)
[Epoch 4] Summarizing hook timing...

[HOOK_TIMING_SUMMARY] epoch=4
[HOOK_WORK_SUMMARY] label=mpi:recursive_doubling_zfp_online_coll:rate8 calls=6248 work_total_ms=25879.857 work_mean_ms=4.142 work_min_ms=1.636 work_max_ms=9.087
[HOOK_TAIL_SUMMARY] label=mpi:recursive_doubling_zfp_online_coll:rate8 steps=781 tail_total_ms=18908.447 tail_mean_ms=24.211 tail_min_ms=19.069 tail_max_ms=30.326
[Epoch 4] Hook timing summary done

[Epoch 5] Training... (lr at epoch start=0.004775)
  Batch [50/781] Loss: 1.6443, Acc: 38.00%, lr: 0.004200
  Batch [100/781] Loss: 1.6368, Acc: 39.25%, lr: 0.003659
  Batch [150/781] Loss: 1.6365, Acc: 39.83%, lr: 0.003153
  Batch [200/781] Loss: 1.6462, Acc: 39.12%, lr: 0.002682
  Batch [250/781] Loss: 1.6233, Acc: 40.25%, lr: 0.002247
  Batch [300/781] Loss: 1.6201, Acc: 40.04%, lr: 0.001849
  Batch [350/781] Loss: 1.6193, Acc: 40.14%, lr: 0.001488
  Batch [400/781] Loss: 1.6182, Acc: 40.28%, lr: 0.001165
  Batch [450/781] Loss: 1.6093, Acc: 40.50%, lr: 0.000881
  Batch [500/781] Loss: 1.6088, Acc: 40.73%, lr: 0.000636
  Batch [550/781] Loss: 1.6025, Acc: 41.07%, lr: 0.000430
  Batch [600/781] Loss: 1.6042, Acc: 40.94%, lr: 0.000265
  Batch [650/781] Loss: 1.6019, Acc: 40.85%, lr: 0.000139
  Batch [700/781] Loss: 1.5989, Acc: 40.96%, lr: 0.000053
  Batch [750/781] Loss: 1.5919, Acc: 41.17%, lr: 0.000008
[Epoch 5] Train Loss: 1.5950, Acc: 41.02%  |  Val Loss: 1.4377, Acc: 46.76%  |  Time: 42.7s
[Epoch 5] t_iter median: 44.95 ms  (fwd 6.90 | bwd+comm 34.64 | opt 3.30 | data 0.11)  |  train-only epoch: 35.5s
  -> Best model saved (46.76%)
[Epoch 5] Summarizing hook timing...

[HOOK_TIMING_SUMMARY] epoch=5
[HOOK_WORK_SUMMARY] label=mpi:recursive_doubling_zfp_online_coll:rate8 calls=6248 work_total_ms=25899.235 work_mean_ms=4.145 work_min_ms=2.149 work_max_ms=8.716
[HOOK_TAIL_SUMMARY] label=mpi:recursive_doubling_zfp_online_coll:rate8 steps=781 tail_total_ms=18962.259 tail_mean_ms=24.279 tail_min_ms=22.955 tail_max_ms=30.238
[Epoch 5] Hook timing summary done

================================================================================
Done in 219.1s | Best val acc: 46.76%
Epoch times (train+val): mean=42.9s  min=42.6s  max=43.7s
Train-only epoch time (epochs 2..N): median=35.47s  min=35.45s  max=35.54s
  -> use this for STRONG scaling (fixed global batch)
  -> use t_iter_median_ms from the CSV for WEAK scaling (fixed local batch)
================================================================================
=== Finished: model=wide_resnet50_2, dataset=cifar10, batch=8, lr=0.05, scheduler=cosine, backend=mpi, hook=recursive_doubling_zfp_online_coll, zfp_rate=8, status=0 at Wed Jul 22 03:13:13 PM UTC 2026 ===
=== Starting: model=wide_resnet50_2, ws=8, bs=8, gb=64, lr=0.05, sched=cosine, warmup=0, epochs=5, mom=0.9, wd=5e-4, nesterov=true, wd_bn_bias=false, backend=mpi, hook=default, zfp=none at Wed Jul 22 03:13:13 PM UTC 2026 ===

================================================================================
DISTRIBUTED TRAINING LAUNCHER
================================================================================
  Model:      wide_resnet50_2 (CIFAR stem) (from scratch)
  Dataset:    cifar10 (10 classes)
  Image size: 32
  LR:         0.05
  Momentum:   0.9 (nesterov=True)
  Optimizer:  sgd
  Weight dec: 0.0005 (on BN/bias=False)
  Backend:    mpi
  Algorithm:  default

================================================================================
DISTRIBUTED TRAINING LAUNCHER
================================================================================
  Model:      wide_resnet50_2 (CIFAR stem) (from scratch)
  Epochs:     5
  Batch/rank: 8
  LR:         0.05
  Scheduler:  cosine
  Warmup:     0
  Grad clip:  None
  Drop last:  True
  Data dir:   ./data
================================================================================


================================================================================
DISTRIBUTED TRAINING LAUNCHER
================================================================================
  Model:      wide_resnet50_2 (CIFAR stem) (from scratch)
  Dataset:    cifar10 (10 classes)
  Image size: 32
  LR:         0.05
  Momentum:   0.9 (nesterov=True)
  Optimizer:  sgd
  Weight dec: 0.0005 (on BN/bias=False)
  Backend:    mpi
  Algorithm:  default
  Epochs:     5
  Batch/rank: 8
  LR:         0.05
  Scheduler:  cosine
  Warmup:     0
  Grad clip:  None
  Drop last:  True
  Data dir:   ./data
================================================================================

  Dataset:    cifar10 (10 classes)
  Image size: 32
  LR:         0.05
  Momentum:   0.9 (nesterov=True)
  Optimizer:  sgd
  Weight dec: 0.0005 (on BN/bias=False)
  Backend:    mpi
  Algorithm:  default
  Epochs:     5
  Batch/rank: 8
  LR:         0.05
  Scheduler:  cosine
  Warmup:     0
  Grad clip:  None
  Drop last:  True
  Data dir:   ./data
================================================================================


================================================================================
DISTRIBUTED TRAINING LAUNCHER
================================================================================
  Model:      wide_resnet50_2 (CIFAR stem) (from scratch)
  Dataset:    cifar10 (10 classes)
  Image size: 32
  LR:         0.05
  Momentum:   0.9 (nesterov=True)
  Optimizer:  sgd
  Weight dec: 0.0005 (on BN/bias=False)
  Backend:    mpi
  Algorithm:  default
  Epochs:     5
  Batch/rank: 8
  LR:         0.05
  Scheduler:  cosine
  Warmup:     0
  Grad clip:  None
  Drop last:  True
  Data dir:   ./data
================================================================================


================================================================================
DISTRIBUTED TRAINING LAUNCHER
================================================================================
  Model:      wide_resnet50_2 (CIFAR stem) (from scratch)
  Dataset:    cifar10 (10 classes)
  Image size: 32
  LR:         0.05
  Momentum:   0.9 (nesterov=True)
  Optimizer:  sgd
  Weight dec: 0.0005 (on BN/bias=False)
  Backend:    mpi
  Algorithm:  default
  Epochs:     5

================================================================================
DISTRIBUTED TRAINING LAUNCHER
================================================================================
  Model:      wide_resnet50_2 (CIFAR stem) (from scratch)
  Dataset:    cifar10 (10 classes)
  Image size: 32
  LR:         0.05
  Momentum:   0.9 (nesterov=True)
  Optimizer:  sgd
  Weight dec: 0.0005 (on BN/bias=False)
  Backend:    mpi
  Batch/rank: 8
  LR:         0.05
  Scheduler:  cosine
  Warmup:     0
  Grad clip:  None
  Drop last:  True
  Data dir:   ./data
================================================================================

  Algorithm:  default
  Epochs:     5
  Batch/rank: 8
  LR:         0.05
  Scheduler:  cosine
  Warmup:     0
  Grad clip:  None
  Drop last:  True
  Data dir:   ./data
================================================================================


================================================================================
DISTRIBUTED TRAINING LAUNCHER
================================================================================
  Model:      wide_resnet50_2 (CIFAR stem) (from scratch)
  Dataset:    cifar10 (10 classes)
  Image size: 32
  LR:         0.05
  Momentum:   0.9 (nesterov=True)
  Optimizer:  sgd
  Weight dec: 0.0005 (on BN/bias=False)
  Backend:    mpi
  Algorithm:  default
  Epochs:     5
  Batch/rank: 8
  LR:         0.05
  Scheduler:  cosine
  Warmup:     0
  Grad clip:  None
  Drop last:  True
  Data dir:   ./data
================================================================================


================================================================================
DISTRIBUTED TRAINING LAUNCHER
================================================================================
  Model:      wide_resnet50_2 (CIFAR stem) (from scratch)
  Dataset:    cifar10 (10 classes)
  Image size: 32
  LR:         0.05
  Momentum:   0.9 (nesterov=True)
  Optimizer:  sgd
  Weight dec: 0.0005 (on BN/bias=False)
  Backend:    mpi
  Algorithm:  default
  Epochs:     5
  Batch/rank: 8
  LR:         0.05
  Scheduler:  cosine
  Warmup:     0
  Grad clip:  None
  Drop last:  True
  Data dir:   ./data
================================================================================


================================================================================
Distributed Training: WIDE_RESNET50_2 on CIFAR10
Backend: MPI, Algorithm: default
================================================================================
Ranks: 8, Epochs: 5, Batch/rank: 8, Effective batch: 64
LR: 0.05, Device: cuda:0

[Cache] Pretrained weights cache (TORCH_HOME) = /eagle/UIC-HPC/matilderestelli/pretrained_weights_cache
[Setup] Model on cuda:0, wrapped in DDP (static_graph=True)
[Setup] Hook registered: mpi/default
[Optim] SGD: lr=0.05 momentum=0.9 nesterov=True wd=0.0005 wd_on_bn_bias=False
[Optim]   group 0: 66,778,816 params, wd=0.0005
[Optim]   group 1: 68,234 params, wd=0.0
[Data] Train batches: 781, Val batches: 1250

[Sched] cosine: steps/epoch=781, total_steps=3905, warmup_steps=0 (0 epochs)


[Epoch 1] Training... (lr at epoch start=0.050000)
  Batch [50/781] Loss: 8.0282, Acc: 9.25%, lr: 0.049980
  Batch [100/781] Loss: 5.1596, Acc: 11.38%, lr: 0.049919
  Batch [150/781] Loss: 4.1740, Acc: 12.75%, lr: 0.049818
  Batch [200/781] Loss: 3.6736, Acc: 13.88%, lr: 0.049677
  Batch [250/781] Loss: 3.3725, Acc: 15.30%, lr: 0.049496
  Batch [300/781] Loss: 3.1642, Acc: 16.12%, lr: 0.049275
  Batch [350/781] Loss: 3.0042, Acc: 17.11%, lr: 0.049015
  Batch [400/781] Loss: 2.8758, Acc: 17.97%, lr: 0.048717
  Batch [450/781] Loss: 2.7864, Acc: 18.61%, lr: 0.048380
  Batch [500/781] Loss: 2.6978, Acc: 19.77%, lr: 0.048005
  Batch [550/781] Loss: 2.6237, Acc: 20.55%, lr: 0.047592
  Batch [600/781] Loss: 2.5530, Acc: 21.54%, lr: 0.047144
  Batch [650/781] Loss: 2.5001, Acc: 22.42%, lr: 0.046659
  Batch [700/781] Loss: 2.4493, Acc: 22.89%, lr: 0.046139
  Batch [750/781] Loss: 2.4051, Acc: 23.72%, lr: 0.045586
[Epoch 1] Train Loss: 2.3785, Acc: 24.22%  |  Val Loss: 1.7217, Acc: 39.48%  |  Time: 40.3s
[Epoch 1] t_iter median: 41.07 ms  (fwd 6.90 | bwd+comm 30.74 | opt 3.25 | data 0.11)  |  train-only epoch: 33.1s
  -> Best model saved (39.48%)
[Epoch 1] Summarizing hook timing...

[HOOK_TIMING_SUMMARY] epoch=1
[HOOK_WORK_SUMMARY] label=mpi:default calls=6234 work_total_ms=90611.320 work_mean_ms=14.535 work_min_ms=1.175 work_max_ms=94.290
[HOOK_TAIL_SUMMARY] label=mpi:default steps=782 tail_total_ms=16079.425 tail_mean_ms=20.562 tail_min_ms=7.516 tail_max_ms=94.653
[Epoch 1] Hook timing summary done

[Epoch 2] Training... (lr at epoch start=0.045225)
  Batch [50/781] Loss: 1.7248, Acc: 35.50%, lr: 0.044618
  Batch [100/781] Loss: 1.7304, Acc: 34.75%, lr: 0.043979
  Batch [150/781] Loss: 1.7096, Acc: 35.83%, lr: 0.043309
  Batch [200/781] Loss: 1.7030, Acc: 36.38%, lr: 0.042610
  Batch [250/781] Loss: 1.6913, Acc: 37.60%, lr: 0.041882
  Batch [300/781] Loss: 1.6900, Acc: 37.92%, lr: 0.041127
  Batch [350/781] Loss: 1.6864, Acc: 38.00%, lr: 0.040346
  Batch [400/781] Loss: 1.6746, Acc: 38.53%, lr: 0.039540
  Batch [450/781] Loss: 1.6550, Acc: 39.42%, lr: 0.038710
  Batch [500/781] Loss: 1.6371, Acc: 39.98%, lr: 0.037858
  Batch [550/781] Loss: 1.6190, Acc: 40.64%, lr: 0.036986
  Batch [600/781] Loss: 1.6108, Acc: 40.94%, lr: 0.036094
  Batch [650/781] Loss: 1.5967, Acc: 41.52%, lr: 0.035184
  Batch [700/781] Loss: 1.5874, Acc: 42.02%, lr: 0.034257
  Batch [750/781] Loss: 1.5731, Acc: 42.55%, lr: 0.033316
[Epoch 2] Train Loss: 1.5678, Acc: 42.64%  |  Val Loss: 2.1981, Acc: 49.78%  |  Time: 39.4s
[Epoch 2] t_iter median: 40.81 ms  (fwd 6.92 | bwd+comm 30.51 | opt 3.26 | data 0.11)  |  train-only epoch: 32.2s
  -> Best model saved (49.78%)
[Epoch 2] Summarizing hook timing...

[HOOK_TIMING_SUMMARY] epoch=2
[HOOK_WORK_SUMMARY] label=mpi:default calls=6248 work_total_ms=89116.361 work_mean_ms=14.263 work_min_ms=1.176 work_max_ms=25.462
[HOOK_TAIL_SUMMARY] label=mpi:default steps=781 tail_total_ms=15662.566 tail_mean_ms=20.055 tail_min_ms=17.429 tail_max_ms=23.545
[Epoch 2] Hook timing summary done

[Epoch 3] Training... (lr at epoch start=0.032725)
  Batch [50/781] Loss: 1.3317, Acc: 50.25%, lr: 0.031763
  Batch [100/781] Loss: 1.3324, Acc: 52.88%, lr: 0.030790
  Batch [150/781] Loss: 1.3182, Acc: 52.42%, lr: 0.029807
  Batch [200/781] Loss: 1.3159, Acc: 52.62%, lr: 0.028816
  Batch [250/781] Loss: 1.3097, Acc: 52.85%, lr: 0.027820
  Batch [300/781] Loss: 1.3238, Acc: 52.25%, lr: 0.026819
  Batch [350/781] Loss: 1.3117, Acc: 53.21%, lr: 0.025814
  Batch [400/781] Loss: 1.3043, Acc: 53.44%, lr: 0.024809
  Batch [450/781] Loss: 1.2913, Acc: 54.00%, lr: 0.023804
  Batch [500/781] Loss: 1.2824, Acc: 54.50%, lr: 0.022801
  Batch [550/781] Loss: 1.2724, Acc: 54.66%, lr: 0.021801
  Batch [600/781] Loss: 1.2667, Acc: 55.10%, lr: 0.020806
  Batch [650/781] Loss: 1.2687, Acc: 55.06%, lr: 0.019819
  Batch [700/781] Loss: 1.2492, Acc: 55.73%, lr: 0.018839
  Batch [750/781] Loss: 1.2431, Acc: 55.98%, lr: 0.017870
[Epoch 3] Train Loss: 1.2364, Acc: 56.23%  |  Val Loss: 8.9566, Acc: 61.90%  |  Time: 40.2s
[Epoch 3] t_iter median: 41.12 ms  (fwd 6.97 | bwd+comm 30.69 | opt 3.30 | data 0.11)  |  train-only epoch: 32.9s
  -> Best model saved (61.90%)
[Epoch 3] Summarizing hook timing...

[HOOK_TIMING_SUMMARY] epoch=3
[HOOK_WORK_SUMMARY] label=mpi:default calls=6248 work_total_ms=92181.056 work_mean_ms=14.754 work_min_ms=1.239 work_max_ms=339.085
[HOOK_TAIL_SUMMARY] label=mpi:default steps=781 tail_total_ms=15898.294 tail_mean_ms=20.356 tail_min_ms=17.153 tail_max_ms=142.403
[Epoch 3] Hook timing summary done

[Epoch 4] Training... (lr at epoch start=0.017275)
  Batch [50/781] Loss: 1.1554, Acc: 57.50%, lr: 0.016325
  Batch [100/781] Loss: 1.1182, Acc: 58.88%, lr: 0.015389
  Batch [150/781] Loss: 1.0954, Acc: 60.08%, lr: 0.014468
  Batch [200/781] Loss: 1.0901, Acc: 61.25%, lr: 0.013565
  Batch [250/781] Loss: 1.0772, Acc: 61.65%, lr: 0.012680
  Batch [300/781] Loss: 1.0613, Acc: 62.29%, lr: 0.011816
  Batch [350/781] Loss: 1.0559, Acc: 62.54%, lr: 0.010972
  Batch [400/781] Loss: 1.0451, Acc: 62.91%, lr: 0.010151
  Batch [450/781] Loss: 1.0308, Acc: 63.36%, lr: 0.009354
  Batch [500/781] Loss: 1.0292, Acc: 63.45%, lr: 0.008583
  Batch [550/781] Loss: 1.0273, Acc: 63.25%, lr: 0.007838
  Batch [600/781] Loss: 1.0252, Acc: 63.44%, lr: 0.007121
  Batch [650/781] Loss: 1.0174, Acc: 63.71%, lr: 0.006433
  Batch [700/781] Loss: 1.0114, Acc: 63.98%, lr: 0.005774
  Batch [750/781] Loss: 1.0017, Acc: 64.23%, lr: 0.005147
[Epoch 4] Train Loss: 0.9972, Acc: 64.28%  |  Val Loss: 1.9070, Acc: 70.25%  |  Time: 39.6s
[Epoch 4] t_iter median: 41.15 ms  (fwd 6.87 | bwd+comm 30.92 | opt 3.23 | data 0.10)  |  train-only epoch: 32.5s
  -> Best model saved (70.25%)
[Epoch 4] Summarizing hook timing...

[HOOK_TIMING_SUMMARY] epoch=4
[HOOK_WORK_SUMMARY] label=mpi:default calls=6248 work_total_ms=92902.202 work_mean_ms=14.869 work_min_ms=1.505 work_max_ms=24.374
[HOOK_TAIL_SUMMARY] label=mpi:default steps=781 tail_total_ms=16214.077 tail_mean_ms=20.761 tail_min_ms=13.401 tail_max_ms=22.501
[Epoch 4] Hook timing summary done

[Epoch 5] Training... (lr at epoch start=0.004775)
  Batch [50/781] Loss: 0.8457, Acc: 67.50%, lr: 0.004200
  Batch [100/781] Loss: 0.8481, Acc: 69.50%, lr: 0.003659
  Batch [150/781] Loss: 0.8608, Acc: 68.92%, lr: 0.003153
  Batch [200/781] Loss: 0.8476, Acc: 69.44%, lr: 0.002682
  Batch [250/781] Loss: 0.8355, Acc: 70.30%, lr: 0.002247
  Batch [300/781] Loss: 0.8362, Acc: 70.21%, lr: 0.001849
  Batch [350/781] Loss: 0.8365, Acc: 70.29%, lr: 0.001488
  Batch [400/781] Loss: 0.8430, Acc: 70.22%, lr: 0.001165
  Batch [450/781] Loss: 0.8319, Acc: 70.81%, lr: 0.000881
  Batch [500/781] Loss: 0.8244, Acc: 70.95%, lr: 0.000636
  Batch [550/781] Loss: 0.8211, Acc: 71.16%, lr: 0.000430
  Batch [600/781] Loss: 0.8238, Acc: 71.04%, lr: 0.000265
  Batch [650/781] Loss: 0.8205, Acc: 71.25%, lr: 0.000139
  Batch [700/781] Loss: 0.8187, Acc: 71.30%, lr: 0.000053
  Batch [750/781] Loss: 0.8119, Acc: 71.52%, lr: 0.000008
[Epoch 5] Train Loss: 0.8094, Acc: 71.59%  |  Val Loss: 6.8339, Acc: 72.22%  |  Time: 39.4s
[Epoch 5] t_iter median: 40.73 ms  (fwd 6.94 | bwd+comm 30.36 | opt 3.31 | data 0.07)  |  train-only epoch: 32.1s
  -> Best model saved (72.22%)
[Epoch 5] Summarizing hook timing...

[HOOK_TIMING_SUMMARY] epoch=5
[HOOK_WORK_SUMMARY] label=mpi:default calls=6248 work_total_ms=88068.659 work_mean_ms=14.095 work_min_ms=1.140 work_max_ms=23.369
[HOOK_TAIL_SUMMARY] label=mpi:default steps=781 tail_total_ms=15553.823 tail_mean_ms=19.915 tail_min_ms=17.049 tail_max_ms=21.360
[Epoch 5] Hook timing summary done

================================================================================
Done in 203.5s | Best val acc: 72.22%
Epoch times (train+val): mean=39.8s  min=39.4s  max=40.3s
Train-only epoch time (epochs 2..N): median=32.33s  min=32.14s  max=32.92s
  -> use this for STRONG scaling (fixed global batch)
  -> use t_iter_median_ms from the CSV for WEAK scaling (fixed local batch)
================================================================================
=== Finished: model=wide_resnet50_2, dataset=cifar10, batch=8, lr=0.05, scheduler=cosine, backend=mpi, hook=default, zfp_rate=none, status=0 at Wed Jul 22 03:16:47 PM UTC 2026 ===
=== Starting: model=wide_resnet50_2, ws=8, bs=32, gb=256, lr=0.20, sched=cosine, warmup=0, epochs=5, mom=0.9, wd=5e-4, nesterov=true, wd_bn_bias=false, backend=mpi, hook=none, zfp=none at Wed Jul 22 03:16:47 PM UTC 2026 ===

================================================================================
DISTRIBUTED TRAINING LAUNCHER
================================================================================
  Model:      wide_resnet50_2 (CIFAR stem) (from scratch)
  Dataset:    cifar10 (10 classes)
  Image size: 32
  LR:         0.2
  Momentum:   0.9 (nesterov=True)
  Optimizer:  sgd
  Weight dec: 0.0005 (on BN/bias=False)
  Backend:    mpi
  Algorithm:  built-in (no hook)
  Epochs:     5
  Batch/rank: 32
  LR:         0.2
  Scheduler:  cosine
  Warmup:     0
  Grad clip:  None
  Drop last:  True
  Data dir:   ./data
================================================================================


================================================================================
DISTRIBUTED TRAINING LAUNCHER
================================================================================
  Model:      wide_resnet50_2 (CIFAR stem) (from scratch)
  Dataset:    cifar10 (10 classes)
  Image size: 32
  LR:         0.2
  Momentum:   0.9 (nesterov=True)
  Optimizer:  sgd
  Weight dec: 0.0005 (on BN/bias=False)
  Backend:    mpi
  Algorithm:  built-in (no hook)
  Epochs:     5
  Batch/rank: 32
  LR:         0.2
  Scheduler:  cosine
  Warmup:     0
  Grad clip:  None
  Drop last:  True
  Data dir:   ./data
================================================================================


================================================================================
DISTRIBUTED TRAINING LAUNCHER
================================================================================
  Model:      wide_resnet50_2 (CIFAR stem) (from scratch)
  Dataset:    cifar10 (10 classes)
  Image size: 32
  LR:         0.2
  Momentum:   0.9 (nesterov=True)
  Optimizer:  sgd
  Weight dec: 0.0005 (on BN/bias=False)
  Backend:    mpi
  Algorithm:  built-in (no hook)
  Epochs:     5
  Batch/rank: 32
  LR:         0.2
  Scheduler:  cosine
  Warmup:     0
  Grad clip:  None
  Drop last:  True
  Data dir:   ./data
================================================================================


================================================================================
DISTRIBUTED TRAINING LAUNCHER
================================================================================
  Model:      wide_resnet50_2 (CIFAR stem) (from scratch)
  Dataset:    cifar10 (10 classes)
  Image size: 32
  LR:         0.2
  Momentum:   0.9 (nesterov=True)
  Optimizer:  sgd
  Weight dec: 0.0005 (on BN/bias=False)
  Backend:    mpi
  Algorithm:  built-in (no hook)
  Epochs:     5
  Batch/rank: 32
  LR:         0.2
  Scheduler:  cosine
  Warmup:     0
  Grad clip:  None
  Drop last:  True
  Data dir:   ./data
================================================================================


================================================================================
DISTRIBUTED TRAINING LAUNCHER
================================================================================
  Model:      wide_resnet50_2 (CIFAR stem) (from scratch)
  Dataset:    cifar10 (10 classes)
  Image size: 32
  LR:         0.2
  Momentum:   0.9 (nesterov=True)
  Optimizer:  sgd
  Weight dec: 0.0005 (on BN/bias=False)
  Backend:    mpi
  Algorithm:  built-in (no hook)
  Epochs:     5
  Batch/rank: 32
  LR:         0.2
  Scheduler:  cosine
  Warmup:     0
  Grad clip:  None
  Drop last:  True
  Data dir:   ./data
================================================================================


================================================================================
DISTRIBUTED TRAINING LAUNCHER
================================================================================
  Model:      wide_resnet50_2 (CIFAR stem) (from scratch)
  Dataset:    cifar10 (10 classes)
  Image size: 32
  LR:         0.2
  Momentum:   0.9 (nesterov=True)
  Optimizer:  sgd
  Weight dec: 0.0005 (on BN/bias=False)
  Backend:    mpi
  Algorithm:  built-in (no hook)
  Epochs:     5
  Batch/rank: 32
  LR:         0.2
  Scheduler:  cosine
  Warmup:     0
  Grad clip:  None
  Drop last:  True
  Data dir:   ./data
================================================================================


================================================================================
DISTRIBUTED TRAINING LAUNCHER
================================================================================
  Model:      wide_resnet50_2 (CIFAR stem) (from scratch)
  Dataset:    cifar10 (10 classes)
  Image size: 32
  LR:         0.2
  Momentum:   0.9 (nesterov=True)
  Optimizer:  sgd
  Weight dec: 0.0005 (on BN/bias=False)
  Backend:    mpi
  Algorithm:  built-in (no hook)
  Epochs:     5
  Batch/rank: 32
  LR:         0.2
  Scheduler:  cosine
  Warmup:     0
  Grad clip:  None
  Drop last:  True
  Data dir:   ./data
================================================================================


================================================================================
DISTRIBUTED TRAINING LAUNCHER
================================================================================
  Model:      wide_resnet50_2 (CIFAR stem) (from scratch)
  Dataset:    cifar10 (10 classes)
  Image size: 32
  LR:         0.2
  Momentum:   0.9 (nesterov=True)
  Optimizer:  sgd
  Weight dec: 0.0005 (on BN/bias=False)
  Backend:    mpi
  Algorithm:  built-in (no hook)
  Epochs:     5
  Batch/rank: 32
  LR:         0.2
  Scheduler:  cosine
  Warmup:     0
  Grad clip:  None
  Drop last:  True
  Data dir:   ./data
================================================================================


================================================================================
Distributed Training: WIDE_RESNET50_2 on CIFAR10
Backend: MPI, Algorithm: built-in (no hook)
================================================================================
Ranks: 8, Epochs: 5, Batch/rank: 32, Effective batch: 256
LR: 0.2, Device: cuda:0

[Cache] Pretrained weights cache (TORCH_HOME) = /eagle/UIC-HPC/matilderestelli/pretrained_weights_cache
[Setup] Model on cuda:0, wrapped in DDP (static_graph=True)
[Setup] No hook — using DDP built-in MPI allreduce
[Optim] SGD: lr=0.2 momentum=0.9 nesterov=True wd=0.0005 wd_on_bn_bias=False
[Optim]   group 0: 66,778,816 params, wd=0.0005
[Optim]   group 1: 68,234 params, wd=0.0
[Data] Train batches: 195, Val batches: 313

[Sched] cosine: steps/epoch=195, total_steps=975, warmup_steps=0 (0 epochs)


[Epoch 1] Training... (lr at epoch start=0.200000)
  Batch [50/195] Loss: 13.4241, Acc: 11.06%, lr: 0.198705
  Batch [100/195] Loss: nan, Acc: 10.50%, lr: 0.194854
  Batch [150/195] Loss: nan, Acc: 9.92%, lr: 0.188546
[Epoch 1] Train Loss: nan, Acc: 9.54%  |  Val Loss: nan, Acc: 10.00%  |  Time: 12.0s
[Epoch 1] t_iter median: 40.63 ms  (fwd 7.27 | bwd+comm 29.88 | opt 3.40 | data 0.11)  |  train-only epoch: 9.1s
  WARNING: train_loss is nan — possible gradient explosion from hook bug. Check that hook divides by world_size exactly once.
  -> Best model saved (10.00%)
[Epoch 1] Summarizing hook timing...
[HOOK_TIMING_SUMMARY] epoch=1 no hook timing samples
[Epoch 1] Hook timing summary done

[Epoch 2] Training... (lr at epoch start=0.180902)
  Batch [50/195] Loss: nan, Acc: 10.94%, lr: 0.170425
  Batch [100/195] Loss: nan, Acc: 10.50%, lr: 0.158125
  Batch [150/195] Loss: nan, Acc: 10.25%, lr: 0.144319
[Epoch 2] Train Loss: nan, Acc: 10.30%  |  Val Loss: nan, Acc: 10.00%  |  Time: 11.0s
[Epoch 2] t_iter median: 40.59 ms  (fwd 7.26 | bwd+comm 30.03 | opt 3.18 | data 0.11)  |  train-only epoch: 8.2s
  WARNING: train_loss is nan — possible gradient explosion from hook bug. Check that hook divides by world_size exactly once.
[Epoch 2] Summarizing hook timing...
[HOOK_TIMING_SUMMARY] epoch=2 no hook timing samples
[Epoch 2] Hook timing summary done

[Epoch 3] Training... (lr at epoch start=0.130902)
  Batch [50/195] Loss: nan, Acc: 10.12%, lr: 0.115246
  Batch [100/195] Loss: nan, Acc: 9.19%, lr: 0.099194
  Batch [150/195] Loss: nan, Acc: 9.35%, lr: 0.083164
[Epoch 3] Train Loss: nan, Acc: 9.18%  |  Val Loss: nan, Acc: 10.00%  |  Time: 11.0s
[Epoch 3] t_iter median: 40.74 ms  (fwd 7.26 | bwd+comm 30.13 | opt 3.23 | data 0.11)  |  train-only epoch: 8.3s
  WARNING: train_loss is nan — possible gradient explosion from hook bug. Check that hook divides by world_size exactly once.
[Epoch 3] Summarizing hook timing...
[HOOK_TIMING_SUMMARY] epoch=3 no hook timing samples
[Epoch 3] Hook timing summary done

[Epoch 4] Training... (lr at epoch start=0.069098)
  Batch [50/195] Loss: nan, Acc: 9.81%, lr: 0.054242
  Batch [100/195] Loss: nan, Acc: 10.22%, lr: 0.040572
  Batch [150/195] Loss: nan, Acc: 10.00%, lr: 0.028440
[Epoch 4] Train Loss: nan, Acc: 9.97%  |  Val Loss: nan, Acc: 10.00%  |  Time: 11.0s
[Epoch 4] t_iter median: 40.56 ms  (fwd 7.27 | bwd+comm 29.86 | opt 3.29 | data 0.12)  |  train-only epoch: 8.2s
  WARNING: train_loss is nan — possible gradient explosion from hook bug. Check that hook divides by world_size exactly once.
[Epoch 4] Summarizing hook timing...
[HOOK_TIMING_SUMMARY] epoch=4 no hook timing samples
[Epoch 4] Hook timing summary done

[Epoch 5] Training... (lr at epoch start=0.019098)
  Batch [50/195] Loss: nan, Acc: 9.44%, lr: 0.010717
  Batch [100/195] Loss: nan, Acc: 9.38%, lr: 0.004649
  Batch [150/195] Loss: nan, Acc: 9.48%, lr: 0.001049
[Epoch 5] Train Loss: nan, Acc: 9.66%  |  Val Loss: nan, Acc: 10.00%  |  Time: 11.1s
[Epoch 5] t_iter median: 40.55 ms  (fwd 7.27 | bwd+comm 29.88 | opt 3.26 | data 0.12)  |  train-only epoch: 8.2s
  WARNING: train_loss is nan — possible gradient explosion from hook bug. Check that hook divides by world_size exactly once.
[Epoch 5] Summarizing hook timing...
[HOOK_TIMING_SUMMARY] epoch=5 no hook timing samples
[Epoch 5] Hook timing summary done

================================================================================
Done in 57.0s | Best val acc: 10.00%
Epoch times (train+val): mean=11.2s  min=11.0s  max=12.0s
Train-only epoch time (epochs 2..N): median=8.24s  min=8.23s  max=8.27s
  -> use this for STRONG scaling (fixed global batch)
  -> use t_iter_median_ms from the CSV for WEAK scaling (fixed local batch)
================================================================================
=== Finished: model=wide_resnet50_2, dataset=cifar10, batch=32, lr=0.20, scheduler=cosine, backend=mpi, hook=none, zfp_rate=none, status=0 at Wed Jul 22 03:17:57 PM UTC 2026 ===
=== Starting: model=wide_resnet50_2, ws=8, bs=32, gb=256, lr=0.20, sched=cosine, warmup=0, epochs=5, mom=0.9, wd=5e-4, nesterov=true, wd_bn_bias=false, backend=mpi, hook=ring, zfp=none at Wed Jul 22 03:17:57 PM UTC 2026 ===

================================================================================
DISTRIBUTED TRAINING LAUNCHER
================================================================================
  Model:      wide_resnet50_2 (CIFAR stem) (from scratch)
  Dataset:    cifar10 (10 classes)
  Image size: 32
  LR:         0.2
  Momentum:   0.9 (nesterov=True)
  Optimizer:  sgd
  Weight dec: 0.0005 (on BN/bias=False)
  Backend:    mpi
  Algorithm:  ring
  Epochs:     5
  Batch/rank: 32
  LR:         0.2
  Scheduler:  cosine
  Warmup:     0
  Grad clip:  None
  Drop last:  True
  Data dir:   ./data
================================================================================


================================================================================
DISTRIBUTED TRAINING LAUNCHER
================================================================================
  Model:      wide_resnet50_2 (CIFAR stem) (from scratch)
  Dataset:    cifar10 (10 classes)
  Image size: 32
  LR:         0.2
  Momentum:   0.9 (nesterov=True)
  Optimizer:  sgd
  Weight dec: 0.0005 (on BN/bias=False)
  Backend:    mpi
  Algorithm:  ring
  Epochs:     5
  Batch/rank: 32
  LR:         0.2
  Scheduler:  cosine
  Warmup:     0
  Grad clip:  None
  Drop last:  True
  Data dir:   ./data
================================================================================


================================================================================
DISTRIBUTED TRAINING LAUNCHER
================================================================================
  Model:      wide_resnet50_2 (CIFAR stem) (from scratch)
  Dataset:    cifar10 (10 classes)
  Image size: 32
  LR:         0.2
  Momentum:   0.9 (nesterov=True)
  Optimizer:  sgd
  Weight dec: 0.0005 (on BN/bias=False)
  Backend:    mpi
  Algorithm:  ring
  Epochs:     5
  Batch/rank: 32
  LR:         0.2
  Scheduler:  cosine
  Warmup:     0
  Grad clip:  None
  Drop last:  True
  Data dir:   ./data
================================================================================


================================================================================
DISTRIBUTED TRAINING LAUNCHER
================================================================================
  Model:      wide_resnet50_2 (CIFAR stem) (from scratch)
  Dataset:    cifar10 (10 classes)
  Image size: 32
  LR:         0.2
  Momentum:   0.9 (nesterov=True)
  Optimizer:  sgd
  Weight dec: 0.0005 (on BN/bias=False)
  Backend:    mpi
  Algorithm:  ring
  Epochs:     5
  Batch/rank: 32
  LR:         0.2
  Scheduler:  cosine
  Warmup:     0
  Grad clip:  None
  Drop last:  True
  Data dir:   ./data
================================================================================


================================================================================
DISTRIBUTED TRAINING LAUNCHER
================================================================================
  Model:      wide_resnet50_2 (CIFAR stem) (from scratch)
  Dataset:    cifar10 (10 classes)
  Image size: 32
  LR:         0.2
  Momentum:   0.9 (nesterov=True)
  Optimizer:  sgd

================================================================================
DISTRIBUTED TRAINING LAUNCHER  Weight dec: 0.0005 (on BN/bias=False)
  Backend:    mpi
  Algorithm:  ring
  Epochs:     5
  Batch/rank: 32
  LR:         0.2
  Scheduler:  cosine
  Warmup:     0
  Grad clip:  None
  Drop last:  True
  Data dir:   ./data
================================================================================


================================================================================
  Model:      wide_resnet50_2 (CIFAR stem) (from scratch)
  Dataset:    cifar10 (10 classes)
  Image size: 32
  LR:         0.2
  Momentum:   0.9 (nesterov=True)
  Optimizer:  sgd
  Weight dec: 0.0005 (on BN/bias=False)
  Backend:    mpi
  Algorithm:  ring
  Epochs:     5
  Batch/rank: 32
  LR:         0.2
  Scheduler:  cosine
  Warmup:     0
  Grad clip:  None
  Drop last:  True
  Data dir:   ./data
================================================================================


================================================================================
DISTRIBUTED TRAINING LAUNCHER
================================================================================
  Model:      wide_resnet50_2 (CIFAR stem) (from scratch)
  Dataset:    cifar10 (10 classes)
  Image size: 32
  LR:         0.2
  Momentum:   0.9 (nesterov=True)
  Optimizer:  sgd
  Weight dec: 0.0005 (on BN/bias=False)
  Backend:    mpi
  Algorithm:  ring
  Epochs:     5
  Batch/rank: 32
  LR:         0.2
  Scheduler:  cosine
  Warmup:     0
  Grad clip:  None
  Drop last:  True
  Data dir:   ./data
================================================================================


================================================================================
DISTRIBUTED TRAINING LAUNCHER
================================================================================
  Model:      wide_resnet50_2 (CIFAR stem) (from scratch)
  Dataset:    cifar10 (10 classes)
  Image size: 32
  LR:         0.2
  Momentum:   0.9 (nesterov=True)
  Optimizer:  sgd
  Weight dec: 0.0005 (on BN/bias=False)
  Backend:    mpi
  Algorithm:  ring
  Epochs:     5
  Batch/rank: 32
  LR:         0.2
  Scheduler:  cosine
  Warmup:     0
  Grad clip:  None
  Drop last:  True
  Data dir:   ./data
================================================================================


================================================================================
Distributed Training: WIDE_RESNET50_2 on CIFAR10
Backend: MPI, Algorithm: ring
================================================================================
Ranks: 8, Epochs: 5, Batch/rank: 32, Effective batch: 256
LR: 0.2, Device: cuda:0

[Cache] Pretrained weights cache (TORCH_HOME) = /eagle/UIC-HPC/matilderestelli/pretrained_weights_cache
[Setup] Model on cuda:0, wrapped in DDP (static_graph=True)
[Setup] Hook registered: mpi/ring
[Optim] SGD: lr=0.2 momentum=0.9 nesterov=True wd=0.0005 wd_on_bn_bias=False
[Optim]   group 0: 66,778,816 params, wd=0.0005
[Optim]   group 1: 68,234 params, wd=0.0
[Data] Train batches: 195, Val batches: 313

[Sched] cosine: steps/epoch=195, total_steps=975, warmup_steps=0 (0 epochs)


[Epoch 1] Training... (lr at epoch start=0.200000)
  Batch [50/195] Loss: 15.0159, Acc: 10.75%, lr: 0.198705
  Batch [100/195] Loss: 8.7455, Acc: 10.72%, lr: 0.194854
  Batch [150/195] Loss: 6.6284, Acc: 10.96%, lr: 0.188546
[Epoch 1] Train Loss: 5.6639, Acc: 11.12%  |  Val Loss: 2.3134, Acc: 11.30%  |  Time: 15.7s
[Epoch 1] t_iter median: 59.79 ms  (fwd 7.30 | bwd+comm 49.17 | opt 3.21 | data 0.11)  |  train-only epoch: 12.8s
  -> Best model saved (11.30%)
[Epoch 1] Summarizing hook timing...

[HOOK_TIMING_SUMMARY] epoch=1
[HOOK_WORK_SUMMARY] label=mpi:ring calls=1546 work_total_ms=9488.880 work_mean_ms=6.138 work_min_ms=2.656 work_max_ms=83.432
[HOOK_TAIL_SUMMARY] label=mpi:ring steps=196 tail_total_ms=7830.197 tail_mean_ms=39.950 tail_min_ms=18.613 tail_max_ms=85.922
[Epoch 1] Hook timing summary done

[Epoch 2] Training... (lr at epoch start=0.180902)
  Batch [50/195] Loss: 2.3290, Acc: 10.25%, lr: 0.170425
  Batch [100/195] Loss: 2.3165, Acc: 10.91%, lr: 0.158125
  Batch [150/195] Loss: 2.3040, Acc: 11.79%, lr: 0.144319
[Epoch 2] Train Loss: 2.2689, Acc: 13.08%  |  Val Loss: 2.1054, Acc: 18.87%  |  Time: 14.8s
[Epoch 2] t_iter median: 59.85 ms  (fwd 7.29 | bwd+comm 49.15 | opt 3.30 | data 0.12)  |  train-only epoch: 12.0s
  -> Best model saved (18.87%)
[Epoch 2] Summarizing hook timing...

[HOOK_TIMING_SUMMARY] epoch=2
[HOOK_WORK_SUMMARY] label=mpi:ring calls=1560 work_total_ms=9452.469 work_mean_ms=6.059 work_min_ms=2.656 work_max_ms=21.077
[HOOK_TAIL_SUMMARY] label=mpi:ring steps=195 tail_total_ms=7715.579 tail_mean_ms=39.567 tail_min_ms=37.050 tail_max_ms=46.972
[Epoch 2] Hook timing summary done

[Epoch 3] Training... (lr at epoch start=0.130902)
  Batch [50/195] Loss: 2.0865, Acc: 18.81%, lr: 0.115246
  Batch [100/195] Loss: 2.0943, Acc: 19.09%, lr: 0.099194
  Batch [150/195] Loss: 2.0853, Acc: 19.00%, lr: 0.083164
[Epoch 3] Train Loss: 2.0822, Acc: 19.17%  |  Val Loss: 2.0322, Acc: 21.30%  |  Time: 14.8s
[Epoch 3] t_iter median: 59.65 ms  (fwd 7.30 | bwd+comm 48.86 | opt 3.34 | data 0.12)  |  train-only epoch: 12.0s
  -> Best model saved (21.30%)
[Epoch 3] Summarizing hook timing...

[HOOK_TIMING_SUMMARY] epoch=3
[HOOK_WORK_SUMMARY] label=mpi:ring calls=1560 work_total_ms=9413.470 work_mean_ms=6.034 work_min_ms=2.645 work_max_ms=21.079
[HOOK_TAIL_SUMMARY] label=mpi:ring steps=195 tail_total_ms=7693.542 tail_mean_ms=39.454 tail_min_ms=38.595 tail_max_ms=46.631
[Epoch 3] Hook timing summary done

[Epoch 4] Training... (lr at epoch start=0.069098)
  Batch [50/195] Loss: 2.0602, Acc: 18.69%, lr: 0.054242
  Batch [100/195] Loss: 2.0389, Acc: 19.75%, lr: 0.040572
  Batch [150/195] Loss: 2.0314, Acc: 19.62%, lr: 0.028440
[Epoch 4] Train Loss: 2.0283, Acc: 20.22%  |  Val Loss: 1.9829, Acc: 22.67%  |  Time: 14.9s
[Epoch 4] t_iter median: 60.07 ms  (fwd 7.29 | bwd+comm 49.36 | opt 3.30 | data 0.12)  |  train-only epoch: 12.1s
  -> Best model saved (22.67%)
[Epoch 4] Summarizing hook timing...

[HOOK_TIMING_SUMMARY] epoch=4
[HOOK_WORK_SUMMARY] label=mpi:ring calls=1560 work_total_ms=9493.434 work_mean_ms=6.086 work_min_ms=2.668 work_max_ms=21.291
[HOOK_TAIL_SUMMARY] label=mpi:ring steps=195 tail_total_ms=7765.010 tail_mean_ms=39.821 tail_min_ms=38.775 tail_max_ms=47.539
[Epoch 4] Hook timing summary done

[Epoch 5] Training... (lr at epoch start=0.019098)
  Batch [50/195] Loss: 1.9920, Acc: 22.31%, lr: 0.010717
  Batch [100/195] Loss: 1.9845, Acc: 22.53%, lr: 0.004649
  Batch [150/195] Loss: 1.9776, Acc: 22.46%, lr: 0.001049
[Epoch 5] Train Loss: 1.9699, Acc: 22.58%  |  Val Loss: 1.9210, Acc: 23.75%  |  Time: 14.9s
[Epoch 5] t_iter median: 60.05 ms  (fwd 7.30 | bwd+comm 49.30 | opt 3.37 | data 0.12)  |  train-only epoch: 12.1s
  -> Best model saved (23.75%)
[Epoch 5] Summarizing hook timing...

[HOOK_TIMING_SUMMARY] epoch=5
[HOOK_WORK_SUMMARY] label=mpi:ring calls=1560 work_total_ms=9495.042 work_mean_ms=6.087 work_min_ms=2.665 work_max_ms=21.256
[HOOK_TAIL_SUMMARY] label=mpi:ring steps=195 tail_total_ms=7794.891 tail_mean_ms=39.974 tail_min_ms=36.604 tail_max_ms=47.257
[Epoch 5] Hook timing summary done

================================================================================
Done in 79.6s | Best val acc: 23.75%
Epoch times (train+val): mean=15.0s  min=14.8s  max=15.7s
Train-only epoch time (epochs 2..N): median=12.04s  min=11.99s  max=12.08s
  -> use this for STRONG scaling (fixed global batch)
  -> use t_iter_median_ms from the CSV for WEAK scaling (fixed local batch)
================================================================================
=== Finished: model=wide_resnet50_2, dataset=cifar10, batch=32, lr=0.20, scheduler=cosine, backend=mpi, hook=ring, zfp_rate=none, status=0 at Wed Jul 22 03:19:26 PM UTC 2026 ===
=== Starting: model=wide_resnet50_2, ws=8, bs=32, gb=256, lr=0.20, sched=cosine, warmup=0, epochs=5, mom=0.9, wd=5e-4, nesterov=true, wd_bn_bias=false, backend=mpi, hook=ring_zfp_naive, zfp=16 at Wed Jul 22 03:19:26 PM UTC 2026 ===

================================================================================
DISTRIBUTED TRAINING LAUNCHER
================================================================================
  Model:      wide_resnet50_2 (CIFAR stem) (from scratch)
  Dataset:    cifar10 (10 classes)
  Image size: 32
  LR:         0.2
  Momentum:   0.9 (nesterov=True)
  Optimizer:  sgd
  Weight dec: 0.0005 (on BN/bias=False)
  Backend:    mpi
  Algorithm:  ring_zfp_naive
  ZFP rate:   16
  Epochs:     5
  Batch/rank: 32
  LR:         0.2
  Scheduler:  cosine
  Warmup:     0
  Grad clip:  None
  Drop last:  True
  Data dir:   ./data
================================================================================


================================================================================
DISTRIBUTED TRAINING LAUNCHER
================================================================================
  Model:      wide_resnet50_2 (CIFAR stem) (from scratch)
  Dataset:    cifar10 (10 classes)
  Image size: 32
  LR:         0.2
  Momentum:   0.9 (nesterov=True)
  Optimizer:  sgd
  Weight dec: 0.0005 (on BN/bias=False)
  Backend:    mpi
  Algorithm:  ring_zfp_naive
  ZFP rate:   16

================================================================================
DISTRIBUTED TRAINING LAUNCHER
================================================================================
  Model:      wide_resnet50_2 (CIFAR stem) (from scratch)
  Dataset:    cifar10 (10 classes)
  Image size: 32
  LR:         0.2
  Momentum:   0.9 (nesterov=True)
  Optimizer:  sgd
  Weight dec: 0.0005 (on BN/bias=False)
  Backend:    mpi
  Algorithm:  ring_zfp_naive
  ZFP rate:   16
  Epochs:     5
  Batch/rank: 32
  LR:         0.2
  Scheduler:  cosine
  Warmup:     0
  Grad clip:  None
  Drop last:  True
  Data dir:   ./data
================================================================================


================================================================================
DISTRIBUTED TRAINING LAUNCHER
================================================================================
  Model:      wide_resnet50_2 (CIFAR stem) (from scratch)
  Dataset:    cifar10 (10 classes)
  Image size: 32
  LR:         0.2
  Momentum:   0.9 (nesterov=True)
  Optimizer:  sgd
  Weight dec: 0.0005 (on BN/bias=False)
  Backend:    mpi
  Algorithm:  ring_zfp_naive
  ZFP rate:   16
  Epochs:     5
  Batch/rank: 32
  LR:         0.2
  Scheduler:  cosine
  Warmup:     0
  Grad clip:  None
  Drop last:  True
  Data dir:   ./data
================================================================================


================================================================================
DISTRIBUTED TRAINING LAUNCHER
================================================================================
  Model:      wide_resnet50_2 (CIFAR stem) (from scratch)
  Dataset:    cifar10 (10 classes)
  Image size: 32
  LR:         0.2
  Momentum:   0.9 (nesterov=True)
================================================================================
DISTRIBUTED TRAINING LAUNCHER
================================================================================
  Model:      wide_resnet50_2 (CIFAR stem) (from scratch)
  Dataset:    cifar10 (10 classes)
  Image size: 32
  LR:         0.2
  Momentum:   0.9 (nesterov=True)
  Optimizer:  sgd
  Weight dec: 0.0005 (on BN/bias=False)
  Backend:    mpi
  Algorithm:  ring_zfp_naive
  ZFP rate:   16
  Epochs:     5
  Batch/rank: 32
  LR:         0.2
  Scheduler:  cosine
  Warmup:     0
  Grad clip:  None
  Drop last:  True
  Data dir:   ./data
================================================================================

  Epochs:     5
  Batch/rank: 32
  LR:         0.2
  Scheduler:  cosine
  Warmup:     0
  Grad clip:  None
  Drop last:  True
  Data dir:   ./data
================================================================================


  Optimizer:  sgd
  Weight dec: 0.0005 (on BN/bias=False)
  Backend:    mpi
  Algorithm:  ring_zfp_naive
  ZFP rate:   16
  Epochs:     5
  Batch/rank: 32
  LR:         0.2
  Scheduler:  cosine
  Warmup:     0
  Grad clip:  None
  Drop last:  True
  Data dir:   ./data
================================================================================


================================================================================
DISTRIBUTED TRAINING LAUNCHER
================================================================================
  Model:      wide_resnet50_2 (CIFAR stem) (from scratch)
  Dataset:    cifar10 (10 classes)
  Image size: 32
  LR:         0.2
  Momentum:   0.9 (nesterov=True)
  Optimizer:  sgd
  Weight dec: 0.0005 (on BN/bias=False)
  Backend:    mpi
  Algorithm:  ring_zfp_naive
  ZFP rate:   16
  Epochs:     5
  Batch/rank: 32
  LR:         0.2
  Scheduler:  cosine
  Warmup:     0
  Grad clip:  None
  Drop last:  True
  Data dir:   ./data
================================================================================


================================================================================
DISTRIBUTED TRAINING LAUNCHER
================================================================================
  Model:      wide_resnet50_2 (CIFAR stem) (from scratch)
  Dataset:    cifar10 (10 classes)
  Image size: 32
  LR:         0.2
  Momentum:   0.9 (nesterov=True)
  Optimizer:  sgd
  Weight dec: 0.0005 (on BN/bias=False)
  Backend:    mpi
  Algorithm:  ring_zfp_naive
  ZFP rate:   16
  Epochs:     5
  Batch/rank: 32
  LR:         0.2
  Scheduler:  cosine
  Warmup:     0
  Grad clip:  None
  Drop last:  True
  Data dir:   ./data
================================================================================


================================================================================
Distributed Training: WIDE_RESNET50_2 on CIFAR10
Backend: MPI, Algorithm: ring_zfp_naive
================================================================================
Ranks: 8, Epochs: 5, Batch/rank: 32, Effective batch: 256
LR: 0.2, Device: cuda:0

[Cache] Pretrained weights cache (TORCH_HOME) = /eagle/UIC-HPC/matilderestelli/pretrained_weights_cache
[Setup] Model on cuda:0, wrapped in DDP (static_graph=True)
[Setup] Hook registered: mpi/ring_zfp_naive
[Optim] SGD: lr=0.2 momentum=0.9 nesterov=True wd=0.0005 wd_on_bn_bias=False
[Optim]   group 0: 66,778,816 params, wd=0.0005
[Optim]   group 1: 68,234 params, wd=0.0
[Data] Train batches: 195, Val batches: 313

[Sched] cosine: steps/epoch=195, total_steps=975, warmup_steps=0 (0 epochs)


[Epoch 1] Training... (lr at epoch start=0.200000)
  Batch [50/195] Loss: 9.5510, Acc: 11.31%, lr: 0.198705
  Batch [100/195] Loss: 5.9530, Acc: 10.72%, lr: 0.194854
  Batch [150/195] Loss: 4.7370, Acc: 10.56%, lr: 0.188546
[Epoch 1] Train Loss: 4.1739, Acc: 10.98%  |  Val Loss: 2.3049, Acc: 10.35%  |  Time: 17.8s
[Epoch 1] t_iter median: 70.70 ms  (fwd 7.30 | bwd+comm 59.94 | opt 3.35 | data 0.11)  |  train-only epoch: 14.9s
  -> Best model saved (10.35%)
[Epoch 1] Summarizing hook timing...

[HOOK_TIMING_SUMMARY] epoch=1
[HOOK_WORK_SUMMARY] label=mpi:ring_zfp_naive:rate16 calls=1546 work_total_ms=11596.972 work_mean_ms=7.501 work_min_ms=4.231 work_max_ms=105.311
[HOOK_TAIL_SUMMARY] label=mpi:ring_zfp_naive:rate16 steps=196 tail_total_ms=9932.577 tail_mean_ms=50.676 tail_min_ms=26.712 tail_max_ms=112.170
[Epoch 1] Hook timing summary done

[Epoch 2] Training... (lr at epoch start=0.180902)
  Batch [50/195] Loss: 2.2980, Acc: 10.56%, lr: 0.170425
  Batch [100/195] Loss: 2.2975, Acc: 10.84%, lr: 0.158125
  Batch [150/195] Loss: 2.2942, Acc: 11.02%, lr: 0.144319
[Epoch 2] Train Loss: 2.2952, Acc: 11.23%  |  Val Loss: 2.2982, Acc: 11.62%  |  Time: 16.9s
[Epoch 2] t_iter median: 70.56 ms  (fwd 7.30 | bwd+comm 59.86 | opt 3.29 | data 0.12)  |  train-only epoch: 14.1s
  -> Best model saved (11.62%)
[Epoch 2] Summarizing hook timing...

[HOOK_TIMING_SUMMARY] epoch=2
[HOOK_WORK_SUMMARY] label=mpi:ring_zfp_naive:rate16 calls=1560 work_total_ms=11529.743 work_mean_ms=7.391 work_min_ms=4.217 work_max_ms=22.834
[HOOK_TAIL_SUMMARY] label=mpi:ring_zfp_naive:rate16 steps=195 tail_total_ms=9761.880 tail_mean_ms=50.061 tail_min_ms=49.371 tail_max_ms=58.997
[Epoch 2] Hook timing summary done

[Epoch 3] Training... (lr at epoch start=0.130902)
  Batch [50/195] Loss: 2.2884, Acc: 12.50%, lr: 0.115246
  Batch [100/195] Loss: 2.2881, Acc: 12.94%, lr: 0.099194
  Batch [150/195] Loss: 2.2854, Acc: 12.83%, lr: 0.083164
[Epoch 3] Train Loss: 2.2824, Acc: 12.82%  |  Val Loss: 2.2681, Acc: 13.58%  |  Time: 16.9s
[Epoch 3] t_iter median: 70.61 ms  (fwd 7.29 | bwd+comm 59.94 | opt 3.25 | data 0.12)  |  train-only epoch: 14.1s
  -> Best model saved (13.58%)
[Epoch 3] Summarizing hook timing...

[HOOK_TIMING_SUMMARY] epoch=3
[HOOK_WORK_SUMMARY] label=mpi:ring_zfp_naive:rate16 calls=1560 work_total_ms=11580.776 work_mean_ms=7.424 work_min_ms=4.225 work_max_ms=23.142
[HOOK_TAIL_SUMMARY] label=mpi:ring_zfp_naive:rate16 steps=195 tail_total_ms=9859.953 tail_mean_ms=50.564 tail_min_ms=48.987 tail_max_ms=59.516
[Epoch 3] Hook timing summary done

[Epoch 4] Training... (lr at epoch start=0.069098)
  Batch [50/195] Loss: 2.2173, Acc: 15.94%, lr: 0.054242
  Batch [100/195] Loss: 2.1782, Acc: 17.69%, lr: 0.040572
  Batch [150/195] Loss: 2.1469, Acc: 18.27%, lr: 0.028440
[Epoch 4] Train Loss: 2.1390, Acc: 18.62%  |  Val Loss: 2.0687, Acc: 20.57%  |  Time: 16.9s
[Epoch 4] t_iter median: 70.56 ms  (fwd 7.30 | bwd+comm 59.91 | opt 3.24 | data 0.12)  |  train-only epoch: 14.1s
  -> Best model saved (20.57%)
[Epoch 4] Summarizing hook timing...

[HOOK_TIMING_SUMMARY] epoch=4
[HOOK_WORK_SUMMARY] label=mpi:ring_zfp_naive:rate16 calls=1560 work_total_ms=11554.869 work_mean_ms=7.407 work_min_ms=4.214 work_max_ms=23.189
[HOOK_TAIL_SUMMARY] label=mpi:ring_zfp_naive:rate16 steps=195 tail_total_ms=9866.865 tail_mean_ms=50.599 tail_min_ms=49.416 tail_max_ms=60.069
[Epoch 4] Hook timing summary done

[Epoch 5] Training... (lr at epoch start=0.019098)
  Batch [50/195] Loss: 2.0943, Acc: 19.94%, lr: 0.010717
  Batch [100/195] Loss: 2.0902, Acc: 19.97%, lr: 0.004649
  Batch [150/195] Loss: 2.0823, Acc: 20.31%, lr: 0.001049
[Epoch 5] Train Loss: 2.0785, Acc: 20.37%  |  Val Loss: 2.0509, Acc: 21.08%  |  Time: 16.9s
[Epoch 5] t_iter median: 70.67 ms  (fwd 7.31 | bwd+comm 60.05 | opt 3.18 | data 0.12)  |  train-only epoch: 14.1s
  -> Best model saved (21.08%)
[Epoch 5] Summarizing hook timing...

[HOOK_TIMING_SUMMARY] epoch=5
[HOOK_WORK_SUMMARY] label=mpi:ring_zfp_naive:rate16 calls=1560 work_total_ms=11611.675 work_mean_ms=7.443 work_min_ms=4.237 work_max_ms=24.579
[HOOK_TAIL_SUMMARY] label=mpi:ring_zfp_naive:rate16 steps=195 tail_total_ms=9960.633 tail_mean_ms=51.080 tail_min_ms=50.297 tail_max_ms=59.463
[Epoch 5] Hook timing summary done

================================================================================
Done in 90.0s | Best val acc: 21.08%
Epoch times (train+val): mean=17.1s  min=16.9s  max=17.8s
Train-only epoch time (epochs 2..N): median=14.12s  min=14.11s  max=14.14s
  -> use this for STRONG scaling (fixed global batch)
  -> use t_iter_median_ms from the CSV for WEAK scaling (fixed local batch)
================================================================================
=== Finished: model=wide_resnet50_2, dataset=cifar10, batch=32, lr=0.20, scheduler=cosine, backend=mpi, hook=ring_zfp_naive, zfp_rate=16, status=0 at Wed Jul 22 03:21:07 PM UTC 2026 ===
=== Starting: model=wide_resnet50_2, ws=8, bs=32, gb=256, lr=0.20, sched=cosine, warmup=0, epochs=5, mom=0.9, wd=5e-4, nesterov=true, wd_bn_bias=false, backend=mpi, hook=ring_zfp_online_coll, zfp=16 at Wed Jul 22 03:21:07 PM UTC 2026 ===

================================================================================
DISTRIBUTED TRAINING LAUNCHER
================================================================================
  Model:      wide_resnet50_2 (CIFAR stem) (from scratch)
  Dataset:    cifar10 (10 classes)
  Image size: 32
  LR:         0.2

================================================================================
DISTRIBUTED TRAINING LAUNCHER
================================================================================
  Model:      wide_resnet50_2 (CIFAR stem) (from scratch)
  Dataset:    cifar10 (10 classes)
  Image size: 32
  LR:         0.2
  Momentum:   0.9 (nesterov=True)
  Optimizer:  sgd
  Weight dec: 0.0005 (on BN/bias=False)
  Backend:    mpi
  Algorithm:  ring_zfp_online_coll
  ZFP rate:   16
  Epochs:     5
  Batch/rank: 32
  LR:         0.2
  Scheduler:  cosine
  Warmup:     0
  Grad clip:  None
  Drop last:  True
  Data dir:   ./data
================================================================================


================================================================================
DISTRIBUTED TRAINING LAUNCHER
================================================================================
  Model:      wide_resnet50_2 (CIFAR stem) (from scratch)
  Dataset:    cifar10 (10 classes)
  Image size: 32
  LR:         0.2
  Momentum:   0.9 (nesterov=True)
  Optimizer:  sgd
  Weight dec: 0.0005 (on BN/bias=False)
  Backend:    mpi
  Algorithm:  ring_zfp_online_coll
  ZFP rate:   16
  Epochs:     5
  Batch/rank: 32
  LR:         0.2
  Scheduler:  cosine
  Warmup:     0
  Grad clip:  None
  Drop last:  True
  Data dir:   ./data
================================================================================


================================================================================
DISTRIBUTED TRAINING LAUNCHER
================================================================================
  Model:      wide_resnet50_2 (CIFAR stem) (from scratch)
  Dataset:    cifar10 (10 classes)
  Image size: 32
  LR:         0.2
  Momentum:   0.9 (nesterov=True)
  Optimizer:  sgd
  Weight dec: 0.0005 (on BN/bias=False)
  Backend:    mpi
  Algorithm:  ring_zfp_online_coll
  ZFP rate:   16
  Epochs:     5
  Batch/rank: 32
  LR:         0.2
  Scheduler:  cosine
  Warmup:     0
  Grad clip:  None
  Drop last:  True
  Data dir:   ./data
================================================================================

  Momentum:   0.9 (nesterov=True)
  Optimizer:  sgd
  Weight dec: 0.0005 (on BN/bias=False)
  Backend:    mpi
  Algorithm:  ring_zfp_online_coll
  ZFP rate:   16
  Epochs:     5
  Batch/rank: 32
  LR:         0.2
  Scheduler:  cosine
  Warmup:     0
  Grad clip:  None
  Drop last:  True
  Data dir:   ./data
================================================================================


================================================================================
DISTRIBUTED TRAINING LAUNCHER
================================================================================
  Model:      wide_resnet50_2 (CIFAR stem) (from scratch)
  Dataset:    cifar10 (10 classes)
  Image size: 32
  LR:         0.2
  Momentum:   0.9 (nesterov=True)
  Optimizer:  sgd
  Weight dec: 0.0005 (on BN/bias=False)
  Backend:    mpi
  Algorithm:  ring_zfp_online_coll
  ZFP rate:   16
  Epochs:     5
  Batch/rank: 32
  LR:         0.2
  Scheduler:  cosine
  Warmup:     0
  Grad clip:  None
  Drop last:  True
  Data dir:   ./data
================================================================================


================================================================================
DISTRIBUTED TRAINING LAUNCHER
================================================================================
  Model:      wide_resnet50_2 (CIFAR stem) (from scratch)
  Dataset:    cifar10 (10 classes)
  Image size: 32
  LR:         0.2
  Momentum:   0.9 (nesterov=True)
  Optimizer:  sgd
  Weight dec: 0.0005 (on BN/bias=False)
  Backend:    mpi
  Algorithm:  ring_zfp_online_coll
  ZFP rate:   16
  Epochs:     5
  Batch/rank: 32
  LR:         0.2
  Scheduler:  cosine
  Warmup:     0
  Grad clip:  None
  Drop last:  True
  Data dir:   ./data
================================================================================


================================================================================
DISTRIBUTED TRAINING LAUNCHER
================================================================================
  Model:      wide_resnet50_2 (CIFAR stem) (from scratch)
  Dataset:    cifar10 (10 classes)
  Image size: 32
  LR:         0.2
  Momentum:   0.9 (nesterov=True)
  Optimizer:  sgd
  Weight dec: 0.0005 (on BN/bias=False)
  Backend:    mpi
  Algorithm:  ring_zfp_online_coll
  ZFP rate:   16
  Epochs:     5
  Batch/rank: 32
  LR:         0.2
  Scheduler:  cosine
  Warmup:     0
  Grad clip:  None
  Drop last:  True
  Data dir:   ./data
================================================================================


================================================================================
DISTRIBUTED TRAINING LAUNCHER
================================================================================
  Model:      wide_resnet50_2 (CIFAR stem) (from scratch)
  Dataset:    cifar10 (10 classes)
  Image size: 32
  LR:         0.2
  Momentum:   0.9 (nesterov=True)
  Optimizer:  sgd
  Weight dec: 0.0005 (on BN/bias=False)
  Backend:    mpi
  Algorithm:  ring_zfp_online_coll
  ZFP rate:   16
  Epochs:     5
  Batch/rank: 32
  LR:         0.2
  Scheduler:  cosine
  Warmup:     0
  Grad clip:  None
  Drop last:  True
  Data dir:   ./data
================================================================================


================================================================================
Distributed Training: WIDE_RESNET50_2 on CIFAR10
Backend: MPI, Algorithm: ring_zfp_online_coll
================================================================================
Ranks: 8, Epochs: 5, Batch/rank: 32, Effective batch: 256
LR: 0.2, Device: cuda:0

[Cache] Pretrained weights cache (TORCH_HOME) = /eagle/UIC-HPC/matilderestelli/pretrained_weights_cache
[Setup] Model on cuda:0, wrapped in DDP (static_graph=True)
[Setup] Hook registered: mpi/ring_zfp_online_coll
[Optim] SGD: lr=0.2 momentum=0.9 nesterov=True wd=0.0005 wd_on_bn_bias=False
[Optim]   group 0: 66,778,816 params, wd=0.0005
[Optim]   group 1: 68,234 params, wd=0.0
[Data] Train batches: 195, Val batches: 313

[Sched] cosine: steps/epoch=195, total_steps=975, warmup_steps=0 (0 epochs)


[Epoch 1] Training... (lr at epoch start=0.200000)
  Batch [50/195] Loss: 21.6532, Acc: 11.00%, lr: 0.198705
  Batch [100/195] Loss: 12.1813, Acc: 10.50%, lr: 0.194854
  Batch [150/195] Loss: 8.9633, Acc: 11.23%, lr: 0.188546
[Epoch 1] Train Loss: 7.4681, Acc: 11.23%  |  Val Loss: 2.3703, Acc: 11.08%  |  Time: 14.1s
[Epoch 1] t_iter median: 51.76 ms  (fwd 7.29 | bwd+comm 40.96 | opt 3.37 | data 0.11)  |  train-only epoch: 11.2s
  -> Best model saved (11.08%)
[Epoch 1] Summarizing hook timing...

[HOOK_TIMING_SUMMARY] epoch=1
[HOOK_WORK_SUMMARY] label=mpi:ring_zfp_online_coll:rate16 calls=1546 work_total_ms=7871.373 work_mean_ms=5.091 work_min_ms=2.587 work_max_ms=67.999
[HOOK_TAIL_SUMMARY] label=mpi:ring_zfp_online_coll:rate16 steps=196 tail_total_ms=6069.726 tail_mean_ms=30.968 tail_min_ms=8.450 tail_max_ms=75.460
[Epoch 1] Hook timing summary done

[Epoch 2] Training... (lr at epoch start=0.180902)
  Batch [50/195] Loss: 2.4068, Acc: 10.81%, lr: 0.170425
  Batch [100/195] Loss: 2.4034, Acc: 11.22%, lr: 0.158125
  Batch [150/195] Loss: 2.3755, Acc: 12.50%, lr: 0.144319
[Epoch 2] Train Loss: 2.3507, Acc: 14.18%  |  Val Loss: 2.2403, Acc: 17.87%  |  Time: 13.2s
[Epoch 2] t_iter median: 51.64 ms  (fwd 7.29 | bwd+comm 40.95 | opt 3.25 | data 0.12)  |  train-only epoch: 10.4s
  -> Best model saved (17.87%)
[Epoch 2] Summarizing hook timing...

[HOOK_TIMING_SUMMARY] epoch=2
[HOOK_WORK_SUMMARY] label=mpi:ring_zfp_online_coll:rate16 calls=1560 work_total_ms=7811.040 work_mean_ms=5.007 work_min_ms=2.563 work_max_ms=13.939
[HOOK_TAIL_SUMMARY] label=mpi:ring_zfp_online_coll:rate16 steps=195 tail_total_ms=6006.471 tail_mean_ms=30.802 tail_min_ms=23.082 tail_max_ms=38.281
[Epoch 2] Hook timing summary done

[Epoch 3] Training... (lr at epoch start=0.130902)
  Batch [50/195] Loss: 2.2258, Acc: 18.94%, lr: 0.115246
  Batch [100/195] Loss: 2.2292, Acc: 18.31%, lr: 0.099194
  Batch [150/195] Loss: 2.2095, Acc: 18.69%, lr: 0.083164
[Epoch 3] Train Loss: 2.2074, Acc: 18.75%  |  Val Loss: 2.1623, Acc: 20.37%  |  Time: 13.2s
[Epoch 3] t_iter median: 51.64 ms  (fwd 7.29 | bwd+comm 40.81 | opt 3.46 | data 0.13)  |  train-only epoch: 10.4s
  -> Best model saved (20.37%)
[Epoch 3] Summarizing hook timing...

[HOOK_TIMING_SUMMARY] epoch=3
[HOOK_WORK_SUMMARY] label=mpi:ring_zfp_online_coll:rate16 calls=1560 work_total_ms=7832.566 work_mean_ms=5.021 work_min_ms=2.552 work_max_ms=14.349
[HOOK_TAIL_SUMMARY] label=mpi:ring_zfp_online_coll:rate16 steps=195 tail_total_ms=6021.906 tail_mean_ms=30.882 tail_min_ms=27.782 tail_max_ms=38.224
[Epoch 3] Hook timing summary done

[Epoch 4] Training... (lr at epoch start=0.069098)
  Batch [50/195] Loss: 2.1371, Acc: 19.31%, lr: 0.054242
  Batch [100/195] Loss: 2.1236, Acc: 20.47%, lr: 0.040572
  Batch [150/195] Loss: 2.1085, Acc: 20.60%, lr: 0.028440
[Epoch 4] Train Loss: 2.1065, Acc: 20.29%  |  Val Loss: 2.2367, Acc: 22.06%  |  Time: 13.2s
[Epoch 4] t_iter median: 51.66 ms  (fwd 7.29 | bwd+comm 40.84 | opt 3.47 | data 0.12)  |  train-only epoch: 10.4s
  -> Best model saved (22.06%)
[Epoch 4] Summarizing hook timing...

[HOOK_TIMING_SUMMARY] epoch=4
[HOOK_WORK_SUMMARY] label=mpi:ring_zfp_online_coll:rate16 calls=1560 work_total_ms=7817.420 work_mean_ms=5.011 work_min_ms=2.549 work_max_ms=14.386
[HOOK_TAIL_SUMMARY] label=mpi:ring_zfp_online_coll:rate16 steps=195 tail_total_ms=5983.542 tail_mean_ms=30.685 tail_min_ms=27.179 tail_max_ms=38.033
[Epoch 4] Hook timing summary done

[Epoch 5] Training... (lr at epoch start=0.019098)
  Batch [50/195] Loss: 2.1004, Acc: 20.88%, lr: 0.010717
  Batch [100/195] Loss: 2.0912, Acc: 22.19%, lr: 0.004649
  Batch [150/195] Loss: 2.0802, Acc: 22.48%, lr: 0.001049
[Epoch 5] Train Loss: 2.0762, Acc: 22.50%  |  Val Loss: 2.1586, Acc: 22.88%  |  Time: 13.3s
[Epoch 5] t_iter median: 51.69 ms  (fwd 7.29 | bwd+comm 40.86 | opt 3.46 | data 0.12)  |  train-only epoch: 10.4s
  -> Best model saved (22.88%)
[Epoch 5] Summarizing hook timing...

[HOOK_TIMING_SUMMARY] epoch=5
[HOOK_WORK_SUMMARY] label=mpi:ring_zfp_online_coll:rate16 calls=1560 work_total_ms=7839.925 work_mean_ms=5.026 work_min_ms=2.562 work_max_ms=14.732
[HOOK_TAIL_SUMMARY] label=mpi:ring_zfp_online_coll:rate16 steps=195 tail_total_ms=6018.679 tail_mean_ms=30.865 tail_min_ms=28.083 tail_max_ms=37.659
[Epoch 5] Hook timing summary done

================================================================================
Done in 71.5s | Best val acc: 22.88%
Epoch times (train+val): mean=13.4s  min=13.2s  max=14.1s
Train-only epoch time (epochs 2..N): median=10.42s  min=10.38s  max=10.44s
  -> use this for STRONG scaling (fixed global batch)
  -> use t_iter_median_ms from the CSV for WEAK scaling (fixed local batch)
================================================================================
=== Finished: model=wide_resnet50_2, dataset=cifar10, batch=32, lr=0.20, scheduler=cosine, backend=mpi, hook=ring_zfp_online_coll, zfp_rate=16, status=0 at Wed Jul 22 03:22:28 PM UTC 2026 ===
=== Starting: model=wide_resnet50_2, ws=8, bs=32, gb=256, lr=0.20, sched=cosine, warmup=0, epochs=5, mom=0.9, wd=5e-4, nesterov=true, wd_bn_bias=false, backend=mpi, hook=ring_zfp_online_coll, zfp=8 at Wed Jul 22 03:22:28 PM UTC 2026 ===

================================================================================
DISTRIBUTED TRAINING LAUNCHER
================================================================================
  Model:      wide_resnet50_2 (CIFAR stem) (from scratch)
  Dataset:    cifar10 (10 classes)
  Image size: 32
  LR:         0.2
  Momentum:   0.9 (nesterov=True)
  Optimizer:  sgd
  Weight dec: 0.0005 (on BN/bias=False)
  Backend:    mpi
  Algorithm:  ring_zfp_online_coll

================================================================================
DISTRIBUTED TRAINING LAUNCHER
================================================================================
  Model:      wide_resnet50_2 (CIFAR stem) (from scratch)
  Dataset:    cifar10 (10 classes)
  Image size: 32
  LR:         0.2
  Momentum:   0.9 (nesterov=True)
  Optimizer:  sgd
  Weight dec: 0.0005 (on BN/bias=False)
  Backend:    mpi
  Algorithm:  ring_zfp_online_coll
  ZFP rate:   8
  Epochs:     5
  Batch/rank: 32
  LR:         0.2
  Scheduler:  cosine
  Warmup:     0
  Grad clip:  None
  Drop last:  True
  Data dir:   ./data
================================================================================

  ZFP rate:   8
  Epochs:     5
  Batch/rank: 32
  LR:         0.2
  Scheduler:  cosine
  Warmup:     0
  Grad clip:  None
  Drop last:  True
  Data dir:   ./data
================================================================================


================================================================================
DISTRIBUTED TRAINING LAUNCHER
================================================================================
  Model:      wide_resnet50_2 (CIFAR stem) (from scratch)
  Dataset:    cifar10 (10 classes)
  Image size: 32
  LR:         0.2
  Momentum:   0.9 (nesterov=True)
  Optimizer:  sgd
  Weight dec: 0.0005 (on BN/bias=False)
  Backend:    mpi
  Algorithm:  ring_zfp_online_coll
  ZFP rate:   8
  Epochs:     5
  Batch/rank: 32
  LR:         0.2
  Scheduler:  cosine
  Warmup:     0
  Grad clip:  None
  Drop last:  True
  Data dir:   ./data
================================================================================


================================================================================
DISTRIBUTED TRAINING LAUNCHER
================================================================================
  Model:      wide_resnet50_2 (CIFAR stem) (from scratch)
  Dataset:    cifar10 (10 classes)
  Image size: 32
  LR:         0.2
  Momentum:   0.9 (nesterov=True)
  Optimizer:  sgd
  Weight dec: 0.0005 (on BN/bias=False)
  Backend:    mpi
  Algorithm:  ring_zfp_online_coll
  ZFP rate:   8
  Epochs:     5
  Batch/rank: 32
  LR:         0.2
  Scheduler:  cosine
  Warmup:     0
  Grad clip:  None
  Drop last:  True
  Data dir:   ./data
================================================================================


================================================================================
DISTRIBUTED TRAINING LAUNCHER
================================================================================
  Model:      wide_resnet50_2 (CIFAR stem) (from scratch)
  Dataset:    cifar10 (10 classes)
  Image size: 32
  LR:         0.2
  Momentum:   0.9 (nesterov=True)
  Optimizer:  sgd
  Weight dec: 0.0005 (on BN/bias=False)
  Backend:    mpi
  Algorithm:  ring_zfp_online_coll
  ZFP rate:   8
  Epochs:     5
  Batch/rank: 32
  LR:         0.2
  Scheduler:  cosine
  Warmup:     0
  Grad clip:  None
  Drop last:  True
  Data dir:   ./data
================================================================================


================================================================================
DISTRIBUTED TRAINING LAUNCHER
================================================================================
  Model:      wide_resnet50_2 (CIFAR stem) (from scratch)
  Dataset:    cifar10 (10 classes)
  Image size: 32
  LR:         0.2
  Momentum:   0.9 (nesterov=True)
  Optimizer:  sgd
  Weight dec: 0.0005 (on BN/bias=False)
  Backend:    mpi
  Algorithm:  ring_zfp_online_coll
  ZFP rate:   8
  Epochs:     5
  Batch/rank: 32
  LR:         0.2
  Scheduler:  cosine
  Warmup:     0
  Grad clip:  None
  Drop last:  True
  Data dir:   ./data
================================================================================


================================================================================
DISTRIBUTED TRAINING LAUNCHER
================================================================================
  Model:      wide_resnet50_2 (CIFAR stem) (from scratch)
  Dataset:    cifar10 (10 classes)
  Image size: 32
  LR:         0.2
  Momentum:   0.9 (nesterov=True)
  Optimizer:  sgd
  Weight dec: 0.0005 (on BN/bias=False)
  Backend:    mpi
  Algorithm:  ring_zfp_online_coll
  ZFP rate:   8
  Epochs:     5
  Batch/rank: 32
  LR:         0.2
  Scheduler:  cosine
  Warmup:     0
  Grad clip:  None
  Drop last:  True
  Data dir:   ./data
================================================================================


================================================================================
DISTRIBUTED TRAINING LAUNCHER
================================================================================
  Model:      wide_resnet50_2 (CIFAR stem) (from scratch)
  Dataset:    cifar10 (10 classes)
  Image size: 32
  LR:         0.2
  Momentum:   0.9 (nesterov=True)
  Optimizer:  sgd
  Weight dec: 0.0005 (on BN/bias=False)
  Backend:    mpi
  Algorithm:  ring_zfp_online_coll
  ZFP rate:   8
  Epochs:     5
  Batch/rank: 32
  LR:         0.2
  Scheduler:  cosine
  Warmup:     0
  Grad clip:  None
  Drop last:  True
  Data dir:   ./data
================================================================================


================================================================================
Distributed Training: WIDE_RESNET50_2 on CIFAR10
Backend: MPI, Algorithm: ring_zfp_online_coll
================================================================================
Ranks: 8, Epochs: 5, Batch/rank: 32, Effective batch: 256
LR: 0.2, Device: cuda:0

[Cache] Pretrained weights cache (TORCH_HOME) = /eagle/UIC-HPC/matilderestelli/pretrained_weights_cache
[Setup] Model on cuda:0, wrapped in DDP (static_graph=True)
[Setup] Hook registered: mpi/ring_zfp_online_coll
[Optim] SGD: lr=0.2 momentum=0.9 nesterov=True wd=0.0005 wd_on_bn_bias=False
[Optim]   group 0: 66,778,816 params, wd=0.0005
[Optim]   group 1: 68,234 params, wd=0.0
[Data] Train batches: 195, Val batches: 313

[Sched] cosine: steps/epoch=195, total_steps=975, warmup_steps=0 (0 epochs)


[Epoch 1] Training... (lr at epoch start=0.200000)
  Batch [50/195] Loss: 20.1265, Acc: 11.00%, lr: 0.198705
  Batch [100/195] Loss: 11.4132, Acc: 11.25%, lr: 0.194854
  Batch [150/195] Loss: 8.4674, Acc: 11.12%, lr: 0.188546
[Epoch 1] Train Loss: 7.1004, Acc: 10.93%  |  Val Loss: 2.6675, Acc: 10.54%  |  Time: 13.4s
[Epoch 1] t_iter median: 47.85 ms  (fwd 7.31 | bwd+comm 37.23 | opt 3.19 | data 0.11)  |  train-only epoch: 10.5s
  -> Best model saved (10.54%)
[Epoch 1] Summarizing hook timing...

[HOOK_TIMING_SUMMARY] epoch=1
[HOOK_WORK_SUMMARY] label=mpi:ring_zfp_online_coll:rate8calls=1546 work_total_ms=7204.398 work_mean_ms=4.660 work_min_ms=2.390 work_max_ms=80.730
[HOOK_TAIL_SUMMARY] label=mpi:ring_zfp_online_coll:rate8steps=196 tail_total_ms=5448.392 tail_mean_ms=27.798 tail_min_ms=8.653 tail_max_ms=86.979
[Epoch 1] Hook timing summary done

[Epoch 2] Training... (lr at epoch start=0.180902)
  Batch [50/195] Loss: 2.5014, Acc: 10.69%, lr: 0.170425
  Batch [100/195] Loss: 2.4704, Acc: 12.16%, lr: 0.158125
  Batch [150/195] Loss: 2.4416, Acc: 12.58%, lr: 0.144319
[Epoch 2] Train Loss: 2.4140, Acc: 13.11%  |  Val Loss: 2.7739, Acc: 17.88%  |  Time: 12.5s
[Epoch 2] t_iter median: 47.89 ms  (fwd 7.31 | bwd+comm 37.16 | opt 3.30 | data 0.11)  |  train-only epoch: 9.7s
  -> Best model saved (17.88%)
[Epoch 2] Summarizing hook timing...

[HOOK_TIMING_SUMMARY] epoch=2
[HOOK_WORK_SUMMARY] label=mpi:ring_zfp_online_coll:rate8calls=1560 work_total_ms=7025.511 work_mean_ms=4.504 work_min_ms=2.420 work_max_ms=14.691
[HOOK_TAIL_SUMMARY] label=mpi:ring_zfp_online_coll:rate8steps=195 tail_total_ms=5138.460 tail_mean_ms=26.351 tail_min_ms=20.704 tail_max_ms=35.047
[Epoch 2] Hook timing summary done

[Epoch 3] Training... (lr at epoch start=0.130902)
  Batch [50/195] Loss: 2.2476, Acc: 18.12%, lr: 0.115246
  Batch [100/195] Loss: 2.2479, Acc: 17.53%, lr: 0.099194
  Batch [150/195] Loss: 2.2171, Acc: 17.17%, lr: 0.083164
[Epoch 3] Train Loss: 2.2040, Acc: 17.66%  |  Val Loss: 2.7660, Acc: 19.80%  |  Time: 12.5s
[Epoch 3] t_iter median: 47.79 ms  (fwd 7.32 | bwd+comm 37.06 | opt 3.28 | data 0.12)  |  train-only epoch: 9.7s
  -> Best model saved (19.80%)
[Epoch 3] Summarizing hook timing...

[HOOK_TIMING_SUMMARY] epoch=3
[HOOK_WORK_SUMMARY] label=mpi:ring_zfp_online_coll:rate8calls=1560 work_total_ms=7071.043 work_mean_ms=4.533 work_min_ms=2.375 work_max_ms=13.327
[HOOK_TAIL_SUMMARY] label=mpi:ring_zfp_online_coll:rate8steps=195 tail_total_ms=5228.722 tail_mean_ms=26.814 tail_min_ms=23.175 tail_max_ms=33.928
[Epoch 3] Hook timing summary done

[Epoch 4] Training... (lr at epoch start=0.069098)
  Batch [50/195] Loss: 2.0973, Acc: 18.69%, lr: 0.054242
  Batch [100/195] Loss: 2.0890, Acc: 19.53%, lr: 0.040572
  Batch [150/195] Loss: 2.0764, Acc: 19.90%, lr: 0.028440
[Epoch 4] Train Loss: 2.0727, Acc: 19.68%  |  Val Loss: 3.2694, Acc: 21.01%  |  Time: 12.4s
[Epoch 4] t_iter median: 47.64 ms  (fwd 7.31 | bwd+comm 36.97 | opt 3.26 | data 0.10)  |  train-only epoch: 9.6s
  -> Best model saved (21.01%)
[Epoch 4] Summarizing hook timing...

[HOOK_TIMING_SUMMARY] epoch=4
[HOOK_WORK_SUMMARY] label=mpi:ring_zfp_online_coll:rate8calls=1560 work_total_ms=7101.609 work_mean_ms=4.552 work_min_ms=2.390 work_max_ms=13.467
[HOOK_TAIL_SUMMARY] label=mpi:ring_zfp_online_coll:rate8steps=195 tail_total_ms=5257.609 tail_mean_ms=26.962 tail_min_ms=21.859 tail_max_ms=34.417
[Epoch 4] Hook timing summary done

[Epoch 5] Training... (lr at epoch start=0.019098)
  Batch [50/195] Loss: 2.0386, Acc: 18.44%, lr: 0.010717
  Batch [100/195] Loss: 2.0348, Acc: 19.56%, lr: 0.004649
  Batch [150/195] Loss: 2.0308, Acc: 19.90%, lr: 0.001049
[Epoch 5] Train Loss: 2.0282, Acc: 20.10%  |  Val Loss: 2.8880, Acc: 21.30%  |  Time: 12.4s
[Epoch 5] t_iter median: 47.39 ms  (fwd 7.32 | bwd+comm 36.67 | opt 3.25 | data 0.11)  |  train-only epoch: 9.6s
  -> Best model saved (21.30%)
[Epoch 5] Summarizing hook timing...

[HOOK_TIMING_SUMMARY] epoch=5
[HOOK_WORK_SUMMARY] label=mpi:ring_zfp_online_coll:rate8calls=1560 work_total_ms=7037.574 work_mean_ms=4.511 work_min_ms=2.389 work_max_ms=13.031
[HOOK_TAIL_SUMMARY] label=mpi:ring_zfp_online_coll:rate8steps=195 tail_total_ms=5193.313 tail_mean_ms=26.632 tail_min_ms=21.943 tail_max_ms=34.424
[Epoch 5] Hook timing summary done

================================================================================
Done in 67.7s | Best val acc: 21.30%
Epoch times (train+val): mean=12.6s  min=12.4s  max=13.4s
Train-only epoch time (epochs 2..N): median=9.64s  min=9.59s  max=9.69s
  -> use this for STRONG scaling (fixed global batch)
  -> use t_iter_median_ms from the CSV for WEAK scaling (fixed local batch)
================================================================================
=== Finished: model=wide_resnet50_2, dataset=cifar10, batch=32, lr=0.20, scheduler=cosine, backend=mpi, hook=ring_zfp_online_coll, zfp_rate=8, status=0 at Wed Jul 22 03:23:45 PM UTC 2026 ===
=== Starting: model=wide_resnet50_2, ws=8, bs=32, gb=256, lr=0.20, sched=cosine, warmup=0, epochs=5, mom=0.9, wd=5e-4, nesterov=true, wd_bn_bias=false, backend=mpi, hook=recursive_doubling, zfp=none at Wed Jul 22 03:23:45 PM UTC 2026 ===

================================================================================
DISTRIBUTED TRAINING LAUNCHER
================================================================================
  Model:      wide_resnet50_2 (CIFAR stem) (from scratch)
  Dataset:    cifar10 (10 classes)
  Image size: 32
  LR:         0.2
  Momentum:   0.9 (nesterov=True)
  Optimizer:  sgd
  Weight dec: 0.0005 (on BN/bias=False)
  Backend:    mpi
  Algorithm:  recursive_doubling
  Epochs:     5

================================================================================
DISTRIBUTED TRAINING LAUNCHER
================================================================================
  Model:      wide_resnet50_2 (CIFAR stem) (from scratch)
  Dataset:    cifar10 (10 classes)
  Image size: 32
  LR:         0.2
  Momentum:   0.9 (nesterov=True)
  Optimizer:  sgd
  Weight dec: 0.0005 (on BN/bias=False)
  Backend:    mpi
  Algorithm:  recursive_doubling
  Epochs:     5
  Batch/rank: 32
  LR:         0.2
  Scheduler:  cosine
  Warmup:     0
  Grad clip:  None
  Drop last:  True
  Data dir:   ./data
================================================================================

  Batch/rank: 32
  LR:         0.2
  Scheduler:  cosine
  Warmup:     0
  Grad clip:  None
  Drop last:  True
  Data dir:   ./data
================================================================================


================================================================================
DISTRIBUTED TRAINING LAUNCHER
================================================================================
  Model:      wide_resnet50_2 (CIFAR stem) (from scratch)
  Dataset:    cifar10 (10 classes)
  Image size: 32
  LR:         0.2
  Momentum:   0.9 (nesterov=True)
  Optimizer:  sgd
  Weight dec: 0.0005 (on BN/bias=False)
  Backend:    mpi
  Algorithm:  recursive_doubling
  Epochs:     5
  Batch/rank: 32
  LR:         0.2
  Scheduler:  cosine
  Warmup:     0
  Grad clip:  None
  Drop last:  True
  Data dir:   ./data
================================================================================


================================================================================
DISTRIBUTED TRAINING LAUNCHER
================================================================================
  Model:      wide_resnet50_2 (CIFAR stem) (from scratch)
  Dataset:    cifar10 (10 classes)
  Image size: 32
  LR:         0.2
  Momentum:   0.9 (nesterov=True)
  Optimizer:  sgd
  Weight dec: 0.0005 (on BN/bias=False)
  Backend:    mpi
  Algorithm:  recursive_doubling
  Epochs:     5
  Batch/rank: 32
  LR:         0.2
  Scheduler:  cosine
  Warmup:     0
  Grad clip:  None
  Drop last:  True
  Data dir:   ./data
================================================================================


================================================================================
DISTRIBUTED TRAINING LAUNCHER
================================================================================
  Model:      wide_resnet50_2 (CIFAR stem) (from scratch)
  Dataset:    cifar10 (10 classes)
  Image size: 32
  LR:         0.2
  Momentum:   0.9 (nesterov=True)
================================================================================
DISTRIBUTED TRAINING LAUNCHER
================================================================================
  Model:      wide_resnet50_2 (CIFAR stem) (from scratch)
  Dataset:    cifar10 (10 classes)
  Image size: 32
  LR:         0.2
  Momentum:   0.9 (nesterov=True)
  Optimizer:  sgd
  Weight dec: 0.0005 (on BN/bias=False)
  Backend:    mpi
  Algorithm:  recursive_doubling
  Epochs:     5
  Batch/rank: 32
  LR:         0.2
  Scheduler:  cosine
  Warmup:     0
  Grad clip:  None
  Drop last:  True
  Data dir:   ./data
================================================================================


  Optimizer:  sgd
  Weight dec: 0.0005 (on BN/bias=False)
  Backend:    mpi
  Algorithm:  recursive_doubling
  Epochs:     5
  Batch/rank: 32
  LR:         0.2
  Scheduler:  cosine
  Warmup:     0
  Grad clip:  None
  Drop last:  True
  Data dir:   ./data
================================================================================


================================================================================
DISTRIBUTED TRAINING LAUNCHER
================================================================================
  Model:      wide_resnet50_2 (CIFAR stem) (from scratch)
  Dataset:    cifar10 (10 classes)
  Image size: 32
  LR:         0.2
  Momentum:   0.9 (nesterov=True)
  Optimizer:  sgd
  Weight dec: 0.0005 (on BN/bias=False)
  Backend:    mpi
  Algorithm:  recursive_doubling
  Epochs:     5
  Batch/rank: 32
  LR:         0.2
  Scheduler:  cosine
  Warmup:     0
  Grad clip:  None
  Drop last:  True

================================================================================
DISTRIBUTED TRAINING LAUNCHER
================================================================================
  Model:      wide_resnet50_2 (CIFAR stem) (from scratch)
  Dataset:    cifar10 (10 classes)
  Image size: 32
  LR:         0.2
  Momentum:   0.9 (nesterov=True)
  Optimizer:  sgd
  Weight dec: 0.0005 (on BN/bias=False)
  Backend:    mpi
  Algorithm:  recursive_doubling
  Epochs:     5
  Batch/rank: 32
  LR:         0.2
  Scheduler:  cosine
  Warmup:     0
  Grad clip:  None
  Drop last:  True
  Data dir:   ./data
================================================================================

  Data dir:   ./data
================================================================================


================================================================================
Distributed Training: WIDE_RESNET50_2 on CIFAR10
Backend: MPI, Algorithm: recursive_doubling
================================================================================
Ranks: 8, Epochs: 5, Batch/rank: 32, Effective batch: 256
LR: 0.2, Device: cuda:0

[Cache] Pretrained weights cache (TORCH_HOME) = /eagle/UIC-HPC/matilderestelli/pretrained_weights_cache
[Setup] Model on cuda:0, wrapped in DDP (static_graph=True)
[Setup] Hook registered: mpi/recursive_doubling
[Optim] SGD: lr=0.2 momentum=0.9 nesterov=True wd=0.0005 wd_on_bn_bias=False
[Optim]   group 0: 66,778,816 params, wd=0.0005
[Optim]   group 1: 68,234 params, wd=0.0
[Data] Train batches: 195, Val batches: 313

[Sched] cosine: steps/epoch=195, total_steps=975, warmup_steps=0 (0 epochs)


[Epoch 1] Training... (lr at epoch start=0.200000)
  Batch [50/195] Loss: 8.9985, Acc: 11.56%, lr: 0.198705
  Batch [100/195] Loss: 5.6509, Acc: 12.19%, lr: 0.194854
  Batch [150/195] Loss: 4.5352, Acc: 13.46%, lr: 0.188546
[Epoch 1] Train Loss: 3.9800, Acc: 14.94%  |  Val Loss: 2.1303, Acc: 19.20%  |  Time: 20.6s
[Epoch 1] t_iter median: 84.75 ms  (fwd 7.28 | bwd+comm 73.87 | opt 3.48 | data 0.12)  |  train-only epoch: 17.7s
  -> Best model saved (19.20%)
[Epoch 1] Summarizing hook timing...

[HOOK_TIMING_SUMMARY] epoch=1
[HOOK_WORK_SUMMARY] label=mpi:recursive_doubling calls=1546 work_total_ms=14316.658 work_mean_ms=9.260 work_min_ms=2.905 work_max_ms=153.348
[HOOK_TAIL_SUMMARY] label=mpi:recursive_doubling steps=196 tail_total_ms=12679.690 tail_mean_ms=64.692 tail_min_ms=26.673 tail_max_ms=154.314
[Epoch 1] Hook timing summary done

[Epoch 2] Training... (lr at epoch start=0.180902)
  Batch [50/195] Loss: 2.1157, Acc: 16.94%, lr: 0.170425
  Batch [100/195] Loss: 2.1253, Acc: 18.75%, lr: 0.158125
  Batch [150/195] Loss: 2.1021, Acc: 19.52%, lr: 0.144319
[Epoch 2] Train Loss: 2.0909, Acc: 19.76%  |  Val Loss: 2.0549, Acc: 19.91%  |  Time: 19.8s
[Epoch 2] t_iter median: 84.99 ms  (fwd 7.27 | bwd+comm 74.06 | opt 3.47 | data 0.12)  |  train-only epoch: 17.0s
  -> Best model saved (19.91%)
[Epoch 2] Summarizing hook timing...

[HOOK_TIMING_SUMMARY] epoch=2
[HOOK_WORK_SUMMARY] label=mpi:recursive_doubling calls=1560 work_total_ms=14320.502 work_mean_ms=9.180 work_min_ms=2.862 work_max_ms=23.133
[HOOK_TAIL_SUMMARY] label=mpi:recursive_doubling steps=195 tail_total_ms=12647.711 tail_mean_ms=64.860 tail_min_ms=55.371 tail_max_ms=73.313
[Epoch 2] Hook timing summary done

[Epoch 3] Training... (lr at epoch start=0.130902)
  Batch [50/195] Loss: 2.0354, Acc: 20.56%, lr: 0.115246
  Batch [100/195] Loss: 2.0498, Acc: 21.12%, lr: 0.099194
  Batch [150/195] Loss: 2.0356, Acc: 21.77%, lr: 0.083164
[Epoch 3] Train Loss: 2.0287, Acc: 22.47%  |  Val Loss: 1.9634, Acc: 24.56%  |  Time: 19.7s
[Epoch 3] t_iter median: 84.94 ms  (fwd 7.26 | bwd+comm 74.13 | opt 3.46 | data 0.12)  |  train-only epoch: 16.9s
  -> Best model saved (24.56%)
[Epoch 3] Summarizing hook timing...

[HOOK_TIMING_SUMMARY] epoch=3
[HOOK_WORK_SUMMARY] label=mpi:recursive_doubling calls=1560 work_total_ms=14339.230 work_mean_ms=9.192 work_min_ms=2.884 work_max_ms=19.841
[HOOK_TAIL_SUMMARY] label=mpi:recursive_doubling steps=195 tail_total_ms=12656.592 tail_mean_ms=64.906 tail_min_ms=60.980 tail_max_ms=74.566
[Epoch 3] Hook timing summary done

[Epoch 4] Training... (lr at epoch start=0.069098)
  Batch [50/195] Loss: 1.9914, Acc: 22.44%, lr: 0.054242
  Batch [100/195] Loss: 1.9593, Acc: 24.62%, lr: 0.040572
  Batch [150/195] Loss: 1.9517, Acc: 25.40%, lr: 0.028440
[Epoch 4] Train Loss: 1.9509, Acc: 26.14%  |  Val Loss: 1.8448, Acc: 31.94%  |  Time: 19.7s
[Epoch 4] t_iter median: 85.10 ms  (fwd 7.26 | bwd+comm 74.45 | opt 3.27 | data 0.11)  |  train-only epoch: 16.9s
  -> Best model saved (31.94%)
[Epoch 4] Summarizing hook timing...

[HOOK_TIMING_SUMMARY] epoch=4
[HOOK_WORK_SUMMARY] label=mpi:recursive_doubling calls=1560 work_total_ms=14375.591 work_mean_ms=9.215 work_min_ms=2.796 work_max_ms=22.916
[HOOK_TAIL_SUMMARY] label=mpi:recursive_doubling steps=195 tail_total_ms=12664.389 tail_mean_ms=64.946 tail_min_ms=59.549 tail_max_ms=73.643
[Epoch 4] Hook timing summary done

[Epoch 5] Training... (lr at epoch start=0.019098)
  Batch [50/195] Loss: 1.8897, Acc: 28.00%, lr: 0.010717
  Batch [100/195] Loss: 1.8881, Acc: 29.03%, lr: 0.004649
  Batch [150/195] Loss: 1.8740, Acc: 29.08%, lr: 0.001049
[Epoch 5] Train Loss: 1.8638, Acc: 29.49%  |  Val Loss: 1.7826, Acc: 34.17%  |  Time: 19.8s
[Epoch 5] t_iter median: 85.22 ms  (fwd 7.26 | bwd+comm 74.50 | opt 3.24 | data 0.12)  |  train-only epoch: 17.0s
  -> Best model saved (34.17%)
[Epoch 5] Summarizing hook timing...

[HOOK_TIMING_SUMMARY] epoch=5
[HOOK_WORK_SUMMARY] label=mpi:recursive_doubling calls=1560 work_total_ms=14441.739 work_mean_ms=9.258 work_min_ms=2.769 work_max_ms=21.846
[HOOK_TAIL_SUMMARY] label=mpi:recursive_doubling steps=195 tail_total_ms=12744.389 tail_mean_ms=65.356 tail_min_ms=59.081 tail_max_ms=74.421
[Epoch 5] Hook timing summary done

================================================================================
Done in 104.1s | Best val acc: 34.17%
Epoch times (train+val): mean=19.9s  min=19.7s  max=20.6s
Train-only epoch time (epochs 2..N): median=16.95s  min=16.93s  max=17.00s
  -> use this for STRONG scaling (fixed global batch)
  -> use t_iter_median_ms from the CSV for WEAK scaling (fixed local batch)
================================================================================
=== Finished: model=wide_resnet50_2, dataset=cifar10, batch=32, lr=0.20, scheduler=cosine, backend=mpi, hook=recursive_doubling, zfp_rate=none, status=0 at Wed Jul 22 03:25:38 PM UTC 2026 ===
=== Starting: model=wide_resnet50_2, ws=8, bs=32, gb=256, lr=0.20, sched=cosine, warmup=0, epochs=5, mom=0.9, wd=5e-4, nesterov=true, wd_bn_bias=false, backend=mpi, hook=recursive_doubling_zfp_naive, zfp=16 at Wed Jul 22 03:25:38 PM UTC 2026 ===

================================================================================
DISTRIBUTED TRAINING LAUNCHER
================================================================================
  Model:      wide_resnet50_2 (CIFAR stem) (from scratch)
  Dataset:    cifar10 (10 classes)
  Image size: 32
  LR:         0.2
  Momentum:   0.9 (nesterov=True)
  Optimizer:  sgd
  Weight dec: 0.0005 (on BN/bias=False)
  Backend:    mpi
  Algorithm:  recursive_doubling_zfp_naive

================================================================================
DISTRIBUTED TRAINING LAUNCHER
================================================================================
  Model:      wide_resnet50_2 (CIFAR stem) (from scratch)
  Dataset:    cifar10 (10 classes)
  Image size: 32
  LR:         0.2
  Momentum:   0.9 (nesterov=True)
  Optimizer:  sgd
  Weight dec: 0.0005 (on BN/bias=False)
  Backend:    mpi
  Algorithm:  recursive_doubling_zfp_naive
  ZFP rate:   16
  Epochs:     5
  Batch/rank: 32
  LR:         0.2
  Scheduler:  cosine
  Warmup:     0
  Grad clip:  None
  Drop last:  True
  Data dir:   ./data
================================================================================

  ZFP rate:   16
  Epochs:     5
  Batch/rank: 32
  LR:         0.2
  Scheduler:  cosine
  Warmup:     0
  Grad clip:  None
  Drop last:  True
  Data dir:   ./data
================================================================================


================================================================================
DISTRIBUTED TRAINING LAUNCHER
================================================================================
  Model:      wide_resnet50_2 (CIFAR stem) (from scratch)
  Dataset:    cifar10 (10 classes)
  Image size: 32
  LR:         0.2
  Momentum:   0.9 (nesterov=True)
  Optimizer:  sgd
  Weight dec: 0.0005 (on BN/bias=False)
  Backend:    mpi
  Algorithm:  recursive_doubling_zfp_naive
  ZFP rate:   16
  Epochs:     5
  Batch/rank: 32
  LR:         0.2
  Scheduler:  cosine
  Warmup:     0
  Grad clip:  None
  Drop last:  True
  Data dir:   ./data
================================================================================


================================================================================
DISTRIBUTED TRAINING LAUNCHER
================================================================================
  Model:      wide_resnet50_2 (CIFAR stem) (from scratch)
  Dataset:    cifar10 (10 classes)
  Image size: 32
  LR:         0.2
  Momentum:   0.9 (nesterov=True)
  Optimizer:  sgd
  Weight dec: 0.0005 (on BN/bias=False)
  Backend:    mpi
  Algorithm:  recursive_doubling_zfp_naive
  ZFP rate:   16
  Epochs:     5
  Batch/rank: 32
  LR:         0.2
  Scheduler:  cosine
  Warmup:     0
  Grad clip:  None
  Drop last:  True
  Data dir:   ./data
================================================================================


================================================================================
DISTRIBUTED TRAINING LAUNCHER
================================================================================
  Model:      wide_resnet50_2 (CIFAR stem) (from scratch)
  Dataset:    cifar10 (10 classes)
  Image size: 32
  LR:         0.2
  Momentum:   0.9 (nesterov=True)
  Optimizer:  sgd
  Weight dec: 0.0005 (on BN/bias=False)
  Backend:    mpi
  Algorithm:  recursive_doubling_zfp_naive
  ZFP rate:   16
  Epochs:     5
  Batch/rank: 32
  LR:         0.2
  Scheduler:  cosine
  Warmup:     0
  Grad clip:  None
  Drop last:  True
  Data dir:   ./data
================================================================================


================================================================================
DISTRIBUTED TRAINING LAUNCHER
================================================================================
  Model:      wide_resnet50_2 (CIFAR stem) (from scratch)
  Dataset:    cifar10 (10 classes)
  Image size: 32
  LR:         0.2
  Momentum:   0.9 (nesterov=True)
  Optimizer:  sgd
  Weight dec: 0.0005 (on BN/bias=False)
  Backend:    mpi
  Algorithm:  recursive_doubling_zfp_naive
  ZFP rate:   16
  Epochs:     5
  Batch/rank: 32
  LR:         0.2
  Scheduler:  cosine
  Warmup:     0
  Grad clip:  None
  Drop last:  True
  Data dir:   ./data
================================================================================


================================================================================
DISTRIBUTED TRAINING LAUNCHER
================================================================================
  Model:      wide_resnet50_2 (CIFAR stem) (from scratch)
  Dataset:    cifar10 (10 classes)
  Image size: 32
  LR:         0.2
  Momentum:   0.9 (nesterov=True)
  Optimizer:  sgd
  Weight dec: 0.0005 (on BN/bias=False)
  Backend:    mpi
  Algorithm:  recursive_doubling_zfp_naive
  ZFP rate:   16
  Epochs:     5
  Batch/rank: 32
  LR:         0.2
  Scheduler:  cosine
  Warmup:     0
  Grad clip:  None
  Drop last:  True
  Data dir:   ./data
================================================================================


================================================================================
DISTRIBUTED TRAINING LAUNCHER
================================================================================
  Model:      wide_resnet50_2 (CIFAR stem) (from scratch)
  Dataset:    cifar10 (10 classes)
  Image size: 32
  LR:         0.2
  Momentum:   0.9 (nesterov=True)
  Optimizer:  sgd
  Weight dec: 0.0005 (on BN/bias=False)
  Backend:    mpi
  Algorithm:  recursive_doubling_zfp_naive
  ZFP rate:   16
  Epochs:     5
  Batch/rank: 32
  LR:         0.2
  Scheduler:  cosine
  Warmup:     0
  Grad clip:  None
  Drop last:  True
  Data dir:   ./data
================================================================================


================================================================================
Distributed Training: WIDE_RESNET50_2 on CIFAR10
Backend: MPI, Algorithm: recursive_doubling_zfp_naive
================================================================================
Ranks: 8, Epochs: 5, Batch/rank: 32, Effective batch: 256
LR: 0.2, Device: cuda:0

[Cache] Pretrained weights cache (TORCH_HOME) = /eagle/UIC-HPC/matilderestelli/pretrained_weights_cache
[Setup] Model on cuda:0, wrapped in DDP (static_graph=True)
[Setup] Hook registered: mpi/recursive_doubling_zfp_naive
[Optim] SGD: lr=0.2 momentum=0.9 nesterov=True wd=0.0005 wd_on_bn_bias=False
[Optim]   group 0: 66,778,816 params, wd=0.0005
[Optim]   group 1: 68,234 params, wd=0.0
[Data] Train batches: 195, Val batches: 313

[Sched] cosine: steps/epoch=195, total_steps=975, warmup_steps=0 (0 epochs)


[Epoch 1] Training... (lr at epoch start=0.200000)
  Batch [50/195] Loss: 10.8587, Acc: 11.25%, lr: 0.198705
  Batch [100/195] Loss: 6.5748, Acc: 12.22%, lr: 0.194854
  Batch [150/195] Loss: 5.1452, Acc: 12.90%, lr: 0.188546
[Epoch 1] Train Loss: 4.4717, Acc: 13.85%  |  Val Loss: 2.1927, Acc: 18.77%  |  Time: 18.8s
[Epoch 1] t_iter median: 75.42 ms  (fwd 7.30 | bwd+comm 64.67 | opt 3.37 | data 0.11)  |  train-only epoch: 15.9s
  -> Best model saved (18.77%)
[Epoch 1] Summarizing hook timing...

[HOOK_TIMING_SUMMARY] epoch=1
[HOOK_WORK_SUMMARY] label=mpi:recursive_doubling_zfp_naive:rate16 calls=1546 work_total_ms=12548.187 work_mean_ms=8.117 work_min_ms=3.394 work_max_ms=149.480
[HOOK_TAIL_SUMMARY] label=mpi:recursive_doubling_zfp_naive:rate16 steps=196 tail_total_ms=10867.752 tail_mean_ms=55.448 tail_min_ms=18.077 tail_max_ms=150.893
[Epoch 1] Hook timing summary done

[Epoch 2] Training... (lr at epoch start=0.180902)
  Batch [50/195] Loss: 2.1695, Acc: 17.12%, lr: 0.170425
  Batch [100/195] Loss: 2.1524, Acc: 18.62%, lr: 0.158125
  Batch [150/195] Loss: 2.1235, Acc: 19.31%, lr: 0.144319
[Epoch 2] Train Loss: 2.1133, Acc: 19.13%  |  Val Loss: 2.0561, Acc: 20.08%  |  Time: 17.8s
[Epoch 2] t_iter median: 75.58 ms  (fwd 7.28 | bwd+comm 65.00 | opt 3.18 | data 0.11)  |  train-only epoch: 15.1s
  -> Best model saved (20.08%)
[Epoch 2] Summarizing hook timing...

[HOOK_TIMING_SUMMARY] epoch=2
[HOOK_WORK_SUMMARY] label=mpi:recursive_doubling_zfp_naive:rate16 calls=1560 work_total_ms=12603.350 work_mean_ms=8.079 work_min_ms=3.347 work_max_ms=21.645
[HOOK_TAIL_SUMMARY] label=mpi:recursive_doubling_zfp_naive:rate16 steps=195 tail_total_ms=10952.117 tail_mean_ms=56.165 tail_min_ms=54.023 tail_max_ms=66.881
[Epoch 2] Hook timing summary done

[Epoch 3] Training... (lr at epoch start=0.130902)
  Batch [50/195] Loss: 2.0498, Acc: 22.38%, lr: 0.115246
  Batch [100/195] Loss: 2.0570, Acc: 21.50%, lr: 0.099194
  Batch [150/195] Loss: 2.0444, Acc: 21.04%, lr: 0.083164
[Epoch 3] Train Loss: 2.0388, Acc: 21.09%  |  Val Loss: 1.9776, Acc: 23.25%  |  Time: 17.8s
[Epoch 3] t_iter median: 75.60 ms  (fwd 7.29 | bwd+comm 65.03 | opt 3.18 | data 0.11)  |  train-only epoch: 15.1s
  -> Best model saved (23.25%)
[Epoch 3] Summarizing hook timing...

[HOOK_TIMING_SUMMARY] epoch=3
[HOOK_WORK_SUMMARY] label=mpi:recursive_doubling_zfp_naive:rate16 calls=1560 work_total_ms=12611.987 work_mean_ms=8.085 work_min_ms=3.338 work_max_ms=21.008
[HOOK_TAIL_SUMMARY] label=mpi:recursive_doubling_zfp_naive:rate16 steps=195 tail_total_ms=10955.288 tail_mean_ms=56.181 tail_min_ms=54.773 tail_max_ms=65.906
[Epoch 3] Hook timing summary done

[Epoch 4] Training... (lr at epoch start=0.069098)
  Batch [50/195] Loss: 2.0019, Acc: 19.56%, lr: 0.054242
  Batch [100/195] Loss: 1.9844, Acc: 21.47%, lr: 0.040572
  Batch [150/195] Loss: 1.9756, Acc: 22.02%, lr: 0.028440
[Epoch 4] Train Loss: 1.9756, Acc: 22.58%  |  Val Loss: 1.9033, Acc: 26.19%  |  Time: 17.9s
[Epoch 4] t_iter median: 75.67 ms  (fwd 7.28 | bwd+comm 65.10 | opt 3.18 | data 0.11)  |  train-only epoch: 15.1s
  -> Best model saved (26.19%)
[Epoch 4] Summarizing hook timing...

[HOOK_TIMING_SUMMARY] epoch=4
[HOOK_WORK_SUMMARY] label=mpi:recursive_doubling_zfp_naive:rate16 calls=1560 work_total_ms=12608.634 work_mean_ms=8.082 work_min_ms=3.301 work_max_ms=21.693
[HOOK_TAIL_SUMMARY] label=mpi:recursive_doubling_zfp_naive:rate16 steps=195 tail_total_ms=10954.456 tail_mean_ms=56.177 tail_min_ms=54.794 tail_max_ms=66.731
[Epoch 4] Hook timing summary done

[Epoch 5] Training... (lr at epoch start=0.019098)
  Batch [50/195] Loss: 1.9498, Acc: 22.62%, lr: 0.010717
  Batch [100/195] Loss: 1.9360, Acc: 23.34%, lr: 0.004649
  Batch [150/195] Loss: 1.9285, Acc: 23.81%, lr: 0.001049
[Epoch 5] Train Loss: 1.9186, Acc: 24.89%  |  Val Loss: 1.8687, Acc: 28.29%  |  Time: 17.9s
[Epoch 5] t_iter median: 75.55 ms  (fwd 7.29 | bwd+comm 64.76 | opt 3.47 | data 0.12)  |  train-only epoch: 15.1s
  -> Best model saved (28.29%)
[Epoch 5] Summarizing hook timing...

[HOOK_TIMING_SUMMARY] epoch=5
[HOOK_WORK_SUMMARY] label=mpi:recursive_doubling_zfp_naive:rate16 calls=1560 work_total_ms=12497.134 work_mean_ms=8.011 work_min_ms=3.444 work_max_ms=20.966
[HOOK_TAIL_SUMMARY] label=mpi:recursive_doubling_zfp_naive:rate16 steps=195 tail_total_ms=10762.743 tail_mean_ms=55.194 tail_min_ms=53.903 tail_max_ms=64.601
[Epoch 5] Hook timing summary done

================================================================================
Done in 94.7s | Best val acc: 28.29%
Epoch times (train+val): mean=18.0s  min=17.8s  max=18.8s
Train-only epoch time (epochs 2..N): median=15.09s  min=15.09s  max=15.10s
  -> use this for STRONG scaling (fixed global batch)
  -> use t_iter_median_ms from the CSV for WEAK scaling (fixed local batch)
================================================================================
=== Finished: model=wide_resnet50_2, dataset=cifar10, batch=32, lr=0.20, scheduler=cosine, backend=mpi, hook=recursive_doubling_zfp_naive, zfp_rate=16, status=0 at Wed Jul 22 03:27:23 PM UTC 2026 ===
=== Starting: model=wide_resnet50_2, ws=8, bs=32, gb=256, lr=0.20, sched=cosine, warmup=0, epochs=5, mom=0.9, wd=5e-4, nesterov=true, wd_bn_bias=false, backend=mpi, hook=recursive_doubling_zfp_online_coll, zfp=16 at Wed Jul 22 03:27:23 PM UTC 2026 ===

================================================================================
DISTRIBUTED TRAINING LAUNCHER
================================================================================
  Model:      wide_resnet50_2 (CIFAR stem) (from scratch)
  Dataset:    cifar10 (10 classes)
  Image size: 32
  LR:         0.2
  Momentum:   0.9 (nesterov=True)
  Optimizer:  sgd
  Weight dec: 0.0005 (on BN/bias=False)
  Backend:    mpi
  Algorithm:  recursive_doubling_zfp_online_coll
  ZFP rate:   16
  Epochs:     5
  Batch/rank: 32
  LR:         0.2
  Scheduler:  cosine
  Warmup:     0
  Grad clip:  None
  Drop last:  True
  Data dir:   ./data
================================================================================


================================================================================
DISTRIBUTED TRAINING LAUNCHER
================================================================================
  Model:      wide_resnet50_2 (CIFAR stem) (from scratch)
  Dataset:    cifar10 (10 classes)
  Image size: 32
  LR:         0.2
  Momentum:   0.9 (nesterov=True)
  Optimizer:  sgd
  Weight dec: 0.0005 (on BN/bias=False)
  Backend:    mpi
  Algorithm:  recursive_doubling_zfp_online_coll
  ZFP rate:   16
  Epochs:     5
  Batch/rank: 32
  LR:         0.2
  Scheduler:  cosine
  Warmup:     0
  Grad clip:  None
  Drop last:  True
  Data dir:   ./data
================================================================================


================================================================================
DISTRIBUTED TRAINING LAUNCHER
================================================================================
  Model:      wide_resnet50_2 (CIFAR stem) (from scratch)
  Dataset:    cifar10 (10 classes)
  Image size: 32
  LR:         0.2
  Momentum:   0.9 (nesterov=True)
  Optimizer:  sgd
  Weight dec: 0.0005 (on BN/bias=False)
  Backend:    mpi
  Algorithm:  recursive_doubling_zfp_online_coll
  ZFP rate:   16
  Epochs:     5
  Batch/rank: 32
  LR:         0.2
  Scheduler:  cosine
  Warmup:     0
  Grad clip:  None
  Drop last:  True
  Data dir:   ./data
================================================================================


================================================================================
DISTRIBUTED TRAINING LAUNCHER
================================================================================
  Model:      wide_resnet50_2 (CIFAR stem) (from scratch)
  Dataset:    cifar10 (10 classes)
  Image size: 32
  LR:         0.2
  Momentum:   0.9 (nesterov=True)
  Optimizer:  sgd
  Weight dec: 0.0005 (on BN/bias=False)
  Backend:    mpi
  Algorithm:  recursive_doubling_zfp_online_coll
  ZFP rate:   16
  Epochs:     5
  Batch/rank: 32
  LR:         0.2
  Scheduler:  cosine
  Warmup:     0
  Grad clip:  None
  Drop last:  True
  Data dir:   ./data
================================================================================


================================================================================
DISTRIBUTED TRAINING LAUNCHER
================================================================================
  Model:      wide_resnet50_2 (CIFAR stem) (from scratch)
  Dataset:    cifar10 (10 classes)
  Image size: 32
  LR:         0.2
  Momentum:   0.9 (nesterov=True)
  Optimizer:  sgd
  Weight dec: 0.0005 (on BN/bias=False)
  Backend:    mpi
  Algorithm:  recursive_doubling_zfp_online_coll
  ZFP rate:   16
  Epochs:     5
  Batch/rank: 32
  LR:         0.2
  Scheduler:  cosine
  Warmup:     0
  Grad clip:  None
  Drop last:  True
  Data dir:   ./data
================================================================================


================================================================================
DISTRIBUTED TRAINING LAUNCHER
================================================================================
  Model:      wide_resnet50_2 (CIFAR stem) (from scratch)
  Dataset:    cifar10 (10 classes)
  Image size: 32
  LR:         0.2
  Momentum:   0.9 (nesterov=True)
  Optimizer:  sgd
  Weight dec: 0.0005 (on BN/bias=False)
  Backend:    mpi
  Algorithm:  recursive_doubling_zfp_online_coll
  ZFP rate:   16
  Epochs:     5
  Batch/rank: 32
  LR:         0.2
  Scheduler:  cosine
  Warmup:     0
  Grad clip:  None
  Drop last:  True
  Data dir:   ./data
================================================================================


================================================================================
DISTRIBUTED TRAINING LAUNCHER
================================================================================
  Model:      wide_resnet50_2 (CIFAR stem) (from scratch)
  Dataset:    cifar10 (10 classes)
  Image size: 32
  LR:         0.2
  Momentum:   0.9 (nesterov=True)
  Optimizer:  sgd
  Weight dec: 0.0005 (on BN/bias=False)
  Backend:    mpi
  Algorithm:  recursive_doubling_zfp_online_coll
  ZFP rate:   16
  Epochs:     5
  Batch/rank: 32
  LR:         0.2
  Scheduler:  cosine
  Warmup:     0
  Grad clip:  None
  Drop last:  True
  Data dir:   ./data
================================================================================


================================================================================
DISTRIBUTED TRAINING LAUNCHER
================================================================================
  Model:      wide_resnet50_2 (CIFAR stem) (from scratch)
  Dataset:    cifar10 (10 classes)
  Image size: 32
  LR:         0.2
  Momentum:   0.9 (nesterov=True)
  Optimizer:  sgd
  Weight dec: 0.0005 (on BN/bias=False)
  Backend:    mpi
  Algorithm:  recursive_doubling_zfp_online_coll
  ZFP rate:   16
  Epochs:     5
  Batch/rank: 32
  LR:         0.2
  Scheduler:  cosine
  Warmup:     0
  Grad clip:  None
  Drop last:  True
  Data dir:   ./data
================================================================================


================================================================================
Distributed Training: WIDE_RESNET50_2 on CIFAR10
Backend: MPI, Algorithm: recursive_doubling_zfp_online_coll
================================================================================
Ranks: 8, Epochs: 5, Batch/rank: 32, Effective batch: 256
LR: 0.2, Device: cuda:0

[Cache] Pretrained weights cache (TORCH_HOME) = /eagle/UIC-HPC/matilderestelli/pretrained_weights_cache
[Setup] Model on cuda:0, wrapped in DDP (static_graph=True)
[Setup] Hook registered: mpi/recursive_doubling_zfp_online_coll
[Optim] SGD: lr=0.2 momentum=0.9 nesterov=True wd=0.0005 wd_on_bn_bias=False
[Optim]   group 0: 66,778,816 params, wd=0.0005
[Optim]   group 1: 68,234 params, wd=0.0
[Data] Train batches: 195, Val batches: 313

[Sched] cosine: steps/epoch=195, total_steps=975, warmup_steps=0 (0 epochs)


[Epoch 1] Training... (lr at epoch start=0.200000)
  Batch [50/195] Loss: 7.6919, Acc: 11.44%, lr: 0.198705
  Batch [100/195] Loss: 5.0201, Acc: 10.25%, lr: 0.194854
  Batch [150/195] Loss: 4.1184, Acc: 10.12%, lr: 0.188546
[Epoch 1] Train Loss: 3.7036, Acc: 9.97%  |  Val Loss: 2.3489, Acc: 10.56%  |  Time: 17.6s
[Epoch 1] t_iter median: 69.67 ms  (fwd 7.32 | bwd+comm 58.76 | opt 3.47 | data 0.12)  |  train-only epoch: 14.7s
  -> Best model saved (10.56%)
[Epoch 1] Summarizing hook timing...

[HOOK_TIMING_SUMMARY] epoch=1
[HOOK_WORK_SUMMARY] label=mpi:recursive_doubling_zfp_online_coll:rate16 calls=1546 work_total_ms=11375.919 work_mean_ms=7.358 work_min_ms=2.876 work_max_ms=119.067
[HOOK_TAIL_SUMMARY] label=mpi:recursive_doubling_zfp_online_coll:rate16 steps=196 tail_total_ms=9648.600 tail_mean_ms=49.228 tail_min_ms=8.777 tail_max_ms=127.208
[Epoch 1] Hook timing summary done

[Epoch 2] Training... (lr at epoch start=0.180902)
  Batch [50/195] Loss: 2.3107, Acc: 10.06%, lr: 0.170425
  Batch [100/195] Loss: 2.3053, Acc: 11.81%, lr: 0.158125
  Batch [150/195] Loss: 2.2797, Acc: 13.08%, lr: 0.144319
[Epoch 2] Train Loss: 2.2482, Acc: 14.54%  |  Val Loss: 2.1359, Acc: 18.90%  |  Time: 16.6s
[Epoch 2] t_iter median: 69.62 ms  (fwd 7.31 | bwd+comm 59.02 | opt 3.19 | data 0.11)  |  train-only epoch: 13.9s
  -> Best model saved (18.90%)
[Epoch 2] Summarizing hook timing...

[HOOK_TIMING_SUMMARY] epoch=2
[HOOK_WORK_SUMMARY] label=mpi:recursive_doubling_zfp_online_coll:rate16 calls=1560 work_total_ms=11448.787 work_mean_ms=7.339 work_min_ms=2.601 work_max_ms=14.506
[HOOK_TAIL_SUMMARY] label=mpi:recursive_doubling_zfp_online_coll:rate16 steps=195 tail_total_ms=9775.201 tail_mean_ms=50.129 tail_min_ms=46.916 tail_max_ms=58.595
[Epoch 2] Hook timing summary done

[Epoch 3] Training... (lr at epoch start=0.130902)
  Batch [50/195] Loss: 2.0899, Acc: 21.06%, lr: 0.115246
  Batch [100/195] Loss: 2.1072, Acc: 20.12%, lr: 0.099194
  Batch [150/195] Loss: 2.0920, Acc: 19.83%, lr: 0.083164
[Epoch 3] Train Loss: 2.0921, Acc: 20.37%  |  Val Loss: 2.0650, Acc: 22.68%  |  Time: 16.6s
[Epoch 3] t_iter median: 69.38 ms  (fwd 7.33 | bwd+comm 58.48 | opt 3.48 | data 0.12)  |  train-only epoch: 13.8s
  -> Best model saved (22.68%)
[Epoch 3] Summarizing hook timing...

[HOOK_TIMING_SUMMARY] epoch=3
[HOOK_WORK_SUMMARY] label=mpi:recursive_doubling_zfp_online_coll:rate16 calls=1560 work_total_ms=11252.214 work_mean_ms=7.213 work_min_ms=2.912 work_max_ms=18.574
[HOOK_TAIL_SUMMARY] label=mpi:recursive_doubling_zfp_online_coll:rate16 steps=195 tail_total_ms=9466.300 tail_mean_ms=48.545 tail_min_ms=45.817 tail_max_ms=56.891
[Epoch 3] Hook timing summary done

[Epoch 4] Training... (lr at epoch start=0.069098)
  Batch [50/195] Loss: 2.0577, Acc: 19.69%, lr: 0.054242
  Batch [100/195] Loss: 2.0458, Acc: 19.97%, lr: 0.040572
  Batch [150/195] Loss: 2.0327, Acc: 21.19%, lr: 0.028440
[Epoch 4] Train Loss: 2.0261, Acc: 21.96%  |  Val Loss: 2.0384, Acc: 27.20%  |  Time: 16.7s
[Epoch 4] t_iter median: 69.43 ms  (fwd 7.32 | bwd+comm 58.62 | opt 3.37 | data 0.11)  |  train-only epoch: 13.9s
  -> Best model saved (27.20%)
[Epoch 4] Summarizing hook timing...

[HOOK_TIMING_SUMMARY] epoch=4
[HOOK_WORK_SUMMARY] label=mpi:recursive_doubling_zfp_online_coll:rate16 calls=1560 work_total_ms=11314.896 work_mean_ms=7.253 work_min_ms=2.845 work_max_ms=16.964
[HOOK_TAIL_SUMMARY] label=mpi:recursive_doubling_zfp_online_coll:rate16 steps=195 tail_total_ms=9550.164 tail_mean_ms=48.975 tail_min_ms=42.671 tail_max_ms=57.818
[Epoch 4] Hook timing summary done

[Epoch 5] Training... (lr at epoch start=0.019098)
  Batch [50/195] Loss: 1.9809, Acc: 25.19%, lr: 0.010717
  Batch [100/195] Loss: 1.9698, Acc: 26.19%, lr: 0.004649
  Batch [150/195] Loss: 1.9585, Acc: 26.44%, lr: 0.001049
[Epoch 5] Train Loss: 1.9498, Acc: 26.59%  |  Val Loss: 1.8909, Acc: 29.50%  |  Time: 16.7s
[Epoch 5] t_iter median: 69.47 ms  (fwd 7.32 | bwd+comm 58.67 | opt 3.36 | data 0.12)  |  train-only epoch: 13.9s
  -> Best model saved (29.50%)
[Epoch 5] Summarizing hook timing...

[HOOK_TIMING_SUMMARY] epoch=5
[HOOK_WORK_SUMMARY] label=mpi:recursive_doubling_zfp_online_coll:rate16 calls=1560 work_total_ms=11301.990 work_mean_ms=7.245 work_min_ms=2.737 work_max_ms=19.516
[HOOK_TAIL_SUMMARY] label=mpi:recursive_doubling_zfp_online_coll:rate16 steps=195 tail_total_ms=9532.275 tail_mean_ms=48.883 tail_min_ms=45.735 tail_max_ms=58.947
[Epoch 5] Hook timing summary done

================================================================================
Done in 90.9s | Best val acc: 29.50%
Epoch times (train+val): mean=16.9s  min=16.6s  max=17.6s
Train-only epoch time (epochs 2..N): median=13.87s  min=13.83s  max=13.91s
  -> use this for STRONG scaling (fixed global batch)
  -> use t_iter_median_ms from the CSV for WEAK scaling (fixed local batch)
================================================================================
=== Finished: model=wide_resnet50_2, dataset=cifar10, batch=32, lr=0.20, scheduler=cosine, backend=mpi, hook=recursive_doubling_zfp_online_coll, zfp_rate=16, status=0 at Wed Jul 22 03:29:05 PM UTC 2026 ===
=== Starting: model=wide_resnet50_2, ws=8, bs=32, gb=256, lr=0.20, sched=cosine, warmup=0, epochs=5, mom=0.9, wd=5e-4, nesterov=true, wd_bn_bias=false, backend=mpi, hook=recursive_doubling_zfp_online_coll, zfp=8 at Wed Jul 22 03:29:05 PM UTC 2026 ===

================================================================================
DISTRIBUTED TRAINING LAUNCHER
================================================================================
  Model:      wide_resnet50_2 (CIFAR stem) (from scratch)
  Dataset:    cifar10 (10 classes)
  Image size: 32
  LR:         0.2
  Momentum:   0.9 (nesterov=True)
  Optimizer:  sgd
  Weight dec: 0.0005 (on BN/bias=False)
  Backend:    mpi
  Algorithm:  recursive_doubling_zfp_online_coll
  ZFP rate:   8
  Epochs:     5
  Batch/rank: 32
  LR:         0.2
  Scheduler:  cosine
  Warmup:     0
  Grad clip:  None
  Drop last:  True
  Data dir:   ./data
================================================================================


================================================================================
DISTRIBUTED TRAINING LAUNCHER
================================================================================
  Model:      wide_resnet50_2 (CIFAR stem) (from scratch)
  Dataset:    cifar10 (10 classes)
  Image size: 32
  LR:         0.2
  Momentum:   0.9 (nesterov=True)
  Optimizer:  sgd
  Weight dec: 0.0005 (on BN/bias=False)
  Backend:    mpi
  Algorithm:  recursive_doubling_zfp_online_coll
  ZFP rate:   8
  Epochs:     5
  Batch/rank: 32
  LR:         0.2
  Scheduler:  cosine
  Warmup:     0
  Grad clip:  None
  Drop last:  True
  Data dir:   ./data
================================================================================


================================================================================
DISTRIBUTED TRAINING LAUNCHER
================================================================================
  Model:      wide_resnet50_2 (CIFAR stem) (from scratch)
  Dataset:    cifar10 (10 classes)
  Image size: 32
  LR:         0.2
  Momentum:   0.9 (nesterov=True)
  Optimizer:  sgd
  Weight dec: 0.0005 (on BN/bias=False)
  Backend:    mpi
  Algorithm:  recursive_doubling_zfp_online_coll
  ZFP rate:   8
  Epochs:     5
  Batch/rank: 32
  LR:         0.2
  Scheduler:  cosine
  Warmup:     0
  Grad clip:  None
  Drop last:  True
  Data dir:   ./data
================================================================================


================================================================================
DISTRIBUTED TRAINING LAUNCHER
================================================================================
  Model:      wide_resnet50_2 (CIFAR stem) (from scratch)
  Dataset:    cifar10 (10 classes)
  Image size: 32
  LR:         0.2
  Momentum:   0.9 (nesterov=True)
  Optimizer:  sgd
  Weight dec: 0.0005 (on BN/bias=False)
  Backend:    mpi
  Algorithm:  recursive_doubling_zfp_online_coll
  ZFP rate:   8
  Epochs:     5
  Batch/rank: 32
  LR:         0.2
  Scheduler:  cosine
  Warmup:     0
  Grad clip:  None
  Drop last:  True
  Data dir:   ./data
================================================================================


================================================================================
DISTRIBUTED TRAINING LAUNCHER
================================================================================
  Model:      wide_resnet50_2 (CIFAR stem) (from scratch)
  Dataset:    cifar10 (10 classes)
  Image size: 32
  LR:         0.2
  Momentum:   0.9 (nesterov=True)
  Optimizer:  sgd
  Weight dec: 0.0005 (on BN/bias=False)
  Backend:    mpi
  Algorithm:  recursive_doubling_zfp_online_coll
  ZFP rate:   8
  Epochs:     5
  Batch/rank: 32
  LR:         0.2
  Scheduler:  cosine
  Warmup:     0
  Grad clip:  None
================================================================================
DISTRIBUTED TRAINING LAUNCHER
================================================================================
  Model:      wide_resnet50_2 (CIFAR stem) (from scratch)
  Dataset:    cifar10 (10 classes)
  Image size: 32
  LR:         0.2
  Momentum:   0.9 (nesterov=True)
  Optimizer:  sgd
  Weight dec: 0.0005 (on BN/bias=False)
  Backend:    mpi
  Algorithm:  recursive_doubling_zfp_online_coll
  ZFP rate:   8
  Epochs:     5
  Batch/rank: 32
  LR:         0.2
  Scheduler:  cosine
  Warmup:     0
  Grad clip:  None
  Drop last:  True
  Data dir:   ./data
================================================================================


================================================================================
DISTRIBUTED TRAINING LAUNCHER
================================================================================
  Model:      wide_resnet50_2 (CIFAR stem) (from scratch)
  Dataset:    cifar10 (10 classes)
  Image size: 32
  LR:         0.2
  Momentum:   0.9 (nesterov=True)
  Optimizer:  sgd
  Weight dec: 0.0005 (on BN/bias=False)

  Drop last:  True
  Data dir:   ./data
================================================================================


================================================================================
DISTRIBUTED TRAINING LAUNCHER
================================================================================
  Model:      wide_resnet50_2 (CIFAR stem) (from scratch)
  Dataset:    cifar10 (10 classes)
  Image size: 32
  LR:         0.2
  Momentum:   0.9 (nesterov=True)
  Optimizer:  sgd
  Weight dec: 0.0005 (on BN/bias=False)
  Backend:    mpi
  Algorithm:  recursive_doubling_zfp_online_coll
  ZFP rate:   8
  Epochs:     5
  Batch/rank: 32
  LR:         0.2
  Scheduler:  cosine
  Warmup:     0
  Grad clip:  None
  Drop last:  True
  Data dir:   ./data
================================================================================

  Backend:    mpi
  Algorithm:  recursive_doubling_zfp_online_coll
  ZFP rate:   8
  Epochs:     5
  Batch/rank: 32
  LR:         0.2
  Scheduler:  cosine
  Warmup:     0
  Grad clip:  None
  Drop last:  True
  Data dir:   ./data
================================================================================


================================================================================
Distributed Training: WIDE_RESNET50_2 on CIFAR10
Backend: MPI, Algorithm: recursive_doubling_zfp_online_coll
================================================================================
Ranks: 8, Epochs: 5, Batch/rank: 32, Effective batch: 256
LR: 0.2, Device: cuda:0

[Cache] Pretrained weights cache (TORCH_HOME) = /eagle/UIC-HPC/matilderestelli/pretrained_weights_cache
[Setup] Model on cuda:0, wrapped in DDP (static_graph=True)
[Setup] Hook registered: mpi/recursive_doubling_zfp_online_coll
[Optim] SGD: lr=0.2 momentum=0.9 nesterov=True wd=0.0005 wd_on_bn_bias=False
[Optim]   group 0: 66,778,816 params, wd=0.0005
[Optim]   group 1: 68,234 params, wd=0.0
[Data] Train batches: 195, Val batches: 313

[Sched] cosine: steps/epoch=195, total_steps=975, warmup_steps=0 (0 epochs)


[Epoch 1] Training... (lr at epoch start=0.200000)
  Batch [50/195] Loss: 8.7534, Acc: 11.12%, lr: 0.198705
  Batch [100/195] Loss: 5.5502, Acc: 11.50%, lr: 0.194854
  Batch [150/195] Loss: 4.4700, Acc: 11.65%, lr: 0.188546
[Epoch 1] Train Loss: 3.9691, Acc: 11.88%  |  Val Loss: 2.2853, Acc: 11.81%  |  Time: 14.5s
[Epoch 1] t_iter median: 53.64 ms  (fwd 7.29 | bwd+comm 42.97 | opt 3.30 | data 0.07)  |  train-only epoch: 11.6s
  -> Best model saved (11.81%)
[Epoch 1] Summarizing hook timing...

[HOOK_TIMING_SUMMARY] epoch=1
[HOOK_WORK_SUMMARY] label=mpi:recursive_doubling_zfp_online_coll:rate8 calls=1546 work_total_ms=8276.728 work_mean_ms=5.354 work_min_ms=2.360 work_max_ms=86.570
[HOOK_TAIL_SUMMARY] label=mpi:recursive_doubling_zfp_online_coll:rate8 steps=196 tail_total_ms=6499.537 tail_mean_ms=33.161 tail_min_ms=15.217 tail_max_ms=92.386
[Epoch 1] Hook timing summary done

[Epoch 2] Training... (lr at epoch start=0.180902)
  Batch [50/195] Loss: 2.2996, Acc: 10.81%, lr: 0.170425
  Batch [100/195] Loss: 2.2937, Acc: 11.59%, lr: 0.158125
  Batch [150/195] Loss: 2.2893, Acc: 12.04%, lr: 0.144319
[Epoch 2] Train Loss: 2.2840, Acc: 12.69%  |  Val Loss: 2.2637, Acc: 14.77%  |  Time: 13.5s
[Epoch 2] t_iter median: 53.46 ms  (fwd 7.27 | bwd+comm 42.75 | opt 3.31 | data 0.11)  |  train-only epoch: 10.8s
  -> Best model saved (14.77%)
[Epoch 2] Summarizing hook timing...

[HOOK_TIMING_SUMMARY] epoch=2
[HOOK_WORK_SUMMARY] label=mpi:recursive_doubling_zfp_online_coll:rate8 calls=1560 work_total_ms=8248.273 work_mean_ms=5.287 work_min_ms=2.381 work_max_ms=17.366
[HOOK_TAIL_SUMMARY] label=mpi:recursive_doubling_zfp_online_coll:rate8 steps=195 tail_total_ms=6487.798 tail_mean_ms=33.271 tail_min_ms=32.078 tail_max_ms=42.926
[Epoch 2] Hook timing summary done

[Epoch 3] Training... (lr at epoch start=0.130902)
  Batch [50/195] Loss: 2.2628, Acc: 14.88%, lr: 0.115246
  Batch [100/195] Loss: 2.2654, Acc: 14.75%, lr: 0.099194
  Batch [150/195] Loss: 2.2450, Acc: 15.12%, lr: 0.083164
[Epoch 3] Train Loss: 2.2246, Acc: 16.28%  |  Val Loss: 2.1759, Acc: 18.11%  |  Time: 13.5s
[Epoch 3] t_iter median: 53.26 ms  (fwd 7.28 | bwd+comm 42.56 | opt 3.31 | data 0.12)  |  train-only epoch: 10.7s
  -> Best model saved (18.11%)
[Epoch 3] Summarizing hook timing...

[HOOK_TIMING_SUMMARY] epoch=3
[HOOK_WORK_SUMMARY] label=mpi:recursive_doubling_zfp_online_coll:rate8 calls=1560 work_total_ms=8198.025 work_mean_ms=5.255 work_min_ms=2.244 work_max_ms=14.925
[HOOK_TAIL_SUMMARY] label=mpi:recursive_doubling_zfp_online_coll:rate8 steps=195 tail_total_ms=6421.467 tail_mean_ms=32.931 tail_min_ms=31.530 tail_max_ms=42.463
[Epoch 3] Hook timing summary done

[Epoch 4] Training... (lr at epoch start=0.069098)
  Batch [50/195] Loss: 2.1364, Acc: 19.00%, lr: 0.054242
  Batch [100/195] Loss: 2.1202, Acc: 19.41%, lr: 0.040572
  Batch [150/195] Loss: 2.1049, Acc: 19.98%, lr: 0.028440
[Epoch 4] Train Loss: 2.1036, Acc: 19.63%  |  Val Loss: 2.0481, Acc: 21.20%  |  Time: 13.7s
[Epoch 4] t_iter median: 53.69 ms  (fwd 7.28 | bwd+comm 42.80 | opt 3.47 | data 0.12)  |  train-only epoch: 10.8s
  -> Best model saved (21.20%)
[Epoch 4] Summarizing hook timing...

[HOOK_TIMING_SUMMARY] epoch=4
[HOOK_WORK_SUMMARY] label=mpi:recursive_doubling_zfp_online_coll:rate8 calls=1560 work_total_ms=8257.450 work_mean_ms=5.293 work_min_ms=2.294 work_max_ms=15.596
[HOOK_TAIL_SUMMARY] label=mpi:recursive_doubling_zfp_online_coll:rate8 steps=195 tail_total_ms=6502.536 tail_mean_ms=33.346 tail_min_ms=31.772 tail_max_ms=43.069
[Epoch 4] Hook timing summary done

[Epoch 5] Training... (lr at epoch start=0.019098)
  Batch [50/195] Loss: 2.0491, Acc: 22.12%, lr: 0.010717
  Batch [100/195] Loss: 2.0447, Acc: 22.50%, lr: 0.004649
  Batch [150/195] Loss: 2.0348, Acc: 22.65%, lr: 0.001049
[Epoch 5] Train Loss: 2.0314, Acc: 23.00%  |  Val Loss: 1.9841, Acc: 23.87%  |  Time: 13.6s
[Epoch 5] t_iter median: 53.46 ms  (fwd 7.29 | bwd+comm 42.57 | opt 3.47 | data 0.12)  |  train-only epoch: 10.8s
  -> Best model saved (23.87%)
[Epoch 5] Summarizing hook timing...

[HOOK_TIMING_SUMMARY] epoch=5
[HOOK_WORK_SUMMARY] label=mpi:recursive_doubling_zfp_online_coll:rate8 calls=1560 work_total_ms=8197.236 work_mean_ms=5.255 work_min_ms=2.369 work_max_ms=16.897
[HOOK_TAIL_SUMMARY] label=mpi:recursive_doubling_zfp_online_coll:rate8 steps=195 tail_total_ms=6434.092 tail_mean_ms=32.995 tail_min_ms=31.508 tail_max_ms=41.672
[Epoch 5] Hook timing summary done

================================================================================
Done in 74.3s | Best val acc: 23.87%
Epoch times (train+val): mean=13.7s  min=13.5s  max=14.5s
Train-only epoch time (epochs 2..N): median=10.78s  min=10.72s  max=10.84s
  -> use this for STRONG scaling (fixed global batch)
  -> use t_iter_median_ms from the CSV for WEAK scaling (fixed local batch)
================================================================================
=== Finished: model=wide_resnet50_2, dataset=cifar10, batch=32, lr=0.20, scheduler=cosine, backend=mpi, hook=recursive_doubling_zfp_online_coll, zfp_rate=8, status=0 at Wed Jul 22 03:30:30 PM UTC 2026 ===
=== Starting: model=wide_resnet50_2, ws=8, bs=32, gb=256, lr=0.20, sched=cosine, warmup=0, epochs=5, mom=0.9, wd=5e-4, nesterov=true, wd_bn_bias=false, backend=mpi, hook=default, zfp=none at Wed Jul 22 03:30:30 PM UTC 2026 ===

================================================================================
DISTRIBUTED TRAINING LAUNCHER
================================================================================
  Model:      wide_resnet50_2 (CIFAR stem) (from scratch)
  Dataset:    cifar10 (10 classes)
  Image size: 32
  LR:         0.2
  Momentum:   0.9 (nesterov=True)
  Optimizer:  sgd
  Weight dec: 0.0005 (on BN/bias=False)
  Backend:    mpi
  Algorithm:  default
  Epochs:     5
  Batch/rank: 32
  LR:         0.2
  Scheduler:  cosine
  Warmup:     0
  Grad clip:  None
  Drop last:  True
  Data dir:   ./data
================================================================================


================================================================================
DISTRIBUTED TRAINING LAUNCHER
================================================================================
  Model:      wide_resnet50_2 (CIFAR stem) (from scratch)
  Dataset:    cifar10 (10 classes)
  Image size: 32
  LR:         0.2
  Momentum:   0.9 (nesterov=True)
  Optimizer:  sgd
  Weight dec: 0.0005 (on BN/bias=False)
  Backend:    mpi
  Algorithm:  default
  Epochs:     5
  Batch/rank: 32
  LR:         0.2
  Scheduler:  cosine
  Warmup:     0
  Grad clip:  None
  Drop last:  True
  Data dir:   ./data
================================================================================


================================================================================
DISTRIBUTED TRAINING LAUNCHER
================================================================================
  Model:      wide_resnet50_2 (CIFAR stem) (from scratch)
  Dataset:    cifar10 (10 classes)
  Image size: 32
  LR:         0.2
  Momentum:   0.9 (nesterov=True)
  Optimizer:  sgd
  Weight dec: 0.0005 (on BN/bias=False)
  Backend:    mpi
  Algorithm:  default
  Epochs:     5
  Batch/rank: 32
  LR:         0.2
  Scheduler:  cosine
  Warmup:     0
  Grad clip:  None
  Drop last:  True
  Data dir:   ./data
================================================================================


================================================================================
DISTRIBUTED TRAINING LAUNCHER
================================================================================
  Model:      wide_resnet50_2 (CIFAR stem) (from scratch)
  Dataset:    cifar10 (10 classes)
  Image size: 32
  LR:         0.2
  Momentum:   0.9 (nesterov=True)
  Optimizer:  sgd
  Weight dec: 0.0005 (on BN/bias=False)
  Backend:    mpi
  Algorithm:  default
  Epochs:     5
  Batch/rank: 32
  LR:         0.2
  Scheduler:  cosine
  Warmup:     0
  Grad clip:  None
  Drop last:  True
  Data dir:   ./data
================================================================================


================================================================================
DISTRIBUTED TRAINING LAUNCHER
================================================================================
  Model:      wide_resnet50_2 (CIFAR stem) (from scratch)
  Dataset:    cifar10 (10 classes)
  Image size: 32
  LR:         0.2
  Momentum:   0.9 (nesterov=True)
  Optimizer:  sgd
  Weight dec: 0.0005 (on BN/bias=False)
  Backend:    mpi
  Algorithm:  default
  Epochs:     5

================================================================================
DISTRIBUTED TRAINING LAUNCHER
================================================================================
  Model:      wide_resnet50_2 (CIFAR stem) (from scratch)
  Dataset:    cifar10 (10 classes)
  Image size: 32
  LR:         0.2
  Momentum:   0.9 (nesterov=True)
  Optimizer:  sgd
  Weight dec: 0.0005 (on BN/bias=False)
  Backend:    mpi
  Algorithm:  default
  Batch/rank: 32
  LR:         0.2
  Scheduler:  cosine
  Warmup:     0
  Grad clip:  None
  Drop last:  True
  Data dir:   ./data
================================================================================

  Epochs:     5
  Batch/rank: 32
  LR:         0.2
  Scheduler:  cosine
  Warmup:     0
  Grad clip:  None
  Drop last:  True
  Data dir:   ./data
================================================================================


================================================================================
DISTRIBUTED TRAINING LAUNCHER
================================================================================
  Model:      wide_resnet50_2 (CIFAR stem) (from scratch)
  Dataset:    cifar10 (10 classes)
  Image size: 32
  LR:         0.2
  Momentum:   0.9 (nesterov=True)
  Optimizer:  sgd
  Weight dec: 0.0005 (on BN/bias=False)
  Backend:    mpi
  Algorithm:  default
  Epochs:     5
  Batch/rank: 32
  LR:         0.2
  Scheduler:  cosine
  Warmup:     0
  Grad clip:  None
  Drop last:  True
  Data dir:   ./data
================================================================================


================================================================================
DISTRIBUTED TRAINING LAUNCHER
================================================================================
  Model:      wide_resnet50_2 (CIFAR stem) (from scratch)
  Dataset:    cifar10 (10 classes)
  Image size: 32
  LR:         0.2
  Momentum:   0.9 (nesterov=True)
  Optimizer:  sgd
  Weight dec: 0.0005 (on BN/bias=False)
  Backend:    mpi
  Algorithm:  default
  Epochs:     5
  Batch/rank: 32
  LR:         0.2
  Scheduler:  cosine
  Warmup:     0
  Grad clip:  None
  Drop last:  True
  Data dir:   ./data
================================================================================


================================================================================
Distributed Training: WIDE_RESNET50_2 on CIFAR10
Backend: MPI, Algorithm: default
================================================================================
Ranks: 8, Epochs: 5, Batch/rank: 32, Effective batch: 256
LR: 0.2, Device: cuda:0

[Cache] Pretrained weights cache (TORCH_HOME) = /eagle/UIC-HPC/matilderestelli/pretrained_weights_cache
[Setup] Model on cuda:0, wrapped in DDP (static_graph=True)
[Setup] Hook registered: mpi/default
[Optim] SGD: lr=0.2 momentum=0.9 nesterov=True wd=0.0005 wd_on_bn_bias=False
[Optim]   group 0: 66,778,816 params, wd=0.0005
[Optim]   group 1: 68,234 params, wd=0.0
[Data] Train batches: 195, Val batches: 313

[Sched] cosine: steps/epoch=195, total_steps=975, warmup_steps=0 (0 epochs)


[Epoch 1] Training... (lr at epoch start=0.200000)
  Batch [50/195] Loss: 11.0617, Acc: 9.81%, lr: 0.198705
  Batch [100/195] Loss: 6.7149, Acc: 9.22%, lr: 0.194854
  Batch [150/195] Loss: 5.2791, Acc: 9.42%, lr: 0.188546
[Epoch 1] Train Loss: 4.6540, Acc: 9.82%  |  Val Loss: 2.4406, Acc: 9.97%  |  Time: 12.1s
[Epoch 1] t_iter median: 41.24 ms  (fwd 7.29 | bwd+comm 30.43 | opt 3.39 | data 0.12)  |  train-only epoch: 9.2s
  -> Best model saved (9.97%)
[Epoch 1] Summarizing hook timing...

[HOOK_TIMING_SUMMARY] epoch=1
[HOOK_WORK_SUMMARY] label=mpi:default calls=1546 work_total_ms=22780.734 work_mean_ms=14.735 work_min_ms=1.225 work_max_ms=119.489
[HOOK_TAIL_SUMMARY] label=mpi:default steps=196 tail_total_ms=4103.160 tail_mean_ms=20.934 tail_min_ms=4.706 tail_max_ms=119.733
[Epoch 1] Hook timing summary done

[Epoch 2] Training... (lr at epoch start=0.180902)
  Batch [50/195] Loss: 331285.6622, Acc: 10.19%, lr: 0.170425
  Batch [100/195] Loss: nan, Acc: 10.25%, lr: 0.158125
  Batch [150/195] Loss: nan, Acc: 10.08%, lr: 0.144319
[Epoch 2] Train Loss: nan, Acc: 10.18%  |  Val Loss: nan, Acc: 10.00%  |  Time: 11.2s
[Epoch 2] t_iter median: 41.59 ms  (fwd 7.27 | bwd+comm 30.98 | opt 3.23 | data 0.11)  |  train-only epoch: 8.4s
  WARNING: train_loss is nan — possible gradient explosion from hook bug. Check that hook divides by world_size exactly once.
  -> Best model saved (10.00%)
[Epoch 2] Summarizing hook timing...

[HOOK_TIMING_SUMMARY] epoch=2
[HOOK_WORK_SUMMARY] label=mpi:default calls=1560 work_total_ms=23942.061 work_mean_ms=15.347 work_min_ms=1.520 work_max_ms=24.359
[HOOK_TAIL_SUMMARY] label=mpi:default steps=195 tail_total_ms=4196.258 tail_mean_ms=21.519 tail_min_ms=16.774 tail_max_ms=22.442
[Epoch 2] Hook timing summary done

[Epoch 3] Training... (lr at epoch start=0.130902)
  Batch [50/195] Loss: nan, Acc: 10.12%, lr: 0.115246
  Batch [100/195] Loss: nan, Acc: 9.19%, lr: 0.099194
  Batch [150/195] Loss: nan, Acc: 9.35%, lr: 0.083164
[Epoch 3] Train Loss: nan, Acc: 9.18%  |  Val Loss: nan, Acc: 10.00%  |  Time: 11.1s
[Epoch 3] t_iter median: 41.35 ms  (fwd 7.27 | bwd+comm 30.79 | opt 3.19 | data 0.11)  |  train-only epoch: 8.4s
  WARNING: train_loss is nan — possible gradient explosion from hook bug. Check that hook divides by world_size exactly once.
[Epoch 3] Summarizing hook timing...

[HOOK_TIMING_SUMMARY] epoch=3
[HOOK_WORK_SUMMARY] label=mpi:default calls=1560 work_total_ms=23666.930 work_mean_ms=15.171 work_min_ms=1.378 work_max_ms=24.539
[HOOK_TAIL_SUMMARY] label=mpi:default steps=195 tail_total_ms=4132.909 tail_mean_ms=21.194 tail_min_ms=17.435 tail_max_ms=22.511
[Epoch 3] Hook timing summary done

[Epoch 4] Training... (lr at epoch start=0.069098)
  Batch [50/195] Loss: nan, Acc: 9.81%, lr: 0.054242
  Batch [100/195] Loss: nan, Acc: 10.22%, lr: 0.040572
  Batch [150/195] Loss: nan, Acc: 10.00%, lr: 0.028440
[Epoch 4] Train Loss: nan, Acc: 9.97%  |  Val Loss: nan, Acc: 10.00%  |  Time: 11.2s
[Epoch 4] t_iter median: 41.69 ms  (fwd 7.26 | bwd+comm 31.09 | opt 3.23 | data 0.07)  |  train-only epoch: 8.5s
  WARNING: train_loss is nan — possible gradient explosion from hook bug. Check that hook divides by world_size exactly once.
[Epoch 4] Summarizing hook timing...

[HOOK_TIMING_SUMMARY] epoch=4
[HOOK_WORK_SUMMARY] label=mpi:default calls=1560 work_total_ms=24260.668 work_mean_ms=15.552 work_min_ms=1.759 work_max_ms=32.455
[HOOK_TAIL_SUMMARY] label=mpi:default steps=195 tail_total_ms=4219.711 tail_mean_ms=21.640 tail_min_ms=20.752 tail_max_ms=30.152
[Epoch 4] Hook timing summary done

[Epoch 5] Training... (lr at epoch start=0.019098)
  Batch [50/195] Loss: nan, Acc: 9.44%, lr: 0.010717
  Batch [100/195] Loss: nan, Acc: 9.38%, lr: 0.004649
  Batch [150/195] Loss: nan, Acc: 9.48%, lr: 0.001049
[Epoch 5] Train Loss: nan, Acc: 9.66%  |  Val Loss: nan, Acc: 10.00%  |  Time: 11.3s
[Epoch 5] t_iter median: 42.00 ms  (fwd 7.26 | bwd+comm 31.44 | opt 3.22 | data 0.11)  |  train-only epoch: 8.5s
  WARNING: train_loss is nan — possible gradient explosion from hook bug. Check that hook divides by world_size exactly once.
[Epoch 5] Summarizing hook timing...

[HOOK_TIMING_SUMMARY] epoch=5
[HOOK_WORK_SUMMARY] label=mpi:default calls=1560 work_total_ms=24679.632 work_mean_ms=15.820 work_min_ms=1.325 work_max_ms=34.098
[HOOK_TAIL_SUMMARY] label=mpi:default steps=195 tail_total_ms=4292.736 tail_mean_ms=22.014 tail_min_ms=20.762 tail_max_ms=32.022
[Epoch 5] Hook timing summary done

================================================================================
Done in 58.8s | Best val acc: 10.00%
Epoch times (train+val): mean=11.4s  min=11.1s  max=12.1s
Train-only epoch time (epochs 2..N): median=8.45s  min=8.37s  max=8.52s
  -> use this for STRONG scaling (fixed global batch)
  -> use t_iter_median_ms from the CSV for WEAK scaling (fixed local batch)
================================================================================
=== Finished: model=wide_resnet50_2, dataset=cifar10, batch=32, lr=0.20, scheduler=cosine, backend=mpi, hook=default, zfp_rate=none, status=0 at Wed Jul 22 03:31:38 PM UTC 2026 ===
=== Starting: model=wide_resnet50_2, ws=8, bs=128, gb=1024, lr=0.80, sched=cosine, warmup=0, epochs=5, mom=0.9, wd=5e-4, nesterov=true, wd_bn_bias=false, backend=mpi, hook=none, zfp=none at Wed Jul 22 03:31:38 PM UTC 2026 ===

================================================================================
DISTRIBUTED TRAINING LAUNCHER
================================================================================
  Model:      wide_resnet50_2 (CIFAR stem) (from scratch)
  Dataset:    cifar10 (10 classes)
  Image size: 32
  LR:         0.8
  Momentum:   0.9 (nesterov=True)
  Optimizer:  sgd
  Weight dec: 0.0005 (on BN/bias=False)
  Backend:    mpi
  Algorithm:  built-in (no hook)
  Epochs:     5
  Batch/rank: 128
  LR:         0.8
  Scheduler:  cosine
  Warmup:     0
  Grad clip:  None
  Drop last:  True
  Data dir:   ./data
================================================================================


================================================================================
DISTRIBUTED TRAINING LAUNCHER
================================================================================
  Model:      wide_resnet50_2 (CIFAR stem) (from scratch)
  Dataset:    cifar10 (10 classes)
  Image size: 32
  LR:         0.8
  Momentum:   0.9 (nesterov=True)
  Optimizer:  sgd
  Weight dec: 0.0005 (on BN/bias=False)
  Backend:    mpi
  Algorithm:  built-in (no hook)
  Epochs:     5
  Batch/rank: 128
  LR:         0.8
  Scheduler:  cosine
  Warmup:     0
  Grad clip:  None
  Drop last:  True
  Data dir:   ./data
================================================================================


================================================================================
DISTRIBUTED TRAINING LAUNCHER
================================================================================
  Model:      wide_resnet50_2 (CIFAR stem) (from scratch)
  Dataset:    cifar10 (10 classes)
  Image size: 32
  LR:         0.8
  Momentum:   0.9 (nesterov=True)
  Optimizer:  sgd
  Weight dec: 0.0005 (on BN/bias=False)
  Backend:    mpi
  Algorithm:  built-in (no hook)
  Epochs:     5
  Batch/rank: 128
  LR:         0.8
  Scheduler:  cosine
  Warmup:     0
  Grad clip:  None
  Drop last:  True
  Data dir:   ./data
================================================================================


================================================================================
DISTRIBUTED TRAINING LAUNCHER
================================================================================
  Model:      wide_resnet50_2 (CIFAR stem) (from scratch)
  Dataset:    cifar10 (10 classes)
  Image size: 32
  LR:         0.8
  Momentum:   0.9 (nesterov=True)
  Optimizer:  sgd
  Weight dec: 0.0005 (on BN/bias=False)
  Backend:    mpi
  Algorithm:  built-in (no hook)
  Epochs:     5
  Batch/rank: 128
  LR:         0.8
  Scheduler:  cosine
  Warmup:     0
  Grad clip:  None
  Drop last:  True
  Data dir:   ./data
================================================================================


================================================================================
DISTRIBUTED TRAINING LAUNCHER
================================================================================
  Model:      wide_resnet50_2 (CIFAR stem) (from scratch)
  Dataset:    cifar10 (10 classes)
  Image size: 32
  LR:         0.8
  Momentum:   0.9 (nesterov=True)
  Optimizer:  sgd
  Weight dec: 0.0005 (on BN/bias=False)
  Backend:    mpi
  Algorithm:  built-in (no hook)
  Epochs:     5
  Batch/rank: 128
  LR:         0.8
  Scheduler:  cosine
  Warmup:     0
  Grad clip:  None
  Drop last:  True
  Data dir:   ./data
================================================================================


================================================================================
DISTRIBUTED TRAINING LAUNCHER
================================================================================
  Model:      wide_resnet50_2 (CIFAR stem) (from scratch)
  Dataset:    cifar10 (10 classes)
  Image size: 32
  LR:         0.8
  Momentum:   0.9 (nesterov=True)
  Optimizer:  sgd
  Weight dec: 0.0005 (on BN/bias=False)
  Backend:    mpi
  Algorithm:  built-in (no hook)
  Epochs:     5
  Batch/rank: 128
  LR:         0.8
  Scheduler:  cosine
  Warmup:     0
  Grad clip:  None
  Drop last:  True
  Data dir:   ./data
================================================================================


================================================================================
DISTRIBUTED TRAINING LAUNCHER
================================================================================
  Model:      wide_resnet50_2 (CIFAR stem) (from scratch)
  Dataset:    cifar10 (10 classes)
  Image size: 32
  LR:         0.8
  Momentum:   0.9 (nesterov=True)
  Optimizer:  sgd
  Weight dec: 0.0005 (on BN/bias=False)
  Backend:    mpi
  Algorithm:  built-in (no hook)
  Epochs:     5
  Batch/rank: 128
  LR:         0.8
  Scheduler:  cosine
  Warmup:     0
  Grad clip:  None
  Drop last:  True
  Data dir:   ./data
================================================================================


================================================================================
DISTRIBUTED TRAINING LAUNCHER
================================================================================
  Model:      wide_resnet50_2 (CIFAR stem) (from scratch)
  Dataset:    cifar10 (10 classes)
  Image size: 32
  LR:         0.8
  Momentum:   0.9 (nesterov=True)
  Optimizer:  sgd
  Weight dec: 0.0005 (on BN/bias=False)
  Backend:    mpi
  Algorithm:  built-in (no hook)
  Epochs:     5
  Batch/rank: 128
  LR:         0.8
  Scheduler:  cosine
  Warmup:     0
  Grad clip:  None
  Drop last:  True
  Data dir:   ./data
================================================================================


================================================================================
Distributed Training: WIDE_RESNET50_2 on CIFAR10
Backend: MPI, Algorithm: built-in (no hook)
================================================================================
Ranks: 8, Epochs: 5, Batch/rank: 128, Effective batch: 1024
LR: 0.8, Device: cuda:0

[Cache] Pretrained weights cache (TORCH_HOME) = /eagle/UIC-HPC/matilderestelli/pretrained_weights_cache
[Setup] Model on cuda:0, wrapped in DDP (static_graph=True)
[Setup] No hook — using DDP built-in MPI allreduce
[Optim] SGD: lr=0.8 momentum=0.9 nesterov=True wd=0.0005 wd_on_bn_bias=False
[Optim]   group 0: 66,778,816 params, wd=0.0005
[Optim]   group 1: 68,234 params, wd=0.0
[Data] Train batches: 48, Val batches: 79

[Sched] cosine: steps/epoch=48, total_steps=240, warmup_steps=0 (0 epochs)


[Epoch 1] Training... (lr at epoch start=0.800000)
[Epoch 1] Train Loss: 35.2188, Acc: 10.68%  |  Val Loss: 3.4359, Acc: 12.38%  |  Time: 7.6s
[Epoch 1] t_iter median: 73.30 ms  (fwd 23.53 | bwd+comm 46.67 | opt 2.97 | data 0.13)  |  train-only epoch: 5.2s
  -> Best model saved (12.38%)
[Epoch 1] Summarizing hook timing...
[HOOK_TIMING_SUMMARY] epoch=1 no hook timing samples
[Epoch 1] Hook timing summary done

[Epoch 2] Training... (lr at epoch start=0.723607)
[Epoch 2] Train Loss: 2.7725, Acc: 9.64%  |  Val Loss: 2.9210, Acc: 10.02%  |  Time: 6.1s
[Epoch 2] t_iter median: 73.34 ms  (fwd 23.39 | bwd+comm 46.87 | opt 2.97 | data 0.12)  |  train-only epoch: 3.8s
[Epoch 2] Summarizing hook timing...
[HOOK_TIMING_SUMMARY] epoch=2 no hook timing samples
[Epoch 2] Hook timing summary done

[Epoch 3] Training... (lr at epoch start=0.523607)
[Epoch 3] Train Loss: 25261485.7002, Acc: 10.40%  |  Val Loss: 564572451072725942272.0000, Acc: 10.00%  |  Time: 6.2s
[Epoch 3] t_iter median: 73.30 ms  (fwd 23.41 | bwd+comm 46.81 | opt 2.97 | data 0.12)  |  train-only epoch: 3.9s
[Epoch 3] Summarizing hook timing...
[HOOK_TIMING_SUMMARY] epoch=3 no hook timing samples
[Epoch 3] Hook timing summary done

[Epoch 4] Training... (lr at epoch start=0.276393)
[Epoch 4] Train Loss: 1215015451089695.2500, Acc: 10.60%  |  Val Loss: 108309797492579680256.0000, Acc: 10.00%  |  Time: 6.2s
[Epoch 4] t_iter median: 73.36 ms  (fwd 23.39 | bwd+comm 46.89 | opt 2.96 | data 0.12)  |  train-only epoch: 3.9s
[Epoch 4] Summarizing hook timing...
[HOOK_TIMING_SUMMARY] epoch=4 no hook timing samples
[Epoch 4] Hook timing summary done

[Epoch 5] Training... (lr at epoch start=0.076393)
[Epoch 5] Train Loss: 969020759080960.0000, Acc: 14.14%  |  Val Loss: 575660633826420.3750, Acc: 14.42%  |  Time: 6.2s
[Epoch 5] t_iter median: 73.52 ms  (fwd 23.39 | bwd+comm 46.92 | opt 2.97 | data 0.12)  |  train-only epoch: 3.9s
  -> Best model saved (14.42%)
[Epoch 5] Summarizing hook timing...
[HOOK_TIMING_SUMMARY] epoch=5 no hook timing samples
[Epoch 5] Hook timing summary done

================================================================================
Done in 34.1s | Best val acc: 14.42%
Epoch times (train+val): mean=6.5s  min=6.1s  max=7.6s
Train-only epoch time (epochs 2..N): median=3.88s  min=3.85s  max=3.90s
  -> use this for STRONG scaling (fixed global batch)
  -> use t_iter_median_ms from the CSV for WEAK scaling (fixed local batch)
================================================================================
=== Finished: model=wide_resnet50_2, dataset=cifar10, batch=128, lr=0.80, scheduler=cosine, backend=mpi, hook=none, zfp_rate=none, status=0 at Wed Jul 22 03:32:21 PM UTC 2026 ===
=== Starting: model=wide_resnet50_2, ws=8, bs=128, gb=1024, lr=0.80, sched=cosine, warmup=0, epochs=5, mom=0.9, wd=5e-4, nesterov=true, wd_bn_bias=false, backend=mpi, hook=ring, zfp=none at Wed Jul 22 03:32:21 PM UTC 2026 ===

================================================================================
DISTRIBUTED TRAINING LAUNCHER
================================================================================
  Model:      wide_resnet50_2 (CIFAR stem) (from scratch)
  Dataset:    cifar10 (10 classes)
  Image size: 32
  LR:         0.8
  Momentum:   0.9 (nesterov=True)
  Optimizer:  sgd
  Weight dec: 0.0005 (on BN/bias=False)
  Backend:    mpi
  Algorithm:  ring
  Epochs:     5
  Batch/rank: 128
  LR:         0.8
  Scheduler:  cosine
  Warmup:     0
  Grad clip:  None
  Drop last:  True
  Data dir:   ./data
================================================================================


================================================================================
DISTRIBUTED TRAINING LAUNCHER
================================================================================
  Model:      wide_resnet50_2 (CIFAR stem) (from scratch)
  Dataset:    cifar10 (10 classes)
  Image size: 32
  LR:         0.8
  Momentum:   0.9 (nesterov=True)
  Optimizer:  sgd
  Weight dec: 0.0005 (on BN/bias=False)
  Backend:    mpi
  Algorithm:  ring
  Epochs:     5
  Batch/rank: 128
  LR:         0.8
  Scheduler:  cosine
  Warmup:     0
  Grad clip:  None
  Drop last:  True
  Data dir:   ./data
================================================================================


================================================================================
DISTRIBUTED TRAINING LAUNCHER
================================================================================
  Model:      wide_resnet50_2 (CIFAR stem) (from scratch)
  Dataset:    cifar10 (10 classes)
  Image size: 32
  LR:         0.8
  Momentum:   0.9 (nesterov=True)
  Optimizer:  sgd
  Weight dec: 0.0005 (on BN/bias=False)
  Backend:    mpi
  Algorithm:  ring
  Epochs:     5
  Batch/rank: 128
  LR:         0.8
  Scheduler:  cosine
  Warmup:     0
  Grad clip:  None
  Drop last:  True
  Data dir:   ./data
================================================================================


================================================================================
DISTRIBUTED TRAINING LAUNCHER
================================================================================
  Model:      wide_resnet50_2 (CIFAR stem) (from scratch)
  Dataset:    cifar10 (10 classes)
  Image size: 32
  LR:         0.8
  Momentum:   0.9 (nesterov=True)
  Optimizer:  sgd
  Weight dec: 0.0005 (on BN/bias=False)
  Backend:    mpi
  Algorithm:  ring
  Epochs:     5
  Batch/rank: 128
  LR:         0.8
  Scheduler:  cosine
  Warmup:     0
  Grad clip:  None
  Drop last:  True
  Data dir:   ./data
================================================================================


================================================================================
DISTRIBUTED TRAINING LAUNCHER
================================================================================
  Model:      wide_resnet50_2 (CIFAR stem) (from scratch)
  Dataset:    cifar10 (10 classes)
  Image size: 32
  LR:         0.8
  Momentum:   0.9 (nesterov=True)
  Optimizer:  sgd
  Weight dec: 0.0005 (on BN/bias=False)
  Backend:    mpi
  Algorithm:  ring
  Epochs:     5
  Batch/rank: 128
  LR:         0.8
  Scheduler:  cosine
  Warmup:     0
  Grad clip:  None
  Drop last:  True
  Data dir:   ./data
================================================================================


================================================================================
DISTRIBUTED TRAINING LAUNCHER
================================================================================
  Model:      wide_resnet50_2 (CIFAR stem) (from scratch)
  Dataset:    cifar10 (10 classes)
  Image size: 32
  LR:         0.8
  Momentum:   0.9 (nesterov=True)
  Optimizer:  sgd
  Weight dec: 0.0005 (on BN/bias=False)
  Backend:    mpi
  Algorithm:  ring
  Epochs:     5
  Batch/rank: 128
  LR:         0.8
  Scheduler:  cosine
  Warmup:     0
  Grad clip:  None
  Drop last:  True
  Data dir:   ./data
================================================================================


================================================================================
DISTRIBUTED TRAINING LAUNCHER
================================================================================
  Model:      wide_resnet50_2 (CIFAR stem) (from scratch)
  Dataset:    cifar10 (10 classes)
  Image size: 32
  LR:         0.8
  Momentum:   0.9 (nesterov=True)
  Optimizer:  sgd
  Weight dec: 0.0005 (on BN/bias=False)
  Backend:    mpi
  Algorithm:  ring
  Epochs:     5
  Batch/rank: 128
  LR:         0.8
  Scheduler:  cosine
  Warmup:     0
  Grad clip:  None
  Drop last:  True
  Data dir:   ./data
================================================================================


================================================================================
DISTRIBUTED TRAINING LAUNCHER
================================================================================
  Model:      wide_resnet50_2 (CIFAR stem) (from scratch)
  Dataset:    cifar10 (10 classes)
  Image size: 32
  LR:         0.8
  Momentum:   0.9 (nesterov=True)
  Optimizer:  sgd
  Weight dec: 0.0005 (on BN/bias=False)
  Backend:    mpi
  Algorithm:  ring
  Epochs:     5
  Batch/rank: 128
  LR:         0.8
  Scheduler:  cosine
  Warmup:     0
  Grad clip:  None
  Drop last:  True
  Data dir:   ./data
================================================================================


================================================================================
Distributed Training: WIDE_RESNET50_2 on CIFAR10
Backend: MPI, Algorithm: ring
================================================================================
Ranks: 8, Epochs: 5, Batch/rank: 128, Effective batch: 1024
LR: 0.8, Device: cuda:0

[Cache] Pretrained weights cache (TORCH_HOME) = /eagle/UIC-HPC/matilderestelli/pretrained_weights_cache
[Setup] Model on cuda:0, wrapped in DDP (static_graph=True)
[Setup] Hook registered: mpi/ring
[Optim] SGD: lr=0.8 momentum=0.9 nesterov=True wd=0.0005 wd_on_bn_bias=False
[Optim]   group 0: 66,778,816 params, wd=0.0005
[Optim]   group 1: 68,234 params, wd=0.0
[Data] Train batches: 48, Val batches: 79

[Sched] cosine: steps/epoch=48, total_steps=240, warmup_steps=0 (0 epochs)


[Epoch 1] Training... (lr at epoch start=0.800000)
[Epoch 1] Train Loss: 14.6171, Acc: 9.91%  |  Val Loss: 3.3160, Acc: 10.00%  |  Time: 9.3s
[Epoch 1] t_iter median: 107.69 ms  (fwd 23.68 | bwd+comm 80.38 | opt 3.51 | data 0.09)  |  train-only epoch: 6.9s
  -> Best model saved (10.00%)
[Epoch 1] Summarizing hook timing...

[HOOK_TIMING_SUMMARY] epoch=1
[HOOK_WORK_SUMMARY] label=mpi:ring calls=370 work_total_ms=4709.134 work_mean_ms=12.727 work_min_ms=2.645 work_max_ms=206.801
[HOOK_TAIL_SUMMARY] label=mpi:ring steps=49 tail_total_ms=4387.152 tail_mean_ms=89.534 tail_min_ms=70.740 tail_max_ms=207.817
[Epoch 1] Hook timing summary done

[Epoch 2] Training... (lr at epoch start=0.723607)
[Epoch 2] Train Loss: 2.3049, Acc: 9.78%  |  Val Loss: 2.3616, Acc: 10.01%  |  Time: 7.8s
[Epoch 2] t_iter median: 107.75 ms  (fwd 23.64 | bwd+comm 80.70 | opt 3.28 | data 0.14)  |  train-only epoch: 5.5s
  -> Best model saved (10.01%)
[Epoch 2] Summarizing hook timing...

[HOOK_TIMING_SUMMARY] epoch=2
[HOOK_WORK_SUMMARY] label=mpi:ring calls=384 work_total_ms=4613.176 work_mean_ms=12.013 work_min_ms=2.646 work_max_ms=73.201
[HOOK_TAIL_SUMMARY] label=mpi:ring steps=48 tail_total_ms=4185.044 tail_mean_ms=87.188 tail_min_ms=68.795 tail_max_ms=98.276
[Epoch 2] Hook timing summary done

[Epoch 3] Training... (lr at epoch start=0.523607)
[Epoch 3] Train Loss: 2.3036, Acc: 10.01%  |  Val Loss: 2.3490, Acc: 10.00%  |  Time: 7.8s
[Epoch 3] t_iter median: 107.74 ms  (fwd 23.65 | bwd+comm 80.54 | opt 3.42 | data 0.12)  |  train-only epoch: 5.5s
[Epoch 3] Summarizing hook timing...

[HOOK_TIMING_SUMMARY] epoch=3
[HOOK_WORK_SUMMARY] label=mpi:ring calls=384 work_total_ms=4607.821 work_mean_ms=12.000 work_min_ms=2.676 work_max_ms=72.955
[HOOK_TAIL_SUMMARY] label=mpi:ring steps=48 tail_total_ms=4193.513 tail_mean_ms=87.365 tail_min_ms=81.733 tail_max_ms=98.118
[Epoch 3] Hook timing summary done

[Epoch 4] Training... (lr at epoch start=0.276393)
[Epoch 4] Train Loss: 2.3029, Acc: 10.16%  |  Val Loss: 2.5232, Acc: 10.01%  |  Time: 7.9s
[Epoch 4] t_iter median: 107.81 ms  (fwd 23.65 | bwd+comm 80.77 | opt 3.29 | data 0.13)  |  train-only epoch: 5.5s
[Epoch 4] Summarizing hook timing...

[HOOK_TIMING_SUMMARY] epoch=4
[HOOK_WORK_SUMMARY] label=mpi:ring calls=384 work_total_ms=4626.420 work_mean_ms=12.048 work_min_ms=2.684 work_max_ms=72.293
[HOOK_TAIL_SUMMARY] label=mpi:ring steps=48 tail_total_ms=4192.505 tail_mean_ms=87.344 tail_min_ms=82.496 tail_max_ms=97.110
[Epoch 4] Hook timing summary done

[Epoch 5] Training... (lr at epoch start=0.076393)
[Epoch 5] Train Loss: 2.3023, Acc: 11.10%  |  Val Loss: 3.2352, Acc: 9.95%  |  Time: 7.8s
[Epoch 5] t_iter median: 107.80 ms  (fwd 23.65 | bwd+comm 80.75 | opt 3.28 | data 0.13)  |  train-only epoch: 5.6s
[Epoch 5] Summarizing hook timing...

[HOOK_TIMING_SUMMARY] epoch=5
[HOOK_WORK_SUMMARY] label=mpi:ring calls=384 work_total_ms=4627.817 work_mean_ms=12.052 work_min_ms=2.669 work_max_ms=73.291
[HOOK_TAIL_SUMMARY] label=mpi:ring steps=48 tail_total_ms=4201.195 tail_mean_ms=87.525 tail_min_ms=85.466 tail_max_ms=97.486
[Epoch 5] Hook timing summary done

================================================================================
Done in 42.4s | Best val acc: 10.01%
Epoch times (train+val): mean=8.1s  min=7.8s  max=9.3s
Train-only epoch time (epochs 2..N): median=5.54s  min=5.52s  max=5.55s
  -> use this for STRONG scaling (fixed global batch)
  -> use t_iter_median_ms from the CSV for WEAK scaling (fixed local batch)
================================================================================
=== Finished: model=wide_resnet50_2, dataset=cifar10, batch=128, lr=0.80, scheduler=cosine, backend=mpi, hook=ring, zfp_rate=none, status=0 at Wed Jul 22 03:33:13 PM UTC 2026 ===
=== Job started: Wed Jul 22 03:46:43 PM UTC 2026 ===
=== Node: x3103c0s7b1n0 ===
[INFO] GTL preloaded: /opt/cray/pe/mpich/9.0.1/ofi/nvidia/23.3/lib/libmpi_gtl_cuda.so
=============================================
  Polaris DDP + Eagle PyTorch + Cray MPICH
=============================================
Node              : x3103c0s7b1n0
ZFP_HOME          : /home/mrest/mpiAllReduceCompressed/zfp-install
GTL               : /opt/cray/pe/mpich/9.0.1/ofi/nvidia/23.3/lib/libmpi_gtl_cuda.so
MPICH_GPU_SUPPORT : 1

PyTorch version   : 2.8.0a0+gitba56102
PyTorch location  : /lus/eagle/projects/UIC-HPC/mrest/pytorch_mpi_build/src/pytorch/torch/__init__.py
CUDA available    : True 4
MPI available     : True
mpi4py            : MPI VERSION    : CRAY MPICH version 9.0.1.498 (ANL base 4.1.2)
mpi4py rank test  : rank 0 OK
=============================================
MASTER_ADDR=x3103c0s7b1n0.hsn.cm.polaris.alcf.anl.gov
MASTER_PORT=29500
python 3.12.11 | packaged by conda-forge | (main, Jun  4 2025, 14:45:31) [GCC 13.3.0]
torchvision._C spec: ModuleSpec(name='torchvision._C', loader=<_frozen_importlib_external.ExtensionFileLoader object at 0x1466b5f57260>, origin='/soft/applications/conda/2025-09-28/mconda3/lib/python3.12/site-packages/torchvision/_C.so')
origin: /soft/applications/conda/2025-09-28/mconda3/lib/python3.12/site-packages/torchvision/_C.so
=== Starting: model=wide_resnet50_2, ws=8, bs=128, gb=1024, lr=0.80, sched=cosine, warmup=0, epochs=5, mom=0.9, wd=5e-4, nesterov=true, wd_bn_bias=false, backend=mpi, hook=ring_zfp_naive, zfp=16 at Wed Jul 22 03:47:31 PM UTC 2026 ===

================================================================================
DISTRIBUTED TRAINING LAUNCHER
================================================================================
  Model:      wide_resnet50_2 (CIFAR stem) (from scratch)
  Dataset:    cifar10 (10 classes)
  Image size: 32
  LR:         0.8
  Momentum:   0.9 (nesterov=True)
  Optimizer:  sgd
  Weight dec: 0.0005 (on BN/bias=False)
  Backend:    mpi
  Algorithm:  ring_zfp_naive
  ZFP rate:   16
  Epochs:     5

================================================================================
DISTRIBUTED TRAINING LAUNCHER
================================================================================
  Model:      wide_resnet50_2 (CIFAR stem) (from scratch)
  Dataset:    cifar10 (10 classes)
  Image size: 32
  LR:         0.8
  Momentum:   0.9 (nesterov=True)
  Optimizer:  sgd
  Weight dec: 0.0005 (on BN/bias=False)
  Backend:    mpi
  Algorithm:  ring_zfp_naive
  ZFP rate:   16
  Epochs:     5
  Batch/rank: 128
  LR:         0.8
  Scheduler:  cosine
  Warmup:     0
  Grad clip:  None
  Drop last:  True
  Data dir:   ./data
================================================================================


================================================================================
DISTRIBUTED TRAINING LAUNCHER
================================================================================
  Model:      wide_resnet50_2 (CIFAR stem) (from scratch)
  Dataset:    cifar10 (10 classes)
  Image size: 32
  LR:         0.8
  Momentum:   0.9 (nesterov=True)
  Optimizer:  sgd
  Weight dec: 0.0005 (on BN/bias=False)
  Backend:    mpi
  Algorithm:  ring_zfp_naive
  ZFP rate:   16
  Epochs:     5
  Batch/rank: 128
  LR:         0.8
  Scheduler:  cosine
  Warmup:     0
  Grad clip:  None
  Drop last:  True
  Data dir:   ./data
================================================================================


================================================================================
DISTRIBUTED TRAINING LAUNCHER
================================================================================
  Model:      wide_resnet50_2 (CIFAR stem) (from scratch)
  Dataset:    cifar10 (10 classes)
  Image size: 32
  LR:         0.8
  Momentum:   0.9 (nesterov=True)
  Optimizer:  sgd
  Weight dec: 0.0005 (on BN/bias=False)
  Backend:    mpi
  Algorithm:  ring_zfp_naive
  ZFP rate:   16
  Epochs:     5
  Batch/rank: 128
  LR:         0.8
  Scheduler:  cosine
  Warmup:     0
  Grad clip:  None
  Drop last:  True
  Data dir:   ./data
================================================================================

  Batch/rank: 128
  LR:         0.8
  Scheduler:  cosine
  Warmup:     0
  Grad clip:  None
  Drop last:  True
  Data dir:   ./data
================================================================================


================================================================================
DISTRIBUTED TRAINING LAUNCHER
================================================================================
  Model:      wide_resnet50_2 (CIFAR stem) (from scratch)
  Dataset:    cifar10 (10 classes)
  Image size: 32
  LR:         0.8
  Momentum:   0.9 (nesterov=True)
  Optimizer:  sgd
  Weight dec: 0.0005 (on BN/bias=False)
  Backend:    mpi
  Algorithm:  ring_zfp_naive
================================================================================
DISTRIBUTED TRAINING LAUNCHER
================================================================================
  Model:      wide_resnet50_2 (CIFAR stem) (from scratch)
  Dataset:    cifar10 (10 classes)
  Image size: 32
  LR:         0.8
  Momentum:   0.9 (nesterov=True)
  Optimizer:  sgd
  Weight dec: 0.0005 (on BN/bias=False)
  Backend:    mpi
  Algorithm:  ring_zfp_naive
  ZFP rate:   16
  Epochs:     5
  Batch/rank: 128
  LR:         0.8
  Scheduler:  cosine
  Warmup:     0
  Grad clip:  None
  Drop last:  True
  Data dir:   ./data
================================================================================


================================================================================
DISTRIBUTED TRAINING LAUNCHER
================================================================================
  Model:      wide_resnet50_2 (CIFAR stem) (from scratch)
  Dataset:    cifar10 (10 classes)
  Image size: 32
  LR:         0.8
  Momentum:   0.9 (nesterov=True)
  Optimizer:  sgd
  Weight dec: 0.0005 (on BN/bias=False)
  Backend:    mpi
  Algorithm:  ring_zfp_naive
  ZFP rate:   16
  Epochs:     5
  Batch/rank: 128
  LR:         0.8
  Scheduler:  cosine
  Warmup:     0
  Grad clip:  None
  Drop last:  True
  Data dir:   ./data
================================================================================


================================================================================
DISTRIBUTED TRAINING LAUNCHER
================================================================================
  Model:      wide_resnet50_2 (CIFAR stem) (from scratch)
  Dataset:    cifar10 (10 classes)
  Image size: 32
  LR:         0.8
  Momentum:   0.9 (nesterov=True)
  Optimizer:  sgd
  Weight dec: 0.0005 (on BN/bias=False)
  Backend:    mpi
  Algorithm:  ring_zfp_naive
  ZFP rate:   16
  Epochs:     5
  Batch/rank: 128
  LR:         0.8
  Scheduler:  cosine
  Warmup:     0
  Grad clip:  None
  Drop last:  True
  Data dir:   ./data
================================================================================


  ZFP rate:   16
  Epochs:     5
  Batch/rank: 128
  LR:         0.8
  Scheduler:  cosine
  Warmup:     0
  Grad clip:  None
  Drop last:  True
  Data dir:   ./data
================================================================================


================================================================================
Distributed Training: WIDE_RESNET50_2 on CIFAR10
Backend: MPI, Algorithm: ring_zfp_naive
================================================================================
Ranks: 8, Epochs: 5, Batch/rank: 128, Effective batch: 1024
LR: 0.8, Device: cuda:0

[Cache] Pretrained weights cache (TORCH_HOME) = /eagle/UIC-HPC/matilderestelli/pretrained_weights_cache
[Setup] Model on cuda:0, wrapped in DDP (static_graph=True)
[Setup] Hook registered: mpi/ring_zfp_naive
[Optim] SGD: lr=0.8 momentum=0.9 nesterov=True wd=0.0005 wd_on_bn_bias=False
[Optim]   group 0: 66,778,816 params, wd=0.0005
[Optim]   group 1: 68,234 params, wd=0.0
[Data] Train batches: 48, Val batches: 79

[Sched] cosine: steps/epoch=48, total_steps=240, warmup_steps=0 (0 epochs)


[Epoch 1] Training... (lr at epoch start=0.800000)
[Epoch 1] Train Loss: 15.9706, Acc: 9.85%  |  Val Loss: 2.6958, Acc: 11.33%  |  Time: 12.7s
[Epoch 1] t_iter median: 117.59 ms  (fwd 23.47 | bwd+comm 90.69 | opt 3.28 | data 0.09)  |  train-only epoch: 10.2s
  -> Best model saved (11.33%)
[Epoch 1] Summarizing hook timing...

[HOOK_TIMING_SUMMARY] epoch=1
[HOOK_WORK_SUMMARY] label=mpi:ring_zfp_naive:rate16 calls=370 work_total_ms=5009.132 work_mean_ms=13.538 work_min_ms=4.143 work_max_ms=68.484
[HOOK_TAIL_SUMMARY] label=mpi:ring_zfp_naive:rate16 steps=49 tail_total_ms=4670.071 tail_mean_ms=95.308 tail_min_ms=56.192 tail_max_ms=134.552
[Epoch 1] Hook timing summary done

[Epoch 2] Training... (lr at epoch start=0.723607)
[Epoch 2] Train Loss: 2.3051, Acc: 9.77%  |  Val Loss: 2.3035, Acc: 10.00%  |  Time: 8.2s
[Epoch 2] t_iter median: 117.42 ms  (fwd 23.44 | bwd+comm 90.51 | opt 3.32 | data 0.09)  |  train-only epoch: 6.0s
[Epoch 2] Summarizing hook timing...

[HOOK_TIMING_SUMMARY] epoch=2
[HOOK_WORK_SUMMARY] label=mpi:ring_zfp_naive:rate16 calls=384 work_total_ms=5069.981 work_mean_ms=13.203 work_min_ms=4.136 work_max_ms=73.918
[HOOK_TAIL_SUMMARY] label=mpi:ring_zfp_naive:rate16 steps=48 tail_total_ms=4632.774 tail_mean_ms=96.516 tail_min_ms=80.592 tail_max_ms=108.302
[Epoch 2] Hook timing summary done

[Epoch 3] Training... (lr at epoch start=0.523607)
[Epoch 3] Train Loss: 2.3036, Acc: 10.04%  |  Val Loss: 2.3028, Acc: 10.00%  |  Time: 8.3s
[Epoch 3] t_iter median: 117.36 ms  (fwd 23.43 | bwd+comm 90.53 | opt 3.28 | data 0.12)  |  train-only epoch: 6.0s
[Epoch 3] Summarizing hook timing...

[HOOK_TIMING_SUMMARY] epoch=3
[HOOK_WORK_SUMMARY] label=mpi:ring_zfp_naive:rate16 calls=384 work_total_ms=5109.377 work_mean_ms=13.306 work_min_ms=4.090 work_max_ms=93.592
[HOOK_TAIL_SUMMARY] label=mpi:ring_zfp_naive:rate16 steps=48 tail_total_ms=4685.770 tail_mean_ms=97.620 tail_min_ms=95.892 tail_max_ms=126.748
[Epoch 3] Hook timing summary done

[Epoch 4] Training... (lr at epoch start=0.276393)
[Epoch 4] Train Loss: 2.3029, Acc: 10.12%  |  Val Loss: 2.3044, Acc: 10.00%  |  Time: 8.3s
[Epoch 4] t_iter median: 117.54 ms  (fwd 23.42 | bwd+comm 90.67 | opt 3.29 | data 0.08)  |  train-only epoch: 6.0s
[Epoch 4] Summarizing hook timing...

[HOOK_TIMING_SUMMARY] epoch=4
[HOOK_WORK_SUMMARY] label=mpi:ring_zfp_naive:rate16 calls=384 work_total_ms=5099.424 work_mean_ms=13.280 work_min_ms=4.155 work_max_ms=78.852
[HOOK_TAIL_SUMMARY] label=mpi:ring_zfp_naive:rate16 steps=48 tail_total_ms=4679.409 tail_mean_ms=97.488 tail_min_ms=96.170 tail_max_ms=110.015
[Epoch 4] Hook timing summary done

[Epoch 5] Training... (lr at epoch start=0.076393)
[Epoch 5] Train Loss: 2.3022, Acc: 11.12%  |  Val Loss: 2.3377, Acc: 10.07%  |  Time: 8.3s
[Epoch 5] t_iter median: 117.49 ms  (fwd 23.43 | bwd+comm 90.60 | opt 3.30 | data 0.13)  |  train-only epoch: 6.0s
[Epoch 5] Summarizing hook timing...

[HOOK_TIMING_SUMMARY] epoch=5
[HOOK_WORK_SUMMARY] label=mpi:ring_zfp_naive:rate16 calls=384 work_total_ms=5085.923 work_mean_ms=13.245 work_min_ms=4.180 work_max_ms=92.240
[HOOK_TAIL_SUMMARY] label=mpi:ring_zfp_naive:rate16 steps=48 tail_total_ms=4657.517 tail_mean_ms=97.032 tail_min_ms=95.387 tail_max_ms=126.288
[Epoch 5] Hook timing summary done

================================================================================
Done in 46.7s | Best val acc: 11.33%
Epoch times (train+val): mean=9.2s  min=8.2s  max=12.7s
Train-only epoch time (epochs 2..N): median=6.00s  min=5.96s  max=6.02s
  -> use this for STRONG scaling (fixed global batch)
  -> use t_iter_median_ms from the CSV for WEAK scaling (fixed local batch)
================================================================================
=== Finished: model=wide_resnet50_2, dataset=cifar10, batch=128, lr=0.80, scheduler=cosine, backend=mpi, hook=ring_zfp_naive, zfp_rate=16, status=0 at Wed Jul 22 03:48:50 PM UTC 2026 ===
=== Starting: model=wide_resnet50_2, ws=8, bs=128, gb=1024, lr=0.80, sched=cosine, warmup=0, epochs=5, mom=0.9, wd=5e-4, nesterov=true, wd_bn_bias=false, backend=mpi, hook=ring_zfp_online_coll, zfp=16 at Wed Jul 22 03:48:50 PM UTC 2026 ===

================================================================================
DISTRIBUTED TRAINING LAUNCHER
================================================================================
  Model:      wide_resnet50_2 (CIFAR stem) (from scratch)
  Dataset:    cifar10 (10 classes)
  Image size: 32
  LR:         0.8
  Momentum:   0.9 (nesterov=True)
  Optimizer:  sgd
  Weight dec: 0.0005 (on BN/bias=False)
  Backend:    mpi
  Algorithm:  ring_zfp_online_coll
  ZFP rate:   16
  Epochs:     5
  Batch/rank: 128
  LR:         0.8
  Scheduler:  cosine
  Warmup:     0
  Grad clip:  None
  Drop last:  True
  Data dir:   ./data
================================================================================


================================================================================
DISTRIBUTED TRAINING LAUNCHER
================================================================================
  Model:      wide_resnet50_2 (CIFAR stem) (from scratch)
  Dataset:    cifar10 (10 classes)
  Image size: 32
  LR:         0.8
  Momentum:   0.9 (nesterov=True)
  Optimizer:  sgd
  Weight dec: 0.0005 (on BN/bias=False)
  Backend:    mpi
  Algorithm:  ring_zfp_online_coll
  ZFP rate:   16
  Epochs:     5
  Batch/rank: 128
  LR:         0.8
  Scheduler:  cosine
  Warmup:     0
  Grad clip:  None
  Drop last:  True
  Data dir:   ./data
================================================================================


================================================================================
DISTRIBUTED TRAINING LAUNCHER
================================================================================
  Model:      wide_resnet50_2 (CIFAR stem) (from scratch)
  Dataset:    cifar10 (10 classes)
  Image size: 32
  LR:         0.8
  Momentum:   0.9 (nesterov=True)
  Optimizer:  sgd
  Weight dec: 0.0005 (on BN/bias=False)
  Backend:    mpi
  Algorithm:  ring_zfp_online_coll
  ZFP rate:   16
  Epochs:     5
  Batch/rank: 128
  LR:         0.8
  Scheduler:  cosine
  Warmup:     0
  Grad clip:  None
  Drop last:  True
  Data dir:   ./data
================================================================================


================================================================================
DISTRIBUTED TRAINING LAUNCHER
================================================================================
  Model:      wide_resnet50_2 (CIFAR stem) (from scratch)
  Dataset:    cifar10 (10 classes)
  Image size: 32
  LR:         0.8
  Momentum:   0.9 (nesterov=True)
  Optimizer:  sgd
  Weight dec: 0.0005 (on BN/bias=False)
  Backend:    mpi
  Algorithm:  ring_zfp_online_coll
  ZFP rate:   16
  Epochs:     5
  Batch/rank: 128
  LR:         0.8
  Scheduler:  cosine
  Warmup:     0
  Grad clip:  None
  Drop last:  True
  Data dir:   ./data
================================================================================


================================================================================
DISTRIBUTED TRAINING LAUNCHER
================================================================================
  Model:      wide_resnet50_2 (CIFAR stem) (from scratch)
  Dataset:    cifar10 (10 classes)
  Image size: 32
  LR:         0.8
  Momentum:   0.9 (nesterov=True)
  Optimizer:  sgd
  Weight dec: 0.0005 (on BN/bias=False)
  Backend:    mpi
  Algorithm:  ring_zfp_online_coll
  ZFP rate:   16
  Epochs:     5
  Batch/rank: 128
  LR:         0.8
  Scheduler:  cosine
  Warmup:     0
  Grad clip:  None
  Drop last:  True
  Data dir:   ./data
================================================================================


================================================================================
DISTRIBUTED TRAINING LAUNCHER
================================================================================
  Model:      wide_resnet50_2 (CIFAR stem) (from scratch)
  Dataset:    cifar10 (10 classes)
  Image size: 32
  LR:         0.8
  Momentum:   0.9 (nesterov=True)
  Optimizer:  sgd
  Weight dec: 0.0005 (on BN/bias=False)
  Backend:    mpi
  Algorithm:  ring_zfp_online_coll
  ZFP rate:   16
  Epochs:     5
  Batch/rank: 128
  LR:         0.8
  Scheduler:  cosine
  Warmup:     0
  Grad clip:  None
  Drop last:  True
  Data dir:   ./data
================================================================================


================================================================================
DISTRIBUTED TRAINING LAUNCHER
================================================================================
  Model:      wide_resnet50_2 (CIFAR stem) (from scratch)
  Dataset:    cifar10 (10 classes)
  Image size: 32
  LR:         0.8
  Momentum:   0.9 (nesterov=True)
  Optimizer:  sgd
  Weight dec: 0.0005 (on BN/bias=False)
  Backend:    mpi
  Algorithm:  ring_zfp_online_coll
  ZFP rate:   16
  Epochs:     5
  Batch/rank: 128
  LR:         0.8
  Scheduler:  cosine
  Warmup:     0
  Grad clip:  None
  Drop last:  True
  Data dir:   ./data
================================================================================


================================================================================
DISTRIBUTED TRAINING LAUNCHER
================================================================================
  Model:      wide_resnet50_2 (CIFAR stem) (from scratch)
  Dataset:    cifar10 (10 classes)
  Image size: 32
  LR:         0.8
  Momentum:   0.9 (nesterov=True)
  Optimizer:  sgd
  Weight dec: 0.0005 (on BN/bias=False)
  Backend:    mpi
  Algorithm:  ring_zfp_online_coll
  ZFP rate:   16
  Epochs:     5
  Batch/rank: 128
  LR:         0.8
  Scheduler:  cosine
  Warmup:     0
  Grad clip:  None
  Drop last:  True
  Data dir:   ./data
================================================================================


================================================================================
Distributed Training: WIDE_RESNET50_2 on CIFAR10
Backend: MPI, Algorithm: ring_zfp_online_coll
================================================================================
Ranks: 8, Epochs: 5, Batch/rank: 128, Effective batch: 1024
LR: 0.8, Device: cuda:0

[Cache] Pretrained weights cache (TORCH_HOME) = /eagle/UIC-HPC/matilderestelli/pretrained_weights_cache
[Setup] Model on cuda:0, wrapped in DDP (static_graph=True)
[Setup] Hook registered: mpi/ring_zfp_online_coll
[Optim] SGD: lr=0.8 momentum=0.9 nesterov=True wd=0.0005 wd_on_bn_bias=False
[Optim]   group 0: 66,778,816 params, wd=0.0005
[Optim]   group 1: 68,234 params, wd=0.0
[Data] Train batches: 48, Val batches: 79

[Sched] cosine: steps/epoch=48, total_steps=240, warmup_steps=0 (0 epochs)


[Epoch 1] Training... (lr at epoch start=0.800000)
[Epoch 1] Train Loss: 15.6149, Acc: 10.56%  |  Val Loss: 2.3059, Acc: 10.18%  |  Time: 8.7s
[Epoch 1] t_iter median: 99.49 ms  (fwd 23.44 | bwd+comm 72.66 | opt 3.25 | data 0.11)  |  train-only epoch: 6.4s
  -> Best model saved (10.18%)
[Epoch 1] Summarizing hook timing...

[HOOK_TIMING_SUMMARY] epoch=1
[HOOK_WORK_SUMMARY] label=mpi:ring_zfp_online_coll:rate16 calls=370 work_total_ms=4205.855 work_mean_ms=11.367 work_min_ms=2.574 work_max_ms=64.112
[HOOK_TAIL_SUMMARY] label=mpi:ring_zfp_online_coll:rate16 steps=49 tail_total_ms=3865.765 tail_mean_ms=78.893 tail_min_ms=50.138 tail_max_ms=107.569
[Epoch 1] Hook timing summary done

[Epoch 2] Training... (lr at epoch start=0.723607)
[Epoch 2] Train Loss: 2.9414, Acc: 10.58%  |  Val Loss: 2.3046, Acc: 10.01%  |  Time: 7.4s
[Epoch 2] t_iter median: 99.66 ms  (fwd 23.43 | bwd+comm 72.86 | opt 3.25 | data 0.08)  |  train-only epoch: 5.1s
[Epoch 2] Summarizing hook timing...

[HOOK_TIMING_SUMMARY] epoch=2
[HOOK_WORK_SUMMARY] label=mpi:ring_zfp_online_coll:rate16 calls=384 work_total_ms=4251.453 work_mean_ms=11.071 work_min_ms=2.584 work_max_ms=61.783
[HOOK_TAIL_SUMMARY] label=mpi:ring_zfp_online_coll:rate16 steps=48 tail_total_ms=3848.587 tail_mean_ms=80.179 tail_min_ms=63.252 tail_max_ms=90.532
[Epoch 2] Hook timing summary done

[Epoch 3] Training... (lr at epoch start=0.523607)
[Epoch 3] Train Loss: 2.4410, Acc: 10.32%  |  Val Loss: 2.3029, Acc: 10.17%  |  Time: 7.4s
[Epoch 3] t_iter median: 99.43 ms  (fwd 23.43 | bwd+comm 72.34 | opt 3.52 | data 0.13)  |  train-only epoch: 5.2s
[Epoch 3] Summarizing hook timing...

[HOOK_TIMING_SUMMARY] epoch=3
[HOOK_WORK_SUMMARY] label=mpi:ring_zfp_online_coll:rate16 calls=384 work_total_ms=4217.160 work_mean_ms=10.982 work_min_ms=2.523 work_max_ms=61.693
[HOOK_TAIL_SUMMARY] label=mpi:ring_zfp_online_coll:rate16 steps=48 tail_total_ms=3801.146 tail_mean_ms=79.191 tail_min_ms=78.188 tail_max_ms=88.954
[Epoch 3] Hook timing summary done

[Epoch 4] Training... (lr at epoch start=0.276393)
[Epoch 4] Train Loss: 2.3685, Acc: 10.68%  |  Val Loss: 2.3193, Acc: 10.74%  |  Time: 7.4s
[Epoch 4] t_iter median: 99.64 ms  (fwd 23.44 | bwd+comm 72.62 | opt 3.44 | data 0.11)  |  train-only epoch: 5.2s
  -> Best model saved (10.74%)
[Epoch 4] Summarizing hook timing...

[HOOK_TIMING_SUMMARY] epoch=4
[HOOK_WORK_SUMMARY] label=mpi:ring_zfp_online_coll:rate16 calls=384 work_total_ms=4233.462 work_mean_ms=11.025 work_min_ms=2.584 work_max_ms=61.673
[HOOK_TAIL_SUMMARY] label=mpi:ring_zfp_online_coll:rate16 steps=48 tail_total_ms=3808.494 tail_mean_ms=79.344 tail_min_ms=77.636 tail_max_ms=89.441
[Epoch 4] Hook timing summary done

[Epoch 5] Training... (lr at epoch start=0.076393)
[Epoch 5] Train Loss: 2.3346, Acc: 10.68%  |  Val Loss: 2.8834, Acc: 11.64%  |  Time: 7.4s
[Epoch 5] t_iter median: 99.82 ms  (fwd 23.43 | bwd+comm 72.81 | opt 3.46 | data 0.09)  |  train-only epoch: 5.1s
  -> Best model saved (11.64%)
[Epoch 5] Summarizing hook timing...

[HOOK_TIMING_SUMMARY] epoch=5
[HOOK_WORK_SUMMARY] label=mpi:ring_zfp_online_coll:rate16 calls=384 work_total_ms=4238.075 work_mean_ms=11.037 work_min_ms=2.590 work_max_ms=61.783
[HOOK_TAIL_SUMMARY] label=mpi:ring_zfp_online_coll:rate16 steps=48 tail_total_ms=3820.410 tail_mean_ms=79.592 tail_min_ms=70.222 tail_max_ms=89.431
[Epoch 5] Hook timing summary done

================================================================================
Done in 41.0s | Best val acc: 11.64%
Epoch times (train+val): mean=7.7s  min=7.4s  max=8.7s
Train-only epoch time (epochs 2..N): median=5.14s  min=5.13s  max=5.16s
  -> use this for STRONG scaling (fixed global batch)
  -> use t_iter_median_ms from the CSV for WEAK scaling (fixed local batch)
================================================================================
=== Finished: model=wide_resnet50_2, dataset=cifar10, batch=128, lr=0.80, scheduler=cosine, backend=mpi, hook=ring_zfp_online_coll, zfp_rate=16, status=0 at Wed Jul 22 03:49:42 PM UTC 2026 ===
=== Starting: model=wide_resnet50_2, ws=8, bs=128, gb=1024, lr=0.80, sched=cosine, warmup=0, epochs=5, mom=0.9, wd=5e-4, nesterov=true, wd_bn_bias=false, backend=mpi, hook=ring_zfp_online_coll, zfp=8 at Wed Jul 22 03:49:42 PM UTC 2026 ===

================================================================================
DISTRIBUTED TRAINING LAUNCHER
================================================================================
  Model:      wide_resnet50_2 (CIFAR stem) (from scratch)
  Dataset:    cifar10 (10 classes)
  Image size: 32
  LR:         0.8
  Momentum:   0.9 (nesterov=True)
  Optimizer:  sgd
  Weight dec: 0.0005 (on BN/bias=False)
  Backend:    mpi
  Algorithm:  ring_zfp_online_coll
  ZFP rate:   8
  Epochs:     5
  Batch/rank: 128
  LR:         0.8
  Scheduler:  cosine
  Warmup:     0
  Grad clip:  None
  Drop last:  True
  Data dir:   ./data
================================================================================


================================================================================
DISTRIBUTED TRAINING LAUNCHER
================================================================================
  Model:      wide_resnet50_2 (CIFAR stem) (from scratch)
  Dataset:    cifar10 (10 classes)
  Image size: 32
  LR:         0.8
  Momentum:   0.9 (nesterov=True)
  Optimizer:  sgd
  Weight dec: 0.0005 (on BN/bias=False)
  Backend:    mpi
  Algorithm:  ring_zfp_online_coll
  ZFP rate:   8
  Epochs:     5
  Batch/rank: 128
  LR:         0.8
  Scheduler:  cosine
  Warmup:     0
  Grad clip:  None
  Drop last:  True
  Data dir:   ./data
================================================================================


================================================================================
DISTRIBUTED TRAINING LAUNCHER
================================================================================
  Model:      wide_resnet50_2 (CIFAR stem) (from scratch)
  Dataset:    cifar10 (10 classes)
  Image size: 32
  LR:         0.8
  Momentum:   0.9 (nesterov=True)
  Optimizer:  sgd
  Weight dec: 0.0005 (on BN/bias=False)
  Backend:    mpi
  Algorithm:  ring_zfp_online_coll
  ZFP rate:   8
  Epochs:     5
  Batch/rank: 128
  LR:         0.8
  Scheduler:  cosine
  Warmup:     0
  Grad clip:  None
  Drop last:  True
  Data dir:   ./data
================================================================================


================================================================================
DISTRIBUTED TRAINING LAUNCHER
================================================================================
  Model:      wide_resnet50_2 (CIFAR stem) (from scratch)
  Dataset:    cifar10 (10 classes)
  Image size: 32
  LR:         0.8
  Momentum:   0.9 (nesterov=True)
  Optimizer:  sgd
  Weight dec: 0.0005 (on BN/bias=False)
  Backend:    mpi
  Algorithm:  ring_zfp_online_coll
  ZFP rate:   8
  Epochs:     5
  Batch/rank: 128
  LR:         0.8
  Scheduler:  cosine
  Warmup:     0
  Grad clip:  None
  Drop last:  True
  Data dir:   ./data
================================================================================


================================================================================
DISTRIBUTED TRAINING LAUNCHER
================================================================================
  Model:      wide_resnet50_2 (CIFAR stem) (from scratch)
  Dataset:    cifar10 (10 classes)
  Image size: 32
  LR:         0.8
  Momentum:   0.9 (nesterov=True)
  Optimizer:  sgd
  Weight dec: 0.0005 (on BN/bias=False)
  Backend:    mpi
  Algorithm:  ring_zfp_online_coll
  ZFP rate:   8
  Epochs:     5
  Batch/rank: 128
  LR:         0.8
  Scheduler:  cosine
  Warmup:     0
  Grad clip:  None
  Drop last:  True
  Data dir:   ./data
================================================================================


================================================================================
DISTRIBUTED TRAINING LAUNCHER
================================================================================
  Model:      wide_resnet50_2 (CIFAR stem) (from scratch)
  Dataset:    cifar10 (10 classes)
  Image size: 32
  LR:         0.8
  Momentum:   0.9 (nesterov=True)
  Optimizer:  sgd
  Weight dec: 0.0005 (on BN/bias=False)
  Backend:    mpi
  Algorithm:  ring_zfp_online_coll
  ZFP rate:   8
  Epochs:     5
  Batch/rank: 128
  LR:         0.8
  Scheduler:  cosine
  Warmup:     0
  Grad clip:  None
  Drop last:  True
  Data dir:   ./data
================================================================================


================================================================================
DISTRIBUTED TRAINING LAUNCHER
================================================================================
  Model:      wide_resnet50_2 (CIFAR stem) (from scratch)
  Dataset:    cifar10 (10 classes)
  Image size: 32
  LR:         0.8
  Momentum:   0.9 (nesterov=True)
  Optimizer:  sgd
  Weight dec: 0.0005 (on BN/bias=False)
  Backend:    mpi
  Algorithm:  ring_zfp_online_coll
  ZFP rate:   8
  Epochs:     5
  Batch/rank: 128
  LR:         0.8
  Scheduler:  cosine
  Warmup:     0
  Grad clip:  None
  Drop last:  True
  Data dir:   ./data
================================================================================


================================================================================
DISTRIBUTED TRAINING LAUNCHER
================================================================================
  Model:      wide_resnet50_2 (CIFAR stem) (from scratch)
  Dataset:    cifar10 (10 classes)
  Image size: 32
  LR:         0.8
  Momentum:   0.9 (nesterov=True)
  Optimizer:  sgd
  Weight dec: 0.0005 (on BN/bias=False)
  Backend:    mpi
  Algorithm:  ring_zfp_online_coll
  ZFP rate:   8
  Epochs:     5
  Batch/rank: 128
  LR:         0.8
  Scheduler:  cosine
  Warmup:     0
  Grad clip:  None
  Drop last:  True
  Data dir:   ./data
================================================================================


================================================================================
Distributed Training: WIDE_RESNET50_2 on CIFAR10
Backend: MPI, Algorithm: ring_zfp_online_coll
================================================================================
Ranks: 8, Epochs: 5, Batch/rank: 128, Effective batch: 1024
LR: 0.8, Device: cuda:0

[Cache] Pretrained weights cache (TORCH_HOME) = /eagle/UIC-HPC/matilderestelli/pretrained_weights_cache
[Setup] Model on cuda:0, wrapped in DDP (static_graph=True)
[Setup] Hook registered: mpi/ring_zfp_online_coll
[Optim] SGD: lr=0.8 momentum=0.9 nesterov=True wd=0.0005 wd_on_bn_bias=False
[Optim]   group 0: 66,778,816 params, wd=0.0005
[Optim]   group 1: 68,234 params, wd=0.0
[Data] Train batches: 48, Val batches: 79

[Sched] cosine: steps/epoch=48, total_steps=240, warmup_steps=0 (0 epochs)


[Epoch 1] Training... (lr at epoch start=0.800000)
[Epoch 1] Train Loss: 14.4225, Acc: 10.90%  |  Val Loss: 2.4358, Acc: 10.68%  |  Time: 8.7s
[Epoch 1] t_iter median: 97.77 ms  (fwd 23.48 | bwd+comm 70.60 | opt 3.48 | data 0.09)  |  train-only epoch: 6.3s
  -> Best model saved (10.68%)
[Epoch 1] Summarizing hook timing...

[HOOK_TIMING_SUMMARY] epoch=1
[HOOK_WORK_SUMMARY] label=mpi:ring_zfp_online_coll:rate8calls=370 work_total_ms=4160.511 work_mean_ms=11.245 work_min_ms=2.381 work_max_ms=96.699
[HOOK_TAIL_SUMMARY] label=mpi:ring_zfp_online_coll:rate8steps=49 tail_total_ms=3835.100 tail_mean_ms=78.267 tail_min_ms=50.937 tail_max_ms=115.957
[Epoch 1] Hook timing summary done

[Epoch 2] Training... (lr at epoch start=0.723607)
[Epoch 2] Train Loss: 2.4720, Acc: 11.49%  |  Val Loss: 2.2963, Acc: 11.65%  |  Time: 7.3s
[Epoch 2] t_iter median: 97.38 ms  (fwd 23.44 | bwd+comm 70.37 | opt 3.46 | data 0.14)  |  train-only epoch: 5.0s
  -> Best model saved (11.65%)
[Epoch 2] Summarizing hook timing...

[HOOK_TIMING_SUMMARY] epoch=2
[HOOK_WORK_SUMMARY] label=mpi:ring_zfp_online_coll:rate8calls=384 work_total_ms=4140.760 work_mean_ms=10.783 work_min_ms=2.380 work_max_ms=73.544
[HOOK_TAIL_SUMMARY] label=mpi:ring_zfp_online_coll:rate8steps=48 tail_total_ms=3716.287 tail_mean_ms=77.423 tail_min_ms=56.174 tail_max_ms=92.860
[Epoch 2] Hook timing summary done

[Epoch 3] Training... (lr at epoch start=0.523607)
[Epoch 3] Train Loss: 2.2850, Acc: 12.35%  |  Val Loss: 2.2873, Acc: 9.56%  |  Time: 7.3s
[Epoch 3] t_iter median: 97.75 ms  (fwd 23.45 | bwd+comm 70.95 | opt 3.28 | data 0.09)  |  train-only epoch: 5.1s
[Epoch 3] Summarizing hook timing...

[HOOK_TIMING_SUMMARY] epoch=3
[HOOK_WORK_SUMMARY] label=mpi:ring_zfp_online_coll:rate8calls=384 work_total_ms=4173.454 work_mean_ms=10.868 work_min_ms=2.395 work_max_ms=74.317
[HOOK_TAIL_SUMMARY] label=mpi:ring_zfp_online_coll:rate8steps=48 tail_total_ms=3745.997 tail_mean_ms=78.042 tail_min_ms=70.629 tail_max_ms=93.901
[Epoch 3] Hook timing summary done

[Epoch 4] Training... (lr at epoch start=0.276393)
[Epoch 4] Train Loss: 2.2823, Acc: 12.42%  |  Val Loss: 2.2706, Acc: 10.88%  |  Time: 7.3s
[Epoch 4] t_iter median: 97.67 ms  (fwd 23.44 | bwd+comm 70.69 | opt 3.49 | data 0.13)  |  train-only epoch: 5.1s
[Epoch 4] Summarizing hook timing...

[HOOK_TIMING_SUMMARY] epoch=4
[HOOK_WORK_SUMMARY] label=mpi:ring_zfp_online_coll:rate8calls=384 work_total_ms=4167.636 work_mean_ms=10.853 work_min_ms=2.390 work_max_ms=66.662
[HOOK_TAIL_SUMMARY] label=mpi:ring_zfp_online_coll:rate8steps=48 tail_total_ms=3757.626 tail_mean_ms=78.284 tail_min_ms=74.357 tail_max_ms=94.326
[Epoch 4] Hook timing summary done

[Epoch 5] Training... (lr at epoch start=0.076393)
[Epoch 5] Train Loss: 2.2643, Acc: 14.01%  |  Val Loss: 2.2800, Acc: 13.78%  |  Time: 7.3s
[Epoch 5] t_iter median: 97.51 ms  (fwd 23.44 | bwd+comm 70.72 | opt 3.34 | data 0.14)  |  train-only epoch: 5.1s
  -> Best model saved (13.78%)
[Epoch 5] Summarizing hook timing...

[HOOK_TIMING_SUMMARY] epoch=5
[HOOK_WORK_SUMMARY] label=mpi:ring_zfp_online_coll:rate8calls=384 work_total_ms=4167.240 work_mean_ms=10.852 work_min_ms=2.420 work_max_ms=64.392
[HOOK_TAIL_SUMMARY] label=mpi:ring_zfp_online_coll:rate8steps=48 tail_total_ms=3723.685 tail_mean_ms=77.577 tail_min_ms=74.566 tail_max_ms=85.315
[Epoch 5] Hook timing summary done

================================================================================
Done in 40.7s | Best val acc: 13.78%
Epoch times (train+val): mean=7.6s  min=7.3s  max=8.7s
Train-only epoch time (epochs 2..N): median=5.08s  min=5.03s  max=5.08s
  -> use this for STRONG scaling (fixed global batch)
  -> use t_iter_median_ms from the CSV for WEAK scaling (fixed local batch)
================================================================================
=== Finished: model=wide_resnet50_2, dataset=cifar10, batch=128, lr=0.80, scheduler=cosine, backend=mpi, hook=ring_zfp_online_coll, zfp_rate=8, status=0 at Wed Jul 22 03:50:32 PM UTC 2026 ===
=== Starting: model=wide_resnet50_2, ws=8, bs=128, gb=1024, lr=0.80, sched=cosine, warmup=0, epochs=5, mom=0.9, wd=5e-4, nesterov=true, wd_bn_bias=false, backend=mpi, hook=recursive_doubling, zfp=none at Wed Jul 22 03:50:32 PM UTC 2026 ===

================================================================================
DISTRIBUTED TRAINING LAUNCHER
================================================================================
  Model:      wide_resnet50_2 (CIFAR stem) (from scratch)
  Dataset:    cifar10 (10 classes)
  Image size: 32
  LR:         0.8
  Momentum:   0.9 (nesterov=True)
  Optimizer:  sgd
  Weight dec: 0.0005 (on BN/bias=False)
  Backend:    mpi
  Algorithm:  recursive_doubling
  Epochs:     5
  Batch/rank: 128
  LR:         0.8
  Scheduler:  cosine
  Warmup:     0
  Grad clip:  None
  Drop last:  True
  Data dir:   ./data
================================================================================


================================================================================
DISTRIBUTED TRAINING LAUNCHER
================================================================================
  Model:      wide_resnet50_2 (CIFAR stem) (from scratch)
  Dataset:    cifar10 (10 classes)
  Image size: 32
  LR:         0.8
  Momentum:   0.9 (nesterov=True)
  Optimizer:  sgd
  Weight dec: 0.0005 (on BN/bias=False)
  Backend:    mpi
  Algorithm:  recursive_doubling
  Epochs:     5
  Batch/rank: 128
  LR:         0.8
  Scheduler:  cosine
  Warmup:     0
  Grad clip:  None
  Drop last:  True
  Data dir:   ./data
================================================================================


================================================================================
DISTRIBUTED TRAINING LAUNCHER
================================================================================
  Model:      wide_resnet50_2 (CIFAR stem) (from scratch)
  Dataset:    cifar10 (10 classes)
  Image size: 32
  LR:         0.8
  Momentum:   0.9 (nesterov=True)
  Optimizer:  sgd
  Weight dec: 0.0005 (on BN/bias=False)
  Backend:    mpi
  Algorithm:  recursive_doubling
  Epochs:     5
  Batch/rank: 128
  LR:         0.8
  Scheduler:  cosine
  Warmup:     0
  Grad clip:  None
  Drop last:  True
  Data dir:   ./data
================================================================================


================================================================================
DISTRIBUTED TRAINING LAUNCHER
================================================================================
  Model:      wide_resnet50_2 (CIFAR stem) (from scratch)
  Dataset:    cifar10 (10 classes)
  Image size: 32
  LR:         0.8
  Momentum:   0.9 (nesterov=True)
  Optimizer:  sgd
  Weight dec: 0.0005 (on BN/bias=False)
  Backend:    mpi
  Algorithm:  recursive_doubling
  Epochs:     5
  Batch/rank: 128
  LR:         0.8
  Scheduler:  cosine
  Warmup:     0
  Grad clip:  None
  Drop last:  True
  Data dir:   ./data
================================================================================


================================================================================
DISTRIBUTED TRAINING LAUNCHER
================================================================================
  Model:      wide_resnet50_2 (CIFAR stem) (from scratch)
  Dataset:    cifar10 (10 classes)
  Image size: 32
  LR:         0.8
  Momentum:   0.9 (nesterov=True)
  Optimizer:  sgd
  Weight dec: 0.0005 (on BN/bias=False)
  Backend:    mpi
  Algorithm:  recursive_doubling
  Epochs:     5
  Batch/rank: 128
  LR:         0.8
  Scheduler:  cosine
  Warmup:     0
  Grad clip:  None
  Drop last:  True
  Data dir:   ./data
================================================================================


================================================================================
DISTRIBUTED TRAINING LAUNCHER
================================================================================
  Model:      wide_resnet50_2 (CIFAR stem) (from scratch)
  Dataset:    cifar10 (10 classes)
  Image size: 32
  LR:         0.8
  Momentum:   0.9 (nesterov=True)
  Optimizer:  sgd
  Weight dec: 0.0005 (on BN/bias=False)
  Backend:    mpi
  Algorithm:  recursive_doubling
  Epochs:     5
  Batch/rank: 128
  LR:         0.8
  Scheduler:  cosine
  Warmup:     0
  Grad clip:  None
  Drop last:  True
  Data dir:   ./data
================================================================================


================================================================================
DISTRIBUTED TRAINING LAUNCHER
================================================================================
  Model:      wide_resnet50_2 (CIFAR stem) (from scratch)
  Dataset:    cifar10 (10 classes)
  Image size: 32
  LR:         0.8
  Momentum:   0.9 (nesterov=True)
  Optimizer:  sgd
  Weight dec: 0.0005 (on BN/bias=False)
  Backend:    mpi
  Algorithm:  recursive_doubling
  Epochs:     5
  Batch/rank: 128
  LR:         0.8
  Scheduler:  cosine
  Warmup:     0
  Grad clip:  None
  Drop last:  True
  Data dir:   ./data
================================================================================


================================================================================
DISTRIBUTED TRAINING LAUNCHER
================================================================================
  Model:      wide_resnet50_2 (CIFAR stem) (from scratch)
  Dataset:    cifar10 (10 classes)
  Image size: 32
  LR:         0.8
  Momentum:   0.9 (nesterov=True)
  Optimizer:  sgd
  Weight dec: 0.0005 (on BN/bias=False)
  Backend:    mpi
  Algorithm:  recursive_doubling
  Epochs:     5
  Batch/rank: 128
  LR:         0.8
  Scheduler:  cosine
  Warmup:     0
  Grad clip:  None
  Drop last:  True
  Data dir:   ./data
================================================================================


================================================================================
Distributed Training: WIDE_RESNET50_2 on CIFAR10
Backend: MPI, Algorithm: recursive_doubling
================================================================================
Ranks: 8, Epochs: 5, Batch/rank: 128, Effective batch: 1024
LR: 0.8, Device: cuda:0

[Cache] Pretrained weights cache (TORCH_HOME) = /eagle/UIC-HPC/matilderestelli/pretrained_weights_cache
[Setup] Model on cuda:0, wrapped in DDP (static_graph=True)
[Setup] Hook registered: mpi/recursive_doubling
[Optim] SGD: lr=0.8 momentum=0.9 nesterov=True wd=0.0005 wd_on_bn_bias=False
[Optim]   group 0: 66,778,816 params, wd=0.0005
[Optim]   group 1: 68,234 params, wd=0.0
[Data] Train batches: 48, Val batches: 79

[Sched] cosine: steps/epoch=48, total_steps=240, warmup_steps=0 (0 epochs)


[Epoch 1] Training... (lr at epoch start=0.800000)
[Epoch 1] Train Loss: 13.0169, Acc: 10.17%  |  Val Loss: 2.7543, Acc: 10.15%  |  Time: 10.3s
[Epoch 1] t_iter median: 131.49 ms  (fwd 23.52 | bwd+comm 104.32 | opt 3.48 | data 0.13)  |  train-only epoch: 7.9s
  -> Best model saved (10.15%)
[Epoch 1] Summarizing hook timing...

[HOOK_TIMING_SUMMARY] epoch=1
[HOOK_WORK_SUMMARY] label=mpi:recursive_doubling calls=370 work_total_ms=5805.374 work_mean_ms=15.690 work_min_ms=2.977 work_max_ms=151.282
[HOOK_TAIL_SUMMARY] label=mpi:recursive_doubling steps=49 tail_total_ms=5491.137 tail_mean_ms=112.064 tail_min_ms=81.404 tail_max_ms=152.389
[Epoch 1] Hook timing summary done

[Epoch 2] Training... (lr at epoch start=0.723607)
[Epoch 2] Train Loss: 2.3052, Acc: 9.96%  |  Val Loss: 2.3034, Acc: 9.99%  |  Time: 8.9s
[Epoch 2] t_iter median: 132.05 ms  (fwd 23.49 | bwd+comm 105.21 | opt 3.27 | data 0.09)  |  train-only epoch: 6.7s
[Epoch 2] Summarizing hook timing...

[HOOK_TIMING_SUMMARY] epoch=2
[HOOK_WORK_SUMMARY] label=mpi:recursive_doubling calls=384 work_total_ms=5784.212 work_mean_ms=15.063 work_min_ms=3.139 work_max_ms=71.980
[HOOK_TAIL_SUMMARY] label=mpi:recursive_doubling steps=48 tail_total_ms=5359.025 tail_mean_ms=111.646 tail_min_ms=93.794 tail_max_ms=126.125
[Epoch 2] Hook timing summary done

[Epoch 3] Training... (lr at epoch start=0.523607)
[Epoch 3] Train Loss: 2.3034, Acc: 9.99%  |  Val Loss: 2.3079, Acc: 10.01%  |  Time: 9.0s
[Epoch 3] t_iter median: 132.07 ms  (fwd 23.47 | bwd+comm 105.27 | opt 3.22 | data 0.09)  |  train-only epoch: 6.7s
[Epoch 3] Summarizing hook timing...

[HOOK_TIMING_SUMMARY] epoch=3
[HOOK_WORK_SUMMARY] label=mpi:recursive_doubling calls=384 work_total_ms=5849.882 work_mean_ms=15.234 work_min_ms=2.707 work_max_ms=73.756
[HOOK_TAIL_SUMMARY] label=mpi:recursive_doubling steps=48 tail_total_ms=5444.090 tail_mean_ms=113.419 tail_min_ms=110.678 tail_max_ms=130.099
[Epoch 3] Hook timing summary done

[Epoch 4] Training... (lr at epoch start=0.276393)
[Epoch 4] Train Loss: 2.3027, Acc: 9.99%  |  Val Loss: 2.3663, Acc: 10.23%  |  Time: 9.0s
[Epoch 4] t_iter median: 131.26 ms  (fwd 23.48 | bwd+comm 104.35 | opt 3.53 | data 0.10)  |  train-only epoch: 6.7s
  -> Best model saved (10.23%)
[Epoch 4] Summarizing hook timing...

[HOOK_TIMING_SUMMARY] epoch=4
[HOOK_WORK_SUMMARY] label=mpi:recursive_doubling calls=384 work_total_ms=5818.999 work_mean_ms=15.154 work_min_ms=2.967 work_max_ms=88.668
[HOOK_TAIL_SUMMARY] label=mpi:recursive_doubling steps=48 tail_total_ms=5407.384 tail_mean_ms=112.654 tail_min_ms=109.194 tail_max_ms=161.914
[Epoch 4] Hook timing summary done

[Epoch 5] Training... (lr at epoch start=0.076393)
[Epoch 5] Train Loss: 2.3016, Acc: 11.12%  |  Val Loss: 2.5450, Acc: 10.18%  |  Time: 8.9s
[Epoch 5] t_iter median: 131.73 ms  (fwd 23.48 | bwd+comm 104.92 | opt 3.22 | data 0.08)  |  train-only epoch: 6.7s
[Epoch 5] Summarizing hook timing...

[HOOK_TIMING_SUMMARY] epoch=5
[HOOK_WORK_SUMMARY] label=mpi:recursive_doubling calls=384 work_total_ms=5817.241 work_mean_ms=15.149 work_min_ms=2.682 work_max_ms=75.351
[HOOK_TAIL_SUMMARY] label=mpi:recursive_doubling steps=48 tail_total_ms=5419.990 tail_mean_ms=112.916 tail_min_ms=110.242 tail_max_ms=127.088
[Epoch 5] Hook timing summary done

================================================================================
Done in 47.8s | Best val acc: 10.23%
Epoch times (train+val): mean=9.2s  min=8.9s  max=10.3s
Train-only epoch time (epochs 2..N): median=6.69s  min=6.66s  max=6.72s
  -> use this for STRONG scaling (fixed global batch)
  -> use t_iter_median_ms from the CSV for WEAK scaling (fixed local batch)
================================================================================
=== Finished: model=wide_resnet50_2, dataset=cifar10, batch=128, lr=0.80, scheduler=cosine, backend=mpi, hook=recursive_doubling, zfp_rate=none, status=0 at Wed Jul 22 03:51:29 PM UTC 2026 ===
=== Starting: model=wide_resnet50_2, ws=8, bs=128, gb=1024, lr=0.80, sched=cosine, warmup=0, epochs=5, mom=0.9, wd=5e-4, nesterov=true, wd_bn_bias=false, backend=mpi, hook=recursive_doubling_zfp_naive, zfp=16 at Wed Jul 22 03:51:29 PM UTC 2026 ===

================================================================================
DISTRIBUTED TRAINING LAUNCHER
================================================================================
  Model:      wide_resnet50_2 (CIFAR stem) (from scratch)
  Dataset:    cifar10 (10 classes)
  Image size: 32
  LR:         0.8
  Momentum:   0.9 (nesterov=True)
  Optimizer:  sgd
  Weight dec: 0.0005 (on BN/bias=False)
  Backend:    mpi
  Algorithm:  recursive_doubling_zfp_naive
  ZFP rate:   16
  Epochs:     5
  Batch/rank: 128
  LR:         0.8
================================================================================
DISTRIBUTED TRAINING LAUNCHER
================================================================================
  Model:      wide_resnet50_2 (CIFAR stem) (from scratch)
  Dataset:    cifar10 (10 classes)
  Image size: 32
  LR:         0.8
  Momentum:   0.9 (nesterov=True)
  Optimizer:  sgd
  Weight dec: 0.0005 (on BN/bias=False)
  Backend:    mpi
  Algorithm:  recursive_doubling_zfp_naive
  ZFP rate:   16
  Epochs:     5
  Batch/rank: 128
  LR:         0.8
  Scheduler:  cosine
  Warmup:     0
  Grad clip:  None
  Drop last:  True
  Data dir:   ./data
================================================================================


  Scheduler:  cosine
  Warmup:     0
  Grad clip:  None
  Drop last:  True
  Data dir:   ./data
================================================================================


================================================================================
DISTRIBUTED TRAINING LAUNCHER
================================================================================
  Model:      wide_resnet50_2 (CIFAR stem) (from scratch)
  Dataset:    cifar10 (10 classes)
  Image size: 32
  LR:         0.8
  Momentum:   0.9 (nesterov=True)
  Optimizer:  sgd
  Weight dec: 0.0005 (on BN/bias=False)
  Backend:    mpi
  Algorithm:  recursive_doubling_zfp_naive
  ZFP rate:   16
  Epochs:     5
  Batch/rank: 128
  LR:         0.8
  Scheduler:  cosine
  Warmup:     0
  Grad clip:  None
  Drop last:  True
  Data dir:   ./data
================================================================================


================================================================================
DISTRIBUTED TRAINING LAUNCHER
================================================================================
  Model:      wide_resnet50_2 (CIFAR stem) (from scratch)
  Dataset:    cifar10 (10 classes)
  Image size: 32
  LR:         0.8
  Momentum:   0.9 (nesterov=True)
  Optimizer:  sgd
  Weight dec: 0.0005 (on BN/bias=False)
  Backend:    mpi
  Algorithm:  recursive_doubling_zfp_naive
  ZFP rate:   16
  Epochs:     5
  Batch/rank: 128
  LR:         0.8
  Scheduler:  cosine
  Warmup:     0
  Grad clip:  None
  Drop last:  True
  Data dir:   ./data
================================================================================


================================================================================
DISTRIBUTED TRAINING LAUNCHER
================================================================================
  Model:      wide_resnet50_2 (CIFAR stem) (from scratch)
  Dataset:    cifar10 (10 classes)
  Image size: 32
  LR:         0.8
  Momentum:   0.9 (nesterov=True)
  Optimizer:  sgd
  Weight dec: 0.0005 (on BN/bias=False)
  Backend:    mpi
  Algorithm:  recursive_doubling_zfp_naive
  ZFP rate:   16
  Epochs:     5
  Batch/rank: 128
  LR:         0.8
  Scheduler:  cosine
  Warmup:     0
  Grad clip:  None
  Drop last:  True
  Data dir:   ./data
================================================================================


================================================================================
DISTRIBUTED TRAINING LAUNCHER
================================================================================
  Model:      wide_resnet50_2 (CIFAR stem) (from scratch)
  Dataset:    cifar10 (10 classes)
  Image size: 32
  LR:         0.8
  Momentum:   0.9 (nesterov=True)
  Optimizer:  sgd
  Weight dec: 0.0005 (on BN/bias=False)
  Backend:    mpi
  Algorithm:  recursive_doubling_zfp_naive
  ZFP rate:   16
  Epochs:     5
  Batch/rank: 128
  LR:         0.8
  Scheduler:  cosine
  Warmup:     0
  Grad clip:  None
  Drop last:  True
  Data dir:   ./data
================================================================================


================================================================================
DISTRIBUTED TRAINING LAUNCHER
================================================================================
  Model:      wide_resnet50_2 (CIFAR stem) (from scratch)
  Dataset:    cifar10 (10 classes)
  Image size: 32
  LR:         0.8
  Momentum:   0.9 (nesterov=True)
  Optimizer:  sgd
  Weight dec: 0.0005 (on BN/bias=False)
  Backend:    mpi
  Algorithm:  recursive_doubling_zfp_naive
  ZFP rate:   16
  Epochs:     5
  Batch/rank: 128
  LR:         0.8
  Scheduler:  cosine
  Warmup:     0
  Grad clip:  None
  Drop last:  True
  Data dir:   ./data
================================================================================


================================================================================
DISTRIBUTED TRAINING LAUNCHER
================================================================================
  Model:      wide_resnet50_2 (CIFAR stem) (from scratch)
  Dataset:    cifar10 (10 classes)
  Image size: 32
  LR:         0.8
  Momentum:   0.9 (nesterov=True)
  Optimizer:  sgd
  Weight dec: 0.0005 (on BN/bias=False)
  Backend:    mpi
  Algorithm:  recursive_doubling_zfp_naive
  ZFP rate:   16
  Epochs:     5
  Batch/rank: 128
  LR:         0.8
  Scheduler:  cosine
  Warmup:     0
  Grad clip:  None
  Drop last:  True
  Data dir:   ./data
================================================================================


================================================================================
Distributed Training: WIDE_RESNET50_2 on CIFAR10
Backend: MPI, Algorithm: recursive_doubling_zfp_naive
================================================================================
Ranks: 8, Epochs: 5, Batch/rank: 128, Effective batch: 1024
LR: 0.8, Device: cuda:0

[Cache] Pretrained weights cache (TORCH_HOME) = /eagle/UIC-HPC/matilderestelli/pretrained_weights_cache
[Setup] Model on cuda:0, wrapped in DDP (static_graph=True)
[Setup] Hook registered: mpi/recursive_doubling_zfp_naive
[Optim] SGD: lr=0.8 momentum=0.9 nesterov=True wd=0.0005 wd_on_bn_bias=False
[Optim]   group 0: 66,778,816 params, wd=0.0005
[Optim]   group 1: 68,234 params, wd=0.0
[Data] Train batches: 48, Val batches: 79

[Sched] cosine: steps/epoch=48, total_steps=240, warmup_steps=0 (0 epochs)


[Epoch 1] Training... (lr at epoch start=0.800000)
[Epoch 1] Train Loss: 14.1857, Acc: 10.14%  |  Val Loss: 5.6805, Acc: 10.02%  |  Time: 9.8s
[Epoch 1] t_iter median: 122.42 ms  (fwd 23.49 | bwd+comm 95.39 | opt 3.32 | data 0.09)  |  train-only epoch: 7.5s
  -> Best model saved (10.02%)
[Epoch 1] Summarizing hook timing...

[HOOK_TIMING_SUMMARY] epoch=1
[HOOK_WORK_SUMMARY] label=mpi:recursive_doubling_zfp_naive:rate16 calls=370 work_total_ms=5313.540 work_mean_ms=14.361 work_min_ms=3.299 work_max_ms=124.520
[HOOK_TAIL_SUMMARY] label=mpi:recursive_doubling_zfp_naive:rate16 steps=49 tail_total_ms=4974.378 tail_mean_ms=101.518 tail_min_ms=69.993 tail_max_ms=126.028
[Epoch 1] Hook timing summary done

[Epoch 2] Training... (lr at epoch start=0.723607)
[Epoch 2] Train Loss: 2.3042, Acc: 9.81%  |  Val Loss: 2.3035, Acc: 10.00%  |  Time: 8.4s
[Epoch 2] t_iter median: 121.91 ms  (fwd 23.44 | bwd+comm 95.04 | opt 3.28 | data 0.14)  |  train-only epoch: 6.2s
[Epoch 2] Summarizing hook timing...

[HOOK_TIMING_SUMMARY] epoch=2
[HOOK_WORK_SUMMARY] label=mpi:recursive_doubling_zfp_naive:rate16 calls=384 work_total_ms=5308.987 work_mean_ms=13.825 work_min_ms=3.058 work_max_ms=73.593
[HOOK_TAIL_SUMMARY] label=mpi:recursive_doubling_zfp_naive:rate16 steps=48 tail_total_ms=4883.230 tail_mean_ms=101.734 tail_min_ms=87.241 tail_max_ms=114.740
[Epoch 2] Hook timing summary done

[Epoch 3] Training... (lr at epoch start=0.523607)
[Epoch 3] Train Loss: 2.3037, Acc: 10.04%  |  Val Loss: 2.3028, Acc: 10.00%  |  Time: 8.5s
[Epoch 3] t_iter median: 122.09 ms  (fwd 23.44 | bwd+comm 95.24 | opt 3.27 | data 0.08)  |  train-only epoch: 6.2s
[Epoch 3] Summarizing hook timing...

[HOOK_TIMING_SUMMARY] epoch=3
[HOOK_WORK_SUMMARY] label=mpi:recursive_doubling_zfp_naive:rate16 calls=384 work_total_ms=5357.646 work_mean_ms=13.952 work_min_ms=3.314 work_max_ms=85.883
[HOOK_TAIL_SUMMARY] label=mpi:recursive_doubling_zfp_naive:rate16 steps=48 tail_total_ms=4956.664 tail_mean_ms=103.264 tail_min_ms=101.097 tail_max_ms=132.989
[Epoch 3] Hook timing summary done

[Epoch 4] Training... (lr at epoch start=0.276393)
[Epoch 4] Train Loss: 2.3029, Acc: 10.09%  |  Val Loss: 2.3117, Acc: 9.99%  |  Time: 8.5s
[Epoch 4] t_iter median: 121.89 ms  (fwd 23.45 | bwd+comm 95.14 | opt 3.22 | data 0.08)  |  train-only epoch: 6.2s
[Epoch 4] Summarizing hook timing...

[HOOK_TIMING_SUMMARY] epoch=4
[HOOK_WORK_SUMMARY] label=mpi:recursive_doubling_zfp_naive:rate16 calls=384 work_total_ms=5354.643 work_mean_ms=13.944 work_min_ms=3.403 work_max_ms=96.706
[HOOK_TAIL_SUMMARY] label=mpi:recursive_doubling_zfp_naive:rate16 steps=48 tail_total_ms=4949.506 tail_mean_ms=103.115 tail_min_ms=101.394 tail_max_ms=137.435
[Epoch 4] Hook timing summary done

[Epoch 5] Training... (lr at epoch start=0.076393)
[Epoch 5] Train Loss: 2.3026, Acc: 11.20%  |  Val Loss: 2.4333, Acc: 10.16%  |  Time: 8.5s
[Epoch 5] t_iter median: 121.96 ms  (fwd 23.45 | bwd+comm 95.13 | opt 3.28 | data 0.13)  |  train-only epoch: 6.2s
  -> Best model saved (10.16%)
[Epoch 5] Summarizing hook timing...

[HOOK_TIMING_SUMMARY] epoch=5
[HOOK_WORK_SUMMARY] label=mpi:recursive_doubling_zfp_naive:rate16 calls=384 work_total_ms=5333.031 work_mean_ms=13.888 work_min_ms=3.176 work_max_ms=83.187
[HOOK_TAIL_SUMMARY] label=mpi:recursive_doubling_zfp_naive:rate16 steps=48 tail_total_ms=4913.311 tail_mean_ms=102.361 tail_min_ms=100.588 tail_max_ms=123.408
[Epoch 5] Hook timing summary done

================================================================================
Done in 45.5s | Best val acc: 10.16%
Epoch times (train+val): mean=8.7s  min=8.4s  max=9.8s
Train-only epoch time (epochs 2..N): median=6.22s  min=6.21s  max=6.23s
  -> use this for STRONG scaling (fixed global batch)
  -> use t_iter_median_ms from the CSV for WEAK scaling (fixed local batch)
================================================================================
=== Finished: model=wide_resnet50_2, dataset=cifar10, batch=128, lr=0.80, scheduler=cosine, backend=mpi, hook=recursive_doubling_zfp_naive, zfp_rate=16, status=0 at Wed Jul 22 03:52:23 PM UTC 2026 ===
=== Starting: model=wide_resnet50_2, ws=8, bs=128, gb=1024, lr=0.80, sched=cosine, warmup=0, epochs=5, mom=0.9, wd=5e-4, nesterov=true, wd_bn_bias=false, backend=mpi, hook=recursive_doubling_zfp_online_coll, zfp=16 at Wed Jul 22 03:52:23 PM UTC 2026 ===

================================================================================
DISTRIBUTED TRAINING LAUNCHER
================================================================================
  Model:      wide_resnet50_2 (CIFAR stem) (from scratch)
  Dataset:    cifar10 (10 classes)
  Image size: 32
  LR:         0.8
  Momentum:   0.9 (nesterov=True)
  Optimizer:  sgd
  Weight dec: 0.0005 (on BN/bias=False)
  Backend:    mpi
  Algorithm:  recursive_doubling_zfp_online_coll
  ZFP rate:   16
  Epochs:     5
  Batch/rank: 128
  LR:         0.8
  Scheduler:  cosine
  Warmup:     0
  Grad clip:  None
  Drop last:  True
  Data dir:   ./data
================================================================================


================================================================================
DISTRIBUTED TRAINING LAUNCHER
================================================================================
  Model:      wide_resnet50_2 (CIFAR stem) (from scratch)
  Dataset:    cifar10 (10 classes)
  Image size: 32
  LR:         0.8
  Momentum:   0.9 (nesterov=True)
  Optimizer:  sgd
  Weight dec: 0.0005 (on BN/bias=False)
  Backend:    mpi
  Algorithm:  recursive_doubling_zfp_online_coll
  ZFP rate:   16
  Epochs:     5
  Batch/rank: 128
  LR:         0.8
  Scheduler:  cosine
  Warmup:     0
  Grad clip:  None
  Drop last:  True
  Data dir:   ./data
================================================================================


================================================================================
DISTRIBUTED TRAINING LAUNCHER
================================================================================
  Model:      wide_resnet50_2 (CIFAR stem) (from scratch)
  Dataset:    cifar10 (10 classes)
  Image size: 32
  LR:         0.8
  Momentum:   0.9 (nesterov=True)
  Optimizer:  sgd
  Weight dec: 0.0005 (on BN/bias=False)
  Backend:    mpi
  Algorithm:  recursive_doubling_zfp_online_coll
  ZFP rate:   16
  Epochs:     5
  Batch/rank: 128
  LR:         0.8
  Scheduler:  cosine
  Warmup:     0
  Grad clip:  None
  Drop last:  True
  Data dir:   ./data
================================================================================


================================================================================
DISTRIBUTED TRAINING LAUNCHER
================================================================================
  Model:      wide_resnet50_2 (CIFAR stem) (from scratch)
  Dataset:    cifar10 (10 classes)
  Image size: 32
  LR:         0.8
  Momentum:   0.9 (nesterov=True)
  Optimizer:  sgd
  Weight dec: 0.0005 (on BN/bias=False)
  Backend:    mpi
  Algorithm:  recursive_doubling_zfp_online_coll
  ZFP rate:   16
  Epochs:     5
  Batch/rank: 128
  LR:         0.8
  Scheduler:  cosine
  Warmup:     0
  Grad clip:  None
  Drop last:  True
  Data dir:   ./data
================================================================================


================================================================================
DISTRIBUTED TRAINING LAUNCHER
================================================================================
  Model:      wide_resnet50_2 (CIFAR stem) (from scratch)
  Dataset:    cifar10 (10 classes)
  Image size: 32
  LR:         0.8
  Momentum:   0.9 (nesterov=True)
  Optimizer:  sgd
  Weight dec: 0.0005 (on BN/bias=False)
  Backend:    mpi
  Algorithm:  recursive_doubling_zfp_online_coll
  ZFP rate:   16
  Epochs:     5
  Batch/rank: 128
  LR:         0.8
  Scheduler:  cosine
  Warmup:     0
  Grad clip:  None
  Drop last:  True
  Data dir:   ./data
================================================================================


================================================================================
DISTRIBUTED TRAINING LAUNCHER
================================================================================
  Model:      wide_resnet50_2 (CIFAR stem) (from scratch)
  Dataset:    cifar10 (10 classes)
  Image size: 32
  LR:         0.8
  Momentum:   0.9 (nesterov=True)
  Optimizer:  sgd
  Weight dec: 0.0005 (on BN/bias=False)
  Backend:    mpi
  Algorithm:  recursive_doubling_zfp_online_coll
  ZFP rate:   16
  Epochs:     5
  Batch/rank: 128
  LR:         0.8
  Scheduler:  cosine
  Warmup:     0
  Grad clip:  None
  Drop last:  True
  Data dir:   ./data
================================================================================


================================================================================
DISTRIBUTED TRAINING LAUNCHER
================================================================================
  Model:      wide_resnet50_2 (CIFAR stem) (from scratch)
  Dataset:    cifar10 (10 classes)
  Image size: 32
  LR:         0.8
  Momentum:   0.9 (nesterov=True)
  Optimizer:  sgd
  Weight dec: 0.0005 (on BN/bias=False)
  Backend:    mpi
  Algorithm:  recursive_doubling_zfp_online_coll
  ZFP rate:   16
  Epochs:     5
  Batch/rank: 128
  LR:         0.8
  Scheduler:  cosine
  Warmup:     0
  Grad clip:  None
  Drop last:  True
  Data dir:   ./data
================================================================================


================================================================================
DISTRIBUTED TRAINING LAUNCHER
================================================================================
  Model:      wide_resnet50_2 (CIFAR stem) (from scratch)
  Dataset:    cifar10 (10 classes)
  Image size: 32
  LR:         0.8
  Momentum:   0.9 (nesterov=True)
  Optimizer:  sgd
  Weight dec: 0.0005 (on BN/bias=False)
  Backend:    mpi
  Algorithm:  recursive_doubling_zfp_online_coll
  ZFP rate:   16
  Epochs:     5
  Batch/rank: 128
  LR:         0.8
  Scheduler:  cosine
  Warmup:     0
  Grad clip:  None
  Drop last:  True
  Data dir:   ./data
================================================================================


================================================================================
Distributed Training: WIDE_RESNET50_2 on CIFAR10
Backend: MPI, Algorithm: recursive_doubling_zfp_online_coll
================================================================================
Ranks: 8, Epochs: 5, Batch/rank: 128, Effective batch: 1024
LR: 0.8, Device: cuda:0

[Cache] Pretrained weights cache (TORCH_HOME) = /eagle/UIC-HPC/matilderestelli/pretrained_weights_cache
[Setup] Model on cuda:0, wrapped in DDP (static_graph=True)
[Setup] Hook registered: mpi/recursive_doubling_zfp_online_coll
[Optim] SGD: lr=0.8 momentum=0.9 nesterov=True wd=0.0005 wd_on_bn_bias=False
[Optim]   group 0: 66,778,816 params, wd=0.0005
[Optim]   group 1: 68,234 params, wd=0.0
[Data] Train batches: 48, Val batches: 79

[Sched] cosine: steps/epoch=48, total_steps=240, warmup_steps=0 (0 epochs)


[Epoch 1] Training... (lr at epoch start=0.800000)
[Epoch 1] Train Loss: 7.6100, Acc: 11.41%  |  Val Loss: 7.4950, Acc: 10.20%  |  Time: 9.6s
[Epoch 1] t_iter median: 117.22 ms  (fwd 23.54 | bwd+comm 90.20 | opt 3.35 | data 0.12)  |  train-only epoch: 7.2s
  -> Best model saved (10.20%)
[Epoch 1] Summarizing hook timing...

[HOOK_TIMING_SUMMARY] epoch=1
[HOOK_WORK_SUMMARY] label=mpi:recursive_doubling_zfp_online_coll:rate16 calls=370 work_total_ms=5089.194 work_mean_ms=13.755 work_min_ms=2.721 work_max_ms=136.931
[HOOK_TAIL_SUMMARY] label=mpi:recursive_doubling_zfp_online_coll:rate16 steps=49 tail_total_ms=4752.873 tail_mean_ms=96.997 tail_min_ms=63.296 tail_max_ms=142.433
[Epoch 1] Hook timing summary done

[Epoch 2] Training... (lr at epoch start=0.723607)
[Epoch 2] Train Loss: 2.4633, Acc: 10.60%  |  Val Loss: 2.3146, Acc: 10.00%  |  Time: 8.2s
[Epoch 2] t_iter median: 117.22 ms  (fwd 23.48 | bwd+comm 90.45 | opt 3.20 | data 0.07)  |  train-only epoch: 6.0s
[Epoch 2] Summarizing hook timing...

[HOOK_TIMING_SUMMARY] epoch=2
[HOOK_WORK_SUMMARY] label=mpi:recursive_doubling_zfp_online_coll:rate16 calls=384 work_total_ms=5087.382 work_mean_ms=13.248 work_min_ms=2.771 work_max_ms=62.207
[HOOK_TAIL_SUMMARY] label=mpi:recursive_doubling_zfp_online_coll:rate16 steps=48 tail_total_ms=4683.602 tail_mean_ms=97.575 tail_min_ms=79.881 tail_max_ms=110.320
[Epoch 2] Hook timing summary done

[Epoch 3] Training... (lr at epoch start=0.523607)
[Epoch 3] Train Loss: 2.3733, Acc: 10.24%  |  Val Loss: 2.3177, Acc: 10.00%  |  Time: 8.2s
[Epoch 3] t_iter median: 117.25 ms  (fwd 23.48 | bwd+comm 90.36 | opt 3.29 | data 0.13)  |  train-only epoch: 6.0s
[Epoch 3] Summarizing hook timing...

[HOOK_TIMING_SUMMARY] epoch=3
[HOOK_WORK_SUMMARY] label=mpi:recursive_doubling_zfp_online_coll:rate16 calls=384 work_total_ms=5124.474 work_mean_ms=13.345 work_min_ms=2.626 work_max_ms=80.103
[HOOK_TAIL_SUMMARY] label=mpi:recursive_doubling_zfp_online_coll:rate16 steps=48 tail_total_ms=4688.219 tail_mean_ms=97.671 tail_min_ms=95.478 tail_max_ms=126.575
[Epoch 3] Hook timing summary done

[Epoch 4] Training... (lr at epoch start=0.276393)
[Epoch 4] Train Loss: 2.3204, Acc: 10.07%  |  Val Loss: 2.3465, Acc: 10.04%  |  Time: 8.2s
[Epoch 4] t_iter median: 117.36 ms  (fwd 23.48 | bwd+comm 90.51 | opt 3.28 | data 0.08)  |  train-only epoch: 6.0s
[Epoch 4] Summarizing hook timing...

[HOOK_TIMING_SUMMARY] epoch=4
[HOOK_WORK_SUMMARY] label=mpi:recursive_doubling_zfp_online_coll:rate16 calls=384 work_total_ms=5102.966 work_mean_ms=13.289 work_min_ms=2.405 work_max_ms=62.204
[HOOK_TAIL_SUMMARY] label=mpi:recursive_doubling_zfp_online_coll:rate16 steps=48 tail_total_ms=4676.333 tail_mean_ms=97.424 tail_min_ms=95.159 tail_max_ms=110.653
[Epoch 4] Hook timing summary done

[Epoch 5] Training... (lr at epoch start=0.076393)
[Epoch 5] Train Loss: 2.4269, Acc: 10.99%  |  Val Loss: 2.3491, Acc: 10.06%  |  Time: 8.2s
[Epoch 5] t_iter median: 117.41 ms  (fwd 23.49 | bwd+comm 90.52 | opt 3.28 | data 0.13)  |  train-only epoch: 6.0s
[Epoch 5] Summarizing hook timing...

[HOOK_TIMING_SUMMARY] epoch=5
[HOOK_WORK_SUMMARY] label=mpi:recursive_doubling_zfp_online_coll:rate16 calls=384 work_total_ms=5117.503 work_mean_ms=13.327 work_min_ms=2.739 work_max_ms=62.270
[HOOK_TAIL_SUMMARY] label=mpi:recursive_doubling_zfp_online_coll:rate16 steps=48 tail_total_ms=4679.394 tail_mean_ms=97.487 tail_min_ms=95.313 tail_max_ms=121.750
[Epoch 5] Hook timing summary done

================================================================================
Done in 43.4s | Best val acc: 10.20%
Epoch times (train+val): mean=8.5s  min=8.2s  max=9.6s
Train-only epoch time (epochs 2..N): median=5.99s  min=5.95s  max=6.00s
  -> use this for STRONG scaling (fixed global batch)
  -> use t_iter_median_ms from the CSV for WEAK scaling (fixed local batch)
================================================================================
=== Finished: model=wide_resnet50_2, dataset=cifar10, batch=128, lr=0.80, scheduler=cosine, backend=mpi, hook=recursive_doubling_zfp_online_coll, zfp_rate=16, status=0 at Wed Jul 22 03:53:16 PM UTC 2026 ===
=== Starting: model=wide_resnet50_2, ws=8, bs=128, gb=1024, lr=0.80, sched=cosine, warmup=0, epochs=5, mom=0.9, wd=5e-4, nesterov=true, wd_bn_bias=false, backend=mpi, hook=recursive_doubling_zfp_online_coll, zfp=8 at Wed Jul 22 03:53:16 PM UTC 2026 ===

================================================================================
DISTRIBUTED TRAINING LAUNCHER
================================================================================
  Model:      wide_resnet50_2 (CIFAR stem) (from scratch)
  Dataset:    cifar10 (10 classes)
  Image size: 32
  LR:         0.8
  Momentum:   0.9 (nesterov=True)
  Optimizer:  sgd
  Weight dec: 0.0005 (on BN/bias=False)
  Backend:    mpi
  Algorithm:  recursive_doubling_zfp_online_coll
  ZFP rate:   8
  Epochs:     5
  Batch/rank: 128
  LR:         0.8
  Scheduler:  cosine
  Warmup:     0
  Grad clip:  None
  Drop last:  True
  Data dir:   ./data
================================================================================


================================================================================
DISTRIBUTED TRAINING LAUNCHER
================================================================================
  Model:      wide_resnet50_2 (CIFAR stem) (from scratch)
  Dataset:    cifar10 (10 classes)
  Image size: 32
  LR:         0.8
  Momentum:   0.9 (nesterov=True)
  Optimizer:  sgd
  Weight dec: 0.0005 (on BN/bias=False)
  Backend:    mpi
  Algorithm:  recursive_doubling_zfp_online_coll
  ZFP rate:   8
  Epochs:     5
  Batch/rank: 128
  LR:         0.8
  Scheduler:  cosine
  Warmup:     0
  Grad clip:  None
  Drop last:  True
  Data dir:   ./data
================================================================================


================================================================================
DISTRIBUTED TRAINING LAUNCHER
================================================================================
  Model:      wide_resnet50_2 (CIFAR stem) (from scratch)
  Dataset:    cifar10 (10 classes)
  Image size: 32
  LR:         0.8
  Momentum:   0.9 (nesterov=True)
  Optimizer:  sgd
  Weight dec: 0.0005 (on BN/bias=False)
  Backend:    mpi
  Algorithm:  recursive_doubling_zfp_online_coll
  ZFP rate:   8
  Epochs:     5
  Batch/rank: 128
  LR:         0.8
  Scheduler:  cosine
  Warmup:     0
  Grad clip:  None
  Drop last:  True
  Data dir:   ./data
================================================================================


================================================================================
DISTRIBUTED TRAINING LAUNCHER
================================================================================
  Model:      wide_resnet50_2 (CIFAR stem) (from scratch)
  Dataset:    cifar10 (10 classes)
  Image size: 32
  LR:         0.8
  Momentum:   0.9 (nesterov=True)
  Optimizer:  sgd
  Weight dec: 0.0005 (on BN/bias=False)
  Backend:    mpi
  Algorithm:  recursive_doubling_zfp_online_coll
  ZFP rate:   8
  Epochs:     5
  Batch/rank: 128
  LR:         0.8
  Scheduler:  cosine
  Warmup:     0
  Grad clip:  None
  Drop last:  True
  Data dir:   ./data
================================================================================


================================================================================
DISTRIBUTED TRAINING LAUNCHER
================================================================================
  Model:      wide_resnet50_2 (CIFAR stem) (from scratch)
  Dataset:    cifar10 (10 classes)
  Image size: 32
  LR:         0.8
  Momentum:   0.9 (nesterov=True)
  Optimizer:  sgd
  Weight dec: 0.0005 (on BN/bias=False)
  Backend:    mpi
  Algorithm:  recursive_doubling_zfp_online_coll
  ZFP rate:   8
  Epochs:     5
  Batch/rank: 128
  LR:         0.8
  Scheduler:  cosine
  Warmup:     0
  Grad clip:  None
  Drop last:  True
  Data dir:   ./data
================================================================================


================================================================================
DISTRIBUTED TRAINING LAUNCHER
================================================================================
  Model:      wide_resnet50_2 (CIFAR stem) (from scratch)
  Dataset:    cifar10 (10 classes)
  Image size: 32
  LR:         0.8
  Momentum:   0.9 (nesterov=True)
  Optimizer:  sgd
  Weight dec: 0.0005 (on BN/bias=False)
  Backend:    mpi
  Algorithm:  recursive_doubling_zfp_online_coll
  ZFP rate:   8
  Epochs:     5
  Batch/rank: 128
  LR:         0.8
  Scheduler:  cosine
  Warmup:     0
  Grad clip:  None
  Drop last:  True
  Data dir:   ./data
================================================================================


================================================================================
DISTRIBUTED TRAINING LAUNCHER
================================================================================
  Model:      wide_resnet50_2 (CIFAR stem) (from scratch)
  Dataset:    cifar10 (10 classes)
  Image size: 32
  LR:         0.8
  Momentum:   0.9 (nesterov=True)
  Optimizer:  sgd
  Weight dec: 0.0005 (on BN/bias=False)
  Backend:    mpi
  Algorithm:  recursive_doubling_zfp_online_coll
  ZFP rate:   8
  Epochs:     5
  Batch/rank: 128
  LR:         0.8
  Scheduler:  cosine
  Warmup:     0
  Grad clip:  None
  Drop last:  True
  Data dir:   ./data
================================================================================


================================================================================
DISTRIBUTED TRAINING LAUNCHER
================================================================================
  Model:      wide_resnet50_2 (CIFAR stem) (from scratch)
  Dataset:    cifar10 (10 classes)
  Image size: 32
  LR:         0.8
  Momentum:   0.9 (nesterov=True)
  Optimizer:  sgd
  Weight dec: 0.0005 (on BN/bias=False)
  Backend:    mpi
  Algorithm:  recursive_doubling_zfp_online_coll
  ZFP rate:   8
  Epochs:     5
  Batch/rank: 128
  LR:         0.8
  Scheduler:  cosine
  Warmup:     0
  Grad clip:  None
  Drop last:  True
  Data dir:   ./data
================================================================================


================================================================================
Distributed Training: WIDE_RESNET50_2 on CIFAR10
Backend: MPI, Algorithm: recursive_doubling_zfp_online_coll
================================================================================
Ranks: 8, Epochs: 5, Batch/rank: 128, Effective batch: 1024
LR: 0.8, Device: cuda:0

[Cache] Pretrained weights cache (TORCH_HOME) = /eagle/UIC-HPC/matilderestelli/pretrained_weights_cache
[Setup] Model on cuda:0, wrapped in DDP (static_graph=True)
[Setup] Hook registered: mpi/recursive_doubling_zfp_online_coll
[Optim] SGD: lr=0.8 momentum=0.9 nesterov=True wd=0.0005 wd_on_bn_bias=False
[Optim]   group 0: 66,778,816 params, wd=0.0005
[Optim]   group 1: 68,234 params, wd=0.0
[Data] Train batches: 48, Val batches: 79

[Sched] cosine: steps/epoch=48, total_steps=240, warmup_steps=0 (0 epochs)


[Epoch 1] Training... (lr at epoch start=0.800000)
[Epoch 1] Train Loss: 7.4289, Acc: 10.48%  |  Val Loss: 2.3280, Acc: 10.00%  |  Time: 8.9s
[Epoch 1] t_iter median: 103.04 ms  (fwd 23.54 | bwd+comm 76.00 | opt 3.33 | data 0.12)  |  train-only epoch: 6.6s
  -> Best model saved (10.00%)
[Epoch 1] Summarizing hook timing...

[HOOK_TIMING_SUMMARY] epoch=1
[HOOK_WORK_SUMMARY] label=mpi:recursive_doubling_zfp_online_coll:rate8 calls=370 work_total_ms=4417.173 work_mean_ms=11.938 work_min_ms=2.325 work_max_ms=133.123
[HOOK_TAIL_SUMMARY] label=mpi:recursive_doubling_zfp_online_coll:rate8 steps=49 tail_total_ms=4068.261 tail_mean_ms=83.026 tail_min_ms=61.179 tail_max_ms=138.027
[Epoch 1] Hook timing summary done

[Epoch 2] Training... (lr at epoch start=0.723607)
[Epoch 2] Train Loss: 2.3579, Acc: 9.86%  |  Val Loss: 2.3202, Acc: 10.00%  |  Time: 7.5s
[Epoch 2] t_iter median: 102.81 ms  (fwd 23.47 | bwd+comm 75.98 | opt 3.21 | data 0.12)  |  train-only epoch: 5.3s
[Epoch 2] Summarizing hook timing...

[HOOK_TIMING_SUMMARY] epoch=2
[HOOK_WORK_SUMMARY] label=mpi:recursive_doubling_zfp_online_coll:rate8 calls=384 work_total_ms=4391.891 work_mean_ms=11.437 work_min_ms=2.187 work_max_ms=62.250
[HOOK_TAIL_SUMMARY] label=mpi:recursive_doubling_zfp_online_coll:rate8 steps=48 tail_total_ms=3984.087 tail_mean_ms=83.002 tail_min_ms=64.499 tail_max_ms=94.219
[Epoch 2] Hook timing summary done

[Epoch 3] Training... (lr at epoch start=0.523607)
[Epoch 3] Train Loss: 2.3204, Acc: 10.24%  |  Val Loss: 2.3262, Acc: 10.00%  |  Time: 7.6s
[Epoch 3] t_iter median: 102.84 ms  (fwd 23.46 | bwd+comm 76.08 | opt 3.27 | data 0.08)  |  train-only epoch: 5.3s
[Epoch 3] Summarizing hook timing...

[HOOK_TIMING_SUMMARY] epoch=3
[HOOK_WORK_SUMMARY] label=mpi:recursive_doubling_zfp_online_coll:rate8 calls=384 work_total_ms=4442.586 work_mean_ms=11.569 work_min_ms=2.229 work_max_ms=62.179
[HOOK_TAIL_SUMMARY] label=mpi:recursive_doubling_zfp_online_coll:rate8 steps=48 tail_total_ms=4034.642 tail_mean_ms=84.055 tail_min_ms=82.346 tail_max_ms=107.592
[Epoch 3] Hook timing summary done

[Epoch 4] Training... (lr at epoch start=0.276393)
[Epoch 4] Train Loss: 2.3238, Acc: 10.40%  |  Val Loss: 2.3286, Acc: 10.02%  |  Time: 7.5s
[Epoch 4] t_iter median: 102.84 ms  (fwd 23.44 | bwd+comm 76.05 | opt 3.27 | data 0.08)  |  train-only epoch: 5.3s
  -> Best model saved (10.02%)
[Epoch 4] Summarizing hook timing...

[HOOK_TIMING_SUMMARY] epoch=4
[HOOK_WORK_SUMMARY] label=mpi:recursive_doubling_zfp_online_coll:rate8 calls=384 work_total_ms=4446.228 work_mean_ms=11.579 work_min_ms=2.171 work_max_ms=62.247
[HOOK_TAIL_SUMMARY] label=mpi:recursive_doubling_zfp_online_coll:rate8 steps=48 tail_total_ms=4052.111 tail_mean_ms=84.419 tail_min_ms=82.605 tail_max_ms=115.629
[Epoch 4] Hook timing summary done

[Epoch 5] Training... (lr at epoch start=0.076393)
[Epoch 5] Train Loss: 2.3247, Acc: 11.04%  |  Val Loss: 2.3290, Acc: 10.04%  |  Time: 7.5s
[Epoch 5] t_iter median: 102.92 ms  (fwd 23.45 | bwd+comm 75.99 | opt 3.36 | data 0.09)  |  train-only epoch: 5.3s
  -> Best model saved (10.04%)
[Epoch 5] Summarizing hook timing...

[HOOK_TIMING_SUMMARY] epoch=5
[HOOK_WORK_SUMMARY] label=mpi:recursive_doubling_zfp_online_coll:rate8 calls=384 work_total_ms=4407.373 work_mean_ms=11.478 work_min_ms=2.250 work_max_ms=62.262
[HOOK_TAIL_SUMMARY] label=mpi:recursive_doubling_zfp_online_coll:rate8 steps=48 tail_total_ms=4000.651 tail_mean_ms=83.347 tail_min_ms=80.007 tail_max_ms=93.448
[Epoch 5] Hook timing summary done

================================================================================
Done in 41.7s | Best val acc: 10.04%
Epoch times (train+val): mean=7.8s  min=7.5s  max=8.9s
Train-only epoch time (epochs 2..N): median=5.29s  min=5.27s  max=5.31s
  -> use this for STRONG scaling (fixed global batch)
  -> use t_iter_median_ms from the CSV for WEAK scaling (fixed local batch)
================================================================================
=== Finished: model=wide_resnet50_2, dataset=cifar10, batch=128, lr=0.80, scheduler=cosine, backend=mpi, hook=recursive_doubling_zfp_online_coll, zfp_rate=8, status=0 at Wed Jul 22 03:54:07 PM UTC 2026 ===
=== Starting: model=wide_resnet50_2, ws=8, bs=128, gb=1024, lr=0.80, sched=cosine, warmup=0, epochs=5, mom=0.9, wd=5e-4, nesterov=true, wd_bn_bias=false, backend=mpi, hook=default, zfp=none at Wed Jul 22 03:54:07 PM UTC 2026 ===

================================================================================
DISTRIBUTED TRAINING LAUNCHER
================================================================================
  Model:      wide_resnet50_2 (CIFAR stem) (from scratch)
  Dataset:    cifar10 (10 classes)
  Image size: 32
  LR:         0.8
  Momentum:   0.9 (nesterov=True)
  Optimizer:  sgd
  Weight dec: 0.0005 (on BN/bias=False)
  Backend:    mpi
  Algorithm:  default
  Epochs:     5
  Batch/rank: 128
  LR:         0.8
  Scheduler:  cosine
  Warmup:     0
  Grad clip:  None
  Drop last:  True
  Data dir:   ./data
================================================================================


================================================================================
DISTRIBUTED TRAINING LAUNCHER
================================================================================
  Model:      wide_resnet50_2 (CIFAR stem) (from scratch)
  Dataset:    cifar10 (10 classes)
  Image size: 32
  LR:         0.8
  Momentum:   0.9 (nesterov=True)
  Optimizer:  sgd
  Weight dec: 0.0005 (on BN/bias=False)
  Backend:    mpi
  Algorithm:  default
  Epochs:     5
  Batch/rank: 128
  LR:         0.8
  Scheduler:  cosine
  Warmup:     0
  Grad clip:  None
  Drop last:  True
  Data dir:   ./data
================================================================================


================================================================================
DISTRIBUTED TRAINING LAUNCHER
================================================================================
  Model:      wide_resnet50_2 (CIFAR stem) (from scratch)
  Dataset:    cifar10 (10 classes)
  Image size: 32
  LR:         0.8
  Momentum:   0.9 (nesterov=True)
  Optimizer:  sgd
  Weight dec: 0.0005 (on BN/bias=False)
  Backend:    mpi
  Algorithm:  default
  Epochs:     5
  Batch/rank: 128
  LR:         0.8
  Scheduler:  cosine
  Warmup:     0
  Grad clip:  None
  Drop last:  True
  Data dir:   ./data
================================================================================


================================================================================
DISTRIBUTED TRAINING LAUNCHER
================================================================================
  Model:      wide_resnet50_2 (CIFAR stem) (from scratch)
  Dataset:    cifar10 (10 classes)
  Image size: 32
  LR:         0.8
  Momentum:   0.9 (nesterov=True)
  Optimizer:  sgd
  Weight dec: 0.0005 (on BN/bias=False)
  Backend:    mpi
  Algorithm:  default
  Epochs:     5
  Batch/rank: 128
  LR:         0.8
  Scheduler:  cosine
  Warmup:     0
  Grad clip:  None
  Drop last:  True
  Data dir:   ./data
================================================================================


================================================================================
DISTRIBUTED TRAINING LAUNCHER
================================================================================
  Model:      wide_resnet50_2 (CIFAR stem) (from scratch)
  Dataset:    cifar10 (10 classes)
  Image size: 32
  LR:         0.8
  Momentum:   0.9 (nesterov=True)
  Optimizer:  sgd
  Weight dec: 0.0005 (on BN/bias=False)
  Backend:    mpi
  Algorithm:  default
  Epochs:     5
  Batch/rank: 128
  LR:         0.8
  Scheduler:  cosine
  Warmup:     0
  Grad clip:  None
  Drop last:  True
  Data dir:   ./data
================================================================================


================================================================================
DISTRIBUTED TRAINING LAUNCHER
================================================================================
  Model:      wide_resnet50_2 (CIFAR stem) (from scratch)
  Dataset:    cifar10 (10 classes)
  Image size: 32
  LR:         0.8
  Momentum:   0.9 (nesterov=True)
  Optimizer:  sgd
  Weight dec: 0.0005 (on BN/bias=False)
  Backend:    mpi
  Algorithm:  default
  Epochs:     5
  Batch/rank: 128
  LR:         0.8
  Scheduler:  cosine
  Warmup:     0
  Grad clip:  None
  Drop last:  True
  Data dir:   ./data
================================================================================


================================================================================
DISTRIBUTED TRAINING LAUNCHER
================================================================================
  Model:      wide_resnet50_2 (CIFAR stem) (from scratch)
  Dataset:    cifar10 (10 classes)
  Image size: 32
  LR:         0.8
  Momentum:   0.9 (nesterov=True)
  Optimizer:  sgd
  Weight dec: 0.0005 (on BN/bias=False)
  Backend:    mpi
  Algorithm:  default
  Epochs:     5
  Batch/rank: 128
  LR:         0.8
  Scheduler:  cosine
  Warmup:     0
  Grad clip:  None
  Drop last:  True
  Data dir:   ./data
================================================================================


================================================================================
DISTRIBUTED TRAINING LAUNCHER
================================================================================
  Model:      wide_resnet50_2 (CIFAR stem) (from scratch)
  Dataset:    cifar10 (10 classes)
  Image size: 32
  LR:         0.8
  Momentum:   0.9 (nesterov=True)
  Optimizer:  sgd
  Weight dec: 0.0005 (on BN/bias=False)
  Backend:    mpi
  Algorithm:  default
  Epochs:     5
  Batch/rank: 128
  LR:         0.8
  Scheduler:  cosine
  Warmup:     0
  Grad clip:  None
  Drop last:  True
  Data dir:   ./data
================================================================================


================================================================================
Distributed Training: WIDE_RESNET50_2 on CIFAR10
Backend: MPI, Algorithm: default
================================================================================
Ranks: 8, Epochs: 5, Batch/rank: 128, Effective batch: 1024
LR: 0.8, Device: cuda:0

[Cache] Pretrained weights cache (TORCH_HOME) = /eagle/UIC-HPC/matilderestelli/pretrained_weights_cache
[Setup] Model on cuda:0, wrapped in DDP (static_graph=True)
[Setup] Hook registered: mpi/default
[Optim] SGD: lr=0.8 momentum=0.9 nesterov=True wd=0.0005 wd_on_bn_bias=False
[Optim]   group 0: 66,778,816 params, wd=0.0005
[Optim]   group 1: 68,234 params, wd=0.0
[Data] Train batches: 48, Val batches: 79

[Sched] cosine: steps/epoch=48, total_steps=240, warmup_steps=0 (0 epochs)


[Epoch 1] Training... (lr at epoch start=0.800000)
[Epoch 1] Train Loss: 37.8772, Acc: 10.06%  |  Val Loss: 2.5263, Acc: 10.00%  |  Time: 7.5s
[Epoch 1] t_iter median: 73.82 ms  (fwd 23.76 | bwd+comm 46.96 | opt 2.97 | data 0.14)  |  train-only epoch: 5.2s
  -> Best model saved (10.00%)
[Epoch 1] Summarizing hook timing...

[HOOK_TIMING_SUMMARY] epoch=1
[HOOK_WORK_SUMMARY] label=mpi:default calls=370 work_total_ms=7504.357 work_mean_ms=20.282 work_min_ms=1.666 work_max_ms=82.475
[HOOK_TAIL_SUMMARY] label=mpi:default steps=49 tail_total_ms=1541.489 tail_mean_ms=31.459 tail_min_ms=4.189 tail_max_ms=82.718
[Epoch 1] Hook timing summary done

[Epoch 2] Training... (lr at epoch start=0.723607)
[Epoch 2] Train Loss: 4.2964, Acc: 9.75%  |  Val Loss: 139.3503, Acc: 10.05%  |  Time: 6.1s
[Epoch 2] t_iter median: 73.88 ms  (fwd 23.46 | bwd+comm 47.34 | opt 2.97 | data 0.08)  |  train-only epoch: 3.9s
  -> Best model saved (10.05%)
[Epoch 2] Summarizing hook timing...

[HOOK_TIMING_SUMMARY] epoch=2
[HOOK_WORK_SUMMARY] label=mpi:default calls=384 work_total_ms=15215.157 work_mean_ms=39.623 work_min_ms=1.848 work_max_ms=60.326
[HOOK_TAIL_SUMMARY] label=mpi:default steps=48 tail_total_ms=2486.560 tail_mean_ms=51.803 tail_min_ms=20.622 tail_max_ms=59.152
[Epoch 2] Hook timing summary done

[Epoch 3] Training... (lr at epoch start=0.523607)
[Epoch 3] Train Loss: 5126346.8196, Acc: 10.38%  |  Val Loss: nan, Acc: 10.09%  |  Time: 6.1s
[Epoch 3] t_iter median: 73.71 ms  (fwd 23.47 | bwd+comm 47.16 | opt 2.96 | data 0.07)  |  train-only epoch: 3.9s
  -> Best model saved (10.09%)
[Epoch 3] Summarizing hook timing...

[HOOK_TIMING_SUMMARY] epoch=3
[HOOK_WORK_SUMMARY] label=mpi:default calls=384 work_total_ms=12847.667 work_mean_ms=33.457 work_min_ms=1.711 work_max_ms=55.041
[HOOK_TAIL_SUMMARY] label=mpi:default steps=48 tail_total_ms=2188.913 tail_mean_ms=45.602 tail_min_ms=14.394 tail_max_ms=54.403
[Epoch 3] Hook timing summary done

[Epoch 4] Training... (lr at epoch start=0.276393)
[Epoch 4] Train Loss: 41483613115707.8359, Acc: 9.46%  |  Val Loss: 975008904170831478784.0000, Acc: 10.00%  |  Time: 6.1s
[Epoch 4] t_iter median: 73.73 ms  (fwd 23.49 | bwd+comm 47.15 | opt 2.96 | data 0.08)  |  train-only epoch: 3.9s
[Epoch 4] Summarizing hook timing...

[HOOK_TIMING_SUMMARY] epoch=4
[HOOK_WORK_SUMMARY] label=mpi:default calls=384 work_total_ms=12385.406 work_mean_ms=32.254 work_min_ms=1.615 work_max_ms=53.119
[HOOK_TAIL_SUMMARY] label=mpi:default steps=48 tail_total_ms=2113.271 tail_mean_ms=44.026 tail_min_ms=17.303 tail_max_ms=52.760
[Epoch 4] Hook timing summary done

[Epoch 5] Training... (lr at epoch start=0.076393)
[Epoch 5] Train Loss: 439034833010688.0000, Acc: 9.49%  |  Val Loss: nan, Acc: 10.00%  |  Time: 6.2s
[Epoch 5] t_iter median: 74.06 ms  (fwd 23.43 | bwd+comm 47.33 | opt 3.15 | data 0.12)  |  train-only epoch: 3.9s
[Epoch 5] Summarizing hook timing...

[HOOK_TIMING_SUMMARY] epoch=5
[HOOK_WORK_SUMMARY] label=mpi:default calls=384 work_total_ms=16010.981 work_mean_ms=41.695 work_min_ms=20.449 work_max_ms=62.830
[HOOK_TAIL_SUMMARY] label=mpi:default steps=48 tail_total_ms=2593.776 tail_mean_ms=54.037 tail_min_ms=52.484 tail_max_ms=62.284
[Epoch 5] Hook timing summary done

================================================================================
Done in 34.8s | Best val acc: 10.09%
Epoch times (train+val): mean=6.4s  min=6.1s  max=7.5s
Train-only epoch time (epochs 2..N): median=3.87s  min=3.87s  max=3.92s
  -> use this for STRONG scaling (fixed global batch)
  -> use t_iter_median_ms from the CSV for WEAK scaling (fixed local batch)
================================================================================
=== Finished: model=wide_resnet50_2, dataset=cifar10, batch=128, lr=0.80, scheduler=cosine, backend=mpi, hook=default, zfp_rate=none, status=0 at Wed Jul 22 03:54:51 PM UTC 2026 ===
=== Starting: model=wide_resnet50_2, ws=8, bs=8, gb=64, lr=0.10, sched=cosine, warmup=0, epochs=5, mom=0.9, wd=5e-4, nesterov=true, wd_bn_bias=false, backend=mpi, hook=ring_zfp_naive, zfp=16 at Wed Jul 22 03:54:51 PM UTC 2026 ===

================================================================================
DISTRIBUTED TRAINING LAUNCHER
================================================================================
  Model:      wide_resnet50_2 (CIFAR stem) (from scratch)
  Dataset:    cifar10 (10 classes)
  Image size: 32
  LR:         0.1
  Momentum:   0.9 (nesterov=True)
  Optimizer:  sgd
  Weight dec: 0.0005 (on BN/bias=False)
  Backend:    mpi
  Algorithm:  ring_zfp_naive
  ZFP rate:   16
  Epochs:     5
  Batch/rank: 8
  LR:         0.1
  Scheduler:  cosine
  Warmup:     0
  Grad clip:  None
  Drop last:  True
  Data dir:   ./data
================================================================================


================================================================================
DISTRIBUTED TRAINING LAUNCHER
================================================================================
  Model:      wide_resnet50_2 (CIFAR stem) (from scratch)
  Dataset:    cifar10 (10 classes)
  Image size: 32
  LR:         0.1
  Momentum:   0.9 (nesterov=True)
  Optimizer:  sgd
  Weight dec: 0.0005 (on BN/bias=False)
  Backend:    mpi
  Algorithm:  ring_zfp_naive
  ZFP rate:   16
  Epochs:     5
  Batch/rank: 8
  LR:         0.1
  Scheduler:  cosine
  Warmup:     0
  Grad clip:  None
  Drop last:  True
  Data dir:   ./data
================================================================================


================================================================================
DISTRIBUTED TRAINING LAUNCHER
================================================================================
  Model:      wide_resnet50_2 (CIFAR stem) (from scratch)
  Dataset:    cifar10 (10 classes)
  Image size: 32
  LR:         0.1
  Momentum:   0.9 (nesterov=True)
  Optimizer:  sgd
  Weight dec: 0.0005 (on BN/bias=False)
  Backend:    mpi
  Algorithm:  ring_zfp_naive
  ZFP rate:   16
  Epochs:     5
  Batch/rank: 8
  LR:         0.1
  Scheduler:  cosine
  Warmup:     0
  Grad clip:  None
  Drop last:  True
  Data dir:   ./data
================================================================================


================================================================================
DISTRIBUTED TRAINING LAUNCHER
================================================================================
  Model:      wide_resnet50_2 (CIFAR stem) (from scratch)
  Dataset:    cifar10 (10 classes)
  Image size: 32
  LR:         0.1
  Momentum:   0.9 (nesterov=True)
  Optimizer:  sgd
  Weight dec: 0.0005 (on BN/bias=False)
  Backend:    mpi
  Algorithm:  ring_zfp_naive
  ZFP rate:   16
  Epochs:     5
  Batch/rank: 8
  LR:         0.1
  Scheduler:  cosine
  Warmup:     0
  Grad clip:  None
  Drop last:  True
  Data dir:   ./data
================================================================================


================================================================================
DISTRIBUTED TRAINING LAUNCHER
================================================================================
  Model:      wide_resnet50_2 (CIFAR stem) (from scratch)
  Dataset:    cifar10 (10 classes)
  Image size: 32
  LR:         0.1
  Momentum:   0.9 (nesterov=True)
  Optimizer:  sgd
  Weight dec: 0.0005 (on BN/bias=False)
  Backend:    mpi
  Algorithm:  ring_zfp_naive
  ZFP rate:   16
  Epochs:     5
  Batch/rank: 8
  LR:         0.1
  Scheduler:  cosine
  Warmup:     0
  Grad clip:  None
  Drop last:  True
  Data dir:   ./data
================================================================================


================================================================================
DISTRIBUTED TRAINING LAUNCHER
================================================================================
  Model:      wide_resnet50_2 (CIFAR stem) (from scratch)
  Dataset:    cifar10 (10 classes)
  Image size: 32
  LR:         0.1
  Momentum:   0.9 (nesterov=True)
  Optimizer:  sgd
  Weight dec: 0.0005 (on BN/bias=False)
  Backend:    mpi
  Algorithm:  ring_zfp_naive
  ZFP rate:   16
  Epochs:     5
  Batch/rank: 8
  LR:         0.1
  Scheduler:  cosine
  Warmup:     0
  Grad clip:  None
  Drop last:  True
  Data dir:   ./data
================================================================================


================================================================================
DISTRIBUTED TRAINING LAUNCHER
================================================================================
  Model:      wide_resnet50_2 (CIFAR stem) (from scratch)
  Dataset:    cifar10 (10 classes)
  Image size: 32
  LR:         0.1
  Momentum:   0.9 (nesterov=True)
  Optimizer:  sgd
  Weight dec: 0.0005 (on BN/bias=False)
  Backend:    mpi
  Algorithm:  ring_zfp_naive
  ZFP rate:   16
  Epochs:     5
  Batch/rank: 8
  LR:         0.1
  Scheduler:  cosine
  Warmup:     0
  Grad clip:  None
  Drop last:  True
  Data dir:   ./data
================================================================================


================================================================================
DISTRIBUTED TRAINING LAUNCHER
================================================================================
  Model:      wide_resnet50_2 (CIFAR stem) (from scratch)
  Dataset:    cifar10 (10 classes)
  Image size: 32
  LR:         0.1
  Momentum:   0.9 (nesterov=True)
  Optimizer:  sgd
  Weight dec: 0.0005 (on BN/bias=False)
  Backend:    mpi
  Algorithm:  ring_zfp_naive
  ZFP rate:   16
  Epochs:     5
  Batch/rank: 8
  LR:         0.1
  Scheduler:  cosine
  Warmup:     0
  Grad clip:  None
  Drop last:  True
  Data dir:   ./data
================================================================================


================================================================================
Distributed Training: WIDE_RESNET50_2 on CIFAR10
Backend: MPI, Algorithm: ring_zfp_naive
================================================================================
Ranks: 8, Epochs: 5, Batch/rank: 8, Effective batch: 64
LR: 0.1, Device: cuda:0

[Cache] Pretrained weights cache (TORCH_HOME) = /eagle/UIC-HPC/matilderestelli/pretrained_weights_cache
[Setup] Model on cuda:0, wrapped in DDP (static_graph=True)
[Setup] Hook registered: mpi/ring_zfp_naive
[Optim] SGD: lr=0.1 momentum=0.9 nesterov=True wd=0.0005 wd_on_bn_bias=False
[Optim]   group 0: 66,778,816 params, wd=0.0005
[Optim]   group 1: 68,234 params, wd=0.0
[Data] Train batches: 781, Val batches: 1250

[Sched] cosine: steps/epoch=781, total_steps=3905, warmup_steps=0 (0 epochs)


[Epoch 1] Training... (lr at epoch start=0.100000)
  Batch [50/781] Loss: 10.2148, Acc: 11.50%, lr: 0.099960
  Batch [100/781] Loss: 6.2800, Acc: 11.88%, lr: 0.099838
  Batch [150/781] Loss: 4.9507, Acc: 11.50%, lr: 0.099636
  Batch [200/781] Loss: 4.2903, Acc: 11.25%, lr: 0.099354
  Batch [250/781] Loss: 3.8913, Acc: 11.50%, lr: 0.098992
  Batch [300/781] Loss: 3.6218, Acc: 11.50%, lr: 0.098551
  Batch [350/781] Loss: 3.4310, Acc: 11.71%, lr: 0.098031
  Batch [400/781] Loss: 3.2719, Acc: 12.12%, lr: 0.097433
  Batch [450/781] Loss: 3.1512, Acc: 12.94%, lr: 0.096759
  Batch [500/781] Loss: 3.0502, Acc: 13.57%, lr: 0.096009
  Batch [550/781] Loss: 2.9655, Acc: 14.36%, lr: 0.095185
  Batch [600/781] Loss: 2.8878, Acc: 14.81%, lr: 0.094287
  Batch [650/781] Loss: 2.8247, Acc: 15.38%, lr: 0.093318
  Batch [700/781] Loss: 2.7691, Acc: 15.80%, lr: 0.092279
  Batch [750/781] Loss: 2.7186, Acc: 16.27%, lr: 0.091171
[Epoch 1] Train Loss: 2.6879, Acc: 16.61%  |  Val Loss: 1.9704, Acc: 25.08%  |  Time: 56.6s
[Epoch 1] t_iter median: 61.84 ms  (fwd 6.86 | bwd+comm 51.49 | opt 3.35 | data 0.11)  |  train-only epoch: 49.4s
  -> Best model saved (25.08%)
[Epoch 1] Summarizing hook timing...

[HOOK_TIMING_SUMMARY] epoch=1
[HOOK_WORK_SUMMARY] label=mpi:ring_zfp_naive:rate16 calls=6234 work_total_ms=39091.822 work_mean_ms=6.271 work_min_ms=4.235 work_max_ms=68.166
[HOOK_TAIL_SUMMARY] label=mpi:ring_zfp_naive:rate16 steps=782 tail_total_ms=31843.725 tail_mean_ms=40.721 tail_min_ms=17.208 tail_max_ms=79.102
[Epoch 1] Hook timing summary done

[Epoch 2] Training... (lr at epoch start=0.090451)
  Batch [50/781] Loss: 1.9711, Acc: 24.75%, lr: 0.089236
  Batch [100/781] Loss: 1.9442, Acc: 25.12%, lr: 0.087958
  Batch [150/781] Loss: 1.9516, Acc: 26.58%, lr: 0.086619
  Batch [200/781] Loss: 1.9334, Acc: 27.69%, lr: 0.085220
  Batch [250/781] Loss: 1.9285, Acc: 27.70%, lr: 0.083764
  Batch [300/781] Loss: 1.9266, Acc: 28.08%, lr: 0.082254
  Batch [350/781] Loss: 1.9222, Acc: 28.32%, lr: 0.080691
  Batch [400/781] Loss: 1.9107, Acc: 28.56%, lr: 0.079079
  Batch [450/781] Loss: 1.8935, Acc: 28.86%, lr: 0.077420
  Batch [500/781] Loss: 1.8782, Acc: 29.62%, lr: 0.075716
  Batch [550/781] Loss: 1.8578, Acc: 30.43%, lr: 0.073971
  Batch [600/781] Loss: 1.8450, Acc: 30.96%, lr: 0.072187
  Batch [650/781] Loss: 1.8359, Acc: 31.54%, lr: 0.070367
  Batch [700/781] Loss: 1.8251, Acc: 31.86%, lr: 0.068515
  Batch [750/781] Loss: 1.8131, Acc: 32.18%, lr: 0.066632
[Epoch 2] Train Loss: 1.8085, Acc: 32.36%  |  Val Loss: 1.7095, Acc: 38.79%  |  Time: 55.6s
[Epoch 2] t_iter median: 61.75 ms  (fwd 6.91 | bwd+comm 51.34 | opt 3.30 | data 0.10)  |  train-only epoch: 48.5s
  -> Best model saved (38.79%)
[Epoch 2] Summarizing hook timing...

[HOOK_TIMING_SUMMARY] epoch=2
[HOOK_WORK_SUMMARY] label=mpi:ring_zfp_naive:rate16 calls=6248 work_total_ms=38858.097 work_mean_ms=6.219 work_min_ms=4.248 work_max_ms=10.657
[HOOK_TAIL_SUMMARY] label=mpi:ring_zfp_naive:rate16 steps=781 tail_total_ms=31471.745 tail_mean_ms=40.297 tail_min_ms=39.042 tail_max_ms=47.296
[Epoch 2] Hook timing summary done

[Epoch 3] Training... (lr at epoch start=0.065451)
  Batch [50/781] Loss: 1.5731, Acc: 40.75%, lr: 0.063526
  Batch [100/781] Loss: 1.5913, Acc: 43.00%, lr: 0.061579
  Batch [150/781] Loss: 1.5812, Acc: 42.42%, lr: 0.059614
  Batch [200/781] Loss: 1.5731, Acc: 42.56%, lr: 0.057633
  Batch [250/781] Loss: 1.5867, Acc: 41.95%, lr: 0.055640
  Batch [300/781] Loss: 1.5980, Acc: 42.08%, lr: 0.053637
  Batch [350/781] Loss: 1.5859, Acc: 42.61%, lr: 0.051629
  Batch [400/781] Loss: 1.5737, Acc: 43.09%, lr: 0.049618
  Batch [450/781] Loss: 1.5617, Acc: 43.64%, lr: 0.047608
  Batch [500/781] Loss: 1.5520, Acc: 44.20%, lr: 0.045601
  Batch [550/781] Loss: 1.5391, Acc: 44.48%, lr: 0.043602
  Batch [600/781] Loss: 1.5283, Acc: 44.75%, lr: 0.041613
  Batch [650/781] Loss: 1.5289, Acc: 45.00%, lr: 0.039637
  Batch [700/781] Loss: 1.5183, Acc: 45.14%, lr: 0.037679
  Batch [750/781] Loss: 1.5100, Acc: 45.43%, lr: 0.035740
[Epoch 3] Train Loss: 1.5041, Acc: 45.68%  |  Val Loss: 1.4489, Acc: 52.21%  |  Time: 55.6s
[Epoch 3] t_iter median: 61.58 ms  (fwd 6.86 | bwd+comm 51.32 | opt 3.24 | data 0.11)  |  train-only epoch: 48.4s
  -> Best model saved (52.21%)
[Epoch 3] Summarizing hook timing...

[HOOK_TIMING_SUMMARY] epoch=3
[HOOK_WORK_SUMMARY] label=mpi:ring_zfp_naive:rate16 calls=6248 work_total_ms=38950.155 work_mean_ms=6.234 work_min_ms=4.210 work_max_ms=11.163
[HOOK_TAIL_SUMMARY] label=mpi:ring_zfp_naive:rate16 steps=781 tail_total_ms=31640.287 tail_mean_ms=40.513 tail_min_ms=39.036 tail_max_ms=47.390
[Epoch 3] Hook timing summary done

[Epoch 4] Training... (lr at epoch start=0.034549)
  Batch [50/781] Loss: 1.4010, Acc: 48.50%, lr: 0.032649
  Batch [100/781] Loss: 1.3527, Acc: 51.38%, lr: 0.030778
  Batch [150/781] Loss: 1.3472, Acc: 51.75%, lr: 0.028937
  Batch [200/781] Loss: 1.3476, Acc: 51.62%, lr: 0.027130
  Batch [250/781] Loss: 1.3344, Acc: 51.30%, lr: 0.025361
  Batch [300/781] Loss: 1.3301, Acc: 51.88%, lr: 0.023631
  Batch [350/781] Loss: 1.3283, Acc: 52.14%, lr: 0.021944
  Batch [400/781] Loss: 1.3187, Acc: 52.62%, lr: 0.020302
  Batch [450/781] Loss: 1.3001, Acc: 53.44%, lr: 0.018709
  Batch [500/781] Loss: 1.2966, Acc: 53.55%, lr: 0.017166
  Batch [550/781] Loss: 1.2860, Acc: 53.70%, lr: 0.015676
  Batch [600/781] Loss: 1.2828, Acc: 53.96%, lr: 0.014242
  Batch [650/781] Loss: 1.2768, Acc: 54.38%, lr: 0.012865
  Batch [700/781] Loss: 1.2676, Acc: 54.80%, lr: 0.011549
  Batch [750/781] Loss: 1.2554, Acc: 54.95%, lr: 0.010295
[Epoch 4] Train Loss: 1.2507, Acc: 55.09%  |  Val Loss: 1.2728, Acc: 62.56%  |  Time: 55.6s
[Epoch 4] t_iter median: 61.65 ms  (fwd 6.81 | bwd+comm 51.44 | opt 3.29 | data 0.11)  |  train-only epoch: 48.5s
  -> Best model saved (62.56%)
[Epoch 4] Summarizing hook timing...

[HOOK_TIMING_SUMMARY] epoch=4
[HOOK_WORK_SUMMARY] label=mpi:ring_zfp_naive:rate16 calls=6248 work_total_ms=39032.800 work_mean_ms=6.247 work_min_ms=4.241 work_max_ms=10.878
[HOOK_TAIL_SUMMARY] label=mpi:ring_zfp_naive:rate16 steps=781 tail_total_ms=31749.888 tail_mean_ms=40.653 tail_min_ms=39.224 tail_max_ms=47.717
[Epoch 4] Hook timing summary done

[Epoch 5] Training... (lr at epoch start=0.009549)
  Batch [50/781] Loss: 1.0706, Acc: 60.50%, lr: 0.008400
  Batch [100/781] Loss: 1.0845, Acc: 61.88%, lr: 0.007318
  Batch [150/781] Loss: 1.1008, Acc: 61.08%, lr: 0.006305
  Batch [200/781] Loss: 1.0797, Acc: 60.75%, lr: 0.005363
  Batch [250/781] Loss: 1.0718, Acc: 61.10%, lr: 0.004493
  Batch [300/781] Loss: 1.0657, Acc: 61.29%, lr: 0.003697
  Batch [350/781] Loss: 1.0629, Acc: 61.75%, lr: 0.002976
  Batch [400/781] Loss: 1.0615, Acc: 61.91%, lr: 0.002330
  Batch [450/781] Loss: 1.0498, Acc: 62.56%, lr: 0.001762
  Batch [500/781] Loss: 1.0458, Acc: 62.62%, lr: 0.001272
  Batch [550/781] Loss: 1.0432, Acc: 62.86%, lr: 0.000861
  Batch [600/781] Loss: 1.0405, Acc: 63.08%, lr: 0.000529
  Batch [650/781] Loss: 1.0392, Acc: 63.29%, lr: 0.000277
  Batch [700/781] Loss: 1.0318, Acc: 63.45%, lr: 0.000106
  Batch [750/781] Loss: 1.0245, Acc: 63.92%, lr: 0.000016
[Epoch 5] Train Loss: 1.0248, Acc: 63.92%  |  Val Loss: 1.0241, Acc: 66.58%  |  Time: 55.8s
[Epoch 5] t_iter median: 61.69 ms  (fwd 6.84 | bwd+comm 51.50 | opt 3.21 | data 0.11)  |  train-only epoch: 48.6s
  -> Best model saved (66.58%)
[Epoch 5] Summarizing hook timing...

[HOOK_TIMING_SUMMARY] epoch=5
[HOOK_WORK_SUMMARY] label=mpi:ring_zfp_naive:rate16 calls=6248 work_total_ms=39128.290 work_mean_ms=6.263 work_min_ms=4.227 work_max_ms=10.933
[HOOK_TAIL_SUMMARY] label=mpi:ring_zfp_naive:rate16 steps=781 tail_total_ms=31954.926 tail_mean_ms=40.915 tail_min_ms=39.526 tail_max_ms=48.746
[Epoch 5] Hook timing summary done

================================================================================
Done in 283.6s | Best val acc: 66.58%
Epoch times (train+val): mean=55.8s  min=55.6s  max=56.6s
Train-only epoch time (epochs 2..N): median=48.51s  min=48.44s  max=48.56s
  -> use this for STRONG scaling (fixed global batch)
  -> use t_iter_median_ms from the CSV for WEAK scaling (fixed local batch)
================================================================================
=== Finished: model=wide_resnet50_2, dataset=cifar10, batch=8, lr=0.10, scheduler=cosine, backend=mpi, hook=ring_zfp_naive, zfp_rate=16, status=0 at Wed Jul 22 03:59:45 PM UTC 2026 ===
=== Starting: model=wide_resnet50_2, ws=8, bs=8, gb=64, lr=0.10, sched=cosine, warmup=0, epochs=5, mom=0.9, wd=5e-4, nesterov=true, wd_bn_bias=false, backend=mpi, hook=ring_zfp_online_coll, zfp=16 at Wed Jul 22 03:59:45 PM UTC 2026 ===

================================================================================
DISTRIBUTED TRAINING LAUNCHER
================================================================================
  Model:      wide_resnet50_2 (CIFAR stem) (from scratch)
  Dataset:    cifar10 (10 classes)
  Image size: 32
  LR:         0.1
  Momentum:   0.9 (nesterov=True)
  Optimizer:  sgd
  Weight dec: 0.0005 (on BN/bias=False)
  Backend:    mpi
  Algorithm:  ring_zfp_online_coll
  ZFP rate:   16
  Epochs:     5
  Batch/rank: 8
  LR:         0.1
  Scheduler:  cosine
  Warmup:     0
  Grad clip:  None
  Drop last:  True
  Data dir:   ./data
================================================================================


================================================================================
DISTRIBUTED TRAINING LAUNCHER
================================================================================
  Model:      wide_resnet50_2 (CIFAR stem) (from scratch)
  Dataset:    cifar10 (10 classes)
  Image size: 32
  LR:         0.1
  Momentum:   0.9 (nesterov=True)
  Optimizer:  sgd
  Weight dec: 0.0005 (on BN/bias=False)
  Backend:    mpi
  Algorithm:  ring_zfp_online_coll
  ZFP rate:   16
  Epochs:     5
  Batch/rank: 8
  LR:         0.1
  Scheduler:  cosine
  Warmup:     0
  Grad clip:  None
  Drop last:  True
  Data dir:   ./data
================================================================================


================================================================================
DISTRIBUTED TRAINING LAUNCHER
================================================================================
  Model:      wide_resnet50_2 (CIFAR stem) (from scratch)
  Dataset:    cifar10 (10 classes)
  Image size: 32
  LR:         0.1
  Momentum:   0.9 (nesterov=True)
  Optimizer:  sgd
  Weight dec: 0.0005 (on BN/bias=False)
  Backend:    mpi
  Algorithm:  ring_zfp_online_coll
  ZFP rate:   16
  Epochs:     5
  Batch/rank: 8
  LR:         0.1
  Scheduler:  cosine
  Warmup:     0
  Grad clip:  None
  Drop last:  True
  Data dir:   ./data
================================================================================


================================================================================
DISTRIBUTED TRAINING LAUNCHER
================================================================================
  Model:      wide_resnet50_2 (CIFAR stem) (from scratch)
  Dataset:    cifar10 (10 classes)
  Image size: 32
  LR:         0.1
  Momentum:   0.9 (nesterov=True)
  Optimizer:  sgd
  Weight dec: 0.0005 (on BN/bias=False)
  Backend:    mpi
  Algorithm:  ring_zfp_online_coll
  ZFP rate:   16
  Epochs:     5
  Batch/rank: 8
  LR:         0.1
  Scheduler:  cosine
  Warmup:     0
  Grad clip:  None
  Drop last:  True
  Data dir:   ./data
================================================================================


================================================================================
DISTRIBUTED TRAINING LAUNCHER
================================================================================
  Model:      wide_resnet50_2 (CIFAR stem) (from scratch)
  Dataset:    cifar10 (10 classes)
  Image size: 32
  LR:         0.1
  Momentum:   0.9 (nesterov=True)
  Optimizer:  sgd
  Weight dec: 0.0005 (on BN/bias=False)
  Backend:    mpi
  Algorithm:  ring_zfp_online_coll
  ZFP rate:   16
  Epochs:     5
  Batch/rank: 8
  LR:         0.1
  Scheduler:  cosine
  Warmup:     0
  Grad clip:  None
  Drop last:  True
  Data dir:   ./data
================================================================================


================================================================================
DISTRIBUTED TRAINING LAUNCHER
================================================================================
  Model:      wide_resnet50_2 (CIFAR stem) (from scratch)
  Dataset:    cifar10 (10 classes)
  Image size: 32
  LR:         0.1
  Momentum:   0.9 (nesterov=True)
  Optimizer:  sgd
  Weight dec: 0.0005 (on BN/bias=False)
  Backend:    mpi
  Algorithm:  ring_zfp_online_coll
  ZFP rate:   16
  Epochs:     5
  Batch/rank: 8
  LR:         0.1
  Scheduler:  cosine
  Warmup:     0
  Grad clip:  None
  Drop last:  True
  Data dir:   ./data
================================================================================


================================================================================
DISTRIBUTED TRAINING LAUNCHER
================================================================================
  Model:      wide_resnet50_2 (CIFAR stem) (from scratch)
  Dataset:    cifar10 (10 classes)
  Image size: 32
  LR:         0.1
  Momentum:   0.9 (nesterov=True)
  Optimizer:  sgd
  Weight dec: 0.0005 (on BN/bias=False)
  Backend:    mpi
  Algorithm:  ring_zfp_online_coll
  ZFP rate:   16
  Epochs:     5

================================================================================
DISTRIBUTED TRAINING LAUNCHER
================================================================================
  Model:      wide_resnet50_2 (CIFAR stem) (from scratch)
  Dataset:    cifar10 (10 classes)
  Image size: 32
  LR:         0.1
  Momentum:   0.9 (nesterov=True)
  Optimizer:  sgd
  Weight dec: 0.0005 (on BN/bias=False)
  Backend:    mpi
  Algorithm:  ring_zfp_online_coll
  ZFP rate:   16
  Epochs:     5
  Batch/rank: 8
  LR:         0.1
  Scheduler:  cosine
  Warmup:     0
  Grad clip:  None
  Drop last:  True
  Data dir:   ./data
================================================================================

  Batch/rank: 8
  LR:         0.1
  Scheduler:  cosine
  Warmup:     0
  Grad clip:  None
  Drop last:  True
  Data dir:   ./data
================================================================================


================================================================================
Distributed Training: WIDE_RESNET50_2 on CIFAR10
Backend: MPI, Algorithm: ring_zfp_online_coll
================================================================================
Ranks: 8, Epochs: 5, Batch/rank: 8, Effective batch: 64
LR: 0.1, Device: cuda:0

[Cache] Pretrained weights cache (TORCH_HOME) = /eagle/UIC-HPC/matilderestelli/pretrained_weights_cache
[Setup] Model on cuda:0, wrapped in DDP (static_graph=True)
[Setup] Hook registered: mpi/ring_zfp_online_coll
[Optim] SGD: lr=0.1 momentum=0.9 nesterov=True wd=0.0005 wd_on_bn_bias=False
[Optim]   group 0: 66,778,816 params, wd=0.0005
[Optim]   group 1: 68,234 params, wd=0.0
[Data] Train batches: 781, Val batches: 1250

[Sched] cosine: steps/epoch=781, total_steps=3905, warmup_steps=0 (0 epochs)


[Epoch 1] Training... (lr at epoch start=0.100000)
  Batch [50/781] Loss: 27.0188, Acc: 11.00%, lr: 0.099960
  Batch [100/781] Loss: 15.4604, Acc: 11.50%, lr: 0.099838
  Batch [150/781] Loss: 11.3450, Acc: 11.67%, lr: 0.099636
  Batch [200/781] Loss: 9.3340, Acc: 11.25%, lr: 0.099354
  Batch [250/781] Loss: 8.0244, Acc: 11.55%, lr: 0.098992
  Batch [300/781] Loss: 7.1397, Acc: 11.00%, lr: 0.098551
  Batch [350/781] Loss: 6.5134, Acc: 11.11%, lr: 0.098031
  Batch [400/781] Loss: 6.0278, Acc: 11.59%, lr: 0.097433
  Batch [450/781] Loss: 5.6429, Acc: 11.56%, lr: 0.096759
  Batch [500/781] Loss: 5.3354, Acc: 11.55%, lr: 0.096009
  Batch [550/781] Loss: 5.0732, Acc: 11.80%, lr: 0.095185
  Batch [600/781] Loss: 4.8487, Acc: 12.10%, lr: 0.094287
  Batch [650/781] Loss: 4.6594, Acc: 12.48%, lr: 0.093318
  Batch [700/781] Loss: 4.4952, Acc: 12.68%, lr: 0.092279
  Batch [750/781] Loss: 4.3483, Acc: 13.02%, lr: 0.091171
[Epoch 1] Train Loss: 4.2652, Acc: 13.11%  |  Val Loss: 2.4294, Acc: 18.73%  |  Time: 41.5s
[Epoch 1] t_iter median: 42.73 ms  (fwd 6.78 | bwd+comm 32.62 | opt 3.21 | data 0.10)  |  train-only epoch: 34.5s
  -> Best model saved (18.73%)
[Epoch 1] Summarizing hook timing...

[HOOK_TIMING_SUMMARY] epoch=1
[HOOK_WORK_SUMMARY] label=mpi:ring_zfp_online_coll:rate16 calls=6234 work_total_ms=24407.747 work_mean_ms=3.915 work_min_ms=2.533 work_max_ms=122.458
[HOOK_TAIL_SUMMARY] label=mpi:ring_zfp_online_coll:rate16 steps=782 tail_total_ms=17081.801 tail_mean_ms=21.844 tail_min_ms=13.067 tail_max_ms=131.074
[Epoch 1] Hook timing summary done

[Epoch 2] Training... (lr at epoch start=0.090451)
  Batch [50/781] Loss: 2.2731, Acc: 15.00%, lr: 0.089236
  Batch [100/781] Loss: 2.2637, Acc: 15.75%, lr: 0.087958
  Batch [150/781] Loss: 2.2421, Acc: 16.25%, lr: 0.086619
  Batch [200/781] Loss: 2.2209, Acc: 16.62%, lr: 0.085220
  Batch [250/781] Loss: 2.2245, Acc: 17.10%, lr: 0.083764
  Batch [300/781] Loss: 2.2197, Acc: 17.96%, lr: 0.082254
  Batch [350/781] Loss: 2.2181, Acc: 17.86%, lr: 0.080691
  Batch [400/781] Loss: 2.2095, Acc: 18.44%, lr: 0.079079
  Batch [450/781] Loss: 2.1898, Acc: 18.92%, lr: 0.077420
  Batch [500/781] Loss: 2.1762, Acc: 18.98%, lr: 0.075716
  Batch [550/781] Loss: 2.1629, Acc: 19.41%, lr: 0.073971
  Batch [600/781] Loss: 2.1558, Acc: 19.62%, lr: 0.072187
  Batch [650/781] Loss: 2.1475, Acc: 19.81%, lr: 0.070367
  Batch [700/781] Loss: 2.1419, Acc: 20.32%, lr: 0.068515
  Batch [750/781] Loss: 2.1337, Acc: 20.62%, lr: 0.066632
[Epoch 2] Train Loss: 2.1293, Acc: 20.81%  |  Val Loss: 2.3453, Acc: 26.28%  |  Time: 40.4s
[Epoch 2] t_iter median: 42.47 ms  (fwd 6.80 | bwd+comm 32.30 | opt 3.28 | data 0.07)  |  train-only epoch: 33.5s
  -> Best model saved (26.28%)
[Epoch 2] Summarizing hook timing...

[HOOK_TIMING_SUMMARY] epoch=2
[HOOK_WORK_SUMMARY] label=mpi:ring_zfp_online_coll:rate16 calls=6248 work_total_ms=24066.384 work_mean_ms=3.852 work_min_ms=2.531 work_max_ms=6.584
[HOOK_TAIL_SUMMARY] label=mpi:ring_zfp_online_coll:rate16 steps=781 tail_total_ms=16582.093 tail_mean_ms=21.232 tail_min_ms=20.064 tail_max_ms=24.006
[Epoch 2] Hook timing summary done

[Epoch 3] Training... (lr at epoch start=0.065451)
  Batch [50/781] Loss: 1.9607, Acc: 25.50%, lr: 0.063526
  Batch [100/781] Loss: 1.9875, Acc: 25.25%, lr: 0.061579
  Batch [150/781] Loss: 1.9873, Acc: 25.42%, lr: 0.059614
  Batch [200/781] Loss: 1.9983, Acc: 24.88%, lr: 0.057633
  Batch [250/781] Loss: 1.9974, Acc: 25.20%, lr: 0.055640
  Batch [300/781] Loss: 2.0089, Acc: 25.08%, lr: 0.053637
  Batch [350/781] Loss: 2.0034, Acc: 25.21%, lr: 0.051629
  Batch [400/781] Loss: 1.9884, Acc: 25.41%, lr: 0.049618
  Batch [450/781] Loss: 1.9778, Acc: 25.97%, lr: 0.047608
  Batch [500/781] Loss: 1.9733, Acc: 25.98%, lr: 0.045601
  Batch [550/781] Loss: 1.9666, Acc: 25.77%, lr: 0.043602
  Batch [600/781] Loss: 1.9588, Acc: 26.19%, lr: 0.041613
  Batch [650/781] Loss: 1.9640, Acc: 26.08%, lr: 0.039637
  Batch [700/781] Loss: 1.9556, Acc: 26.32%, lr: 0.037679
  Batch [750/781] Loss: 1.9554, Acc: 26.15%, lr: 0.035740
[Epoch 3] Train Loss: 1.9513, Acc: 26.38%  |  Val Loss: 1.9081, Acc: 30.34%  |  Time: 40.5s
[Epoch 3] t_iter median: 42.30 ms  (fwd 6.87 | bwd+comm 31.85 | opt 3.39 | data 0.11)  |  train-only epoch: 33.4s
  -> Best model saved (30.34%)
[Epoch 3] Summarizing hook timing...

[HOOK_TIMING_SUMMARY] epoch=3
[HOOK_WORK_SUMMARY] label=mpi:ring_zfp_online_coll:rate16 calls=6248 work_total_ms=23624.455 work_mean_ms=3.781 work_min_ms=2.507 work_max_ms=6.215
[HOOK_TAIL_SUMMARY] label=mpi:ring_zfp_online_coll:rate16 steps=781 tail_total_ms=16016.874 tail_mean_ms=20.508 tail_min_ms=18.700 tail_max_ms=24.277
[Epoch 3] Hook timing summary done

[Epoch 4] Training... (lr at epoch start=0.034549)
  Batch [50/781] Loss: 1.9041, Acc: 29.00%, lr: 0.032649
  Batch [100/781] Loss: 1.9033, Acc: 28.38%, lr: 0.030778
  Batch [150/781] Loss: 1.9064, Acc: 28.25%, lr: 0.028937
  Batch [200/781] Loss: 1.8932, Acc: 28.94%, lr: 0.027130
  Batch [250/781] Loss: 1.8862, Acc: 29.15%, lr: 0.025361
  Batch [300/781] Loss: 1.8845, Acc: 29.00%, lr: 0.023631
  Batch [350/781] Loss: 1.8881, Acc: 28.89%, lr: 0.021944
  Batch [400/781] Loss: 1.8837, Acc: 28.78%, lr: 0.020302
  Batch [450/781] Loss: 1.8759, Acc: 29.33%, lr: 0.018709
  Batch [500/781] Loss: 1.8785, Acc: 28.85%, lr: 0.017166
  Batch [550/781] Loss: 1.8733, Acc: 29.09%, lr: 0.015676
  Batch [600/781] Loss: 1.8703, Acc: 29.06%, lr: 0.014242
  Batch [650/781] Loss: 1.8693, Acc: 29.04%, lr: 0.012865
  Batch [700/781] Loss: 1.8692, Acc: 29.18%, lr: 0.011549
  Batch [750/781] Loss: 1.8659, Acc: 29.50%, lr: 0.010295
[Epoch 4] Train Loss: 1.8636, Acc: 29.42%  |  Val Loss: 1.8139, Acc: 33.29%  |  Time: 40.6s
[Epoch 4] t_iter median: 42.34 ms  (fwd 6.77 | bwd+comm 32.07 | opt 3.36 | data 0.12)  |  train-only epoch: 33.4s
  -> Best model saved (33.29%)
[Epoch 4] Summarizing hook timing...

[HOOK_TIMING_SUMMARY] epoch=4
[HOOK_WORK_SUMMARY] label=mpi:ring_zfp_online_coll:rate16 calls=6248 work_total_ms=23847.428 work_mean_ms=3.817 work_min_ms=2.531 work_max_ms=7.859
[HOOK_TAIL_SUMMARY] label=mpi:ring_zfp_online_coll:rate16 steps=781 tail_total_ms=16321.452 tail_mean_ms=20.898 tail_min_ms=19.967 tail_max_ms=25.702
[Epoch 4] Hook timing summary done

[Epoch 5] Training... (lr at epoch start=0.009549)
  Batch [50/781] Loss: 1.7708, Acc: 32.00%, lr: 0.008400
  Batch [100/781] Loss: 1.8349, Acc: 30.00%, lr: 0.007318
  Batch [150/781] Loss: 1.8443, Acc: 30.08%, lr: 0.006305
  Batch [200/781] Loss: 1.8460, Acc: 29.56%, lr: 0.005363
  Batch [250/781] Loss: 1.8283, Acc: 30.20%, lr: 0.004493
  Batch [300/781] Loss: 1.8146, Acc: 30.75%, lr: 0.003697
  Batch [350/781] Loss: 1.8182, Acc: 30.46%, lr: 0.002976
  Batch [400/781] Loss: 1.8195, Acc: 30.50%, lr: 0.002330
  Batch [450/781] Loss: 1.8171, Acc: 30.53%, lr: 0.001762
  Batch [500/781] Loss: 1.8186, Acc: 30.73%, lr: 0.001272
  Batch [550/781] Loss: 1.8157, Acc: 30.84%, lr: 0.000861
  Batch [600/781] Loss: 1.8142, Acc: 30.96%, lr: 0.000529
  Batch [650/781] Loss: 1.8092, Acc: 31.08%, lr: 0.000277
  Batch [700/781] Loss: 1.8054, Acc: 31.34%, lr: 0.000106
  Batch [750/781] Loss: 1.8011, Acc: 31.57%, lr: 0.000016
[Epoch 5] Train Loss: 1.8023, Acc: 31.67%  |  Val Loss: 1.7380, Acc: 34.60%  |  Time: 40.6s
[Epoch 5] t_iter median: 42.60 ms  (fwd 6.67 | bwd+comm 32.57 | opt 3.25 | data 0.08)  |  train-only epoch: 33.6s
  -> Best model saved (34.60%)
[Epoch 5] Summarizing hook timing...

[HOOK_TIMING_SUMMARY] epoch=5
[HOOK_WORK_SUMMARY] label=mpi:ring_zfp_online_coll:rate16 calls=6248 work_total_ms=24363.086 work_mean_ms=3.899 work_min_ms=2.528 work_max_ms=6.316
[HOOK_TAIL_SUMMARY] label=mpi:ring_zfp_online_coll:rate16 steps=781 tail_total_ms=17155.290 tail_mean_ms=21.966 tail_min_ms=21.085 tail_max_ms=25.967
[Epoch 5] Hook timing summary done

================================================================================
Done in 208.0s | Best val acc: 34.60%
Epoch times (train+val): mean=40.7s  min=40.4s  max=41.5s
Train-only epoch time (epochs 2..N): median=33.44s  min=33.36s  max=33.58s
  -> use this for STRONG scaling (fixed global batch)
  -> use t_iter_median_ms from the CSV for WEAK scaling (fixed local batch)
================================================================================
=== Finished: model=wide_resnet50_2, dataset=cifar10, batch=8, lr=0.10, scheduler=cosine, backend=mpi, hook=ring_zfp_online_coll, zfp_rate=16, status=0 at Wed Jul 22 04:03:22 PM UTC 2026 ===
=== Starting: model=wide_resnet50_2, ws=8, bs=8, gb=64, lr=0.10, sched=cosine, warmup=0, epochs=5, mom=0.9, wd=5e-4, nesterov=true, wd_bn_bias=false, backend=mpi, hook=ring_zfp_online_coll, zfp=8 at Wed Jul 22 04:03:22 PM UTC 2026 ===

================================================================================
DISTRIBUTED TRAINING LAUNCHER
================================================================================
  Model:      wide_resnet50_2 (CIFAR stem) (from scratch)
  Dataset:    cifar10 (10 classes)
  Image size: 32
  LR:         0.1
  Momentum:   0.9 (nesterov=True)
  Optimizer:  sgd
  Weight dec: 0.0005 (on BN/bias=False)
  Backend:    mpi
  Algorithm:  ring_zfp_online_coll
  ZFP rate:   8

================================================================================
DISTRIBUTED TRAINING LAUNCHER
================================================================================
  Model:      wide_resnet50_2 (CIFAR stem) (from scratch)
  Dataset:    cifar10 (10 classes)
  Image size: 32
  LR:         0.1
  Momentum:   0.9 (nesterov=True)
  Optimizer:  sgd
  Weight dec: 0.0005 (on BN/bias=False)
  Backend:    mpi
  Algorithm:  ring_zfp_online_coll
  ZFP rate:   8
  Epochs:     5
  Batch/rank: 8
  LR:         0.1
  Scheduler:  cosine
  Warmup:     0
  Grad clip:  None
  Drop last:  True
  Data dir:   ./data
================================================================================


================================================================================
DISTRIBUTED TRAINING LAUNCHER
================================================================================
  Model:      wide_resnet50_2 (CIFAR stem) (from scratch)
  Dataset:    cifar10 (10 classes)
  Image size: 32
  LR:         0.1
  Momentum:   0.9 (nesterov=True)
  Optimizer:  sgd
  Weight dec: 0.0005 (on BN/bias=False)
  Backend:    mpi
  Algorithm:  ring_zfp_online_coll
  ZFP rate:   8
  Epochs:     5
  Batch/rank: 8
  LR:         0.1
  Scheduler:  cosine
  Warmup:     0
  Grad clip:  None
  Drop last:  True
  Data dir:   ./data
================================================================================

  Epochs:     5
  Batch/rank: 8
  LR:         0.1
  Scheduler:  cosine
  Warmup:     0
  Grad clip:  None
  Drop last:  True
  Data dir:   ./data
================================================================================


================================================================================
DISTRIBUTED TRAINING LAUNCHER
================================================================================
  Model:      wide_resnet50_2 (CIFAR stem) (from scratch)
  Dataset:    cifar10 (10 classes)
  Image size: 32
  LR:         0.1
  Momentum:   0.9 (nesterov=True)
  Optimizer:  sgd
  Weight dec: 0.0005 (on BN/bias=False)
  Backend:    mpi
  Algorithm:  ring_zfp_online_coll
  ZFP rate:   8
  Epochs:     5
  Batch/rank: 8
  LR:         0.1
  Scheduler:  cosine
  Warmup:     0
  Grad clip:  None
  Drop last:  True
  Data dir:   ./data
================================================================================


================================================================================
DISTRIBUTED TRAINING LAUNCHER
================================================================================
  Model:      wide_resnet50_2 (CIFAR stem) (from scratch)
  Dataset:    cifar10 (10 classes)
  Image size: 32
  LR:         0.1
  Momentum:   0.9 (nesterov=True)
  Optimizer:  sgd
  Weight dec: 0.0005 (on BN/bias=False)
  Backend:    mpi

================================================================================
DISTRIBUTED TRAINING LAUNCHER
================================================================================
  Model:      wide_resnet50_2 (CIFAR stem) (from scratch)
  Dataset:    cifar10 (10 classes)
  Image size: 32
  LR:         0.1
  Momentum:   0.9 (nesterov=True)
  Optimizer:  sgd
  Weight dec: 0.0005 (on BN/bias=False)
  Backend:    mpi
  Algorithm:  ring_zfp_online_coll
  ZFP rate:   8
  Epochs:     5
  Batch/rank: 8
  LR:         0.1
  Scheduler:  cosine
  Warmup:     0
  Grad clip:  None
  Drop last:  True
  Data dir:   ./data
================================================================================

  Algorithm:  ring_zfp_online_coll
  ZFP rate:   8
  Epochs:     5
  Batch/rank: 8
  LR:         0.1
  Scheduler:  cosine
  Warmup:     0
  Grad clip:  None
  Drop last:  True
  Data dir:   ./data
================================================================================


================================================================================
DISTRIBUTED TRAINING LAUNCHER
================================================================================
================================================================================
DISTRIBUTED TRAINING LAUNCHER
================================================================================
  Model:      wide_resnet50_2 (CIFAR stem) (from scratch)
  Dataset:    cifar10 (10 classes)
  Image size: 32
  LR:         0.1
  Momentum:   0.9 (nesterov=True)
  Optimizer:  sgd
  Weight dec: 0.0005 (on BN/bias=False)
  Backend:    mpi
  Algorithm:  ring_zfp_online_coll
  ZFP rate:   8
  Epochs:     5
  Batch/rank: 8
  LR:         0.1
  Scheduler:  cosine
  Warmup:     0
  Grad clip:  None
  Drop last:  True
  Data dir:   ./data
================================================================================


  Model:      wide_resnet50_2 (CIFAR stem) (from scratch)
  Dataset:    cifar10 (10 classes)
  Image size: 32
  LR:         0.1
  Momentum:   0.9 (nesterov=True)
  Optimizer:  sgd
  Weight dec: 0.0005 (on BN/bias=False)
  Backend:    mpi
  Algorithm:  ring_zfp_online_coll
  ZFP rate:   8
  Epochs:     5
  Batch/rank: 8
  LR:         0.1
  Scheduler:  cosine
  Warmup:     0
  Grad clip:  None
  Drop last:  True
  Data dir:   ./data
================================================================================


================================================================================
Distributed Training: WIDE_RESNET50_2 on CIFAR10
Backend: MPI, Algorithm: ring_zfp_online_coll
================================================================================
Ranks: 8, Epochs: 5, Batch/rank: 8, Effective batch: 64
LR: 0.1, Device: cuda:0

[Cache] Pretrained weights cache (TORCH_HOME) = /eagle/UIC-HPC/matilderestelli/pretrained_weights_cache
[Setup] Model on cuda:0, wrapped in DDP (static_graph=True)
[Setup] Hook registered: mpi/ring_zfp_online_coll
[Optim] SGD: lr=0.1 momentum=0.9 nesterov=True wd=0.0005 wd_on_bn_bias=False
[Optim]   group 0: 66,778,816 params, wd=0.0005
[Optim]   group 1: 68,234 params, wd=0.0
[Data] Train batches: 781, Val batches: 1250

[Sched] cosine: steps/epoch=781, total_steps=3905, warmup_steps=0 (0 epochs)


[Epoch 1] Training... (lr at epoch start=0.100000)
  Batch [50/781] Loss: 23.4268, Acc: 10.25%, lr: 0.099960
  Batch [100/781] Loss: 13.9231, Acc: 10.62%, lr: 0.099838
  Batch [150/781] Loss: 10.3474, Acc: 11.00%, lr: 0.099636
  Batch [200/781] Loss: 8.5084, Acc: 10.81%, lr: 0.099354
  Batch [250/781] Loss: 7.3574, Acc: 11.25%, lr: 0.098992
  Batch [300/781] Loss: 6.5833, Acc: 11.42%, lr: 0.098551
  Batch [350/781] Loss: 6.0122, Acc: 11.79%, lr: 0.098031
  Batch [400/781] Loss: 5.5774, Acc: 12.53%, lr: 0.097433
  Batch [450/781] Loss: 5.2380, Acc: 12.58%, lr: 0.096759
  Batch [500/781] Loss: 4.9642, Acc: 12.45%, lr: 0.096009
  Batch [550/781] Loss: 4.7276, Acc: 12.86%, lr: 0.095185
  Batch [600/781] Loss: 4.5246, Acc: 13.19%, lr: 0.094287
  Batch [650/781] Loss: 4.3562, Acc: 13.40%, lr: 0.093318
  Batch [700/781] Loss: 4.2106, Acc: 13.55%, lr: 0.092279
  Batch [750/781] Loss: 4.0777, Acc: 14.15%, lr: 0.091171
[Epoch 1] Train Loss: 4.0033, Acc: 14.36%  |  Val Loss: 2.3819, Acc: 19.58%  |  Time: 38.6s
[Epoch 1] t_iter median: 38.87 ms  (fwd 6.86 | bwd+comm 28.60 | opt 3.31 | data 0.07)  |  train-only epoch: 31.4s
  -> Best model saved (19.58%)
[Epoch 1] Summarizing hook timing...

[HOOK_TIMING_SUMMARY] epoch=1
[HOOK_WORK_SUMMARY] label=mpi:ring_zfp_online_coll:rate8calls=6234 work_total_ms=21103.516 work_mean_ms=3.385 work_min_ms=2.393 work_max_ms=85.372
[HOOK_TAIL_SUMMARY] label=mpi:ring_zfp_online_coll:rate8steps=782 tail_total_ms=13310.837 tail_mean_ms=17.022 tail_min_ms=9.323 tail_max_ms=93.765
[Epoch 1] Hook timing summary done

[Epoch 2] Training... (lr at epoch start=0.090451)
  Batch [50/781] Loss: 2.2301, Acc: 16.50%, lr: 0.089236
  Batch [100/781] Loss: 2.2201, Acc: 17.00%, lr: 0.087958
  Batch [150/781] Loss: 2.2050, Acc: 17.42%, lr: 0.086619
  Batch [200/781] Loss: 2.1913, Acc: 18.00%, lr: 0.085220
  Batch [250/781] Loss: 2.1912, Acc: 18.25%, lr: 0.083764
  Batch [300/781] Loss: 2.1914, Acc: 18.58%, lr: 0.082254
  Batch [350/781] Loss: 2.1915, Acc: 18.50%, lr: 0.080691
  Batch [400/781] Loss: 2.1829, Acc: 18.66%, lr: 0.079079
  Batch [450/781] Loss: 2.1672, Acc: 19.08%, lr: 0.077420
  Batch [500/781] Loss: 2.1534, Acc: 19.55%, lr: 0.075716
  Batch [550/781] Loss: 2.1386, Acc: 20.05%, lr: 0.073971
  Batch [600/781] Loss: 2.1337, Acc: 20.12%, lr: 0.072187
  Batch [650/781] Loss: 2.1245, Acc: 20.40%, lr: 0.070367
  Batch [700/781] Loss: 2.1229, Acc: 20.55%, lr: 0.068515
  Batch [750/781] Loss: 2.1178, Acc: 20.72%, lr: 0.066632
[Epoch 2] Train Loss: 2.1143, Acc: 20.81%  |  Val Loss: 2.2163, Acc: 24.68%  |  Time: 37.9s
[Epoch 2] t_iter median: 39.00 ms  (fwd 6.82 | bwd+comm 28.81 | opt 3.25 | data 0.11)  |  train-only epoch: 30.8s
  -> Best model saved (24.68%)
[Epoch 2] Summarizing hook timing...

[HOOK_TIMING_SUMMARY] epoch=2
[HOOK_WORK_SUMMARY] label=mpi:ring_zfp_online_coll:rate8calls=6248 work_total_ms=21343.860 work_mean_ms=3.416 work_min_ms=2.386 work_max_ms=5.553
[HOOK_TAIL_SUMMARY] label=mpi:ring_zfp_online_coll:rate8steps=781 tail_total_ms=13825.295 tail_mean_ms=17.702 tail_min_ms=16.094 tail_max_ms=20.546
[Epoch 2] Hook timing summary done

[Epoch 3] Training... (lr at epoch start=0.065451)
  Batch [50/781] Loss: 1.9713, Acc: 22.00%, lr: 0.063526
  Batch [100/781] Loss: 2.0023, Acc: 23.75%, lr: 0.061579
  Batch [150/781] Loss: 1.9988, Acc: 24.17%, lr: 0.059614
  Batch [200/781] Loss: 2.0079, Acc: 23.19%, lr: 0.057633
  Batch [250/781] Loss: 2.0138, Acc: 23.45%, lr: 0.055640
  Batch [300/781] Loss: 2.0242, Acc: 23.50%, lr: 0.053637
  Batch [350/781] Loss: 2.0242, Acc: 23.61%, lr: 0.051629
  Batch [400/781] Loss: 2.0111, Acc: 24.06%, lr: 0.049618
  Batch [450/781] Loss: 1.9995, Acc: 24.53%, lr: 0.047608
  Batch [500/781] Loss: 1.9940, Acc: 24.60%, lr: 0.045601
  Batch [550/781] Loss: 1.9882, Acc: 24.66%, lr: 0.043602
  Batch [600/781] Loss: 1.9795, Acc: 25.00%, lr: 0.041613
  Batch [650/781] Loss: 1.9868, Acc: 24.77%, lr: 0.039637
  Batch [700/781] Loss: 1.9786, Acc: 25.05%, lr: 0.037679
  Batch [750/781] Loss: 1.9758, Acc: 25.13%, lr: 0.035740
[Epoch 3] Train Loss: 1.9727, Acc: 25.21%  |  Val Loss: 1.9491, Acc: 28.64%  |  Time: 37.7s
[Epoch 3] t_iter median: 38.71 ms  (fwd 6.79 | bwd+comm 28.36 | opt 3.38 | data 0.11)  |  train-only epoch: 30.6s
  -> Best model saved (28.64%)
[Epoch 3] Summarizing hook timing...

[HOOK_TIMING_SUMMARY] epoch=3
[HOOK_WORK_SUMMARY] label=mpi:ring_zfp_online_coll:rate8calls=6248 work_total_ms=20969.332 work_mean_ms=3.356 work_min_ms=2.393 work_max_ms=5.537
[HOOK_TAIL_SUMMARY] label=mpi:ring_zfp_online_coll:rate8steps=781 tail_total_ms=13269.434 tail_mean_ms=16.990 tail_min_ms=15.820 tail_max_ms=20.780
[Epoch 3] Hook timing summary done

[Epoch 4] Training... (lr at epoch start=0.034549)
  Batch [50/781] Loss: 1.9483, Acc: 27.50%, lr: 0.032649
  Batch [100/781] Loss: 1.9141, Acc: 27.50%, lr: 0.030778
  Batch [150/781] Loss: 1.9091, Acc: 27.92%, lr: 0.028937
  Batch [200/781] Loss: 1.9086, Acc: 28.44%, lr: 0.027130
  Batch [250/781] Loss: 1.9012, Acc: 28.30%, lr: 0.025361
  Batch [300/781] Loss: 1.8962, Acc: 28.17%, lr: 0.023631
  Batch [350/781] Loss: 1.9007, Acc: 28.39%, lr: 0.021944
  Batch [400/781] Loss: 1.8924, Acc: 28.44%, lr: 0.020302
  Batch [450/781] Loss: 1.8894, Acc: 28.64%, lr: 0.018709
  Batch [500/781] Loss: 1.8916, Acc: 28.62%, lr: 0.017166
  Batch [550/781] Loss: 1.8905, Acc: 28.84%, lr: 0.015676
  Batch [600/781] Loss: 1.8853, Acc: 29.15%, lr: 0.014242
  Batch [650/781] Loss: 1.8847, Acc: 29.35%, lr: 0.012865
  Batch [700/781] Loss: 1.8838, Acc: 29.32%, lr: 0.011549
  Batch [750/781] Loss: 1.8801, Acc: 29.32%, lr: 0.010295
[Epoch 4] Train Loss: 1.8773, Acc: 29.26%  |  Val Loss: 1.8404, Acc: 33.12%  |  Time: 37.6s
[Epoch 4] t_iter median: 38.64 ms  (fwd 6.85 | bwd+comm 28.30 | opt 3.26 | data 0.11)  |  train-only epoch: 30.5s
  -> Best model saved (33.12%)
[Epoch 4] Summarizing hook timing...

[HOOK_TIMING_SUMMARY] epoch=4
[HOOK_WORK_SUMMARY] label=mpi:ring_zfp_online_coll:rate8calls=6248 work_total_ms=20856.875 work_mean_ms=3.338 work_min_ms=2.379 work_max_ms=5.638
[HOOK_TAIL_SUMMARY] label=mpi:ring_zfp_online_coll:rate8steps=781 tail_total_ms=13121.399 tail_mean_ms=16.801 tail_min_ms=14.914 tail_max_ms=20.719
[Epoch 4] Hook timing summary done

[Epoch 5] Training... (lr at epoch start=0.009549)
  Batch [50/781] Loss: 1.7864, Acc: 32.50%, lr: 0.008400
  Batch [100/781] Loss: 1.8294, Acc: 31.25%, lr: 0.007318
  Batch [150/781] Loss: 1.8341, Acc: 30.58%, lr: 0.006305
  Batch [200/781] Loss: 1.8347, Acc: 30.38%, lr: 0.005363
  Batch [250/781] Loss: 1.8265, Acc: 31.10%, lr: 0.004493
  Batch [300/781] Loss: 1.8130, Acc: 31.67%, lr: 0.003697
  Batch [350/781] Loss: 1.8118, Acc: 31.75%, lr: 0.002976
  Batch [400/781] Loss: 1.8135, Acc: 31.72%, lr: 0.002330
  Batch [450/781] Loss: 1.8120, Acc: 31.89%, lr: 0.001762
  Batch [500/781] Loss: 1.8131, Acc: 32.10%, lr: 0.001272
  Batch [550/781] Loss: 1.8107, Acc: 32.16%, lr: 0.000861
  Batch [600/781] Loss: 1.8094, Acc: 32.00%, lr: 0.000529
  Batch [650/781] Loss: 1.8046, Acc: 32.12%, lr: 0.000277
  Batch [700/781] Loss: 1.8056, Acc: 32.21%, lr: 0.000106
  Batch [750/781] Loss: 1.8021, Acc: 32.58%, lr: 0.000016
[Epoch 5] Train Loss: 1.8047, Acc: 32.52%  |  Val Loss: 1.7529, Acc: 34.73%  |  Time: 37.9s
[Epoch 5] t_iter median: 38.86 ms  (fwd 6.80 | bwd+comm 28.63 | opt 3.30 | data 0.11)  |  train-only epoch: 30.7s
  -> Best model saved (34.73%)
[Epoch 5] Summarizing hook timing...

[HOOK_TIMING_SUMMARY] epoch=5
[HOOK_WORK_SUMMARY] label=mpi:ring_zfp_online_coll:rate8calls=6248 work_total_ms=21114.030 work_mean_ms=3.379 work_min_ms=2.395 work_max_ms=5.400
[HOOK_TAIL_SUMMARY] label=mpi:ring_zfp_online_coll:rate8steps=781 tail_total_ms=13277.164 tail_mean_ms=17.000 tail_min_ms=15.723 tail_max_ms=20.209
[Epoch 5] Hook timing summary done

================================================================================
Done in 194.1s | Best val acc: 34.73%
Epoch times (train+val): mean=37.9s  min=37.6s  max=38.6s
Train-only epoch time (epochs 2..N): median=30.61s  min=30.52s  max=30.77s
  -> use this for STRONG scaling (fixed global batch)
  -> use t_iter_median_ms from the CSV for WEAK scaling (fixed local batch)
================================================================================
=== Finished: model=wide_resnet50_2, dataset=cifar10, batch=8, lr=0.10, scheduler=cosine, backend=mpi, hook=ring_zfp_online_coll, zfp_rate=8, status=0 at Wed Jul 22 04:06:46 PM UTC 2026 ===
=== Starting: model=wide_resnet50_2, ws=8, bs=8, gb=64, lr=0.10, sched=cosine, warmup=0, epochs=5, mom=0.9, wd=5e-4, nesterov=true, wd_bn_bias=false, backend=mpi, hook=recursive_doubling, zfp=none at Wed Jul 22 04:06:46 PM UTC 2026 ===

================================================================================
DISTRIBUTED TRAINING LAUNCHER
================================================================================
  Model:      wide_resnet50_2 (CIFAR stem) (from scratch)
  Dataset:    cifar10 (10 classes)
  Image size: 32
  LR:         0.1
  Momentum:   0.9 (nesterov=True)
  Optimizer:  sgd
  Weight dec: 0.0005 (on BN/bias=False)
  Backend:    mpi
  Algorithm:  recursive_doubling
  Epochs:     5
  Batch/rank: 8
  LR:         0.1
  Scheduler:  cosine
  Warmup:     0
  Grad clip:  None
  Drop last:  True
  Data dir:   ./data
================================================================================


================================================================================
DISTRIBUTED TRAINING LAUNCHER
================================================================================
  Model:      wide_resnet50_2 (CIFAR stem) (from scratch)
  Dataset:    cifar10 (10 classes)
  Image size: 32
  LR:         0.1
  Momentum:   0.9 (nesterov=True)
  Optimizer:  sgd
  Weight dec: 0.0005 (on BN/bias=False)
  Backend:    mpi
  Algorithm:  recursive_doubling
  Epochs:     5
  Batch/rank: 8
  LR:         0.1
  Scheduler:  cosine
  Warmup:     0
  Grad clip:  None
  Drop last:  True
  Data dir:   ./data
================================================================================


================================================================================
DISTRIBUTED TRAINING LAUNCHER
================================================================================
  Model:      wide_resnet50_2 (CIFAR stem) (from scratch)
  Dataset:    cifar10 (10 classes)
  Image size: 32
  LR:         0.1
  Momentum:   0.9 (nesterov=True)
  Optimizer:  sgd
  Weight dec: 0.0005 (on BN/bias=False)
  Backend:    mpi
  Algorithm:  recursive_doubling
  Epochs:     5
  Batch/rank: 8
  LR:         0.1
  Scheduler:  cosine
  Warmup:     0
  Grad clip:  None
  Drop last:  True
  Data dir:   ./data
================================================================================


================================================================================
DISTRIBUTED TRAINING LAUNCHER
================================================================================
  Model:      wide_resnet50_2 (CIFAR stem) (from scratch)
  Dataset:    cifar10 (10 classes)
  Image size: 32
  LR:         0.1
  Momentum:   0.9 (nesterov=True)
  Optimizer:  sgd
  Weight dec: 0.0005 (on BN/bias=False)
  Backend:    mpi
  Algorithm:  recursive_doubling
  Epochs:     5
  Batch/rank: 8
  LR:         0.1
  Scheduler:  cosine
  Warmup:     0
  Grad clip:  None
  Drop last:  True
  Data dir:   ./data
================================================================================


================================================================================
DISTRIBUTED TRAINING LAUNCHER
================================================================================
  Model:      wide_resnet50_2 (CIFAR stem) (from scratch)
  Dataset:    cifar10 (10 classes)
  Image size: 32
  LR:         0.1
  Momentum:   0.9 (nesterov=True)
  Optimizer:  sgd
  Weight dec: 0.0005 (on BN/bias=False)
  Backend:    mpi
  Algorithm:  recursive_doubling
  Epochs:     5
  Batch/rank: 8
  LR:         0.1
  Scheduler:  cosine
  Warmup:     0
  Grad clip:  None
  Drop last:  True
  Data dir:   ./data
================================================================================


================================================================================
DISTRIBUTED TRAINING LAUNCHER
================================================================================
  Model:      wide_resnet50_2 (CIFAR stem) (from scratch)
  Dataset:    cifar10 (10 classes)
  Image size: 32
  LR:         0.1
  Momentum:   0.9 (nesterov=True)
  Optimizer:  sgd
  Weight dec: 0.0005 (on BN/bias=False)
  Backend:    mpi
  Algorithm:  recursive_doubling
  Epochs:     5
  Batch/rank: 8
  LR:         0.1
  Scheduler:  cosine
  Warmup:     0
  Grad clip:  None
  Drop last:  True
  Data dir:   ./data
================================================================================


================================================================================
DISTRIBUTED TRAINING LAUNCHER
================================================================================
  Model:      wide_resnet50_2 (CIFAR stem) (from scratch)
  Dataset:    cifar10 (10 classes)
  Image size: 32
  LR:         0.1
  Momentum:   0.9 (nesterov=True)
  Optimizer:  sgd
  Weight dec: 0.0005 (on BN/bias=False)
  Backend:    mpi
  Algorithm:  recursive_doubling
  Epochs:     5
  Batch/rank: 8
  LR:         0.1
  Scheduler:  cosine
  Warmup:     0
  Grad clip:  None

================================================================================
DISTRIBUTED TRAINING LAUNCHER
================================================================================
  Model:      wide_resnet50_2 (CIFAR stem) (from scratch)
  Dataset:    cifar10 (10 classes)
  Image size: 32
  LR:         0.1
  Momentum:   0.9 (nesterov=True)
  Optimizer:  sgd
  Weight dec: 0.0005 (on BN/bias=False)
  Backend:    mpi
  Algorithm:  recursive_doubling
  Epochs:     5
  Batch/rank: 8
  LR:         0.1
  Scheduler:  cosine
  Warmup:     0
  Grad clip:  None
  Drop last:  True
  Data dir:   ./data
================================================================================

  Drop last:  True
  Data dir:   ./data
================================================================================


================================================================================
Distributed Training: WIDE_RESNET50_2 on CIFAR10
Backend: MPI, Algorithm: recursive_doubling
================================================================================
Ranks: 8, Epochs: 5, Batch/rank: 8, Effective batch: 64
LR: 0.1, Device: cuda:0

[Cache] Pretrained weights cache (TORCH_HOME) = /eagle/UIC-HPC/matilderestelli/pretrained_weights_cache
[Setup] Model on cuda:0, wrapped in DDP (static_graph=True)
[Setup] Hook registered: mpi/recursive_doubling
[Optim] SGD: lr=0.1 momentum=0.9 nesterov=True wd=0.0005 wd_on_bn_bias=False
[Optim]   group 0: 66,778,816 params, wd=0.0005
[Optim]   group 1: 68,234 params, wd=0.0
[Data] Train batches: 781, Val batches: 1250

[Sched] cosine: steps/epoch=781, total_steps=3905, warmup_steps=0 (0 epochs)


[Epoch 1] Training... (lr at epoch start=0.100000)
  Batch [50/781] Loss: 10.2913, Acc: 9.25%, lr: 0.099960
  Batch [100/781] Loss: 6.3263, Acc: 10.62%, lr: 0.099838
  Batch [150/781] Loss: 4.9926, Acc: 11.25%, lr: 0.099636
  Batch [200/781] Loss: 4.3248, Acc: 11.12%, lr: 0.099354
  Batch [250/781] Loss: 3.9227, Acc: 11.70%, lr: 0.098992
  Batch [300/781] Loss: 3.6527, Acc: 12.08%, lr: 0.098551
  Batch [350/781] Loss: 3.4562, Acc: 12.14%, lr: 0.098031
  Batch [400/781] Loss: 3.3051, Acc: 12.62%, lr: 0.097433
  Batch [450/781] Loss: 3.1884, Acc: 12.67%, lr: 0.096759
  Batch [500/781] Loss: 3.0855, Acc: 13.12%, lr: 0.096009
  Batch [550/781] Loss: 2.9976, Acc: 13.98%, lr: 0.095185
  Batch [600/781] Loss: 2.9205, Acc: 14.52%, lr: 0.094287
  Batch [650/781] Loss: 2.8568, Acc: 15.17%, lr: 0.093318
  Batch [700/781] Loss: 2.8000, Acc: 15.43%, lr: 0.092279
  Batch [750/781] Loss: 2.7514, Acc: 15.82%, lr: 0.091171
[Epoch 1] Train Loss: 2.7234, Acc: 16.12%  |  Val Loss: 1.9872, Acc: 25.89%  |  Time: 69.2s
[Epoch 1] t_iter median: 77.87 ms  (fwd 7.07 | bwd+comm 67.29 | opt 3.38 | data 0.11)  |  train-only epoch: 62.0s
  -> Best model saved (25.89%)
[Epoch 1] Summarizing hook timing...

[HOOK_TIMING_SUMMARY] epoch=1
[HOOK_WORK_SUMMARY] label=mpi:recursive_doubling calls=6234 work_total_ms=51541.499 work_mean_ms=8.268 work_min_ms=2.521 work_max_ms=133.975
[HOOK_TAIL_SUMMARY] label=mpi:recursive_doubling steps=782 tail_total_ms=44858.883 tail_mean_ms=57.364 tail_min_ms=6.448 tail_max_ms=135.057
[Epoch 1] Hook timing summary done

[Epoch 2] Training... (lr at epoch start=0.090451)
  Batch [50/781] Loss: 2.0781, Acc: 19.50%, lr: 0.089236
  Batch [100/781] Loss: 2.0717, Acc: 20.88%, lr: 0.087958
  Batch [150/781] Loss: 2.0642, Acc: 21.50%, lr: 0.086619
  Batch [200/781] Loss: 2.0549, Acc: 22.25%, lr: 0.085220
  Batch [250/781] Loss: 2.0525, Acc: 23.00%, lr: 0.083764
  Batch [300/781] Loss: 2.0481, Acc: 23.21%, lr: 0.082254
  Batch [350/781] Loss: 2.0446, Acc: 23.39%, lr: 0.080691
  Batch [400/781] Loss: 2.0359, Acc: 23.78%, lr: 0.079079
  Batch [450/781] Loss: 2.0224, Acc: 24.14%, lr: 0.077420
  Batch [500/781] Loss: 2.0033, Acc: 24.70%, lr: 0.075716
  Batch [550/781] Loss: 1.9845, Acc: 25.68%, lr: 0.073971
  Batch [600/781] Loss: 1.9718, Acc: 26.02%, lr: 0.072187
  Batch [650/781] Loss: 1.9583, Acc: 26.48%, lr: 0.070367
  Batch [700/781] Loss: 1.9492, Acc: 26.79%, lr: 0.068515
  Batch [750/781] Loss: 1.9367, Acc: 27.25%, lr: 0.066632
[Epoch 2] Train Loss: 1.9317, Acc: 27.35%  |  Val Loss: 1.7111, Acc: 35.38%  |  Time: 68.7s
[Epoch 2] t_iter median: 78.30 ms  (fwd 7.09 | bwd+comm 67.79 | opt 3.26 | data 0.11)  |  train-only epoch: 61.6s
  -> Best model saved (35.38%)
[Epoch 2] Summarizing hook timing...

[HOOK_TIMING_SUMMARY] epoch=2
[HOOK_WORK_SUMMARY] label=mpi:recursive_doubling calls=6248 work_total_ms=51965.949 work_mean_ms=8.317 work_min_ms=2.880 work_max_ms=23.368
[HOOK_TAIL_SUMMARY] label=mpi:recursive_doubling steps=781 tail_total_ms=45398.420 tail_mean_ms=58.129 tail_min_ms=51.927 tail_max_ms=65.297
[Epoch 2] Hook timing summary done

[Epoch 3] Training... (lr at epoch start=0.065451)
  Batch [50/781] Loss: 1.6963, Acc: 35.00%, lr: 0.063526
  Batch [100/781] Loss: 1.6958, Acc: 37.62%, lr: 0.061579
  Batch [150/781] Loss: 1.7055, Acc: 36.67%, lr: 0.059614
  Batch [200/781] Loss: 1.7011, Acc: 36.94%, lr: 0.057633
  Batch [250/781] Loss: 1.7155, Acc: 36.25%, lr: 0.055640
  Batch [300/781] Loss: 1.7282, Acc: 36.17%, lr: 0.053637
  Batch [350/781] Loss: 1.7246, Acc: 36.32%, lr: 0.051629
  Batch [400/781] Loss: 1.7168, Acc: 36.72%, lr: 0.049618
  Batch [450/781] Loss: 1.7047, Acc: 37.17%, lr: 0.047608
  Batch [500/781] Loss: 1.7018, Acc: 37.45%, lr: 0.045601
  Batch [550/781] Loss: 1.6928, Acc: 37.57%, lr: 0.043602
  Batch [600/781] Loss: 1.6814, Acc: 38.02%, lr: 0.041613
  Batch [650/781] Loss: 1.6838, Acc: 37.96%, lr: 0.039637
  Batch [700/781] Loss: 1.6724, Acc: 38.50%, lr: 0.037679
  Batch [750/781] Loss: 1.6670, Acc: 38.70%, lr: 0.035740
[Epoch 3] Train Loss: 1.6621, Acc: 39.05%  |  Val Loss: 1.4080, Acc: 48.09%  |  Time: 68.6s
[Epoch 3] t_iter median: 78.13 ms  (fwd 6.96 | bwd+comm 67.81 | opt 3.26 | data 0.11)  |  train-only epoch: 61.5s
  -> Best model saved (48.09%)
[Epoch 3] Summarizing hook timing...

[HOOK_TIMING_SUMMARY] epoch=3
[HOOK_WORK_SUMMARY] label=mpi:recursive_doubling calls=6248 work_total_ms=52165.584 work_mean_ms=8.349 work_min_ms=2.772 work_max_ms=23.166
[HOOK_TAIL_SUMMARY] label=mpi:recursive_doubling steps=781 tail_total_ms=45736.729 tail_mean_ms=58.562 tail_min_ms=51.049 tail_max_ms=66.776
[Epoch 3] Hook timing summary done

[Epoch 4] Training... (lr at epoch start=0.034549)
  Batch [50/781] Loss: 1.5630, Acc: 41.00%, lr: 0.032649
  Batch [100/781] Loss: 1.5738, Acc: 40.75%, lr: 0.030778
  Batch [150/781] Loss: 1.5607, Acc: 41.42%, lr: 0.028937
  Batch [200/781] Loss: 1.5645, Acc: 42.06%, lr: 0.027130
  Batch [250/781] Loss: 1.5502, Acc: 42.70%, lr: 0.025361
  Batch [300/781] Loss: 1.5368, Acc: 42.88%, lr: 0.023631
  Batch [350/781] Loss: 1.5306, Acc: 42.96%, lr: 0.021944
  Batch [400/781] Loss: 1.5206, Acc: 43.28%, lr: 0.020302
  Batch [450/781] Loss: 1.5108, Acc: 43.75%, lr: 0.018709
  Batch [500/781] Loss: 1.5084, Acc: 44.15%, lr: 0.017166
  Batch [550/781] Loss: 1.4985, Acc: 44.48%, lr: 0.015676
  Batch [600/781] Loss: 1.4946, Acc: 44.90%, lr: 0.014242
  Batch [650/781] Loss: 1.4934, Acc: 45.06%, lr: 0.012865
  Batch [700/781] Loss: 1.4842, Acc: 45.38%, lr: 0.011549
  Batch [750/781] Loss: 1.4781, Acc: 45.40%, lr: 0.010295
[Epoch 4] Train Loss: 1.4711, Acc: 45.74%  |  Val Loss: 1.2406, Acc: 54.62%  |  Time: 68.7s
[Epoch 4] t_iter median: 78.02 ms  (fwd 7.02 | bwd+comm 67.60 | opt 3.27 | data 0.07)  |  train-only epoch: 61.4s
  -> Best model saved (54.62%)
[Epoch 4] Summarizing hook timing...

[HOOK_TIMING_SUMMARY] epoch=4
[HOOK_WORK_SUMMARY] label=mpi:recursive_doubling calls=6248 work_total_ms=51879.975 work_mean_ms=8.303 work_min_ms=2.731 work_max_ms=23.138
[HOOK_TAIL_SUMMARY] label=mpi:recursive_doubling steps=781 tail_total_ms=45314.288 tail_mean_ms=58.021 tail_min_ms=51.514 tail_max_ms=65.221
[Epoch 4] Hook timing summary done

[Epoch 5] Training... (lr at epoch start=0.009549)
  Batch [50/781] Loss: 1.3100, Acc: 50.75%, lr: 0.008400
  Batch [100/781] Loss: 1.3514, Acc: 51.38%, lr: 0.007318
  Batch [150/781] Loss: 1.3594, Acc: 51.33%, lr: 0.006305
  Batch [200/781] Loss: 1.3441, Acc: 51.69%, lr: 0.005363
  Batch [250/781] Loss: 1.3351, Acc: 52.10%, lr: 0.004493
  Batch [300/781] Loss: 1.3281, Acc: 52.04%, lr: 0.003697
  Batch [350/781] Loss: 1.3215, Acc: 52.04%, lr: 0.002976
  Batch [400/781] Loss: 1.3145, Acc: 52.25%, lr: 0.002330
  Batch [450/781] Loss: 1.3031, Acc: 52.58%, lr: 0.001762
  Batch [500/781] Loss: 1.2968, Acc: 52.95%, lr: 0.001272
  Batch [550/781] Loss: 1.2916, Acc: 52.91%, lr: 0.000861
  Batch [600/781] Loss: 1.2920, Acc: 52.88%, lr: 0.000529
  Batch [650/781] Loss: 1.2884, Acc: 53.19%, lr: 0.000277
  Batch [700/781] Loss: 1.2783, Acc: 53.62%, lr: 0.000106
  Batch [750/781] Loss: 1.2686, Acc: 53.93%, lr: 0.000016
[Epoch 5] Train Loss: 1.2675, Acc: 54.00%  |  Val Loss: 1.1587, Acc: 58.12%  |  Time: 68.7s
[Epoch 5] t_iter median: 77.93 ms  (fwd 7.08 | bwd+comm 67.46 | opt 3.27 | data 0.11)  |  train-only epoch: 61.4s
  -> Best model saved (58.12%)
[Epoch 5] Summarizing hook timing...

[HOOK_TIMING_SUMMARY] epoch=5
[HOOK_WORK_SUMMARY] label=mpi:recursive_doubling calls=6248 work_total_ms=51794.643 work_mean_ms=8.290 work_min_ms=2.822 work_max_ms=22.474
[HOOK_TAIL_SUMMARY] label=mpi:recursive_doubling steps=781 tail_total_ms=45227.404 tail_mean_ms=57.910 tail_min_ms=51.596 tail_max_ms=65.082
[Epoch 5] Hook timing summary done

================================================================================
Done in 348.4s | Best val acc: 58.12%
Epoch times (train+val): mean=68.8s  min=68.6s  max=69.2s
Train-only epoch time (epochs 2..N): median=61.46s  min=61.37s  max=61.55s
  -> use this for STRONG scaling (fixed global batch)
  -> use t_iter_median_ms from the CSV for WEAK scaling (fixed local batch)
================================================================================
=== Finished: model=wide_resnet50_2, dataset=cifar10, batch=8, lr=0.10, scheduler=cosine, backend=mpi, hook=recursive_doubling, zfp_rate=none, status=0 at Wed Jul 22 04:12:44 PM UTC 2026 ===
=== Starting: model=wide_resnet50_2, ws=8, bs=8, gb=64, lr=0.10, sched=cosine, warmup=0, epochs=5, mom=0.9, wd=5e-4, nesterov=true, wd_bn_bias=false, backend=mpi, hook=recursive_doubling_zfp_naive, zfp=16 at Wed Jul 22 04:12:44 PM UTC 2026 ===

================================================================================
DISTRIBUTED TRAINING LAUNCHER
================================================================================
  Model:      wide_resnet50_2 (CIFAR stem) (from scratch)
  Dataset:    cifar10 (10 classes)
  Image size: 32
  LR:         0.1
  Momentum:   0.9 (nesterov=True)
  Optimizer:  sgd
  Weight dec: 0.0005 (on BN/bias=False)
  Backend:    mpi
  Algorithm:  recursive_doubling_zfp_naive
  ZFP rate:   16
  Epochs:     5
  Batch/rank: 8
  LR:         0.1
  Scheduler:  cosine
  Warmup:     0
  Grad clip:  None
  Drop last:  True
  Data dir:   ./data
================================================================================


================================================================================
DISTRIBUTED TRAINING LAUNCHER
================================================================================
  Model:      wide_resnet50_2 (CIFAR stem) (from scratch)
  Dataset:    cifar10 (10 classes)
  Image size: 32
  LR:         0.1
  Momentum:   0.9 (nesterov=True)
  Optimizer:  sgd
  Weight dec: 0.0005 (on BN/bias=False)
  Backend:    mpi
  Algorithm:  recursive_doubling_zfp_naive
  ZFP rate:   16
  Epochs:     5
  Batch/rank: 8
  LR:         0.1
  Scheduler:  cosine
  Warmup:     0
  Grad clip:  None
  Drop last:  True
  Data dir:   ./data
================================================================================


================================================================================
DISTRIBUTED TRAINING LAUNCHER
================================================================================
  Model:      wide_resnet50_2 (CIFAR stem) (from scratch)
  Dataset:    cifar10 (10 classes)
  Image size: 32
  LR:         0.1
  Momentum:   0.9 (nesterov=True)
  Optimizer:  sgd
  Weight dec: 0.0005 (on BN/bias=False)
  Backend:    mpi
  Algorithm:  recursive_doubling_zfp_naive
  ZFP rate:   16
  Epochs:     5
  Batch/rank: 8
  LR:         0.1
  Scheduler:  cosine
  Warmup:     0
  Grad clip:  None
  Drop last:  True
  Data dir:   ./data
================================================================================


================================================================================
DISTRIBUTED TRAINING LAUNCHER
================================================================================
  Model:      wide_resnet50_2 (CIFAR stem) (from scratch)
  Dataset:    cifar10 (10 classes)
  Image size: 32
  LR:         0.1
  Momentum:   0.9 (nesterov=True)
  Optimizer:  sgd
  Weight dec: 0.0005 (on BN/bias=False)
  Backend:    mpi
  Algorithm:  recursive_doubling_zfp_naive
  ZFP rate:   16
  Epochs:     5
  Batch/rank: 8
  LR:         0.1
  Scheduler:  cosine
  Warmup:     0
  Grad clip:  None
  Drop last:  True
  Data dir:   ./data
================================================================================


================================================================================
DISTRIBUTED TRAINING LAUNCHER
================================================================================
  Model:      wide_resnet50_2 (CIFAR stem) (from scratch)
  Dataset:    cifar10 (10 classes)
  Image size: 32
  LR:         0.1
  Momentum:   0.9 (nesterov=True)
  Optimizer:  sgd
  Weight dec: 0.0005 (on BN/bias=False)
  Backend:    mpi
  Algorithm:  recursive_doubling_zfp_naive
  ZFP rate:   16
  Epochs:     5
  Batch/rank: 8
  LR:         0.1
  Scheduler:  cosine
  Warmup:     0
  Grad clip:  None
  Drop last:  True
  Data dir:   ./data
================================================================================


================================================================================
DISTRIBUTED TRAINING LAUNCHER
================================================================================
  Model:      wide_resnet50_2 (CIFAR stem) (from scratch)
  Dataset:    cifar10 (10 classes)
  Image size: 32
  LR:         0.1
  Momentum:   0.9 (nesterov=True)
  Optimizer:  sgd
  Weight dec: 0.0005 (on BN/bias=False)
  Backend:    mpi
  Algorithm:  recursive_doubling_zfp_naive
  ZFP rate:   16
  Epochs:     5
  Batch/rank: 8
  LR:         0.1
  Scheduler:  cosine
  Warmup:     0
  Grad clip:  None
  Drop last:  True
  Data dir:   ./data
================================================================================


================================================================================
DISTRIBUTED TRAINING LAUNCHER
================================================================================
  Model:      wide_resnet50_2 (CIFAR stem) (from scratch)
  Dataset:    cifar10 (10 classes)
  Image size: 32
  LR:         0.1
  Momentum:   0.9 (nesterov=True)
  Optimizer:  sgd
  Weight dec: 0.0005 (on BN/bias=False)
  Backend:    mpi
  Algorithm:  recursive_doubling_zfp_naive
  ZFP rate:   16
  Epochs:     5
  Batch/rank: 8
  LR:         0.1
  Scheduler:  cosine
  Warmup:     0
  Grad clip:  None
  Drop last:  True
  Data dir:   ./data
================================================================================


================================================================================
DISTRIBUTED TRAINING LAUNCHER
================================================================================
  Model:      wide_resnet50_2 (CIFAR stem) (from scratch)
  Dataset:    cifar10 (10 classes)
  Image size: 32
  LR:         0.1
  Momentum:   0.9 (nesterov=True)
  Optimizer:  sgd
  Weight dec: 0.0005 (on BN/bias=False)
  Backend:    mpi
  Algorithm:  recursive_doubling_zfp_naive
  ZFP rate:   16
  Epochs:     5
  Batch/rank: 8
  LR:         0.1
  Scheduler:  cosine
  Warmup:     0
  Grad clip:  None
  Drop last:  True
  Data dir:   ./data
================================================================================


================================================================================
Distributed Training: WIDE_RESNET50_2 on CIFAR10
Backend: MPI, Algorithm: recursive_doubling_zfp_naive
================================================================================
Ranks: 8, Epochs: 5, Batch/rank: 8, Effective batch: 64
LR: 0.1, Device: cuda:0

[Cache] Pretrained weights cache (TORCH_HOME) = /eagle/UIC-HPC/matilderestelli/pretrained_weights_cache
[Setup] Model on cuda:0, wrapped in DDP (static_graph=True)
[Setup] Hook registered: mpi/recursive_doubling_zfp_naive
[Optim] SGD: lr=0.1 momentum=0.9 nesterov=True wd=0.0005 wd_on_bn_bias=False
[Optim]   group 0: 66,778,816 params, wd=0.0005
[Optim]   group 1: 68,234 params, wd=0.0
[Data] Train batches: 781, Val batches: 1250

[Sched] cosine: steps/epoch=781, total_steps=3905, warmup_steps=0 (0 epochs)


[Epoch 1] Training... (lr at epoch start=0.100000)
  Batch [50/781] Loss: 9.3762, Acc: 12.00%, lr: 0.099960
  Batch [100/781] Loss: 5.8614, Acc: 11.38%, lr: 0.099838
  Batch [150/781] Loss: 4.6603, Acc: 12.50%, lr: 0.099636
  Batch [200/781] Loss: 4.0493, Acc: 13.50%, lr: 0.099354
  Batch [250/781] Loss: 3.6774, Acc: 14.40%, lr: 0.098992
  Batch [300/781] Loss: 3.4259, Acc: 14.54%, lr: 0.098551
  Batch [350/781] Loss: 3.2291, Acc: 15.57%, lr: 0.098031
  Batch [400/781] Loss: 3.0756, Acc: 16.28%, lr: 0.097433
  Batch [450/781] Loss: 2.9641, Acc: 16.86%, lr: 0.096759
  Batch [500/781] Loss: 2.8703, Acc: 17.38%, lr: 0.096009
  Batch [550/781] Loss: 2.7911, Acc: 17.93%, lr: 0.095185
  Batch [600/781] Loss: 2.7163, Acc: 18.79%, lr: 0.094287
  Batch [650/781] Loss: 2.6576, Acc: 19.23%, lr: 0.093318
  Batch [700/781] Loss: 2.6017, Acc: 19.88%, lr: 0.092279
  Batch [750/781] Loss: 2.5553, Acc: 20.30%, lr: 0.091171
[Epoch 1] Train Loss: 2.5254, Acc: 20.63%  |  Val Loss: 1.7885, Acc: 34.30%  |  Time: 60.9s
[Epoch 1] t_iter median: 67.42 ms  (fwd 6.89 | bwd+comm 57.11 | opt 3.28 | data 0.11)  |  train-only epoch: 53.7s
  -> Best model saved (34.30%)
[Epoch 1] Summarizing hook timing...

[HOOK_TIMING_SUMMARY] epoch=1
[HOOK_WORK_SUMMARY] label=mpi:recursive_doubling_zfp_naive:rate16 calls=6234 work_total_ms=43499.069 work_mean_ms=6.978 work_min_ms=3.209 work_max_ms=118.292
[HOOK_TAIL_SUMMARY] label=mpi:recursive_doubling_zfp_naive:rate16 steps=782 tail_total_ms=36511.975 tail_mean_ms=46.691 tail_min_ms=4.988 tail_max_ms=119.786
[Epoch 1] Hook timing summary done

[Epoch 2] Training... (lr at epoch start=0.090451)
  Batch [50/781] Loss: 1.8438, Acc: 32.25%, lr: 0.089236
  Batch [100/781] Loss: 1.8704, Acc: 28.38%, lr: 0.087958
  Batch [150/781] Loss: 1.8350, Acc: 30.25%, lr: 0.086619
  Batch [200/781] Loss: 1.8192, Acc: 30.56%, lr: 0.085220
  Batch [250/781] Loss: 1.8154, Acc: 31.40%, lr: 0.083764
  Batch [300/781] Loss: 1.8176, Acc: 31.42%, lr: 0.082254
  Batch [350/781] Loss: 1.8124, Acc: 31.75%, lr: 0.080691
  Batch [400/781] Loss: 1.8009, Acc: 32.19%, lr: 0.079079
  Batch [450/781] Loss: 1.7889, Acc: 32.39%, lr: 0.077420
  Batch [500/781] Loss: 1.7749, Acc: 32.95%, lr: 0.075716
  Batch [550/781] Loss: 1.7599, Acc: 33.77%, lr: 0.073971
  Batch [600/781] Loss: 1.7522, Acc: 34.19%, lr: 0.072187
  Batch [650/781] Loss: 1.7425, Acc: 34.65%, lr: 0.070367
  Batch [700/781] Loss: 1.7339, Acc: 35.11%, lr: 0.068515
  Batch [750/781] Loss: 1.7222, Acc: 35.53%, lr: 0.066632
[Epoch 2] Train Loss: 1.7152, Acc: 35.79%  |  Val Loss: 1.6195, Acc: 45.90%  |  Time: 60.1s
[Epoch 2] t_iter median: 67.24 ms  (fwd 6.90 | bwd+comm 57.05 | opt 3.23 | data 0.07)  |  train-only epoch: 52.9s
  -> Best model saved (45.90%)
[Epoch 2] Summarizing hook timing...

[HOOK_TIMING_SUMMARY] epoch=2
[HOOK_WORK_SUMMARY] label=mpi:recursive_doubling_zfp_naive:rate16 calls=6248 work_total_ms=43449.586 work_mean_ms=6.954 work_min_ms=3.125 work_max_ms=15.755
[HOOK_TAIL_SUMMARY] label=mpi:recursive_doubling_zfp_naive:rate16 steps=781 tail_total_ms=36590.811 tail_mean_ms=46.851 tail_min_ms=44.335 tail_max_ms=55.364
[Epoch 2] Hook timing summary done

[Epoch 3] Training... (lr at epoch start=0.065451)
  Batch [50/781] Loss: 1.4804, Acc: 42.50%, lr: 0.063526
  Batch [100/781] Loss: 1.4834, Acc: 44.50%, lr: 0.061579
  Batch [150/781] Loss: 1.4926, Acc: 44.25%, lr: 0.059614
  Batch [200/781] Loss: 1.4980, Acc: 44.00%, lr: 0.057633
  Batch [250/781] Loss: 1.5150, Acc: 43.15%, lr: 0.055640
  Batch [300/781] Loss: 1.5364, Acc: 43.12%, lr: 0.053637
  Batch [350/781] Loss: 1.5241, Acc: 43.68%, lr: 0.051629
  Batch [400/781] Loss: 1.5138, Acc: 44.19%, lr: 0.049618
  Batch [450/781] Loss: 1.5017, Acc: 44.72%, lr: 0.047608
  Batch [500/781] Loss: 1.4942, Acc: 45.23%, lr: 0.045601
  Batch [550/781] Loss: 1.4832, Acc: 45.80%, lr: 0.043602
  Batch [600/781] Loss: 1.4738, Acc: 46.35%, lr: 0.041613
  Batch [650/781] Loss: 1.4772, Acc: 46.25%, lr: 0.039637
  Batch [700/781] Loss: 1.4635, Acc: 46.86%, lr: 0.037679
  Batch [750/781] Loss: 1.4559, Acc: 47.20%, lr: 0.035740
[Epoch 3] Train Loss: 1.4525, Acc: 47.36%  |  Val Loss: 1.2819, Acc: 55.19%  |  Time: 60.2s
[Epoch 3] t_iter median: 67.20 ms  (fwd 6.94 | bwd+comm 56.85 | opt 3.24 | data 0.11)  |  train-only epoch: 52.9s
  -> Best model saved (55.19%)
[Epoch 3] Summarizing hook timing...

[HOOK_TIMING_SUMMARY] epoch=3
[HOOK_WORK_SUMMARY] label=mpi:recursive_doubling_zfp_naive:rate16 calls=6248 work_total_ms=43282.432 work_mean_ms=6.927 work_min_ms=3.198 work_max_ms=15.502
[HOOK_TAIL_SUMMARY] label=mpi:recursive_doubling_zfp_naive:rate16 steps=781 tail_total_ms=36398.535 tail_mean_ms=46.605 tail_min_ms=44.740 tail_max_ms=53.746
[Epoch 3] Hook timing summary done

[Epoch 4] Training... (lr at epoch start=0.034549)
  Batch [50/781] Loss: 1.3417, Acc: 51.00%, lr: 0.032649
  Batch [100/781] Loss: 1.3248, Acc: 50.50%, lr: 0.030778
  Batch [150/781] Loss: 1.3195, Acc: 51.25%, lr: 0.028937
  Batch [200/781] Loss: 1.3206, Acc: 51.75%, lr: 0.027130
  Batch [250/781] Loss: 1.3031, Acc: 52.55%, lr: 0.025361
  Batch [300/781] Loss: 1.2855, Acc: 53.62%, lr: 0.023631
  Batch [350/781] Loss: 1.2825, Acc: 53.86%, lr: 0.021944
  Batch [400/781] Loss: 1.2775, Acc: 54.00%, lr: 0.020302
  Batch [450/781] Loss: 1.2592, Acc: 54.67%, lr: 0.018709
  Batch [500/781] Loss: 1.2602, Acc: 54.58%, lr: 0.017166
  Batch [550/781] Loss: 1.2551, Acc: 54.64%, lr: 0.015676
  Batch [600/781] Loss: 1.2513, Acc: 55.00%, lr: 0.014242
  Batch [650/781] Loss: 1.2482, Acc: 55.23%, lr: 0.012865
  Batch [700/781] Loss: 1.2407, Acc: 55.48%, lr: 0.011549
  Batch [750/781] Loss: 1.2282, Acc: 55.63%, lr: 0.010295
[Epoch 4] Train Loss: 1.2235, Acc: 55.86%  |  Val Loss: 1.1643, Acc: 62.39%  |  Time: 60.1s
[Epoch 4] t_iter median: 66.97 ms  (fwd 7.00 | bwd+comm 56.46 | opt 3.45 | data 0.11)  |  train-only epoch: 52.7s
  -> Best model saved (62.39%)
[Epoch 4] Summarizing hook timing...

[HOOK_TIMING_SUMMARY] epoch=4
[HOOK_WORK_SUMMARY] label=mpi:recursive_doubling_zfp_naive:rate16 calls=6248 work_total_ms=42914.279 work_mean_ms=6.868 work_min_ms=3.239 work_max_ms=15.512
[HOOK_TAIL_SUMMARY] label=mpi:recursive_doubling_zfp_naive:rate16 steps=781 tail_total_ms=35906.066 tail_mean_ms=45.974 tail_min_ms=44.244 tail_max_ms=55.321
[Epoch 4] Hook timing summary done

[Epoch 5] Training... (lr at epoch start=0.009549)
  Batch [50/781] Loss: 1.0596, Acc: 61.00%, lr: 0.008400
  Batch [100/781] Loss: 1.0941, Acc: 61.50%, lr: 0.007318
  Batch [150/781] Loss: 1.1149, Acc: 60.67%, lr: 0.006305
  Batch [200/781] Loss: 1.0998, Acc: 61.00%, lr: 0.005363
  Batch [250/781] Loss: 1.0842, Acc: 61.70%, lr: 0.004493
  Batch [300/781] Loss: 1.0760, Acc: 62.21%, lr: 0.003697
  Batch [350/781] Loss: 1.0699, Acc: 62.57%, lr: 0.002976
  Batch [400/781] Loss: 1.0681, Acc: 62.59%, lr: 0.002330
  Batch [450/781] Loss: 1.0563, Acc: 62.78%, lr: 0.001762
  Batch [500/781] Loss: 1.0501, Acc: 62.98%, lr: 0.001272
  Batch [550/781] Loss: 1.0419, Acc: 63.18%, lr: 0.000861
  Batch [600/781] Loss: 1.0434, Acc: 63.12%, lr: 0.000529
  Batch [650/781] Loss: 1.0424, Acc: 63.15%, lr: 0.000277
  Batch [700/781] Loss: 1.0384, Acc: 63.25%, lr: 0.000106
  Batch [750/781] Loss: 1.0287, Acc: 63.78%, lr: 0.000016
[Epoch 5] Train Loss: 1.0289, Acc: 63.70%  |  Val Loss: 1.0092, Acc: 66.07%  |  Time: 60.0s
[Epoch 5] t_iter median: 67.08 ms  (fwd 6.96 | bwd+comm 56.81 | opt 3.23 | data 0.11)  |  train-only epoch: 52.8s
  -> Best model saved (66.07%)
[Epoch 5] Summarizing hook timing...

[HOOK_TIMING_SUMMARY] epoch=5
[HOOK_WORK_SUMMARY] label=mpi:recursive_doubling_zfp_naive:rate16 calls=6248 work_total_ms=43403.652 work_mean_ms=6.947 work_min_ms=3.121 work_max_ms=15.156
[HOOK_TAIL_SUMMARY] label=mpi:recursive_doubling_zfp_naive:rate16 steps=781 tail_total_ms=36689.874 tail_mean_ms=46.978 tail_min_ms=45.610 tail_max_ms=55.809
[Epoch 5] Hook timing summary done

================================================================================
Done in 307.8s | Best val acc: 66.07%
Epoch times (train+val): mean=60.3s  min=60.0s  max=60.9s
Train-only epoch time (epochs 2..N): median=52.86s  min=52.75s  max=52.89s
  -> use this for STRONG scaling (fixed global batch)
  -> use t_iter_median_ms from the CSV for WEAK scaling (fixed local batch)
================================================================================
=== Finished: model=wide_resnet50_2, dataset=cifar10, batch=8, lr=0.10, scheduler=cosine, backend=mpi, hook=recursive_doubling_zfp_naive, zfp_rate=16, status=0 at Wed Jul 22 04:18:01 PM UTC 2026 ===
=== Starting: model=wide_resnet50_2, ws=8, bs=8, gb=64, lr=0.10, sched=cosine, warmup=0, epochs=5, mom=0.9, wd=5e-4, nesterov=true, wd_bn_bias=false, backend=mpi, hook=recursive_doubling_zfp_online_coll, zfp=16 at Wed Jul 22 04:18:01 PM UTC 2026 ===

================================================================================
DISTRIBUTED TRAINING LAUNCHER
================================================================================
  Model:      wide_resnet50_2 (CIFAR stem) (from scratch)
  Dataset:    cifar10 (10 classes)
  Image size: 32
  LR:         0.1
  Momentum:   0.9 (nesterov=True)
  Optimizer:  sgd
  Weight dec: 0.0005 (on BN/bias=False)

================================================================================
DISTRIBUTED TRAINING LAUNCHER
================================================================================
  Model:      wide_resnet50_2 (CIFAR stem) (from scratch)
  Dataset:    cifar10 (10 classes)
  Image size: 32
  LR:         0.1
  Momentum:   0.9 (nesterov=True)
  Optimizer:  sgd
  Weight dec: 0.0005 (on BN/bias=False)
  Backend:    mpi
  Algorithm:  recursive_doubling_zfp_online_coll
  ZFP rate:   16
  Epochs:     5
  Batch/rank: 8
  LR:         0.1
  Scheduler:  cosine
  Warmup:     0
  Grad clip:  None
  Drop last:  True
  Data dir:   ./data
================================================================================

  Backend:    mpi
  Algorithm:  recursive_doubling_zfp_online_coll
  ZFP rate:   16
  Epochs:     5
  Batch/rank: 8
  LR:         0.1
  Scheduler:  cosine
  Warmup:     0
  Grad clip:  None
  Drop last:  True
  Data dir:   ./data
================================================================================


================================================================================
DISTRIBUTED TRAINING LAUNCHER
================================================================================
  Model:      wide_resnet50_2 (CIFAR stem) (from scratch)
  Dataset:    cifar10 (10 classes)
  Image size: 32
  LR:         0.1
  Momentum:   0.9 (nesterov=True)
  Optimizer:  sgd
  Weight dec: 0.0005 (on BN/bias=False)
  Backend:    mpi
  Algorithm:  recursive_doubling_zfp_online_coll
  ZFP rate:   16
  Epochs:     5
  Batch/rank: 8
  LR:         0.1
  Scheduler:  cosine
  Warmup:     0
  Grad clip:  None
  Drop last:  True
  Data dir:   ./data
================================================================================


================================================================================
DISTRIBUTED TRAINING LAUNCHER
================================================================================
  Model:      wide_resnet50_2 (CIFAR stem) (from scratch)
  Dataset:    cifar10 (10 classes)
  Image size: 32
  LR:         0.1
  Momentum:   0.9 (nesterov=True)
  Optimizer:  sgd
  Weight dec: 0.0005 (on BN/bias=False)
  Backend:    mpi
  Algorithm:  recursive_doubling_zfp_online_coll
  ZFP rate:   16
  Epochs:     5
  Batch/rank: 8
  LR:         0.1
  Scheduler:  cosine
  Warmup:     0
  Grad clip:  None
  Drop last:  True
  Data dir:   ./data
================================================================================


================================================================================
DISTRIBUTED TRAINING LAUNCHER
================================================================================
  Model:      wide_resnet50_2 (CIFAR stem) (from scratch)
  Dataset:    cifar10 (10 classes)
  Image size: 32
  LR:         0.1
  Momentum:   0.9 (nesterov=True)
  Optimizer:  sgd
  Weight dec: 0.0005 (on BN/bias=False)
  Backend:    mpi
  Algorithm:  recursive_doubling_zfp_online_coll
  ZFP rate:   16
  Epochs:     5
  Batch/rank: 8
  LR:         0.1
  Scheduler:  cosine
  Warmup:     0
  Grad clip:  None
  Drop last:  True
  Data dir:   ./data
================================================================================


================================================================================
DISTRIBUTED TRAINING LAUNCHER
================================================================================
  Model:      wide_resnet50_2 (CIFAR stem) (from scratch)
  Dataset:    cifar10 (10 classes)
  Image size: 32
  LR:         0.1
  Momentum:   0.9 (nesterov=True)
  Optimizer:  sgd
  Weight dec: 0.0005 (on BN/bias=False)
  Backend:    mpi
  Algorithm:  recursive_doubling_zfp_online_coll
  ZFP rate:   16
  Epochs:     5
  Batch/rank: 8
  LR:         0.1
  Scheduler:  cosine
  Warmup:     0
  Grad clip:  None
  Drop last:  True
  Data dir:   ./data
================================================================================


================================================================================
DISTRIBUTED TRAINING LAUNCHER
================================================================================
  Model:      wide_resnet50_2 (CIFAR stem) (from scratch)
  Dataset:    cifar10 (10 classes)
  Image size: 32
  LR:         0.1
  Momentum:   0.9 (nesterov=True)
  Optimizer:  sgd
  Weight dec: 0.0005 (on BN/bias=False)
  Backend:    mpi
  Algorithm:  recursive_doubling_zfp_online_coll
  ZFP rate:   16
  Epochs:     5
  Batch/rank: 8
  LR:         0.1
  Scheduler:  cosine
  Warmup:     0
  Grad clip:  None
  Drop last:  True
  Data dir:   ./data
================================================================================


================================================================================
DISTRIBUTED TRAINING LAUNCHER
================================================================================
  Model:      wide_resnet50_2 (CIFAR stem) (from scratch)
  Dataset:    cifar10 (10 classes)
  Image size: 32
  LR:         0.1
  Momentum:   0.9 (nesterov=True)
  Optimizer:  sgd
  Weight dec: 0.0005 (on BN/bias=False)
  Backend:    mpi
  Algorithm:  recursive_doubling_zfp_online_coll
  ZFP rate:   16
  Epochs:     5
  Batch/rank: 8
  LR:         0.1
  Scheduler:  cosine
  Warmup:     0
  Grad clip:  None
  Drop last:  True
  Data dir:   ./data
================================================================================


================================================================================
Distributed Training: WIDE_RESNET50_2 on CIFAR10
Backend: MPI, Algorithm: recursive_doubling_zfp_online_coll
================================================================================
Ranks: 8, Epochs: 5, Batch/rank: 8, Effective batch: 64
LR: 0.1, Device: cuda:0

[Cache] Pretrained weights cache (TORCH_HOME) = /eagle/UIC-HPC/matilderestelli/pretrained_weights_cache
[Setup] Model on cuda:0, wrapped in DDP (static_graph=True)
[Setup] Hook registered: mpi/recursive_doubling_zfp_online_coll
[Optim] SGD: lr=0.1 momentum=0.9 nesterov=True wd=0.0005 wd_on_bn_bias=False
[Optim]   group 0: 66,778,816 params, wd=0.0005
[Optim]   group 1: 68,234 params, wd=0.0
[Data] Train batches: 781, Val batches: 1250

[Sched] cosine: steps/epoch=781, total_steps=3905, warmup_steps=0 (0 epochs)


[Epoch 1] Training... (lr at epoch start=0.100000)
  Batch [50/781] Loss: 13.0630, Acc: 11.75%, lr: 0.099960
  Batch [100/781] Loss: 7.8187, Acc: 11.00%, lr: 0.099838
  Batch [150/781] Loss: 6.0505, Acc: 11.58%, lr: 0.099636
  Batch [200/781] Loss: 5.1528, Acc: 12.12%, lr: 0.099354
  Batch [250/781] Loss: 4.6116, Acc: 12.35%, lr: 0.098992
  Batch [300/781] Loss: 4.2374, Acc: 12.62%, lr: 0.098551
  Batch [350/781] Loss: 3.9719, Acc: 12.79%, lr: 0.098031
  Batch [400/781] Loss: 3.7655, Acc: 13.25%, lr: 0.097433
  Batch [450/781] Loss: 3.6052, Acc: 13.47%, lr: 0.096759
  Batch [500/781] Loss: 3.4818, Acc: 13.28%, lr: 0.096009
  Batch [550/781] Loss: 3.3747, Acc: 13.39%, lr: 0.095185
  Batch [600/781] Loss: 3.2789, Acc: 13.83%, lr: 0.094287
  Batch [650/781] Loss: 3.1969, Acc: 14.23%, lr: 0.093318
  Batch [700/781] Loss: 3.1238, Acc: 14.62%, lr: 0.092279
  Batch [750/781] Loss: 3.0590, Acc: 15.03%, lr: 0.091171
[Epoch 1] Train Loss: 3.0224, Acc: 15.24%  |  Val Loss: 2.0868, Acc: 20.97%  |  Time: 54.7s
[Epoch 1] t_iter median: 59.37 ms  (fwd 6.91 | bwd+comm 49.10 | opt 3.20 | data 0.11)  |  train-only epoch: 47.5s
  -> Best model saved (20.97%)
[Epoch 1] Summarizing hook timing...

[HOOK_TIMING_SUMMARY] epoch=1
[HOOK_WORK_SUMMARY] label=mpi:recursive_doubling_zfp_online_coll:rate16 calls=6234 work_total_ms=37222.340 work_mean_ms=5.971 work_min_ms=2.475 work_max_ms=145.283
[HOOK_TAIL_SUMMARY] label=mpi:recursive_doubling_zfp_online_coll:rate16 steps=782 tail_total_ms=30427.174 tail_mean_ms=38.909 tail_min_ms=8.345 tail_max_ms=153.007
[Epoch 1] Hook timing summary done

[Epoch 2] Training... (lr at epoch start=0.090451)
  Batch [50/781] Loss: 2.1785, Acc: 20.50%, lr: 0.089236
  Batch [100/781] Loss: 2.1558, Acc: 18.88%, lr: 0.087958
  Batch [150/781] Loss: 2.1509, Acc: 18.58%, lr: 0.086619
  Batch [200/781] Loss: 2.1451, Acc: 18.69%, lr: 0.085220
  Batch [250/781] Loss: 2.1418, Acc: 18.55%, lr: 0.083764
  Batch [300/781] Loss: 2.1387, Acc: 18.29%, lr: 0.082254
  Batch [350/781] Loss: 2.1396, Acc: 18.36%, lr: 0.080691
  Batch [400/781] Loss: 2.1389, Acc: 18.31%, lr: 0.079079
  Batch [450/781] Loss: 2.1233, Acc: 18.72%, lr: 0.077420
  Batch [500/781] Loss: 2.1167, Acc: 19.12%, lr: 0.075716
  Batch [550/781] Loss: 2.1066, Acc: 19.36%, lr: 0.073971
  Batch [600/781] Loss: 2.1017, Acc: 19.25%, lr: 0.072187
  Batch [650/781] Loss: 2.0969, Acc: 19.50%, lr: 0.070367
  Batch [700/781] Loss: 2.0940, Acc: 19.71%, lr: 0.068515
  Batch [750/781] Loss: 2.0904, Acc: 19.88%, lr: 0.066632
[Epoch 2] Train Loss: 2.0865, Acc: 20.01%  |  Val Loss: 1.9649, Acc: 22.16%  |  Time: 53.8s
[Epoch 2] t_iter median: 59.15 ms  (fwd 6.86 | bwd+comm 48.93 | opt 3.19 | data 0.11)  |  train-only epoch: 46.5s
  -> Best model saved (22.16%)
[Epoch 2] Summarizing hook timing...

[HOOK_TIMING_SUMMARY] epoch=2
[HOOK_WORK_SUMMARY] label=mpi:recursive_doubling_zfp_online_coll:rate16 calls=6248 work_total_ms=37050.968 work_mean_ms=5.930 work_min_ms=2.348 work_max_ms=13.248
[HOOK_TAIL_SUMMARY] label=mpi:recursive_doubling_zfp_online_coll:rate16 steps=781 tail_total_ms=30323.080 tail_mean_ms=38.826 tail_min_ms=36.299 tail_max_ms=44.288
[Epoch 2] Hook timing summary done

[Epoch 3] Training... (lr at epoch start=0.065451)
  Batch [50/781] Loss: 1.9790, Acc: 22.00%, lr: 0.063526
  Batch [100/781] Loss: 2.0282, Acc: 21.88%, lr: 0.061579
  Batch [150/781] Loss: 2.0272, Acc: 23.08%, lr: 0.059614
  Batch [200/781] Loss: 2.0531, Acc: 21.69%, lr: 0.057633
  Batch [250/781] Loss: 2.0544, Acc: 22.00%, lr: 0.055640
  Batch [300/781] Loss: 2.0585, Acc: 21.83%, lr: 0.053637
  Batch [350/781] Loss: 2.0584, Acc: 22.18%, lr: 0.051629
  Batch [400/781] Loss: 2.0443, Acc: 22.25%, lr: 0.049618
  Batch [450/781] Loss: 2.0364, Acc: 22.44%, lr: 0.047608
  Batch [500/781] Loss: 2.0308, Acc: 22.90%, lr: 0.045601
  Batch [550/781] Loss: 2.0236, Acc: 22.98%, lr: 0.043602
  Batch [600/781] Loss: 2.0159, Acc: 23.58%, lr: 0.041613
  Batch [650/781] Loss: 2.0200, Acc: 23.67%, lr: 0.039637
  Batch [700/781] Loss: 2.0125, Acc: 23.86%, lr: 0.037679
  Batch [750/781] Loss: 2.0082, Acc: 23.93%, lr: 0.035740
[Epoch 3] Train Loss: 2.0025, Acc: 24.18%  |  Val Loss: 1.8072, Acc: 31.57%  |  Time: 53.7s
[Epoch 3] t_iter median: 59.27 ms  (fwd 6.80 | bwd+comm 49.13 | opt 3.23 | data 0.07)  |  train-only epoch: 46.6s
  -> Best model saved (31.57%)
[Epoch 3] Summarizing hook timing...

[HOOK_TIMING_SUMMARY] epoch=3
[HOOK_WORK_SUMMARY] label=mpi:recursive_doubling_zfp_online_coll:rate16 calls=6248 work_total_ms=37317.254 work_mean_ms=5.973 work_min_ms=2.721 work_max_ms=13.638
[HOOK_TAIL_SUMMARY] label=mpi:recursive_doubling_zfp_online_coll:rate16 steps=781 tail_total_ms=30665.438 tail_mean_ms=39.264 tail_min_ms=37.676 tail_max_ms=44.961
[Epoch 3] Hook timing summary done

[Epoch 4] Training... (lr at epoch start=0.034549)
  Batch [50/781] Loss: 1.9423, Acc: 27.25%, lr: 0.032649
  Batch [100/781] Loss: 1.9249, Acc: 26.12%, lr: 0.030778
  Batch [150/781] Loss: 1.9326, Acc: 27.00%, lr: 0.028937
  Batch [200/781] Loss: 1.9323, Acc: 27.06%, lr: 0.027130
  Batch [250/781] Loss: 1.9215, Acc: 27.50%, lr: 0.025361
  Batch [300/781] Loss: 1.9145, Acc: 27.38%, lr: 0.023631
  Batch [350/781] Loss: 1.9146, Acc: 27.71%, lr: 0.021944
  Batch [400/781] Loss: 1.9040, Acc: 28.00%, lr: 0.020302
  Batch [450/781] Loss: 1.8970, Acc: 28.44%, lr: 0.018709
  Batch [500/781] Loss: 1.8952, Acc: 28.77%, lr: 0.017166
  Batch [550/781] Loss: 1.8938, Acc: 28.86%, lr: 0.015676
  Batch [600/781] Loss: 1.8900, Acc: 29.19%, lr: 0.014242
  Batch [650/781] Loss: 1.8902, Acc: 29.40%, lr: 0.012865
  Batch [700/781] Loss: 1.8876, Acc: 29.54%, lr: 0.011549
  Batch [750/781] Loss: 1.8822, Acc: 29.65%, lr: 0.010295
[Epoch 4] Train Loss: 1.8798, Acc: 29.64%  |  Val Loss: 1.7488, Acc: 33.37%  |  Time: 53.4s
[Epoch 4] t_iter median: 58.89 ms  (fwd 6.78 | bwd+comm 48.72 | opt 3.24 | data 0.11)  |  train-only epoch: 46.4s
  -> Best model saved (33.37%)
[Epoch 4] Summarizing hook timing...

[HOOK_TIMING_SUMMARY] epoch=4
[HOOK_WORK_SUMMARY] label=mpi:recursive_doubling_zfp_online_coll:rate16 calls=6248 work_total_ms=37020.821 work_mean_ms=5.925 work_min_ms=2.657 work_max_ms=13.431
[HOOK_TAIL_SUMMARY] label=mpi:recursive_doubling_zfp_online_coll:rate16 steps=781 tail_total_ms=30352.613 tail_mean_ms=38.864 tail_min_ms=37.110 tail_max_ms=43.453
[Epoch 4] Hook timing summary done

[Epoch 5] Training... (lr at epoch start=0.009549)
  Batch [50/781] Loss: 1.7598, Acc: 38.25%, lr: 0.008400
  Batch [100/781] Loss: 1.8035, Acc: 36.12%, lr: 0.007318
  Batch [150/781] Loss: 1.8126, Acc: 35.42%, lr: 0.006305
  Batch [200/781] Loss: 1.8096, Acc: 34.44%, lr: 0.005363
  Batch [250/781] Loss: 1.8101, Acc: 34.50%, lr: 0.004493
  Batch [300/781] Loss: 1.8019, Acc: 34.00%, lr: 0.003697
  Batch [350/781] Loss: 1.7987, Acc: 33.82%, lr: 0.002976
  Batch [400/781] Loss: 1.7953, Acc: 33.59%, lr: 0.002330
  Batch [450/781] Loss: 1.7888, Acc: 33.47%, lr: 0.001762
  Batch [500/781] Loss: 1.7842, Acc: 33.85%, lr: 0.001272
  Batch [550/781] Loss: 1.7804, Acc: 33.89%, lr: 0.000861
  Batch [600/781] Loss: 1.7788, Acc: 33.96%, lr: 0.000529
  Batch [650/781] Loss: 1.7736, Acc: 34.00%, lr: 0.000277
  Batch [700/781] Loss: 1.7700, Acc: 34.09%, lr: 0.000106
  Batch [750/781] Loss: 1.7640, Acc: 34.55%, lr: 0.000016
[Epoch 5] Train Loss: 1.7667, Acc: 34.54%  |  Val Loss: 1.6503, Acc: 37.79%  |  Time: 53.8s
[Epoch 5] t_iter median: 59.16 ms  (fwd 6.73 | bwd+comm 48.99 | opt 3.24 | data 0.11)  |  train-only epoch: 46.6s
  -> Best model saved (37.79%)
[Epoch 5] Summarizing hook timing...

[HOOK_TIMING_SUMMARY] epoch=5
[HOOK_WORK_SUMMARY] label=mpi:recursive_doubling_zfp_online_coll:rate16 calls=6248 work_total_ms=37200.544 work_mean_ms=5.954 work_min_ms=2.649 work_max_ms=13.650
[HOOK_TAIL_SUMMARY] label=mpi:recursive_doubling_zfp_online_coll:rate16 steps=781 tail_total_ms=30514.037 tail_mean_ms=39.070 tail_min_ms=36.849 tail_max_ms=44.784
[Epoch 5] Hook timing summary done

================================================================================
Done in 273.9s | Best val acc: 37.79%
Epoch times (train+val): mean=53.9s  min=53.4s  max=54.7s
Train-only epoch time (epochs 2..N): median=46.57s  min=46.36s  max=46.62s
  -> use this for STRONG scaling (fixed global batch)
  -> use t_iter_median_ms from the CSV for WEAK scaling (fixed local batch)
================================================================================
=== Finished: model=wide_resnet50_2, dataset=cifar10, batch=8, lr=0.10, scheduler=cosine, backend=mpi, hook=recursive_doubling_zfp_online_coll, zfp_rate=16, status=0 at Wed Jul 22 04:22:45 PM UTC 2026 ===
=== Starting: model=wide_resnet50_2, ws=8, bs=8, gb=64, lr=0.10, sched=cosine, warmup=0, epochs=5, mom=0.9, wd=5e-4, nesterov=true, wd_bn_bias=false, backend=mpi, hook=recursive_doubling_zfp_online_coll, zfp=8 at Wed Jul 22 04:22:45 PM UTC 2026 ===

================================================================================
DISTRIBUTED TRAINING LAUNCHER
================================================================================
  Model:      wide_resnet50_2 (CIFAR stem) (from scratch)
  Dataset:    cifar10 (10 classes)
  Image size: 32
  LR:         0.1
  Momentum:   0.9 (nesterov=True)
  Optimizer:  sgd
  Weight dec: 0.0005 (on BN/bias=False)
  Backend:    mpi
  Algorithm:  recursive_doubling_zfp_online_coll
  ZFP rate:   8
================================================================================
DISTRIBUTED TRAINING LAUNCHER
================================================================================
  Model:      wide_resnet50_2 (CIFAR stem) (from scratch)
  Dataset:    cifar10 (10 classes)
  Image size: 32
  LR:         0.1
  Momentum:   0.9 (nesterov=True)
  Optimizer:  sgd
  Weight dec: 0.0005 (on BN/bias=False)
  Backend:    mpi
  Algorithm:  recursive_doubling_zfp_online_coll
  ZFP rate:   8
  Epochs:     5
  Batch/rank: 8
  LR:         0.1
  Scheduler:  cosine
  Warmup:     0
  Grad clip:  None
  Drop last:  True
  Data dir:   ./data
================================================================================


================================================================================
DISTRIBUTED TRAINING LAUNCHER
================================================================================
  Model:      wide_resnet50_2 (CIFAR stem) (from scratch)
  Dataset:    cifar10 (10 classes)
  Image size: 32
  LR:         0.1
  Momentum:   0.9 (nesterov=True)
  Optimizer:  sgd
  Weight dec: 0.0005 (on BN/bias=False)
  Backend:    mpi
  Algorithm:  recursive_doubling_zfp_online_coll
  ZFP rate:   8
  Epochs:     5
  Batch/rank: 8
  LR:         0.1
  Scheduler:  cosine
  Warmup:     0
  Grad clip:  None
  Drop last:  True
  Data dir:   ./data
================================================================================


  Epochs:     5
  Batch/rank: 8
  LR:         0.1
  Scheduler:  cosine
  Warmup:     0
  Grad clip:  None
  Drop last:  True
  Data dir:   ./data
================================================================================


================================================================================
DISTRIBUTED TRAINING LAUNCHER
================================================================================
  Model:      wide_resnet50_2 (CIFAR stem) (from scratch)
  Dataset:    cifar10 (10 classes)
  Image size: 32
  LR:         0.1
  Momentum:   0.9 (nesterov=True)
  Optimizer:  sgd
  Weight dec: 0.0005 (on BN/bias=False)
  Backend:    mpi
  Algorithm:  recursive_doubling_zfp_online_coll
  ZFP rate:   8
  Epochs:     5
  Batch/rank: 8
  LR:         0.1
  Scheduler:  cosine
  Warmup:     0
  Grad clip:  None
  Drop last:  True
  Data dir:   ./data
================================================================================


================================================================================
DISTRIBUTED TRAINING LAUNCHER
================================================================================
  Model:      wide_resnet50_2 (CIFAR stem) (from scratch)
  Dataset:    cifar10 (10 classes)
  Image size: 32
  LR:         0.1
  Momentum:   0.9 (nesterov=True)
  Optimizer:  sgd
  Weight dec: 0.0005 (on BN/bias=False)
  Backend:    mpi
  Algorithm:  recursive_doubling_zfp_online_coll
================================================================================
DISTRIBUTED TRAINING LAUNCHER
================================================================================
  Model:      wide_resnet50_2 (CIFAR stem) (from scratch)
  Dataset:    cifar10 (10 classes)
  Image size: 32
  LR:         0.1
  Momentum:   0.9 (nesterov=True)
  Optimizer:  sgd
  Weight dec: 0.0005 (on BN/bias=False)
  Backend:    mpi
  Algorithm:  recursive_doubling_zfp_online_coll
  ZFP rate:   8
  Epochs:     5
  Batch/rank: 8
  LR:         0.1
  Scheduler:  cosine
  Warmup:     0
  Grad clip:  None
  Drop last:  True
  Data dir:   ./data
================================================================================


  ZFP rate:   8
  Epochs:     5
  Batch/rank: 8
  LR:         0.1
  Scheduler:  cosine
  Warmup:     0
  Grad clip:  None
  Drop last:  True
  Data dir:   ./data
================================================================================


================================================================================
DISTRIBUTED TRAINING LAUNCHER
================================================================================
  Model:      wide_resnet50_2 (CIFAR stem) (from scratch)
  Dataset:    cifar10 (10 classes)
  Image size: 32
  LR:         0.1
  Momentum:   0.9 (nesterov=True)
  Optimizer:  sgd
  Weight dec: 0.0005 (on BN/bias=False)
  Backend:    mpi
  Algorithm:  recursive_doubling_zfp_online_coll
  ZFP rate:   8
  Epochs:     5
  Batch/rank: 8
  LR:         0.1
  Scheduler:  cosine
  Warmup:     0
  Grad clip:  None
  Drop last:  True
  Data dir:   ./data
================================================================================


================================================================================
DISTRIBUTED TRAINING LAUNCHER
================================================================================
  Model:      wide_resnet50_2 (CIFAR stem) (from scratch)
  Dataset:    cifar10 (10 classes)
  Image size: 32
  LR:         0.1
  Momentum:   0.9 (nesterov=True)
  Optimizer:  sgd
  Weight dec: 0.0005 (on BN/bias=False)
  Backend:    mpi
  Algorithm:  recursive_doubling_zfp_online_coll
  ZFP rate:   8
  Epochs:     5
  Batch/rank: 8
  LR:         0.1
  Scheduler:  cosine
  Warmup:     0
  Grad clip:  None
  Drop last:  True
  Data dir:   ./data
================================================================================


================================================================================
Distributed Training: WIDE_RESNET50_2 on CIFAR10
Backend: MPI, Algorithm: recursive_doubling_zfp_online_coll
================================================================================
Ranks: 8, Epochs: 5, Batch/rank: 8, Effective batch: 64
LR: 0.1, Device: cuda:0

[Cache] Pretrained weights cache (TORCH_HOME) = /eagle/UIC-HPC/matilderestelli/pretrained_weights_cache
[Setup] Model on cuda:0, wrapped in DDP (static_graph=True)
[Setup] Hook registered: mpi/recursive_doubling_zfp_online_coll
[Optim] SGD: lr=0.1 momentum=0.9 nesterov=True wd=0.0005 wd_on_bn_bias=False
[Optim]   group 0: 66,778,816 params, wd=0.0005
[Optim]   group 1: 68,234 params, wd=0.0
[Data] Train batches: 781, Val batches: 1250

[Sched] cosine: steps/epoch=781, total_steps=3905, warmup_steps=0 (0 epochs)


[Epoch 1] Training... (lr at epoch start=0.100000)
  Batch [50/781] Loss: 12.4518, Acc: 10.00%, lr: 0.099960
  Batch [100/781] Loss: 7.4807, Acc: 9.88%, lr: 0.099838
  Batch [150/781] Loss: 5.7931, Acc: 10.33%, lr: 0.099636
  Batch [200/781] Loss: 4.9405, Acc: 10.56%, lr: 0.099354
  Batch [250/781] Loss: 4.4368, Acc: 11.00%, lr: 0.098992
  Batch [300/781] Loss: 4.0988, Acc: 10.62%, lr: 0.098551
  Batch [350/781] Loss: 3.8496, Acc: 10.68%, lr: 0.098031
  Batch [400/781] Loss: 3.6640, Acc: 10.84%, lr: 0.097433
  Batch [450/781] Loss: 3.5164, Acc: 10.94%, lr: 0.096759
  Batch [500/781] Loss: 3.3988, Acc: 10.97%, lr: 0.096009
  Batch [550/781] Loss: 3.3038, Acc: 11.18%, lr: 0.095185
  Batch [600/781] Loss: 3.2215, Acc: 11.69%, lr: 0.094287
  Batch [650/781] Loss: 3.1482, Acc: 12.12%, lr: 0.093318
  Batch [700/781] Loss: 3.0798, Acc: 12.48%, lr: 0.092279
  Batch [750/781] Loss: 3.0176, Acc: 12.85%, lr: 0.091171
[Epoch 1] Train Loss: 2.9838, Acc: 13.09%  |  Val Loss: 2.1340, Acc: 19.37%  |  Time: 43.2s
[Epoch 1] t_iter median: 44.81 ms  (fwd 6.73 | bwd+comm 34.67 | opt 3.24 | data 0.10)  |  train-only epoch: 36.1s
  -> Best model saved (19.37%)
[Epoch 1] Summarizing hook timing...

[HOOK_TIMING_SUMMARY] epoch=1
[HOOK_WORK_SUMMARY] label=mpi:recursive_doubling_zfp_online_coll:rate8 calls=6234 work_total_ms=26089.396 work_mean_ms=4.185 work_min_ms=1.916 work_max_ms=134.321
[HOOK_TAIL_SUMMARY] label=mpi:recursive_doubling_zfp_online_coll:rate8 steps=782 tail_total_ms=19344.503 tail_mean_ms=24.737 tail_min_ms=8.657 tail_max_ms=143.362
[Epoch 1] Hook timing summary done

[Epoch 2] Training... (lr at epoch start=0.090451)
  Batch [50/781] Loss: 2.1808, Acc: 16.00%, lr: 0.089236
  Batch [100/781] Loss: 2.1519, Acc: 18.00%, lr: 0.087958
  Batch [150/781] Loss: 2.1567, Acc: 18.33%, lr: 0.086619
  Batch [200/781] Loss: 2.1500, Acc: 18.06%, lr: 0.085220
  Batch [250/781] Loss: 2.1540, Acc: 18.35%, lr: 0.083764
  Batch [300/781] Loss: 2.1570, Acc: 18.42%, lr: 0.082254
  Batch [350/781] Loss: 2.1612, Acc: 18.25%, lr: 0.080691
  Batch [400/781] Loss: 2.1563, Acc: 18.06%, lr: 0.079079
  Batch [450/781] Loss: 2.1495, Acc: 18.00%, lr: 0.077420
  Batch [500/781] Loss: 2.1423, Acc: 18.35%, lr: 0.075716
  Batch [550/781] Loss: 2.1328, Acc: 18.52%, lr: 0.073971
  Batch [600/781] Loss: 2.1266, Acc: 18.69%, lr: 0.072187
  Batch [650/781] Loss: 2.1211, Acc: 18.81%, lr: 0.070367
  Batch [700/781] Loss: 2.1226, Acc: 18.71%, lr: 0.068515
  Batch [750/781] Loss: 2.1187, Acc: 18.85%, lr: 0.066632
[Epoch 2] Train Loss: 2.1164, Acc: 18.92%  |  Val Loss: 1.9932, Acc: 19.75%  |  Time: 42.7s
[Epoch 2] t_iter median: 45.01 ms  (fwd 6.79 | bwd+comm 34.81 | opt 3.29 | data 0.11)  |  train-only epoch: 35.5s
  -> Best model saved (19.75%)
[Epoch 2] Summarizing hook timing...

[HOOK_TIMING_SUMMARY] epoch=2
[HOOK_WORK_SUMMARY] label=mpi:recursive_doubling_zfp_online_coll:rate8 calls=6248 work_total_ms=25975.604 work_mean_ms=4.157 work_min_ms=1.568 work_max_ms=8.976
[HOOK_TAIL_SUMMARY] label=mpi:recursive_doubling_zfp_online_coll:rate8 steps=781 tail_total_ms=18925.953 tail_mean_ms=24.233 tail_min_ms=22.440 tail_max_ms=30.148
[Epoch 2] Hook timing summary done

[Epoch 3] Training... (lr at epoch start=0.065451)
  Batch [50/781] Loss: 2.0390, Acc: 18.50%, lr: 0.063526
  Batch [100/781] Loss: 2.0539, Acc: 19.00%, lr: 0.061579
  Batch [150/781] Loss: 2.0480, Acc: 20.00%, lr: 0.059614
  Batch [200/781] Loss: 2.0553, Acc: 19.88%, lr: 0.057633
  Batch [250/781] Loss: 2.0504, Acc: 20.45%, lr: 0.055640
  Batch [300/781] Loss: 2.0529, Acc: 20.62%, lr: 0.053637
  Batch [350/781] Loss: 2.0490, Acc: 20.71%, lr: 0.051629
  Batch [400/781] Loss: 2.0382, Acc: 20.69%, lr: 0.049618
  Batch [450/781] Loss: 2.0337, Acc: 21.19%, lr: 0.047608
  Batch [500/781] Loss: 2.0307, Acc: 21.40%, lr: 0.045601
  Batch [550/781] Loss: 2.0289, Acc: 21.27%, lr: 0.043602
  Batch [600/781] Loss: 2.0228, Acc: 21.48%, lr: 0.041613
  Batch [650/781] Loss: 2.0276, Acc: 21.52%, lr: 0.039637
  Batch [700/781] Loss: 2.0188, Acc: 21.73%, lr: 0.037679
  Batch [750/781] Loss: 2.0170, Acc: 21.77%, lr: 0.035740
[Epoch 3] Train Loss: 2.0152, Acc: 21.85%  |  Val Loss: 1.8594, Acc: 25.76%  |  Time: 42.8s
[Epoch 3] t_iter median: 45.02 ms  (fwd 6.85 | bwd+comm 34.67 | opt 3.38 | data 0.12)  |  train-only epoch: 35.5s
  -> Best model saved (25.76%)
[Epoch 3] Summarizing hook timing...

[HOOK_TIMING_SUMMARY] epoch=3
[HOOK_WORK_SUMMARY] label=mpi:recursive_doubling_zfp_online_coll:rate8 calls=6248 work_total_ms=25813.095 work_mean_ms=4.131 work_min_ms=1.644 work_max_ms=8.395
[HOOK_TAIL_SUMMARY] label=mpi:recursive_doubling_zfp_online_coll:rate8 steps=781 tail_total_ms=18692.756 tail_mean_ms=23.934 tail_min_ms=22.580 tail_max_ms=29.434
[Epoch 3] Hook timing summary done

[Epoch 4] Training... (lr at epoch start=0.034549)
  Batch [50/781] Loss: 1.9632, Acc: 24.25%, lr: 0.032649
  Batch [100/781] Loss: 1.9625, Acc: 23.50%, lr: 0.030778
  Batch [150/781] Loss: 1.9567, Acc: 23.67%, lr: 0.028937
  Batch [200/781] Loss: 1.9496, Acc: 23.56%, lr: 0.027130
  Batch [250/781] Loss: 1.9362, Acc: 24.55%, lr: 0.025361
  Batch [300/781] Loss: 1.9372, Acc: 23.75%, lr: 0.023631
  Batch [350/781] Loss: 1.9418, Acc: 24.32%, lr: 0.021944
  Batch [400/781] Loss: 1.9374, Acc: 24.25%, lr: 0.020302
  Batch [450/781] Loss: 1.9312, Acc: 24.58%, lr: 0.018709
  Batch [500/781] Loss: 1.9304, Acc: 24.75%, lr: 0.017166
  Batch [550/781] Loss: 1.9262, Acc: 25.25%, lr: 0.015676
  Batch [600/781] Loss: 1.9201, Acc: 25.54%, lr: 0.014242
  Batch [650/781] Loss: 1.9169, Acc: 25.77%, lr: 0.012865
  Batch [700/781] Loss: 1.9142, Acc: 26.16%, lr: 0.011549
  Batch [750/781] Loss: 1.9086, Acc: 26.53%, lr: 0.010295
[Epoch 4] Train Loss: 1.9045, Acc: 26.65%  |  Val Loss: 1.7399, Acc: 34.04%  |  Time: 42.9s
[Epoch 4] t_iter median: 45.08 ms  (fwd 6.84 | bwd+comm 34.80 | opt 3.25 | data 0.10)  |  train-only epoch: 35.5s
  -> Best model saved (34.04%)
[Epoch 4] Summarizing hook timing...

[HOOK_TIMING_SUMMARY] epoch=4
[HOOK_WORK_SUMMARY] label=mpi:recursive_doubling_zfp_online_coll:rate8 calls=6248 work_total_ms=26026.520 work_mean_ms=4.166 work_min_ms=1.611 work_max_ms=8.692
[HOOK_TAIL_SUMMARY] label=mpi:recursive_doubling_zfp_online_coll:rate8 steps=781 tail_total_ms=19096.754 tail_mean_ms=24.452 tail_min_ms=22.871 tail_max_ms=30.698
[Epoch 4] Hook timing summary done

[Epoch 5] Training... (lr at epoch start=0.009549)
  Batch [50/781] Loss: 1.7956, Acc: 32.25%, lr: 0.008400
  Batch [100/781] Loss: 1.8381, Acc: 31.12%, lr: 0.007318
  Batch [150/781] Loss: 1.8435, Acc: 31.33%, lr: 0.006305
  Batch [200/781] Loss: 1.8373, Acc: 30.62%, lr: 0.005363
  Batch [250/781] Loss: 1.8312, Acc: 31.00%, lr: 0.004493
  Batch [300/781] Loss: 1.8181, Acc: 31.17%, lr: 0.003697
  Batch [350/781] Loss: 1.8103, Acc: 31.36%, lr: 0.002976
  Batch [400/781] Loss: 1.8075, Acc: 31.66%, lr: 0.002330
  Batch [450/781] Loss: 1.8011, Acc: 31.97%, lr: 0.001762
  Batch [500/781] Loss: 1.7996, Acc: 32.08%, lr: 0.001272
  Batch [550/781] Loss: 1.7950, Acc: 32.27%, lr: 0.000861
  Batch [600/781] Loss: 1.7944, Acc: 32.33%, lr: 0.000529
  Batch [650/781] Loss: 1.7895, Acc: 32.35%, lr: 0.000277
  Batch [700/781] Loss: 1.7870, Acc: 32.57%, lr: 0.000106
  Batch [750/781] Loss: 1.7816, Acc: 32.85%, lr: 0.000016
[Epoch 5] Train Loss: 1.7833, Acc: 32.84%  |  Val Loss: 1.6575, Acc: 37.37%  |  Time: 42.7s
[Epoch 5] t_iter median: 45.11 ms  (fwd 6.84 | bwd+comm 34.90 | opt 3.23 | data 0.11)  |  train-only epoch: 35.6s
  -> Best model saved (37.37%)
[Epoch 5] Summarizing hook timing...

[HOOK_TIMING_SUMMARY] epoch=5
[HOOK_WORK_SUMMARY] label=mpi:recursive_doubling_zfp_online_coll:rate8 calls=6248 work_total_ms=26156.684 work_mean_ms=4.186 work_min_ms=2.220 work_max_ms=8.731
[HOOK_TAIL_SUMMARY] label=mpi:recursive_doubling_zfp_online_coll:rate8 steps=781 tail_total_ms=19331.455 tail_mean_ms=24.752 tail_min_ms=22.472 tail_max_ms=29.721
[Epoch 5] Hook timing summary done

================================================================================
Done in 218.7s | Best val acc: 37.37%
Epoch times (train+val): mean=42.8s  min=42.7s  max=43.2s
Train-only epoch time (epochs 2..N): median=35.54s  min=35.50s  max=35.58s
  -> use this for STRONG scaling (fixed global batch)
  -> use t_iter_median_ms from the CSV for WEAK scaling (fixed local batch)
================================================================================
=== Finished: model=wide_resnet50_2, dataset=cifar10, batch=8, lr=0.10, scheduler=cosine, backend=mpi, hook=recursive_doubling_zfp_online_coll, zfp_rate=8, status=0 at Wed Jul 22 04:26:33 PM UTC 2026 ===
=== Starting: model=wide_resnet50_2, ws=8, bs=8, gb=64, lr=0.10, sched=cosine, warmup=0, epochs=5, mom=0.9, wd=5e-4, nesterov=true, wd_bn_bias=false, backend=mpi, hook=default, zfp=none at Wed Jul 22 04:26:33 PM UTC 2026 ===

================================================================================
DISTRIBUTED TRAINING LAUNCHER
================================================================================
  Model:      wide_resnet50_2 (CIFAR stem) (from scratch)
  Dataset:    cifar10 (10 classes)
  Image size: 32
  LR:         0.1
  Momentum:   0.9 (nesterov=True)
  Optimizer:  sgd
================================================================================
DISTRIBUTED TRAINING LAUNCHER
================================================================================
  Model:      wide_resnet50_2 (CIFAR stem) (from scratch)
  Dataset:    cifar10 (10 classes)
  Image size: 32
  LR:         0.1
  Momentum:   0.9 (nesterov=True)
  Optimizer:  sgd
  Weight dec: 0.0005 (on BN/bias=False)
  Backend:    mpi
  Algorithm:  default
  Epochs:     5
  Batch/rank: 8
  LR:         0.1
  Scheduler:  cosine
  Warmup:     0
  Grad clip:  None

  Weight dec: 0.0005 (on BN/bias=False)
  Backend:    mpi
  Algorithm:  default
  Epochs:     5
  Batch/rank: 8
  LR:         0.1
  Scheduler:  cosine
  Warmup:     0
  Grad clip:  None
  Drop last:  True
  Data dir:   ./data
================================================================================

  Drop last:  True
  Data dir:   ./data
================================================================================


================================================================================
DISTRIBUTED TRAINING LAUNCHER
================================================================================
  Model:      wide_resnet50_2 (CIFAR stem) (from scratch)
  Dataset:    cifar10 (10 classes)
  Image size: 32
  LR:         0.1
  Momentum:   0.9 (nesterov=True)
  Optimizer:  sgd
  Weight dec: 0.0005 (on BN/bias=False)
  Backend:    mpi
  Algorithm:  default
  Epochs:     5
  Batch/rank: 8
  LR:         0.1
  Scheduler:  cosine
  Warmup:     0
  Grad clip:  None
  Drop last:  True
  Data dir:   ./data
================================================================================


================================================================================
DISTRIBUTED TRAINING LAUNCHER
================================================================================
  Model:      wide_resnet50_2 (CIFAR stem) (from scratch)
  Dataset:    cifar10 (10 classes)
  Image size: 32
  LR:         0.1
  Momentum:   0.9 (nesterov=True)
  Optimizer:  sgd
  Weight dec: 0.0005 (on BN/bias=False)
  Backend:    mpi
  Algorithm:  default
  Epochs:     5
  Batch/rank: 8
  LR:         0.1
  Scheduler:  cosine
  Warmup:     0
  Grad clip:  None
  Drop last:  True
  Data dir:   ./data
================================================================================


================================================================================
DISTRIBUTED TRAINING LAUNCHER
================================================================================
  Model:      wide_resnet50_2 (CIFAR stem) (from scratch)
  Dataset:    cifar10 (10 classes)
  Image size: 32
  LR:         0.1
  Momentum:   0.9 (nesterov=True)
  Optimizer:  sgd
  Weight dec: 0.0005 (on BN/bias=False)
  Backend:    mpi
  Algorithm:  default
  Epochs:     5
  Batch/rank: 8
  LR:         0.1
  Scheduler:  cosine
  Warmup:     0
  Grad clip:  None
  Drop last:  True
  Data dir:   ./data
================================================================================


================================================================================
DISTRIBUTED TRAINING LAUNCHER
================================================================================
  Model:      wide_resnet50_2 (CIFAR stem) (from scratch)
  Dataset:    cifar10 (10 classes)
  Image size: 32

================================================================================
DISTRIBUTED TRAINING LAUNCHER
================================================================================
  Model:      wide_resnet50_2 (CIFAR stem) (from scratch)
  Dataset:    cifar10 (10 classes)
  Image size: 32
  LR:         0.1
  Momentum:   0.9 (nesterov=True)
  Optimizer:  sgd
  Weight dec: 0.0005 (on BN/bias=False)
  Backend:    mpi
  Algorithm:  default
  Epochs:     5
  Batch/rank: 8
  LR:         0.1
  Momentum:   0.9 (nesterov=True)
  Optimizer:  sgd
  Weight dec: 0.0005 (on BN/bias=False)
  Backend:    mpi
  Algorithm:  default
  Epochs:     5
  Batch/rank: 8
  LR:         0.1
  Scheduler:  cosine
  Warmup:     0
  Grad clip:  None
  Drop last:  True
  Data dir:   ./data
================================================================================

  LR:         0.1
  Scheduler:  cosine
  Warmup:     0
  Grad clip:  None
  Drop last:  True
  Data dir:   ./data
================================================================================


================================================================================
DISTRIBUTED TRAINING LAUNCHER
================================================================================
  Model:      wide_resnet50_2 (CIFAR stem) (from scratch)
  Dataset:    cifar10 (10 classes)
  Image size: 32
  LR:         0.1
  Momentum:   0.9 (nesterov=True)
  Optimizer:  sgd
  Weight dec: 0.0005 (on BN/bias=False)
  Backend:    mpi
  Algorithm:  default
  Epochs:     5
  Batch/rank: 8
  LR:         0.1
  Scheduler:  cosine
  Warmup:     0
  Grad clip:  None
  Drop last:  True
  Data dir:   ./data
================================================================================


================================================================================
Distributed Training: WIDE_RESNET50_2 on CIFAR10
Backend: MPI, Algorithm: default
================================================================================
Ranks: 8, Epochs: 5, Batch/rank: 8, Effective batch: 64
LR: 0.1, Device: cuda:0

[Cache] Pretrained weights cache (TORCH_HOME) = /eagle/UIC-HPC/matilderestelli/pretrained_weights_cache
[Setup] Model on cuda:0, wrapped in DDP (static_graph=True)
[Setup] Hook registered: mpi/default
[Optim] SGD: lr=0.1 momentum=0.9 nesterov=True wd=0.0005 wd_on_bn_bias=False
[Optim]   group 0: 66,778,816 params, wd=0.0005
[Optim]   group 1: 68,234 params, wd=0.0
[Data] Train batches: 781, Val batches: 1250

[Sched] cosine: steps/epoch=781, total_steps=3905, warmup_steps=0 (0 epochs)


[Epoch 1] Training... (lr at epoch start=0.100000)
  Batch [50/781] Loss: 10.6991, Acc: 12.00%, lr: 0.099960
  Batch [100/781] Loss: 6.5457, Acc: 12.12%, lr: 0.099838
  Batch [150/781] Loss: 5.1263, Acc: 12.25%, lr: 0.099636
  Batch [200/781] Loss: 4.4220, Acc: 11.62%, lr: 0.099354
  Batch [250/781] Loss: 3.9920, Acc: 12.00%, lr: 0.098992
  Batch [300/781] Loss: 3.6850, Acc: 12.88%, lr: 0.098551
  Batch [350/781] Loss: 3.4657, Acc: 13.46%, lr: 0.098031
  Batch [400/781] Loss: 3.2890, Acc: 14.53%, lr: 0.097433
  Batch [450/781] Loss: 3.1609, Acc: 14.83%, lr: 0.096759
  Batch [500/781] Loss: 3.0520, Acc: 15.53%, lr: 0.096009
  Batch [550/781] Loss: 2.9616, Acc: 15.95%, lr: 0.095185
  Batch [600/781] Loss: 2.8843, Acc: 16.44%, lr: 0.094287
  Batch [650/781] Loss: 2.8220, Acc: 16.65%, lr: 0.093318
  Batch [700/781] Loss: 2.7657, Acc: 16.96%, lr: 0.092279
  Batch [750/781] Loss: 2.7170, Acc: 17.42%, lr: 0.091171
[Epoch 1] Train Loss: 2.6872, Acc: 17.48%  |  Val Loss: 1.9643, Acc: 24.50%  |  Time: 40.5s
[Epoch 1] t_iter median: 41.04 ms  (fwd 6.94 | bwd+comm 30.54 | opt 3.46 | data 0.11)  |  train-only epoch: 33.1s
  -> Best model saved (24.50%)
[Epoch 1] Summarizing hook timing...

[HOOK_TIMING_SUMMARY] epoch=1
[HOOK_WORK_SUMMARY] label=mpi:default calls=6234 work_total_ms=88268.747 work_mean_ms=14.159 work_min_ms=1.218 work_max_ms=169.473
[HOOK_TAIL_SUMMARY] label=mpi:default steps=782 tail_total_ms=15720.801 tail_mean_ms=20.103 tail_min_ms=6.187 tail_max_ms=170.022
[Epoch 1] Hook timing summary done

[Epoch 2] Training... (lr at epoch start=0.090451)
  Batch [50/781] Loss: 2.0034, Acc: 23.00%, lr: 0.089236
  Batch [100/781] Loss: 2.0019, Acc: 22.00%, lr: 0.087958
  Batch [150/781] Loss: 2.0035, Acc: 23.33%, lr: 0.086619
  Batch [200/781] Loss: 2.0013, Acc: 24.00%, lr: 0.085220
  Batch [250/781] Loss: 1.9967, Acc: 24.70%, lr: 0.083764
  Batch [300/781] Loss: 1.9928, Acc: 25.33%, lr: 0.082254
  Batch [350/781] Loss: 1.9883, Acc: 25.89%, lr: 0.080691
  Batch [400/781] Loss: 1.9758, Acc: 26.19%, lr: 0.079079
  Batch [450/781] Loss: 1.9586, Acc: 26.67%, lr: 0.077420
  Batch [500/781] Loss: 1.9395, Acc: 27.40%, lr: 0.075716
  Batch [550/781] Loss: 1.9218, Acc: 28.11%, lr: 0.073971
  Batch [600/781] Loss: 1.9125, Acc: 28.35%, lr: 0.072187
  Batch [650/781] Loss: 1.9017, Acc: 28.79%, lr: 0.070367
  Batch [700/781] Loss: 1.8944, Acc: 29.20%, lr: 0.068515
  Batch [750/781] Loss: 1.8847, Acc: 29.70%, lr: 0.066632
[Epoch 2] Train Loss: 1.8794, Acc: 29.79%  |  Val Loss: 1.6033, Acc: 39.64%  |  Time: 39.6s
[Epoch 2] t_iter median: 41.32 ms  (fwd 6.80 | bwd+comm 31.13 | opt 3.25 | data 0.11)  |  train-only epoch: 32.6s
  -> Best model saved (39.64%)
[Epoch 2] Summarizing hook timing...

[HOOK_TIMING_SUMMARY] epoch=2
[HOOK_WORK_SUMMARY] label=mpi:default calls=6248 work_total_ms=93567.012 work_mean_ms=14.976 work_min_ms=1.544 work_max_ms=24.106
[HOOK_TAIL_SUMMARY] label=mpi:default steps=781 tail_total_ms=16190.374 tail_mean_ms=20.730 tail_min_ms=17.288 tail_max_ms=22.273
[Epoch 2] Hook timing summary done

[Epoch 3] Training... (lr at epoch start=0.065451)
  Batch [50/781] Loss: 1.6582, Acc: 34.50%, lr: 0.063526
  Batch [100/781] Loss: 1.6687, Acc: 37.50%, lr: 0.061579
  Batch [150/781] Loss: 1.6745, Acc: 37.50%, lr: 0.059614
  Batch [200/781] Loss: 1.6642, Acc: 37.75%, lr: 0.057633
  Batch [250/781] Loss: 1.6685, Acc: 37.90%, lr: 0.055640
  Batch [300/781] Loss: 1.6898, Acc: 37.38%, lr: 0.053637
  Batch [350/781] Loss: 1.6803, Acc: 37.79%, lr: 0.051629
  Batch [400/781] Loss: 1.6706, Acc: 38.06%, lr: 0.049618
  Batch [450/781] Loss: 1.6592, Acc: 38.53%, lr: 0.047608
  Batch [500/781] Loss: 1.6499, Acc: 38.85%, lr: 0.045601
  Batch [550/781] Loss: 1.6317, Acc: 39.39%, lr: 0.043602
  Batch [600/781] Loss: 1.6170, Acc: 39.92%, lr: 0.041613
  Batch [650/781] Loss: 1.6176, Acc: 39.92%, lr: 0.039637
  Batch [700/781] Loss: 1.6056, Acc: 40.36%, lr: 0.037679
  Batch [750/781] Loss: 1.5999, Acc: 40.50%, lr: 0.035740
[Epoch 3] Train Loss: 1.5980, Acc: 40.57%  |  Val Loss: 1.3350, Acc: 50.83%  |  Time: 39.6s
[Epoch 3] t_iter median: 41.19 ms  (fwd 6.81 | bwd+comm 30.98 | opt 3.25 | data 0.10)  |  train-only epoch: 32.5s
  -> Best model saved (50.83%)
[Epoch 3] Summarizing hook timing...

[HOOK_TIMING_SUMMARY] epoch=3
[HOOK_WORK_SUMMARY] label=mpi:default calls=6248 work_total_ms=93225.020 work_mean_ms=14.921 work_min_ms=1.279 work_max_ms=23.879
[HOOK_TAIL_SUMMARY] label=mpi:default steps=781 tail_total_ms=16309.495 tail_mean_ms=20.883 tail_min_ms=18.009 tail_max_ms=21.932
[Epoch 3] Hook timing summary done

[Epoch 4] Training... (lr at epoch start=0.034549)
  Batch [50/781] Loss: 1.4697, Acc: 45.25%, lr: 0.032649
  Batch [100/781] Loss: 1.4677, Acc: 45.75%, lr: 0.030778
  Batch [150/781] Loss: 1.4578, Acc: 46.75%, lr: 0.028937
  Batch [200/781] Loss: 1.4569, Acc: 46.25%, lr: 0.027130
  Batch [250/781] Loss: 1.4406, Acc: 47.10%, lr: 0.025361
  Batch [300/781] Loss: 1.4348, Acc: 47.29%, lr: 0.023631
  Batch [350/781] Loss: 1.4355, Acc: 47.18%, lr: 0.021944
  Batch [400/781] Loss: 1.4262, Acc: 47.75%, lr: 0.020302
  Batch [450/781] Loss: 1.4100, Acc: 48.22%, lr: 0.018709
  Batch [500/781] Loss: 1.4092, Acc: 48.62%, lr: 0.017166
  Batch [550/781] Loss: 1.4010, Acc: 49.07%, lr: 0.015676
  Batch [600/781] Loss: 1.3975, Acc: 49.19%, lr: 0.014242
  Batch [650/781] Loss: 1.3914, Acc: 49.54%, lr: 0.012865
  Batch [700/781] Loss: 1.3812, Acc: 49.84%, lr: 0.011549
  Batch [750/781] Loss: 1.3682, Acc: 50.18%, lr: 0.010295
[Epoch 4] Train Loss: 1.3636, Acc: 50.18%  |  Val Loss: 1.1281, Acc: 59.43%  |  Time: 39.6s
[Epoch 4] t_iter median: 41.14 ms  (fwd 6.87 | bwd+comm 30.73 | opt 3.47 | data 0.12)  |  train-only epoch: 32.4s
  -> Best model saved (59.43%)
[Epoch 4] Summarizing hook timing...

[HOOK_TIMING_SUMMARY] epoch=4
[HOOK_WORK_SUMMARY] label=mpi:default calls=6248 work_total_ms=90010.703 work_mean_ms=14.406 work_min_ms=1.252 work_max_ms=24.068
[HOOK_TAIL_SUMMARY] label=mpi:default steps=781 tail_total_ms=15813.179 tail_mean_ms=20.247 tail_min_ms=18.230 tail_max_ms=22.118
[Epoch 4] Hook timing summary done

[Epoch 5] Training... (lr at epoch start=0.009549)
  Batch [50/781] Loss: 1.1527, Acc: 58.50%, lr: 0.008400
  Batch [100/781] Loss: 1.2109, Acc: 57.12%, lr: 0.007318
  Batch [150/781] Loss: 1.2445, Acc: 54.67%, lr: 0.006305
  Batch [200/781] Loss: 1.2341, Acc: 55.38%, lr: 0.005363
  Batch [250/781] Loss: 1.2267, Acc: 55.45%, lr: 0.004493
  Batch [300/781] Loss: 1.2050, Acc: 56.79%, lr: 0.003697
  Batch [350/781] Loss: 1.2023, Acc: 56.96%, lr: 0.002976
  Batch [400/781] Loss: 1.1984, Acc: 56.56%, lr: 0.002330
  Batch [450/781] Loss: 1.1868, Acc: 57.11%, lr: 0.001762
  Batch [500/781] Loss: 1.1769, Acc: 57.48%, lr: 0.001272
  Batch [550/781] Loss: 1.1698, Acc: 57.84%, lr: 0.000861
  Batch [600/781] Loss: 1.1680, Acc: 57.92%, lr: 0.000529
  Batch [650/781] Loss: 1.1660, Acc: 57.98%, lr: 0.000277
  Batch [700/781] Loss: 1.1565, Acc: 58.29%, lr: 0.000106
  Batch [750/781] Loss: 1.1474, Acc: 58.70%, lr: 0.000016
[Epoch 5] Train Loss: 1.1484, Acc: 58.72%  |  Val Loss: 1.0176, Acc: 63.57%  |  Time: 39.5s
[Epoch 5] t_iter median: 41.02 ms  (fwd 6.87 | bwd+comm 30.70 | opt 3.34 | data 0.11)  |  train-only epoch: 32.3s
  -> Best model saved (63.57%)
[Epoch 5] Summarizing hook timing...

[HOOK_TIMING_SUMMARY] epoch=5
[HOOK_WORK_SUMMARY] label=mpi:default calls=6248 work_total_ms=90378.779 work_mean_ms=14.465 work_min_ms=1.189 work_max_ms=24.623
[HOOK_TAIL_SUMMARY] label=mpi:default steps=781 tail_total_ms=15791.423 tail_mean_ms=20.219 tail_min_ms=11.945 tail_max_ms=22.504
[Epoch 5] Hook timing summary done

================================================================================
Done in 203.2s | Best val acc: 63.57%
Epoch times (train+val): mean=39.7s  min=39.5s  max=40.5s
Train-only epoch time (epochs 2..N): median=32.44s  min=32.32s  max=32.57s
  -> use this for STRONG scaling (fixed global batch)
  -> use t_iter_median_ms from the CSV for WEAK scaling (fixed local batch)
================================================================================
=== Finished: model=wide_resnet50_2, dataset=cifar10, batch=8, lr=0.10, scheduler=cosine, backend=mpi, hook=default, zfp_rate=none, status=0 at Wed Jul 22 04:30:06 PM UTC 2026 ===
=== Starting: model=wide_resnet50_2, ws=8, bs=32, gb=256, lr=0.40, sched=cosine, warmup=0, epochs=5, mom=0.9, wd=5e-4, nesterov=true, wd_bn_bias=false, backend=mpi, hook=ring_zfp_naive, zfp=16 at Wed Jul 22 04:30:06 PM UTC 2026 ===

================================================================================
DISTRIBUTED TRAINING LAUNCHER
================================================================================
  Model:      wide_resnet50_2 (CIFAR stem) (from scratch)
  Dataset:    cifar10 (10 classes)
  Image size: 32
  LR:         0.4
  Momentum:   0.9 (nesterov=True)
  Optimizer:  sgd
  Weight dec: 0.0005 (on BN/bias=False)
  Backend:    mpi
  Algorithm:  ring_zfp_naive
  ZFP rate:   16
  Epochs:     5
  Batch/rank: 32
  LR:         0.4
  Scheduler:  cosine
  Warmup:     0
  Grad clip:  None
  Drop last:  True
  Data dir:   ./data
================================================================================


================================================================================
DISTRIBUTED TRAINING LAUNCHER
================================================================================
  Model:      wide_resnet50_2 (CIFAR stem) (from scratch)
  Dataset:    cifar10 (10 classes)
  Image size: 32

================================================================================
DISTRIBUTED TRAINING LAUNCHER
================================================================================
  Model:      wide_resnet50_2 (CIFAR stem) (from scratch)
  Dataset:    cifar10 (10 classes)
  Image size: 32  LR:         0.4
  Momentum:   0.9 (nesterov=True)
  Optimizer:  sgd
  Weight dec: 0.0005 (on BN/bias=False)
  Backend:    mpi
  Algorithm:  ring_zfp_naive
  ZFP rate:   16
  Epochs:     5
  Batch/rank: 32
  LR:         0.4
  Scheduler:  cosine
  Warmup:     0
  Grad clip:  None
  Drop last:  True
  Data dir:   ./data
================================================================================


  LR:         0.4
  Momentum:   0.9 (nesterov=True)
  Optimizer:  sgd
  Weight dec: 0.0005 (on BN/bias=False)
  Backend:    mpi
  Algorithm:  ring_zfp_naive
  ZFP rate:   16
  Epochs:     5
  Batch/rank: 32
  LR:         0.4
  Scheduler:  cosine
  Warmup:     0
  Grad clip:  None
  Drop last:  True
  Data dir:   ./data
================================================================================


================================================================================
DISTRIBUTED TRAINING LAUNCHER
================================================================================
  Model:      wide_resnet50_2 (CIFAR stem) (from scratch)
  Dataset:    cifar10 (10 classes)
  Image size: 32
  LR:         0.4
  Momentum:   0.9 (nesterov=True)
  Optimizer:  sgd
  Weight dec: 0.0005 (on BN/bias=False)
  Backend:    mpi
  Algorithm:  ring_zfp_naive
  ZFP rate:   16
  Epochs:     5
  Batch/rank: 32
  LR:         0.4
  Scheduler:  cosine
  Warmup:     0
  Grad clip:  None
  Drop last:  True
  Data dir:   ./data
================================================================================


================================================================================
DISTRIBUTED TRAINING LAUNCHER
================================================================================
  Model:      wide_resnet50_2 (CIFAR stem) (from scratch)
  Dataset:    cifar10 (10 classes)
  Image size: 32
  LR:         0.4
  Momentum:   0.9 (nesterov=True)
  Optimizer:  sgd
  Weight dec: 0.0005 (on BN/bias=False)
  Backend:    mpi
  Algorithm:  ring_zfp_naive
  ZFP rate:   16
  Epochs:     5
  Batch/rank: 32
  LR:         0.4
  Scheduler:  cosine
  Warmup:     0
  Grad clip:  None
  Drop last:  True
  Data dir:   ./data
================================================================================


================================================================================
DISTRIBUTED TRAINING LAUNCHER
================================================================================
  Model:      wide_resnet50_2 (CIFAR stem) (from scratch)
  Dataset:    cifar10 (10 classes)
  Image size: 32
  LR:         0.4
  Momentum:   0.9 (nesterov=True)
  Optimizer:  sgd
  Weight dec: 0.0005 (on BN/bias=False)
  Backend:    mpi
  Algorithm:  ring_zfp_naive
  ZFP rate:   16
  Epochs:     5
  Batch/rank: 32
  LR:         0.4
  Scheduler:  cosine
  Warmup:     0
  Grad clip:  None
  Drop last:  True
  Data dir:   ./data
================================================================================


================================================================================
DISTRIBUTED TRAINING LAUNCHER
================================================================================
  Model:      wide_resnet50_2 (CIFAR stem) (from scratch)
  Dataset:    cifar10 (10 classes)
  Image size: 32
  LR:         0.4
  Momentum:   0.9 (nesterov=True)
  Optimizer:  sgd
  Weight dec: 0.0005 (on BN/bias=False)
  Backend:    mpi
  Algorithm:  ring_zfp_naive
  ZFP rate:   16
  Epochs:     5
  Batch/rank: 32
  LR:         0.4
  Scheduler:  cosine
  Warmup:     0
  Grad clip:  None
  Drop last:  True
  Data dir:   ./data
================================================================================


================================================================================
DISTRIBUTED TRAINING LAUNCHER
================================================================================
  Model:      wide_resnet50_2 (CIFAR stem) (from scratch)
  Dataset:    cifar10 (10 classes)
  Image size: 32
  LR:         0.4
  Momentum:   0.9 (nesterov=True)
  Optimizer:  sgd
  Weight dec: 0.0005 (on BN/bias=False)
  Backend:    mpi
  Algorithm:  ring_zfp_naive
  ZFP rate:   16
  Epochs:     5
  Batch/rank: 32
  LR:         0.4
  Scheduler:  cosine
  Warmup:     0
  Grad clip:  None
  Drop last:  True
  Data dir:   ./data
================================================================================


================================================================================
Distributed Training: WIDE_RESNET50_2 on CIFAR10
Backend: MPI, Algorithm: ring_zfp_naive
================================================================================
Ranks: 8, Epochs: 5, Batch/rank: 32, Effective batch: 256
LR: 0.4, Device: cuda:0

[Cache] Pretrained weights cache (TORCH_HOME) = /eagle/UIC-HPC/matilderestelli/pretrained_weights_cache
[Setup] Model on cuda:0, wrapped in DDP (static_graph=True)
[Setup] Hook registered: mpi/ring_zfp_naive
[Optim] SGD: lr=0.4 momentum=0.9 nesterov=True wd=0.0005 wd_on_bn_bias=False
[Optim]   group 0: 66,778,816 params, wd=0.0005
[Optim]   group 1: 68,234 params, wd=0.0
[Data] Train batches: 195, Val batches: 313

[Sched] cosine: steps/epoch=195, total_steps=975, warmup_steps=0 (0 epochs)


[Epoch 1] Training... (lr at epoch start=0.400000)
  Batch [50/195] Loss: 16.7886, Acc: 9.75%, lr: 0.397410
  Batch [100/195] Loss: 9.5432, Acc: 10.41%, lr: 0.389707
  Batch [150/195] Loss: 7.1280, Acc: 11.10%, lr: 0.377091
[Epoch 1] Train Loss: 6.0088, Acc: 12.12%  |  Val Loss: 2.2830, Acc: 13.64%  |  Time: 17.8s
[Epoch 1] t_iter median: 70.57 ms  (fwd 7.37 | bwd+comm 59.72 | opt 3.36 | data 0.12)  |  train-only epoch: 14.9s
  -> Best model saved (13.64%)
[Epoch 1] Summarizing hook timing...

[HOOK_TIMING_SUMMARY] epoch=1
[HOOK_WORK_SUMMARY] label=mpi:ring_zfp_naive:rate16 calls=1546 work_total_ms=11539.672 work_mean_ms=7.464 work_min_ms=4.232 work_max_ms=110.877
[HOOK_TAIL_SUMMARY] label=mpi:ring_zfp_naive:rate16 steps=196 tail_total_ms=9847.437 tail_mean_ms=50.242 tail_min_ms=26.306 tail_max_ms=117.418
[Epoch 1] Hook timing summary done

[Epoch 2] Training... (lr at epoch start=0.361803)
  Batch [50/195] Loss: 2.2312, Acc: 15.62%, lr: 0.340851
  Batch [100/195] Loss: 2.2009, Acc: 17.53%, lr: 0.316250
  Batch [150/195] Loss: 2.1585, Acc: 18.02%, lr: 0.288638
[Epoch 2] Train Loss: 2.1404, Acc: 18.08%  |  Val Loss: 2.0733, Acc: 21.89%  |  Time: 16.9s
[Epoch 2] t_iter median: 70.60 ms  (fwd 7.36 | bwd+comm 59.75 | opt 3.37 | data 0.12)  |  train-only epoch: 14.1s
  -> Best model saved (21.89%)
[Epoch 2] Summarizing hook timing...

[HOOK_TIMING_SUMMARY] epoch=2
[HOOK_WORK_SUMMARY] label=mpi:ring_zfp_naive:rate16 calls=1560 work_total_ms=11505.287 work_mean_ms=7.375 work_min_ms=4.235 work_max_ms=22.992
[HOOK_TAIL_SUMMARY] label=mpi:ring_zfp_naive:rate16 steps=195 tail_total_ms=9783.089 tail_mean_ms=50.170 tail_min_ms=49.407 tail_max_ms=59.211
[Epoch 2] Hook timing summary done

[Epoch 3] Training... (lr at epoch start=0.261803)
  Batch [50/195] Loss: 2.0505, Acc: 19.06%, lr: 0.230491
  Batch [100/195] Loss: 2.0629, Acc: 20.22%, lr: 0.198389
  Batch [150/195] Loss: 2.0546, Acc: 20.29%, lr: 0.166329
[Epoch 3] Train Loss: 2.0477, Acc: 20.62%  |  Val Loss: 2.0700, Acc: 21.82%  |  Time: 16.9s
[Epoch 3] t_iter median: 70.37 ms  (fwd 7.35 | bwd+comm 59.56 | opt 3.25 | data 0.11)  |  train-only epoch: 14.1s
[Epoch 3] Summarizing hook timing...

[HOOK_TIMING_SUMMARY] epoch=3
[HOOK_WORK_SUMMARY] label=mpi:ring_zfp_naive:rate16 calls=1560 work_total_ms=11517.492 work_mean_ms=7.383 work_min_ms=4.174 work_max_ms=22.284
[HOOK_TAIL_SUMMARY] label=mpi:ring_zfp_naive:rate16 steps=195 tail_total_ms=9812.564 tail_mean_ms=50.321 tail_min_ms=48.850 tail_max_ms=58.614
[Epoch 3] Hook timing summary done

[Epoch 4] Training... (lr at epoch start=0.138197)
  Batch [50/195] Loss: 2.0243, Acc: 18.94%, lr: 0.108485
  Batch [100/195] Loss: 1.9962, Acc: 21.06%, lr: 0.081143
  Batch [150/195] Loss: 1.9814, Acc: 21.29%, lr: 0.056880
[Epoch 4] Train Loss: 1.9767, Acc: 22.36%  |  Val Loss: 2.0818, Acc: 25.37%  |  Time: 16.9s
[Epoch 4] t_iter median: 70.59 ms  (fwd 7.35 | bwd+comm 59.96 | opt 3.19 | data 0.07)  |  train-only epoch: 14.1s
  -> Best model saved (25.37%)
[Epoch 4] Summarizing hook timing...

[HOOK_TIMING_SUMMARY] epoch=4
[HOOK_WORK_SUMMARY] label=mpi:ring_zfp_naive:rate16 calls=1560 work_total_ms=11601.331 work_mean_ms=7.437 work_min_ms=4.236 work_max_ms=22.846
[HOOK_TAIL_SUMMARY] label=mpi:ring_zfp_naive:rate16 steps=195 tail_total_ms=9933.383 tail_mean_ms=50.940 tail_min_ms=50.140 tail_max_ms=59.203
[Epoch 4] Hook timing summary done

[Epoch 5] Training... (lr at epoch start=0.038197)
  Batch [50/195] Loss: 1.9399, Acc: 23.38%, lr: 0.021434
  Batch [100/195] Loss: 1.9225, Acc: 23.44%, lr: 0.009297
  Batch [150/195] Loss: 1.9113, Acc: 23.96%, lr: 0.002099
[Epoch 5] Train Loss: 1.8996, Acc: 24.60%  |  Val Loss: 2.0611, Acc: 28.08%  |  Time: 16.9s
[Epoch 5] t_iter median: 70.65 ms  (fwd 7.35 | bwd+comm 60.03 | opt 3.19 | data 0.07)  |  train-only epoch: 14.1s
  -> Best model saved (28.08%)
[Epoch 5] Summarizing hook timing...

[HOOK_TIMING_SUMMARY] epoch=5
[HOOK_WORK_SUMMARY] label=mpi:ring_zfp_naive:rate16 calls=1560 work_total_ms=11622.657 work_mean_ms=7.450 work_min_ms=4.234 work_max_ms=22.981
[HOOK_TAIL_SUMMARY] label=mpi:ring_zfp_naive:rate16 steps=195 tail_total_ms=9961.864 tail_mean_ms=51.086 tail_min_ms=50.305 tail_max_ms=58.715
[Epoch 5] Hook timing summary done

================================================================================
Done in 89.0s | Best val acc: 28.08%
Epoch times (train+val): mean=17.1s  min=16.9s  max=17.8s
Train-only epoch time (epochs 2..N): median=14.11s  min=14.07s  max=14.12s
  -> use this for STRONG scaling (fixed global batch)
  -> use t_iter_median_ms from the CSV for WEAK scaling (fixed local batch)
================================================================================
=== Finished: model=wide_resnet50_2, dataset=cifar10, batch=32, lr=0.40, scheduler=cosine, backend=mpi, hook=ring_zfp_naive, zfp_rate=16, status=0 at Wed Jul 22 04:31:45 PM UTC 2026 ===
=== Starting: model=wide_resnet50_2, ws=8, bs=32, gb=256, lr=0.40, sched=cosine, warmup=0, epochs=5, mom=0.9, wd=5e-4, nesterov=true, wd_bn_bias=false, backend=mpi, hook=ring_zfp_online_coll, zfp=16 at Wed Jul 22 04:31:45 PM UTC 2026 ===

================================================================================
DISTRIBUTED TRAINING LAUNCHER
================================================================================
  Model:      wide_resnet50_2 (CIFAR stem) (from scratch)
  Dataset:    cifar10 (10 classes)
  Image size: 32
  LR:         0.4
  Momentum:   0.9 (nesterov=True)
  Optimizer:  sgd
  Weight dec: 0.0005 (on BN/bias=False)
  Backend:    mpi
  Algorithm:  ring_zfp_online_coll
  ZFP rate:   16
  Epochs:     5

================================================================================
DISTRIBUTED TRAINING LAUNCHER
================================================================================
  Model:      wide_resnet50_2 (CIFAR stem) (from scratch)
  Dataset:    cifar10 (10 classes)
  Image size: 32
  LR:         0.4
  Momentum:   0.9 (nesterov=True)
  Optimizer:  sgd
  Weight dec: 0.0005 (on BN/bias=False)
  Backend:    mpi
  Algorithm:  ring_zfp_online_coll
  ZFP rate:   16
  Epochs:     5
  Batch/rank: 32
  LR:         0.4
  Scheduler:  cosine
  Warmup:     0
  Grad clip:  None
  Drop last:  True
  Data dir:   ./data
================================================================================

  Batch/rank: 32
  LR:         0.4
  Scheduler:  cosine
  Warmup:     0
  Grad clip:  None
  Drop last:  True
  Data dir:   ./data
================================================================================


================================================================================
DISTRIBUTED TRAINING LAUNCHER
================================================================================
  Model:      wide_resnet50_2 (CIFAR stem) (from scratch)
  Dataset:    cifar10 (10 classes)
  Image size: 32
  LR:         0.4
  Momentum:   0.9 (nesterov=True)
  Optimizer:  sgd
  Weight dec: 0.0005 (on BN/bias=False)
  Backend:    mpi
  Algorithm:  ring_zfp_online_coll
  ZFP rate:   16
  Epochs:     5
  Batch/rank: 32
  LR:         0.4
  Scheduler:  cosine
  Warmup:     0
  Grad clip:  None
  Drop last:  True
  Data dir:   ./data
================================================================================


================================================================================
DISTRIBUTED TRAINING LAUNCHER
================================================================================
  Model:      wide_resnet50_2 (CIFAR stem) (from scratch)
  Dataset:    cifar10 (10 classes)
  Image size: 32
  LR:         0.4
  Momentum:   0.9 (nesterov=True)
  Optimizer:  sgd
  Weight dec: 0.0005 (on BN/bias=False)
  Backend:    mpi
  Algorithm:  ring_zfp_online_coll
  ZFP rate:   16
  Epochs:     5
  Batch/rank: 32
  LR:         0.4
  Scheduler:  cosine
  Warmup:     0
  Grad clip:  None
  Drop last:  True
  Data dir:   ./data
================================================================================


================================================================================
DISTRIBUTED TRAINING LAUNCHER
================================================================================
  Model:      wide_resnet50_2 (CIFAR stem) (from scratch)
  Dataset:    cifar10 (10 classes)
  Image size: 32
  LR:         0.4
  Momentum:   0.9 (nesterov=True)
  Optimizer:  sgd
  Weight dec: 0.0005 (on BN/bias=False)
  Backend:    mpi
  Algorithm:  ring_zfp_online_coll
  ZFP rate:   16
  Epochs:     5
  Batch/rank: 32
  LR:         0.4
  Scheduler:  cosine
  Warmup:     0
  Grad clip:  None
  Drop last:  True
  Data dir:   ./data
================================================================================


================================================================================
DISTRIBUTED TRAINING LAUNCHER
================================================================================
  Model:      wide_resnet50_2 (CIFAR stem) (from scratch)
  Dataset:    cifar10 (10 classes)
  Image size: 32
  LR:         0.4
  Momentum:   0.9 (nesterov=True)
  Optimizer:  sgd
  Weight dec: 0.0005 (on BN/bias=False)
  Backend:    mpi
  Algorithm:  ring_zfp_online_coll
  ZFP rate:   16
  Epochs:     5
  Batch/rank: 32
  LR:         0.4
  Scheduler:  cosine
  Warmup:     0
  Grad clip:  None
  Drop last:  True
  Data dir:   ./data
================================================================================


================================================================================
DISTRIBUTED TRAINING LAUNCHER
================================================================================
  Model:      wide_resnet50_2 (CIFAR stem) (from scratch)
  Dataset:    cifar10 (10 classes)
  Image size: 32
  LR:         0.4
  Momentum:   0.9 (nesterov=True)
  Optimizer:  sgd
  Weight dec: 0.0005 (on BN/bias=False)
  Backend:    mpi
  Algorithm:  ring_zfp_online_coll
  ZFP rate:   16
  Epochs:     5
  Batch/rank: 32
  LR:         0.4
  Scheduler:  cosine
  Warmup:     0
  Grad clip:  None
  Drop last:  True
  Data dir:   ./data
================================================================================


================================================================================
DISTRIBUTED TRAINING LAUNCHER
================================================================================
  Model:      wide_resnet50_2 (CIFAR stem) (from scratch)
  Dataset:    cifar10 (10 classes)
  Image size: 32
  LR:         0.4
  Momentum:   0.9 (nesterov=True)
  Optimizer:  sgd
  Weight dec: 0.0005 (on BN/bias=False)
  Backend:    mpi
  Algorithm:  ring_zfp_online_coll
  ZFP rate:   16
  Epochs:     5
  Batch/rank: 32
  LR:         0.4
  Scheduler:  cosine
  Warmup:     0
  Grad clip:  None
  Drop last:  True
  Data dir:   ./data
================================================================================


================================================================================
Distributed Training: WIDE_RESNET50_2 on CIFAR10
Backend: MPI, Algorithm: ring_zfp_online_coll
================================================================================
Ranks: 8, Epochs: 5, Batch/rank: 32, Effective batch: 256
LR: 0.4, Device: cuda:0

[Cache] Pretrained weights cache (TORCH_HOME) = /eagle/UIC-HPC/matilderestelli/pretrained_weights_cache
[Setup] Model on cuda:0, wrapped in DDP (static_graph=True)
[Setup] Hook registered: mpi/ring_zfp_online_coll
[Optim] SGD: lr=0.4 momentum=0.9 nesterov=True wd=0.0005 wd_on_bn_bias=False
[Optim]   group 0: 66,778,816 params, wd=0.0005
[Optim]   group 1: 68,234 params, wd=0.0
[Data] Train batches: 195, Val batches: 313

[Sched] cosine: steps/epoch=195, total_steps=975, warmup_steps=0 (0 epochs)


[Epoch 1] Training... (lr at epoch start=0.400000)
  Batch [50/195] Loss: 19.9285, Acc: 10.88%, lr: 0.397410
  Batch [100/195] Loss: 11.2352, Acc: 10.03%, lr: 0.389707
  Batch [150/195] Loss: 8.3054, Acc: 10.40%, lr: 0.377091
[Epoch 1] Train Loss: 6.9417, Acc: 10.61%  |  Val Loss: 2.3032, Acc: 10.18%  |  Time: 14.2s
[Epoch 1] t_iter median: 51.76 ms  (fwd 7.33 | bwd+comm 41.00 | opt 3.30 | data 0.11)  |  train-only epoch: 11.3s
  -> Best model saved (10.18%)
[Epoch 1] Summarizing hook timing...

[HOOK_TIMING_SUMMARY] epoch=1
[HOOK_WORK_SUMMARY] label=mpi:ring_zfp_online_coll:rate16 calls=1546 work_total_ms=7934.947 work_mean_ms=5.133 work_min_ms=2.572 work_max_ms=128.125
[HOOK_TAIL_SUMMARY] label=mpi:ring_zfp_online_coll:rate16 steps=196 tail_total_ms=6093.982 tail_mean_ms=31.092 tail_min_ms=8.890 tail_max_ms=135.787
[Epoch 1] Hook timing summary done

[Epoch 2] Training... (lr at epoch start=0.361803)
  Batch [50/195] Loss: 2.3646, Acc: 12.25%, lr: 0.340851
  Batch [100/195] Loss: 2.3633, Acc: 12.22%, lr: 0.316250
  Batch [150/195] Loss: 2.3491, Acc: 12.25%, lr: 0.288638
[Epoch 2] Train Loss: 2.3453, Acc: 12.05%  |  Val Loss: 2.2974, Acc: 10.70%  |  Time: 13.2s
[Epoch 2] t_iter median: 51.56 ms  (fwd 7.33 | bwd+comm 40.85 | opt 3.30 | data 0.07)  |  train-only epoch: 10.4s
  -> Best model saved (10.70%)
[Epoch 2] Summarizing hook timing...

[HOOK_TIMING_SUMMARY] epoch=2
[HOOK_WORK_SUMMARY] label=mpi:ring_zfp_online_coll:rate16 calls=1560 work_total_ms=7825.548 work_mean_ms=5.016 work_min_ms=2.590 work_max_ms=14.560
[HOOK_TAIL_SUMMARY] label=mpi:ring_zfp_online_coll:rate16 steps=195 tail_total_ms=5973.170 tail_mean_ms=30.632 tail_min_ms=24.522 tail_max_ms=37.417
[Epoch 2] Hook timing summary done

[Epoch 3] Training... (lr at epoch start=0.261803)
  Batch [50/195] Loss: 2.3138, Acc: 13.25%, lr: 0.230491
  Batch [100/195] Loss: 2.3093, Acc: 12.47%, lr: 0.198389
  Batch [150/195] Loss: 2.3015, Acc: 12.35%, lr: 0.166329
[Epoch 3] Train Loss: 2.2902, Acc: 12.76%  |  Val Loss: 2.1872, Acc: 16.95%  |  Time: 13.2s
[Epoch 3] t_iter median: 51.71 ms  (fwd 7.33 | bwd+comm 41.06 | opt 3.20 | data 0.07)  |  train-only epoch: 10.4s
  -> Best model saved (16.95%)
[Epoch 3] Summarizing hook timing...

[HOOK_TIMING_SUMMARY] epoch=3
[HOOK_WORK_SUMMARY] label=mpi:ring_zfp_online_coll:rate16 calls=1560 work_total_ms=7885.546 work_mean_ms=5.055 work_min_ms=2.548 work_max_ms=14.059
[HOOK_TAIL_SUMMARY] label=mpi:ring_zfp_online_coll:rate16 steps=195 tail_total_ms=6088.500 tail_mean_ms=31.223 tail_min_ms=25.151 tail_max_ms=38.285
[Epoch 3] Hook timing summary done

[Epoch 4] Training... (lr at epoch start=0.138197)
  Batch [50/195] Loss: 2.1735, Acc: 16.50%, lr: 0.108485
  Batch [100/195] Loss: 2.1491, Acc: 17.75%, lr: 0.081143
  Batch [150/195] Loss: 2.1262, Acc: 18.81%, lr: 0.056880
[Epoch 4] Train Loss: 2.1243, Acc: 18.85%  |  Val Loss: 2.1989, Acc: 22.11%  |  Time: 13.3s
[Epoch 4] t_iter median: 51.93 ms  (fwd 7.32 | bwd+comm 41.29 | opt 3.24 | data 0.11)  |  train-only epoch: 10.5s
  -> Best model saved (22.11%)
[Epoch 4] Summarizing hook timing...

[HOOK_TIMING_SUMMARY] epoch=4
[HOOK_WORK_SUMMARY] label=mpi:ring_zfp_online_coll:rate16 calls=1560 work_total_ms=7970.889 work_mean_ms=5.110 work_min_ms=2.558 work_max_ms=19.387
[HOOK_TAIL_SUMMARY] label=mpi:ring_zfp_online_coll:rate16 steps=195 tail_total_ms=6222.718 tail_mean_ms=31.911 tail_min_ms=29.618 tail_max_ms=39.451
[Epoch 4] Hook timing summary done

[Epoch 5] Training... (lr at epoch start=0.038197)
  Batch [50/195] Loss: 2.0839, Acc: 21.25%, lr: 0.021434
  Batch [100/195] Loss: 2.0846, Acc: 21.16%, lr: 0.009297
  Batch [150/195] Loss: 2.0773, Acc: 20.83%, lr: 0.002099
[Epoch 5] Train Loss: 2.0753, Acc: 20.75%  |  Val Loss: 2.1455, Acc: 21.27%  |  Time: 13.2s
[Epoch 5] t_iter median: 51.67 ms  (fwd 7.34 | bwd+comm 40.77 | opt 3.47 | data 0.11)  |  train-only epoch: 10.4s
[Epoch 5] Summarizing hook timing...

[HOOK_TIMING_SUMMARY] epoch=5
[HOOK_WORK_SUMMARY] label=mpi:ring_zfp_online_coll:rate16 calls=1560 work_total_ms=7771.632 work_mean_ms=4.982 work_min_ms=2.560 work_max_ms=14.823
[HOOK_TAIL_SUMMARY] label=mpi:ring_zfp_online_coll:rate16 steps=195 tail_total_ms=5941.167 tail_mean_ms=30.468 tail_min_ms=27.790 tail_max_ms=37.685
[Epoch 5] Hook timing summary done

================================================================================
Done in 71.6s | Best val acc: 22.11%
Epoch times (train+val): mean=13.4s  min=13.2s  max=14.2s
Train-only epoch time (epochs 2..N): median=10.40s  min=10.38s  max=10.46s
  -> use this for STRONG scaling (fixed global batch)
  -> use t_iter_median_ms from the CSV for WEAK scaling (fixed local batch)
================================================================================
=== Finished: model=wide_resnet50_2, dataset=cifar10, batch=32, lr=0.40, scheduler=cosine, backend=mpi, hook=ring_zfp_online_coll, zfp_rate=16, status=0 at Wed Jul 22 04:33:07 PM UTC 2026 ===
=== Starting: model=wide_resnet50_2, ws=8, bs=32, gb=256, lr=0.40, sched=cosine, warmup=0, epochs=5, mom=0.9, wd=5e-4, nesterov=true, wd_bn_bias=false, backend=mpi, hook=ring_zfp_online_coll, zfp=8 at Wed Jul 22 04:33:07 PM UTC 2026 ===

================================================================================
DISTRIBUTED TRAINING LAUNCHER
================================================================================
  Model:      wide_resnet50_2 (CIFAR stem) (from scratch)
  Dataset:    cifar10 (10 classes)
  Image size: 32
  LR:         0.4
  Momentum:   0.9 (nesterov=True)
  Optimizer:  sgd
  Weight dec: 0.0005 (on BN/bias=False)
================================================================================
DISTRIBUTED TRAINING LAUNCHER
================================================================================
  Model:      wide_resnet50_2 (CIFAR stem) (from scratch)
  Dataset:    cifar10 (10 classes)
  Image size: 32
  LR:         0.4
  Momentum:   0.9 (nesterov=True)
  Optimizer:  sgd
  Weight dec: 0.0005 (on BN/bias=False)
  Backend:    mpi
  Algorithm:  ring_zfp_online_coll
  ZFP rate:   8
  Epochs:     5
  Backend:    mpi
  Algorithm:  ring_zfp_online_coll
  ZFP rate:   8
  Epochs:     5
  Batch/rank: 32
  LR:         0.4
  Scheduler:  cosine
  Warmup:     0
  Grad clip:  None
  Drop last:  True
  Data dir:   ./data
================================================================================


  Batch/rank: 32
  LR:         0.4
  Scheduler:  cosine
  Warmup:     0
  Grad clip:  None
  Drop last:  True
  Data dir:   ./data
================================================================================


================================================================================
DISTRIBUTED TRAINING LAUNCHER
================================================================================
  Model:      wide_resnet50_2 (CIFAR stem) (from scratch)
  Dataset:    cifar10 (10 classes)
  Image size: 32
  LR:         0.4
  Momentum:   0.9 (nesterov=True)
  Optimizer:  sgd
  Weight dec: 0.0005 (on BN/bias=False)
  Backend:    mpi
  Algorithm:  ring_zfp_online_coll
  ZFP rate:   8
  Epochs:     5
  Batch/rank: 32
  LR:         0.4
  Scheduler:  cosine
  Warmup:     0
  Grad clip:  None
  Drop last:  True
  Data dir:   ./data
================================================================================


================================================================================
DISTRIBUTED TRAINING LAUNCHER
================================================================================
  Model:      wide_resnet50_2 (CIFAR stem) (from scratch)
  Dataset:    cifar10 (10 classes)
  Image size: 32
  LR:         0.4
  Momentum:   0.9 (nesterov=True)
  Optimizer:  sgd
  Weight dec: 0.0005 (on BN/bias=False)
  Backend:    mpi
  Algorithm:  ring_zfp_online_coll
  ZFP rate:   8
  Epochs:     5
  Batch/rank: 32
  LR:         0.4
  Scheduler:  cosine
  Warmup:     0
  Grad clip:  None
  Drop last:  True
  Data dir:   ./data
================================================================================


================================================================================
DISTRIBUTED TRAINING LAUNCHER
================================================================================
  Model:      wide_resnet50_2 (CIFAR stem) (from scratch)
  Dataset:    cifar10 (10 classes)
  Image size: 32
  LR:         0.4
  Momentum:   0.9 (nesterov=True)
  Optimizer:  sgd
  Weight dec: 0.0005 (on BN/bias=False)
  Backend:    mpi
  Algorithm:  ring_zfp_online_coll
  ZFP rate:   8
  Epochs:     5
  Batch/rank: 32
  LR:         0.4
  Scheduler:  cosine
  Warmup:     0
  Grad clip:  None
  Drop last:  True
  Data dir:   ./data
================================================================================


================================================================================
DISTRIBUTED TRAINING LAUNCHER
================================================================================
  Model:      wide_resnet50_2 (CIFAR stem) (from scratch)
  Dataset:    cifar10 (10 classes)
  Image size: 32
  LR:         0.4
  Momentum:   0.9 (nesterov=True)
  Optimizer:  sgd
  Weight dec: 0.0005 (on BN/bias=False)
  Backend:    mpi
  Algorithm:  ring_zfp_online_coll
  ZFP rate:   8
  Epochs:     5
  Batch/rank: 32
  LR:         0.4
  Scheduler:  cosine
  Warmup:     0
  Grad clip:  None
  Drop last:  True
  Data dir:   ./data
================================================================================


================================================================================
DISTRIBUTED TRAINING LAUNCHER
================================================================================
  Model:      wide_resnet50_2 (CIFAR stem) (from scratch)
  Dataset:    cifar10 (10 classes)
  Image size: 32
  LR:         0.4
  Momentum:   0.9 (nesterov=True)
  Optimizer:  sgd
  Weight dec: 0.0005 (on BN/bias=False)
  Backend:    mpi
  Algorithm:  ring_zfp_online_coll
  ZFP rate:   8
  Epochs:     5
  Batch/rank: 32
  LR:         0.4
  Scheduler:  cosine
  Warmup:     0
  Grad clip:  None
  Drop last:  True
  Data dir:   ./data
================================================================================


================================================================================
DISTRIBUTED TRAINING LAUNCHER
================================================================================
  Model:      wide_resnet50_2 (CIFAR stem) (from scratch)
  Dataset:    cifar10 (10 classes)
  Image size: 32
  LR:         0.4
  Momentum:   0.9 (nesterov=True)
  Optimizer:  sgd
  Weight dec: 0.0005 (on BN/bias=False)
  Backend:    mpi
  Algorithm:  ring_zfp_online_coll
  ZFP rate:   8
  Epochs:     5
  Batch/rank: 32
  LR:         0.4
  Scheduler:  cosine
  Warmup:     0
  Grad clip:  None
  Drop last:  True
  Data dir:   ./data
================================================================================


================================================================================
Distributed Training: WIDE_RESNET50_2 on CIFAR10
Backend: MPI, Algorithm: ring_zfp_online_coll
================================================================================
Ranks: 8, Epochs: 5, Batch/rank: 32, Effective batch: 256
LR: 0.4, Device: cuda:0

[Cache] Pretrained weights cache (TORCH_HOME) = /eagle/UIC-HPC/matilderestelli/pretrained_weights_cache
[Setup] Model on cuda:0, wrapped in DDP (static_graph=True)
[Setup] Hook registered: mpi/ring_zfp_online_coll
[Optim] SGD: lr=0.4 momentum=0.9 nesterov=True wd=0.0005 wd_on_bn_bias=False
[Optim]   group 0: 66,778,816 params, wd=0.0005
[Optim]   group 1: 68,234 params, wd=0.0
[Data] Train batches: 195, Val batches: 313

[Sched] cosine: steps/epoch=195, total_steps=975, warmup_steps=0 (0 epochs)


[Epoch 1] Training... (lr at epoch start=0.400000)
  Batch [50/195] Loss: 19.7008, Acc: 10.56%, lr: 0.397410
  Batch [100/195] Loss: 11.0936, Acc: 10.31%, lr: 0.389707
  Batch [150/195] Loss: 8.2086, Acc: 10.50%, lr: 0.377091
[Epoch 1] Train Loss: 6.8675, Acc: 11.12%  |  Val Loss: 2.4147, Acc: 10.02%  |  Time: 13.5s
[Epoch 1] t_iter median: 47.72 ms  (fwd 7.31 | bwd+comm 36.92 | opt 3.45 | data 0.12)  |  train-only epoch: 10.6s
  -> Best model saved (10.02%)
[Epoch 1] Summarizing hook timing...

[HOOK_TIMING_SUMMARY] epoch=1
[HOOK_WORK_SUMMARY] label=mpi:ring_zfp_online_coll:rate8calls=1546 work_total_ms=7228.652 work_mean_ms=4.676 work_min_ms=2.369 work_max_ms=69.072
[HOOK_TAIL_SUMMARY] label=mpi:ring_zfp_online_coll:rate8steps=196 tail_total_ms=5449.874 tail_mean_ms=27.805 tail_min_ms=8.426 tail_max_ms=74.617
[Epoch 1] Hook timing summary done

[Epoch 2] Training... (lr at epoch start=0.361803)
  Batch [50/195] Loss: 2.3961, Acc: 10.19%, lr: 0.340851
  Batch [100/195] Loss: 2.3817, Acc: 11.06%, lr: 0.316250
  Batch [150/195] Loss: 2.3633, Acc: 11.35%, lr: 0.288638
[Epoch 2] Train Loss: 2.3543, Acc: 11.30%  |  Val Loss: 2.3597, Acc: 10.53%  |  Time: 12.7s
[Epoch 2] t_iter median: 48.02 ms  (fwd 7.30 | bwd+comm 37.37 | opt 3.23 | data 0.11)  |  train-only epoch: 9.9s
  -> Best model saved (10.53%)
[Epoch 2] Summarizing hook timing...

[HOOK_TIMING_SUMMARY] epoch=2
[HOOK_WORK_SUMMARY] label=mpi:ring_zfp_online_coll:rate8calls=1560 work_total_ms=7374.568 work_mean_ms=4.727 work_min_ms=2.387 work_max_ms=34.493
[HOOK_TAIL_SUMMARY] label=mpi:ring_zfp_online_coll:rate8steps=195 tail_total_ms=5626.427 tail_mean_ms=28.853 tail_min_ms=21.843 tail_max_ms=60.466
[Epoch 2] Hook timing summary done

[Epoch 3] Training... (lr at epoch start=0.261803)
  Batch [50/195] Loss: 2.3317, Acc: 11.94%, lr: 0.230491
  Batch [100/195] Loss: 2.3160, Acc: 11.22%, lr: 0.198389
  Batch [150/195] Loss: 2.3116, Acc: 11.29%, lr: 0.166329
[Epoch 3] Train Loss: 2.3077, Acc: 11.51%  |  Val Loss: 2.4806, Acc: 12.69%  |  Time: 12.7s
[Epoch 3] t_iter median: 48.27 ms  (fwd 7.30 | bwd+comm 37.63 | opt 3.24 | data 0.07)  |  train-only epoch: 9.9s
  -> Best model saved (12.69%)
[Epoch 3] Summarizing hook timing...

[HOOK_TIMING_SUMMARY] epoch=3
[HOOK_WORK_SUMMARY] label=mpi:ring_zfp_online_coll:rate8calls=1560 work_total_ms=7416.955 work_mean_ms=4.754 work_min_ms=2.382 work_max_ms=14.955
[HOOK_TAIL_SUMMARY] label=mpi:ring_zfp_online_coll:rate8steps=195 tail_total_ms=5669.722 tail_mean_ms=29.075 tail_min_ms=21.022 tail_max_ms=40.462
[Epoch 3] Hook timing summary done

[Epoch 4] Training... (lr at epoch start=0.138197)
  Batch [50/195] Loss: 2.2992, Acc: 12.31%, lr: 0.108485
  Batch [100/195] Loss: 2.2982, Acc: 11.66%, lr: 0.081143
  Batch [150/195] Loss: 2.2929, Acc: 11.75%, lr: 0.056880
[Epoch 4] Train Loss: 2.2921, Acc: 12.04%  |  Val Loss: 2.6155, Acc: 13.31%  |  Time: 12.6s
[Epoch 4] t_iter median: 47.93 ms  (fwd 7.30 | bwd+comm 37.33 | opt 3.19 | data 0.09)  |  train-only epoch: 9.9s
  -> Best model saved (13.31%)
[Epoch 4] Summarizing hook timing...

[HOOK_TIMING_SUMMARY] epoch=4
[HOOK_WORK_SUMMARY] label=mpi:ring_zfp_online_coll:rate8calls=1560 work_total_ms=7372.206 work_mean_ms=4.726 work_min_ms=2.360 work_max_ms=14.939
[HOOK_TAIL_SUMMARY] label=mpi:ring_zfp_online_coll:rate8steps=195 tail_total_ms=5627.051 tail_mean_ms=28.857 tail_min_ms=24.600 tail_max_ms=39.840
[Epoch 4] Hook timing summary done

[Epoch 5] Training... (lr at epoch start=0.038197)
  Batch [50/195] Loss: 2.2858, Acc: 11.00%, lr: 0.021434
  Batch [100/195] Loss: 2.2844, Acc: 12.09%, lr: 0.009297
  Batch [150/195] Loss: 2.2829, Acc: 12.00%, lr: 0.002099
[Epoch 5] Train Loss: 2.2841, Acc: 11.62%  |  Val Loss: 2.4359, Acc: 12.60%  |  Time: 12.6s
[Epoch 5] t_iter median: 47.92 ms  (fwd 7.30 | bwd+comm 37.29 | opt 3.25 | data 0.11)  |  train-only epoch: 9.9s
[Epoch 5] Summarizing hook timing...

[HOOK_TIMING_SUMMARY] epoch=5
[HOOK_WORK_SUMMARY] label=mpi:ring_zfp_online_coll:rate8calls=1560 work_total_ms=7330.743 work_mean_ms=4.699 work_min_ms=2.396 work_max_ms=14.787
[HOOK_TAIL_SUMMARY] label=mpi:ring_zfp_online_coll:rate8steps=195 tail_total_ms=5484.610 tail_mean_ms=28.126 tail_min_ms=20.233 tail_max_ms=39.799
[Epoch 5] Hook timing summary done

================================================================================
Done in 67.7s | Best val acc: 13.31%
Epoch times (train+val): mean=12.8s  min=12.6s  max=13.5s
Train-only epoch time (epochs 2..N): median=9.87s  min=9.85s  max=9.90s
  -> use this for STRONG scaling (fixed global batch)
  -> use t_iter_median_ms from the CSV for WEAK scaling (fixed local batch)
================================================================================
=== Finished: model=wide_resnet50_2, dataset=cifar10, batch=32, lr=0.40, scheduler=cosine, backend=mpi, hook=ring_zfp_online_coll, zfp_rate=8, status=0 at Wed Jul 22 04:34:25 PM UTC 2026 ===
=== Starting: model=wide_resnet50_2, ws=8, bs=32, gb=256, lr=0.40, sched=cosine, warmup=0, epochs=5, mom=0.9, wd=5e-4, nesterov=true, wd_bn_bias=false, backend=mpi, hook=recursive_doubling, zfp=none at Wed Jul 22 04:34:25 PM UTC 2026 ===

================================================================================
DISTRIBUTED TRAINING LAUNCHER
================================================================================
  Model:      wide_resnet50_2 (CIFAR stem) (from scratch)
  Dataset:    cifar10 (10 classes)
  Image size: 32
  LR:         0.4
  Momentum:   0.9 (nesterov=True)
  Optimizer:  sgd
  Weight dec: 0.0005 (on BN/bias=False)
  Backend:    mpi
  Algorithm:  recursive_doubling
  Epochs:     5
  Batch/rank: 32
  LR:         0.4
  Scheduler:  cosine
  Warmup:     0
  Grad clip:  None
  Drop last:  True
  Data dir:   ./data
================================================================================


================================================================================
DISTRIBUTED TRAINING LAUNCHER
================================================================================
  Model:      wide_resnet50_2 (CIFAR stem) (from scratch)

================================================================================
DISTRIBUTED TRAINING LAUNCHER
================================================================================
  Model:      wide_resnet50_2 (CIFAR stem) (from scratch)
  Dataset:    cifar10 (10 classes)
  Image size: 32
  LR:         0.4
  Momentum:   0.9 (nesterov=True)
  Optimizer:  sgd
  Weight dec: 0.0005 (on BN/bias=False)
  Backend:    mpi
  Algorithm:  recursive_doubling
  Epochs:     5
  Batch/rank: 32
  LR:         0.4
  Scheduler:  cosine
  Warmup:     0
  Grad clip:  None
  Drop last:  True
  Data dir:   ./data
================================================================================


================================================================================
DISTRIBUTED TRAINING LAUNCHER
================================================================================
  Model:      wide_resnet50_2 (CIFAR stem) (from scratch)
  Dataset:    cifar10 (10 classes)
  Image size: 32
  LR:         0.4
  Momentum:   0.9 (nesterov=True)
  Optimizer:  sgd
  Weight dec: 0.0005 (on BN/bias=False)
  Backend:    mpi
  Algorithm:  recursive_doubling
  Epochs:     5
  Batch/rank: 32
  LR:         0.4
  Scheduler:  cosine
  Warmup:     0
  Grad clip:  None
  Drop last:  True
  Data dir:   ./data
================================================================================

  Dataset:    cifar10 (10 classes)
  Image size: 32
  LR:         0.4
  Momentum:   0.9 (nesterov=True)
  Optimizer:  sgd
  Weight dec: 0.0005 (on BN/bias=False)
  Backend:    mpi
  Algorithm:  recursive_doubling
  Epochs:     5
  Batch/rank: 32
  LR:         0.4
  Scheduler:  cosine
  Warmup:     0
  Grad clip:  None
  Drop last:  True
  Data dir:   ./data
================================================================================


================================================================================
DISTRIBUTED TRAINING LAUNCHER
================================================================================
  Model:      wide_resnet50_2 (CIFAR stem) (from scratch)
  Dataset:    cifar10 (10 classes)
  Image size: 32
  LR:         0.4
  Momentum:   0.9 (nesterov=True)
  Optimizer:  sgd
  Weight dec: 0.0005 (on BN/bias=False)
  Backend:    mpi
  Algorithm:  recursive_doubling
  Epochs:     5
  Batch/rank: 32
  LR:         0.4
  Scheduler:  cosine
  Warmup:     0
  Grad clip:  None
  Drop last:  True
  Data dir:   ./data
================================================================================


================================================================================
DISTRIBUTED TRAINING LAUNCHER
================================================================================
  Model:      wide_resnet50_2 (CIFAR stem) (from scratch)
  Dataset:    cifar10 (10 classes)
  Image size: 32
  LR:         0.4
  Momentum:   0.9 (nesterov=True)
  Optimizer:  sgd
  Weight dec: 0.0005 (on BN/bias=False)
  Backend:    mpi
  Algorithm:  recursive_doubling
  Epochs:     5
  Batch/rank: 32
  LR:         0.4
  Scheduler:  cosine
  Warmup:     0
  Grad clip:  None
  Drop last:  True
  Data dir:   ./data
================================================================================


================================================================================
DISTRIBUTED TRAINING LAUNCHER
================================================================================
  Model:      wide_resnet50_2 (CIFAR stem) (from scratch)
  Dataset:    cifar10 (10 classes)
  Image size: 32
  LR:         0.4
  Momentum:   0.9 (nesterov=True)
  Optimizer:  sgd
  Weight dec: 0.0005 (on BN/bias=False)
  Backend:    mpi
  Algorithm:  recursive_doubling
  Epochs:     5
  Batch/rank: 32
  LR:         0.4
  Scheduler:  cosine
  Warmup:     0
  Grad clip:  None
  Drop last:  True
  Data dir:   ./data
================================================================================


================================================================================
DISTRIBUTED TRAINING LAUNCHER
================================================================================
  Model:      wide_resnet50_2 (CIFAR stem) (from scratch)
  Dataset:    cifar10 (10 classes)
  Image size: 32
  LR:         0.4
  Momentum:   0.9 (nesterov=True)
  Optimizer:  sgd
  Weight dec: 0.0005 (on BN/bias=False)
  Backend:    mpi
  Algorithm:  recursive_doubling
  Epochs:     5
  Batch/rank: 32
  LR:         0.4
  Scheduler:  cosine
  Warmup:     0
  Grad clip:  None
  Drop last:  True
  Data dir:   ./data
================================================================================


================================================================================
Distributed Training: WIDE_RESNET50_2 on CIFAR10
Backend: MPI, Algorithm: recursive_doubling
================================================================================
Ranks: 8, Epochs: 5, Batch/rank: 32, Effective batch: 256
LR: 0.4, Device: cuda:0

[Cache] Pretrained weights cache (TORCH_HOME) = /eagle/UIC-HPC/matilderestelli/pretrained_weights_cache
[Setup] Model on cuda:0, wrapped in DDP (static_graph=True)
[Setup] Hook registered: mpi/recursive_doubling
[Optim] SGD: lr=0.4 momentum=0.9 nesterov=True wd=0.0005 wd_on_bn_bias=False
[Optim]   group 0: 66,778,816 params, wd=0.0005
[Optim]   group 1: 68,234 params, wd=0.0
[Data] Train batches: 195, Val batches: 313

[Sched] cosine: steps/epoch=195, total_steps=975, warmup_steps=0 (0 epochs)


[Epoch 1] Training... (lr at epoch start=0.400000)
  Batch [50/195] Loss: 16.9329, Acc: 10.56%, lr: 0.397410
  Batch [100/195] Loss: 9.5717, Acc: 13.81%, lr: 0.389707
  Batch [150/195] Loss: 7.0904, Acc: 16.06%, lr: 0.377091
[Epoch 1] Train Loss: 5.9319, Acc: 16.97%  |  Val Loss: 2.0603, Acc: 19.56%  |  Time: 20.7s
[Epoch 1] t_iter median: 84.63 ms  (fwd 7.29 | bwd+comm 74.04 | opt 3.24 | data 0.07)  |  train-only epoch: 17.8s
  -> Best model saved (19.56%)
[Epoch 1] Summarizing hook timing...

[HOOK_TIMING_SUMMARY] epoch=1
[HOOK_WORK_SUMMARY] label=mpi:recursive_doubling calls=1546 work_total_ms=14477.135 work_mean_ms=9.364 work_min_ms=2.726 work_max_ms=129.028
[HOOK_TAIL_SUMMARY] label=mpi:recursive_doubling steps=196 tail_total_ms=12795.999 tail_mean_ms=65.286 tail_min_ms=11.990 tail_max_ms=130.076
[Epoch 1] Hook timing summary done

[Epoch 2] Training... (lr at epoch start=0.361803)
  Batch [50/195] Loss: 2.0613, Acc: 18.81%, lr: 0.340851
  Batch [100/195] Loss: 2.0594, Acc: 18.94%, lr: 0.316250
  Batch [150/195] Loss: 2.0182, Acc: 20.46%, lr: 0.288638
[Epoch 2] Train Loss: 2.0059, Acc: 20.85%  |  Val Loss: 1.9293, Acc: 21.90%  |  Time: 19.8s
[Epoch 2] t_iter median: 85.26 ms  (fwd 7.29 | bwd+comm 74.62 | opt 3.27 | data 0.11)  |  train-only epoch: 17.0s
  -> Best model saved (21.90%)
[Epoch 2] Summarizing hook timing...

[HOOK_TIMING_SUMMARY] epoch=2
[HOOK_WORK_SUMMARY] label=mpi:recursive_doubling calls=1560 work_total_ms=14450.962 work_mean_ms=9.263 work_min_ms=2.710 work_max_ms=19.379
[HOOK_TAIL_SUMMARY] label=mpi:recursive_doubling steps=195 tail_total_ms=12777.070 tail_mean_ms=65.523 tail_min_ms=56.422 tail_max_ms=74.825
[Epoch 2] Hook timing summary done

[Epoch 3] Training... (lr at epoch start=0.261803)
  Batch [50/195] Loss: 1.9369, Acc: 23.12%, lr: 0.230491
  Batch [100/195] Loss: 1.9318, Acc: 24.59%, lr: 0.198389
  Batch [150/195] Loss: 1.9121, Acc: 25.60%, lr: 0.166329
[Epoch 3] Train Loss: 1.9074, Acc: 25.53%  |  Val Loss: 1.8762, Acc: 28.04%  |  Time: 19.7s
[Epoch 3] t_iter median: 84.77 ms  (fwd 7.30 | bwd+comm 73.85 | opt 3.49 | data 0.12)  |  train-only epoch: 17.0s
  -> Best model saved (28.04%)
[Epoch 3] Summarizing hook timing...

[HOOK_TIMING_SUMMARY] epoch=3
[HOOK_WORK_SUMMARY] label=mpi:recursive_doubling calls=1560 work_total_ms=14368.934 work_mean_ms=9.211 work_min_ms=2.583 work_max_ms=22.654
[HOOK_TAIL_SUMMARY] label=mpi:recursive_doubling steps=195 tail_total_ms=12664.330 tail_mean_ms=64.945 tail_min_ms=58.252 tail_max_ms=75.908
[Epoch 3] Hook timing summary done

[Epoch 4] Training... (lr at epoch start=0.138197)
  Batch [50/195] Loss: 1.8776, Acc: 24.50%, lr: 0.108485
  Batch [100/195] Loss: 1.8691, Acc: 26.09%, lr: 0.081143
  Batch [150/195] Loss: 1.8574, Acc: 26.79%, lr: 0.056880
[Epoch 4] Train Loss: 1.8491, Acc: 27.42%  |  Val Loss: 2.1389, Acc: 27.61%  |  Time: 19.8s
[Epoch 4] t_iter median: 85.33 ms  (fwd 7.28 | bwd+comm 74.69 | opt 3.20 | data 0.11)  |  train-only epoch: 17.0s
[Epoch 4] Summarizing hook timing...

[HOOK_TIMING_SUMMARY] epoch=4
[HOOK_WORK_SUMMARY] label=mpi:recursive_doubling calls=1560 work_total_ms=14513.639 work_mean_ms=9.304 work_min_ms=2.869 work_max_ms=22.826
[HOOK_TAIL_SUMMARY] label=mpi:recursive_doubling steps=195 tail_total_ms=12865.124 tail_mean_ms=65.975 tail_min_ms=60.958 tail_max_ms=75.956
[Epoch 4] Hook timing summary done

[Epoch 5] Training... (lr at epoch start=0.038197)
  Batch [50/195] Loss: 1.8351, Acc: 27.00%, lr: 0.021434
  Batch [100/195] Loss: 1.8126, Acc: 28.69%, lr: 0.009297
  Batch [150/195] Loss: 1.8086, Acc: 29.52%, lr: 0.002099
[Epoch 5] Train Loss: 1.7997, Acc: 30.11%  |  Val Loss: 1.8930, Acc: 30.69%  |  Time: 19.9s
[Epoch 5] t_iter median: 85.33 ms  (fwd 7.28 | bwd+comm 74.72 | opt 3.26 | data 0.06)  |  train-only epoch: 17.1s
  -> Best model saved (30.69%)
[Epoch 5] Summarizing hook timing...

[HOOK_TIMING_SUMMARY] epoch=5
[HOOK_WORK_SUMMARY] label=mpi:recursive_doubling calls=1560 work_total_ms=14540.141 work_mean_ms=9.321 work_min_ms=2.866 work_max_ms=28.556
[HOOK_TAIL_SUMMARY] label=mpi:recursive_doubling steps=195 tail_total_ms=12876.129 tail_mean_ms=66.031 tail_min_ms=61.046 tail_max_ms=92.951
[Epoch 5] Hook timing summary done

================================================================================
Done in 103.4s | Best val acc: 30.69%
Epoch times (train+val): mean=20.0s  min=19.7s  max=20.7s
Train-only epoch time (epochs 2..N): median=16.99s  min=16.96s  max=17.10s
  -> use this for STRONG scaling (fixed global batch)
  -> use t_iter_median_ms from the CSV for WEAK scaling (fixed local batch)
================================================================================
=== Finished: model=wide_resnet50_2, dataset=cifar10, batch=32, lr=0.40, scheduler=cosine, backend=mpi, hook=recursive_doubling, zfp_rate=none, status=0 at Wed Jul 22 04:36:17 PM UTC 2026 ===
=== Starting: model=wide_resnet50_2, ws=8, bs=32, gb=256, lr=0.40, sched=cosine, warmup=0, epochs=5, mom=0.9, wd=5e-4, nesterov=true, wd_bn_bias=false, backend=mpi, hook=recursive_doubling_zfp_naive, zfp=16 at Wed Jul 22 04:36:17 PM UTC 2026 ===

================================================================================
DISTRIBUTED TRAINING LAUNCHER
================================================================================
  Model:      wide_resnet50_2 (CIFAR stem) (from scratch)
  Dataset:    cifar10 (10 classes)
  Image size: 32
  LR:         0.4
  Momentum:   0.9 (nesterov=True)
  Optimizer:  sgd
  Weight dec: 0.0005 (on BN/bias=False)
  Backend:    mpi
  Algorithm:  recursive_doubling_zfp_naive
  ZFP rate:   16
  Epochs:     5
  Batch/rank: 32
  LR:         0.4
  Scheduler:  cosine
  Warmup:     0
  Grad clip:  None
  Drop last:  True
  Data dir:   ./data
================================================================================


================================================================================
DISTRIBUTED TRAINING LAUNCHER
================================================================================
  Model:      wide_resnet50_2 (CIFAR stem) (from scratch)
  Dataset:    cifar10 (10 classes)
  Image size: 32
  LR:         0.4
  Momentum:   0.9 (nesterov=True)
  Optimizer:  sgd
  Weight dec: 0.0005 (on BN/bias=False)
  Backend:    mpi
  Algorithm:  recursive_doubling_zfp_naive
  ZFP rate:   16
  Epochs:     5
  Batch/rank: 32
  LR:         0.4
  Scheduler:  cosine
  Warmup:     0
  Grad clip:  None
  Drop last:  True
  Data dir:   ./data
================================================================================


================================================================================
DISTRIBUTED TRAINING LAUNCHER
================================================================================
  Model:      wide_resnet50_2 (CIFAR stem) (from scratch)
  Dataset:    cifar10 (10 classes)
  Image size: 32
  LR:         0.4
  Momentum:   0.9 (nesterov=True)
  Optimizer:  sgd
  Weight dec: 0.0005 (on BN/bias=False)
  Backend:    mpi
  Algorithm:  recursive_doubling_zfp_naive
  ZFP rate:   16
  Epochs:     5
  Batch/rank: 32
  LR:         0.4
  Scheduler:  cosine
  Warmup:     0
  Grad clip:  None
  Drop last:  True
  Data dir:   ./data
================================================================================


================================================================================
DISTRIBUTED TRAINING LAUNCHER
================================================================================
  Model:      wide_resnet50_2 (CIFAR stem) (from scratch)
  Dataset:    cifar10 (10 classes)
  Image size: 32
  LR:         0.4
  Momentum:   0.9 (nesterov=True)
  Optimizer:  sgd
  Weight dec: 0.0005 (on BN/bias=False)
  Backend:    mpi
  Algorithm:  recursive_doubling_zfp_naive
  ZFP rate:   16
  Epochs:     5
  Batch/rank: 32
  LR:         0.4
  Scheduler:  cosine
  Warmup:     0
  Grad clip:  None
  Drop last:  True
  Data dir:   ./data
================================================================================


================================================================================
DISTRIBUTED TRAINING LAUNCHER
================================================================================
  Model:      wide_resnet50_2 (CIFAR stem) (from scratch)
  Dataset:    cifar10 (10 classes)
  Image size: 32
  LR:         0.4
  Momentum:   0.9 (nesterov=True)
  Optimizer:  sgd
  Weight dec: 0.0005 (on BN/bias=False)
  Backend:    mpi

================================================================================
DISTRIBUTED TRAINING LAUNCHER
================================================================================
  Model:      wide_resnet50_2 (CIFAR stem) (from scratch)
  Dataset:    cifar10 (10 classes)
  Image size: 32
  LR:         0.4
  Momentum:   0.9 (nesterov=True)
  Optimizer:  sgd
  Weight dec: 0.0005 (on BN/bias=False)
  Backend:    mpi
  Algorithm:  recursive_doubling_zfp_naive
  ZFP rate:   16
  Epochs:     5
  Batch/rank: 32
  LR:         0.4
  Scheduler:  cosine
  Warmup:     0
  Grad clip:  None
  Drop last:  True
  Data dir:   ./data
================================================================================

  Algorithm:  recursive_doubling_zfp_naive
  ZFP rate:   16
  Epochs:     5
  Batch/rank: 32
  LR:         0.4
  Scheduler:  cosine
  Warmup:     0
  Grad clip:  None
  Drop last:  True
  Data dir:   ./data
================================================================================


================================================================================
DISTRIBUTED TRAINING LAUNCHER
================================================================================
  Model:      wide_resnet50_2 (CIFAR stem) (from scratch)
  Dataset:    cifar10 (10 classes)
  Image size: 32
  LR:         0.4
  Momentum:   0.9 (nesterov=True)
  Optimizer:  sgd
  Weight dec: 0.0005 (on BN/bias=False)
  Backend:    mpi
  Algorithm:  recursive_doubling_zfp_naive
  ZFP rate:   16
  Epochs:     5
  Batch/rank: 32
  LR:         0.4
  Scheduler:  cosine
  Warmup:     0
  Grad clip:  None
  Drop last:  True
  Data dir:   ./data
================================================================================


================================================================================
DISTRIBUTED TRAINING LAUNCHER
================================================================================
  Model:      wide_resnet50_2 (CIFAR stem) (from scratch)
  Dataset:    cifar10 (10 classes)
  Image size: 32
  LR:         0.4
  Momentum:   0.9 (nesterov=True)
  Optimizer:  sgd
  Weight dec: 0.0005 (on BN/bias=False)
  Backend:    mpi
  Algorithm:  recursive_doubling_zfp_naive
  ZFP rate:   16
  Epochs:     5
  Batch/rank: 32
  LR:         0.4
  Scheduler:  cosine
  Warmup:     0
  Grad clip:  None
  Drop last:  True
  Data dir:   ./data
================================================================================


================================================================================
Distributed Training: WIDE_RESNET50_2 on CIFAR10
Backend: MPI, Algorithm: recursive_doubling_zfp_naive
================================================================================
Ranks: 8, Epochs: 5, Batch/rank: 32, Effective batch: 256
LR: 0.4, Device: cuda:0

[Cache] Pretrained weights cache (TORCH_HOME) = /eagle/UIC-HPC/matilderestelli/pretrained_weights_cache
[Setup] Model on cuda:0, wrapped in DDP (static_graph=True)
[Setup] Hook registered: mpi/recursive_doubling_zfp_naive
[Optim] SGD: lr=0.4 momentum=0.9 nesterov=True wd=0.0005 wd_on_bn_bias=False
[Optim]   group 0: 66,778,816 params, wd=0.0005
[Optim]   group 1: 68,234 params, wd=0.0
[Data] Train batches: 195, Val batches: 313

[Sched] cosine: steps/epoch=195, total_steps=975, warmup_steps=0 (0 epochs)


[Epoch 1] Training... (lr at epoch start=0.400000)
  Batch [50/195] Loss: 12.9560, Acc: 10.31%, lr: 0.397410
  Batch [100/195] Loss: 7.6310, Acc: 10.47%, lr: 0.389707
  Batch [150/195] Loss: 5.8542, Acc: 10.62%, lr: 0.377091
[Epoch 1] Train Loss: 5.0327, Acc: 11.04%  |  Val Loss: 2.3003, Acc: 11.05%  |  Time: 18.6s
[Epoch 1] t_iter median: 74.93 ms  (fwd 7.30 | bwd+comm 64.12 | opt 3.47 | data 0.12)  |  train-only epoch: 15.8s
  -> Best model saved (11.05%)
[Epoch 1] Summarizing hook timing...

[HOOK_TIMING_SUMMARY] epoch=1
[HOOK_WORK_SUMMARY] label=mpi:recursive_doubling_zfp_naive:rate16 calls=1546 work_total_ms=12447.127 work_mean_ms=8.051 work_min_ms=3.079 work_max_ms=140.527
[HOOK_TAIL_SUMMARY] label=mpi:recursive_doubling_zfp_naive:rate16 steps=196 tail_total_ms=10783.006 tail_mean_ms=55.015 tail_min_ms=18.526 tail_max_ms=142.036
[Epoch 1] Hook timing summary done

[Epoch 2] Training... (lr at epoch start=0.361803)
  Batch [50/195] Loss: 2.2881, Acc: 11.44%, lr: 0.340851
  Batch [100/195] Loss: 2.2785, Acc: 13.16%, lr: 0.316250
  Batch [150/195] Loss: 2.2486, Acc: 14.29%, lr: 0.288638
[Epoch 2] Train Loss: 2.2200, Acc: 15.14%  |  Val Loss: 2.1637, Acc: 17.83%  |  Time: 17.7s
[Epoch 2] t_iter median: 74.86 ms  (fwd 7.30 | bwd+comm 64.16 | opt 3.30 | data 0.12)  |  train-only epoch: 14.9s
  -> Best model saved (17.83%)
[Epoch 2] Summarizing hook timing...

[HOOK_TIMING_SUMMARY] epoch=2
[HOOK_WORK_SUMMARY] label=mpi:recursive_doubling_zfp_naive:rate16 calls=1560 work_total_ms=12384.407 work_mean_ms=7.939 work_min_ms=3.108 work_max_ms=19.948
[HOOK_TAIL_SUMMARY] label=mpi:recursive_doubling_zfp_naive:rate16 steps=195 tail_total_ms=10647.508 tail_mean_ms=54.603 tail_min_ms=53.159 tail_max_ms=63.103
[Epoch 2] Hook timing summary done

[Epoch 3] Training... (lr at epoch start=0.261803)
  Batch [50/195] Loss: 2.0772, Acc: 19.69%, lr: 0.230491
  Batch [100/195] Loss: 2.0665, Acc: 20.34%, lr: 0.198389
  Batch [150/195] Loss: 2.0463, Acc: 20.35%, lr: 0.166329
[Epoch 3] Train Loss: 2.0394, Acc: 20.19%  |  Val Loss: 2.1319, Acc: 18.81%  |  Time: 17.7s
[Epoch 3] t_iter median: 74.77 ms  (fwd 7.31 | bwd+comm 64.03 | opt 3.32 | data 0.12)  |  train-only epoch: 14.9s
  -> Best model saved (18.81%)
[Epoch 3] Summarizing hook timing...

[HOOK_TIMING_SUMMARY] epoch=3
[HOOK_WORK_SUMMARY] label=mpi:recursive_doubling_zfp_naive:rate16 calls=1560 work_total_ms=12346.594 work_mean_ms=7.914 work_min_ms=3.166 work_max_ms=21.325
[HOOK_TAIL_SUMMARY] label=mpi:recursive_doubling_zfp_naive:rate16 steps=195 tail_total_ms=10597.634 tail_mean_ms=54.347 tail_min_ms=52.980 tail_max_ms=64.748
[Epoch 3] Hook timing summary done

[Epoch 4] Training... (lr at epoch start=0.138197)
  Batch [50/195] Loss: 2.0108, Acc: 18.25%, lr: 0.108485
  Batch [100/195] Loss: 1.9875, Acc: 19.91%, lr: 0.081143
  Batch [150/195] Loss: 1.9766, Acc: 21.08%, lr: 0.056880
[Epoch 4] Train Loss: 1.9742, Acc: 21.41%  |  Val Loss: 2.0117, Acc: 22.12%  |  Time: 17.8s
[Epoch 4] t_iter median: 74.96 ms  (fwd 7.30 | bwd+comm 64.25 | opt 3.27 | data 0.11)  |  train-only epoch: 15.0s
  -> Best model saved (22.12%)
[Epoch 4] Summarizing hook timing...

[HOOK_TIMING_SUMMARY] epoch=4
[HOOK_WORK_SUMMARY] label=mpi:recursive_doubling_zfp_naive:rate16 calls=1560 work_total_ms=12425.181 work_mean_ms=7.965 work_min_ms=3.070 work_max_ms=20.715
[HOOK_TAIL_SUMMARY] label=mpi:recursive_doubling_zfp_naive:rate16 steps=195 tail_total_ms=10733.966 tail_mean_ms=55.046 tail_min_ms=53.082 tail_max_ms=63.647
[Epoch 4] Hook timing summary done

[Epoch 5] Training... (lr at epoch start=0.038197)
  Batch [50/195] Loss: 1.9274, Acc: 24.19%, lr: 0.021434
  Batch [100/195] Loss: 1.9222, Acc: 24.25%, lr: 0.009297
  Batch [150/195] Loss: 1.9216, Acc: 23.98%, lr: 0.002099
[Epoch 5] Train Loss: 1.9156, Acc: 24.26%  |  Val Loss: 2.0088, Acc: 25.82%  |  Time: 17.7s
[Epoch 5] t_iter median: 75.05 ms  (fwd 7.28 | bwd+comm 64.47 | opt 3.19 | data 0.07)  |  train-only epoch: 15.0s
  -> Best model saved (25.82%)
[Epoch 5] Summarizing hook timing...

[HOOK_TIMING_SUMMARY] epoch=5
[HOOK_WORK_SUMMARY] label=mpi:recursive_doubling_zfp_naive:rate16 calls=1560 work_total_ms=12509.289 work_mean_ms=8.019 work_min_ms=3.151 work_max_ms=21.005
[HOOK_TAIL_SUMMARY] label=mpi:recursive_doubling_zfp_naive:rate16 steps=195 tail_total_ms=10884.878 tail_mean_ms=55.820 tail_min_ms=53.679 tail_max_ms=64.729
[Epoch 5] Hook timing summary done

================================================================================
Done in 94.0s | Best val acc: 25.82%
Epoch times (train+val): mean=17.9s  min=17.7s  max=18.6s
Train-only epoch time (epochs 2..N): median=14.95s  min=14.91s  max=14.98s
  -> use this for STRONG scaling (fixed global batch)
  -> use t_iter_median_ms from the CSV for WEAK scaling (fixed local batch)
================================================================================
=== Finished: model=wide_resnet50_2, dataset=cifar10, batch=32, lr=0.40, scheduler=cosine, backend=mpi, hook=recursive_doubling_zfp_naive, zfp_rate=16, status=0 at Wed Jul 22 04:38:01 PM UTC 2026 ===
=== Starting: model=wide_resnet50_2, ws=8, bs=32, gb=256, lr=0.40, sched=cosine, warmup=0, epochs=5, mom=0.9, wd=5e-4, nesterov=true, wd_bn_bias=false, backend=mpi, hook=recursive_doubling_zfp_online_coll, zfp=16 at Wed Jul 22 04:38:01 PM UTC 2026 ===

================================================================================
DISTRIBUTED TRAINING LAUNCHER
================================================================================
  Model:      wide_resnet50_2 (CIFAR stem) (from scratch)
  Dataset:    cifar10 (10 classes)
  Image size: 32
  LR:         0.4
  Momentum:   0.9 (nesterov=True)
  Optimizer:  sgd
  Weight dec: 0.0005 (on BN/bias=False)
  Backend:    mpi
  Algorithm:  recursive_doubling_zfp_online_coll
  ZFP rate:   16
  Epochs:     5
  Batch/rank: 32
  LR:         0.4
  Scheduler:  cosine
  Warmup:     0
  Grad clip:  None
  Drop last:  True
  Data dir:   ./data
================================================================================


================================================================================
DISTRIBUTED TRAINING LAUNCHER
================================================================================
  Model:      wide_resnet50_2 (CIFAR stem) (from scratch)
  Dataset:    cifar10 (10 classes)
  Image size: 32
  LR:         0.4
  Momentum:   0.9 (nesterov=True)
  Optimizer:  sgd
  Weight dec: 0.0005 (on BN/bias=False)
  Backend:    mpi
  Algorithm:  recursive_doubling_zfp_online_coll
  ZFP rate:   16
  Epochs:     5
  Batch/rank: 32
  LR:         0.4
  Scheduler:  cosine
  Warmup:     0
  Grad clip:  None
  Drop last:  True
  Data dir:   ./data
================================================================================


================================================================================
DISTRIBUTED TRAINING LAUNCHER
================================================================================
  Model:      wide_resnet50_2 (CIFAR stem) (from scratch)
  Dataset:    cifar10 (10 classes)
  Image size: 32
  LR:         0.4
  Momentum:   0.9 (nesterov=True)
  Optimizer:  sgd
  Weight dec: 0.0005 (on BN/bias=False)
  Backend:    mpi
  Algorithm:  recursive_doubling_zfp_online_coll
  ZFP rate:   16
  Epochs:     5
  Batch/rank: 32
  LR:         0.4
  Scheduler:  cosine
  Warmup:     0
  Grad clip:  None
  Drop last:  True
  Data dir:   ./data
================================================================================


================================================================================
DISTRIBUTED TRAINING LAUNCHER
================================================================================
  Model:      wide_resnet50_2 (CIFAR stem) (from scratch)
  Dataset:    cifar10 (10 classes)
  Image size: 32
  LR:         0.4
  Momentum:   0.9 (nesterov=True)
  Optimizer:  sgd
  Weight dec: 0.0005 (on BN/bias=False)
  Backend:    mpi
  Algorithm:  recursive_doubling_zfp_online_coll
  ZFP rate:   16
  Epochs:     5
  Batch/rank: 32
  LR:         0.4
  Scheduler:  cosine
  Warmup:     0
  Grad clip:  None
  Drop last:  True
  Data dir:   ./data
================================================================================


================================================================================
DISTRIBUTED TRAINING LAUNCHER
================================================================================
  Model:      wide_resnet50_2 (CIFAR stem) (from scratch)
  Dataset:    cifar10 (10 classes)
  Image size: 32
  LR:         0.4
  Momentum:   0.9 (nesterov=True)
  Optimizer:  sgd
  Weight dec: 0.0005 (on BN/bias=False)
  Backend:    mpi

================================================================================
DISTRIBUTED TRAINING LAUNCHER
================================================================================
  Model:      wide_resnet50_2 (CIFAR stem) (from scratch)
  Dataset:    cifar10 (10 classes)
  Image size: 32
  LR:         0.4
  Momentum:   0.9 (nesterov=True)
  Optimizer:  sgd
  Weight dec: 0.0005 (on BN/bias=False)
  Backend:    mpi
  Algorithm:  recursive_doubling_zfp_online_coll
  ZFP rate:   16
  Epochs:     5
  Batch/rank: 32
  LR:         0.4
  Scheduler:  cosine
  Warmup:     0
  Grad clip:  None
  Drop last:  True
  Data dir:   ./data
================================================================================

  Algorithm:  recursive_doubling_zfp_online_coll
  ZFP rate:   16
  Epochs:     5
  Batch/rank: 32
  LR:         0.4
  Scheduler:  cosine
  Warmup:     0
  Grad clip:  None
  Drop last:  True
  Data dir:   ./data
================================================================================


================================================================================
DISTRIBUTED TRAINING LAUNCHER
================================================================================
  Model:      wide_resnet50_2 (CIFAR stem) (from scratch)
  Dataset:    cifar10 (10 classes)
  Image size: 32
  LR:         0.4
  Momentum:   0.9 (nesterov=True)
  Optimizer:  sgd
  Weight dec: 0.0005 (on BN/bias=False)
  Backend:    mpi
  Algorithm:  recursive_doubling_zfp_online_coll
  ZFP rate:   16
  Epochs:     5
  Batch/rank: 32
  LR:         0.4
  Scheduler:  cosine
  Warmup:     0
  Grad clip:  None
  Drop last:  True
  Data dir:   ./data
================================================================================


================================================================================
DISTRIBUTED TRAINING LAUNCHER
================================================================================
  Model:      wide_resnet50_2 (CIFAR stem) (from scratch)
  Dataset:    cifar10 (10 classes)
  Image size: 32
  LR:         0.4
  Momentum:   0.9 (nesterov=True)
  Optimizer:  sgd
  Weight dec: 0.0005 (on BN/bias=False)
  Backend:    mpi
  Algorithm:  recursive_doubling_zfp_online_coll
  ZFP rate:   16
  Epochs:     5
  Batch/rank: 32
  LR:         0.4
  Scheduler:  cosine
  Warmup:     0
  Grad clip:  None
  Drop last:  True
  Data dir:   ./data
================================================================================


================================================================================
Distributed Training: WIDE_RESNET50_2 on CIFAR10
Backend: MPI, Algorithm: recursive_doubling_zfp_online_coll
================================================================================
Ranks: 8, Epochs: 5, Batch/rank: 32, Effective batch: 256
LR: 0.4, Device: cuda:0

[Cache] Pretrained weights cache (TORCH_HOME) = /eagle/UIC-HPC/matilderestelli/pretrained_weights_cache
[Setup] Model on cuda:0, wrapped in DDP (static_graph=True)
[Setup] Hook registered: mpi/recursive_doubling_zfp_online_coll
[Optim] SGD: lr=0.4 momentum=0.9 nesterov=True wd=0.0005 wd_on_bn_bias=False
[Optim]   group 0: 66,778,816 params, wd=0.0005
[Optim]   group 1: 68,234 params, wd=0.0
[Data] Train batches: 195, Val batches: 313

[Sched] cosine: steps/epoch=195, total_steps=975, warmup_steps=0 (0 epochs)


[Epoch 1] Training... (lr at epoch start=0.400000)
  Batch [50/195] Loss: 8.4570, Acc: 11.06%, lr: 0.397410
  Batch [100/195] Loss: 5.4114, Acc: 11.78%, lr: 0.389707
  Batch [150/195] Loss: 4.3764, Acc: 12.35%, lr: 0.377091
[Epoch 1] Train Loss: 3.8904, Acc: 12.85%  |  Val Loss: 2.3268, Acc: 12.60%  |  Time: 17.5s
[Epoch 1] t_iter median: 69.32 ms  (fwd 7.37 | bwd+comm 58.39 | opt 3.48 | data 0.12)  |  train-only epoch: 14.6s
  -> Best model saved (12.60%)
[Epoch 1] Summarizing hook timing...

[HOOK_TIMING_SUMMARY] epoch=1
[HOOK_WORK_SUMMARY] label=mpi:recursive_doubling_zfp_online_coll:rate16 calls=1546 work_total_ms=11261.887 work_mean_ms=7.285 work_min_ms=2.850 work_max_ms=128.587
[HOOK_TAIL_SUMMARY] label=mpi:recursive_doubling_zfp_online_coll:rate16 steps=196 tail_total_ms=9525.220 tail_mean_ms=48.598 tail_min_ms=8.627 tail_max_ms=134.125
[Epoch 1] Hook timing summary done

[Epoch 2] Training... (lr at epoch start=0.361803)
  Batch [50/195] Loss: 2.2676, Acc: 14.31%, lr: 0.340851
  Batch [100/195] Loss: 2.2503, Acc: 15.50%, lr: 0.316250
  Batch [150/195] Loss: 2.2082, Acc: 17.15%, lr: 0.288638
[Epoch 2] Train Loss: 2.1753, Acc: 18.65%  |  Val Loss: 2.0973, Acc: 20.68%  |  Time: 16.6s
[Epoch 2] t_iter median: 69.53 ms  (fwd 7.36 | bwd+comm 58.89 | opt 3.19 | data 0.10)  |  train-only epoch: 13.9s
  -> Best model saved (20.68%)
[Epoch 2] Summarizing hook timing...

[HOOK_TIMING_SUMMARY] epoch=2
[HOOK_WORK_SUMMARY] label=mpi:recursive_doubling_zfp_online_coll:rate16 calls=1560 work_total_ms=11382.555 work_mean_ms=7.297 work_min_ms=2.776 work_max_ms=15.393
[HOOK_TAIL_SUMMARY] label=mpi:recursive_doubling_zfp_online_coll:rate16 steps=195 tail_total_ms=9688.438 tail_mean_ms=49.684 tail_min_ms=46.528 tail_max_ms=59.362
[Epoch 2] Hook timing summary done

[Epoch 3] Training... (lr at epoch start=0.261803)
  Batch [50/195] Loss: 2.0587, Acc: 22.31%, lr: 0.230491
  Batch [100/195] Loss: 2.0687, Acc: 22.62%, lr: 0.198389
  Batch [150/195] Loss: 2.0288, Acc: 24.00%, lr: 0.166329
[Epoch 3] Train Loss: 2.0167, Acc: 24.89%  |  Val Loss: 1.9669, Acc: 27.38%  |  Time: 16.6s
[Epoch 3] t_iter median: 69.41 ms  (fwd 7.35 | bwd+comm 58.70 | opt 3.24 | data 0.12)  |  train-only epoch: 13.8s
  -> Best model saved (27.38%)
[Epoch 3] Summarizing hook timing...

[HOOK_TIMING_SUMMARY] epoch=3
[HOOK_WORK_SUMMARY] label=mpi:recursive_doubling_zfp_online_coll:rate16 calls=1560 work_total_ms=11327.535 work_mean_ms=7.261 work_min_ms=2.740 work_max_ms=15.139
[HOOK_TAIL_SUMMARY] label=mpi:recursive_doubling_zfp_online_coll:rate16 steps=195 tail_total_ms=9619.563 tail_mean_ms=49.331 tail_min_ms=46.276 tail_max_ms=58.987
[Epoch 3] Hook timing summary done

[Epoch 4] Training... (lr at epoch start=0.138197)
  Batch [50/195] Loss: 1.9315, Acc: 28.25%, lr: 0.108485
  Batch [100/195] Loss: 1.8996, Acc: 28.97%, lr: 0.081143
  Batch [150/195] Loss: 1.8922, Acc: 29.60%, lr: 0.056880
[Epoch 4] Train Loss: 1.8925, Acc: 29.79%  |  Val Loss: 1.7724, Acc: 34.42%  |  Time: 16.7s
[Epoch 4] t_iter median: 69.49 ms  (fwd 7.36 | bwd+comm 58.63 | opt 3.37 | data 0.12)  |  train-only epoch: 13.8s
  -> Best model saved (34.42%)
[Epoch 4] Summarizing hook timing...

[HOOK_TIMING_SUMMARY] epoch=4
[HOOK_WORK_SUMMARY] label=mpi:recursive_doubling_zfp_online_coll:rate16 calls=1560 work_total_ms=11270.784 work_mean_ms=7.225 work_min_ms=2.833 work_max_ms=17.763
[HOOK_TAIL_SUMMARY] label=mpi:recursive_doubling_zfp_online_coll:rate16 steps=195 tail_total_ms=9505.552 tail_mean_ms=48.746 tail_min_ms=45.055 tail_max_ms=57.954
[Epoch 4] Hook timing summary done

[Epoch 5] Training... (lr at epoch start=0.038197)
  Batch [50/195] Loss: 1.8490, Acc: 30.75%, lr: 0.021434
  Batch [100/195] Loss: 1.8255, Acc: 32.22%, lr: 0.009297
  Batch [150/195] Loss: 1.8156, Acc: 32.69%, lr: 0.002099
[Epoch 5] Train Loss: 1.8051, Acc: 33.27%  |  Val Loss: 1.7207, Acc: 36.14%  |  Time: 16.6s
[Epoch 5] t_iter median: 69.39 ms  (fwd 7.36 | bwd+comm 58.67 | opt 3.26 | data 0.12)  |  train-only epoch: 13.9s
  -> Best model saved (36.14%)
[Epoch 5] Summarizing hook timing...

[HOOK_TIMING_SUMMARY] epoch=5
[HOOK_WORK_SUMMARY] label=mpi:recursive_doubling_zfp_online_coll:rate16 calls=1560 work_total_ms=11303.195 work_mean_ms=7.246 work_min_ms=2.765 work_max_ms=17.246
[HOOK_TAIL_SUMMARY] label=mpi:recursive_doubling_zfp_online_coll:rate16 steps=195 tail_total_ms=9512.592 tail_mean_ms=48.783 tail_min_ms=46.049 tail_max_ms=57.980
[Epoch 5] Hook timing summary done

================================================================================
Done in 88.5s | Best val acc: 36.14%
Epoch times (train+val): mean=16.8s  min=16.6s  max=17.5s
Train-only epoch time (epochs 2..N): median=13.85s  min=13.83s  max=13.86s
  -> use this for STRONG scaling (fixed global batch)
  -> use t_iter_median_ms from the CSV for WEAK scaling (fixed local batch)
================================================================================
=== Finished: model=wide_resnet50_2, dataset=cifar10, batch=32, lr=0.40, scheduler=cosine, backend=mpi, hook=recursive_doubling_zfp_online_coll, zfp_rate=16, status=0 at Wed Jul 22 04:39:39 PM UTC 2026 ===
=== Starting: model=wide_resnet50_2, ws=8, bs=32, gb=256, lr=0.40, sched=cosine, warmup=0, epochs=5, mom=0.9, wd=5e-4, nesterov=true, wd_bn_bias=false, backend=mpi, hook=recursive_doubling_zfp_online_coll, zfp=8 at Wed Jul 22 04:39:39 PM UTC 2026 ===

================================================================================
DISTRIBUTED TRAINING LAUNCHER
================================================================================
  Model:      wide_resnet50_2 (CIFAR stem) (from scratch)
  Dataset:    cifar10 (10 classes)
  Image size: 32
  LR:         0.4
  Momentum:   0.9 (nesterov=True)
  Optimizer:  sgd
  Weight dec: 0.0005 (on BN/bias=False)
  Backend:    mpi
  Algorithm:  recursive_doubling_zfp_online_coll
  ZFP rate:   8
  Epochs:     5
  Batch/rank: 32
  LR:         0.4
  Scheduler:  cosine
  Warmup:     0
  Grad clip:  None
  Drop last:  True
  Data dir:   ./data
================================================================================


================================================================================
DISTRIBUTED TRAINING LAUNCHER
================================================================================
  Model:      wide_resnet50_2 (CIFAR stem) (from scratch)
  Dataset:    cifar10 (10 classes)
  Image size: 32
  LR:         0.4
  Momentum:   0.9 (nesterov=True)
  Optimizer:  sgd
  Weight dec: 0.0005 (on BN/bias=False)
  Backend:    mpi
  Algorithm:  recursive_doubling_zfp_online_coll
  ZFP rate:   8
  Epochs:     5
  Batch/rank: 32
  LR:         0.4
  Scheduler:  cosine
  Warmup:     0
  Grad clip:  None
  Drop last:  True
  Data dir:   ./data
================================================================================


================================================================================
DISTRIBUTED TRAINING LAUNCHER
================================================================================
  Model:      wide_resnet50_2 (CIFAR stem) (from scratch)
  Dataset:    cifar10 (10 classes)
  Image size: 32
  LR:         0.4
  Momentum:   0.9 (nesterov=True)
  Optimizer:  sgd
  Weight dec: 0.0005 (on BN/bias=False)
  Backend:    mpi
  Algorithm:  recursive_doubling_zfp_online_coll
  ZFP rate:   8
  Epochs:     5
  Batch/rank: 32
  LR:         0.4
  Scheduler:  cosine
  Warmup:     0
  Grad clip:  None
  Drop last:  True
  Data dir:   ./data
================================================================================


================================================================================
DISTRIBUTED TRAINING LAUNCHER
================================================================================
  Model:      wide_resnet50_2 (CIFAR stem) (from scratch)
  Dataset:    cifar10 (10 classes)
  Image size: 32
  LR:         0.4
  Momentum:   0.9 (nesterov=True)
  Optimizer:  sgd
  Weight dec: 0.0005 (on BN/bias=False)
  Backend:    mpi
  Algorithm:  recursive_doubling_zfp_online_coll
  ZFP rate:   8
  Epochs:     5
  Batch/rank: 32
  LR:         0.4
  Scheduler:  cosine
  Warmup:     0
  Grad clip:  None
  Drop last:  True
  Data dir:   ./data
================================================================================


================================================================================
DISTRIBUTED TRAINING LAUNCHER
================================================================================
  Model:      wide_resnet50_2 (CIFAR stem) (from scratch)
  Dataset:    cifar10 (10 classes)
  Image size: 32
  LR:         0.4
  Momentum:   0.9 (nesterov=True)
  Optimizer:  sgd
  Weight dec: 0.0005 (on BN/bias=False)
  Backend:    mpi
  Algorithm:  recursive_doubling_zfp_online_coll
  ZFP rate:   8
  Epochs:     5
  Batch/rank: 32
  LR:         0.4
  Scheduler:  cosine
  Warmup:     0
  Grad clip:  None
  Drop last:  True
  Data dir:   ./data
================================================================================


================================================================================
DISTRIBUTED TRAINING LAUNCHER
================================================================================
  Model:      wide_resnet50_2 (CIFAR stem) (from scratch)
  Dataset:    cifar10 (10 classes)
  Image size: 32
  LR:         0.4
  Momentum:   0.9 (nesterov=True)
  Optimizer:  sgd
  Weight dec: 0.0005 (on BN/bias=False)
  Backend:    mpi
  Algorithm:  recursive_doubling_zfp_online_coll
  ZFP rate:   8
  Epochs:     5
  Batch/rank: 32
  LR:         0.4
  Scheduler:  cosine
  Warmup:     0
  Grad clip:  None
  Drop last:  True
  Data dir:   ./data
================================================================================


================================================================================
DISTRIBUTED TRAINING LAUNCHER
================================================================================
  Model:      wide_resnet50_2 (CIFAR stem) (from scratch)
  Dataset:    cifar10 (10 classes)
  Image size: 32
  LR:         0.4
  Momentum:   0.9 (nesterov=True)
  Optimizer:  sgd
  Weight dec: 0.0005 (on BN/bias=False)
  Backend:    mpi
  Algorithm:  recursive_doubling_zfp_online_coll
  ZFP rate:   8
  Epochs:     5
  Batch/rank: 32
  LR:         0.4
  Scheduler:  cosine
  Warmup:     0
  Grad clip:  None
  Drop last:  True
  Data dir:   ./data
================================================================================


================================================================================
DISTRIBUTED TRAINING LAUNCHER
================================================================================
  Model:      wide_resnet50_2 (CIFAR stem) (from scratch)
  Dataset:    cifar10 (10 classes)
  Image size: 32
  LR:         0.4
  Momentum:   0.9 (nesterov=True)
  Optimizer:  sgd
  Weight dec: 0.0005 (on BN/bias=False)
  Backend:    mpi
  Algorithm:  recursive_doubling_zfp_online_coll
  ZFP rate:   8
  Epochs:     5
  Batch/rank: 32
  LR:         0.4
  Scheduler:  cosine
  Warmup:     0
  Grad clip:  None
  Drop last:  True
  Data dir:   ./data
================================================================================


================================================================================
Distributed Training: WIDE_RESNET50_2 on CIFAR10
Backend: MPI, Algorithm: recursive_doubling_zfp_online_coll
================================================================================
Ranks: 8, Epochs: 5, Batch/rank: 32, Effective batch: 256
LR: 0.4, Device: cuda:0

[Cache] Pretrained weights cache (TORCH_HOME) = /eagle/UIC-HPC/matilderestelli/pretrained_weights_cache
[Setup] Model on cuda:0, wrapped in DDP (static_graph=True)
[Setup] Hook registered: mpi/recursive_doubling_zfp_online_coll
[Optim] SGD: lr=0.4 momentum=0.9 nesterov=True wd=0.0005 wd_on_bn_bias=False
[Optim]   group 0: 66,778,816 params, wd=0.0005
[Optim]   group 1: 68,234 params, wd=0.0
[Data] Train batches: 195, Val batches: 313

[Sched] cosine: steps/epoch=195, total_steps=975, warmup_steps=0 (0 epochs)


[Epoch 1] Training... (lr at epoch start=0.400000)
  Batch [50/195] Loss: 9.1691, Acc: 10.06%, lr: 0.397410
  Batch [100/195] Loss: 5.7584, Acc: 10.00%, lr: 0.389707
  Batch [150/195] Loss: 4.6172, Acc: 10.10%, lr: 0.377091
[Epoch 1] Train Loss: 4.0877, Acc: 10.54%  |  Val Loss: 2.3300, Acc: 10.35%  |  Time: 14.4s
[Epoch 1] t_iter median: 53.27 ms  (fwd 7.33 | bwd+comm 42.59 | opt 3.26 | data 0.07)  |  train-only epoch: 11.5s
  -> Best model saved (10.35%)
[Epoch 1] Summarizing hook timing...

[HOOK_TIMING_SUMMARY] epoch=1
[HOOK_WORK_SUMMARY] label=mpi:recursive_doubling_zfp_online_coll:rate8 calls=1546 work_total_ms=8217.782 work_mean_ms=5.316 work_min_ms=2.292 work_max_ms=76.401
[HOOK_TAIL_SUMMARY] label=mpi:recursive_doubling_zfp_online_coll:rate8 steps=196 tail_total_ms=6494.672 tail_mean_ms=33.136 tail_min_ms=8.279 tail_max_ms=82.497
[Epoch 1] Hook timing summary done

[Epoch 2] Training... (lr at epoch start=0.361803)
  Batch [50/195] Loss: 2.3291, Acc: 9.62%, lr: 0.340851
  Batch [100/195] Loss: 2.3301, Acc: 10.38%, lr: 0.316250
  Batch [150/195] Loss: 2.3248, Acc: 10.46%, lr: 0.288638
[Epoch 2] Train Loss: 2.3203, Acc: 10.83%  |  Val Loss: 2.3166, Acc: 11.01%  |  Time: 13.6s
[Epoch 2] t_iter median: 53.41 ms  (fwd 7.31 | bwd+comm 42.67 | opt 3.31 | data 0.12)  |  train-only epoch: 10.8s
  -> Best model saved (11.01%)
[Epoch 2] Summarizing hook timing...

[HOOK_TIMING_SUMMARY] epoch=2
[HOOK_WORK_SUMMARY] label=mpi:recursive_doubling_zfp_online_coll:rate8 calls=1560 work_total_ms=8224.457 work_mean_ms=5.272 work_min_ms=2.317 work_max_ms=17.756
[HOOK_TAIL_SUMMARY] label=mpi:recursive_doubling_zfp_online_coll:rate8 steps=195 tail_total_ms=6417.795 tail_mean_ms=32.912 tail_min_ms=31.513 tail_max_ms=42.027
[Epoch 2] Hook timing summary done

[Epoch 3] Training... (lr at epoch start=0.261803)
  Batch [50/195] Loss: 2.3075, Acc: 10.56%, lr: 0.230491
  Batch [100/195] Loss: 2.3066, Acc: 11.94%, lr: 0.198389
  Batch [150/195] Loss: 2.2777, Acc: 13.04%, lr: 0.166329
[Epoch 3] Train Loss: 2.2461, Acc: 14.73%  |  Val Loss: 2.1010, Acc: 20.21%  |  Time: 13.6s
[Epoch 3] t_iter median: 53.72 ms  (fwd 7.31 | bwd+comm 43.00 | opt 3.26 | data 0.11)  |  train-only epoch: 10.8s
  -> Best model saved (20.21%)
[Epoch 3] Summarizing hook timing...

[HOOK_TIMING_SUMMARY] epoch=3
[HOOK_WORK_SUMMARY] label=mpi:recursive_doubling_zfp_online_coll:rate8 calls=1560 work_total_ms=8289.489 work_mean_ms=5.314 work_min_ms=2.309 work_max_ms=15.617
[HOOK_TAIL_SUMMARY] label=mpi:recursive_doubling_zfp_online_coll:rate8 steps=195 tail_total_ms=6504.735 tail_mean_ms=33.358 tail_min_ms=31.637 tail_max_ms=43.292
[Epoch 3] Hook timing summary done

[Epoch 4] Training... (lr at epoch start=0.138197)
  Batch [50/195] Loss: 2.1003, Acc: 18.06%, lr: 0.108485
  Batch [100/195] Loss: 2.0803, Acc: 18.44%, lr: 0.081143
  Batch [150/195] Loss: 2.0651, Acc: 18.52%, lr: 0.056880
[Epoch 4] Train Loss: 2.0572, Acc: 19.18%  |  Val Loss: 1.9961, Acc: 23.19%  |  Time: 13.5s
[Epoch 4] t_iter median: 53.23 ms  (fwd 7.32 | bwd+comm 42.56 | opt 3.26 | data 0.07)  |  train-only epoch: 10.7s
  -> Best model saved (23.19%)
[Epoch 4] Summarizing hook timing...

[HOOK_TIMING_SUMMARY] epoch=4
[HOOK_WORK_SUMMARY] label=mpi:recursive_doubling_zfp_online_coll:rate8 calls=1560 work_total_ms=8192.497 work_mean_ms=5.252 work_min_ms=2.291 work_max_ms=16.655
[HOOK_TAIL_SUMMARY] label=mpi:recursive_doubling_zfp_online_coll:rate8 steps=195 tail_total_ms=6373.627 tail_mean_ms=32.685 tail_min_ms=31.415 tail_max_ms=41.380
[Epoch 4] Hook timing summary done

[Epoch 5] Training... (lr at epoch start=0.038197)
  Batch [50/195] Loss: 2.0137, Acc: 20.69%, lr: 0.021434
  Batch [100/195] Loss: 1.9943, Acc: 22.06%, lr: 0.009297
  Batch [150/195] Loss: 1.9824, Acc: 22.54%, lr: 0.002099
[Epoch 5] Train Loss: 1.9736, Acc: 23.46%  |  Val Loss: 1.9163, Acc: 24.62%  |  Time: 13.6s
[Epoch 5] t_iter median: 53.45 ms  (fwd 7.31 | bwd+comm 42.69 | opt 3.31 | data 0.13)  |  train-only epoch: 10.8s
  -> Best model saved (24.62%)
[Epoch 5] Summarizing hook timing...

[HOOK_TIMING_SUMMARY] epoch=5
[HOOK_WORK_SUMMARY] label=mpi:recursive_doubling_zfp_online_coll:rate8 calls=1560 work_total_ms=8215.943 work_mean_ms=5.267 work_min_ms=2.348 work_max_ms=16.880
[HOOK_TAIL_SUMMARY] label=mpi:recursive_doubling_zfp_online_coll:rate8 steps=195 tail_total_ms=6399.982 tail_mean_ms=32.820 tail_min_ms=31.443 tail_max_ms=42.655
[Epoch 5] Hook timing summary done

================================================================================
Done in 73.1s | Best val acc: 24.62%
Epoch times (train+val): mean=13.7s  min=13.5s  max=14.4s
Train-only epoch time (epochs 2..N): median=10.78s  min=10.73s  max=10.83s
  -> use this for STRONG scaling (fixed global batch)
  -> use t_iter_median_ms from the CSV for WEAK scaling (fixed local batch)
================================================================================
=== Finished: model=wide_resnet50_2, dataset=cifar10, batch=32, lr=0.40, scheduler=cosine, backend=mpi, hook=recursive_doubling_zfp_online_coll, zfp_rate=8, status=0 at Wed Jul 22 04:41:01 PM UTC 2026 ===
=== Starting: model=wide_resnet50_2, ws=8, bs=32, gb=256, lr=0.40, sched=cosine, warmup=0, epochs=5, mom=0.9, wd=5e-4, nesterov=true, wd_bn_bias=false, backend=mpi, hook=default, zfp=none at Wed Jul 22 04:41:01 PM UTC 2026 ===

================================================================================
DISTRIBUTED TRAINING LAUNCHER
================================================================================
  Model:      wide_resnet50_2 (CIFAR stem) (from scratch)
  Dataset:    cifar10 (10 classes)
  Image size: 32
  LR:         0.4
  Momentum:   0.9 (nesterov=True)
  Optimizer:  sgd
  Weight dec: 0.0005 (on BN/bias=False)
  Backend:    mpi
  Algorithm:  default
  Epochs:     5
  Batch/rank: 32
  LR:         0.4
  Scheduler:  cosine
  Warmup:     0
  Grad clip:  None
  Drop last:  True
  Data dir:   ./data
================================================================================


================================================================================
DISTRIBUTED TRAINING LAUNCHER
================================================================================
  Model:      wide_resnet50_2 (CIFAR stem) (from scratch)
  Dataset:    cifar10 (10 classes)
  Image size: 32
  LR:         0.4
  Momentum:   0.9 (nesterov=True)
  Optimizer:  sgd
  Weight dec: 0.0005 (on BN/bias=False)
  Backend:    mpi
  Algorithm:  default
  Epochs:     5
  Batch/rank: 32
  LR:         0.4
  Scheduler:  cosine
  Warmup:     0
  Grad clip:  None
  Drop last:  True
  Data dir:   ./data
================================================================================


================================================================================
DISTRIBUTED TRAINING LAUNCHER
================================================================================
  Model:      wide_resnet50_2 (CIFAR stem) (from scratch)
  Dataset:    cifar10 (10 classes)
  Image size: 32
  LR:         0.4
  Momentum:   0.9 (nesterov=True)
  Optimizer:  sgd
  Weight dec: 0.0005 (on BN/bias=False)
  Backend:    mpi
  Algorithm:  default
  Epochs:     5
  Batch/rank: 32
  LR:         0.4
  Scheduler:  cosine
  Warmup:     0
  Grad clip:  None
  Drop last:  True
  Data dir:   ./data
================================================================================


================================================================================
DISTRIBUTED TRAINING LAUNCHER
================================================================================
  Model:      wide_resnet50_2 (CIFAR stem) (from scratch)
  Dataset:    cifar10 (10 classes)
  Image size: 32
  LR:         0.4
  Momentum:   0.9 (nesterov=True)
  Optimizer:  sgd
  Weight dec: 0.0005 (on BN/bias=False)
  Backend:    mpi
  Algorithm:  default
  Epochs:     5
  Batch/rank: 32
  LR:         0.4
  Scheduler:  cosine
  Warmup:     0
  Grad clip:  None
  Drop last:  True
  Data dir:   ./data
================================================================================


================================================================================
DISTRIBUTED TRAINING LAUNCHER
================================================================================
  Model:      wide_resnet50_2 (CIFAR stem) (from scratch)
  Dataset:    cifar10 (10 classes)
  Image size: 32
  LR:         0.4
  Momentum:   0.9 (nesterov=True)
  Optimizer:  sgd
  Weight dec: 0.0005 (on BN/bias=False)
  Backend:    mpi
  Algorithm:  default
  Epochs:     5
  Batch/rank: 32
  LR:         0.4
  Scheduler:  cosine
================================================================================
DISTRIBUTED TRAINING LAUNCHER
================================================================================
  Model:      wide_resnet50_2 (CIFAR stem) (from scratch)
  Dataset:    cifar10 (10 classes)
  Image size: 32
  LR:         0.4
  Momentum:   0.9 (nesterov=True)
  Optimizer:  sgd
  Weight dec: 0.0005 (on BN/bias=False)
  Backend:    mpi
  Algorithm:  default
  Epochs:     5
  Batch/rank: 32
  LR:         0.4
  Scheduler:  cosine
  Warmup:     0
  Grad clip:  None
  Drop last:  True
  Data dir:   ./data
================================================================================


  Warmup:     0
  Grad clip:  None
  Drop last:  True
  Data dir:   ./data
================================================================================


================================================================================
DISTRIBUTED TRAINING LAUNCHER
================================================================================
  Model:      wide_resnet50_2 (CIFAR stem) (from scratch)
  Dataset:    cifar10 (10 classes)
  Image size: 32
  LR:         0.4
  Momentum:   0.9 (nesterov=True)
  Optimizer:  sgd
  Weight dec: 0.0005 (on BN/bias=False)
  Backend:    mpi
  Algorithm:  default
  Epochs:     5
  Batch/rank: 32
  LR:         0.4
  Scheduler:  cosine
  Warmup:     0
  Grad clip:  None
  Drop last:  True
  Data dir:   ./data
================================================================================


================================================================================
DISTRIBUTED TRAINING LAUNCHER
================================================================================
  Model:      wide_resnet50_2 (CIFAR stem) (from scratch)
  Dataset:    cifar10 (10 classes)
  Image size: 32
  LR:         0.4
  Momentum:   0.9 (nesterov=True)
  Optimizer:  sgd
  Weight dec: 0.0005 (on BN/bias=False)
  Backend:    mpi
  Algorithm:  default
  Epochs:     5
  Batch/rank: 32
  LR:         0.4
  Scheduler:  cosine
  Warmup:     0
  Grad clip:  None
  Drop last:  True
  Data dir:   ./data
================================================================================


================================================================================
Distributed Training: WIDE_RESNET50_2 on CIFAR10
Backend: MPI, Algorithm: default
================================================================================
Ranks: 8, Epochs: 5, Batch/rank: 32, Effective batch: 256
LR: 0.4, Device: cuda:0

[Cache] Pretrained weights cache (TORCH_HOME) = /eagle/UIC-HPC/matilderestelli/pretrained_weights_cache
[Setup] Model on cuda:0, wrapped in DDP (static_graph=True)
[Setup] Hook registered: mpi/default
[Optim] SGD: lr=0.4 momentum=0.9 nesterov=True wd=0.0005 wd_on_bn_bias=False
[Optim]   group 0: 66,778,816 params, wd=0.0005
[Optim]   group 1: 68,234 params, wd=0.0
[Data] Train batches: 195, Val batches: 313

[Sched] cosine: steps/epoch=195, total_steps=975, warmup_steps=0 (0 epochs)


[Epoch 1] Training... (lr at epoch start=0.400000)
  Batch [50/195] Loss: 19.5381, Acc: 10.00%, lr: 0.397410
  Batch [100/195] Loss: nan, Acc: 9.88%, lr: 0.389707
  Batch [150/195] Loss: nan, Acc: 9.50%, lr: 0.377091
[Epoch 1] Train Loss: nan, Acc: 9.21%  |  Val Loss: nan, Acc: 10.00%  |  Time: 12.1s
[Epoch 1] t_iter median: 41.39 ms  (fwd 7.34 | bwd+comm 30.61 | opt 3.31 | data 0.12)  |  train-only epoch: 9.2s
  WARNING: train_loss is nan — possible gradient explosion from hook bug. Check that hook divides by world_size exactly once.
  -> Best model saved (10.00%)
[Epoch 1] Summarizing hook timing...

[HOOK_TIMING_SUMMARY] epoch=1
[HOOK_WORK_SUMMARY] label=mpi:default calls=1546 work_total_ms=22721.106 work_mean_ms=14.697 work_min_ms=1.205 work_max_ms=90.514
[HOOK_TAIL_SUMMARY] label=mpi:default steps=196 tail_total_ms=4061.181 tail_mean_ms=20.720 tail_min_ms=4.395 tail_max_ms=90.763
[Epoch 1] Hook timing summary done

[Epoch 2] Training... (lr at epoch start=0.361803)
  Batch [50/195] Loss: nan, Acc: 10.94%, lr: 0.340851
  Batch [100/195] Loss: nan, Acc: 10.50%, lr: 0.316250
  Batch [150/195] Loss: nan, Acc: 10.25%, lr: 0.288638
[Epoch 2] Train Loss: nan, Acc: 10.30%  |  Val Loss: nan, Acc: 10.00%  |  Time: 11.2s
[Epoch 2] t_iter median: 41.58 ms  (fwd 7.31 | bwd+comm 30.83 | opt 3.27 | data 0.11)  |  train-only epoch: 8.4s
  WARNING: train_loss is nan — possible gradient explosion from hook bug. Check that hook divides by world_size exactly once.
[Epoch 2] Summarizing hook timing...

[HOOK_TIMING_SUMMARY] epoch=2
[HOOK_WORK_SUMMARY] label=mpi:default calls=1560 work_total_ms=23788.392 work_mean_ms=15.249 work_min_ms=1.256 work_max_ms=24.608
[HOOK_TAIL_SUMMARY] label=mpi:default steps=195 tail_total_ms=4123.658 tail_mean_ms=21.147 tail_min_ms=17.728 tail_max_ms=22.474
[Epoch 2] Hook timing summary done

[Epoch 3] Training... (lr at epoch start=0.261803)
  Batch [50/195] Loss: nan, Acc: 10.12%, lr: 0.230491
  Batch [100/195] Loss: nan, Acc: 9.19%, lr: 0.198389
  Batch [150/195] Loss: nan, Acc: 9.35%, lr: 0.166329
[Epoch 3] Train Loss: nan, Acc: 9.18%  |  Val Loss: nan, Acc: 10.00%  |  Time: 11.2s
[Epoch 3] t_iter median: 41.44 ms  (fwd 7.33 | bwd+comm 30.54 | opt 3.47 | data 0.12)  |  train-only epoch: 8.4s
  WARNING: train_loss is nan — possible gradient explosion from hook bug. Check that hook divides by world_size exactly once.
[Epoch 3] Summarizing hook timing...

[HOOK_TIMING_SUMMARY] epoch=3
[HOOK_WORK_SUMMARY] label=mpi:default calls=1560 work_total_ms=22865.949 work_mean_ms=14.658 work_min_ms=1.237 work_max_ms=37.757
[HOOK_TAIL_SUMMARY] label=mpi:default steps=195 tail_total_ms=4015.953 tail_mean_ms=20.595 tail_min_ms=19.798 tail_max_ms=35.481
[Epoch 3] Hook timing summary done

[Epoch 4] Training... (lr at epoch start=0.138197)
  Batch [50/195] Loss: nan, Acc: 9.81%, lr: 0.108485
  Batch [100/195] Loss: nan, Acc: 10.22%, lr: 0.081143
  Batch [150/195] Loss: nan, Acc: 10.00%, lr: 0.056880
[Epoch 4] Train Loss: nan, Acc: 9.97%  |  Val Loss: nan, Acc: 10.00%  |  Time: 11.2s
[Epoch 4] t_iter median: 41.45 ms  (fwd 7.32 | bwd+comm 30.77 | opt 3.24 | data 0.11)  |  train-only epoch: 8.4s
  WARNING: train_loss is nan — possible gradient explosion from hook bug. Check that hook divides by world_size exactly once.
[Epoch 4] Summarizing hook timing...

[HOOK_TIMING_SUMMARY] epoch=4
[HOOK_WORK_SUMMARY] label=mpi:default calls=1560 work_total_ms=24274.113 work_mean_ms=15.560 work_min_ms=1.950 work_max_ms=45.086
[HOOK_TAIL_SUMMARY] label=mpi:default steps=195 tail_total_ms=4204.239 tail_mean_ms=21.560 tail_min_ms=20.456 tail_max_ms=42.842
[Epoch 4] Hook timing summary done

[Epoch 5] Training... (lr at epoch start=0.038197)
  Batch [50/195] Loss: nan, Acc: 9.44%, lr: 0.021434
  Batch [100/195] Loss: nan, Acc: 9.38%, lr: 0.009297
  Batch [150/195] Loss: nan, Acc: 9.48%, lr: 0.002099
[Epoch 5] Train Loss: nan, Acc: 9.66%  |  Val Loss: nan, Acc: 10.00%  |  Time: 11.2s
[Epoch 5] t_iter median: 41.58 ms  (fwd 7.32 | bwd+comm 30.90 | opt 3.25 | data 0.07)  |  train-only epoch: 8.5s
  WARNING: train_loss is nan — possible gradient explosion from hook bug. Check that hook divides by world_size exactly once.
[Epoch 5] Summarizing hook timing...

[HOOK_TIMING_SUMMARY] epoch=5
[HOOK_WORK_SUMMARY] label=mpi:default calls=1560 work_total_ms=24123.646 work_mean_ms=15.464 work_min_ms=1.425 work_max_ms=54.305
[HOOK_TAIL_SUMMARY] label=mpi:default steps=195 tail_total_ms=4161.919 tail_mean_ms=21.343 tail_min_ms=19.563 tail_max_ms=51.931
[Epoch 5] Hook timing summary done

================================================================================
Done in 57.8s | Best val acc: 10.00%
Epoch times (train+val): mean=11.4s  min=11.2s  max=12.1s
Train-only epoch time (epochs 2..N): median=8.42s  min=8.41s  max=8.46s
  -> use this for STRONG scaling (fixed global batch)
  -> use t_iter_median_ms from the CSV for WEAK scaling (fixed local batch)
================================================================================
=== Finished: model=wide_resnet50_2, dataset=cifar10, batch=32, lr=0.40, scheduler=cosine, backend=mpi, hook=default, zfp_rate=none, status=0 at Wed Jul 22 04:42:09 PM UTC 2026 ===
=== Starting: model=wide_resnet50_2, ws=8, bs=128, gb=1024, lr=1.60, sched=cosine, warmup=0, epochs=5, mom=0.9, wd=5e-4, nesterov=true, wd_bn_bias=false, backend=mpi, hook=ring_zfp_naive, zfp=16 at Wed Jul 22 04:42:09 PM UTC 2026 ===

================================================================================
DISTRIBUTED TRAINING LAUNCHER
================================================================================
  Model:      wide_resnet50_2 (CIFAR stem) (from scratch)
  Dataset:    cifar10 (10 classes)
  Image size: 32
  LR:         1.6
================================================================================
DISTRIBUTED TRAINING LAUNCHER
================================================================================
  Model:      wide_resnet50_2 (CIFAR stem) (from scratch)
  Dataset:    cifar10 (10 classes)
  Image size: 32
  LR:         1.6
  Momentum:   0.9 (nesterov=True)
  Optimizer:  sgd
  Weight dec: 0.0005 (on BN/bias=False)
  Backend:    mpi
  Algorithm:  ring_zfp_naive
  ZFP rate:   16
  Epochs:     5
  Batch/rank: 128
  LR:         1.6
  Scheduler:  cosine
  Warmup:     0
  Grad clip:  None
  Drop last:  True
  Data dir:   ./data
================================================================================


  Momentum:   0.9 (nesterov=True)
  Optimizer:  sgd
  Weight dec: 0.0005 (on BN/bias=False)
  Backend:    mpi
  Algorithm:  ring_zfp_naive
  ZFP rate:   16
  Epochs:     5
  Batch/rank: 128
  LR:         1.6
  Scheduler:  cosine
  Warmup:     0
  Grad clip:  None
  Drop last:  True
  Data dir:   ./data
================================================================================


================================================================================
DISTRIBUTED TRAINING LAUNCHER
================================================================================
  Model:      wide_resnet50_2 (CIFAR stem) (from scratch)
  Dataset:    cifar10 (10 classes)
  Image size: 32
  LR:         1.6
  Momentum:   0.9 (nesterov=True)
  Optimizer:  sgd
  Weight dec: 0.0005 (on BN/bias=False)
  Backend:    mpi
  Algorithm:  ring_zfp_naive
  ZFP rate:   16
  Epochs:     5
  Batch/rank: 128
  LR:         1.6
  Scheduler:  cosine
  Warmup:     0
  Grad clip:  None
  Drop last:  True
  Data dir:   ./data
================================================================================


================================================================================
DISTRIBUTED TRAINING LAUNCHER
================================================================================
  Model:      wide_resnet50_2 (CIFAR stem) (from scratch)
  Dataset:    cifar10 (10 classes)
  Image size: 32
  LR:         1.6
  Momentum:   0.9 (nesterov=True)
  Optimizer:  sgd
  Weight dec: 0.0005 (on BN/bias=False)
  Backend:    mpi
  Algorithm:  ring_zfp_naive
  ZFP rate:   16
  Epochs:     5
  Batch/rank: 128
  LR:         1.6
  Scheduler:  cosine
  Warmup:     0
  Grad clip:  None
  Drop last:  True
  Data dir:   ./data
================================================================================


================================================================================
DISTRIBUTED TRAINING LAUNCHER
================================================================================
  Model:      wide_resnet50_2 (CIFAR stem) (from scratch)
  Dataset:    cifar10 (10 classes)
  Image size: 32
  LR:         1.6
  Momentum:   0.9 (nesterov=True)
  Optimizer:  sgd
  Weight dec: 0.0005 (on BN/bias=False)
  Backend:    mpi
  Algorithm:  ring_zfp_naive
================================================================================
DISTRIBUTED TRAINING LAUNCHER
================================================================================
  Model:      wide_resnet50_2 (CIFAR stem) (from scratch)
  Dataset:    cifar10 (10 classes)
  Image size: 32
  LR:         1.6
  Momentum:   0.9 (nesterov=True)
  Optimizer:  sgd
  Weight dec: 0.0005 (on BN/bias=False)
  Backend:    mpi
  Algorithm:  ring_zfp_naive
  ZFP rate:   16
  Epochs:     5
  Batch/rank: 128
  LR:         1.6
  Scheduler:  cosine
  Warmup:     0
  Grad clip:  None
  Drop last:  True
  Data dir:   ./data
================================================================================


  ZFP rate:   16
  Epochs:     5
  Batch/rank: 128
  LR:         1.6
  Scheduler:  cosine
  Warmup:     0
  Grad clip:  None
  Drop last:  True
  Data dir:   ./data
================================================================================


================================================================================
DISTRIBUTED TRAINING LAUNCHER
================================================================================
  Model:      wide_resnet50_2 (CIFAR stem) (from scratch)
  Dataset:    cifar10 (10 classes)
  Image size: 32
  LR:         1.6
  Momentum:   0.9 (nesterov=True)
  Optimizer:  sgd
  Weight dec: 0.0005 (on BN/bias=False)
  Backend:    mpi
  Algorithm:  ring_zfp_naive
  ZFP rate:   16
  Epochs:     5
  Batch/rank: 128
  LR:         1.6
  Scheduler:  cosine
  Warmup:     0
  Grad clip:  None
  Drop last:  True
  Data dir:   ./data
================================================================================


================================================================================
DISTRIBUTED TRAINING LAUNCHER
================================================================================
  Model:      wide_resnet50_2 (CIFAR stem) (from scratch)
  Dataset:    cifar10 (10 classes)
  Image size: 32
  LR:         1.6
  Momentum:   0.9 (nesterov=True)
  Optimizer:  sgd
  Weight dec: 0.0005 (on BN/bias=False)
  Backend:    mpi
  Algorithm:  ring_zfp_naive
  ZFP rate:   16
  Epochs:     5
  Batch/rank: 128
  LR:         1.6
  Scheduler:  cosine
  Warmup:     0
  Grad clip:  None
  Drop last:  True
  Data dir:   ./data
================================================================================


================================================================================
Distributed Training: WIDE_RESNET50_2 on CIFAR10
Backend: MPI, Algorithm: ring_zfp_naive
================================================================================
Ranks: 8, Epochs: 5, Batch/rank: 128, Effective batch: 1024
LR: 1.6, Device: cuda:0

[Cache] Pretrained weights cache (TORCH_HOME) = /eagle/UIC-HPC/matilderestelli/pretrained_weights_cache
[Setup] Model on cuda:0, wrapped in DDP (static_graph=True)
[Setup] Hook registered: mpi/ring_zfp_naive
[Optim] SGD: lr=1.6 momentum=0.9 nesterov=True wd=0.0005 wd_on_bn_bias=False
[Optim]   group 0: 66,778,816 params, wd=0.0005
[Optim]   group 1: 68,234 params, wd=0.0
[Data] Train batches: 48, Val batches: 79

[Sched] cosine: steps/epoch=48, total_steps=240, warmup_steps=0 (0 epochs)


[Epoch 1] Training... (lr at epoch start=1.600000)
[Epoch 1] Train Loss: 20.6897, Acc: 9.59%  |  Val Loss: 2.3048, Acc: 10.04%  |  Time: 9.5s
[Epoch 1] t_iter median: 116.58 ms  (fwd 23.53 | bwd+comm 89.46 | opt 3.49 | data 0.13)  |  train-only epoch: 7.2s
  -> Best model saved (10.04%)
[Epoch 1] Summarizing hook timing...

[HOOK_TIMING_SUMMARY] epoch=1
[HOOK_WORK_SUMMARY] label=mpi:ring_zfp_naive:rate16 calls=370 work_total_ms=5027.413 work_mean_ms=13.588 work_min_ms=4.109 work_max_ms=113.932
[HOOK_TAIL_SUMMARY] label=mpi:ring_zfp_naive:rate16 steps=49 tail_total_ms=4707.404 tail_mean_ms=96.069 tail_min_ms=65.331 tail_max_ms=132.669
[Epoch 1] Hook timing summary done

[Epoch 2] Training... (lr at epoch start=1.447214)
[Epoch 2] Train Loss: 2.3062, Acc: 9.77%  |  Val Loss: 2.3037, Acc: 10.00%  |  Time: 8.2s
[Epoch 2] t_iter median: 116.23 ms  (fwd 23.46 | bwd+comm 89.47 | opt 3.23 | data 0.07)  |  train-only epoch: 5.9s
[Epoch 2] Summarizing hook timing...

[HOOK_TIMING_SUMMARY] epoch=2
[HOOK_WORK_SUMMARY] label=mpi:ring_zfp_naive:rate16 calls=384 work_total_ms=5031.449 work_mean_ms=13.103 work_min_ms=3.724 work_max_ms=74.782
[HOOK_TAIL_SUMMARY] label=mpi:ring_zfp_naive:rate16 steps=48 tail_total_ms=4628.259 tail_mean_ms=96.422 tail_min_ms=84.631 tail_max_ms=109.799
[Epoch 2] Hook timing summary done

[Epoch 3] Training... (lr at epoch start=1.047214)
[Epoch 3] Train Loss: 2.3038, Acc: 9.59%  |  Val Loss: 2.3038, Acc: 9.99%  |  Time: 8.2s
[Epoch 3] t_iter median: 115.97 ms  (fwd 23.47 | bwd+comm 89.07 | opt 3.31 | data 0.09)  |  train-only epoch: 5.9s
[Epoch 3] Summarizing hook timing...

[HOOK_TIMING_SUMMARY] epoch=3
[HOOK_WORK_SUMMARY] label=mpi:ring_zfp_naive:rate16 calls=384 work_total_ms=5020.382 work_mean_ms=13.074 work_min_ms=3.847 work_max_ms=82.746
[HOOK_TAIL_SUMMARY] label=mpi:ring_zfp_naive:rate16 steps=48 tail_total_ms=4591.170 tail_mean_ms=95.649 tail_min_ms=89.549 tail_max_ms=115.705
[Epoch 3] Hook timing summary done

[Epoch 4] Training... (lr at epoch start=0.552786)
[Epoch 4] Train Loss: 2.3029, Acc: 9.83%  |  Val Loss: 2.3688, Acc: 10.01%  |  Time: 8.2s
[Epoch 4] t_iter median: 115.91 ms  (fwd 23.47 | bwd+comm 88.82 | opt 3.47 | data 0.13)  |  train-only epoch: 5.9s
[Epoch 4] Summarizing hook timing...

[HOOK_TIMING_SUMMARY] epoch=4
[HOOK_WORK_SUMMARY] label=mpi:ring_zfp_naive:rate16 calls=384 work_total_ms=4989.659 work_mean_ms=12.994 work_min_ms=3.880 work_max_ms=73.936
[HOOK_TAIL_SUMMARY] label=mpi:ring_zfp_naive:rate16 steps=48 tail_total_ms=4575.589 tail_mean_ms=95.325 tail_min_ms=89.224 tail_max_ms=107.470
[Epoch 4] Hook timing summary done

[Epoch 5] Training... (lr at epoch start=0.152786)
[Epoch 5] Train Loss: 2.3026, Acc: 9.94%  |  Val Loss: 2.6138, Acc: 9.98%  |  Time: 8.2s
[Epoch 5] t_iter median: 116.17 ms  (fwd 23.47 | bwd+comm 89.27 | opt 3.31 | data 0.09)  |  train-only epoch: 5.9s
[Epoch 5] Summarizing hook timing...

[HOOK_TIMING_SUMMARY] epoch=5
[HOOK_WORK_SUMMARY] label=mpi:ring_zfp_naive:rate16 calls=384 work_total_ms=4998.706 work_mean_ms=13.017 work_min_ms=3.729 work_max_ms=74.261
[HOOK_TAIL_SUMMARY] label=mpi:ring_zfp_naive:rate16 steps=48 tail_total_ms=4569.951 tail_mean_ms=95.207 tail_min_ms=88.498 tail_max_ms=104.868
[Epoch 5] Hook timing summary done

================================================================================
Done in 43.3s | Best val acc: 10.04%
Epoch times (train+val): mean=8.5s  min=8.2s  max=9.5s
Train-only epoch time (epochs 2..N): median=5.93s  min=5.93s  max=5.93s
  -> use this for STRONG scaling (fixed global batch)
  -> use t_iter_median_ms from the CSV for WEAK scaling (fixed local batch)
================================================================================
=== Finished: model=wide_resnet50_2, dataset=cifar10, batch=128, lr=1.60, scheduler=cosine, backend=mpi, hook=ring_zfp_naive, zfp_rate=16, status=0 at Wed Jul 22 04:43:02 PM UTC 2026 ===
=== Starting: model=wide_resnet50_2, ws=8, bs=128, gb=1024, lr=1.60, sched=cosine, warmup=0, epochs=5, mom=0.9, wd=5e-4, nesterov=true, wd_bn_bias=false, backend=mpi, hook=ring_zfp_online_coll, zfp=16 at Wed Jul 22 04:43:02 PM UTC 2026 ===

================================================================================
DISTRIBUTED TRAINING LAUNCHER
================================================================================
  Model:      wide_resnet50_2 (CIFAR stem) (from scratch)
  Dataset:    cifar10 (10 classes)
  Image size: 32
  LR:         1.6
  Momentum:   0.9 (nesterov=True)
  Optimizer:  sgd
  Weight dec: 0.0005 (on BN/bias=False)
  Backend:    mpi
  Algorithm:  ring_zfp_online_coll
  ZFP rate:   16
  Epochs:     5
  Batch/rank: 128
  LR:         1.6
  Scheduler:  cosine
  Warmup:     0
  Grad clip:  None
  Drop last:  True
  Data dir:   ./data
================================================================================


================================================================================
DISTRIBUTED TRAINING LAUNCHER
================================================================================
  Model:      wide_resnet50_2 (CIFAR stem) (from scratch)
  Dataset:    cifar10 (10 classes)
  Image size: 32
  LR:         1.6
  Momentum:   0.9 (nesterov=True)
  Optimizer:  sgd
  Weight dec: 0.0005 (on BN/bias=False)
  Backend:    mpi
  Algorithm:  ring_zfp_online_coll
  ZFP rate:   16
  Epochs:     5
  Batch/rank: 128
  LR:         1.6
  Scheduler:  cosine
  Warmup:     0
  Grad clip:  None
  Drop last:  True
  Data dir:   ./data
================================================================================


================================================================================
DISTRIBUTED TRAINING LAUNCHER
================================================================================
  Model:      wide_resnet50_2 (CIFAR stem) (from scratch)
  Dataset:    cifar10 (10 classes)
  Image size: 32
  LR:         1.6
  Momentum:   0.9 (nesterov=True)
  Optimizer:  sgd
  Weight dec: 0.0005 (on BN/bias=False)
  Backend:    mpi
  Algorithm:  ring_zfp_online_coll
  ZFP rate:   16
  Epochs:     5
  Batch/rank: 128
  LR:         1.6
  Scheduler:  cosine
  Warmup:     0
  Grad clip:  None
  Drop last:  True
  Data dir:   ./data
================================================================================


================================================================================
DISTRIBUTED TRAINING LAUNCHER
================================================================================
  Model:      wide_resnet50_2 (CIFAR stem) (from scratch)
  Dataset:    cifar10 (10 classes)
  Image size: 32
  LR:         1.6
  Momentum:   0.9 (nesterov=True)
  Optimizer:  sgd
  Weight dec: 0.0005 (on BN/bias=False)
  Backend:    mpi
  Algorithm:  ring_zfp_online_coll
  ZFP rate:   16
  Epochs:     5
  Batch/rank: 128
  LR:         1.6
  Scheduler:  cosine
  Warmup:     0
  Grad clip:  None
  Drop last:  True
  Data dir:   ./data
================================================================================


================================================================================
DISTRIBUTED TRAINING LAUNCHER
================================================================================
  Model:      wide_resnet50_2 (CIFAR stem) (from scratch)
  Dataset:    cifar10 (10 classes)
  Image size: 32
  LR:         1.6
  Momentum:   0.9 (nesterov=True)
  Optimizer:  sgd
  Weight dec: 0.0005 (on BN/bias=False)
  Backend:    mpi
  Algorithm:  ring_zfp_online_coll
  ZFP rate:   16
  Epochs:     5

================================================================================
DISTRIBUTED TRAINING LAUNCHER
================================================================================
  Model:      wide_resnet50_2 (CIFAR stem) (from scratch)
  Dataset:    cifar10 (10 classes)
  Image size: 32
  LR:         1.6
  Momentum:   0.9 (nesterov=True)
  Optimizer:  sgd
  Weight dec: 0.0005 (on BN/bias=False)
  Backend:    mpi
  Algorithm:  ring_zfp_online_coll
  ZFP rate:   16
  Epochs:     5
  Batch/rank: 128
  LR:         1.6
  Scheduler:  cosine
  Warmup:     0
  Grad clip:  None
  Drop last:  True
  Data dir:   ./data
================================================================================

  Batch/rank: 128
  LR:         1.6
  Scheduler:  cosine
  Warmup:     0
  Grad clip:  None
  Drop last:  True
  Data dir:   ./data
================================================================================


================================================================================
DISTRIBUTED TRAINING LAUNCHER
================================================================================
  Model:      wide_resnet50_2 (CIFAR stem) (from scratch)
  Dataset:    cifar10 (10 classes)
  Image size: 32
  LR:         1.6
  Momentum:   0.9 (nesterov=True)
  Optimizer:  sgd
  Weight dec: 0.0005 (on BN/bias=False)
  Backend:    mpi
  Algorithm:  ring_zfp_online_coll
  ZFP rate:   16
  Epochs:     5
  Batch/rank: 128
  LR:         1.6
  Scheduler:  cosine
  Warmup:     0
  Grad clip:  None
  Drop last:  True
  Data dir:   ./data
================================================================================


================================================================================
DISTRIBUTED TRAINING LAUNCHER
================================================================================
  Model:      wide_resnet50_2 (CIFAR stem) (from scratch)
  Dataset:    cifar10 (10 classes)
  Image size: 32
  LR:         1.6
  Momentum:   0.9 (nesterov=True)
  Optimizer:  sgd
  Weight dec: 0.0005 (on BN/bias=False)
  Backend:    mpi
  Algorithm:  ring_zfp_online_coll
  ZFP rate:   16
  Epochs:     5
  Batch/rank: 128
  LR:         1.6
  Scheduler:  cosine
  Warmup:     0
  Grad clip:  None
  Drop last:  True
  Data dir:   ./data
================================================================================


================================================================================
Distributed Training: WIDE_RESNET50_2 on CIFAR10
Backend: MPI, Algorithm: ring_zfp_online_coll
================================================================================
Ranks: 8, Epochs: 5, Batch/rank: 128, Effective batch: 1024
LR: 1.6, Device: cuda:0

[Cache] Pretrained weights cache (TORCH_HOME) = /eagle/UIC-HPC/matilderestelli/pretrained_weights_cache
[Setup] Model on cuda:0, wrapped in DDP (static_graph=True)
[Setup] Hook registered: mpi/ring_zfp_online_coll
[Optim] SGD: lr=1.6 momentum=0.9 nesterov=True wd=0.0005 wd_on_bn_bias=False
[Optim]   group 0: 66,778,816 params, wd=0.0005
[Optim]   group 1: 68,234 params, wd=0.0
[Data] Train batches: 48, Val batches: 79

[Sched] cosine: steps/epoch=48, total_steps=240, warmup_steps=0 (0 epochs)


[Epoch 1] Training... (lr at epoch start=1.600000)
[Epoch 1] Train Loss: 14.1764, Acc: 9.93%  |  Val Loss: 2.3055, Acc: 10.00%  |  Time: 8.8s
[Epoch 1] t_iter median: 99.49 ms  (fwd 23.47 | bwd+comm 72.44 | opt 3.48 | data 0.09)  |  train-only epoch: 6.4s
  -> Best model saved (10.00%)
[Epoch 1] Summarizing hook timing...

[HOOK_TIMING_SUMMARY] epoch=1
[HOOK_WORK_SUMMARY] label=mpi:ring_zfp_online_coll:rate16 calls=370 work_total_ms=4240.011 work_mean_ms=11.459 work_min_ms=2.542 work_max_ms=104.074
[HOOK_TAIL_SUMMARY] label=mpi:ring_zfp_online_coll:rate16 steps=49 tail_total_ms=3903.694 tail_mean_ms=79.667 tail_min_ms=62.888 tail_max_ms=110.008
[Epoch 1] Hook timing summary done

[Epoch 2] Training... (lr at epoch start=1.447214)
[Epoch 2] Train Loss: 2.3301, Acc: 9.81%  |  Val Loss: 2.3046, Acc: 10.00%  |  Time: 7.4s
[Epoch 2] t_iter median: 99.38 ms  (fwd 23.46 | bwd+comm 72.32 | opt 3.48 | data 0.13)  |  train-only epoch: 5.1s
[Epoch 2] Summarizing hook timing...

[HOOK_TIMING_SUMMARY] epoch=2
[HOOK_WORK_SUMMARY] label=mpi:ring_zfp_online_coll:rate16 calls=384 work_total_ms=4225.645 work_mean_ms=11.004 work_min_ms=2.529 work_max_ms=62.265
[HOOK_TAIL_SUMMARY] label=mpi:ring_zfp_online_coll:rate16 steps=48 tail_total_ms=3809.277 tail_mean_ms=79.360 tail_min_ms=63.656 tail_max_ms=89.872
[Epoch 2] Hook timing summary done

[Epoch 3] Training... (lr at epoch start=1.047214)
[Epoch 3] Train Loss: 2.3356, Acc: 9.72%  |  Val Loss: 2.3036, Acc: 10.00%  |  Time: 7.4s
[Epoch 3] t_iter median: 99.23 ms  (fwd 23.44 | bwd+comm 72.33 | opt 3.28 | data 0.12)  |  train-only epoch: 5.1s
[Epoch 3] Summarizing hook timing...

[HOOK_TIMING_SUMMARY] epoch=3
[HOOK_WORK_SUMMARY] label=mpi:ring_zfp_online_coll:rate16 calls=384 work_total_ms=4250.419 work_mean_ms=11.069 work_min_ms=2.520 work_max_ms=62.167
[HOOK_TAIL_SUMMARY] label=mpi:ring_zfp_online_coll:rate16 steps=48 tail_total_ms=3840.684 tail_mean_ms=80.014 tail_min_ms=78.448 tail_max_ms=96.582
[Epoch 3] Hook timing summary done

[Epoch 4] Training... (lr at epoch start=0.552786)
[Epoch 4] Train Loss: 2.3415, Acc: 10.45%  |  Val Loss: 2.3034, Acc: 10.30%  |  Time: 7.4s
[Epoch 4] t_iter median: 99.18 ms  (fwd 23.45 | bwd+comm 72.40 | opt 3.23 | data 0.13)  |  train-only epoch: 5.1s
  -> Best model saved (10.30%)
[Epoch 4] Summarizing hook timing...

[HOOK_TIMING_SUMMARY] epoch=4
[HOOK_WORK_SUMMARY] label=mpi:ring_zfp_online_coll:rate16 calls=384 work_total_ms=4234.750 work_mean_ms=11.028 work_min_ms=2.488 work_max_ms=62.019
[HOOK_TAIL_SUMMARY] label=mpi:ring_zfp_online_coll:rate16 steps=48 tail_total_ms=3829.626 tail_mean_ms=79.784 tail_min_ms=78.175 tail_max_ms=89.357
[Epoch 4] Hook timing summary done

[Epoch 5] Training... (lr at epoch start=0.152786)
[Epoch 5] Train Loss: 2.3172, Acc: 11.18%  |  Val Loss: 2.3260, Acc: 10.69%  |  Time: 7.4s
[Epoch 5] t_iter median: 99.48 ms  (fwd 23.44 | bwd+comm 72.65 | opt 3.28 | data 0.13)  |  train-only epoch: 5.1s
  -> Best model saved (10.69%)
[Epoch 5] Summarizing hook timing...

[HOOK_TIMING_SUMMARY] epoch=5
[HOOK_WORK_SUMMARY] label=mpi:ring_zfp_online_coll:rate16 calls=384 work_total_ms=4242.888 work_mean_ms=11.049 work_min_ms=2.514 work_max_ms=61.991
[HOOK_TAIL_SUMMARY] label=mpi:ring_zfp_online_coll:rate16 steps=48 tail_total_ms=3827.636 tail_mean_ms=79.742 tail_min_ms=74.483 tail_max_ms=90.186
[Epoch 5] Hook timing summary done

================================================================================
Done in 41.0s | Best val acc: 10.69%
Epoch times (train+val): mean=7.7s  min=7.4s  max=8.8s
Train-only epoch time (epochs 2..N): median=5.13s  min=5.13s  max=5.14s
  -> use this for STRONG scaling (fixed global batch)
  -> use t_iter_median_ms from the CSV for WEAK scaling (fixed local batch)
================================================================================
=== Finished: model=wide_resnet50_2, dataset=cifar10, batch=128, lr=1.60, scheduler=cosine, backend=mpi, hook=ring_zfp_online_coll, zfp_rate=16, status=0 at Wed Jul 22 04:43:52 PM UTC 2026 ===
=== Starting: model=wide_resnet50_2, ws=8, bs=128, gb=1024, lr=1.60, sched=cosine, warmup=0, epochs=5, mom=0.9, wd=5e-4, nesterov=true, wd_bn_bias=false, backend=mpi, hook=ring_zfp_online_coll, zfp=8 at Wed Jul 22 04:43:52 PM UTC 2026 ===

================================================================================
DISTRIBUTED TRAINING LAUNCHER
================================================================================
  Model:      wide_resnet50_2 (CIFAR stem) (from scratch)
  Dataset:    cifar10 (10 classes)
  Image size: 32
  LR:         1.6
  Momentum:   0.9 (nesterov=True)
  Optimizer:  sgd
  Weight dec: 0.0005 (on BN/bias=False)
  Backend:    mpi
  Algorithm:  ring_zfp_online_coll
  ZFP rate:   8
  Epochs:     5
  Batch/rank: 128
  LR:         1.6
  Scheduler:  cosine
  Warmup:     0
  Grad clip:  None
  Drop last:  True
  Data dir:   ./data
================================================================================


================================================================================
DISTRIBUTED TRAINING LAUNCHER
================================================================================
  Model:      wide_resnet50_2 (CIFAR stem) (from scratch)
  Dataset:    cifar10 (10 classes)
  Image size: 32
  LR:         1.6
  Momentum:   0.9 (nesterov=True)
  Optimizer:  sgd
  Weight dec: 0.0005 (on BN/bias=False)
  Backend:    mpi
  Algorithm:  ring_zfp_online_coll
  ZFP rate:   8
  Epochs:     5
  Batch/rank: 128
  LR:         1.6
  Scheduler:  cosine
  Warmup:     0
  Grad clip:  None
  Drop last:  True
  Data dir:   ./data
================================================================================


================================================================================
DISTRIBUTED TRAINING LAUNCHER
================================================================================
  Model:      wide_resnet50_2 (CIFAR stem) (from scratch)
  Dataset:    cifar10 (10 classes)
  Image size: 32
  LR:         1.6
  Momentum:   0.9 (nesterov=True)
  Optimizer:  sgd
  Weight dec: 0.0005 (on BN/bias=False)
  Backend:    mpi
  Algorithm:  ring_zfp_online_coll
  ZFP rate:   8
  Epochs:     5
  Batch/rank: 128
  LR:         1.6
  Scheduler:  cosine
  Warmup:     0
  Grad clip:  None
  Drop last:  True
  Data dir:   ./data
================================================================================


================================================================================
DISTRIBUTED TRAINING LAUNCHER
================================================================================
  Model:      wide_resnet50_2 (CIFAR stem) (from scratch)
  Dataset:    cifar10 (10 classes)
  Image size: 32
  LR:         1.6
  Momentum:   0.9 (nesterov=True)
  Optimizer:  sgd
  Weight dec: 0.0005 (on BN/bias=False)
  Backend:    mpi
  Algorithm:  ring_zfp_online_coll
  ZFP rate:   8
  Epochs:     5
  Batch/rank: 128
  LR:         1.6
  Scheduler:  cosine
  Warmup:     0
  Grad clip:  None
  Drop last:  True
  Data dir:   ./data
================================================================================


================================================================================
DISTRIBUTED TRAINING LAUNCHER
================================================================================
  Model:      wide_resnet50_2 (CIFAR stem) (from scratch)
  Dataset:    cifar10 (10 classes)
  Image size: 32
  LR:         1.6
  Momentum:   0.9 (nesterov=True)
  Optimizer:  sgd
  Weight dec: 0.0005 (on BN/bias=False)
  Backend:    mpi
  Algorithm:  ring_zfp_online_coll
  ZFP rate:   8
  Epochs:     5
  Batch/rank: 128
  LR:         1.6
  Scheduler:  cosine
  Warmup:     0
  Grad clip:  None
  Drop last:  True
  Data dir:   ./data
================================================================================


================================================================================
DISTRIBUTED TRAINING LAUNCHER
================================================================================
  Model:      wide_resnet50_2 (CIFAR stem) (from scratch)
  Dataset:    cifar10 (10 classes)
  Image size: 32
  LR:         1.6
  Momentum:   0.9 (nesterov=True)
  Optimizer:  sgd
  Weight dec: 0.0005 (on BN/bias=False)
  Backend:    mpi
  Algorithm:  ring_zfp_online_coll
  ZFP rate:   8
  Epochs:     5
  Batch/rank: 128
  LR:         1.6
  Scheduler:  cosine
  Warmup:     0
  Grad clip:  None
  Drop last:  True
  Data dir:   ./data
================================================================================


================================================================================
DISTRIBUTED TRAINING LAUNCHER
================================================================================
  Model:      wide_resnet50_2 (CIFAR stem) (from scratch)
  Dataset:    cifar10 (10 classes)
  Image size: 32
  LR:         1.6
  Momentum:   0.9 (nesterov=True)
  Optimizer:  sgd
  Weight dec: 0.0005 (on BN/bias=False)
  Backend:    mpi
  Algorithm:  ring_zfp_online_coll
  ZFP rate:   8
  Epochs:     5
  Batch/rank: 128
  LR:         1.6
  Scheduler:  cosine
  Warmup:     0
  Grad clip:  None
  Drop last:  True
  Data dir:   ./data
================================================================================


================================================================================
DISTRIBUTED TRAINING LAUNCHER
================================================================================
  Model:      wide_resnet50_2 (CIFAR stem) (from scratch)
  Dataset:    cifar10 (10 classes)
  Image size: 32
  LR:         1.6
  Momentum:   0.9 (nesterov=True)
  Optimizer:  sgd
  Weight dec: 0.0005 (on BN/bias=False)
  Backend:    mpi
  Algorithm:  ring_zfp_online_coll
  ZFP rate:   8
  Epochs:     5
  Batch/rank: 128
  LR:         1.6
  Scheduler:  cosine
  Warmup:     0
  Grad clip:  None
  Drop last:  True
  Data dir:   ./data
================================================================================


================================================================================
Distributed Training: WIDE_RESNET50_2 on CIFAR10
Backend: MPI, Algorithm: ring_zfp_online_coll
================================================================================
Ranks: 8, Epochs: 5, Batch/rank: 128, Effective batch: 1024
LR: 1.6, Device: cuda:0

[Cache] Pretrained weights cache (TORCH_HOME) = /eagle/UIC-HPC/matilderestelli/pretrained_weights_cache
[Setup] Model on cuda:0, wrapped in DDP (static_graph=True)
[Setup] Hook registered: mpi/ring_zfp_online_coll
[Optim] SGD: lr=1.6 momentum=0.9 nesterov=True wd=0.0005 wd_on_bn_bias=False
[Optim]   group 0: 66,778,816 params, wd=0.0005
[Optim]   group 1: 68,234 params, wd=0.0
[Data] Train batches: 48, Val batches: 79

[Sched] cosine: steps/epoch=48, total_steps=240, warmup_steps=0 (0 epochs)


[Epoch 1] Training... (lr at epoch start=1.600000)
[Epoch 1] Train Loss: 14.8454, Acc: 9.90%  |  Val Loss: 2.3049, Acc: 10.00%  |  Time: 8.7s
[Epoch 1] t_iter median: 96.05 ms  (fwd 23.48 | bwd+comm 69.01 | opt 3.44 | data 0.13)  |  train-only epoch: 6.3s
  -> Best model saved (10.00%)
[Epoch 1] Summarizing hook timing...

[HOOK_TIMING_SUMMARY] epoch=1
[HOOK_WORK_SUMMARY] label=mpi:ring_zfp_online_coll:rate8calls=370 work_total_ms=4166.115 work_mean_ms=11.260 work_min_ms=2.377 work_max_ms=132.666
[HOOK_TAIL_SUMMARY] label=mpi:ring_zfp_online_coll:rate8steps=49 tail_total_ms=3828.464 tail_mean_ms=78.132 tail_min_ms=54.455 tail_max_ms=136.637
[Epoch 1] Hook timing summary done

[Epoch 2] Training... (lr at epoch start=1.447214)
[Epoch 2] Train Loss: 2.4179, Acc: 10.01%  |  Val Loss: 2.3047, Acc: 10.00%  |  Time: 7.3s
[Epoch 2] t_iter median: 95.95 ms  (fwd 23.44 | bwd+comm 69.09 | opt 3.29 | data 0.13)  |  train-only epoch: 5.0s
[Epoch 2] Summarizing hook timing...

[HOOK_TIMING_SUMMARY] epoch=2
[HOOK_WORK_SUMMARY] label=mpi:ring_zfp_online_coll:rate8calls=384 work_total_ms=4141.542 work_mean_ms=10.785 work_min_ms=2.379 work_max_ms=72.987
[HOOK_TAIL_SUMMARY] label=mpi:ring_zfp_online_coll:rate8steps=48 tail_total_ms=3706.665 tail_mean_ms=77.222 tail_min_ms=56.092 tail_max_ms=91.672
[Epoch 2] Hook timing summary done

[Epoch 3] Training... (lr at epoch start=1.047214)
[Epoch 3] Train Loss: 2.3638, Acc: 10.07%  |  Val Loss: 2.3040, Acc: 10.00%  |  Time: 7.3s
[Epoch 3] t_iter median: 95.87 ms  (fwd 23.43 | bwd+comm 69.05 | opt 3.28 | data 0.09)  |  train-only epoch: 5.1s
[Epoch 3] Summarizing hook timing...

[HOOK_TIMING_SUMMARY] epoch=3
[HOOK_WORK_SUMMARY] label=mpi:ring_zfp_online_coll:rate8calls=384 work_total_ms=4170.224 work_mean_ms=10.860 work_min_ms=2.384 work_max_ms=75.817
[HOOK_TAIL_SUMMARY] label=mpi:ring_zfp_online_coll:rate8steps=48 tail_total_ms=3757.184 tail_mean_ms=78.275 tail_min_ms=75.554 tail_max_ms=97.189
[Epoch 3] Hook timing summary done

[Epoch 4] Training... (lr at epoch start=0.552786)
[Epoch 4] Train Loss: 2.3307, Acc: 10.12%  |  Val Loss: 2.3037, Acc: 10.31%  |  Time: 7.3s
[Epoch 4] t_iter median: 95.77 ms  (fwd 23.42 | bwd+comm 68.75 | opt 3.50 | data 0.13)  |  train-only epoch: 5.0s
  -> Best model saved (10.31%)
[Epoch 4] Summarizing hook timing...

[HOOK_TIMING_SUMMARY] epoch=4
[HOOK_WORK_SUMMARY] label=mpi:ring_zfp_online_coll:rate8calls=384 work_total_ms=4114.369 work_mean_ms=10.715 work_min_ms=2.363 work_max_ms=63.944
[HOOK_TAIL_SUMMARY] label=mpi:ring_zfp_online_coll:rate8steps=48 tail_total_ms=3681.288 tail_mean_ms=76.693 tail_min_ms=74.123 tail_max_ms=84.800
[Epoch 4] Hook timing summary done

[Epoch 5] Training... (lr at epoch start=0.152786)
[Epoch 5] Train Loss: 2.3162, Acc: 10.12%  |  Val Loss: 2.3357, Acc: 10.08%  |  Time: 7.3s
[Epoch 5] t_iter median: 95.84 ms  (fwd 23.44 | bwd+comm 68.99 | opt 3.31 | data 0.08)  |  train-only epoch: 5.0s
[Epoch 5] Summarizing hook timing...

[HOOK_TIMING_SUMMARY] epoch=5
[HOOK_WORK_SUMMARY] label=mpi:ring_zfp_online_coll:rate8calls=384 work_total_ms=4131.962 work_mean_ms=10.760 work_min_ms=2.382 work_max_ms=73.603
[HOOK_TAIL_SUMMARY] label=mpi:ring_zfp_online_coll:rate8steps=48 tail_total_ms=3685.596 tail_mean_ms=76.783 tail_min_ms=71.188 tail_max_ms=91.197
[Epoch 5] Hook timing summary done

================================================================================
Done in 39.7s | Best val acc: 10.31%
Epoch times (train+val): mean=7.6s  min=7.3s  max=8.7s
Train-only epoch time (epochs 2..N): median=5.02s  min=5.02s  max=5.05s
  -> use this for STRONG scaling (fixed global batch)
  -> use t_iter_median_ms from the CSV for WEAK scaling (fixed local batch)
================================================================================
=== Finished: model=wide_resnet50_2, dataset=cifar10, batch=128, lr=1.60, scheduler=cosine, backend=mpi, hook=ring_zfp_online_coll, zfp_rate=8, status=0 at Wed Jul 22 04:44:41 PM UTC 2026 ===
=== Starting: model=wide_resnet50_2, ws=8, bs=128, gb=1024, lr=1.60, sched=cosine, warmup=0, epochs=5, mom=0.9, wd=5e-4, nesterov=true, wd_bn_bias=false, backend=mpi, hook=recursive_doubling, zfp=none at Wed Jul 22 04:44:41 PM UTC 2026 ===

================================================================================
DISTRIBUTED TRAINING LAUNCHER
================================================================================
  Model:      wide_resnet50_2 (CIFAR stem) (from scratch)
  Dataset:    cifar10 (10 classes)
  Image size: 32
  LR:         1.6
  Momentum:   0.9 (nesterov=True)
  Optimizer:  sgd
  Weight dec: 0.0005 (on BN/bias=False)
  Backend:    mpi
  Algorithm:  recursive_doubling
  Epochs:     5
  Batch/rank: 128
  LR:         1.6
  Scheduler:  cosine
  Warmup:     0
  Grad clip:  None
  Drop last:  True
  Data dir:   ./data
================================================================================


================================================================================
DISTRIBUTED TRAINING LAUNCHER
================================================================================
  Model:      wide_resnet50_2 (CIFAR stem) (from scratch)
  Dataset:    cifar10 (10 classes)
  Image size: 32
  LR:         1.6
  Momentum:   0.9 (nesterov=True)
  Optimizer:  sgd
  Weight dec: 0.0005 (on BN/bias=False)
  Backend:    mpi
  Algorithm:  recursive_doubling
  Epochs:     5
  Batch/rank: 128
  LR:         1.6
  Scheduler:  cosine
  Warmup:     0
  Grad clip:  None
  Drop last:  True
  Data dir:   ./data
================================================================================


================================================================================
DISTRIBUTED TRAINING LAUNCHER
================================================================================
  Model:      wide_resnet50_2 (CIFAR stem) (from scratch)
  Dataset:    cifar10 (10 classes)
  Image size: 32
  LR:         1.6
  Momentum:   0.9 (nesterov=True)
  Optimizer:  sgd
  Weight dec: 0.0005 (on BN/bias=False)
  Backend:    mpi
  Algorithm:  recursive_doubling
  Epochs:     5
  Batch/rank: 128
  LR:         1.6
  Scheduler:  cosine
  Warmup:     0
  Grad clip:  None
  Drop last:  True
  Data dir:   ./data
================================================================================


================================================================================
DISTRIBUTED TRAINING LAUNCHER
================================================================================
  Model:      wide_resnet50_2 (CIFAR stem) (from scratch)
  Dataset:    cifar10 (10 classes)
  Image size: 32
  LR:         1.6
  Momentum:   0.9 (nesterov=True)
  Optimizer:  sgd
  Weight dec: 0.0005 (on BN/bias=False)
  Backend:    mpi
  Algorithm:  recursive_doubling
  Epochs:     5
  Batch/rank: 128
  LR:         1.6
  Scheduler:  cosine
  Warmup:     0
  Grad clip:  None
  Drop last:  True
  Data dir:   ./data
================================================================================


================================================================================
DISTRIBUTED TRAINING LAUNCHER
================================================================================
  Model:      wide_resnet50_2 (CIFAR stem) (from scratch)
  Dataset:    cifar10 (10 classes)
  Image size: 32
  LR:         1.6
  Momentum:   0.9 (nesterov=True)
  Optimizer:  sgd
  Weight dec: 0.0005 (on BN/bias=False)
  Backend:    mpi
  Algorithm:  recursive_doubling
  Epochs:     5
  Batch/rank: 128
  LR:         1.6
  Scheduler:  cosine
  Warmup:     0
  Grad clip:  None
  Drop last:  True
  Data dir:   ./data
================================================================================


================================================================================
DISTRIBUTED TRAINING LAUNCHER
================================================================================
  Model:      wide_resnet50_2 (CIFAR stem) (from scratch)
  Dataset:    cifar10 (10 classes)
  Image size: 32
  LR:         1.6
  Momentum:   0.9 (nesterov=True)
  Optimizer:  sgd
  Weight dec: 0.0005 (on BN/bias=False)
  Backend:    mpi
  Algorithm:  recursive_doubling
  Epochs:     5
  Batch/rank: 128
  LR:         1.6
  Scheduler:  cosine
  Warmup:     0
  Grad clip:  None
  Drop last:  True
  Data dir:   ./data
================================================================================


================================================================================
DISTRIBUTED TRAINING LAUNCHER
================================================================================
  Model:      wide_resnet50_2 (CIFAR stem) (from scratch)
  Dataset:    cifar10 (10 classes)
  Image size: 32
  LR:         1.6
  Momentum:   0.9 (nesterov=True)
  Optimizer:  sgd
  Weight dec: 0.0005 (on BN/bias=False)
  Backend:    mpi
  Algorithm:  recursive_doubling
  Epochs:     5
  Batch/rank: 128
  LR:         1.6
  Scheduler:  cosine
  Warmup:     0
  Grad clip:  None
  Drop last:  True
  Data dir:   ./data
================================================================================


================================================================================
DISTRIBUTED TRAINING LAUNCHER
================================================================================
  Model:      wide_resnet50_2 (CIFAR stem) (from scratch)
  Dataset:    cifar10 (10 classes)
  Image size: 32
  LR:         1.6
  Momentum:   0.9 (nesterov=True)
  Optimizer:  sgd
  Weight dec: 0.0005 (on BN/bias=False)
  Backend:    mpi
  Algorithm:  recursive_doubling
  Epochs:     5
  Batch/rank: 128
  LR:         1.6
  Scheduler:  cosine
  Warmup:     0
  Grad clip:  None
  Drop last:  True
  Data dir:   ./data
================================================================================


================================================================================
Distributed Training: WIDE_RESNET50_2 on CIFAR10
Backend: MPI, Algorithm: recursive_doubling
================================================================================
Ranks: 8, Epochs: 5, Batch/rank: 128, Effective batch: 1024
LR: 1.6, Device: cuda:0

[Cache] Pretrained weights cache (TORCH_HOME) = /eagle/UIC-HPC/matilderestelli/pretrained_weights_cache
[Setup] Model on cuda:0, wrapped in DDP (static_graph=True)
[Setup] Hook registered: mpi/recursive_doubling
[Optim] SGD: lr=1.6 momentum=0.9 nesterov=True wd=0.0005 wd_on_bn_bias=False
[Optim]   group 0: 66,778,816 params, wd=0.0005
[Optim]   group 1: 68,234 params, wd=0.0
[Data] Train batches: 48, Val batches: 79

[Sched] cosine: steps/epoch=48, total_steps=240, warmup_steps=0 (0 epochs)


[Epoch 1] Training... (lr at epoch start=1.600000)
[Epoch 1] Train Loss: 19.8838, Acc: 9.83%  |  Val Loss: 3.1716, Acc: 10.00%  |  Time: 10.3s
[Epoch 1] t_iter median: 131.82 ms  (fwd 23.48 | bwd+comm 105.04 | opt 3.25 | data 0.13)  |  train-only epoch: 8.0s
  -> Best model saved (10.00%)
[Epoch 1] Summarizing hook timing...

[HOOK_TIMING_SUMMARY] epoch=1
[HOOK_WORK_SUMMARY] label=mpi:recursive_doubling calls=370 work_total_ms=5850.973 work_mean_ms=15.813 work_min_ms=2.934 work_max_ms=153.722
[HOOK_TAIL_SUMMARY] label=mpi:recursive_doubling steps=49 tail_total_ms=5551.938 tail_mean_ms=113.305 tail_min_ms=86.503 tail_max_ms=156.164
[Epoch 1] Hook timing summary done

[Epoch 2] Training... (lr at epoch start=1.447214)
[Epoch 2] Train Loss: 2.3078, Acc: 9.80%  |  Val Loss: 2.3037, Acc: 10.00%  |  Time: 8.9s
[Epoch 2] t_iter median: 131.71 ms  (fwd 23.46 | bwd+comm 104.88 | opt 3.28 | data 0.09)  |  train-only epoch: 6.7s
[Epoch 2] Summarizing hook timing...

[HOOK_TIMING_SUMMARY] epoch=2
[HOOK_WORK_SUMMARY] label=mpi:recursive_doubling calls=384 work_total_ms=5786.401 work_mean_ms=15.069 work_min_ms=2.817 work_max_ms=72.394
[HOOK_TAIL_SUMMARY] label=mpi:recursive_doubling steps=48 tail_total_ms=5364.125 tail_mean_ms=111.753 tail_min_ms=94.405 tail_max_ms=124.768
[Epoch 2] Hook timing summary done

[Epoch 3] Training... (lr at epoch start=1.047214)
[Epoch 3] Train Loss: 2.3037, Acc: 9.77%  |  Val Loss: 2.7766, Acc: 10.00%  |  Time: 8.9s
[Epoch 3] t_iter median: 131.53 ms  (fwd 23.44 | bwd+comm 104.75 | opt 3.22 | data 0.08)  |  train-only epoch: 6.7s
[Epoch 3] Summarizing hook timing...

[HOOK_TIMING_SUMMARY] epoch=3
[HOOK_WORK_SUMMARY] label=mpi:recursive_doubling calls=384 work_total_ms=5817.404 work_mean_ms=15.149 work_min_ms=2.899 work_max_ms=72.367
[HOOK_TAIL_SUMMARY] label=mpi:recursive_doubling steps=48 tail_total_ms=5423.491 tail_mean_ms=112.989 tail_min_ms=109.276 tail_max_ms=140.206
[Epoch 3] Hook timing summary done

[Epoch 4] Training... (lr at epoch start=0.552786)
[Epoch 4] Train Loss: 2.3028, Acc: 9.80%  |  Val Loss: 4.4778, Acc: 9.96%  |  Time: 9.0s
[Epoch 4] t_iter median: 132.11 ms  (fwd 23.45 | bwd+comm 105.38 | opt 3.21 | data 0.11)  |  train-only epoch: 6.7s
[Epoch 4] Summarizing hook timing...

[HOOK_TIMING_SUMMARY] epoch=4
[HOOK_WORK_SUMMARY] label=mpi:recursive_doubling calls=384 work_total_ms=5852.399 work_mean_ms=15.241 work_min_ms=2.698 work_max_ms=84.089
[HOOK_TAIL_SUMMARY] label=mpi:recursive_doubling steps=48 tail_total_ms=5461.104 tail_mean_ms=113.773 tail_min_ms=110.588 tail_max_ms=137.491
[Epoch 4] Hook timing summary done

[Epoch 5] Training... (lr at epoch start=0.152786)
[Epoch 5] Train Loss: 2.3025, Acc: 9.94%  |  Val Loss: 12.6037, Acc: 9.98%  |  Time: 9.0s
[Epoch 5] t_iter median: 131.87 ms  (fwd 23.46 | bwd+comm 104.97 | opt 3.26 | data 0.08)  |  train-only epoch: 6.7s
[Epoch 5] Summarizing hook timing...

[HOOK_TIMING_SUMMARY] epoch=5
[HOOK_WORK_SUMMARY] label=mpi:recursive_doubling calls=384 work_total_ms=5850.248 work_mean_ms=15.235 work_min_ms=2.745 work_max_ms=72.274
[HOOK_TAIL_SUMMARY] label=mpi:recursive_doubling steps=48 tail_total_ms=5454.501 tail_mean_ms=113.635 tail_min_ms=110.907 tail_max_ms=138.783
[Epoch 5] Hook timing summary done

================================================================================
Done in 47.0s | Best val acc: 10.00%
Epoch times (train+val): mean=9.2s  min=8.9s  max=10.3s
Train-only epoch time (epochs 2..N): median=6.71s  min=6.70s  max=6.72s
  -> use this for STRONG scaling (fixed global batch)
  -> use t_iter_median_ms from the CSV for WEAK scaling (fixed local batch)
================================================================================
=== Finished: model=wide_resnet50_2, dataset=cifar10, batch=128, lr=1.60, scheduler=cosine, backend=mpi, hook=recursive_doubling, zfp_rate=none, status=0 at Wed Jul 22 04:45:37 PM UTC 2026 ===
=== Starting: model=wide_resnet50_2, ws=8, bs=128, gb=1024, lr=1.60, sched=cosine, warmup=0, epochs=5, mom=0.9, wd=5e-4, nesterov=true, wd_bn_bias=false, backend=mpi, hook=recursive_doubling_zfp_naive, zfp=16 at Wed Jul 22 04:45:37 PM UTC 2026 ===

================================================================================
DISTRIBUTED TRAINING LAUNCHER
================================================================================
  Model:      wide_resnet50_2 (CIFAR stem) (from scratch)
  Dataset:    cifar10 (10 classes)
  Image size: 32
  LR:         1.6
  Momentum:   0.9 (nesterov=True)
  Optimizer:  sgd
  Weight dec: 0.0005 (on BN/bias=False)
  Backend:    mpi
  Algorithm:  recursive_doubling_zfp_naive
  ZFP rate:   16
  Epochs:     5
  Batch/rank: 128
  LR:         1.6
  Scheduler:  cosine
  Warmup:     0
  Grad clip:  None
  Drop last:  True
  Data dir:   ./data
================================================================================


================================================================================
DISTRIBUTED TRAINING LAUNCHER
================================================================================
  Model:      wide_resnet50_2 (CIFAR stem) (from scratch)
  Dataset:    cifar10 (10 classes)
  Image size: 32
  LR:         1.6
  Momentum:   0.9 (nesterov=True)
  Optimizer:  sgd
  Weight dec: 0.0005 (on BN/bias=False)
  Backend:    mpi
  Algorithm:  recursive_doubling_zfp_naive
  ZFP rate:   16
  Epochs:     5
  Batch/rank: 128
  LR:         1.6
  Scheduler:  cosine
  Warmup:     0
  Grad clip:  None
  Drop last:  True
  Data dir:   ./data
================================================================================


================================================================================
DISTRIBUTED TRAINING LAUNCHER
================================================================================
  Model:      wide_resnet50_2 (CIFAR stem) (from scratch)
  Dataset:    cifar10 (10 classes)
  Image size: 32
  LR:         1.6
  Momentum:   0.9 (nesterov=True)
  Optimizer:  sgd
  Weight dec: 0.0005 (on BN/bias=False)
  Backend:    mpi
  Algorithm:  recursive_doubling_zfp_naive
  ZFP rate:   16
  Epochs:     5
  Batch/rank: 128
  LR:         1.6
  Scheduler:  cosine
  Warmup:     0
  Grad clip:  None
  Drop last:  True
  Data dir:   ./data
================================================================================


================================================================================
DISTRIBUTED TRAINING LAUNCHER
================================================================================
  Model:      wide_resnet50_2 (CIFAR stem) (from scratch)
  Dataset:    cifar10 (10 classes)
  Image size: 32
  LR:         1.6
  Momentum:   0.9 (nesterov=True)
  Optimizer:  sgd
  Weight dec: 0.0005 (on BN/bias=False)
  Backend:    mpi
  Algorithm:  recursive_doubling_zfp_naive
  ZFP rate:   16
  Epochs:     5
  Batch/rank: 128
  LR:         1.6
  Scheduler:  cosine
  Warmup:     0
  Grad clip:  None
  Drop last:  True
  Data dir:   ./data
================================================================================


================================================================================
DISTRIBUTED TRAINING LAUNCHER
================================================================================
  Model:      wide_resnet50_2 (CIFAR stem) (from scratch)
  Dataset:    cifar10 (10 classes)
  Image size: 32
  LR:         1.6
  Momentum:   0.9 (nesterov=True)
  Optimizer:  sgd
  Weight dec: 0.0005 (on BN/bias=False)
  Backend:    mpi
  Algorithm:  recursive_doubling_zfp_naive
  ZFP rate:   16
  Epochs:     5
  Batch/rank: 128
  LR:         1.6
  Scheduler:  cosine
  Warmup:     0
  Grad clip:  None
  Drop last:  True
  Data dir:   ./data
================================================================================


================================================================================
DISTRIBUTED TRAINING LAUNCHER
================================================================================
  Model:      wide_resnet50_2 (CIFAR stem) (from scratch)
  Dataset:    cifar10 (10 classes)
  Image size: 32
  LR:         1.6
  Momentum:   0.9 (nesterov=True)
  Optimizer:  sgd
  Weight dec: 0.0005 (on BN/bias=False)
  Backend:    mpi
  Algorithm:  recursive_doubling_zfp_naive
  ZFP rate:   16
  Epochs:     5
  Batch/rank: 128
  LR:         1.6
  Scheduler:  cosine
  Warmup:     0
  Grad clip:  None
  Drop last:  True
  Data dir:   ./data
================================================================================


================================================================================
DISTRIBUTED TRAINING LAUNCHER
================================================================================
  Model:      wide_resnet50_2 (CIFAR stem) (from scratch)
  Dataset:    cifar10 (10 classes)
  Image size: 32
  LR:         1.6
  Momentum:   0.9 (nesterov=True)
  Optimizer:  sgd
  Weight dec: 0.0005 (on BN/bias=False)
  Backend:    mpi
  Algorithm:  recursive_doubling_zfp_naive
  ZFP rate:   16
  Epochs:     5
  Batch/rank: 128
  LR:         1.6
  Scheduler:  cosine
  Warmup:     0
  Grad clip:  None
  Drop last:  True
  Data dir:   ./data
================================================================================


================================================================================
DISTRIBUTED TRAINING LAUNCHER
================================================================================
  Model:      wide_resnet50_2 (CIFAR stem) (from scratch)
  Dataset:    cifar10 (10 classes)
  Image size: 32
  LR:         1.6
  Momentum:   0.9 (nesterov=True)
  Optimizer:  sgd
  Weight dec: 0.0005 (on BN/bias=False)
  Backend:    mpi
  Algorithm:  recursive_doubling_zfp_naive
  ZFP rate:   16
  Epochs:     5
  Batch/rank: 128
  LR:         1.6
  Scheduler:  cosine
  Warmup:     0
  Grad clip:  None
  Drop last:  True
  Data dir:   ./data
================================================================================


================================================================================
Distributed Training: WIDE_RESNET50_2 on CIFAR10
Backend: MPI, Algorithm: recursive_doubling_zfp_naive
================================================================================
Ranks: 8, Epochs: 5, Batch/rank: 128, Effective batch: 1024
LR: 1.6, Device: cuda:0

[Cache] Pretrained weights cache (TORCH_HOME) = /eagle/UIC-HPC/matilderestelli/pretrained_weights_cache
[Setup] Model on cuda:0, wrapped in DDP (static_graph=True)
[Setup] Hook registered: mpi/recursive_doubling_zfp_naive
[Optim] SGD: lr=1.6 momentum=0.9 nesterov=True wd=0.0005 wd_on_bn_bias=False
[Optim]   group 0: 66,778,816 params, wd=0.0005
[Optim]   group 1: 68,234 params, wd=0.0
[Data] Train batches: 48, Val batches: 79

[Sched] cosine: steps/epoch=48, total_steps=240, warmup_steps=0 (0 epochs)


[Epoch 1] Training... (lr at epoch start=1.600000)
[Epoch 1] Train Loss: 20.9103, Acc: 9.98%  |  Val Loss: 2.3027, Acc: 10.10%  |  Time: 9.8s
[Epoch 1] t_iter median: 120.77 ms  (fwd 23.48 | bwd+comm 93.70 | opt 3.49 | data 0.13)  |  train-only epoch: 7.4s
  -> Best model saved (10.10%)
[Epoch 1] Summarizing hook timing...

[HOOK_TIMING_SUMMARY] epoch=1
[HOOK_WORK_SUMMARY] label=mpi:recursive_doubling_zfp_naive:rate16 calls=370 work_total_ms=5232.842 work_mean_ms=14.143 work_min_ms=3.372 work_max_ms=101.448
[HOOK_TAIL_SUMMARY] label=mpi:recursive_doubling_zfp_naive:rate16 steps=49 tail_total_ms=4913.301 tail_mean_ms=100.271 tail_min_ms=69.622 tail_max_ms=129.624
[Epoch 1] Hook timing summary done

[Epoch 2] Training... (lr at epoch start=1.447214)
[Epoch 2] Train Loss: 2.3112, Acc: 10.01%  |  Val Loss: 2.3038, Acc: 10.00%  |  Time: 8.4s
[Epoch 2] t_iter median: 120.73 ms  (fwd 23.44 | bwd+comm 93.89 | opt 3.29 | data 0.08)  |  train-only epoch: 6.1s
[Epoch 2] Summarizing hook timing...

[HOOK_TIMING_SUMMARY] epoch=2
[HOOK_WORK_SUMMARY] label=mpi:recursive_doubling_zfp_naive:rate16 calls=384 work_total_ms=5249.882 work_mean_ms=13.672 work_min_ms=3.338 work_max_ms=74.016
[HOOK_TAIL_SUMMARY] label=mpi:recursive_doubling_zfp_naive:rate16 steps=48 tail_total_ms=4828.609 tail_mean_ms=100.596 tail_min_ms=86.709 tail_max_ms=112.104
[Epoch 2] Hook timing summary done

[Epoch 3] Training... (lr at epoch start=1.047214)
[Epoch 3] Train Loss: 2.3020, Acc: 10.09%  |  Val Loss: 2.3027, Acc: 9.93%  |  Time: 8.4s
[Epoch 3] t_iter median: 120.74 ms  (fwd 23.44 | bwd+comm 93.89 | opt 3.30 | data 0.12)  |  train-only epoch: 6.2s
[Epoch 3] Summarizing hook timing...

[HOOK_TIMING_SUMMARY] epoch=3
[HOOK_WORK_SUMMARY] label=mpi:recursive_doubling_zfp_naive:rate16 calls=384 work_total_ms=5270.854 work_mean_ms=13.726 work_min_ms=3.400 work_max_ms=78.408
[HOOK_TAIL_SUMMARY] label=mpi:recursive_doubling_zfp_naive:rate16 steps=48 tail_total_ms=4844.262 tail_mean_ms=100.922 tail_min_ms=99.543 tail_max_ms=115.259
[Epoch 3] Hook timing summary done

[Epoch 4] Training... (lr at epoch start=0.552786)
[Epoch 4] Train Loss: 2.3001, Acc: 10.56%  |  Val Loss: 2.3036, Acc: 10.54%  |  Time: 8.4s
[Epoch 4] t_iter median: 120.68 ms  (fwd 23.45 | bwd+comm 93.65 | opt 3.48 | data 0.14)  |  train-only epoch: 6.2s
  -> Best model saved (10.54%)
[Epoch 4] Summarizing hook timing...

[HOOK_TIMING_SUMMARY] epoch=4
[HOOK_WORK_SUMMARY] label=mpi:recursive_doubling_zfp_naive:rate16 calls=384 work_total_ms=5261.140 work_mean_ms=13.701 work_min_ms=3.320 work_max_ms=88.975
[HOOK_TAIL_SUMMARY] label=mpi:recursive_doubling_zfp_naive:rate16 steps=48 tail_total_ms=4842.311 tail_mean_ms=100.881 tail_min_ms=98.806 tail_max_ms=119.897
[Epoch 4] Hook timing summary done

[Epoch 5] Training... (lr at epoch start=0.152786)
[Epoch 5] Train Loss: 2.2990, Acc: 12.11%  |  Val Loss: 2.5226, Acc: 13.31%  |  Time: 8.4s
[Epoch 5] t_iter median: 120.76 ms  (fwd 23.46 | bwd+comm 93.91 | opt 3.29 | data 0.13)  |  train-only epoch: 6.1s
  -> Best model saved (13.31%)
[Epoch 5] Summarizing hook timing...

[HOOK_TIMING_SUMMARY] epoch=5
[HOOK_WORK_SUMMARY] label=mpi:recursive_doubling_zfp_naive:rate16 calls=384 work_total_ms=5260.301 work_mean_ms=13.699 work_min_ms=3.415 work_max_ms=73.536
[HOOK_TAIL_SUMMARY] label=mpi:recursive_doubling_zfp_naive:rate16 steps=48 tail_total_ms=4836.453 tail_mean_ms=100.759 tail_min_ms=98.269 tail_max_ms=114.029
[Epoch 5] Hook timing summary done

================================================================================
Done in 46.1s | Best val acc: 13.31%
Epoch times (train+val): mean=8.7s  min=8.4s  max=9.8s
Train-only epoch time (epochs 2..N): median=6.15s  min=6.15s  max=6.16s
  -> use this for STRONG scaling (fixed global batch)
  -> use t_iter_median_ms from the CSV for WEAK scaling (fixed local batch)
================================================================================
=== Finished: model=wide_resnet50_2, dataset=cifar10, batch=128, lr=1.60, scheduler=cosine, backend=mpi, hook=recursive_doubling_zfp_naive, zfp_rate=16, status=0 at Wed Jul 22 04:46:32 PM UTC 2026 ===
=== Starting: model=wide_resnet50_2, ws=8, bs=128, gb=1024, lr=1.60, sched=cosine, warmup=0, epochs=5, mom=0.9, wd=5e-4, nesterov=true, wd_bn_bias=false, backend=mpi, hook=recursive_doubling_zfp_online_coll, zfp=16 at Wed Jul 22 04:46:32 PM UTC 2026 ===

================================================================================
DISTRIBUTED TRAINING LAUNCHER
================================================================================
  Model:      wide_resnet50_2 (CIFAR stem) (from scratch)
  Dataset:    cifar10 (10 classes)
  Image size: 32
  LR:         1.6
  Momentum:   0.9 (nesterov=True)
  Optimizer:  sgd
  Weight dec: 0.0005 (on BN/bias=False)
  Backend:    mpi
  Algorithm:  recursive_doubling_zfp_online_coll
  ZFP rate:   16
  Epochs:     5
  Batch/rank: 128
  LR:         1.6
  Scheduler:  cosine
  Warmup:     0
  Grad clip:  None
  Drop last:  True
  Data dir:   ./data
================================================================================


================================================================================
DISTRIBUTED TRAINING LAUNCHER
================================================================================
  Model:      wide_resnet50_2 (CIFAR stem) (from scratch)
  Dataset:    cifar10 (10 classes)
  Image size: 32
  LR:         1.6
  Momentum:   0.9 (nesterov=True)
  Optimizer:  sgd
  Weight dec: 0.0005 (on BN/bias=False)
  Backend:    mpi
  Algorithm:  recursive_doubling_zfp_online_coll
  ZFP rate:   16
  Epochs:     5
  Batch/rank: 128
  LR:         1.6
  Scheduler:  cosine
  Warmup:     0
  Grad clip:  None
  Drop last:  True
  Data dir:   ./data
================================================================================


================================================================================
DISTRIBUTED TRAINING LAUNCHER
================================================================================
  Model:      wide_resnet50_2 (CIFAR stem) (from scratch)
  Dataset:    cifar10 (10 classes)
  Image size: 32
  LR:         1.6
  Momentum:   0.9 (nesterov=True)
  Optimizer:  sgd
  Weight dec: 0.0005 (on BN/bias=False)
  Backend:    mpi
  Algorithm:  recursive_doubling_zfp_online_coll
  ZFP rate:   16
  Epochs:     5
  Batch/rank: 128
  LR:         1.6
  Scheduler:  cosine
  Warmup:     0
  Grad clip:  None
  Drop last:  True
  Data dir:   ./data
================================================================================


================================================================================
DISTRIBUTED TRAINING LAUNCHER
================================================================================
  Model:      wide_resnet50_2 (CIFAR stem) (from scratch)
  Dataset:    cifar10 (10 classes)
  Image size: 32
  LR:         1.6
  Momentum:   0.9 (nesterov=True)
  Optimizer:  sgd
  Weight dec: 0.0005 (on BN/bias=False)
  Backend:    mpi
  Algorithm:  recursive_doubling_zfp_online_coll
  ZFP rate:   16
  Epochs:     5
  Batch/rank: 128
  LR:         1.6
  Scheduler:  cosine
  Warmup:     0
  Grad clip:  None
  Drop last:  True
  Data dir:   ./data
================================================================================


================================================================================
DISTRIBUTED TRAINING LAUNCHER
================================================================================
  Model:      wide_resnet50_2 (CIFAR stem) (from scratch)
  Dataset:    cifar10 (10 classes)
  Image size: 32
  LR:         1.6
  Momentum:   0.9 (nesterov=True)
  Optimizer:  sgd
  Weight dec: 0.0005 (on BN/bias=False)
  Backend:    mpi
  Algorithm:  recursive_doubling_zfp_online_coll
  ZFP rate:   16
  Epochs:     5
  Batch/rank: 128
  LR:         1.6
  Scheduler:  cosine
  Warmup:     0
  Grad clip:  None
  Drop last:  True
  Data dir:   ./data
================================================================================


================================================================================
DISTRIBUTED TRAINING LAUNCHER
================================================================================
  Model:      wide_resnet50_2 (CIFAR stem) (from scratch)
  Dataset:    cifar10 (10 classes)
  Image size: 32
  LR:         1.6
  Momentum:   0.9 (nesterov=True)
  Optimizer:  sgd
  Weight dec: 0.0005 (on BN/bias=False)
  Backend:    mpi
  Algorithm:  recursive_doubling_zfp_online_coll
  ZFP rate:   16
  Epochs:     5
  Batch/rank: 128
  LR:         1.6
  Scheduler:  cosine
  Warmup:     0
  Grad clip:  None
  Drop last:  True
  Data dir:   ./data
================================================================================


================================================================================
DISTRIBUTED TRAINING LAUNCHER
================================================================================
  Model:      wide_resnet50_2 (CIFAR stem) (from scratch)
  Dataset:    cifar10 (10 classes)
  Image size: 32
  LR:         1.6
  Momentum:   0.9 (nesterov=True)
  Optimizer:  sgd
  Weight dec: 0.0005 (on BN/bias=False)
  Backend:    mpi
  Algorithm:  recursive_doubling_zfp_online_coll
  ZFP rate:   16
  Epochs:     5
  Batch/rank: 128
  LR:         1.6
  Scheduler:  cosine
  Warmup:     0
  Grad clip:  None
  Drop last:  True
  Data dir:   ./data
================================================================================


================================================================================
DISTRIBUTED TRAINING LAUNCHER
================================================================================
  Model:      wide_resnet50_2 (CIFAR stem) (from scratch)
  Dataset:    cifar10 (10 classes)
  Image size: 32
  LR:         1.6
  Momentum:   0.9 (nesterov=True)
  Optimizer:  sgd
  Weight dec: 0.0005 (on BN/bias=False)
  Backend:    mpi
  Algorithm:  recursive_doubling_zfp_online_coll
  ZFP rate:   16
  Epochs:     5
  Batch/rank: 128
  LR:         1.6
  Scheduler:  cosine
  Warmup:     0
  Grad clip:  None
  Drop last:  True
  Data dir:   ./data
================================================================================


================================================================================
Distributed Training: WIDE_RESNET50_2 on CIFAR10
Backend: MPI, Algorithm: recursive_doubling_zfp_online_coll
================================================================================
Ranks: 8, Epochs: 5, Batch/rank: 128, Effective batch: 1024
LR: 1.6, Device: cuda:0

[Cache] Pretrained weights cache (TORCH_HOME) = /eagle/UIC-HPC/matilderestelli/pretrained_weights_cache
[Setup] Model on cuda:0, wrapped in DDP (static_graph=True)
[Setup] Hook registered: mpi/recursive_doubling_zfp_online_coll
[Optim] SGD: lr=1.6 momentum=0.9 nesterov=True wd=0.0005 wd_on_bn_bias=False
[Optim]   group 0: 66,778,816 params, wd=0.0005
[Optim]   group 1: 68,234 params, wd=0.0
[Data] Train batches: 48, Val batches: 79

[Sched] cosine: steps/epoch=48, total_steps=240, warmup_steps=0 (0 epochs)


[Epoch 1] Training... (lr at epoch start=1.600000)
[Epoch 1] Train Loss: 9.3728, Acc: 10.82%  |  Val Loss: 2.3675, Acc: 10.00%  |  Time: 9.6s
[Epoch 1] t_iter median: 116.93 ms  (fwd 23.54 | bwd+comm 89.73 | opt 3.48 | data 0.13)  |  train-only epoch: 7.2s
  -> Best model saved (10.00%)
[Epoch 1] Summarizing hook timing...

[HOOK_TIMING_SUMMARY] epoch=1
[HOOK_WORK_SUMMARY] label=mpi:recursive_doubling_zfp_online_coll:rate16 calls=370 work_total_ms=5034.808 work_mean_ms=13.608 work_min_ms=2.748 work_max_ms=104.018
[HOOK_TAIL_SUMMARY] label=mpi:recursive_doubling_zfp_online_coll:rate16 steps=49 tail_total_ms=4705.880 tail_mean_ms=96.038 tail_min_ms=63.414 tail_max_ms=120.524
[Epoch 1] Hook timing summary done

[Epoch 2] Training... (lr at epoch start=1.447214)
[Epoch 2] Train Loss: 2.3814, Acc: 10.53%  |  Val Loss: 2.3610, Acc: 10.00%  |  Time: 8.2s
[Epoch 2] t_iter median: 116.63 ms  (fwd 23.50 | bwd+comm 89.53 | opt 3.49 | data 0.14)  |  train-only epoch: 5.9s
[Epoch 2] Summarizing hook timing...

[HOOK_TIMING_SUMMARY] epoch=2
[HOOK_WORK_SUMMARY] label=mpi:recursive_doubling_zfp_online_coll:rate16 calls=384 work_total_ms=5027.435 work_mean_ms=13.092 work_min_ms=2.731 work_max_ms=62.044
[HOOK_TAIL_SUMMARY] label=mpi:recursive_doubling_zfp_online_coll:rate16 steps=48 tail_total_ms=4607.373 tail_mean_ms=95.987 tail_min_ms=78.943 tail_max_ms=106.729
[Epoch 2] Hook timing summary done

[Epoch 3] Training... (lr at epoch start=1.047214)
[Epoch 3] Train Loss: 2.3489, Acc: 10.06%  |  Val Loss: 2.3668, Acc: 10.00%  |  Time: 8.2s
[Epoch 3] t_iter median: 116.60 ms  (fwd 23.50 | bwd+comm 89.80 | opt 3.23 | data 0.08)  |  train-only epoch: 6.0s
[Epoch 3] Summarizing hook timing...

[HOOK_TIMING_SUMMARY] epoch=3
[HOOK_WORK_SUMMARY] label=mpi:recursive_doubling_zfp_online_coll:rate16 calls=384 work_total_ms=5074.958 work_mean_ms=13.216 work_min_ms=2.733 work_max_ms=62.229
[HOOK_TAIL_SUMMARY] label=mpi:recursive_doubling_zfp_online_coll:rate16 steps=48 tail_total_ms=4668.971 tail_mean_ms=97.270 tail_min_ms=94.761 tail_max_ms=115.735
[Epoch 3] Hook timing summary done

[Epoch 4] Training... (lr at epoch start=0.552786)
[Epoch 4] Train Loss: 2.3609, Acc: 10.16%  |  Val Loss: 2.4032, Acc: 10.01%  |  Time: 8.2s
[Epoch 4] t_iter median: 116.65 ms  (fwd 23.52 | bwd+comm 89.72 | opt 3.30 | data 0.13)  |  train-only epoch: 6.0s

================================================================================
Done in 34.1s | Best val acc: 14.42%
Epoch times (train+val): mean=8.2s  min=8.1s  max=8.6s
Train-only epoch time (epochs 2..N): median=6.00s  min=5.85s  max=6.90s
  -> use this for STRONG scaling (fixed global batch)
  -> use t_iter_median_ms from the CSV for WEAK scaling (fixed local batch)
================================================================================
